# Time [s], Iter[-]
0.059736665311210795,15800
# x [m], y [m], z [m], rho [kg/m3], u [m/s], v [m/s], w [m/s], E [J/kg], s [J/(kg·K)], P [Pa], T [K], sos [m/s]
-0.03125,-0.03125,-0.01,0.5115617642435287,19.988057356869383,0.0025313735500285,0.0,500396.64339758374,9256.140412216557,102352.21669517606,674.1197872990956,529.2544322143369
-0.03125,-0.03125,0.01,0.5117634470939472,20.000042503558944,0.007582160565415684,0.0,500199.3008282536,9255.730237842914,102352.13325845855,673.8535039749822,529.1498917808493
-0.03125,-0.03125,0.03,0.5115617642435287,19.988057356869383,0.0025313735500285,0.0,500396.64339758374,9256.140412216557,102352.21669517606,674.1197872990956,529.2544322143369
-0.03125,0.03125,-0.01,0.5117634470939472,20.000042503558944,8.96652755677375e-06,0.0,500199.30082825356,9255.730237885571,102352.13326434266,673.8535040137214,529.1498917960596
-0.03125,0.03125,0.01,0.5123684956452025,20.035941316912396,0.007582160565415683,0.0,499608.20551281265,9254.500681555384,102351.88278783529,673.0559110671705,528.8366403405032
-0.03125,0.03125,0.03,0.5117634470939472,20.000042503558944,8.96652755677375e-06,0.0,500199.30082825356,9255.730237885571,102352.13326434266,673.8535040137214,529.1498917960596
-0.03125,0.09375,-0.01,0.5117668763266212,20.000044377886386,2.518689104393851e-05,0.0,500199.30223231897,9255.728236850855,102352.8243070083,673.8535058554714,529.1498925191854
-0.03125,0.09375,0.01,0.5123714140214243,20.037557802424015,0.021316118333103082,0.0,499608.6784327327,9254.49962713111,102352.56226581513,673.0565045070099,528.8368734806157
-0.03125,0.09375,0.03,0.5117668763266212,20.000044377886386,2.518689104393851e-05,0.0,500199.30223231897,9255.728236850855,102352.8243070083,673.8535058554714,529.1498925191854
-0.03125,0.15625,-0.01,0.5117714013523071,20.000046243683926,3.7580059307742415e-05,0.0,500199.3036978184,9255.725614020983,102353.72982902647,673.8535077802464,529.1498932749093
-0.03125,0.15625,0.01,0.512375443395348,20.03916931656754,0.03183105485261158,0.0,499609.1406583219,9254.49793079187,102353.45545666495,673.0570835556128,528.8371009668556
-0.03125,0.15625,0.03,0.5117714013523071,20.000046243683926,3.7580059307742415e-05,0.0,500199.3036978184,9255.725614020983,102353.72982902647,673.8535077802464,529.1498932749093
-0.03125,0.21875,-0.01,0.5117763521552832,20.00004771065449,4.6574268705275293e-05,0.0,500199.30505557626,9255.722744232115,102354.72045404668,673.8535095705671,529.1498939778426
-0.03125,0.21875,0.01,0.51237993963571,20.04044269107671,0.03947941568949297,0.0,499609.5671398069,9254.495921089587,102354.43594503474,673.0576235699023,528.8373131179058
-0.03125,0.21875,0.03,0.5117763521552832,20.00004771065449,4.6574268705275293e-05,0.0,500199.30505557626,9255.722744232115,102354.72045404668,673.8535095705671,529.1498939778426
-0.03125,0.28125,-0.01,0.511781730874376,20.000048968444332,5.2783189974029556e-05,0.0,500199.3062509545,9255.719626188531,102355.79658952105,673.8535111476858,529.1498945970663
-0.03125,0.28125,0.01,0.5123849104419885,20.0415373808029,0.04477323083905445,0.0,499609.94870282756,9254.493575284972,102355.50273369544,673.0581079382928,528.8375034077287
-0.03125,0.28125,0.03,0.511781730874376,20.000048968444332,5.2783189974029556e-05,0.0,500199.3062509545,9255.719626188531,102355.79658952105,673.8535111476858,529.1498945970663
-0.03125,0.34375,-0.01,0.5117875995192791,20.000050247164808,5.641676141443084e-05,0.0,500199.3072532528,9255.716223905443,102356.97062287369,673.8535124640249,529.1498951139002
-0.03125,0.34375,0.01,0.5123904192705452,20.042647979678883,0.04788451057136569,0.0,499610.2786595314,9254.490840964398,102356.66632726541,673.0585224313335,528.8376662461437
-0.03125,0.34375,0.03,0.5117875995192791,20.000050247164808,5.641676141443084e-05,0.0,500199.3072532528,9255.716223905443,102356.97062287369,673.8535124640249,529.1498951139002
-0.03125,0.40625,-0.01,0.511794000688137,20.000051776824723,5.724137181363052e-05,0.0,500199.3080368248,9255.712512657878,102358.25106277013,673.853513478821,529.1498955123394
-0.03125,0.40625,0.01,0.5123965076512751,20.043969662264406,0.048610238262126744,0.0,499610.5523235948,9254.487681366109,102357.9332608067,673.0588555016255,528.837797096648
-0.03125,0.40625,0.03,0.511794000688137,20.000051776824723,5.724137181363052e-05,0.0,500199.3080368248,9255.712512657878,102358.25106277013,673.853513478821,529.1498955123394
-0.03125,0.46875,-0.01,0.511800929870408,20.000053796610153,5.457075270211778e-05,0.0,500199.3085798788,9255.708495043433,102359.6369983091,673.8535141562581,529.1498957783215
-0.03125,0.46875,0.01,0.5124031675716306,20.045705938062337,0.04636365444033727,0.0,499610.7666593839,9254.484090628997,102359.30047823825,673.0590976028462,528.8378922088835
-0.03125,0.46875,0.03,0.511800929870408,20.000053796610153,5.457075270211778e-05,0.0,500199.3085798788,9255.708495043433,102359.6369983091,673.8535141562581,529.1498957783215
-0.03125,0.53125,-0.01,0.5118083093997644,20.000056568770262,4.723454617440973e-05,0.0,500199.3088803547,9255.704216109905,102361.11289234579,673.8535144864911,529.1498959079806
-0.03125,0.53125,0.01,0.5124103150712019,20.04808039966979,0.040146813302362624,0.0,499610.92020973825,9254.480108607366,102360.74999080531,673.0592407547156,528.8379484477257
-0.03125,0.53125,0.03,0.5118083093997644,20.000056568770262,4.723454617440973e-05,0.0,500199.3088803547,9255.704216109905,102361.11289234579,673.8535144864911,529.1498959079806
-0.03125,0.59375,-0.01,0.5118159535023037,20.000060389570365,3.352319179618628e-05,0.0,500199.308996587,9255.699783681175,102362.64159919671,673.8535145401524,529.1498959290496
-0.03125,0.59375,0.01,0.5124177555281292,20.051346009526966,0.028502970213877245,0.0,499611.01244200347,9254.475839665554,102362.24176154242,673.0592773549822,528.8379628265563
-0.03125,0.59375,0.03,0.5118159535023037,20.000060389570365,3.352319179618628e-05,0.0,500199.308996587,9255.699783681175,102362.64159919671,673.8535145401524,529.1498959290496
-0.03125,0.65625,-0.01,0.511823522851041,20.000065597364088,1.1114568492098088e-05,0.0,500199.30913486064,9255.695394832488,102364.15529435416,673.8535145861334,529.1498959471032
-0.03125,0.65625,0.01,0.5124251383084025,20.055792038907754,0.00945319139451016,0.0,499611.0434695396,9254.471478185662,102363.70454352634,673.0591994982535,528.8379322396553
-0.03125,0.65625,0.03,0.511823522851041,20.000065597364088,1.1114568492098088e-05,0.0,500199.30913486064,9255.695394832488,102364.15529435416,673.8535145861334,529.1498959471032
-0.03125,0.71875,-0.01,0.511830514477859,20.000072622964566,-2.3055563977490162e-05,0.0,500199.3098264759,9255.691341997914,102365.553491881,673.8535153288593,529.1498962387195
-0.03125,0.71875,0.01,0.5124319432140237,20.06178749199711,-0.019615633748282443,0.0,499611.01594088174,9254.467317676994,102365.03334536545,673.0590001210351,528.8378539120404
-0.03125,0.71875,0.03,0.511830514477859,20.000072622964566,-2.3055563977490162e-05,0.0,500199.3098264759,9255.691341997914,102365.553491881,673.8535153288593,529.1498962387195
-0.03125,0.78125,-0.01,0.5118366274911174,20.000082403750977,-7.337307159203391e-05,0.0,500199.31231558236,9255.687801432492,102366.77627447523,673.8535184198128,529.1498974523199
-0.03125,0.78125,0.01,0.5124378291555785,20.070136285371177,-0.06245000532812732,0.0,499610.94263136457,9254.463548986683,102366.15911923608,673.0586731753452,528.8377254676707
-0.03125,0.78125,0.03,0.5118366274911174,20.000082403750977,-7.337307159203391e-05,0.0,500199.31231558236,9255.687801432492,102366.77627447523,673.8535184198128,529.1498974523199
-0.03125,0.84375,-0.01,0.5118442854648155,20.000098855607547,-0.00014891678375928487,0.0,500199.31997972424,9255.683372441195,102368.30910795598,673.8535283053853,529.1499013336899
-0.03125,0.84375,0.01,0.5124450363244262,20.08420334100877,-0.12684450620376944,0.0,499610.91112261557,9254.458899973693,102367.53297748914,673.0582418678296,528.8375560235113
-0.03125,0.84375,0.03,0.5118442854648155,20.000098855607547,-0.00014891678375928487,0.0,500199.31997972424,9255.683372441195,102368.30910795598,673.8535283053853,529.1499013336899
-0.03125,0.90625,-0.01,0.51187055040762,20.000140281624713,-0.000280166129618084,0.0,500199.34658865567,9255.668180294451,102373.56758991908,673.8535630498301,529.1499149753927
-0.03125,0.90625,0.01,0.5124697312813088,20.119808426096128,-0.23927768945966077,0.0,499611.4070498793,9254.444239629915,102372.41704681728,673.057917894099,528.8374287466386
-0.03125,0.90625,0.03,0.51187055040762,20.000140281624713,-0.000280166129618084,0.0,500199.34658865567,9255.668180294451,102373.56758991908,673.8535630498301,529.1499149753927
-0.03125,0.96875,-0.01,0.5119992084443191,20.00028811909914,-0.0005931137897142675,0.0,500199.4813820865,9255.593790757874,102399.32407327463,673.8537407270713,529.1499847367594
-0.03125,0.96875,0.01,0.5125928133085866,20.248446290290826,-0.5114444728425176,0.0,499613.56338172144,9254.372168802396,102396.88962445504,673.0571870692877,528.8371416334431
-0.03125,0.96875,0.03,0.5119992084443191,20.00028811909914,-0.0005931137897142675,0.0,500199.4813820865,9255.593790757874,102399.32407327463,673.8537407270713,529.1499847367594
-0.03125,1.0312499999999998,-0.01,0.5110695501716911,6.79788298893719,-0.17025736815443138,0.0,500393.00171698874,9256.68269352639,102289.10702937802,674.3529401841472,529.3459489835706
-0.03125,1.0312499999999998,0.01,0.5109015234675109,0.31465947022175467,-0.5114444728425175,0.0,500195.9284322916,9256.52198828665,102219.90265811895,674.1182589478112,529.253832256314
-0.03125,1.0312499999999998,0.03,0.5110695501716911,6.79788298893719,-0.17025736815443138,0.0,500393.00171698874,9256.68269352639,102289.10702937802,674.3529401841472,529.3459489835706
0.03125,-0.03125,-0.01,0.511158398542692,19.964058683087607,8.484312299512158e-19,0.0,500791.7958364551,9256.961245014929,102352.38347052643,674.652983850275,529.4636983301747
0.03125,-0.03125,0.01,0.511158398542692,19.964058683087604,0.007582160565415683,0.0,500791.795836455,9256.961244972323,102352.38346464926,674.6529838115356,529.4636983149735
0.03125,-0.03125,0.03,0.511158398542692,19.964058683087607,8.484312299512158e-19,0.0,500791.7958364551,9256.961245014929,102352.38347052643,674.652983850275,529.4636983301747
0.03125,0.03125,-0.01,0.511158398542692,19.964058683087604,-0.007582160565415683,0.0,500791.7958364551,9256.961244972323,102352.38346464925,674.6529838115356,529.4636983149735
0.03125,0.03125,0.01,0.511158398542692,19.964093270525947,-0.00756282059528124,0.0,500791.6713764453,9256.959772997954,102352.80152039409,674.6528151452693,529.4636321308219
0.03125,0.03125,0.03,0.511158398542692,19.964058683087604,-0.007582160565415683,0.0,500791.7958364551,9256.961244972323,102352.38346464925,674.6529838115356,529.4636983149735
0.03125,0.09375,-0.01,0.511162338631818,19.962442197575985,-0.021316118333103082,0.0,500791.323432233,9256.958294122443,102353.08596643253,674.6523903716962,529.4634654508725
0.03125,0.09375,0.01,0.511162338631818,19.962477527984984,-0.0213125010043718,0.0,500791.1924816507,9256.956822902957,102353.49910918773,674.652212938021,529.4633958263843
0.03125,0.09375,0.03,0.511162338631818,19.962442197575985,-0.021316118333103082,0.0,500791.323432233,9256.958294122443,102353.08596643253,674.6523903716962,529.4634654508725
0.03125,0.15625,-0.01,0.5111673593092662,19.960830683432462,-0.03183105485261158,0.0,500790.86188912974,9256.95474138615,102354.0036799057,674.6518113230933,529.4632382337528
0.03125,0.15625,0.01,0.5111673593092662,19.96086651559979,-0.03182631686504341,0.0,500790.73097329534,9256.953270907801,102354.41658848776,674.6516339229261,529.4631686223833
0.03125,0.15625,0.03,0.5111673593092662,19.960830683432462,-0.03183105485261158,0.0,500790.86188912974,9256.95474138615,102354.0036799057,674.6518113230933,529.4632382337528
0.03125,0.21875,-0.01,0.5111727646748562,19.95955730892329,-0.039479415689492973,0.0,500790.4360544288,9256.951008344384,102355.00430916843,674.6512713088039,529.4630263335054
0.03125,0.21875,0.01,0.5111727646748562,19.959593498346585,-0.039474449600383335,0.0,500790.30518112675,9256.949538527637,102355.41701894985,674.6510939564703,529.4629567408776
0.03125,0.21875,0.03,0.5111727646748562,19.95955730892329,-0.039479415689492973,0.0,500790.4360544288,9256.951008344384,102355.00430916843,674.6512713088039,529.4630263335054
0.03125,0.28125,-0.01,0.5111785513067633,19.958462619197103,-0.04477323083905445,0.0,500790.05502716894,9256.947115282874,102356.0896817732,674.6507869404134,529.4628362684963
0.03125,0.28125,0.01,0.5111785513067633,19.95849904397011,-0.04476863690482144,0.0,500789.9242021452,9256.945646022634,102356.5022351671,674.6506096468808,529.4627666989171
0.03125,0.28125,0.03,0.5111785513067633,19.958462619197103,-0.04477323083905445,0.0,500790.05502716894,9256.947115282874,102356.0896817732,674.6507869404134,529.4628362684963
0.03125,0.34375,-0.01,0.511184779768013,19.957352020321114,-0.047884510571365696,0.0,500789.72545224533,9256.943042715431,102357.274076744,674.6503724473727,529.4626736223549
0.03125,0.34375,0.01,0.511184779768013,19.95738857502988,-0.04788066011790795,0.0,500789.5946819364,9256.941573887336,102357.68652313373,674.6501952241106,529.4626040803282
0.03125,0.34375,0.03,0.511184779768013,19.957352020321114,-0.047884510571365696,0.0,500789.72545224533,9256.943042715431,102357.274076744,674.6503724473727,529.4626736223549
0.03125,0.40625,-0.01,0.511191493724999,19.956030337735594,-0.04861023826212675,0.0,500789.45197269187,9256.938778012252,102358.56798521284,674.6500393770806,529.4625429262816
0.03125,0.40625,0.01,0.511191493724999,19.956066924321217,-0.04860729862440465,0.0,500789.32126343396,9256.937309478199,102358.98037860489,674.6498622352494,529.4624734161911
0.03125,0.40625,0.03,0.511191493724999,19.956030337735594,-0.04861023826212675,0.0,500789.45197269187,9256.938778012252,102358.56798521284,674.6500393770806,529.4625429262816
0.03125,0.46875,-0.01,0.5111986921691853,19.954294061937667,-0.046363654440337264,0.0,500789.23757923767,9256.934332279097,102359.97265065249,674.64979727586,529.4624479262579
0.03125,0.46875,0.01,0.5111986921691853,19.954330580974244,-0.046361593947139776,0.0,500789.10693764203,9256.932863891825,102360.3850484486,674.6496202270563,529.4623784526588
0.03125,0.46875,0.03,0.5111986921691853,19.954294061937667,-0.046363654440337264,0.0,500789.23757923767,9256.934332279097,102359.97265065249,674.64979727586,529.4624479262579
0.03125,0.53125,-0.01,0.5112063037283269,19.951919600330207,-0.040146813302362624,0.0,500789.08371375344,9256.929755749861,102361.47499066038,674.6496541239906,529.4623917537491
0.03125,0.53125,0.01,0.5112063037283269,19.951955941059307,-0.040145388189344294,0.0,500788.9531472544,9256.928287356579,102361.88745288862,674.649477181255,529.4623223217635
0.03125,0.53125,0.03,0.5112063037283269,19.951919600330207,-0.040146813302362624,0.0,500789.08371375344,9256.929755749861,102361.47499066038,674.6496541239906,529.4623917537491
0.03125,0.59375,-0.01,0.5112141514764782,19.948653990473034,-0.028502970213877248,0.0,500788.99100682884,9256.925159520968,102363.04073078789,674.649617523724,529.4623773918764
0.03125,0.59375,0.01,0.5112141514764782,19.948690018668003,-0.028501690037904797,0.0,500788.86052504583,9256.923690967786,102363.45331963115,674.6494407036955,529.462308008039
0.03125,0.59375,0.03,0.5112141514764782,19.948653990473034,-0.028502970213877248,0.0,500788.99100682884,9256.925159520968,102363.04073078789,674.649617523724,529.4623773918764
0.03125,0.65625,-0.01,0.5112219073936795,19.944207961092243,-0.009453191394510159,0.0,500788.9597325751,9256.920742733219,102364.60538961847,674.6496953804526,529.4624079427034
0.03125,0.65625,0.01,0.5112219073936795,19.944243507797015,-0.009451261488609366,0.0,500788.8293466941,9256.91927386813,102365.0181679677,674.6495187028055,529.4623386147401
0.03125,0.65625,0.03,0.5112219073936795,19.944207961092243,-0.009453191394510159,0.0,500788.9597325751,9256.920742733219,102364.60538961847,674.6496953804526,529.4624079427034
0.03125,0.71875,-0.01,0.5112290857416943,19.93821250800289,0.019615633748282443,0.0,500788.98826158576,9256.916795152965,102366.07277802078,674.6498947576711,529.4624861779232
0.03125,0.71875,0.01,0.5112290857416943,19.938247349908433,0.019619400027036504,0.0,500788.8579874374,9256.915325833028,102366.48580930565,674.6497182497086,529.462416916554
0.03125,0.71875,0.03,0.5112290857416943,19.93821250800289,0.019615633748282443,0.0,500788.98826158576,9256.916795152965,102366.07277802078,674.6498947576711,529.4624861779232
0.03125,0.78125,-0.01,0.5112354258266563,19.92986371462882,0.06245000532812733,0.0,500789.06618773733,9256.913474735897,102367.39162414834,674.6502217033609,529.4626144707297
0.03125,0.78125,0.01,0.5112354258266563,19.929897581557885,0.06245728578791667,0.0,500788.93604532134,9256.912004854204,102367.80496268018,674.6500453990017,529.4625452892708
0.03125,0.78125,0.03,0.5112354258266563,19.92986371462882,0.06245000532812733,0.0,500789.06618773733,9256.913474735897,102367.39162414834,674.6502217033609,529.4626144707297
0.03125,0.84375,-0.01,0.511243534605205,19.91579665899123,0.12684450620376944,0.0,500789.1120571161,9256.90924224732,102369.08049268305,674.6506530108766,529.4627837148513
0.03125,0.84375,0.01,0.511243534605205,19.91582944377965,0.12685735435985374,0.0,500788.98206640244,9256.907771924425,102369.49411377459,674.6504769390717,529.4627146246685
0.03125,0.84375,0.03,0.511243534605205,19.91579665899123,0.12684450620376944,0.0,500789.1120571161,9256.90924224732,102369.08049268305,674.6506530108766,529.4627837148513
0.03125,0.90625,-0.01,0.511271369533931,19.880191573903872,0.23927768945966077,0.0,500788.6645579926,9256.89343876137,102374.70347151523,674.6509769846073,529.4629108413959
0.03125,0.90625,0.01,0.511271369533931,19.88022473438011,0.23929683145155545,0.0,500788.53472546063,9256.891969465254,102375.11686780544,674.6508011135161,529.4628418299893
0.03125,0.90625,0.03,0.511271369533931,19.880191573903872,0.23927768945966077,0.0,500788.6645579926,9256.89343876137,102374.70347151523,674.6509769846073,529.4629108413959
0.03125,0.96875,-0.01,0.5114056035800516,19.751553709709174,0.5114444728425176,0.0,500786.75991928676,9256.816329574562,102401.69231050447,674.6517078094184,529.4631976152541
0.03125,0.96875,0.01,0.5114056035800516,19.7515954941642,0.5114429122628416,0.0,500786.63650732185,9256.814868059275,102402.1076132011,674.6515403748152,529.4631319143414
0.03125,0.96875,0.03,0.5114056035800516,19.751553709709174,0.5114444728425176,0.0,500786.75991928676,9256.816329574562,102401.69231050447,674.6517078094184,529.4631976152541
0.03125,1.03125,-0.01,0.5103079186032434,0.04248526832836219,0.0011001086792018513,0.0,500784.4660620463,9257.739923106705,102221.27549231879,674.9116781117817,529.5651994693453
0.03125,1.03125,0.01,0.5092102336264352,-19.751553709709174,-0.5114444728425176,0.0,500782.1623154352,9258.086340602833,101961.17266804793,674.6455115778125,529.4607662242903
0.03125,1.03125,0.03,0.5103079186032434,0.04248526832836219,0.0011001086792018513,0.0,500784.4660620463,9257.739923106705,102221.27549231879,674.9116781117817,529.5651994693453
0.09375,-0.03125,-0.01,0.5093726339235444,19.89656136490799,8.514062173167033e-19,0.0,502554.0392960482,9260.60961499495,102354.07106061364,677.0297880309627,530.3955293199837
0.09375,-0.03125,0.01,0.5093726339235444,19.896561364907992,0.013331205605763783,0.0,502554.0392960482,9260.609614863699,102354.0710425085,677.0297879112046,530.3955292730735
0.09375,-0.03125,0.03,0.5093726339235444,19.89656136490799,8.514062173167033e-19,0.0,502554.0392960482,9260.60961499495,102354.07106061364,677.0297880309627,530.3955293199837
0.09375,0.03125,-0.01,0.5093726339235444,19.896561364907992,-0.013331205605763785,0.0,502554.0392960483,9260.609614863699,102354.07104250848,677.0297879112046,530.3955292730735
0.09375,0.03125,0.01,0.5093726339235444,19.896608351233173,-0.013310699570577357,0.0,502553.5667921809,9260.607438385694,102354.4840030685,677.0291498539787,530.3952793411016
0.09375,0.03125,0.03,0.5093726339235444,19.896561364907992,-0.013331205605763785,0.0,502554.0392960483,9260.609614863699,102354.07104250848,677.0297879112046,530.3955292730735
0.09375,0.09375,-0.01,0.5093770440944863,19.891253845165345,-0.038088984272426636,0.0,502552.5198091208,9260.604945430568,102354.67260625293,677.02788152826,530.3947825277154
0.09375,0.09375,0.01,0.5093770440944863,19.89130291245612,-0.03808232525296971,0.0,502552.0406508021,9260.602769468263,102355.0806156148,677.0272344472946,530.3945290607172
0.09375,0.09375,0.03,0.5093770440944863,19.891253845165345,-0.038088984272426636,0.0,502552.5198091208,9260.604945430568,102354.67260625293,677.02788152826,530.3947825277154
0.09375,0.15625,-0.01,0.5093823008218598,19.885647381493666,-0.058325680235471966,0.0,502550.8232146474,9260.599539212628,102355.40593712927,677.0257439727955,530.393945228993
0.09375,0.15625,0.01,0.5093823008218598,19.88569814766027,-0.05831620193429063,0.0,502550.3440965095,9260.597363848337,102355.81374707093,677.025096901226,530.393691765275
0.09375,0.15625,0.03,0.5093823008218598,19.885647381493666,-0.058325680235471966,0.0,502550.8232146474,9260.599539212628,102355.40593712927,677.0257439727955,530.393945228993
0.09375,0.21875,-0.01,0.5093878233928909,19.88084581159149,-0.07385327314150184,0.0,502548.9877820892,9260.593749359414,102356.16109152147,677.0233976278221,530.3930261441158
0.09375,0.21875,0.01,0.5093878233928909,19.88089782933653,-0.07384220724417098,0.0,502548.50877313357,9260.591574642993,102356.56874033673,677.022750670549,530.3927727247294
0.09375,0.21875,0.03,0.5093878233928909,19.88084581159149,-0.07385327314150184,0.0,502548.9877820892,9260.593749359414,102356.16109152147,677.0233976278221,530.3930261441158
0.09375,0.28125,-0.01,0.5093936126487827,19.87643536574443,-0.08482305764445588,0.0,502547.1129002299,9260.587734674791,102356.96020193226,677.020987818504,530.3920821980139
0.09375,0.28125,0.01,0.5093936126487827,19.87648824744964,-0.08481133007556249,0.0,502546.6340506846,9260.58556060855,102357.36773021109,677.0203410534745,530.3918288534804
0.09375,0.28125,0.03,0.5093936126487827,19.87643536574443,-0.08482305764445588,0.0,502547.1129002299,9260.587734674791,102356.96020193226,677.020987818504,530.3920821980139
0.09375,0.34375,-0.01,0.5093997190518238,19.87187585381155,-0.09114457364927703,0.0,502545.28443405416,9260.581608703429,102357.83311794754,677.0186449533865,530.3911644730058
0.09375,0.34375,0.01,0.5093997190518238,19.871929248810275,-0.09113283903620295,0.0,502544.8057812715,9260.57943525331,102358.24056930693,677.0179984402147,530.3909112266895
0.09375,0.34375,0.03,0.5093997190518238,19.87187585381155,-0.09114457364927703,0.0,502545.28443405416,9260.581608703429,102357.83311794754,677.0186449533865,530.3911644730058
0.09375,0.40625,-0.01,0.5094061817157047,19.866619903047166,-0.09242174270877655,0.0,502543.574405883,9260.575471301849,102358.80461060422,677.016480918878,530.3903167964252
0.09375,0.40625,0.01,0.5094061817157047,19.866673476973357,-0.09241039233857481,0.0,502543.0959797813,9260.57329841007,102359.21203149241,677.0158347067662,530.3900636676327
0.09375,0.40625,0.03,0.5094061817157047,19.866619903047166,-0.09242174270877655,0.0,502543.574405883,9260.575471301849,102358.80461060422,677.016480918878,530.3903167964252
0.09375,0.46875,-0.01,0.5094130135837899,19.860104479534982,-0.08794703088430252,0.0,502542.0490968003,9260.569429472507,102359.89307606107,677.0146002082089,530.3895800998687
0.09375,0.46875,0.01,0.5094130135837899,19.860157893976442,-0.08793619310719049,0.0,502541.5709263265,9260.567257069608,102360.30051647482,677.013954345219,530.38932710748
0.09375,0.46875,0.03,0.5094130135837899,19.860104479534982,-0.08794703088430252,0.0,502542.0490968003,9260.569429472507,102359.89307606107,677.0146002082089,530.3895800998687
0.09375,0.53125,-0.01,0.5094201900605075,19.85173165434084,-0.076707556695013,0.0,502540.7775599662,9260.563617061049,102361.11005467812,677.0131118505437,530.3889970918872
0.09375,0.53125,0.01,0.5094201900605075,19.851784542612588,-0.07669709079587288,0.0,502540.2996801434,9260.561445078049,102361.51756931863,677.0124663937443,530.3887442583305
0.09375,0.53125,0.03,0.5094201900605075,19.85173165434084,-0.076707556695013,0.0,502540.7775599662,9260.563617061049,102361.11005467812,677.0131118505437,530.3889970918872
0.09375,0.59375,-0.01,0.509427633923359,19.84085931319138,-0.057405804355175984,0.0,502539.8385981724,9260.558214001238,102362.45864146567,677.0121389505608,530.3886159946658
0.09375,0.59375,0.01,0.509427633923359,19.840911250176454,-0.05739528512391622,0.0,502539.36105803924,9260.556042382024,102362.8662915133,677.0114939775082,530.3883633504172
0.09375,0.59375,0.03,0.509427633923359,19.84085931319138,-0.057405804355175984,0.0,502539.8385981724,9260.558214001238,102362.45864146567,677.0121389505608,530.3886159946658
0.09375,0.65625,-0.01,0.509435188962495,19.826803755711943,-0.028506568452646982,0.0,502539.33452358353,9260.553481719733,102363.9309575241,677.0118369861016,530.3884977113144
0.09375,0.65625,0.01,0.509435188962495,19.826854232467095,-0.028495262793462848,0.0,502538.85739841854,9260.55131044352,102364.33881191295,677.0111926119281,530.3882453015982
0.09375,0.65625,0.03,0.509435188962495,19.826803755711943,-0.028506568452646982,0.0,502539.33452358353,9260.553481719733,102363.9309575241,677.0118369861016,530.3884977113144
0.09375,0.71875,-0.01,0.5094426420270887,19.808736849822623,0.011714797558693047,0.0,502539.4017209644,9260.549768638659,102365.5151081464,677.0124105452201,530.3887223817545
0.09375,0.71875,0.01,0.5094426420270887,19.80878522507462,0.011727965102832121,0.0,502538.9251218296,9260.547597731129,102365.9232471524,677.0117669366715,530.3884702720504
0.09375,0.71875,0.03,0.5094426420270887,19.808736849822623,0.011714797558693047,0.0,502539.4017209644,9260.549768638659,102365.5151081464,677.0124105452201,530.3887223817545
0.09375,0.78125,-0.01,0.5094500891995897,19.784652413849003,0.06546677109655959,0.0,502540.28182315285,9260.547431761708,102367.28738430697,677.0142364482954,530.3894376107011
0.09375,0.78125,0.01,0.5094500891995897,19.784697954362812,0.06548323599901006,0.0,502539.80589877727,9260.545261312634,102367.69589460673,677.0135938250369,530.3891858872872
0.09375,0.78125,0.03,0.5094500891995897,19.784652413849003,0.06546677109655959,0.0,502540.28182315285,9260.547431761708,102367.28738430697,677.0142364482954,530.3894376107011
0.09375,0.84375,-0.01,0.5094603082547549,19.745021517938333,0.13818617750152692,0.0,502542.678032532,9260.546164362953,102369.98697083155,677.0185115194745,530.3911122054856
0.09375,0.84375,0.01,0.5094603082547549,19.745064071612084,0.13820748507687283,0.0,502542.2028758764,9260.543994504224,102370.39588002591,677.0178700102773,530.3908609192569
0.09375,0.84375,0.03,0.5094603082547549,19.745021517938333,0.13818617750152692,0.0,502542.678032532,9260.546164362953,102369.98697083155,677.0185115194745,530.3911122054856
0.09375,0.90625,-0.01,0.5094898224856061,19.64318346844006,0.2533731173924113,0.0,502549.42201296095,9260.541860497306,102377.69614407096,677.0302730264219,530.3957192963937
0.09375,0.90625,0.01,0.5094898224856061,19.64322781174213,0.2533989489314549,0.0,502548.9470645508,9260.539691237087,102378.10500749308,677.0296317514892,530.3954681041108
0.09375,0.90625,0.03,0.5094898224856061,19.64318346844006,0.2533731173924113,0.0,502549.42201296095,9260.541860497306,102377.69614407096,677.0302730264219,530.3957192963937
0.09375,0.96875,-0.01,0.5096133158634435,19.26601126186575,0.5210744914458174,0.0,502576.81665604573,9260.52107988922,102409.56832900159,677.0769424552043,530.4139997482971
0.09375,0.96875,0.01,0.5096133158634435,19.26608365911354,0.5210755607331403,0.0,502576.3440429658,9260.518908614353,102409.97933501154,677.0763036298055,530.4137495241397
0.09375,0.96875,0.03,0.5096133158634435,19.26601126186575,0.5210744914458174,0.0,502576.81665604573,9260.52107988922,102409.56832900159,677.0769424552043,530.4139997482971
0.09375,1.03125,-0.01,0.5085029995637695,0.04206696694150911,0.0011377561814832626,0.0,502570.1892696209,9261.432898501602,102222.87456064332,677.3183131861977,530.5085347995156
0.09375,1.03125,0.01,0.5073926832640956,-19.26601126186575,-0.5210744914458175,0.0,502563.53287832154,9261.79757662823,101960.62800575682,677.0590397898078,530.406987334689
0.09375,1.03125,0.03,0.5085029995637695,0.04206696694150911,0.0011377561814832626,0.0,502570.1892696209,9261.432898501602,102222.87456064332,677.3183131861977,530.5085347995156
0.15625,-0.03125,-0.01,0.5071376608397102,19.8387517702921,0.0,0.0,504769.9748934993,9265.182420325997,102354.66350299798,680.0177720452797,531.5646570646459
0.15625,-0.03125,0.01,0.5071376608397102,19.8387517702921,0.017169355571048296,0.0,504769.9748934993,9265.182420109248,102354.66347309866,680.0177718466363,531.5646569870069
0.15625,-0.03125,0.03,0.5071376608397102,19.8387517702921,0.0,0.0,504769.9748934993,9265.182420325997,102354.66350299798,680.0177720452797,531.5646570646459
0.15625,0.03125,-0.01,0.5071376608397102,19.8387517702921,-0.017169355571048296,0.0,504769.9748934993,9265.182420109248,102354.66347309866,680.0177718466363,531.5646569870069
0.15625,0.03125,0.01,0.5071376608397102,19.838827975215484,-0.017148010415037187,0.0,504769.2357247799,9265.179699003127,102355.07600153767,680.0167736253875,531.5642668359311
0.15625,0.03125,0.03,0.5071376608397102,19.8387517702921,-0.017169355571048296,0.0,504769.9748934993,9265.182420109248,102354.66347309866,680.0177718466363,531.5646569870069
0.15625,0.09375,-0.01,0.5071422304449403,19.82920217348585,-0.04947826681628784,0.0,504768.02077423164,9265.177138918914,102355.23105684717,680.0153920765007,531.5637268621963
0.15625,0.09375,0.01,0.5071422304449403,19.8292820405335,-0.04946929685306877,0.0,504767.2745531955,9265.174417508477,102355.63863255623,680.0143842540002,531.5633329578162
0.15625,0.09375,0.03,0.5071422304449403,19.82920217348585,-0.04947826681628784,0.0,504768.02077423164,9265.177138918914,102355.23105684717,680.0153920765007,531.5637268621963
0.15625,0.15625,-0.01,0.5071476960614865,19.818568756492038,-0.07688038731550566,0.0,504765.72327291756,9265.170868683472,102355.91064569262,680.0125774714859,531.5626267815974
0.15625,0.15625,0.01,0.5071476960614865,19.818651723475213,-0.07686720537641903,0.0,504764.97680944914,9265.168147210483,102356.31802874024,680.0115692413708,531.5622327170869
0.15625,0.15625,0.03,0.5071476960614865,19.818568756492038,-0.07688038731550566,0.0,504765.72327291756,9265.170868683472,102355.91064569262,680.0125774714859,531.5626267815974
0.15625,0.21875,-0.01,0.5071536715765199,19.808879665469107,-0.09895380913370301,0.0,504762.9619358827,9265.163589999676,102356.5951751581,680.0091121066764,531.5612723502026
0.15625,0.21875,0.01,0.5071536715765199,19.808965015253115,-0.09893781275583896,0.0,504762.2154023523,9265.160868717134,102357.00241026127,680.008103720376,531.560878223643
0.15625,0.21875,0.03,0.5071536715765199,19.808879665469107,-0.09895380913370301,0.0,504762.9619358827,9265.163589999676,102356.5951751581,680.0091121066764,531.5612723502026
0.15625,0.28125,-0.01,0.5071600840396983,19.7995669200337,-0.11568566099263174,0.0,504759.9488042502,9265.15567449976,102357.31528486451,680.0052974225789,531.5597813840227
0.15625,0.28125,0.01,0.5071600840396983,19.799654002420322,-0.1156679674169972,0.0,504759.2023477166,9265.152953603576,102357.72241781432,680.0042890955112,531.5593872795089
0.15625,0.28125,0.03,0.5071600840396983,19.7995669200337,-0.11568566099263174,0.0,504759.9488042502,9265.15567449976,102357.31528486451,680.0052974225789,531.5597813840227
0.15625,0.34375,-0.01,0.5071669093235809,19.78982264378876,-0.12688124513172103,0.0,504756.89006914373,9265.147463501778,102358.11123056883,680.0014332608923,531.5582710753037
0.15625,0.34375,0.01,0.5071669093235809,19.789910850331104,-0.12686271868884325,0.0,504756.14382002916,9265.144743147152,102358.51830919419,680.0004251849357,531.5578770678171
0.15625,0.34375,0.03,0.5071669093235809,19.78982264378876,-0.12688124513172103,0.0,504756.89006914373,9265.147463501778,102358.11123056883,680.0014332608923,531.5582710753037
0.15625,0.40625,-0.01,0.5071741307237551,19.778821124306184,-0.1321032758565974,0.0,504753.9650676064,9265.139254889584,102359.01937775864,679.9977836380524,531.5568446152147
0.15625,0.40625,0.01,0.5071741307237551,19.778909864584524,-0.13208453077980647,0.0,504753.21914892644,9265.136535210751,102359.42645198444,679.9967759946752,531.5564507757454
0.15625,0.40625,0.03,0.5071741307237551,19.778821124306184,-0.1321032758565974,0.0,504753.9650676064,9265.139254889584,102359.01937775864,679.9977836380524,531.5568446152147
0.15625,0.46875,-0.01,0.5071817248160297,19.76572566006401,-0.13067106490563768,0.0,504751.33339731564,9265.131321624187,102360.07075854811,679.9945861245518,531.5555948595347
0.15625,0.46875,0.01,0.5071817248160297,19.765814337127097,-0.13065246266683095,0.0,504750.5879360879,9265.128602755756,102360.47788146322,679.9935791008759,531.5552012613515
0.15625,0.46875,0.03,0.5071817248160297,19.76572566006401,-0.13067106490563768,0.0,504751.33339731564,9265.131321624187,102360.07075854811,679.9945861245518,531.5555948595347
0.15625,0.53125,-0.01,0.5071896499532431,19.74967864021991,-0.1216719159960784,0.0,504749.1432633649,9265.123930957143,102361.29047233712,679.9920632859046,531.5546088000358
0.15625,0.53125,0.01,0.5071896499532431,19.749766619843303,-0.1216535581580332,0.0,504748.39840349543,9265.12121305774,102361.69770158667,679.9910570929004,531.5542155257938
0.15625,0.53125,0.03,0.5071896499532431,19.74967864021991,-0.1216719159960784,0.0,504749.1432633649,9265.123930957143,102361.29047233712,679.9920632859046,531.5546088000358
0.15625,0.59375,-0.01,0.5071978333138746,19.729812101060492,-0.10398680321794954,0.0,504747.53441473993,9265.117355881774,102362.69560626257,679.9904262336127,531.553968951969
0.15625,0.59375,0.01,0.5071978333138746,19.729898671347204,-0.10396851681229868,0.0,504746.7903310615,9265.114639158723,102363.10300602084,679.9894211260705,531.553576101511
0.15625,0.59375,0.03,0.5071978333138746,19.729812101060492,-0.10398680321794954,0.0,504747.53441473993,9265.117355881774,102362.69560626257,679.9904262336127,531.553968951969
0.15625,0.65625,-0.01,0.5072061522532664,19.70528071335748,-0.07633953394487948,0.0,504746.64164850116,9265.11189003138,102364.29202589601,679.9898782892758,531.5537547856848
0.15625,0.65625,0.01,0.5072061522532664,19.705365056063528,-0.07632084959304908,0.0,504745.89857217466,9265.109174789844,102364.69966826358,679.9888746007306,531.5533624896898
0.15625,0.65625,0.03,0.5072061522532664,19.70528071335748,-0.07633953394487948,0.0,504746.64164850116,9265.11189003138,102364.29202589601,679.9898782892758,531.5537547856848
0.15625,0.71875,-0.01,0.5072144363684975,19.67512499433476,-0.03733886669492821,0.0,504746.61786522844,9265.10788409036,102366.07997751384,679.9906494560128,531.5540561993317
0.15625,0.71875,0.01,0.5072144363684975,19.67520611784317,-0.03731898545366168,0.0,504745.87609937874,9265.105170758885,102366.48794568694,679.9896476214764,531.5536646282065
0.15625,0.71875,0.03,0.5072144363684975,19.67512499433476,-0.03733886669492821,0.0,504746.61786522844,9265.10788409036,102366.07997751384,679.9906494560128,531.5540561993317
0.15625,0.78125,-0.01,0.5072226652810586,19.636577053176815,0.014852842861811382,0.0,504747.859055549,9265.106009487417,102368.14636070143,679.9933441591143,531.555109433627
0.15625,0.78125,0.01,0.5072226652810586,19.636653883770215,0.01487506564469118,0.0,504747.1189786709,9265.103298639782,102368.55474318603,679.9923447171988,531.5547187984416
0.15625,0.78125,0.03,0.5072226652810586,19.636577053176815,0.014852842861811382,0.0,504747.859055549,9265.106009487417,102368.14636070143,679.9933441591143,531.555109433627
0.15625,0.84375,-0.01,0.5072322108054628,19.574484169689924,0.08543846926903045,0.0,504752.44970813807,9265.108960063139,102371.25051701214,680.0011669043358,531.558166969608
0.15625,0.84375,0.01,0.5072322108054628,19.57455671176818,0.08546426225545005,0.0,504751.7115867892,9265.106252200007,102371.65933886913,680.0001702149433,531.5577774124965
0.15625,0.84375,0.03,0.5072322108054628,19.574484169689924,0.08543846926903045,0.0,504752.44970813807,9265.108960063139,102371.25051701214,680.0011669043358,531.558166969608
0.15625,0.90625,-0.01,0.5072511975065601,19.411924442785118,0.19855732829917108,0.0,504771.3671503096,9265.130305257137,102379.56070938948,680.0309110950363,531.5697923868601
0.15625,0.90625,0.01,0.5072511975065601,19.412001102141392,0.19858594264162646,0.0,504770.6298046662,9265.127599077596,102379.96950667305,680.0299153545593,531.5694032091449
0.15625,0.90625,0.03,0.5072511975065601,19.411924442785118,0.19855732829917108,0.0,504771.3671503096,9265.130305257137,102379.56070938948,680.0309110950363,531.5697923868601
0.15625,0.96875,-0.01,0.507309355744639,18.794424928771228,0.4690011580178745,0.0,504864.9918524002,9265.2511604479,102412.6702276628,680.1728661282417,531.6252715340073
0.15625,0.96875,0.01,0.507309355744639,18.79455019697828,0.46900228330441135,0.0,504864.2518849767,9265.248441696382,102413.08113109754,680.171865693871,531.6248805625235
0.15625,0.96875,0.03,0.507309355744639,18.794424928771228,0.4690011580178745,0.0,504864.9918524002,9265.2511604479,102412.6702276628,680.1728661282417,531.6252715340073
0.15625,1.0312500000000002,-0.01,0.5062018618125618,0.041119039274590076,0.0010260956166231903,0.0,504852.89460627234,9266.141797278111,102222.43131121543,680.394735526089,531.7119713771739
0.15625,1.0312500000000002,0.01,0.5050943678804846,-18.794424928771363,-0.4690011580178778,0.0,504840.74431060336,9266.514209493538,101960.62623416365,680.1401875004832,531.6125005210099
0.15625,1.0312500000000002,0.03,0.5062018618125618,0.041119039274590076,0.0010260956166231903,0.0,504852.89460627234,9266.141797278111,102222.43131121543,680.394735526089,531.7119713771739
0.21875,-0.03125,-0.01,0.5046936068517756,19.788816092710885,-1.7186005708949124e-18,0.0,507212.80442684103,9270.201405325604,102354.70854435528,683.3113285790638,532.8503760448824
0.21875,-0.03125,0.01,0.5046936068517756,19.788816092710885,0.021021205398572766,0.0,507212.80442684103,9270.201405002259,102354.70849975162,683.3113282812935,532.8503759287809
0.21875,-0.03125,0.03,0.5046936068517756,19.788816092710885,-1.7186005708949124e-18,0.0,507212.80442684103,9270.201405325604,102354.70854435528,683.3113285790638,532.8503760448824
0.21875,0.03125,-0.01,0.5046936068517756,19.788816092710885,-0.02102120539857277,0.0,507212.80442684103,9270.201405002259,102354.70849975162,683.3113282812935,532.8503759287809
0.21875,0.03125,0.01,0.5046936068517756,19.788920047923373,-0.02099917342762,0.0,507211.93552584795,9270.198425317552,102355.12068678522,683.3101544838728,532.8499182613608
0.21875,0.03125,0.03,0.5046936068517756,19.788816092710885,-0.02102120539857277,0.0,507212.80442684103,9270.201405002259,102354.70849975162,683.3113282812935,532.8503759287809
0.21875,0.09375000000000001,-0.01,0.504697846628033,19.774934052537336,-0.061039799251838125,0.0,507210.9454710785,9270.196580758424,102355.25158778195,683.3091908352543,532.8495425313462
0.21875,0.09375000000000001,0.01,0.504697846628033,19.77504333510705,-0.06102903486368418,0.0,507210.0689927685,9270.193599725311,102355.65881285584,683.3080066860433,532.8490808270055
0.21875,0.09375000000000001,0.03,0.504697846628033,19.774934052537336,-0.061039799251838125,0.0,507210.9454710785,9270.196580758424,102355.25158778195,683.3091908352543,532.8495425313462
0.21875,0.15625,-0.01,0.5047031064712615,19.758976783321597,-0.09609676720797936,0.0,507208.6067251968,9270.190522373863,102355.90932912535,683.3064602778172,532.8484778758766
0.21875,0.15625,0.01,0.5047031064712615,19.759090692565174,-0.09608071308244732,0.0,507207.7295965209,9270.187540377725,102356.31636417462,683.30527513244,532.8480157822036
0.21875,0.15625,0.03,0.5047031064712615,19.758976783321597,-0.09609676720797936,0.0,507208.6067251968,9270.190522373863,102355.90932912535,683.3064602778172,532.8484778758766
0.21875,0.21875,-0.01,0.5047093072416036,19.74396145008261,-0.1256537580176216,0.0,507205.377526178,9270.18257916491,102356.57420938887,683.302503537565,532.8469351229572
0.21875,0.21875,0.01,0.5047093072416036,19.744079026421712,-0.1256339438632523,0.0,507204.4999889379,9270.179596592656,102356.981104198,683.3013177475648,532.846472776604
0.21875,0.21875,0.03,0.5047093072416036,19.74396145008261,-0.1256537580176216,0.0,507205.377526178,9270.18257916491,102356.57420938887,683.302503537565,532.8469351229572
0.21875,0.28125,-0.01,0.5047162845816392,19.72921026670359,-0.1496169152055863,0.0,507201.578895174,9270.173337968103,102357.28050215557,683.2977720130584,532.845090271897
0.21875,0.28125,0.01,0.5047162845816392,19.729330619668012,-0.14959461345246894,0.0,507200.7011769559,9270.170355174558,102357.68730701983,683.2965859088025,532.8446278014123
0.21875,0.28125,0.03,0.5047162845816392,19.72921026670359,-0.1496169152055863,0.0,507201.578895174,9270.173337968103,102357.28050215557,683.2977720130584,532.845090271897
0.21875,0.34375,-0.01,0.5047239106446644,19.713692202463843,-0.16773578036495917,0.0,507197.5426180542,9270.163389952893,102358.07344966066,683.2927408629128,532.8431285879152
0.21875,0.34375,0.01,0.5047239106446644,19.713814483650435,-0.16771203042973964,0.0,507196.6649444586,9270.160407284713,102358.48021631036,683.2915547709541,532.8426661205227
0.21875,0.34375,0.03,0.5047239106446644,19.713692202463843,-0.16773578036495917,0.0,507197.5426180542,9270.163389952893,102358.07344966066,683.2927408629128,532.8431285879152
0.21875,0.40625,-0.01,0.5047320831960544,19.696350603498292,-0.1795418905065695,0.0,507193.55794914963,9270.15324956819,102358.99498843253,683.2878284608576,532.8412131977551
0.21875,0.40625,0.01,0.5047320831960544,19.696473980830348,-0.17951749828554434,0.0,507192.68055460457,9270.150267387076,102359.4017700017,683.2866427192716,532.8407508653141
0.21875,0.40625,0.03,0.5047320831960544,19.696350603498292,-0.1795418905065695,0.0,507193.55794914963,9270.15324956819,102358.99498843253,683.2878284608576,532.8412131977551
0.21875,0.46875,-0.01,0.5047407152133686,19.67612476712041,-0.18434777164706645,0.0,507189.873827961,9270.14336324451,102360.08199655896,683.2833987776074,532.8394860181361
0.21875,0.46875,0.01,0.5047407152133686,19.67624839662345,-0.1843233030888941,0.0,507188.99696995394,9270.140381954197,102360.48884868485,683.2822137559716,532.8390239649133
0.21875,0.46875,0.03,0.5047407152133686,19.67612476712041,-0.18434777164706645,0.0,507189.873827961,9270.14336324451,102360.08199655896,683.2833987776074,532.8394860181361
0.21875,0.53125,-0.01,0.504749725513722,19.651947872583555,-0.1812563323565441,0.0,507186.7040798431,9270.134122482837,102361.3654389938,683.2797683629657,532.8380704774946
0.21875,0.53125,0.01,0.504749725513722,19.65207086244055,-0.18123210225078548,0.0,507185.8280554854,9270.13114256071,102361.77242106246,683.2785844856558,532.8376088692311
0.21875,0.53125,0.03,0.504749725513722,19.651947872583555,-0.1812563323565441,0.0,507186.7040798431,9270.134122482837,102361.3654389938,683.2797683629657,532.8380704774946
0.21875,0.59375,-0.01,0.5047590315826078,19.622776181352535,-0.16918312743278985,0.0,507184.22280025703,9270.125860321406,102362.86784416661,683.2771992132882,532.83706873406
0.21875,0.59375,0.01,0.5047590315826078,19.622897541876167,-0.16915918074745895,0.0,507183.34796499595,9270.122882353095,102363.27502120256,683.2760169860001,532.836607768294
0.21875,0.59375,0.03,0.5047590315826078,19.622776181352535,-0.16918312743278985,0.0,507184.22280025703,9270.125860321406,102362.86784416661,683.2771992132882,532.83706873406
0.21875,0.65625,-0.01,0.5047685462354425,19.58764688452973,-0.14689993359583,0.0,507182.5515955443,9270.118832740483,102364.59979449627,683.2758798524426,532.8365542981139
0.21875,0.65625,0.01,0.5047685462354425,19.58776549402008,-0.14687601772525893,0.0,507181.6783943988,9270.115857479661,102365.0072389265,683.2746999051105,532.8360942208885
0.21875,0.65625,0.03,0.5047685462354425,19.58764688452973,-0.14689993359583,0.0,507182.5515955443,9270.118832740483,102364.59979449627,683.2758798524426,532.8365542981139
0.21875,0.71875,-0.01,0.5047781686240981,19.54549989872266,-0.11306579585229273,0.0,507181.7926201552,9270.113277145421,102366.56543976086,683.2759743195047,532.8365911320661
0.21875,0.71875,0.01,0.5047781686240981,19.54561442036773,-0.11304132166107562,0.0,507180.92161613755,9270.110305568449,102366.97323368934,683.2747974466744,532.8361322536622
0.21875,0.71875,0.03,0.5047781686240981,19.54549989872266,-0.11306579585229273,0.0,507181.7926201552,9270.113277145421,102366.56543976086,683.2759743195047,532.8365911320661
0.21875,0.78125,-0.01,0.5047877826197019,19.492795240955147,-0.06585820752676917,0.0,507182.44938565633,9270.110096797709,102368.85648169545,683.2782515954872,532.837479071205
0.21875,0.78125,0.01,0.5047877826197019,19.492904263021533,-0.06583223023762597,0.0,507181.58131123794,9270.107130222937,102369.26471113434,683.2770788220928,532.8370217919884
0.21875,0.78125,0.03,0.5047877826197019,19.492795240955147,-0.06585820752676917,0.0,507182.44938565633,9270.110096797709,102368.85648169545,683.2782515954872,532.837479071205
0.21875,0.84375,-0.01,0.5047970989013362,19.408596870901484,0.0001316165324959516,0.0,507188.2574866365,9270.115518373386,102372.25003511878,683.2882893131795,532.8413928885521
0.21875,0.84375,0.01,0.5047970989013362,19.40870056416357,0.00016012184032752699,0.0,507187.3933062466,9270.112558751738,102372.65871918428,683.2871219372493,532.8409377172195
0.21875,0.84375,0.03,0.5047970989013362,19.408596870901484,0.0001316165324959516,0.0,507188.2574866365,9270.115518373386,102372.25003511878,683.2882893131795,532.8413928885521
0.21875,0.90625,-0.01,0.5048034102472663,19.185043876377186,0.1103130253451369,0.0,507220.89158782247,9270.165867619675,102380.99026173793,683.3380762116864,532.8608049270277
0.21875,0.90625,0.01,0.5048034102472663,19.185154348484268,0.11034298467284043,0.0,507220.03200927266,9270.162917507916,102381.39891922801,683.3369148892153,532.8603521324952
0.21875,0.90625,0.03,0.5048034102472663,19.185043876377186,0.1103130253451369,0.0,507220.89158782247,9270.165867619675,102380.99026173793,683.3380762116864,532.8608049270277
0.21875,0.96875,-0.01,0.5047760017125261,18.323347842954725,0.38574607210050393,0.0,507400.98344305746,9270.46902597851,102415.04207772695,683.6024750740623,532.9638828689749
0.21875,0.96875,0.01,0.5047760017125261,18.323528081831594,0.38574614261749823,0.0,507400.1307544661,9270.466082631012,102415.45280786077,683.6013214470887,532.9634331618768
0.21875,0.96875,0.03,0.5047760017125261,18.323347842954725,0.38574607210050393,0.0,507400.98344305746,9270.46902597851,102415.04207772695,683.6024750740623,532.9638828689749
0.21875,1.03125,-0.01,0.5036749083705279,0.040056656475749165,0.0008432791883575394,0.0,507382.0879173601,9271.335156989073,102221.67006113185,683.8033519066531,533.0421829313816
0.21875,1.03125,0.01,0.5025738150285297,-18.323347842954725,-0.38574607210050393,0.0,507363.10959567444,9271.71129115473,101960.62622527068,683.551432153061,532.943984944234
0.21875,1.03125,0.03,0.5036749083705279,0.040056656475749165,0.0008432791883575394,0.0,507382.0879173601,9271.335156989073,102221.67006113185,683.8033519066531,533.0421829313816
0.28125,-0.03125,-0.01,0.5023739212602564,19.747449410308878,0.0,0.0,509551.4533648671,9274.984512723448,102354.38995603537,686.4642486331005,534.0782944400811
0.28125,-0.03125,0.01,0.5023739212602564,19.747449410308878,0.02552098679161805,0.0,509551.4533648671,9274.984512249046,102354.38989059442,686.4642481942051,534.0782942693479
0.28125,-0.03125,0.03,0.5023739212602564,19.747449410308878,0.0,0.0,509551.4533648671,9274.984512723448,102354.38995603537,686.4642486331005,534.0782944400811
0.28125,0.03125,-0.01,0.5023739212602564,19.747449410308878,-0.02552098679161805,0.0,509551.453364867,9274.984512249046,102354.38989059441,686.4642481942051,534.0782942693478
0.28125,0.03125,0.01,0.5023739212602564,19.747580003750883,-0.025498414974950014,0.0,509550.6522886054,9274.981678818498,102354.80180130262,686.4631651017768,534.0778729390408
0.28125,0.03125,0.03,0.5023739212602564,19.747449410308878,-0.02552098679161805,0.0,509551.453364867,9274.984512249046,102354.38989059441,686.4642481942051,534.0782942693478
0.28125,0.09375000000000001,-0.01,0.5023778967716063,19.729366880891845,-0.0746288870850946,0.0,509549.6069488494,9274.979980425807,102354.90341307956,686.4622374735221,534.0775120850885
0.28125,0.09375000000000001,0.01,0.5023778967716063,19.72950453246517,-0.07461679115391563,0.0,509548.79793705366,9274.977144959641,102355.31034886636,686.461143502254,534.0770865222141
0.28125,0.09375000000000001,0.03,0.5023778967716063,19.729366880891845,-0.0746288870850946,0.0,509549.6069488494,9274.979980425807,102354.90341307956,686.4622374735221,534.0775120850885
0.28125,0.15625,-0.01,0.5023829681689765,19.708103369696133,-0.1189166740027794,0.0,509547.24010607175,9274.974141033412,102355.54441678403,686.4596069626261,534.0764887964181
0.28125,0.15625,0.01,0.5023829681689765,19.70824727052004,-0.11889850062023816,0.0,509546.43015396944,9274.971303958582,102355.95116267115,686.4585115637528,534.076062677378
0.28125,0.15625,0.03,0.5023829681689765,19.708103369696133,-0.1189166740027794,0.0,509547.24010607175,9274.974141033412,102355.54441678403,686.4596069626261,534.0764887964181
0.28125,0.21875,-0.01,0.5023893213703217,19.687707136322985,-0.15777542182998983,0.0,509543.68716874474,9274.96578946485,102356.204461296,686.4553528518327,534.0748339109357
0.28125,0.21875,0.01,0.5023893213703217,19.6878561057482,-0.15775280909193046,0.0,509542.87645633187,9274.962951037738,102356.61107072707,686.4542562996455,534.0744073419253
0.28125,0.21875,0.03,0.5023893213703217,19.687707136322985,-0.15777542182998983,0.0,509543.68716874474,9274.96578946485,102356.204461296,686.4553528518327,534.0748339109357
0.28125,0.28125,-0.01,0.5023967432449308,19.667414088753954,-0.19106232449646202,0.0,509539.3293710862,9274.955629918866,102356.91988879921,686.4500101485322,534.0727555463938
0.28125,0.28125,0.01,0.5023967432449308,19.667567014911338,-0.19103666995237856,0.0,509538.5180968824,9274.952790432008,102357.32641528426,686.4489127402084,534.0723286426768
0.28125,0.28125,0.03,0.5023967432449308,19.667414088753954,-0.19106232449646202,0.0,509539.3293710862,9274.955629918866,102356.91988879921,686.4500101485322,534.0727555463938
0.28125,0.34375,-0.01,0.5024050447169114,19.645990495885133,-0.21849119318208088,0.0,509534.5746982421,9274.94440464146,102357.7391581831,686.4441622072223,534.0704806299868
0.28125,0.34375,0.01,0.5024050447169114,19.64614630664139,-0.21846367576644876,0.0,509533.76309875026,9274.941564462482,102358.1456561627,686.4430642900409,534.0700535264992
0.28125,0.34375,0.03,0.5024050447169114,19.645990495885133,-0.21849119318208088,0.0,509534.5746982421,9274.94440464146,102357.7391581831,686.4441622072223,534.0704806299868
0.28125,0.40625,-0.01,0.5024140780892893,19.62216924544172,-0.2395689965760122,0.0,509529.77458973904,9274.932749835998,102358.70790917058,686.438316886979,534.068206723521
0.28125,0.40625,0.01,0.5024140780892893,19.62232688056023,-0.23954057354526861,0.0,509528.9629495622,9274.929909429702,102359.11443388986,686.4372188727966,534.0677795804803
0.28125,0.40625,0.03,0.5024140780892893,19.62216924544172,-0.2395689965760122,0.0,509529.77458973904,9274.932749835998,102358.70790917058,686.438316886979,534.068206723521
0.28125,0.46875,-0.01,0.5024237326172212,19.59468524731225,-0.2535939222491627,0.0,509525.2197202639,9274.921191081452,102359.8670670373,686.4328998926609,534.0660994328309
0.28125,0.46875,0.01,0.5024237326172212,19.594843625612906,-0.2535653194750251,0.0,509524.4083859684,9274.91835103585,102360.27367571295,686.4318022775291,534.0656724433419
0.28125,0.46875,0.03,0.5024237326172212,19.59468524731225,-0.2535939222491627,0.0,509525.2197202639,9274.921191081452,102359.8670670373,686.4328998926609,534.0660994328309
0.28125,0.53125,-0.01,0.5024339286458085,19.562279556564274,-0.2596630731914104,0.0,509521.1414660417,9274.910148712599,102361.25191352688,686.4282565537212,534.0642930988762
0.28125,0.53125,0.01,0.5024339286458085,19.56243753556561,-0.2596347704332646,0.0,509520.33086193923,9274.907309769595,102361.65866635591,686.4271599402501,534.063866497606
0.28125,0.53125,0.03,0.5024339286458085,19.562279556564274,-0.2596630731914104,0.0,509521.1414660417,9274.910148712599,102361.25191352688,686.4282565537212,534.0642930988762
0.28125,0.59375,-0.01,0.5024446164278001,19.523746450156935,-0.2566926294213404,0.0,509517.70071850065,9274.899920714997,102362.88938883781,686.4246353574428,534.0628843907098
0.28125,0.59375,0.01,0.5024446164278001,19.5239027667953,-0.25666483799519624,0.0,509516.8913641128,9274.897083802134,102363.2963510165,686.4235404798779,534.0624584636136
0.28125,0.59375,0.03,0.5024446164278001,19.523746450156935,-0.2566926294213404,0.0,509517.70071850065,9274.899920714997,102362.88938883781,686.4246353574428,534.0628843907098
0.28125,0.65625,-0.01,0.5024557843662174,19.47801403324101,-0.24345967560105136,0.0,509514.9632259304,9274.890639410876,102364.79446788316,686.4221523912181,534.0619184716309
0.28125,0.65625,0.01,0.5024557843662174,19.47816725781674,-0.24343230559687593,0.0,509514.15575874015,9274.887805683358,102365.2017115464,686.4210601472164,534.0614935682701
0.28125,0.65625,0.03,0.5024557843662174,19.47801403324101,-0.24345967560105136,0.0,509514.9632259304,9274.890639410876,102364.79446788316,686.4221523912181,534.0619184716309
0.28125,0.71875,-0.01,0.5024674675482295,19.42391943689092,-0.21862655561221295,0.0,509512.9164689464,9274.882297099002,102366.97613604364,686.420819739913,534.0614000452837
0.28125,0.71875,0.01,0.5024674675482295,19.424067884122632,-0.21859917272839402,0.0,509512.11168714974,9274.879468024752,102367.38374203454,686.4197312503597,534.0609766020632
0.28125,0.71875,0.03,0.5024674675482295,19.42391943689092,-0.21862655561221295,0.0,509512.9164689464,9274.882297099002,102366.97613604364,686.420819739913,534.0614000452837
0.28125,0.78125,-0.01,0.5024797484641409,19.357125659974134,-0.1803312111531041,0.0,509511.8850107755,9274.875437269964,102369.53301744387,686.4211854369198,534.0615423083269
0.28125,0.78125,0.01,0.5024797484641409,19.357267573613793,-0.1803030175376618,0.0,509511.0841012829,9274.87261510702,102369.9410694909,686.4201023487,534.0611209664413
0.28125,0.78125,0.03,0.5024797484641409,19.357125659974134,-0.1803312111531041,0.0,509511.8850107755,9274.875437269964,102369.53301744387,686.4211854369198,534.0615423083269
0.28125,0.84375,-0.01,0.5024924585524777,19.25080238139392,-0.12283526679172611,0.0,509515.4842363181,9274.87617339156,102373.26107685459,686.4288140106507,534.0645099589614
0.28125,0.84375,0.01,0.5024924585524777,19.250938100528963,-0.12280540220543217,0.0,509514.690040688,9274.873363920007,102373.66958911112,686.4277401499046,534.064092209061
0.28125,0.84375,0.03,0.5024924585524777,19.25080238139392,-0.12283526679172611,0.0,509515.4842363181,9274.87617339156,102373.26107685459,686.4288140106507,534.0645099589614
0.28125,0.90625,-0.01,0.5025006726235696,18.965783834192894,-0.01893523690702806,0.0,509547.47624935163,9274.925861396045,102382.46440253122,686.4792797733925,534.0841416213741
0.28125,0.90625,0.01,0.5025006726235696,18.965929211513394,-0.018905128472064967,0.0,509546.69836804224,9274.923085219889,102382.87288059453,686.4782277006901,534.0837323624365
0.28125,0.90625,0.03,0.5025006726235696,18.965783834192894,-0.01893523690702806,0.0,509547.47624935163,9274.925861396045,102382.46440253122,686.4792797733925,534.0841416213741
0.28125,0.96875,-0.01,0.502453856261337,17.85728595062706,0.2612745001824435,0.0,509748.29518353613,9275.275631796354,102417.39116327776,686.777385068184,534.2000927026612
0.28125,0.96875,0.01,0.502453856261337,17.85752253464298,0.2612722067560849,0.0,509747.5762764265,9275.27296799309,102417.80169446854,686.7764104977166,534.1997136745874
0.28125,0.96875,0.03,0.502453856261337,17.85728595062706,0.2612745001824435,0.0,509748.29518353613,9275.275631796354,102417.39116327776,686.777385068184,534.2000927026612
0.28125,1.03125,-0.01,0.5013563901656137,0.039089024423727546,0.0005719214749187569,0.0,509724.9395950088,9276.122780702672,102220.98998522144,686.9608340038668,534.2714345211493
0.28125,1.03125,0.01,0.5002589240698906,-17.85728595062706,-0.2612745001824435,0.0,509701.4815329064,9276.506837814124,101960.62622520192,686.7142938948286,534.1755548498819
0.28125,1.03125,0.03,0.5013563901656137,0.039089024423727546,0.0005719214749187569,0.0,509724.9395950088,9276.122780702672,102220.98998522144,686.9608340038668,534.2714345211493
0.34375,-0.03125,-0.01,0.5005760422230617,19.716466195721445,0.0,0.0,511377.19876134157,9278.70418279264,102353.84028191489,688.925645878326,535.0349375277862
0.34375,-0.03125,0.01,0.5005760422230617,19.716466195721445,0.031149891144440195,0.0,511377.19876134157,9278.704182088417,102353.84018477204,688.9256452244745,535.0349372738883
0.34375,-0.03125,0.03,0.5005760422230617,19.716466195721445,0.0,0.0,511377.19876134157,9278.70418279264,102353.84028191489,688.925645878326,535.0349375277862
0.34375,0.03125,-0.01,0.5005760422230617,19.716466195721445,-0.031149891144440195,0.0,511377.19876134157,9278.704182088417,102353.84018477204,688.9256452244745,535.0349372738883
0.34375,0.03125,0.01,0.5005760422230617,19.716622601058624,-0.031126912757462506,0.0,511376.7071667158,9278.701983081059,102354.25185902049,688.924978542961,535.0346783940001
0.34375,0.03125,0.03,0.5005760422230617,19.716466195721445,-0.031149891144440195,0.0,511377.19876134157,9278.704182088417,102353.84018477204,688.9256452244745,535.0349372738883
0.34375,0.09375,-0.01,0.5005804086446578,19.694489119273697,-0.0916836295184805,0.0,511374.67081698775,9278.698537233766,102354.31615543735,688.9228169315486,535.0338390152506
0.34375,0.09375,0.01,0.5005804086446578,19.694654357758353,-0.09167059279549086,0.0,511374.17125716415,9278.696336166637,102354.72283922878,688.9221392860909,535.033575877399
0.34375,0.09375,0.03,0.5005804086446578,19.694489119273697,-0.0916836295184805,0.0,511374.67081698775,9278.698537233766,102354.31615543735,688.9228169315486,535.0338390152506
0.34375,0.15625,-0.01,0.5005858664512066,19.668158642367192,-0.14772193917279486,0.0,511371.7052323995,9278.691739144304,102354.94070201954,688.9195095543438,535.0325547198235
0.34375,0.15625,0.01,0.5005858664512066,19.66833182143252,-0.1477022823606696,0.0,511371.2047024022,9278.689536358617,102355.34719414372,688.9188303990578,535.0322909950544
0.34375,0.15625,0.03,0.5005858664512066,19.668158642367192,-0.14772193917279486,0.0,511371.7052323995,9278.691739144304,102354.94070201954,688.9195095543438,535.0325547198235
0.34375,0.21875,-0.01,0.5005925176801006,19.64258556713785,-0.19862655524888365,0.0,511367.736936406,9278.682752533134,102355.60487167959,688.9148269895828,535.0307364168076
0.34375,0.21875,0.01,0.5005925176801006,19.642765300470735,-0.19860200490591653,0.0,511367.23536001093,9278.680547766297,102356.01122818305,688.9141462591751,535.0304720794999
0.34375,0.21875,0.03,0.5005925176801006,19.64258556713785,-0.19862655524888365,0.0,511367.736936406,9278.682752533134,102355.60487167959,688.9148269895828,535.0307364168076
0.34375,0.28125,-0.01,0.5006001948521056,19.61693787989747,-0.24423846657316664,0.0,511363.10963076155,9278.672200532985,102356.34668837601,688.9092556316109,535.0285729753571
0.34375,0.28125,0.01,0.5006001948521056,19.61712284771669,-0.2442105202735795,0.0,511362.60699998663,9278.669993659914,102356.75296501243,688.9085733506553,535.0283080348779
0.34375,0.28125,0.03,0.5006001948521056,19.61693787989747,-0.24423846657316664,0.0,511363.10963076155,9278.672200532985,102356.34668837601,688.9092556316109,535.0285729753571
0.34375,0.34375,-0.01,0.5006087648745419,19.58979339522974,-0.28426528667189643,0.0,511358.1869337369,9278.660731426995,102357.21749954353,688.9033241613561,535.026269687318
0.34375,0.34375,0.01,0.5006087648745419,19.58998231354838,-0.28423523337256196,0.0,511357.6833426196,9278.658522528342,102357.62375257118,688.9026404909205,535.0260042061389
0.34375,0.34375,0.03,0.5006087648745419,19.58979339522974,-0.28426528667189643,0.0,511358.1869337369,9278.660731426995,102357.21749954353,688.9033241613561,535.026269687318
0.34375,0.40625,-0.01,0.5006181495595281,19.55968837935657,-0.31821599230174086,0.0,511353.26439871866,9278.648863131608,102358.2663912461,688.8974704356616,535.0239965790563
0.34375,0.40625,0.01,0.5006181495595281,19.559879969876686,-0.31818490763798496,0.0,511352.76005243644,9278.646652513946,102358.67267728703,688.8967856865237,535.0237306778685
0.34375,0.40625,0.03,0.5006181495595281,19.55968837935657,-0.31821599230174086,0.0,511353.26439871866,9278.648863131608,102358.2663912461,688.8974704356616,535.0239965790563
0.34375,0.46875,-0.01,0.500628325353853,19.52516646843933,-0.3453983052773589,0.0,511348.56102655386,9278.636969612016,102359.53823523044,688.892028724729,535.0218834549661
0.34375,0.46875,0.01,0.500628325353853,19.52535941998708,-0.3453670393786843,0.0,511348.0562529496,9278.634757828993,102359.94461255957,688.8913433740076,535.0216173191207
0.34375,0.46875,0.03,0.500628325353853,19.52516646843933,-0.3453983052773589,0.0,511348.56102655386,9278.636969612016,102359.53823523044,688.892028724729,535.0218834549661
0.34375,0.53125,-0.01,0.5006393175821156,19.48478836785102,-0.3649251053610478,0.0,511344.22095028637,9278.62528636577,102361.0727977785,688.887231639151,535.0200206447419
0.34375,0.53125,0.01,0.5006393175821156,19.48498129399906,-0.36489426532358443,0.0,511343.7162125137,9278.623074242898,102361.47932716679,688.8865463485005,535.0197545312966
0.34375,0.53125,0.03,0.5006393175821156,19.48478836785102,-0.3649251053610478,0.0,511344.22095028637,9278.62528636577,102361.0727977785,688.887231639151,535.0200206447419
0.34375,0.59375,-0.01,0.500651195143141,19.43719559852846,-0.37573409577336775,0.0,511340.3054125092,9278.61389996046,102362.9017723968,688.8831974906818,535.0184540941818
0.34375,0.59375,0.01,0.500651195143141,19.43738696390863,-0.37570402157369637,0.0,511339.80130808416,9278.611688590749,102363.30851885662,688.8825131069215,535.0181883321239
0.34375,0.59375,0.03,0.500651195143141,19.43719559852846,-0.37573409577336775,0.0,511340.3054125092,9278.61389996046,102362.9017723968,688.8831974906818,535.0184540941818
0.34375,0.65625,-0.01,0.5006640775263138,19.381215318538217,-0.3766297750092745,0.0,511336.77064372733,9278.602708578324,102365.04534468894,688.8798975271183,535.0171726407183
0.34375,0.65625,0.01,0.5006640775263138,19.381403388354574,-0.3766005039005621,0.0,511336.26791318186,9278.600499333472,102365.4523801827,688.8792150950954,535.0169076359308
0.34375,0.65625,0.03,0.5006640775263138,19.381215318538217,-0.3766297750092745,0.0,511336.77064372733,9278.602708578324,102365.04534468894,688.8798975271183,535.0171726407183
0.34375,0.71875,-0.01,0.5006782109137247,19.315583084059316,-0.36630152772901436,0.0,511333.4170134046,9278.591310604243,102367.51861689553,688.8770944070906,535.0160841208742
0.34375,0.71875,0.01,0.5006782109137247,19.315765824154873,-0.36627274705513724,0.0,511332.91659163794,9278.58910523894,102367.92602151528,688.876415241359,535.0158203839298
0.34375,0.71875,0.03,0.5006782109137247,19.315583084059316,-0.36630152772901436,0.0,511333.4170134046,9278.591310604243,102367.51861689553,688.8770944070906,535.0160841208742
0.34375,0.78125,-0.01,0.5006946239803763,19.235153385093273,-0.34285577978824583,0.0,511329.6309445664,9278.578346535447,102370.42869695698,688.8740924617915,535.0149183898741
0.34375,0.78125,0.01,0.5006946239803763,19.23532869652137,-0.34282681123140873,0.0,511329.1345975748,9278.576148491306,102370.83655278248,688.8734189992342,535.0146568670449
0.34375,0.78125,0.03,0.5006946239803763,19.235153385093273,-0.34285577978824583,0.0,511329.6309445664,9278.578346535447,102370.42869695698,688.8740924617915,535.0149183898741
0.34375,0.84375,-0.01,0.5007187842977485,19.10715241774773,-0.30008606553412237,0.0,511323.2683507011,9278.558366059247,102374.5900968422,688.8688432454447,535.0128799807975
0.34375,0.84375,0.01,0.5007187842977485,19.107320817265997,-0.3000562091677065,0.0,511322.78285179124,9278.556189076851,102374.99841396898,688.868184609865,535.0126242146919
0.34375,0.84375,0.03,0.5007187842977485,19.10715241774773,-0.30008606553412237,0.0,511323.2683507011,9278.558366059247,102374.5900968422,688.8688432454447,535.0128799807975
0.34375,0.90625,-0.01,0.5007729078606524,18.76105626869562,-0.20806080748705744,0.0,511310.1340987673,9278.516741880285,102384.35080024457,688.8600051724511,535.0094479065364
0.34375,0.90625,0.01,0.5007729078606524,18.76123736874196,-0.2080319557891865,0.0,511309.690546982,9278.514650004123,102384.75907359266,688.8594028228185,535.009213996299
0.34375,0.90625,0.03,0.5007729078606524,18.76105626869562,-0.20806080748705744,0.0,511310.1340987673,9278.516741880285,102384.35080024457,688.8600051724511,535.0094479065364
0.34375,0.96875,-0.01,0.5009379253722508,17.405782031343893,0.0768082387265918,0.0,511295.80172356474,9278.433650817391,102420.16716210458,688.8737441371301,535.0147831264668
0.34375,0.96875,0.01,0.5009379253722508,17.40607573835823,0.07680158596718901,0.0,511295.54612014483,9278.431931923653,102420.57747905688,688.8733927690001,535.014646681168
0.34375,0.96875,0.03,0.5009379253722508,17.405782031343893,0.0768082387265918,0.0,511295.80172356474,9278.433650817391,102420.16716210458,688.8737441371301,535.0147831264668
0.34375,1.0312500000000002,-0.01,0.49982942123027363,0.03860119614984031,0.00017033936675006758,0.0,511280.1284713929,9279.288263168917,102220.68278800338,689.0567759115257,535.0858543512032
0.34375,1.0312500000000002,0.01,0.49872091708829647,-17.405782031344014,-0.07680823872659234,0.0,511264.38554685604,9279.704486578254,101960.6262252011,688.8314042763367,534.9983412169644
0.34375,1.0312500000000002,0.03,0.49982942123027363,0.03860119614984031,0.00017033936675006758,0.0,511280.1284713929,9279.288263168917,102220.68278800338,689.0567759115257,535.0858543512032
0.40625,-0.03125,-0.01,0.49971162691765947,19.698845821071405,0.0,0.0,512257.4605799541,9280.493960886319,102353.22356852205,690.1124505614728,535.4955886441112
0.40625,-0.03125,0.01,0.49971162691765947,19.698845821071405,0.03854858869976154,0.0,512257.46057995403,9280.493959809688,102353.22342000896,690.1124495601291,535.4955882556129
0.40625,-0.03125,0.03,0.49971162691765947,19.698845821071405,0.0,0.0,512257.4605799541,9280.493960886319,102353.22356852205,690.1124505614728,535.4955886441112
0.40625,0.03125,-0.01,0.4997116269176595,19.698845821071405,-0.03854858869976154,0.0,512257.4605799541,9280.493959809688,102353.22342000897,690.1124495601292,535.4955882556129
0.40625,0.03125,0.01,0.4997116269176595,19.699027445922294,-0.03852532605808586,0.0,512257.53162151226,9280.492903552573,102353.63487513005,690.1125404828223,535.4956235315302
0.40625,0.03125,0.03,0.4997116269176595,19.698845821071405,-0.03854858869976154,0.0,512257.4605799541,9280.493959809688,102353.22342000897,690.1124495601292,535.4955882556129
0.40625,0.09375,-0.01,0.49971614972347494,19.67345293812914,-0.11413219474167996,0.0,512254.469058245,9280.487644878738,102353.65399014417,690.1090837869427,535.4942824112602
0.40625,0.09375,0.01,0.49971614972347494,19.673645190818483,-0.114118549913757,0.0,512254.5321677229,9280.486586644358,102354.06043720862,690.1091637448166,535.4943134331551
0.40625,0.09375,0.03,0.49971614972347494,19.67345293812914,-0.11413219474167996,0.0,512254.469058245,9280.487644878738,102353.65399014417,690.1090837869427,535.4942824112602
0.40625,0.15625,-0.01,0.49972183054997865,19.642518713925472,-0.1857506397656821,0.0,512251.0999737129,9280.480254575417,102354.26349287949,690.1053483171821,535.492833129217
0.40625,0.15625,0.01,0.49972183054997865,19.64272064087442,-0.18573004329550627,0.0,512251.16212212655,9280.479194594507,102354.66974532981,690.1054267347901,535.4928635536052
0.40625,0.15625,0.03,0.49972183054997865,19.642518713925472,-0.1857506397656821,0.0,512251.0999737129,9280.480254575417,102354.26349287949,690.1053483171821,535.492833129217
0.40625,0.21875,-0.01,0.49972793639644414,19.612239731052863,-0.25279525237348593,0.0,512247.66525807587,9280.472491439685,102354.94321558166,690.1015004470644,535.4913402341481
0.40625,0.21875,0.01,0.49972793639644414,19.612449751001634,-0.2527695047704728,0.0,512247.7259538881,9280.471428612573,102355.34933134809,690.1015767049311,535.4913698206843
0.40625,0.21875,0.03,0.49972793639644414,19.612239731052863,-0.25279525237348593,0.0,512247.66525807587,9280.472491439685,102354.94321558166,690.1015004470644,535.4913402341481
0.40625,0.28125000000000006,-0.01,0.49973447371426166,19.581735751613206,-0.3151411530859702,0.0,512244.3388638276,9280.464630098319,102355.73292355434,690.0977992174276,535.4899042286656
0.40625,0.28125000000000006,0.01,0.49973447371426166,19.581952346859715,-0.3151118347009971,0.0,512244.39773836965,9280.46356357325,102356.13896006263,690.097872859539,535.4899328004176
0.40625,0.28125000000000006,0.03,0.49973447371426166,19.581735751613206,-0.3151411530859702,0.0,512244.3388638276,9280.464630098319,102355.73292355434,690.0977992174276,535.4899042286656
0.40625,0.34374999999999994,-0.01,0.49974154814313565,19.549411606787743,-0.3725398410785631,0.0,512241.25254821446,9280.456845215602,102356.68705057164,690.0944655096522,535.4886108112578
0.40625,0.34374999999999994,0.01,0.49974154814313565,19.549633291303145,-0.3725083315630013,0.0,512241.3094109263,9280.45577450108,102357.09306534583,690.0945363191178,535.4886382840627
0.40625,0.34374999999999994,0.03,0.49974154814313565,19.549411606787743,-0.3725398410785631,0.0,512241.25254821446,9280.456845215602,102356.68705057164,690.0944655096522,535.4886108112578
0.40625,0.40625000000000006,-0.01,0.49974933745631284,19.51362242514851,-0.4245534676178376,0.0,512238.4554807892,9280.449150133996,102357.85846428348,690.0916100106333,535.4875029275831
0.40625,0.40625000000000006,0.01,0.49974933745631284,19.513847711507278,-0.4245209403799501,0.0,512238.51033113996,9280.448075124397,102358.26451499009,690.0916780267809,535.4875293166855
0.40625,0.40625000000000006,0.03,0.49974933745631284,19.51362242514851,-0.4245534676178376,0.0,512238.4554807892,9280.449150133996,102357.85846428348,690.0916100106333,535.4875029275831
0.40625,0.46874999999999994,-0.01,0.49975808945640515,19.4727357541785,-0.47055221507745865,0.0,512235.90775399527,9280.441386943987,102359.29648982093,690.0892228105465,535.4865767339442
0.40625,0.46874999999999994,0.01,0.49975808945640515,19.472963107771086,-0.4705196239207668,0.0,512235.9607919458,9280.440307939349,102359.70263543571,690.0892883443249,535.4866021599737
0.40625,0.46874999999999994,0.03,0.49975808945640515,19.4727357541785,-0.47055221507745865,0.0,512235.90775399527,9280.441386943987,102359.29648982093,690.0892228105465,535.4865767339442
0.40625,0.53125,-0.01,0.4997681091528529,19.42514488415934,-0.5097206792419301,0.0,512233.48913441715,9280.43324632903,102361.04596708163,690.0871847708171,535.4857860074064
0.40625,0.53125,0.01,0.4997681091528529,19.42537267996482,-0.5096887389417001,0.0,512233.540765218,9280.43216404289,102361.45226914827,690.0872484124458,535.4858106993494
0.40625,0.53125,0.03,0.4997681091528529,19.42514488415934,-0.5097206792419301,0.0,512233.48913441715,9280.43324632903,102361.04596708163,690.0871847708171,535.4857860074064
0.40625,0.59375,-0.01,0.49977972567761614,19.3693552030396,-0.5410783697154388,0.0,512231.0205997599,9280.42431585108,102363.14441913011,690.0852941460483,535.4850524744514
0.40625,0.59375,0.01,0.49977972567761614,19.369581647798572,-0.5410475306749712,0.0,512231.07142353675,9280.42323138954,102363.55094270938,690.0853567529865,535.4850767649841
0.40625,0.59375,0.03,0.49977972567761614,19.3693552030396,-0.5410783697154388,0.0,512231.0205997599,9280.42431585108,102363.14441913011,690.0852941460483,535.4850524744514
0.40625,0.65625,-0.01,0.49979326543448016,19.304104700525965,-0.5635229244830705,0.0,512228.2768098755,9280.414110411079,102365.6185412158,690.0832800561828,535.484271037857
0.40625,0.65625,0.01,0.49979326543448016,19.304327758001683,-0.5634933347080165,0.0,512228.3275845939,9280.413025189891,102366.0253584742,690.0833427050276,535.4842953446843
0.40625,0.65625,0.03,0.49979326543448016,19.304104700525965,-0.5635229244830705,0.0,512228.2768098755,9280.414110411079,102365.6185412158,690.0832800561828,535.484271037857
0.40625,0.71875,-0.01,0.4998092958141199,19.22803496625058,-0.5758416779722607,0.0,512224.764491561,9280.401615299845,102368.49107307618,690.0805121703639,535.4831971379024
0.40625,0.71875,0.01,0.4998092958141199,19.228252262072886,-0.5758131334135932,0.0,512224.816204211,9280.400531190495,102368.89826392876,690.0805762551233,535.4832220018933
0.40625,0.71875,0.03,0.4998092958141199,19.22803496625058,-0.5758416779722607,0.0,512224.764491561,9280.401615299845,102368.49107307618,690.0805121703639,535.4831971379024
0.40625,0.78125,-0.01,0.4998311489923534,19.135194377459044,-0.5761534467482796,0.0,512217.5430211735,9280.38075337349,102371.87943504385,690.0731795321357,535.4803521691464
0.40625,0.78125,0.01,0.4998311489923534,19.135403482978614,-0.5761253824412064,0.0,512217.59822850727,9280.379675434202,102372.2870806019,690.0732485647584,535.4803789529813
0.40625,0.78125,0.03,0.4998311489923534,19.135194377459044,-0.5761534467482796,0.0,512217.5430211735,9280.38075337349,102371.87943504385,690.0731795321357,535.4803521691464
0.40625,0.84375,-0.01,0.49988033371666496,18.986879691670403,-0.5575701514415973,0.0,512188.00649366144,9280.312849222866,102376.61758185082,690.0371971040585,535.4663912335474
0.40625,0.84375,0.01,0.49988033371666496,18.987081318870747,-0.5575420549694491,0.0,512188.0786087358,9280.311804659663,102377.02568883795,690.0372891558752,535.466426949486
0.40625,0.84375,0.03,0.49988033371666496,18.986879691670403,-0.5575701514415973,0.0,512188.00649366144,9280.312849222866,102376.61758185082,690.0371971040585,535.4663912335474
0.40625,0.90625,-0.01,0.5000629495961777,18.58149500083412,-0.4858168567969319,0.0,512045.6329646896,9280.00912894046,102387.0874160418,689.8556320450772,535.3959396814384
0.40625,0.90625,0.01,0.5000629495961777,18.581712502236993,-0.48579130706918233,0.0,512045.7909645338,9280.008258544702,102387.49546992309,689.8558395528015,535.3960202046519
0.40625,0.90625,0.03,0.5000629495961777,18.58149500083412,-0.4858168567969319,0.0,512045.6329646896,9280.00912894046,102387.0874160418,689.8556320450772,535.3959396814384
0.40625,0.96875,-0.01,0.5008909389498648,16.982990518704508,-0.19521005108860762,0.0,511354.2992158497,9278.556451836936,102423.89976319092,688.9623573839466,535.0491928226577
0.40625,0.96875,0.01,0.5008909389498648,16.983341565762796,-0.19522432920624685,0.0,511354.8703915888,9278.55641199587,102424.30986429517,688.9631191239213,535.0494886067753
0.40625,0.96875,0.03,0.5008909389498648,16.982990518704508,-0.19521005108860762,0.0,511354.2992158497,9278.556451836936,102423.89976319092,688.9623573839466,535.0491928226577
0.40625,1.03125,-0.01,0.4997356893978141,0.03925868186813802,-0.00045125676097563833,0.0,511377.2368400748,9279.484353004269,102221.09351748117,689.1876496891521,535.1366668420661
0.40625,1.03125,0.01,0.49858043984576333,-16.982990518704508,0.19521005108860762,0.0,511400.2807574,9279.995385317648,101960.6262252011,689.0243271164941,535.0732551748831
0.40625,1.03125,0.03,0.4997356893978141,0.03925868186813802,-0.00045125676097563833,0.0,511377.2368400748,9279.484353004269,102221.09351748117,689.1876496891521,535.1366668420661
0.46875,-0.03125,-0.01,0.5001457831982321,19.69919381190676,-6.936887681146589e-18,0.0,511809.86657892226,9279.586879047592,102352.76045612116,689.5092149063378,535.2614958857787
0.46875,-0.03125,0.01,0.5001457831982321,19.69919381190676,0.048602620635604894,0.0,511809.8665789223,9279.586877334623,102352.76021983137,689.5092133145489,535.2614952679311
0.46875,-0.03125,0.03,0.5001457831982321,19.69919381190676,-6.936887681146589e-18,0.0,511809.86657892226,9279.586879047592,102352.76045612116,689.5092149063378,535.2614958857787
0.46875,0.03125,-0.01,0.5001457831982321,19.699193811906763,-0.0486026206356049,0.0,511809.86657892226,9279.586877334623,102352.76021983137,689.5092133145488,535.261495267931
0.46875,0.03125,0.01,0.5001457831982321,19.699400251955566,-0.04857918453680677,0.0,511810.7214065687,9279.587412258441,102353.17145505366,689.5103598941464,535.2619403088694
0.46875,0.03125,0.03,0.5001457831982321,19.699193811906763,-0.0486026206356049,0.0,511809.86657892226,9279.586877334623,102352.76021983137,689.5092133145488,535.261495267931
0.46875,0.09375,-0.01,0.5001456455168061,19.67103822524211,-0.1446431325024361,0.0,511811.3334002807,9279.589867307182,102353.13777145189,689.5119246186431,535.2625476507193
0.46875,0.09375,0.01,0.5001456455168061,19.671257078750752,-0.1446291695038669,0.0,511812.1795892451,9279.590398788208,102353.54397798583,689.5130592357378,535.2629880475894
0.46875,0.09375,0.03,0.5001456455168061,19.67103822524211,-0.1446431325024361,0.0,511811.3334002807,9279.589867307182,102353.13777145189,689.5119246186431,535.2625476507193
0.46875,0.15625,-0.01,0.5001472320370776,19.636208335102953,-0.2374934630923025,0.0,511812.03381184826,9279.590909156364,102353.73580401135,689.5137672121102,535.2632628454675
0.46875,0.15625,0.01,0.5001472320370776,19.636438607139045,-0.23747240656384813,0.0,511812.8783915167,9279.591437514011,102354.14181205437,689.5148993724509,535.263702288172
0.46875,0.15625,0.03,0.5001472320370776,19.636208335102953,-0.2374934630923025,0.0,511812.03381184826,9279.590909156364,102353.73580401135,689.5137672121102,535.2632628454675
0.46875,0.21875,-0.01,0.500147851122879,19.602001194550553,-0.3266624998636246,0.0,511814.3099662413,9279.594780854592,102354.44669431295,689.5177053728183,535.2647914224449
0.46875,0.21875,0.01,0.500147851122879,19.602241119364944,-0.3266362164456679,0.0,511815.1520273485,9279.595304139639,102354.8525631809,689.5188338993107,535.265229453438
0.46875,0.21875,0.03,0.500147851122879,19.602001194550553,-0.3266624998636246,0.0,511814.3099662413,9279.594780854592,102354.44669431295,689.5177053728183,535.2647914224449
0.46875,0.28125,-0.01,0.5001478100186137,19.567511725299124,-0.41213785822835214,0.0,511818.0379259052,9279.6011474087,102355.31230991473,689.523597357868,535.2670783582167
0.46875,0.28125,0.01,0.5001478100186137,19.56775959598275,-0.41210800278609455,0.0,511818.87672151125,9279.60166400102,102355.71809828952,689.5247212900337,535.2675146040854
0.46875,0.28125,0.03,0.5001478100186137,19.567511725299124,-0.41213785822835214,0.0,511818.0379259052,9279.6011474087,102355.31230991473,689.523597357868,535.2670783582167
0.46875,0.34375,-0.01,0.5001476715432084,19.530992270582882,-0.49379577025175886,0.0,511822.8964443638,9279.609259663639,102356.39063590256,689.531057544064,535.2699739670716
0.46875,0.34375,0.01,0.5001476715432084,19.531246410225176,-0.4937638054152494,0.0,511823.7314740339,9279.60976844418,102356.79640237344,689.532176252719,535.2704081831255
0.46875,0.34375,0.03,0.5001476715432084,19.530992270582882,-0.49379577025175886,0.0,511822.8964443638,9279.609259663639,102356.39063590256,689.531057544064,535.2699739670716
0.46875,0.40625,-0.01,0.500148104195414,19.490638577595764,-0.5713377187925581,0.0,511828.4525530681,9279.618145079827,102357.73912952372,689.5395510021459,535.2732706126952
0.46875,0.40625,0.01,0.500148104195414,19.490897299769923,-0.5713049087163933,0.0,511829.2835812812,9279.61864546961,102358.14493278609,689.5406642154402,535.2737026931172
0.46875,0.40625,0.03,0.500148104195414,19.490638577595764,-0.5713377187925581,0.0,511828.4525530681,9279.618145079827,102357.73912952372,689.5395510021459,535.2732706126952
0.46875,0.46875,-0.01,0.5001498695942201,19.444664658177384,-0.6442891094742301,0.0,511834.16503482213,9279.62661812949,102359.41255552361,689.5483962112658,535.2767037651696
0.46875,0.46875,0.01,0.5001498695942201,19.444926219644582,-0.6442565058990616,0.0,511834.9921109279,9279.62711012988,102359.81845526799,689.5495040429398,535.2771337540231
0.46875,0.46875,0.03,0.5001498695942201,19.444664658177384,-0.6442891094742301,0.0,511834.16503482213,9279.62661812949,102359.41255552361,689.5483962112658,535.2767037651696
0.46875,0.53125,-0.01,0.5001537875212584,19.39132246479991,-0.712007906124141,0.0,511839.4157065299,9279.633345832917,102361.46200279465,689.5568066515278,535.2799681473638
0.46875,0.53125,0.01,0.5001537875212584,19.39158501170724,-0.7119763283270597,0.0,511840.23917045846,9279.6338300348,102361.86806135536,689.5579096100796,535.2803962421754
0.46875,0.53125,0.03,0.5001537875212584,19.39132246479991,-0.712007906124141,0.0,511839.4157065299,9279.633345832917,102361.46200279465,689.5568066515278,535.2799681473638
0.46875,0.59375,-0.01,0.5001606478396081,19.32900150753119,-0.7737078193689344,0.0,511843.58970352344,9279.637013569598,102363.93250510753,689.5639962830045,535.2827586757433
0.46875,0.59375,0.01,0.5001606478396081,19.329262999580312,-0.7736778269179354,0.0,511844.4101547313,9279.637491090474,102364.338788386,689.5650952317894,535.2831852120083
0.46875,0.59375,0.03,0.5001606478396081,19.32900150753119,-0.7737078193689344,0.0,511843.58970352344,9279.637013569598,102363.93250510753,689.5639962830045,535.2827586757433
0.46875,0.65625,-0.01,0.5001711030081848,19.25637357388339,-0.8285064327652644,0.0,511846.1691181266,9279.636520470038,102366.85917340759,689.5693018127539,535.2848179140107
0.46875,0.65625,0.01,0.5001711030081848,19.256631690500647,-0.8284782856524242,0.0,511846.9873375266,9279.636992789236,102367.26575407885,689.5703978670616,535.2852433252026
0.46875,0.65625,0.03,0.5001711030081848,19.25637357388339,-0.8285064327652644,0.0,511846.1691181266,9279.636520470038,102366.85917340759,689.5693018127539,535.2848179140107
0.46875,0.71875,-0.01,0.5001861980190838,19.172006804934746,-0.8754300361800607,0.0,511846.2207340575,9279.629932605876,102370.27465761198,689.5715021869528,535.285671944171
0.46875,0.71875,0.01,0.5001861980190838,19.172258850777684,-0.8754036444179679,0.0,511847.0377764251,9279.630401754197,102370.68161608573,689.5725968408814,535.2860968111568
0.46875,0.71875,0.03,0.5001861980190838,19.172006804934746,-0.8754300361800607,0.0,511846.2207340575,9279.629932605876,102370.27465761198,689.5715021869528,535.285671944171
0.46875,0.78125,-0.01,0.5002134474343628,19.06916668307938,-0.9127124606312187,0.0,511836.5805561789,9279.602586764167,102374.3096421764,689.5611151956432,535.2816404343546
0.46875,0.78125,0.01,0.5002134474343628,19.06940992500773,-0.9126873863685551,0.0,511837.40002987505,9279.603059983343,102374.71705933107,689.5622133871944,535.2820666776041
0.46875,0.78125,0.03,0.5002134474343628,19.06916668307938,-0.9127124606312187,0.0,511836.5805561789,9279.602586764167,102374.3096421764,689.5611151956432,535.2816404343546
0.46875,0.84375,-0.01,0.5003050860518168,18.90331170711049,-0.932465503362045,0.0,511767.2498836047,9279.452195724245,102379.82108364605,689.4718969553894,535.2470108491065
0.46875,0.84375,0.01,0.5003050860518168,18.90354707501572,-0.9324414877171452,0.0,511768.0942571236,9279.452718823604,102380.22896324837,689.4730289589634,535.2474502443038
0.46875,0.84375,0.03,0.5003050860518168,18.90331170711049,-0.932465503362045,0.0,511767.2498836047,9279.452195724245,102379.82108364605,689.4718969553894,535.2470108491065
0.46875,0.90625,-0.01,0.5007326086746711,18.442453752868953,-0.8934169063516916,0.0,511378.61007242894,9278.647246679437,102391.22564913634,688.959769441147,535.0481879215978
0.46875,0.90625,0.01,0.5007326086746711,18.442708260922828,-0.893397606567869,0.0,511379.60066221387,9278.64806796967,102391.63346641618,688.9610981651931,535.0487038668546
0.46875,0.90625,0.03,0.5007326086746711,18.442453752868953,-0.8934169063516916,0.0,511378.61007242894,9278.647246679437,102391.22564913634,688.959769441147,535.0481879215978
0.46875,0.96875,-0.01,0.5028690747941692,16.608793369186195,-0.5937404526682922,0.0,509362.9157736221,9274.49884087591,102429.29574282815,686.286810648476,534.0092654258489
0.46875,0.96875,0.01,0.5028690747941692,16.609201545382078,-0.5937676914407575,0.0,509364.61914165027,9274.50111423424,102429.70559255537,686.289097134268,534.0101549982276
0.46875,0.96875,0.03,0.5028690747941692,16.608793369186195,-0.5937404526682922,0.0,509362.9157736221,9274.49884087591,102429.29574282815,686.286810648476,534.0092654258489
0.46875,1.0312499999999998,-0.01,0.5016016878252233,0.04196307880995101,-0.0015001196567476106,0.0,509481.56866345415,9275.621804230372,102222.66972513696,686.6328406763865,534.1438738372389
0.46875,1.0312499999999998,0.01,0.5003343008562774,-16.608793369186074,0.5937404526682879,0.0,509600.82263876597,9276.345185984686,101960.6262252011,686.6074398467831,534.1339938677703
0.46875,1.0312499999999998,0.03,0.5016016878252233,0.04196307880995101,-0.0015001196567476106,0.0,509481.56866345415,9275.621804230372,102222.66972513696,686.6328406763865,534.1438738372389
0.53125,-0.03125,-0.01,0.5021385626386184,19.724298947739594,0.0,0.0,509778.8827829481,9275.453983106385,102352.72956058891,686.771373043744,534.1977545133792
0.53125,-0.03125,0.01,0.5021385626386184,19.724298947739594,0.06242290922533832,0.0,509778.8827829481,9275.453980269473,102352.72916926052,686.7713704179896,534.1977534921717
0.53125,-0.03125,0.03,0.5021385626386184,19.724298947739594,0.0,0.0,509778.8827829481,9275.453983106385,102352.72956058891,686.771373043744,534.1977545133792
0.53125,0.03125,-0.01,0.5021385626386184,19.724298947739594,-0.06242290922533832,0.0,509778.8827829481,9275.453980269473,102352.72916926052,686.7713704179896,534.1977534921717
0.53125,0.03125,0.01,0.5021385626386184,19.724529954478385,-0.062399396956461475,0.0,509780.6675934032,9275.456417547008,102353.1401707084,686.7737696840945,534.1986866130756
0.53125,0.03125,0.03,0.5021385626386184,19.724298947739594,-0.06242290922533832,0.0,509778.8827829481,9275.453980269473,102352.72916926052,686.7713704179896,534.1977534921717
0.53125,0.09375,-0.01,0.5021184634004979,19.694189337905126,-0.18656955870684355,0.0,509800.256859627,9275.497816051316,102353.04404060915,686.8009554025446,534.2092595499121
0.53125,0.09375,0.01,0.5021184634004979,19.694434502200966,-0.1865555481937845,0.0,509802.03058648837,9275.500244690984,102353.44998653952,686.8033393663359,534.2101866994861
0.53125,0.09375,0.03,0.5021184634004979,19.694189337905126,-0.18656955870684355,0.0,509800.256859627,9275.497816051316,102353.04404060915,686.8009554025446,534.2092595499121
0.53125,0.15625,-0.01,0.5021018780687874,19.656420264599568,-0.30860475143720323,0.0,509819.31804554776,9275.536412553929,102353.63406811211,686.827605118992,534.2196238243627
0.53125,0.15625,0.01,0.5021018780687874,19.656678571845273,-0.30858369408884445,0.0,509821.08797629824,9275.538833413706,102354.03981028483,686.8299836362689,534.2205488377833
0.53125,0.15625,0.03,0.5021018780687874,19.656420264599568,-0.30860475143720323,0.0,509819.31804554776,9275.536412553929,102353.63406811211,686.827605118992,534.2196238243627
0.53125,0.21875,-0.01,0.5020828627075252,19.619397238885565,-0.42828226374113093,0.0,509841.7220776588,9275.581268820204,102354.3935174528,686.8587196641528,534.2317242497386
0.53125,0.21875,0.01,0.5020828627075252,19.61966675075407,-0.42825609494849,0.0,509843.48711481685,9275.58367954748,102354.79911646796,686.8610913092587,534.23264656966
0.53125,0.21875,0.03,0.5020828627075252,19.619397238885565,-0.42828226374113093,0.0,509841.7220776588,9275.581268820204,102354.3935174528,686.8587196641528,534.2317242497386
0.53125,0.28125,-0.01,0.5020620901897281,19.582221342015032,-0.5458206080977208,0.0,509866.99079764803,9275.631317178078,102355.3671282483,686.893679435628,534.2453197540359
0.53125,0.28125,0.01,0.5020620901897281,19.582500176526846,-0.5457910605708849,0.0,509868.74999818136,9275.633715738075,102355.77264392162,686.896042988758,534.2462389036434
0.53125,0.28125,0.03,0.5020620901897281,19.582221342015032,-0.5458206080977208,0.0,509866.99079764803,9275.631317178078,102355.3671282483,686.893679435628,534.2453197540359
0.53125,0.34375,-0.01,0.5020407811668789,19.54302474943538,-0.66134638513971,0.0,509894.1591461182,9275.684484535177,102356.61736127005,686.931233892748,534.2599239201033
0.53125,0.34375,0.01,0.5020407811668789,19.543311050868674,-0.6613150098696342,0.0,509895.9118410672,9275.686869458445,102357.02285325284,686.9335885025342,534.2608395667542
0.53125,0.34375,0.03,0.5020407811668789,19.54302474943538,-0.66134638513971,0.0,509894.1591461182,9275.684484535177,102356.61736127005,686.931233892748,534.2599239201033
0.53125,0.40625,-0.01,0.502020326851638,19.499875762325747,-0.77483875787854,0.0,509922.0915729718,9275.738350329213,102358.20750485304,686.9699040539733,534.2749615436859
0.53125,0.40625,0.01,0.502020326851638,19.500167659481257,-0.7748069180856115,0.0,509923.8374105956,9275.7407208015,102358.61303300264,686.972249296956,534.2758735221638
0.53125,0.40625,0.03,0.502020326851638,19.499875762325747,-0.77483875787854,0.0,509922.0915729718,9275.738350329213,102358.20750485304,686.9699040539733,534.2749615436859
0.53125,0.46875,-0.01,0.502002254893706,19.450870640721103,-0.8861330585710221,0.0,509949.5067872487,9275.790200239455,102360.19935136745,687.0080134595805,534.2897806927668
0.53125,0.46875,0.01,0.502002254893706,19.451166197352457,-0.8861019153678771,0.0,509951.2457705736,9275.792556178756,102360.60497657063,687.0103493922544,534.2906890256179
0.53125,0.46875,0.03,0.502002254893706,19.450870640721103,-0.8861330585710221,0.0,509949.5067872487,9275.790200239455,102360.19935136745,687.0080134595805,534.2897806927668
0.53125,0.53125,-0.01,0.5019881608228731,19.3941579607404,-0.9949349937448781,0.0,509975.0437539601,9275.837162151092,102362.65237129631,687.0437764482964,534.3036870449203
0.53125,0.53125,0.01,0.5019881608228731,19.39445511558939,-0.9949054866409978,0.0,509976.7762580666,9275.83950424131,102363.05815695257,687.0461036320586,534.3045919521869
0.53125,0.53125,0.03,0.5019881608228731,19.3941579607404,-0.9949349937448781,0.0,509975.0437539601,9275.837162151092,102362.65237129631,687.0437764482964,534.3036870449203
0.53125,0.59375,-0.01,0.5019795260440614,19.328052169161037,-1.1008526546817494,0.0,509997.4377001292,9275.876566696232,102365.62145263635,687.0755322931516,534.3160349254459
0.53125,0.59375,0.01,0.5019795260440614,19.328348657081403,-1.100825473642704,0.0,509999.16443292657,9275.87889630526,102366.02746607333,687.0778517434769,534.3169368047859
0.53125,0.59375,0.03,0.5019795260440614,19.328052169161037,-1.1008526546817494,0.0,509997.4377001292,9275.876566696232,102365.62145263635,687.0755322931516,534.3160349254459
0.53125,0.65625,-0.01,0.501977477651205,19.25120124345601,-1.2034577846083767,0.0,510015.74900537846,9275.90641753301,102369.15314241276,687.1020491582218,534.3263454727123
0.53125,0.65625,0.01,0.501977477651205,19.251494487902235,-1.2034333283204215,0.0,510017.4708900853,9275.908736466787,102369.55945765504,687.1043621889331,534.3272448385404
0.53125,0.65625,0.03,0.501977477651205,19.25120124345601,-1.2034577846083767,0.0,510015.74900537846,9275.90641753301,102369.15314241276,687.1020491582218,534.3263454727123
0.53125,0.71875,-0.01,0.5019837083886868,19.162143668126383,-1.3022847516730527,0.0,510028.4603500848,9275.923545550331,102373.29366500415,687.1213187362783,534.3338379340189
0.53125,0.71875,0.01,0.5019837083886868,19.16243068648964,-1.302263076670925,0.0,510030.1786310731,9275.925856272519,102373.70036397665,687.1236271045893,534.3347354744018
0.53125,0.71875,0.03,0.5019837083886868,19.162143668126383,-1.3022847516730527,0.0,510028.4603500848,9275.923545550331,102373.29366500415,687.1213187362783,534.3338379340189
0.53125,0.78125,-0.01,0.5020118514869996,19.053420082755146,-1.395905150948674,0.0,510022.3215209573,9275.900812229467,102378.19203270259,687.1156749823948,534.3316435217782
0.53125,0.78125,0.01,0.5020118514869996,19.053697879172447,-1.3958859927576894,0.0,510024.04099457065,9275.903124536077,102378.59919706915,687.1179852348823,534.3325417984556
0.53125,0.78125,0.03,0.5020118514869996,19.053420082755146,-1.395905150948674,0.0,510022.3215209573,9275.900812229467,102378.19203270259,687.1156749823948,534.3316435217782
0.53125,0.84375,-0.01,0.5021607180803889,18.87483504199722,-1.474998538735526,0.0,509900.45753221714,9275.640181363315,102384.73701740852,686.9558490875216,534.2694960531127
0.53125,0.84375,0.01,0.5021607180803889,18.875104802118695,-1.4749820216959821,0.0,509902.2104673106,9275.642561803863,102385.14464850667,686.9582047044244,534.2704120749926
0.53125,0.84375,0.03,0.5021607180803889,18.87483504199722,-1.474998538735526,0.0,509900.45753221714,9275.640181363315,102384.73701740852,686.9558490875216,534.2694960531127
0.53125,0.90625,-0.01,0.5029579050101181,18.365083668717176,-1.4871474126129072,0.0,509145.80531268526,9274.08370699505,102397.40013633388,685.9515651750569,533.8788199222176
0.53125,0.90625,0.01,0.5029579050101181,18.365375971489435,-1.4871389335564416,0.0,509147.7705061496,9274.086525627545,102397.80769512805,685.9542064659819,533.8798477848221
0.53125,0.90625,0.03,0.5029579050101181,18.365083668717176,-1.4871474126129072,0.0,509145.80531268526,9274.08370699505,102397.40013633388,685.9515651750569,533.8788199222176
0.53125,0.96875,-0.01,0.5071042910985133,16.309677547043243,-1.1719478775431076,0.0,505143.2368410254,9265.841169365824,102437.19725158249,680.6058589208452,531.7944588831192
0.53125,0.96875,0.01,0.5071042910985133,16.310142524928633,-1.1719966189078186,0.0,505146.21930228715,9265.846101867797,102437.6068142014,680.6098681127465,531.7960251809037
0.53125,0.96875,0.03,0.5071042910985133,16.309677547043243,-1.1719478775431076,0.0,505143.2368410254,9265.841169365824,102437.19725158249,680.6058589208452,531.7944588831192
0.53125,1.0312500000000002,-0.01,0.5056304498602648,0.04753752874766468,-0.0034158557555031433,0.0,505437.0212556731,9267.332800010598,102225.9505618169,681.181967816618,532.0194839168591
0.53125,1.0312500000000002,0.01,0.5041566086220164,-16.309677547043357,1.171947877543116,0.0,505732.5232530054,9268.436651163413,101960.6262252011,681.4000454599018,532.1046390415125
0.53125,1.0312500000000002,0.03,0.5056304498602648,0.04753752874766468,-0.0034158557555031433,0.0,505437.0212556731,9267.332800010598,102225.9505618169,681.181967816618,532.0194839168591
0.59375,-0.03125,-0.01,0.5058018174867275,19.783602968207827,0.0,0.0,506091.8986388696,9267.90620765631,102353.43369061063,681.8008128917353,532.261095490525
0.59375,-0.03125,0.01,0.5058018174867275,19.783602968207827,0.0811735056362359,0.0,506091.8986388696,9267.906202824151,102353.4330240501,681.8008084516154,532.261093757392
0.59375,-0.03125,0.03,0.5058018174867275,19.783602968207827,0.0,0.0,506091.8986388696,9267.90620765631,102353.43369061063,681.8008128917353,532.261095490525
0.59375,0.03125,-0.01,0.5058018174867275,19.783602968207827,-0.0811735056362359,0.0,506091.8986388696,9267.906202824151,102353.4330240501,681.8008084516154,532.261093757392
0.59375,0.03125,0.01,0.5058018174867275,19.78385842949967,-0.08114999693894805,0.0,506094.6559152519,9267.910663114979,102353.84377379602,681.8045176488025,532.2625415839728
0.59375,0.03125,0.03,0.5058018174867275,19.783602968207827,-0.0811735056362359,0.0,506091.8986388696,9267.906202824151,102353.4330240501,681.8008084516154,532.261093757392
0.59375,0.09375,-0.01,0.505729128797385,19.752432770216508,-0.24343999088548762,0.0,506165.1690814133,9268.057177030529,102353.66696122347,681.9003506061018,532.2999471011128
0.59375,0.09375,0.01,0.505729128797385,19.7527040521379,-0.24342621229446665,0.0,506167.9107310973,9268.06161856706,102354.07261637108,681.9040383345701,532.3013864426624
0.59375,0.09375,0.03,0.505729128797385,19.752432770216508,-0.24343999088548762,0.0,506165.1690814133,9268.057177030529,102353.66696122347,681.9003506061018,532.2999471011128
0.59375,0.15625,-0.01,0.5056637486179755,19.712880714168485,-0.40506933749842994,0.0,506232.721310605,9268.195679495677,102354.24403761339,681.9923725565974,532.3358626325277
0.59375,0.15625,0.01,0.5056637486179755,19.71316681194808,-0.4050487661108948,0.0,506235.455109311,9268.200104208148,102354.64948201462,681.996049331781,532.3372976021327
0.59375,0.15625,0.03,0.5056637486179755,19.712880714168485,-0.40506933749842994,0.0,506232.721310605,9268.195679495677,102354.24403761339,681.9923725565974,532.3358626325277
0.59375,0.21875,-0.01,0.505595620329799,19.674466386951025,-0.5662341406701639,0.0,506304.2811266447,9268.341589787839,102355.06138037701,682.0897284397411,532.3738573232923
0.59375,0.21875,0.01,0.505595620329799,19.674765202126103,-0.5662087924446337,0.0,506307.00615287054,9268.34599565815,102355.46667579419,682.0933930778878,532.375287453995
0.59375,0.21875,0.03,0.505595620329799,19.674466386951025,-0.5662341406701639,0.0,506304.2811266447,9268.341589787839,102355.06138037701,682.0897284397411,532.3738573232923
0.59375,0.28125,-0.01,0.5055257063717147,19.636337691415907,-0.7275524003240604,0.0,506379.11145819974,9268.493284887818,102356.16764496233,682.191447322084,532.4135518478773
0.59375,0.28125,0.01,0.5055257063717147,19.63664718279323,-0.7275241001006093,0.0,506381.8269147337,9268.497670160665,102356.57285244807,682.195098804292,532.41497673822
0.59375,0.28125,0.03,0.5055257063717147,19.636337691415907,-0.7275524003240604,0.0,506379.11145819974,9268.493284887818,102356.16764496233,682.191447322084,532.4135518478773
0.59375,0.34375,-0.01,0.5054559692572638,19.596552924920708,-0.8895877208662544,0.0,506455.54925975646,9268.647228142063,102357.63121512518,682.2953384546229,532.4540910112954
0.59375,0.34375,0.01,0.5054559692572638,19.596871078729006,-0.8895581260738781,0.0,506458.2545915554,9268.65159157755,102358.03639551476,682.2989760871795,532.4555103891262
0.59375,0.34375,0.03,0.5054559692572638,19.596552924920708,-0.8895877208662544,0.0,506455.54925975646,9268.647228142063,102357.63121512518,682.2953384546229,532.4540910112954
0.59375,0.40625,-0.01,0.5053886526536335,19.5531050327258,-1.0528114902206789,0.0,506531.65924341563,9268.799320584474,102359.52295712107,682.3988451201996,532.4944770834204
0.59375,0.40625,0.01,0.5053886526536335,19.553429815513258,-1.0527820867976834,0.0,506534.3542100379,9268.80366160954,102359.92817167999,682.4024686336948,532.495890844871
0.59375,0.40625,0.03,0.5053886526536335,19.5531050327258,-1.0528114902206789,0.0,506531.65924341563,9268.799320584474,102359.52295712107,682.3988451201996,532.4944770834204
0.59375,0.46875,-0.01,0.5053262161916271,19.50403027386701,-1.2176193019361545,0.0,506605.290004351,9268.945018587096,102361.91400159341,682.4991173955616,532.53359824541
0.59375,0.46875,0.01,0.5053262161916271,19.504359582164895,-1.217591391435455,0.0,506607.9747500302,9268.949337440603,102362.31931289173,682.5027270408041,532.5350064925261
0.59375,0.46875,0.03,0.5053262161916271,19.50403027386701,-1.2176193019361545,0.0,506605.290004351,9268.945018587096,102361.91400159341,682.4991173955616,532.53359824541
0.59375,0.53125,-0.01,0.5052712223693883,19.447438017683197,-1.3843594962713888,0.0,506674.18505653925,9269.079562209605,102364.87515251442,682.5931609275011,532.5702866557571
0.59375,0.53125,0.01,0.5052712223693883,19.447769614138906,-1.3843341776693145,0.0,506676.86015339044,9269.083860029994,102365.28062579568,682.5967575355124,532.5716897199438
0.59375,0.53125,0.03,0.5052712223693883,19.447438017683197,-1.3843594962713888,0.0,506674.18505653925,9269.079562209605,102364.87515251442,682.5931609275011,532.5702866557571
0.59375,0.59375,-0.01,0.5052260302421849,19.381638612752617,-1.5533865096770942,0.0,506736.2828598643,9269.198590848515,102368.47484486939,682.6782377323211,532.603474775122
0.59375,0.59375,0.01,0.5052260302421849,19.38197004306225,-1.5533646519216209,0.0,506738.94927816885,9269.20286960823,102368.88054979015,682.6818226764457,532.6048732019983
0.59375,0.59375,0.03,0.5052260302421849,19.381638612752617,-1.5533865096770942,0.0,506736.2828598643,9269.198590848515,102368.47484486939,682.6782377323211,532.603474775122
0.59375,0.65625,-0.01,0.5051923676473576,19.305334165444663,-1.7251522991970727,0.0,506790.13356900745,9269.29899903356,102372.77568554356,682.7524225473852,532.6324122853298
0.59375,0.65625,0.01,0.5051923676473576,19.305662641236065,-1.7251344985909243,0.0,506792.792536291,9269.303261240118,102373.18169868903,682.7559975562846,532.6338067608808
0.59375,0.65625,0.03,0.5051923676473576,19.305334165444663,-1.7251522991970727,0.0,506790.13356900745,9269.29899903356,102372.77568554356,682.7524225473852,532.6324122853298
0.59375,0.71875,-0.01,0.5051726704394844,19.21712033378881,-1.900207939112258,0.0,506833.59114608204,9269.376247431068,102377.8433014657,682.8128529568926,532.6559834082858
0.59375,0.71875,0.01,0.5051726704394844,19.217442637654592,-1.9001944691320445,0.0,506836.24423907767,9269.380496322698,102378.24970773258,682.8164202409723,532.6573748091064
0.59375,0.71875,0.03,0.5051726704394844,19.21712033378881,-1.900207939112258,0.0,506833.59114608204,9269.376247431068,102377.8433014657,682.8128529568926,532.6559834082858
0.59375,0.78125,-0.01,0.5051879532232374,19.108930046870572,-2.077939637229545,0.0,506846.2891429152,9269.388384766866,102383.85352665542,682.8322838579231,532.663562287345
0.59375,0.78125,0.01,0.5051879532232374,19.109242982974024,-2.077930501650079,0.0,506848.9421752643,9269.39263249053,102384.26041010857,682.8358513396066,532.6649537454416
0.59375,0.78125,0.03,0.5051879532232374,19.108930046870572,-2.077939637229545,0.0,506846.2891429152,9269.388384766866,102383.85352665542,682.8322838579231,532.663562287345
0.59375,0.84375,-0.01,0.5053956412928583,18.925213411096617,-2.2471299754343406,0.0,506673.94423518673,9269.01851156948,102391.74383609391,682.6042285543066,532.5746042094812
0.59375,0.84375,0.01,0.5053956412928583,18.92551847788243,-2.247125909243269,0.0,506676.6374514979,9269.022842633402,102392.1511965403,682.6078504572014,532.5760171299271
0.59375,0.84375,0.03,0.5053956412928583,18.925213411096617,-2.2471299754343406,0.0,506673.94423518673,9269.01851156948,102391.74383609391,682.6042285543066,532.5746042094812
0.59375,0.90625,-0.01,0.5066538629673396,18.37678699775485,-2.338213614036796,0.0,505476.59636895824,9266.538910873845,102406.08563036044,681.0040560610853,531.9500027018536
0.59375,0.90625,0.01,0.5066538629673396,18.377118223606175,-2.3382227807411224,0.0,505479.55752319546,9266.54380540242,102406.49290985786,681.0080386027048,531.9515581330652
0.59375,0.90625,0.03,0.5066538629673396,18.37678699775485,-2.338213614036796,0.0,505476.59636895824,9266.538910873845,102406.08563036044,681.0040560610853,531.9500027018536
0.59375,0.96875,-0.01,0.5133508993034692,16.11901415989144,-1.9985943535446122,0.0,499049.2415340975,9253.20112479199,102448.31624198638,672.3953275413194,528.5770582421914
0.59375,0.96875,0.01,0.5133508993034692,16.11953579829052,-1.9986775994271366,0.0,499053.44239879784,9253.208667959578,102448.72548309152,672.400977527693,528.5792789944636
0.59375,0.96875,0.03,0.5133508993034692,16.11901415989144,-1.9985943535446122,0.0,499049.2415340975,9253.20112479199,102448.31624198638,672.3953275413194,528.5770582421914
0.59375,1.03125,-0.01,0.5115691339025494,0.056138179077380494,-0.006960565119516118,0.0,499595.1892800901,9255.240438295554,102231.46315738179,673.3088782750912,528.9360122934208
0.59375,1.03125,0.01,0.5097873685016295,-16.11901415989144,1.9985943535446127,0.0,500144.95309393597,9256.89625957317,101960.6262252011,673.8720277567351,529.157164719026
0.59375,1.03125,0.03,0.5115691339025494,0.056138179077380494,-0.006960565119516118,0.0,499595.1892800901,9255.240438295554,102231.46315738179,673.3088782750912,528.9360122934208
0.65625,-0.03125,-0.01,0.5110806815811272,19.889237846595183,0.0,0.0,500875.9528842552,9257.13104993528,102355.11181024395,674.7684123897518,529.50899021281
0.65625,-0.03125,0.01,0.5110806815811272,19.889237846595183,0.10565702497202152,0.0,500875.9528842552,9257.131041663253,102355.11066915987,674.7684048672404,529.508987261251
0.65625,-0.03125,0.03,0.5110806815811272,19.889237846595183,0.0,0.0,500875.9528842552,9257.13104993528,102355.11181024395,674.7684123897518,529.50899021281
0.65625,0.03125,-0.01,0.5110806815811272,19.889237846595183,-0.10565702497202152,0.0,500875.9528842552,9257.131041663253,102355.11066915987,674.7684048672404,529.508987261251
0.65625,0.03125,0.01,0.5110806815811272,19.889517769663172,-0.10563356682223769,0.0,500879.61628540617,9257.137440583156,102355.5211523808,674.7733345655336,529.510921491399
0.65625,0.03125,0.03,0.5110806815811272,19.889237846595183,-0.10565702497202152,0.0,500875.9528842552,9257.131041663253,102355.11066915987,674.7684048672404,529.508987261251
0.65625,0.09375,-0.01,0.5109003432396246,19.85782454642789,-0.3177223081501394,0.0,501052.6555119081,9257.498470255685,102355.22397854344,675.0073294343896,529.6027242439162
0.65625,0.09375,0.01,0.5109003432396246,19.85812182810282,-0.3177090485386597,0.0,501056.297841639,9257.504837043405,102355.6293064791,675.0122302841634,529.6046468146551
0.65625,0.09375,0.03,0.5109003432396246,19.85782454642789,-0.3177223081501394,0.0,501052.6555119081,9257.498470255685,102355.22397854344,675.0073294343896,529.6027242439162
0.65625,0.15625,-0.01,0.510733703261085,19.81769440394886,-0.5311530558071405,0.0,501217.9922685551,9257.841246024887,102355.75760934976,675.2311060660734,529.6905032116159
0.65625,0.15625,0.01,0.510733703261085,19.818008079117586,-0.5311334821231056,0.0,501221.62177346676,9257.84758373141,102356.16271706931,675.235989218284,529.6924185222791
0.65625,0.15625,0.03,0.510733703261085,19.81769440394886,-0.5311530558071405,0.0,501217.9922685551,9257.841246024887,102355.75760934976,675.2311060660734,529.6905032116159
0.65625,0.21875,-0.01,0.5105670967789299,19.77948160837595,-0.7467553637871782,0.0,501385.06375511485,9258.186392656968,102356.6122668625,675.4571037560377,529.7791386537496
0.65625,0.21875,0.01,0.5105670967789299,19.779809440866323,-0.7467315925902059,0.0,501388.6800794753,9258.192700457737,102357.01721697088,675.4619687933705,529.7810465400034
0.65625,0.21875,0.03,0.5105670967789299,19.77948160837595,-0.7467553637871782,0.0,501385.06375511485,9258.186392656968,102356.6122668625,675.4571037560377,529.7791386537496
0.65625,0.28125,-0.01,0.5104014296939495,19.742441627967953,-0.9657677912840641,0.0,501553.2326389768,9258.532455941666,102357.84170655873,675.6844801678524,529.8682998626603
0.65625,0.28125,0.01,0.5104014296939495,19.74278144185717,-0.9657417637043697,0.0,501556.83546480065,9258.538733097215,102358.24656130368,675.6893267206104,529.8702001801461
0.65625,0.28125,0.03,0.5104014296939495,19.742441627967953,-0.9657677912840641,0.0,501553.2326389768,9258.532455941666,102357.84170655873,675.6844801678524,529.8682998626603
0.65625,0.34375,-0.01,0.5102392446918742,19.704629078124075,-1.1894509269532938,0.0,501720.33686800057,9258.874807403088,102359.52186137377,675.910368285301,529.956862612334
0.65625,0.34375,0.01,0.5102392446918742,19.70497873059991,-1.1894244372768976,0.0,501723.9260240258,9258.881053508276,102359.92668300001,675.9151961797749,529.9587552976363
0.65625,0.34375,0.03,0.5102392446918742,19.704629078124075,-1.1894509269532938,0.0,501720.33686800057,9258.874807403088,102359.52186137377,675.910368285301,529.956862612334
0.65625,0.40625,-0.01,0.5100835371796052,19.664041477510743,-1.4190843283587065,0.0,501883.78640881996,9259.2079238727,102361.73336323154,676.131323780377,530.0434771386422
0.65625,0.40625,0.01,0.5100835371796052,19.664398806334884,-1.4190590242770804,0.0,501887.3619735062,9259.21413907568,102362.13821474508,676.1361331793014,530.0453622650266
0.65625,0.40625,0.03,0.5100835371796052,19.664041477510743,-1.4190843283587065,0.0,501883.78640881996,9259.2079238727,102361.73336323154,676.131323780377,530.0434771386422
0.65625,0.46875,-0.01,0.5099376463516886,19.61874665480677,-1.6560118781604125,0.0,502040.6624962896,9259.525594237253,102364.55957461795,676.343455119227,530.1266192817911
0.65625,0.46875,0.01,0.5099376463516886,19.619109427892493,-1.6559892523039623,0.0,502044.22490763856,9259.531779469595,102364.96452081879,676.3482466712462,530.1284971182329
0.65625,0.46875,0.03,0.5099376463516886,19.61874665480677,-1.6560118781604125,0.0,502040.6624962896,9259.525594237253,102364.55957461795,676.343455119227,530.1266192817911
0.65625,0.53125,-0.01,0.5098050931585724,19.56691990431544,-1.9017046236331179,0.0,502187.87749645597,9259.821248860317,102368.08647811196,676.542637572705,530.2046744081103
0.65625,0.53125,0.01,0.5098050931585724,19.56728575405151,-1.9016859995795894,0.0,502191.42763297254,9259.827406004308,102368.49158694768,676.5474125232636,530.2065454628663
0.65625,0.53125,0.03,0.5098050931585724,19.56691990431544,-1.9017046236331179,0.0,502187.87749645597,9259.821248860317,102368.08647811196,676.542637572705,530.2046744081103
0.65625,0.59375,-0.01,0.5096891345433968,19.50698846174594,-2.1578630545120765,0.0,502322.6106248688,9260.088858042776,102372.4011180049,676.7250958746149,530.2761656324183
0.65625,0.59375,0.01,0.5096891345433968,19.507354798214305,-2.157849563065093,0.0,502326.1498041683,9260.094989920897,102372.80646252571,676.7298560662912,530.2780306524733
0.65625,0.59375,0.03,0.5096891345433968,19.50698846174594,-2.1578630545120765,0.0,502322.6106248688,9260.088858042776,102372.4011180049,676.7250958746149,530.2761656324183
0.65625,0.65625,-0.01,0.5095921074095742,19.437847715334534,-2.4265762463840232,0.0,502442.9482227789,9260.324251884591,102377.58879465508,676.8882602759255,530.3400889145121
0.65625,0.65625,0.01,0.5095921074095742,19.43821160321111,-2.426568785534323,0.0,502446.4780617394,9260.330361953653,102377.9944554599,676.8930079629895,530.3419488111244
0.65625,0.65625,0.03,0.5095921074095742,19.437847715334534,-2.4265762463840232,0.0,502442.9482227789,9260.324251884591,102377.58879465508,676.8882602759255,530.3400889145121
0.65625,0.71875,-0.01,0.509517107238783,19.358313806958964,-2.7103564998407923,0.0,502546.27288959094,9260.521776084077,102383.74339547407,677.0286087825988,530.3950673991468
0.65625,0.71875,0.01,0.509517107238783,19.358671871237657,-2.7103556900737007,0.0,502549.79534993233,9260.527868538764,102384.14946225916,677.0333466949322,530.396923274144
0.65625,0.71875,0.03,0.509517107238783,19.358313806958964,-2.7103564998407923,0.0,502546.27288959094,9260.521776084077,102383.74339547407,677.0286087825988,530.3950673991468
0.65625,0.78125,-0.01,0.5094924926509573,19.259930480562577,-3.0104010770078227,0.0,502605.5102198907,9260.625145815167,102391.08122165786,677.1098470370758,530.4268881201684
0.65625,0.78125,0.01,0.5094924926509573,19.260279416563318,-3.010407368904291,0.0,502609.0316405082,9260.631234291266,102391.48778303948,677.1145838041006,530.4287434352326
0.65625,0.78125,0.03,0.5094924926509573,19.259930480562577,-3.0104010770078227,0.0,502605.5102198907,9260.625145815167,102391.08122165786,677.1098470370758,530.4268881201684
0.65625,0.84375,-0.01,0.5097379252546784,19.082245512682977,-3.3133960594409646,0.0,502407.8827091184,9260.193871422693,102400.6174871448,676.8468023793689,530.3238475918987
0.65625,0.84375,0.01,0.5097379252546784,19.082587218613487,-3.313411181771138,0.0,502411.447314949,9260.200051073027,102401.02454298647,676.851597574988,530.3257261573862
0.65625,0.84375,0.03,0.5097379252546784,19.082245512682977,-3.3133960594409646,0.0,502407.8827091184,9260.193871422693,102400.6174871448,676.8468023793689,530.3238475918987
0.65625,0.90625,-0.01,0.5114755623306642,18.509901377398535,-3.524845078504551,0.0,500771.9101802685,9256.777529521578,102417.10103321332,674.6555117107199,529.4646902542588
0.65625,0.90625,0.01,0.5114755623306642,18.510273227989714,-3.5248814802486597,0.0,500775.77473208436,9256.784355028125,102417.50800145743,674.660710552388,529.4667302567067
0.65625,0.90625,0.03,0.5114755623306642,18.509901377398535,-3.524845078504551,0.0,500771.9101802685,9256.777529521578,102417.10103321332,674.6555117107199,529.4646902542588
0.65625,0.96875,-0.01,0.5209110611440066,16.075313644857196,-3.1535214474286257,0.0,491878.45851954026,9238.116023305574,102462.68372249822,662.7281378927091,524.7635618611286
0.65625,0.96875,0.01,0.5209110611440066,16.07589242710454,-3.153657699413648,0.0,491883.6470397325,9238.125778933396,102463.09260652722,662.7351173889837,524.766325117638
0.65625,0.96875,0.03,0.5209110611440066,16.075313644857196,-3.1535214474286257,0.0,491878.45851954026,9238.116023305574,102462.68372249822,662.7281378927091,524.7635618611286
0.65625,1.03125,-0.01,0.5187593408412805,0.0666743188757558,-0.013079613823563567,0.0,492708.280566765,9240.797660998465,102239.49757598081,664.0273291893454,525.2776749727299
0.65625,1.03125,0.01,0.5166076205385545,-16.075313644857196,3.1535214474286253,0.0,493545.01485914184,9243.088504786796,101960.6262252011,664.9741706954067,525.6520402389353
0.65625,1.03125,0.03,0.5187593408412805,0.0666743188757558,-0.013079613823563567,0.0,492708.280566765,9240.797660998465,102239.49757598081,664.0273291893454,525.2776749727299
0.71875,-0.03125,-0.01,0.5177632756948374,20.05516831915722,0.0,0.0,494429.3068979478,9243.654058722212,102357.78771619256,666.0757439485078,526.0872485866616
0.71875,-0.03125,0.01,0.5177632756948374,20.05516831915722,0.13564442125046003,0.0,494429.30689794774,9243.654044910412,102357.78581087555,666.0757315499842,526.0872436902928
0.71875,-0.03125,0.03,0.5177632756948374,20.05516831915722,0.0,0.0,494429.3068979478,9243.654058722212,102357.78771619256,666.0757439485078,526.0872485866616
0.71875,0.03125,-0.01,0.5177632756948374,20.05516831915722,-0.13564442125046003,0.0,494429.3068979478,9243.654044910412,102357.78581087556,666.0757315499842,526.0872436902928
0.71875,0.03125,0.01,0.5177632756948374,20.055472798830053,-0.13562100124807314,0.0,494433.7204216497,9243.662119209386,102358.19602021435,666.081671469716,526.0895894513561
0.71875,0.03125,0.03,0.5177632756948374,20.05516831915722,-0.13564442125046003,0.0,494429.3068979478,9243.654044910412,102357.78581087556,666.0757315499842,526.0872436902928
0.71875,0.09374999999999999,-0.01,0.5173985446438604,20.023958018913397,-0.4088068103212516,0.0,494776.7444277719,9244.38545885333,102357.70065982101,666.5447188933908,526.2724214649498
0.71875,0.09374999999999999,0.01,0.5173985446438604,20.02428121712738,-0.4087943252177995,0.0,494781.1335239954,9244.393489786504,102358.10561912591,666.5506254022423,526.2747532108488
0.71875,0.09374999999999999,0.03,0.5173985446438604,20.023958018913397,-0.4088068103212516,0.0,494776.7444277719,9244.38545885333,102357.70065982101,666.5447188933908,526.2724214649498
0.71875,0.15625,-0.01,0.5170564452212146,19.984177945280308,-0.6860194435877773,0.0,495105.32524403255,9245.07553952492,102358.11033555536,666.9884181248242,526.4475543672198
0.71875,0.15625,0.01,0.5170564452212146,19.98451897440357,-0.6860013352611815,0.0,495109.698259174,9245.08353055649,102358.51506155728,666.9943025080037,526.4498766056705
0.71875,0.15625,0.03,0.5170564452212146,19.984177945280308,-0.6860194435877773,0.0,495105.32524403255,9245.07553952492,102358.11033555536,666.9884181248242,526.4475543672198
0.71875,0.21875,-0.01,0.5167227204883775,19.947586039393308,-0.9689473157623971,0.0,495428.3916884399,9245.752128136028,102358.91865726851,667.4244867447303,526.6196186358521
0.71875,0.21875,0.01,0.5167227204883775,19.947942556126094,-0.9689258260268503,0.0,495432.7489290334,9245.760079989856,102359.32321302852,667.4303494801803,526.6219315752094
0.71875,0.21875,0.03,0.5167227204883775,19.947586039393308,-0.9689473157623971,0.0,495428.3916884399,9245.752128136028,102358.91865726851,667.4244867447303,526.6196186358521
0.71875,0.28125,-0.01,0.516397557901684,19.913629258921457,-1.2597007311342079,0.0,495746.0227395546,9246.415248901854,102360.18540302283,667.8530363901044,526.788661306236
0.71875,0.28125,0.01,0.516397557901684,19.91399898709441,-1.2596779454524623,0.0,495750.36447371345,9246.423162210453,102360.58985169308,667.8588778997589,526.7909651321935
0.71875,0.28125,0.03,0.516397557901684,19.913629258921457,-1.2597007311342079,0.0,495746.0227395546,9246.415248901854,102360.18540302283,667.8530363901044,526.788661306236
0.71875,0.34375,-0.01,0.5160835226203501,19.88046002841862,-1.5605563659694623,0.0,496056.1104792457,9247.060319480643,102361.99515818883,668.2712620831389,526.953579379423
0.71875,0.34375,0.01,0.5160835226203501,19.88084073606579,-1.5605342513386264,0.0,496060.4369906139,9247.068194939668,102362.3995633177,668.2770828070788,526.9558742892971
0.71875,0.34375,0.03,0.5160835226203501,19.88046002841862,-1.5605563659694623,0.0,496056.1104792457,9247.060319480643,102361.99515818883,668.2712620831389,526.953579379423
0.71875,0.40625,-0.01,0.5157838907790698,19.846198248536794,-1.874018725748215,0.0,496355.8916923285,9247.681367839157,102364.43995813288,668.6754715994286,527.1129214494695
0.71875,0.40625,0.01,0.5157838907790698,19.84658769091371,-1.873999139448624,0.0,496360.20340607903,9247.689206482799,102364.84438448,668.6812721673922,527.1152077212294
0.71875,0.40625,0.03,0.5157838907790698,19.846198248536794,-1.874018725748215,0.0,496355.8916923285,9247.681367839157,102364.43995813288,668.6754715994286,527.1129214494695
0.71875,0.46875,-0.01,0.5155024777723454,19.809081846954733,-2.2029260204371313,0.0,496642.1071660411,9248.271364949323,102367.6178344472,669.061294963215,527.2649706581266
0.71875,0.46875,0.01,0.5155024777723454,19.809477716847155,-2.202910711293646,0.0,496646.40479720617,9248.279168466825,102368.02234921377,669.0670763958193,527.2672487306515
0.71875,0.46875,0.03,0.5155024777723454,19.809081846954733,-2.2029260204371313,0.0,496642.1071660411,9248.271364949323,102367.6178344472,669.061294963215,527.2649706581266
0.71875,0.53125,-0.01,0.5152434271153594,19.76751642532069,-2.5505885399414367,0.0,496911.21018479596,9248.822655329675,102371.63358310444,669.4239623733599,527.4078543645122
0.71875,0.53125,0.01,0.5152434271153594,19.767916287865358,-2.5505791449238737,0.0,496915.4948614322,9248.83042632448,102372.03825736414,669.4297262496802,527.4101249040135
0.71875,0.53125,0.03,0.5152434271153594,19.76751642532069,-2.5505885399414367,0.0,496911.21018479596,9248.822655329675,102371.63358310444,669.4239623733599,527.4078543645122
0.71875,0.59375,-0.01,0.515010628293533,19.72024288565058,-2.9209977209805063,0.0,497159.9318240292,9249.32812873862,102376.59819357908,669.7590589224413,527.5398413043823
0.71875,0.59375,0.01,0.515010628293533,19.720644089842725,-2.92099575292794,0.0,497164.20512821636,9249.335870803878,102377.00310443247,669.7648074372813,527.542105226056
0.71875,0.59375,0.03,0.515010628293533,19.72024288565058,-2.9209977209805063,0.0,497159.9318240292,9249.32812873862,102376.59819357908,669.7590589224413,527.5398413043823
0.71875,0.65625,-0.01,0.5148068167377787,19.666587038087716,-3.3191334165962965,0.0,497386.1554091978,9249.783030837161,102382.62737717108,670.0636924029861,527.6598008824329
0.71875,0.65625,0.01,0.5148068167377787,19.666986591624678,-3.3191402363153464,0.0,497390.41926406627,9249.790748294521,102383.03261030323,670.0694282174048,527.662059288799
0.71875,0.65625,0.03,0.5148068167377787,19.666587038087716,-3.3191334165962965,0.0,497386.1554091978,9249.783030837161,102382.62737717108,670.0636924029861,527.6598008824329
0.71875,0.71875,-0.01,0.5146354182025689,19.605877111556612,-3.751117097345497,0.0,497587.1971348022,9250.181342924128,102389.85464960955,670.3341866393616,527.766294142007
0.71875,0.71875,0.01,0.5146354182025689,19.60627158994039,-3.751133888061877,0.0,497591.4537865525,9250.189040794112,102390.26030108708,670.3399128584905,527.7685483154145
0.71875,0.71875,0.03,0.5146354182025689,19.605877111556612,-3.751117097345497,0.0,497587.1971348022,9250.181342924128,102389.85464960955,670.3341866393616,527.766294142007
0.71875,0.78125,-0.01,0.5145306539523451,19.529656482125613,-4.22189510005921,0.0,497731.1380162609,9250.455895580271,102398.55589547504,670.5276577843503,527.8424503225875
0.71875,0.78125,0.01,0.5145306539523451,19.530042600264796,-4.221923068467965,0.0,497735.39369390096,9250.463587755794,102398.96206060771,670.5333828769793,527.844703727377
0.71875,0.78125,0.03,0.5145306539523451,19.529656482125613,-4.22189510005921,0.0,497731.1380162609,9250.455895580271,102398.55589547504,670.5276577843503,527.8424503225875
0.71875,0.84375,-0.01,0.5147680048441448,19.373241556081616,-4.716792379105309,0.0,497555.802910476,9250.058694388368,102409.86866532385,670.292476551357,527.7498743312212
0.71875,0.84375,0.01,0.5147680048441448,19.37362174497089,-4.716834861646298,0.0,497560.1011837151,9250.066477472536,102410.27534583553,670.2982591757417,527.7521507797995
0.71875,0.84375,0.03,0.5147680048441448,19.373241556081616,-4.716792379105309,0.0,497555.802910476,9250.058694388368,102409.86866532385,670.292476551357,527.7498743312212
0.71875,0.90625,-0.01,0.5169154160007724,18.796907837748698,-5.107976647281221,0.0,495571.9726175809,9245.870973125388,102428.83526845516,667.6310849497786,526.7011186795904
0.71875,0.90625,0.01,0.5169154160007724,18.797322772905787,-5.108052467625752,0.0,495576.57541014353,9245.879429690358,102429.24185252468,667.6372771407318,526.7035612159053
0.71875,0.90625,0.03,0.5169154160007724,18.796907837748698,-5.107976647281221,0.0,495571.9726175809,9245.870973125388,102428.83526845516,667.6310849497786,526.7011186795904
0.71875,0.96875,-0.01,0.5288646741674058,16.21665656581371,-4.708577855049265,0.0,484566.6657039093,9222.489492487715,102478.74702455832,652.8626554934149,520.8430575620873
0.71875,0.96875,0.01,0.5288646741674058,16.21729408863523,-4.708791024569742,0.0,484572.538660131,9222.500879079023,102479.15548642729,652.870555242447,520.8462086972906
0.71875,0.96875,0.03,0.5288646741674058,16.21665656581371,-4.708577855049265,0.0,484566.6657039093,9222.489492487715,102478.74702455832,652.8626554934149,520.8430575620873
0.71875,1.03125,-0.01,0.5263731203970619,0.07675840006394015,-0.022287140463466533,0.0,485629.20049566205,9225.734612449907,102249.70532787468,654.4867888158728,521.4905085318154
0.71875,1.03125,0.01,0.5238815666267179,-16.21665656581371,4.708577855049265,0.0,486701.8417292013,9228.562500225878,101960.6262252011,655.7402512148327,521.989644710302
0.71875,1.03125,0.03,0.5263731203970619,0.07675840006394015,-0.022287140463466533,0.0,485629.20049566205,9225.734612449907,102249.70532787468,654.4867888158728,521.4905085318154
0.78125,-0.03125,-0.01,0.5255167740900533,20.295243414064416,0.0,0.0,487157.5846808334,9228.236312096325,102361.13107608871,656.2690515205056,522.2000730446142
0.78125,-0.03125,0.01,0.5255167740900533,20.295243414064416,0.16930146636213783,0.0,487157.5846808334,9228.236290258494,102361.12806349414,656.2690322058247,522.2000653601685
0.78125,-0.03125,0.03,0.5255167740900533,20.295243414064416,0.0,0.0,487157.5846808334,9228.236312096325,102361.13107608871,656.2690515205056,522.2000730446142
0.78125,0.03125,-0.01,0.5255167740900533,20.295243414064416,-0.16930146636213783,0.0,487157.5846808334,9228.236290258494,102361.12806349414,656.2690322058247,522.2000653601685
0.78125,0.03125,0.01,0.5255167740900533,20.295572567188028,-0.16927798188899848,0.0,487162.53796491586,9228.245654035083,102361.53800097521,656.275698793104,522.202717689702
0.78125,0.03125,0.03,0.5255167740900533,20.295243414064416,-0.16930146636213783,0.0,487157.5846808334,9228.236290258494,102361.12806349414,656.2690322058247,522.2000653601685
0.78125,0.09375,-0.01,0.5248797735836646,20.263883094263235,-0.5112471177003696,0.0,487746.0988686904,9229.493280275316,102360.72096886148,657.0628783057325,522.5158056878261
0.78125,0.09375,0.01,0.5248797735836646,20.264232098425104,-0.5112355641915796,0.0,487751.0305000479,9229.502599970197,102361.12551308793,657.0695151858184,522.518444602687
0.78125,0.09375,0.03,0.5248797735836646,20.263883094263235,-0.5112471177003696,0.0,487746.0988686904,9229.493280275316,102360.72096886148,657.0628783057325,522.5158056878261
0.78125,0.15625,-0.01,0.5242755404409026,20.224610281956803,-0.8607113029093344,0.0,488308.1244807889,9230.690871944626,102360.86069797131,657.821073636505,522.8171884296083
0.78125,0.15625,0.01,0.5242755404409026,20.224978369304154,-0.8606949593523446,0.0,488313.04211648845,9230.700149712222,102361.26499200644,657.8276911638307,522.8198181327816
0.78125,0.15625,0.03,0.5242755404409026,20.224610281956803,-0.8607113029093344,0.0,488308.1244807889,9230.690871944626,102360.86069797131,657.821073636505,522.8171884296083
0.78125,0.21875,-0.01,0.5236956362432056,20.19032894773807,-1.2203918518016095,0.0,488851.1373435216,9231.844853696382,102361.45172065777,658.5533261103457,523.1080940545374
0.78125,0.21875,0.01,0.5236956362432056,20.19071370734093,-1.2203731043221058,0.0,488856.04154940957,9231.854091175099,102361.85582720583,658.5599251134051,523.1107149381688
0.78125,0.21875,0.03,0.5236956362432056,20.19032894773807,-1.2203918518016095,0.0,488851.1373435216,9231.844853696382,102361.45172065777,658.5533261103457,523.1080940545374
0.78125,0.28124999999999994,-0.01,0.5231387007670382,20.160785486655833,-1.5934873702577843,0.0,489376.59091131727,9232.958240747186,102362.55908186032,659.2615804239866,523.3893119827486
0.78125,0.28124999999999994,0.01,0.5231387007670382,20.161184586337683,-1.5934684693667773,0.0,489381.4822345235,9232.967439484693,102362.96306408184,659.268161700377,523.391924421595
0.78125,0.28124999999999994,0.03,0.5231387007670382,20.160785486655833,-1.5934873702577843,0.0,489376.59091131727,9232.958240747186,102362.55908186032,659.2615804239866,523.3893119827486
0.78125,0.34375000000000006,-0.01,0.5226063140452313,20.134364940893963,-1.9835995864459914,0.0,489883.30841262214,9234.02841714652,102364.27489389884,659.944265166005,523.6602343712748
0.78125,0.34375000000000006,0.01,0.5226063140452313,20.134776109736126,-1.983582700284835,0.0,489888.1873190488,9234.037578524712,102364.67881577015,659.9508293994469,523.6628386968644
0.78125,0.34375000000000006,0.03,0.5226063140452313,20.134364940893963,-1.9835995864459914,0.0,489883.30841262214,9234.02841714652,102364.27489389884,659.944265166005,523.6602343712748
0.78125,0.40624999999999994,-0.01,0.522101137848094,20.10946912007256,-2.3949030737125985,0.0,490369.1491447542,9235.050681954679,102366.70154905316,660.5984986391405,523.9197344579947
0.78125,0.40624999999999994,0.01,0.522101137848094,20.10989008866645,-2.394890311430894,0.0,490374.0161453873,9235.059807478749,102367.10547617308,660.6050465712885,523.9223310294207
0.78125,0.40624999999999994,0.03,0.522101137848094,20.10946912007256,-2.3949030737125985,0.0,490369.1491447542,9235.050681954679,102366.70154905316,660.5984986391405,523.9197344579947
0.78125,0.46875000000000006,-0.01,0.5216266649857607,20.084698723604838,-2.8323636255772047,0.0,490831.2390628269,9236.018735143292,102369.95104153108,661.2203913201671,524.166287547526
0.78125,0.46875000000000006,0.01,0.5216266649857607,20.085127176553822,-2.832357056459796,0.0,490836.09488655836,9236.027826820016,102370.35504253868,661.2269239844494,524.1688768460203
0.78125,0.46875000000000006,0.03,0.5216266649857607,20.084698723604838,-2.8323636255772047,0.0,490831.2390628269,9236.018735143292,102369.95104153108,661.2203913201671,524.166287547526
0.78125,0.53125,-0.01,0.5211869572668324,20.05892641663619,-3.302023852046177,0.0,491266.2283958426,9236.92521059838,102374.14701922335,661.8053860520063,524.3981064156599
0.78125,0.53125,0.01,0.5211869572668324,20.059359930837378,-3.302025523600495,0.0,491271.0741477922,9236.934271276428,102374.55116735867,661.8119049879991,524.4006891305669
0.78125,0.53125,0.03,0.5211869572668324,20.05892641663619,-3.302023852046177,0.0,491266.2283958426,9236.92521059838,102374.14701922335,661.8053860520063,524.3981064156599
0.78125,0.59375,-0.01,0.5207859415898219,20.031502224262244,-3.8114229668105732,0.0,491670.970076874,9237.763087538526,102379.42579399422,662.3491591154684,524.6134982972316
0.78125,0.59375,0.01,0.5207859415898219,20.031938182338116,-3.8114349183197493,0.0,491675.8073253508,9237.772121080907,102379.83016948552,662.3556664873475,524.6160753720978
0.78125,0.59375,0.03,0.5207859415898219,20.031502224262244,-3.8114229668105732,0.0,491670.970076874,9237.763087538526,102379.42579399422,662.3491591154684,524.6134982972316
0.78125,0.65625,-0.01,0.5204262736352105,20.002555973409436,-4.370202301056484,0.0,492043.6181351833,9238.52797109844,102385.93711004862,662.8490804290733,524.8114422341499
0.78125,0.65625,0.01,0.5204262736352105,20.002991441826307,-4.370226567542202,0.0,492048.4488450867,9238.536982207705,102386.34180293595,662.8555789375334,524.8140148282283
0.78125,0.65625,0.03,0.5204262736352105,20.002555973409436,-4.370202301056484,0.0,492043.6181351833,9238.52797109844,102385.93711004862,662.8490804290733,524.8114422341499
0.78125,0.71875,-0.01,0.5201111328853122,19.97240949220188,-4.990566377390448,0.0,492382.0270214864,9239.214648836683,102393.86180599565,663.302056030513,524.9907335580302
0.78125,0.71875,0.01,0.5201111328853122,19.972841139234006,-4.9906050124094,0.0,492386.8534806649,9239.22364289997,102394.26691834308,663.3085488138588,524.9933030078904
0.78125,0.71875,0.03,0.5201111328853122,19.97240949220188,-4.990566377390448,0.0,492382.0270214864,9239.214648836683,102393.86180599565,663.302056030513,524.9907335580302
0.78125,0.78125,-0.01,0.5198780914607409,19.933253900633122,-5.684425310150026,0.0,492652.1757928678,9239.75042904571,102403.55279869332,663.6621996519956,525.1332375687119
0.78125,0.78125,0.01,0.5198780914607409,19.933678634763442,-5.684480743798096,0.0,492657.0035624604,9239.759419022894,102403.95843270591,663.6686942450673,525.1358070372943
0.78125,0.78125,0.03,0.5198780914607409,19.933253900633122,-5.684425310150026,0.0,492652.1757928678,9239.75042904571,102403.55279869332,663.6621996519956,525.1332375687119
0.78125,0.84375,-0.01,0.5200443630300334,19.817158287456557,-6.438308825230893,0.0,492558.347321555,9239.510693113214,102416.32379509244,663.532697479778,525.081999745561
0.78125,0.84375,0.01,0.5200443630300334,19.817579272260758,-6.438386885571835,0.0,492563.21563647623,9239.51976911108,102416.72995420247,663.5392466300887,525.0845910515128
0.78125,0.84375,0.03,0.5200443630300334,19.817158287456557,-6.438308825230893,0.0,492558.347321555,9239.510693113214,102416.32379509244,663.532697479778,525.081999745561
0.78125,0.90625,-0.01,0.5224630235197115,19.26172541751962,-7.084714371357217,0.0,490374.44852787885,9234.84449744492,102437.66321624743,660.5981737277451,523.919605614595
0.78125,0.90625,0.01,0.5224630235197115,19.262186708534365,-7.084842816998744,0.0,490379.60451759363,9234.8542272434,102438.06925035306,660.6051092996299,523.9223559041762
0.78125,0.90625,0.03,0.5224630235197115,19.26172541751962,-7.084714371357217,0.0,490374.44852787885,9234.84449744492,102437.66321624743,660.5981737277451,523.919605614595
0.78125,0.96875,-0.01,0.5363927043395117,16.57066443550134,-6.683189931604017,0.0,477849.054224164,9207.906264359804,102492.58560338951,643.786291442609,517.2098991900995
0.78125,0.96875,0.01,0.5363927043395117,16.57136387113337,-6.683506683448565,0.0,477855.3309755012,9207.918702963194,102492.99348190127,643.7947322027392,517.2132897798375
0.78125,0.96875,0.03,0.5363927043395117,16.57066443550134,-6.683189931604017,0.0,477849.054224164,9207.906264359804,102492.58560338951,643.786291442609,517.2098991900995
0.78125,1.03125,-0.01,0.5336994346018396,0.08362180144871584,-0.03372588852305354,0.0,479013.74152394437,9211.454479471693,102260.68227581933,645.5710747424847,517.9263393350421
0.78125,1.03125,0.01,0.5310061648641674,-16.57066443550134,6.683189931604017,0.0,480190.2433440475,9214.529529546488,101960.6262252011,646.9415328440693,518.4757908787716
0.78125,1.03125,0.03,0.5336994346018396,0.08362180144871584,-0.03372588852305354,0.0,479013.74152394437,9211.454479471693,102260.68227581933,645.5710747424847,517.9263393350421
0.84375,-0.03125,-0.01,0.5339427781325637,20.62096192845935,0.0,0.0,479495.3275995009,9211.736369575812,102364.53169108042,645.9335789273225,518.0717331759001
0.84375,-0.03125,0.01,0.5339427781325637,20.62096192845935,0.20352666855034085,0.0,479495.32759950095,9211.736337511287,102364.52726753606,645.9335510141791,518.0717219820165
0.84375,-0.03125,0.03,0.5339427781325637,20.62096192845935,0.0,0.0,479495.3275995009,9211.736369575812,102364.53169108042,645.9335789273225,518.0717331759001
0.84375,0.03125,-0.01,0.5339427781325637,20.62096192845935,-0.20352666855034085,0.0,479495.3275995009,9211.736337511287,102364.52726753605,645.9335510141791,518.0717219820164
0.84375,0.03125,0.01,0.5339427781325637,20.62131580376196,-0.20350291800374018,0.0,479500.5953243537,9211.746551096674,102364.93694811725,645.9406405456813,518.0745650575228
0.84375,0.03125,0.03,0.5339427781325637,20.62096192845935,-0.20352666855034085,0.0,479495.3275995009,9211.736337511287,102364.52726753605,645.9335510141791,518.0717219820164
0.84375,0.09375000000000001,-0.01,0.5329557414637557,20.587871847691936,-0.6156910096413363,0.0,480378.3417606028,9213.65207081152,102363.6531309211,647.124288395262,518.5490182364626
0.84375,0.09375000000000001,0.01,0.5329557414637557,20.588246450576236,-0.6156804146998808,0.0,480383.59974763426,9213.66225767803,102364.05721346548,647.1313642459471,518.5518532138092
0.84375,0.09375000000000001,0.03,0.5329557414637557,20.587871847691936,-0.6156910096413363,0.0,480378.3417606028,9213.65207081152,102363.6531309211,647.124288395262,518.5490182364626
0.84375,0.15625,-0.01,0.5320091978127492,20.547989049100376,-1.0395591272523546,0.0,481230.71077052836,9215.496392357221,102363.33845946097,648.2736664446869,519.0093196476305
0.84375,0.15625,0.01,0.5320091978127492,20.548383771610634,-1.0395446064743343,0.0,481235.9653411343,9215.506551641014,102363.74227327015,648.280737165535,519.0121500572247
0.84375,0.15625,0.03,0.5320091978127492,20.547989049100376,-1.0395591272523546,0.0,481230.71077052836,9215.496392357221,102363.33845946097,648.2736664446869,519.0093196476305
0.84375,0.21875,-0.01,0.5311103609243571,20.51539242153222,-1.4789150817842605,0.0,482045.34460398194,9217.254007417097,102363.48172849478,649.37171205656,519.4486825411552
0.84375,0.21875,0.01,0.5311103609243571,20.5158048312292,-1.4788991678459622,0.0,482050.59567688295,9217.264139869256,102363.88533459725,649.3787776031967,519.4515084872507
0.84375,0.21875,0.03,0.5311103609243571,20.51539242153222,-1.4789150817842605,0.0,482045.34460398194,9217.254007417097,102363.48172849478,649.37171205656,519.4486825411552
0.84375,0.28125,-0.01,0.5302558945961129,20.49024602772586,-1.9381364765706937,0.0,482825.2074736641,9218.931465187126,102364.14868473253,650.4223776226747,519.8687395389088
0.84375,0.28125,0.01,0.5302558945961129,20.490673787126912,-1.9381215873936746,0.0,482830.4551435454,9218.941571845095,102364.55214461667,650.4294381802914,519.8715612078379
0.84375,0.28125,0.03,0.5302558945961129,20.49024602772586,-1.9381364765706937,0.0,482825.2074736641,9218.931465187126,102364.14868473253,650.4223776226747,519.8687395389088
0.84375,0.34375,-0.01,0.5294451897284294,20.47132563994708,-2.422330224389848,0.0,483570.9507078859,9220.530236640556,102365.434054519,651.4265219397566,520.269880347121
0.84375,0.34375,0.01,0.5294451897284294,20.47176649541778,-2.4223187378777196,0.0,483576.19501163176,9220.54031837864,102365.83743070306,651.4335776089977,520.2726978884158
0.84375,0.34375,0.03,0.5294451897284294,20.47132563994708,-2.422330224389848,0.0,483570.9507078859,9220.530236640556,102365.434054519,651.4265219397566,520.269880347121
0.84375,0.40625,-0.01,0.5286791624997632,20.457504065026118,-2.9376465133131395,0.0,484281.9250035555,9222.048905266302,102367.44410347086,652.3832282799885,520.6517828788267
0.84375,0.40625,0.01,0.5286791624997632,20.457955786484547,-2.937640811817134,0.0,484287.16600882035,9222.05896301804,102367.84746016833,652.3902791975332,520.6545964573432
0.84375,0.40625,0.03,0.5286791624997632,20.457504065026118,-2.9376465133131395,0.0,484281.9250035555,9222.048905266302,102367.44410347086,652.3832282799885,520.6517828788267
0.84375,0.46875,-0.01,0.5279599569604211,20.447979491264793,-3.4916716335134406,0.0,484956.44565964234,9223.483733480536,102370.29699080413,653.2901480345101,521.0135529055839
0.84375,0.46875,0.01,0.5279599569604211,20.448439829190995,-3.4916741500170576,0.0,484961.68363504205,9223.493768623926,102370.70039544335,653.297194602605,521.0163627960973
0.84375,0.46875,0.03,0.5279599569604211,20.447979491264793,-3.4916716335134406,0.0,484956.44565964234,9223.483733480536,102370.29699080413,653.2901480345101,521.0135529055839
0.84375,0.53125,-0.01,0.5272906258328864,20.4423902582396,-4.093948463625488,0.0,485592.0989231438,9224.82930020412,102374.12586195367,654.1438989978399,521.3538845271822
0.84375,0.53125,0.01,0.5272906258328864,20.44285688940091,-4.093961734778453,0.0,485597.3345124572,9224.839314945106,102374.52938680307,654.1509421188866,521.3566912098086
0.84375,0.53125,0.03,0.5272906258328864,20.4423902582396,-4.093948463625488,0.0,485592.0989231438,9224.82930020412,102374.12586195367,654.1438989978399,521.3538845271822
0.84375,0.59375,-0.01,0.526674317501147,20.441083712618997,-4.756739985787038,0.0,486186.51581262203,9226.08011524662,102379.08123258897,654.9410829828875,521.6714663474028
0.84375,0.59375,0.01,0.526674317501147,20.441554160822722,-4.7567667105916485,0.0,486191.75015845464,9226.090112871983,102379.4849573191,654.948124225647,521.6742705733539
0.84375,0.59375,0.03,0.526674317501147,20.441083712618997,-4.756739985787038,0.0,486186.51581262203,9226.08011524662,102379.08123258897,654.9410829828875,521.6714663474028
0.84375,0.65625,-0.01,0.5261129191910822,20.44550778932653,-5.496135226443355,0.0,486738.67427637894,9227.233324804372,102385.33392463742,655.6800015239669,521.9656638450836
0.84375,0.65625,0.01,0.5261129191910822,20.445979314570476,-5.496178330932593,0.0,486743.90900751826,9227.243309611602,102385.73793937446,655.6870431055654,521.9684666253552
0.84375,0.65625,0.03,0.5261129191910822,20.44550778932653,-5.496135226443355,0.0,486738.67427637894,9227.233324804372,102385.33392463742,655.6800015239669,521.9656638450836
0.84375,0.7187499999999999,-0.01,0.5256086007451263,20.457671157904546,-6.333105590791515,0.0,487247.61504664854,9228.285845291493,102393.09802507327,656.3588986237653,522.2358179559757
0.84375,0.7187499999999999,0.01,0.5256086007451263,20.45814069283113,-6.333168343838322,0.0,487252.8521745411,9228.29582235314,102393.50243303365,656.3659432663092,522.2386205040917
0.84375,0.7187499999999999,0.03,0.5256086007451263,20.457671157904546,-6.333105590791515,0.0,487247.61504664854,9228.285845291493,102393.09802507327,656.3588986237653,522.2358179559757
0.84375,0.7812500000000001,-0.01,0.5251994336811976,20.471363162375173,-7.290365549243516,0.0,487679.98689853685,9229.165081693394,102402.7932277433,656.9324445131442,522.4639407117985
0.84375,0.7812500000000001,0.01,0.5251994336811976,20.471828029208787,-7.290452161793567,0.0,487685.23095431476,9229.175062146896,102403.19813265103,656.9394982972024,522.4667456713905
0.84375,0.7812500000000001,0.03,0.5251994336811976,20.471363162375173,-7.290365549243516,0.0,487679.98689853685,9229.165081693394,102402.7932277433,656.9324445131442,522.4639407117985
0.84375,0.84375,-0.01,0.5252275193060493,20.416740579758493,-8.359926724271652,0.0,487723.6905723669,9229.204672339516,102415.93516654518,656.9815697264131,522.4834751958374
0.84375,0.84375,0.01,0.5252275193060493,20.417204957870403,-8.36004653854637,0.0,487728.9744712879,9229.214734865604,102416.34056614684,656.9886767561707,522.4863012230311
0.84375,0.84375,0.03,0.5252275193060493,20.416740579758493,-8.359926724271652,0.0,487723.6905723669,9229.204672339516,102415.93516654518,656.9815697264131,522.4834751958374
0.84375,0.90625,-0.01,0.5277516449331198,19.910045750891985,-9.333260704293886,0.0,485497.7006351317,9224.388049548674,102438.61098861245,653.983747704236,521.2900601834492
0.84375,0.90625,0.01,0.5277516449331198,19.910557354079238,-9.333452893322276,0.0,485503.24451349844,9224.398717797485,102439.01617497488,653.9912030929479,521.2930315179569
0.84375,0.90625,0.03,0.5277516449331198,19.910045750891985,-9.333260704293886,0.0,485497.7006351317,9224.388049548674,102438.61098861245,653.983747704236,521.2900601834492
0.84375,0.96875,-0.01,0.543015812165133,17.14263736850476,-8.975514577903548,0.0,472076.423341681,9195.199109119552,102498.31580738825,635.9692835616412,514.0602656357843
0.84375,0.96875,0.01,0.543015812165133,17.1434037268563,-8.975957870033513,0.0,472082.8954460518,9195.212140393003,102498.72276528695,635.9779830061163,514.0637815472916
0.84375,0.96875,0.03,0.543015812165133,17.14263736850476,-8.975514577903548,0.0,472076.423341681,9195.199109119552,102498.31580738825,635.9692835616412,514.0602656357843
0.84375,1.03125,-0.01,0.5403133103861046,0.08574330998619212,-0.044893344716764066,0.0,473192.7805574581,9198.726837832906,102269.93228516157,637.7261130374585,514.7698072821722
0.84375,1.03125,0.01,0.5376108086070762,-17.14263736850476,8.975514577903548,0.0,474320.3614066211,9201.688189265564,101960.6262252011,638.9934588513179,515.2810514873408
0.84375,1.03125,0.03,0.5403133103861046,0.08574330998619212,-0.044893344716764066,0.0,473192.7805574581,9198.726837832906,102269.93228516157,637.7261130374585,514.7698072821722
0.90625,-0.03125,-0.01,0.5426390793313306,21.040895624803486,0.0,0.0,471836.5588244969,9194.974807977058,102367.49018517694,635.5999988950807,513.9109957384488
0.90625,-0.03125,0.01,0.5426390793313306,21.040895624803486,0.2355595188285856,0.0,471836.5588244969,9194.974764326736,102367.48416310994,635.5999615040517,513.9109806222898
0.90625,-0.03125,0.03,0.5426390793313306,21.040895624803486,0.0,0.0,471836.5588244969,9194.974807977058,102367.49018517694,635.5999988950807,513.9109957384488
0.90625,0.03125,-0.01,0.5426390793313306,21.040895624803486,-0.2355595188285856,0.0,471836.5588244969,9194.974764326736,102367.48416310994,635.5999615040517,513.9109806222898
0.90625,0.03125,0.01,0.5426390793313306,21.0412741561212,-0.2355352477205583,0.0,471841.9324823665,9194.985395803458,102367.8936258483,635.6071929041555,513.9139040690908
0.90625,0.03125,0.03,0.5426390793313306,21.040895624803486,-0.2355595188285856,0.0,471836.5588244969,9194.974764326736,102367.48416310994,635.5999615040517,513.9109806222898
0.90625,0.09375,-0.01,0.5412609163446769,21.00309828029944,-0.713660352184008,0.0,473030.13511722913,9197.60589467516,102366.04195352823,637.2093199366494,514.5611884121038
0.90625,0.09375,0.01,0.5412609163446769,21.003498174102813,-0.7136507023992517,0.0,473035.52086891513,9197.616538930188,102366.44554417317,637.2165670518567,514.5641145099291
0.90625,0.09375,0.03,0.5412609163446769,21.00309828029944,-0.713660352184008,0.0,473030.13511722913,9197.60589467516,102366.04195352823,637.2093199366494,514.5611884121038
0.90625,0.15625,-0.01,0.5399215569566762,20.96002383587236,-1.2080135998188595,0.0,474198.35794876347,9200.172991186573,102365.13033196218,638.7843221034158,515.1967211856179
0.90625,0.15625,0.01,0.5399215569566762,20.960444672963774,-1.2080008487043166,0.0,474203.76048354036,9200.183643001155,102365.53363877509,638.7915912804189,515.1996525705734
0.90625,0.15625,0.03,0.5399215569566762,20.96002383587236,-1.2080135998188595,0.0,474198.35794876347,9200.172991186573,102365.13033196218,638.7843221034158,515.1967211856179
0.90625,0.21875,-0.01,0.5386565118058685,20.926942616134234,-1.7234130386496538,0.0,475309.2577668183,9202.60616432364,102364.63344969717,640.2814073139323,515.8000875989507
0.90625,0.21875,0.01,0.5386565118058685,20.927381991351133,-1.7233998470772616,0.0,475314.6752900072,9202.61682111851,102365.03653056521,640.2886961967448,515.8030234921771
0.90625,0.21875,0.03,0.5386565118058685,20.926942616134234,-1.7234130386496538,0.0,475309.2577668183,9202.60616432364,102364.63344969717,640.2814073139323,515.8000875989507
0.90625,0.28125,-0.01,0.5374613982241685,20.90453933841765,-2.2653592062333656,0.0,476366.1835668903,9204.913335907208,102364.61097747514,641.7050104558596,516.3731847652614
0.90625,0.28125,0.01,0.5374613982241685,20.9049949612735,-2.2653481448560946,0.0,476371.6148093183,9204.923996171343,102365.01389016931,641.7123173868517,516.3761246616507
0.90625,0.28125,0.03,0.5374613982241685,20.90453933841765,-2.2653592062333656,0.0,476366.1835668903,9204.913335907208,102364.61097747514,641.7050104558596,516.3731847652614
0.90625,0.34375,-0.01,0.5363326871165374,20.892127115154157,-2.8404073784556263,0.0,477371.9440924784,9207.101086588504,102365.14876702959,643.0588539726989,516.9176094918182
0.90625,0.34375,0.01,0.5363326871165374,20.892596805594685,-2.840401027350217,0.0,477377.3879149671,9207.111749018532,102365.55157022353,643.0661774600112,516.9205529461793
0.90625,0.34375,0.03,0.5363326871165374,20.892127115154157,-2.8404073784556263,0.0,477371.9440924784,9207.101086588504,102365.14876702959,643.0588539726989,516.9176094918182
0.90625,0.40625,-0.01,0.5352686858361714,20.88923123133602,-3.456657537725128,0.0,478327.8764744548,9209.172611409931,102366.34357383405,644.3446391416038,517.4341353796821
0.90625,0.40625,0.01,0.5352686858361714,20.88971286101634,-3.4566585540661285,0.0,478333.3318784448,9209.183274968358,102366.74632725646,644.3519778740662,517.4370820169655
0.90625,0.40625,0.03,0.5352686858361714,20.88923123133602,-3.456657537725128,0.0,478327.8764744548,9209.172611409931,102366.34357383405,644.3446391416038,517.4341353796821
0.90625,0.46875,-0.01,0.5342693530724585,20.895882337386993,-4.124357916404491,0.0,479233.99309299036,9211.128041210464,102368.30332709232,645.5622223444069,517.9227882885131
0.90625,0.46875,0.01,0.5342693530724585,20.89637379503509,-4.124369115761684,0.0,479239.45935568295,9211.1387054434,102368.7060932065,645.5695753726286,517.9257378802821
0.90625,0.46875,0.03,0.5342693530724585,20.895882337386993,-4.124357916404491,0.0,479233.99309299036,9211.128041210464,102368.30332709232,645.5622223444069,517.9227882885131
0.90625,0.53125,-0.01,0.533335924553322,20.912788775702563,-4.85668820558721,0.0,480089.31178923754,9212.965145052012,102371.1477534863,646.7100346521371,518.3830182390777
0.90625,0.53125,0.01,0.533335924553322,20.913287924790136,-4.856712659803612,0.0,480094.7886281084,9212.975810459608,102371.55059882886,646.7174016081748,518.3859707941842
0.90625,0.53125,0.03,0.533335924553322,20.912788775702563,-4.85668820558721,0.0,480089.31178923754,9212.965145052012,102371.1477534863,646.7100346521371,518.3830182390777
0.90625,0.59375,-0.01,0.5324700002510815,20.941703556210637,-5.670936216520152,0.0,480892.70238837955,9214.681104641828,102375.01019775838,647.7861794550881,518.8141413716268
0.90625,0.59375,0.01,0.5324700002510815,20.942208169710128,-5.670977373422025,0.0,480898.1901037789,9214.69177297381,102375.41319533686,647.7935607413506,518.8170972117688
0.90625,0.59375,0.03,0.5324700002510815,20.941703556210637,-5.670936216520152,0.0,480892.70238837955,9214.681104641828,102375.01019775838,647.7861794550881,518.8141413716268
0.90625,0.65625,-0.01,0.5316719762860824,20.98595301319451,-6.590212665514807,0.0,481644.36268016614,9216.275587372988,102380.0391058425,648.7903532570642,519.2161087498878
0.90625,0.65625,0.01,0.5316719762860824,20.986460683754405,-6.590274499835035,0.0,481649.8621927776,9216.28626165648,102380.44233790389,648.7977500913349,519.2190685230576
0.90625,0.65625,0.03,0.5316719762860824,20.98595301319451,-6.590212665514807,0.0,481644.36268016614,9216.275587372988,102380.0391058425,648.7903532570642,519.2161087498878
0.90625,0.71875,-0.01,0.5309421832258507,21.050014139940842,-7.645276739235936,0.0,482344.96718907653,9217.748711118316,102386.421618916,649.7226287240172,519.589017096593
0.90625,0.71875,0.01,0.5309421832258507,21.050522248437353,-7.645364001730478,0.0,482350.4799358042,9217.759395395991,102386.82517931673,649.7300429878418,519.5919817147951
0.90625,0.71875,0.03,0.5309421832258507,21.050014139940842,-7.645276739235936,0.0,482344.96718907653,9217.748711118316,102386.421618916,649.7226287240172,519.589017096593
0.90625,0.78125,-0.01,0.530316619363495,21.13035743429939,-8.871370160574992,0.0,482963.8454903229,9219.032353721577,102394.56423031715,650.5407666892306,519.9160503145764
0.90625,0.78125,0.01,0.530316619363495,21.130863964984623,-8.87148928354783,0.0,482969.3748131125,9219.043056785875,102394.968210233,650.5482027575538,519.9190217811027
0.90625,0.78125,0.03,0.530316619363495,21.13035743429939,-8.871370160574992,0.0,482963.8454903229,9219.032353721577,102394.56423031715,650.5407666892306,519.9160503145764
0.90625,0.84375,-0.01,0.5301474162128736,21.1566215881276,-10.268658659347478,0.0,483186.1924005511,9219.447352420344,102406.09976941608,650.8216555346472,520.0282822191084
0.90625,0.84375,0.01,0.5301474162128736,21.157132065375663,-10.26882324299777,0.0,483191.7644032274,9219.458139619688,102406.5041324888,650.8291481391017,520.0312756313407
0.90625,0.84375,0.03,0.5301474162128736,21.1566215881276,-10.268658659347478,0.0,483186.1924005511,9219.447352420344,102406.09976941608,650.8216555346472,520.0282822191084
0.90625,0.90625,-0.01,0.5326257883828713,20.72422078128792,-11.590147202035899,0.0,481046.02128907945,9214.7588863432,102427.77422454118,647.9300658618613,518.8717577272063
0.90625,0.90625,0.01,0.5326257883828713,20.724787116010432,-11.590408850659655,0.0,481051.82423014427,9214.770222415596,102428.17817688143,647.9378666320478,518.8748812025385
0.90625,0.90625,0.03,0.5326257883828713,20.72422078128792,-11.590147202035899,0.0,481046.02128907945,9214.7588863432,102427.77422454118,647.9300658618613,518.8717577272063
0.90625,0.96875,-0.01,0.5486445081871476,17.906835040165994,-11.302869684254427,0.0,467235.636392496,9184.428598815639,102490.32664334179,629.3954603643779,511.3965209997095
0.90625,0.96875,0.01,0.5486445081871476,17.907674960521614,-11.303449161413253,0.0,467242.1707561494,9184.44191111861,102490.73215993894,629.4042376865648,511.4000868630366
0.90625,0.96875,0.03,0.5486445081871476,17.906835040165994,-11.302869684254427,0.0,467235.636392496,9184.428598815639,102490.32664334179,629.3954603643779,511.3965209997095
0.90625,1.03125,-0.01,0.5460883966812783,0.0838187715663346,-0.05290676157922472,0.0,468209.1596801275,9187.715164394149,102274.450103851,631.0096425441664,512.0518788852864
0.90625,1.03125,0.01,0.543532285175409,-17.90683504016599,11.302869684254425,0.0,469191.83961384307,9190.308732745754,101960.6262252011,632.0318528459777,512.4664627998213
0.90625,1.03125,0.03,0.5460883966812783,0.0838187715663346,-0.05290676157922472,0.0,468209.1596801275,9187.715164394149,102274.450103851,631.0096425441664,512.0518788852864
0.96875,-0.03125,-0.01,0.5512542923454546,21.562876651715293,0.0,0.0,464488.3175215684,9178.629770432372,102369.96853700449,625.6817233110778,509.88554565727696
0.96875,-0.03125,0.01,0.5512542923454548,21.56287665171529,0.2644994281797158,0.0,464488.31752156845,9178.629714525394,102369.96082380305,625.6816761682561,509.8855264482742
0.96875,-0.03125,0.03,0.5512542923454546,21.562876651715293,0.0,0.0,464488.3175215684,9178.629770432372,102369.96853700449,625.6817233110778,509.88554565727696
0.96875,0.03125,-0.01,0.5512542923454546,21.562876651715293,-0.2644994281797158,0.0,464488.3175215684,9178.629714525394,102369.96082380303,625.681676168256,509.88552644827416
0.96875,0.03125,0.01,0.5512542923454546,21.563279760516934,-0.26447443130046894,0.0,464493.6247199792,9178.640383445516,102370.37014923991,625.6888170210262,509.8884360804595
0.96875,0.03125,0.03,0.5512542923454546,21.562876651715293,-0.2644994281797158,0.0,464488.3175215684,9178.629714525394,102369.96082380303,625.681676168256,509.88552644827416
0.96875,0.09374999999999999,-0.01,0.5494976312920921,21.516290868936697,-0.802121167551543,0.0,465962.6127899591,9181.930703356746,102367.96256013529,627.6695629439312,510.6948764129735
0.96875,0.09374999999999999,0.01,0.5494976312920921,21.51671580693238,-0.8021126169982792,0.0,465967.9615869428,9181.941444499173,102368.36567207435,627.6767592521015,510.6978039941362
0.96875,0.09374999999999999,0.03,0.5494976312920921,21.516290868936697,-0.802121167551543,0.0,465962.6127899591,9181.930703356746,102367.96256013529,627.6695629439312,510.6948764129735
0.96875,0.15625,-0.01,0.547761776668731,21.466346177047487,-1.3602666144534026,0.0,467431.06072418985,9185.206345273184,102366.4393400161,629.6492365936147,511.4996097646398
0.96875,0.15625,0.01,0.547761776668731,21.466792720032416,-1.3602558134449536,0.0,467436.4545650757,9185.217148976508,102366.84216282546,629.6564930219597,511.5025571592821
0.96875,0.15625,0.03,0.547761776668731,21.466346177047487,-1.3602666144534026,0.0,467431.06072418985,9185.206345273184,102366.4393400161,629.6492365936147,511.4996097646398
0.96875,0.21875,-0.01,0.5461223951894212,21.42948451375739,-1.944549654688421,0.0,468828.250323169,9188.311354243517,102365.25385888906,631.5320057725422,512.2637787689139
0.96875,0.21875,0.01,0.5461223951894212,21.429950331888403,-1.9445393609311048,0.0,468833.68501185655,9188.322212610481,102365.65644598368,631.539316724501,512.2667438799483
0.96875,0.21875,0.03,0.5461223951894212,21.42948451375739,-1.944549654688421,0.0,468828.250323169,9188.311354243517,102365.25385888906,631.5320057725422,512.2637787689139
0.96875,0.28125,-0.01,0.5445768997245047,21.40695858766061,-2.5613611107241585,0.0,470155.30606139265,9191.249383341168,102364.4490759381,633.3192679757896,512.9881306904674
0.96875,0.28125,0.01,0.5445768997245047,21.407441487737458,-2.5613540286238328,0.0,470160.7782890995,9191.260290486895,102364.85147948355,633.3266290381994,512.9911119093124
0.96875,0.28125,0.03,0.5445768997245047,21.40695858766061,-2.5613611107241585,0.0,470155.30606139265,9191.249383341168,102364.4490759381,633.3192679757896,512.9881306904674
0.96875,0.34375,-0.01,0.5431193412182748,21.39870941347411,-3.218398324763553,0.0,471416.4758523178,9194.030805364408,102364.08957221216,635.0166366929219,513.6751043983375
0.96875,0.34375,0.01,0.5431193412182748,21.399207341127152,-3.218397227446137,0.0,471421.982742888,9194.04175629967,102364.49184483985,635.0240440230684,513.6781003434596
0.96875,0.34375,0.03,0.5431193412182748,21.39870941347411,-3.218398324763553,0.0,471416.4758523178,9194.030805364408,102364.08957221216,635.0166366929219,513.6751043983375
0.96875,0.40625,-0.01,0.5417453969401509,21.40503265445048,-3.9252701301125943,0.0,472614.8234436822,9196.66310646565,102364.24547622938,636.6280752822316,514.3264506529612
0.96875,0.40625,0.01,0.5417453969401509,21.405543640806595,-3.9252779557242663,0.0,472620.36247381713,9196.674096937188,102364.64767096644,636.6355255000309,514.329460128207
0.96875,0.40625,0.03,0.5417453969401509,21.40503265445048,-3.9252701301125943,0.0,472614.8234436822,9196.66310646565,102364.24547622938,636.6280752822316,514.3264506529612
0.96875,0.46875,-0.01,0.5404526283376945,21.42694394207994,-4.694223762606194,0.0,473751.9618373395,9199.15031182041,102364.98878144342,638.1555080938331,514.943081051828
0.96875,0.46875,0.01,0.5404526283376945,21.42746607832676,-4.694243720123497,0.0,473757.5309144237,9199.161338503553,102365.39095207638,638.1629983842354,514.9461030910104
0.96875,0.46875,0.03,0.5404526283376945,21.42694394207994,-4.694223762606194,0.0,473751.9618373395,9199.15031182041,102364.98878144342,638.1555080938331,514.943081051828
0.96875,0.53125,-0.01,0.5392401382944797,21.46642830046602,-5.541149125043027,0.0,474828.33859139687,9201.493597577415,102366.39367456103,639.59916799541,515.5252140152339
0.96875,0.53125,0.01,0.5392401382944797,21.466959714500845,-5.5411848437654605,0.0,474833.93618972314,9201.504658382391,102366.79587728501,639.606696287459,515.5282479567584
0.96875,0.53125,0.03,0.5392401382944797,21.46642830046602,-5.541149125043027,0.0,474828.33859139687,9201.493597577415,102366.39367456103,639.59916799541,515.5252140152339
0.96875,0.59375,-0.01,0.5381075620382058,21.526916513073314,-6.4870018002515115,0.0,475844.1034632232,9203.693145019544,102368.52858275469,640.9587045818927,516.072825217399
0.96875,0.59375,0.01,0.5381075620382058,21.52745532357892,-6.487057509634856,0.0,475849.7287687197,9203.704239390856,102368.93087743601,640.9662697369253,516.0758707797597
0.96875,0.59375,0.03,0.5381075620382058,21.526916513073314,-6.4870018002515115,0.0,475844.1034632232,9203.693145019544,102368.52858275469,640.9587045818927,516.072825217399
0.96875,0.65625,-0.01,0.537053302228746,21.613985630847182,-7.559913209844093,0.0,476800.7047802572,9205.751493495474,102371.44927663225,642.2352378018351,516.5864748630363
0.96875,0.65625,0.01,0.537053302228746,21.614529887865974,-7.559993977264256,0.0,476806.35776942025,9205.76262251975,102371.85172821411,642.2428397086459,516.5895321778564
0.96875,0.65625,0.03,0.537053302228746,21.613985630847182,-7.559913209844093,0.0,476800.7047802572,9205.751493495474,102371.44927663225,642.2352378018351,516.5864748630363
0.96875,0.71875,-0.01,0.536075180267245,21.735093129516613,-8.797460107052567,0.0,477700.4685850485,9207.672387777606,102375.21088143552,643.4306789706286,517.0670321398142
0.96875,0.71875,0.01,0.536075180267245,21.735640828079994,-8.797572216545895,0.0,477706.1499430957,9207.683553942894,102375.6135603559,643.4383184144734,517.070101695681
0.96875,0.71875,0.03,0.536075180267245,21.735093129516613,-8.797460107052567,0.0,477700.4685850485,9207.672387777606,102375.21088143552,643.4306789706286,517.0670321398142
0.96875,0.78125,-0.01,0.5352053229321855,21.89005195009038,-10.243148722468588,0.0,478516.1457597329,9209.394386413243,102380.04995979676,644.5068699793378,517.4992701577602
0.96875,0.78125,0.01,0.5352053229321855,21.89060196426933,-10.243300853074532,0.0,478521.85765457136,9209.405596008632,102380.45292331329,644.5145496242708,517.5023532892164
0.96875,0.78125,0.03,0.5352053229321855,21.89005195009038,-10.243148722468588,0.0,478516.1457597329,9209.394386413243,102380.04995979676,644.5068699793378,517.4992701577602
0.96875,0.84375,-0.01,0.5347960795111273,22.008559369073733,-11.900476338249216,0.0,478937.8051576962,9210.242862306297,102387.4942622129,645.0469085531084,517.7160335956263
0.96875,0.84375,0.01,0.5347960795111273,22.009118881980587,-11.90068607142429,0.0,478943.56729156873,9210.2541674904,102387.89741202077,645.0546542723756,517.7191419517512
0.96875,0.84375,0.03,0.5347960795111273,22.008559369073733,-11.900476338249216,0.0,478937.8051576962,9210.242862306297,102387.4942622129,645.0469085531084,517.7160335956263
0.96875,0.90625,-0.01,0.5371200665930643,21.66404738158173,-13.484897525307012,0.0,476959.64686646935,9205.863111828861,102404.7633120453,642.3639624816166,516.6382425743968
0.96875,0.90625,0.01,0.5371200665930643,21.664673092623936,-13.485227111145766,0.0,476965.6152925898,9205.874914188757,102405.16569104175,642.3719819236724,516.6414674887454
0.96875,0.90625,0.03,0.5371200665930643,21.66404738158173,-13.484897525307012,0.0,476959.64686646935,9205.863111828861,102404.7633120453,642.3639624816166,516.6382425743968
0.96875,0.9687500000000001,-0.01,0.5534797085937115,18.80253885368406,-13.210175112899604,0.0,463086.5826682112,9175.138916636864,102466.19190357663,623.7500816324557,509.09786281216896
0.96875,0.9687500000000001,0.01,0.5534797085937115,18.803459579877632,-13.210877703732633,0.0,463093.1002187748,9175.152316582697,102466.59542733249,623.7588295523411,509.10143277699467
0.96875,0.9687500000000001,0.03,0.5534797085937115,18.80253885368406,-13.210175112899604,0.0,463086.5826682112,9175.138916636864,102466.19190357663,623.7500816324557,509.09786281216896
0.96875,1.03125,-0.01,0.5511386503765496,0.07986856875809727,-0.05611358059256841,0.0,463905.91170239664,9178.131778136796,102271.61370954705,625.2101171678374,509.6933469112382
0.96875,1.03125,0.01,0.5487975921593877,-18.802538853684123,13.210175112899652,0.0,464732.23104686436,9180.294033144635,101960.62622520111,625.9679365902093,510.0021539287494
0.96875,1.03125,0.03,0.5511386503765496,0.07986856875809727,-0.05611358059256841,0.0,463905.91170239664,9178.131778136796,102271.61370954705,625.2101171678374,509.6933469112382
1.03125,-0.03125,-0.01,0.5595148054867778,22.196594534281463,0.0,0.0,457657.6071325442,9163.194479872072,102372.08183596628,616.4572273963402,506.1129391032473
1.03125,-0.03125,0.01,0.5595148054867778,22.196594534281463,0.2907540839920507,0.0,457657.60713254416,9163.194411304507,102372.07237585307,616.457170430075,506.112915718523
1.03125,-0.03125,0.03,0.5595148054867778,22.196594534281463,0.0,0.0,457657.6071325442,9163.194479872072,102372.08183596628,616.4572273963402,506.1129391032473
1.03125,0.03125,-0.01,0.5595148054867779,22.196594534281463,-0.2907540839920507,0.0,457657.6071325442,9163.194411304507,102372.07237585308,616.457170430075,506.112915718523
1.03125,0.03125,0.01,0.5595148054867779,22.19702248511202,-0.2907283324472856,0.0,457662.7178652389,9163.20480963524,102372.48170501583,616.4640454179985,506.1157379020007
1.03125,0.03125,0.03,0.5595148054867779,22.196594534281463,-0.2907540839920507,0.0,457657.6071325442,9163.194411304507,102372.07237585308,616.457170430075,506.112915718523
1.03125,0.09375000000000001,-0.01,0.5574465177119161,22.13674510223969,-0.8818959118734804,0.0,459342.8840587728,9167.023902387818,102369.66743152568,618.7297539713103,507.0449559656016
1.03125,0.09375000000000001,0.01,0.5574465177119161,22.137195296319764,-0.881889017732117,0.0,459348.0699193862,9167.034446229325,102370.07015233982,618.736729578804,507.0478141897316
1.03125,0.09375000000000001,0.03,0.5574465177119161,22.13674510223969,-0.8818959118734804,0.0,459342.8840587728,9167.023902387818,102369.66743152568,618.7297539713103,507.0449559656016
1.03125,0.15625,-0.01,0.5553603797117291,22.075953418796498,-1.496633785659546,0.0,461057.73350945575,9170.904053469296,102367.66418202754,621.0416977000499,507.9913840099306
1.03125,0.15625,0.01,0.5553603797117291,22.076425810191957,-1.4966257611732807,0.0,461062.9970741676,9170.914728639893,102368.06662182386,621.0487774144966,507.99427948675924
1.03125,0.15625,0.03,0.5553603797117291,22.075953418796498,-1.496633785659546,0.0,461057.73350945575,9170.904053469296,102367.66418202754,621.0416977000499,507.9913840099306
1.03125,0.21875,-0.01,0.5533807006582043,22.03175128374756,-2.141058995816277,0.0,462698.4401621795,9174.60075881517,102365.90171619764,623.2526267696135,508.8948137634238
1.03125,0.21875,0.01,0.5533807006582043,22.032243664772498,-2.1410526634779172,0.0,462703.7748962284,9174.611551558648,102366.30392301365,623.2598018362836,508.8977430280199
1.03125,0.21875,0.03,0.5533807006582043,22.03175128374756,-2.141058995816277,0.0,462698.4401621795,9174.60075881517,102365.90171619764,623.2526267696135,508.8948137634238
1.03125,0.28125,-0.01,0.5515108283310304,22.005906147164495,-2.8220056609714708,0.0,464260.61554641195,9178.105784989899,102364.39619476993,625.3564740374093,509.753001062303
1.03125,0.28125,0.01,0.5515108283310304,22.006416470205146,-2.8220038472525752,0.0,464266.0160072353,9178.116684296076,102364.79821390376,625.3637371582859,509.75596128344677
1.03125,0.28125,0.03,0.5515108283310304,22.005906147164495,-2.8220056609714708,0.0,464260.61554641195,9178.105784989899,102364.39619476993,625.3564740374093,509.753001062303
1.03125,0.34375,-0.01,0.549744186625314,21.998973837428835,-3.547656214996092,0.0,465748.32537511026,9181.429748000995,102363.17618487388,627.358564714084,510.56834097894887
1.03125,0.34375,0.01,0.549744186625314,21.999500222277813,-3.5476618878585335,0.0,465753.78684514266,9181.440744511754,102363.57806163622,627.3659095521459,510.571329724954
1.03125,0.34375,0.03,0.549744186625314,21.998973837428835,-3.547656214996092,0.0,465748.32537511026,9181.429748000995,102363.17618487388,627.358564714084,510.56834097894887
1.03125,0.40625000000000006,-0.01,0.5480748015478909,22.01201115643051,-4.328155958798168,0.0,467165.36815972696,9184.582347029771,102362.2669651754,629.2637970015493,511.34302863154767
1.03125,0.40625000000000006,0.01,0.5480748015478909,22.01255184593586,-4.3281723395271765,0.0,467170.8865108796,9184.593432713165,102362.66874365698,629.2712179967576,511.34604379227653
1.03125,0.40625000000000006,0.03,0.5480748015478909,22.01201115643051,-4.328155958798168,0.0,467165.36815972696,9184.582347029771,102362.2669651754,629.2637970015493,511.34302863154767
1.03125,0.46875,-0.01,0.5464984284111566,22.046994451208892,-5.176300469628988,0.0,468514.2615422551,9187.570116857574,102361.68071784322,631.075241936406,512.0784945000282
1.03125,0.46875,0.01,0.5464984284111566,22.047547797649635,-5.17633117136659,0.0,468519.8332616101,9187.581285065042,102362.08244160727,631.0827343362093,512.0815343003316
1.03125,0.46875,0.03,0.5464984284111566,22.046994451208892,-5.176300469628988,0.0,468514.2615422551,9187.570116857574,102361.68071784322,631.075241936406,512.0784945000282
1.03125,0.53125,-0.01,0.5450123545498342,22.107152417085068,-6.108488709142467,0.0,469796.36208720313,9190.396697627457,102361.41013436709,632.7942616927925,512.775459259303
1.03125,0.53125,0.01,0.5450123545498342,22.10771687529798,-6.108537897591357,0.0,469801.98437936883,9190.40794332251,102361.81184515885,632.801821683324,512.7785223133423
1.03125,0.53125,0.03,0.5450123545498342,22.107152417085068,-6.108488709142467,0.0,469796.36208720313,9190.396697627457,102361.41013436709,632.7942616927925,512.775459259303
1.03125,0.59375,-0.01,0.5436143774373176,22.197528173518222,-7.146063317959543,0.0,471012.6843531971,9193.064622935492,102361.41224762125,634.4215446283258,513.4343582425721
1.03125,0.59375,0.01,0.5436143774373176,22.19810228200602,-7.146135937519522,0.0,471018.355281995,9193.075942975966,102361.81398654336,634.4291695149797,513.4374436256713
1.03125,0.59375,0.03,0.5436143774373176,22.197528173518222,-7.146063317959543,0.0,471012.6843531971,9193.064622935492,102361.41224762125,634.4215446283258,513.4343582425721
1.03125,0.65625,-0.01,0.5423008655241401,22.32581633637438,-8.317200933644797,0.0,472165.53105913237,9195.578826920848,102361.58219999594,635.9591942128088,514.0561879593575
1.03125,0.65625,0.01,0.5423008655241401,22.32639868933731,-8.31730298466339,0.0,472171.2496606763,9195.590220235037,102361.98400580186,635.9668825565892,514.0592952567962
1.03125,0.65625,0.03,0.5423008655241401,22.32581633637438,-8.317200933644797,0.0,472165.53105913237,9195.578826920848,102361.58219999594,635.9591942128088,514.0561879593575
1.03125,0.71875,-0.01,0.5410669541860575,22.502193594916044,-9.658740573731468,0.0,473258.3870949318,9197.946224261148,102361.74344504111,637.4104677923245,514.6423977647651
1.03125,0.71875,0.01,0.5410669541860575,22.50278290323346,-9.658879538691338,0.0,473264.1533308211,9197.95769166399,102362.14535057728,637.4182193189413,514.6455270294365
1.03125,0.71875,0.03,0.5410669541860575,22.502193594916044,-9.658740573731468,0.0,473258.3870949318,9197.946224261148,102361.74344504111,637.4104677923245,514.6423977647651
1.03125,0.78125,-0.01,0.5399403934090521,22.729250054741897,-11.211329514161866,0.0,474266.8168675007,9200.111802100513,102361.81308221967,638.7407823567892,515.179162898591
1.03125,0.78125,0.01,0.5399403934090521,22.7298462027231,-11.211515618771067,0.0,474272.6319060951,9200.123347601957,102362.2150883826,638.7485982623454,515.1823148653007
1.03125,0.78125,0.03,0.5399403934090521,22.729250054741897,-11.211329514161866,0.0,474266.8168675007,9200.111802100513,102361.81308221967,638.7407823567892,515.179162898591
1.03125,0.84375,-0.01,0.5392704127092077,22.935296600488957,-12.968275128192438,0.0,474886.95126494556,9201.409946290245,102362.98239837112,639.5415758355376,515.50200347931
1.03125,0.84375,0.01,0.5392704127092077,22.93590858622851,-12.968528186108461,0.0,474892.8291199794,9201.42160998805,102363.38431079857,639.5494741334021,515.5051866779919
1.03125,0.84375,0.03,0.5392704127092077,22.935296600488957,-12.968275128192438,0.0,474886.95126494556,9201.409946290245,102362.98239837112,639.5415758355376,515.50200347931
1.03125,0.90625,-0.01,0.5413884688606982,22.66774910378479,-14.606321168064868,0.0,473091.0727384142,9197.40710354398,102372.59249908625,637.099039089846,514.5166593246644
1.03125,0.90625,0.01,0.5413884688606982,22.6684386264222,-14.606708127115182,0.0,473097.1386457106,9197.419224721756,102372.99314724012,637.1071854847374,514.5199487994786
1.03125,0.90625,0.03,0.5413884688606982,22.66774910378479,-14.606321168064868,0.0,473091.0727384142,9197.40710354398,102372.59249908625,637.099039089846,514.5166593246644
1.03125,0.9687499999999999,-0.01,0.557869454548129,19.733483570050122,-14.185223490264072,0.0,459305.2243652962,9166.656451940673,102428.07417301081,618.6117370561415,506.9965966173421
1.03125,0.9687499999999999,0.01,0.557869454548129,19.734490846128608,-14.186008360935402,0.0,459311.67447348824,9166.669816461925,102428.47541032253,618.6203881299217,507.0001416920365
1.03125,0.9687499999999999,0.03,0.557869454548129,19.733483570050122,-14.185223490264072,0.0,459305.2243652962,9166.656451940673,102428.07417301081,618.6117370561415,506.9965966173421
1.03125,1.03125,-0.01,0.5557419653192107,0.0755455278674794,-0.054305170837478545,0.0,460011.0534965991,9169.40712325421,102259.9975714295,619.9609827068865,507.54919715665545
1.03125,1.03125,0.01,0.5536144760902925,-19.73348357005005,14.185223490264024,0.0,460722.3076357735,9171.216155552283,101960.6262252011,620.5215527845476,507.7786088572806
1.03125,1.03125,0.03,0.5557419653192107,0.0755455278674794,-0.054305170837478545,0.0,460011.0534965991,9169.40712325421,102259.9975714295,619.9609827068865,507.54919715665545
1.09375,-0.03125,-0.01,0.5672189392676021,22.95090586636976,0.0,0.0,451465.554827436,9148.994584208365,102372.8527653841,608.0891951312566,502.66611419603345
1.09375,-0.03125,0.01,0.5672189392676021,22.95090586636976,0.31314555339403416,0.0,451465.554827436,9148.99450357863,102372.8416409964,608.0891290529968,502.66608688482376
1.09375,-0.03125,0.03,0.5672189392676021,22.95090586636976,0.0,0.0,451465.554827436,9148.994584208365,102372.8527653841,608.0891951312566,502.66611419603345
1.09375,0.03125,-0.01,0.5672189392676021,22.95090586636976,-0.31314555339403416,0.0,451465.554827436,9148.99450357863,102372.8416409964,608.0891290529968,502.66608688482376
1.09375,0.03125,0.01,0.5672189392676021,22.951359890073046,-0.3131192837527041,0.0,451470.38217383943,9149.004406169654,102373.25118458222,608.0956208781598,502.66877005369344
1.09375,0.03125,0.03,0.5672189392676021,22.95090586636976,-0.31314555339403416,0.0,451465.554827436,9148.99450357863,102372.8416409964,608.0891290529968,502.66608688482376
1.09375,0.09375,-0.01,0.5649498497284993,22.87378847993906,-0.9490278358389889,0.0,453265.03172989935,9153.13970302715,102370.29535906839,610.5161405704449,503.66821095819745
1.09375,0.09375,0.01,0.5649498497284993,22.87426522068934,-0.9490236688781162,0.0,453269.9657016544,9153.149825272902,102370.69787086554,610.5227754366563,503.67094779174965
1.09375,0.09375,0.03,0.5649498497284993,22.87378847993906,-0.9490278358389889,0.0,453265.03172989935,9153.13970302715,102370.29535906839,610.5161405704449,503.66821095819745
1.09375,0.15625,-0.01,0.5625984782843629,22.79866193146634,-1.6091955448780417,0.0,455147.36225843657,9157.455741962413,102368.03894147991,613.0541482619312,504.7140375359077
1.09375,0.15625,0.01,0.5625984782843629,22.79916149614519,-1.6091919788758235,0.0,455152.40642992605,9157.466068755766,102368.44119196568,613.0609309946763,504.7168295657555
1.09375,0.15625,0.03,0.5625984782843629,22.79866193146634,-1.6091955448780417,0.0,455147.36225843657,9157.455741962413,102368.03894147991,613.0541482619312,504.7140375359077
1.09375,0.21875,-0.01,0.5603474682397284,22.74398191912251,-2.299618995852842,0.0,456965.1618136413,9161.604670479113,102365.89249148565,615.5038724165896,505.72143425658885
1.09375,0.21875,0.01,0.5603474682397284,22.744502269739872,-2.2996188796195005,0.0,456970.308227519,9161.615183670423,102366.29452236832,615.510792334601,505.72427708275325
1.09375,0.21875,0.03,0.5603474682397284,22.74398191912251,-2.299618995852842,0.0,456965.1618136413,9161.604670479113,102365.89249148565,615.5038724165896,505.72143425658885
1.09375,0.28125,-0.01,0.5582100034606177,22.711851612657686,-3.0267803011143797,0.0,458705.8728168898,9165.559718851211,102363.83763716085,617.8482183498064,506.6836209003717
1.09375,0.28125,0.01,0.5582100034606177,22.71239089465012,-3.026786556136734,0.0,458711.11445182475,9165.570403016325,102364.23948558353,617.855266015257,506.68651070919543
1.09375,0.28125,0.03,0.5582100034606177,22.711851612657686,-3.0267803011143797,0.0,458705.8728168898,9165.559718851211,102363.83763716085,617.8482183498064,506.6836209003717
1.09375,0.34375,-0.01,0.5561811796809004,22.703276646864598,-3.798236824610506,0.0,460371.6277246022,9169.327603966569,102361.85518187913,620.089885495771,507.60195943396707
1.09375,0.34375,0.01,0.5561811796809004,22.70383319932071,-3.798252583774856,0.0,460376.95844567334,9169.338445859992,102362.25688437268,620.0970526460335,507.6048929191678
1.09375,0.34375,0.03,0.5561811796809004,22.703276646864598,-3.798236824610506,0.0,460371.6277246022,9169.327603966569,102361.85518187913,620.089885495771,507.60195943396707
1.09375,0.40625,-0.01,0.5542549360466653,22.719873001323574,-4.623095432079826,0.0,461965.6813489584,9172.917316032568,102359.9098770344,622.2330168850042,508.4783802444868
1.09375,0.40625,0.01,0.5542549360466653,22.72044532241635,-4.62312415276925,0.0,461971.09579111484,9172.928304252417,102360.31146701954,622.240296273348,508.4813545327907
1.09375,0.40625,0.03,0.5542549360466653,22.719873001323574,-4.623095432079826,0.0,461965.6813489584,9172.917316032568,102359.9098770344,622.2330168850042,508.4783802444868
1.09375,0.46875,-0.01,0.5524263778784057,22.76430735923223,-5.512499710017916,0.0,463490.4511749845,9176.33568110947,102357.93748193557,624.2805262852899,509.31428831524414
1.09375,0.46875,0.01,0.5524263778784057,22.7648941079712,-5.512545307494454,0.0,463495.9447421118,9176.34680607345,102358.33898849913,624.2879116743322,509.3173009617075
1.09375,0.46875,0.03,0.5524263778784057,22.76430735923223,-5.512499710017916,0.0,463490.4511749845,9176.33568110947,102357.93748193557,624.2805262852899,509.31428831524414
1.09375,0.53125,-0.01,0.5506918361476415,22.840654107020807,-6.480205703246579,0.0,464947.3679658785,9179.58706588089,102355.82632271589,626.2338594243691,510.11047163140444
1.09375,0.53125,0.01,0.5506918361476415,22.841254101914245,-6.480272709570527,0.0,464952.93691376783,9179.598319993725,102356.22777001017,626.2413456901595,510.1135206610143
1.09375,0.53125,0.03,0.5506918361476415,22.840654107020807,-6.480205703246579,0.0,464947.3679658785,9179.58706588089,102355.82632271589,626.2338594243691,510.11047163140444
1.09375,0.59375,-0.01,0.5490479355883559,22.955011187698606,-7.543477522552185,0.0,466337.5814036663,9182.67495528129,102353.3980406421,628.0938855900079,510.86746944815354
1.09375,0.59375,0.01,0.5490479355883559,22.95562341093008,-7.543571266599453,0.0,466343.22297714103,9182.686333211292,102353.79944361714,628.101468895312,510.87055342364374
1.09375,0.59375,0.03,0.5490479355883559,22.955011187698606,-7.543477522552185,0.0,466337.5814036663,9182.67495528129,102353.3980406421,628.0938855900079,510.86746944815354
1.09375,0.65625,-0.01,0.5474895611227082,23.116343733320726,-8.724172575518839,0.0,467663.5457254496,9185.60548015625,102350.36412490511,629.8629480567214,511.58640734144694
1.09375,0.65625,0.01,0.5474895611227082,23.11696732907468,-8.72429942737589,0.0,467669.2583052966,9185.616979077897,102350.7654867628,629.8706260320761,511.5895254291747
1.09375,0.65625,0.03,0.5474895611227082,23.116343733320726,-8.724172575518839,0.0,467663.5457254496,9185.60548015625,102350.36412490511,629.8629480567214,511.58640734144694
1.09375,0.71875,-0.01,0.5460097521513708,23.336228000569594,-10.049342147779125,0.0,468929.06806459755,9188.387457109971,102346.29846415388,631.5448566807933,512.2689907148423
1.09375,0.71875,0.01,0.5460097521513708,23.336862362348324,-10.049509841598612,0.0,468934.8511571858,9188.399076599375,102346.69976719577,631.5526283836898,512.2721426605109
1.09375,0.71875,0.03,0.5460097521513708,23.336228000569594,-10.049342147779125,0.0,468929.06806459755,9188.387457109971,102346.29846415388,631.5448566807933,512.2689907148423
1.09375,0.78125,-0.01,0.5446330336671114,23.61786502686245,-11.544502844291262,0.0,470111.03130476986,9190.969968844362,102340.79224315113,633.1071317487806,512.9022084025895
1.09375,0.78125,0.01,0.5446330336671114,23.61851094717461,-11.544721535625342,0.0,470116.8854004569,9190.981711259845,102341.19341531393,633.1149974031109,512.9053945133943
1.09375,0.78125,0.03,0.5446330336671114,23.61786502686245,-11.544502844291262,0.0,470111.03130476986,9190.969968844362,102340.79224315113,633.1071317487806,512.9022084025895
1.09375,0.84375,-0.01,0.5437086579470003,23.884352941620044,-13.18027581471363,0.0,470908.09538663196,9192.690131373725,102334.68531138581,634.1455584819892,513.3226689524204
1.09375,0.84375,0.01,0.5437086579470003,23.885021016701955,-13.18056437842229,0.0,470914.029443554,9192.702026007382,102335.0860475862,634.1535292323489,513.3258949893582
1.09375,0.84375,0.03,0.5437086579470003,23.884352941620044,-13.18027581471363,0.0,470908.09538663196,9192.690131373725,102334.68531138581,634.1455584819892,513.3226689524204
1.09375,0.90625,-0.01,0.5456312631848332,23.650566495453443,-14.604505022309608,0.0,469266.71080207935,9189.026959963765,102335.24907898551,631.9142727369649,512.4187922077641
1.09375,0.90625,0.01,0.5456312631848332,23.651322890749647,-14.604926489414574,0.0,469272.8202050536,9189.039284902692,102335.64801690466,631.9224740282098,512.4221174073205
1.09375,0.90625,0.03,0.5456312631848332,23.650566495453443,-14.604505022309608,0.0,469266.71080207935,9189.026959963765,102335.24907898551,631.9142727369649,512.4187922077641
1.09375,0.96875,-0.01,0.5621898960632289,20.576776871114944,-13.876126197653269,0.0,455583.903462041,9158.306011536166,102381.62966456456,613.5794179915262,504.9302127659217
1.09375,0.96875,0.01,0.5621898960632289,20.577872133642536,-13.876928813880493,0.0,455590.2432466171,9158.319243018499,102382.02878304345,613.5879167913611,504.9337096938036
1.09375,0.96875,0.03,0.5621898960632289,20.576776871114944,-13.876126197653269,0.0,455583.903462041,9158.306011536166,102381.62966456456,613.5794179915262,504.9302127659217
1.09375,1.03125,-0.01,0.5602469893097521,0.07136149992407377,-0.04812324033072011,0.0,456223.51148107403,9160.876293264026,102240.1446904987,614.8564794837182,505.4554029339033
1.09375,1.03125,0.01,0.5583040825562753,-20.576776871114944,13.876126197653269,0.0,456867.5713375145,9162.453813805634,101960.6262252011,615.3094286053719,505.64154672465764
1.09375,1.03125,0.03,0.5602469893097521,0.07136149992407377,-0.04812324033072011,0.0,456223.51148107403,9160.876293264026,102240.1446904987,614.8564794837182,505.4554029339033
1.15625,-0.03125,-0.01,0.5742356539878504,23.821004023746248,-2.416726250019488e-17,0.0,445954.62578736147,9136.193387238041,102368.66936780975,600.6346437614712,499.57552699843745
1.15625,-0.03125,0.01,0.5742356539878504,23.82100402374625,0.32594752323177756,0.0,445954.6257873616,9136.193298796761,102368.65716617138,600.63457216997,499.57549722546037
1.15625,-0.03125,0.03,0.5742356539878504,23.821004023746248,-2.416726250019488e-17,0.0,445954.62578736147,9136.193387238041,102368.66936780975,600.6346437614712,499.57552699843745
1.15625,0.03125,-0.01,0.5742356539878504,23.82100402374625,-0.32594752323177756,0.0,445954.6257873615,9136.193298796761,102368.65716617138,600.63457216997,499.5754972254603
1.15625,0.03125,0.01,0.5742356539878504,23.82148694418085,-0.32592116357207196,0.0,445959.1204500761,9136.202559746103,102369.06714883358,600.6406141747408,499.57800992626596
1.15625,0.03125,0.03,0.5742356539878504,23.82100402374625,-0.32594752323177756,0.0,445954.6257873615,9136.193298796761,102368.65716617138,600.63457216997,499.5754972254603
1.15625,0.09375,-0.01,0.5718899971650642,23.723798628050563,-0.9859626131595111,0.0,447770.25942991156,9140.427896546886,102366.300464398,603.0840485958248,500.5931320668883
1.15625,0.09375,0.01,0.5718899971650642,23.72430487426938,-0.9859624131950002,0.0,447774.88463571976,9140.437438471577,102366.70299724667,603.09026584083,500.59571238893136
1.15625,0.09375,0.03,0.5718899971650642,23.723798628050563,-0.9859626131595111,0.0,447770.25942991156,9140.427896546886,102366.300464398,603.0840485958248,500.5931320668883
1.15625,0.15625,-0.01,0.5693787288152432,23.631713607428058,-1.667431981278409,0.0,449732.61001507,9144.98284077273,102364.04113564205,605.730445965434,501.690257935668
1.15625,0.15625,0.01,0.5693787288152432,23.63224340866117,-1.6674348297040675,0.0,449737.37391965324,9144.992655945534,102364.44343208228,605.7368494419601,501.69290973674646
1.15625,0.15625,0.03,0.5693787288152432,23.631713607428058,-1.667431981278409,0.0,449732.61001507,9144.98284077273,102364.04113564205,605.730445965434,501.690257935668
1.15625,0.21875,-0.01,0.5669473424892341,23.563850193735597,-2.375368146893501,0.0,451649.468075809,9149.410981136896,102361.69132219223,608.3140422788623,502.7590385539705
1.15625,0.21875,0.01,0.5669473424892341,23.564401724782027,-2.375376833750667,0.0,451654.36253891134,9149.421049570976,102362.09341488722,608.3206210472191,502.76175715495754
1.15625,0.21875,0.03,0.5669473424892341,23.563850193735597,-2.375368146893501,0.0,451649.468075809,9149.410981136896,102361.69132219223,608.3140422788623,502.7590385539705
1.15625,0.28125,-0.01,0.564620803000945,23.522346930209824,-3.1148461922058757,0.0,453499.2550886748,9153.664280017585,102359.19697569415,610.8055977799481,503.7875961052674
1.15625,0.28125,0.01,0.564620803000945,23.522918566968986,-3.114863626583618,0.0,453504.2724444472,9153.674583678487,102359.59889035484,610.8123415199283,503.7903771891248
1.15625,0.28125,0.03,0.564620803000945,23.522346930209824,-3.1148461922058757,0.0,453499.2550886748,9153.664280017585,102359.19697569415,610.8055977799481,503.7875961052674
1.15625,0.34375,-0.01,0.5623976561147926,23.508338281212026,-3.8914496504844176,0.0,455281.07462142553,9157.742692992824,102356.4893825684,613.2037492545314,504.7756153879097
1.15625,0.34375,0.01,0.5623976561147926,23.508928610013683,-3.8914789785309756,0.0,455286.2081073822,9157.75321622823,102356.89114287189,613.2106488421382,504.7784551730445
1.15625,0.34375,0.03,0.5623976561147926,23.508338281212026,-3.8914496504844176,0.0,455281.07462142553,9157.742692992824,102356.4893825684,613.2037492545314,504.7756153879097
1.15625,0.40624999999999994,-0.01,0.5602732837468732,23.52359406741546,-4.7115253312029575,0.0,456996.607438998,9161.651954466719,102353.47230669568,615.510550491375,505.7241777294973
1.15625,0.40624999999999994,0.01,0.5602732837468732,23.524201859043416,-4.71157002359463,0.0,457001.8511542137,9161.662683803579,102353.8739300144,615.5175979401853,505.7270729317403
1.15625,0.40624999999999994,0.03,0.5602732837468732,23.52359406741546,-4.7115253312029575,0.0,456996.607438998,9161.651954466719,102353.47230669568,615.510550491375,505.7241777294973
1.15625,0.46875,-0.01,0.55824344955877,23.570946074726898,-5.582373564847688,0.0,458647.2431460825,9165.396977294455,102350.00705840794,617.727583489683,506.63415349898503
1.15625,0.46875,0.01,0.55824344955877,23.571570291111765,-5.582437508637877,0.0,458652.5920556331,9165.407901407103,102350.40855404016,617.7347719519806,506.63710132745604
1.15625,0.46875,0.03,0.55824344955877,23.570946074726898,-5.582373564847688,0.0,458647.2431460825,9165.396977294455,102350.00705840794,617.727583489683,506.63415349898503
1.15625,0.53125,-0.01,0.5563047128719134,23.65459923446841,-6.512434069326876,0.0,460233.65582386986,9168.980930038055,102345.89485687131,619.8553637367174,507.50596128506794
1.15625,0.53125,0.01,0.5563047128719134,23.65523903285503,-6.512521666655703,0.0,460239.10583301785,9168.992039891562,102346.29622287069,619.862687596951,507.50895947784517
1.15625,0.53125,0.03,0.5563047128719134,23.65459923446841,-6.512434069326876,0.0,460233.65582386986,9168.980930038055,102345.89485687131,619.8553637367174,507.50596128506794
1.15625,0.59375,-0.01,0.5544535860291537,23.780717845015747,-7.511521083083511,0.0,461756.36567203474,9172.40656414511,102340.84674533884,621.8940605484254,508.339866663123
1.15625,0.59375,0.01,0.5544535860291537,23.781372583678618,-7.511637363830664,0.0,461761.91377375263,9172.41785328835,102341.24796501055,621.9015156129755,508.34291356082025
1.15625,0.59375,0.03,0.5544535860291537,23.780717845015747,-7.511521083083511,0.0,461756.36567203474,9172.40656414511,102340.84674533884,621.8940605484254,508.339866663123
1.15625,0.65625,-0.01,0.5526845589769548,23.958174957789105,-8.591153741750338,0.0,463217.27439894184,9175.679684791075,102334.45094110584,623.8455166630465,509.1368078265694
1.15625,0.65625,0.01,0.5526845589769548,23.958844192749,-8.591304437808871,0.0,463222.91884657706,9175.69114967878,102334.85197314553,623.8531003815083,509.1399024536619
1.15625,0.65625,0.03,0.5526845589769548,23.958174957789105,-8.591153741750338,0.0,463217.27439894184,9175.679684791075,102334.45094110584,623.8455166630465,509.1368078265694
1.15625,0.71875,-0.01,0.5509898983138187,24.19798836226014,-9.764018392977677,0.0,464619.7536112247,9178.809380802688,102326.14518089204,625.7133615407619,509.8984369336872
1.15625,0.71875,0.01,0.5509898983138187,24.198671934295238,-9.764210077703552,0.0,464625.49394959473,9178.821020780197,102326.54595129183,625.7210730305687,509.9015789989887
1.15625,0.71875,0.03,0.5509898983138187,24.19798836226014,-9.764018392977677,0.0,464619.7536112247,9178.809380802688,102326.14518089204,625.7133615407619,509.8984369336872
1.15625,0.78125,-0.01,0.5493934135428101,24.501043542432942,-11.036278614584146,0.0,465940.4877210789,9181.745472897075,102315.38846540675,627.4655490982685,510.6118731104013
1.15625,0.78125,0.01,0.5493934135428101,24.501742763007528,-11.036519375666817,0.0,465946.32423695934,9181.757289695115,102315.78883077632,627.4733883528062,510.61506277073147
1.15625,0.78125,0.03,0.5493934135428101,24.501043542432942,-11.036278614584146,0.0,465940.4877210789,9181.745472897075,102315.38846540675,627.4655490982685,510.6118731104013
1.15625,0.84375,-0.01,0.5482519894276036,24.78067890457258,-12.357091138420008,0.0,466875.23762001604,9183.815387991239,102302.9310761053,628.6952125954563,511.1119591025669
1.15625,0.84375,0.01,0.5482519894276036,24.781405337889638,-12.357395752654874,0.0,466881.17461832054,9183.827400922894,102303.3306465225,628.703184606693,511.1151996055029
1.15625,0.84375,0.03,0.5482519894276036,24.78067890457258,-12.357091138420008,0.0,466875.23762001604,9183.815387991239,102302.9310761053,628.6952125954563,511.1119591025669
1.15625,0.90625,-0.01,0.5500458870816318,24.513455446381734,-13.376132939568702,0.0,465328.80170842446,9180.371458093305,102296.02850663466,626.6022729019609,510.2604986046077
1.15625,0.90625,0.01,0.5500458870816318,24.514278508420382,-13.37655334270096,0.0,465334.9040127285,9180.383881736112,102296.42584647576,626.6104622610096,510.2638330106247
1.15625,0.90625,0.03,0.5500458870816318,24.513455446381734,-13.376132939568702,0.0,465328.80170842446,9180.371458093305,102296.02850663466,626.6022729019609,510.2604986046077
1.15625,0.96875,-0.01,0.5667642505948627,21.21428558851783,-12.322043819342975,0.0,451690.4425350718,9149.539674693442,102333.56907914396,608.3416485129558,502.77044641675525
1.15625,0.96875,0.01,0.5667642505948627,21.215464219381012,-12.322793088770913,0.0,451696.6224579785,9149.552664778166,102333.96666420122,608.3499311080891,502.77386902466714
1.15625,0.96875,0.03,0.5667642505948627,21.21428558851783,-12.322043819342975,0.0,451690.4425350718,9149.539674693442,102333.56907914396,608.3416485129558,502.77044641675525
1.15625,1.03125,-0.01,0.564984345321306,0.06683542830626414,-0.03882049540805966,0.0,452287.4316183002,9151.947826217604,102215.1080361205,609.5517906082175,503.2702653977548
1.15625,1.03125,0.01,0.5632044400477494,-21.214285588517825,12.322043819342975,0.0,452888.1942080997,9153.376085058371,101960.62622520108,609.9558690965513,503.4370494182952
1.15625,1.03125,0.03,0.564984345321306,0.06683542830626414,-0.03882049540805966,0.0,452287.4316183002,9151.947826217604,102215.1080361205,609.5517906082175,503.2702653977548
1.21875,-0.03125,-0.01,0.580494204245437,24.770415760425564,2.390672192499631e-17,0.0,441108.94789213996,9124.825693457547,102353.7878052898,594.0729934550777,496.83921970840214
1.21875,-0.03125,0.01,0.580494204245437,24.770415760425568,0.3205387734614888,0.0,441108.94789213996,9124.825606982391,102353.77587663832,594.0729242198315,496.8391907567522
1.21875,-0.03125,0.03,0.580494204245437,24.770415760425564,2.390672192499631e-17,0.0,441108.94789213996,9124.825693457547,102353.7878052898,594.0729934550777,496.83921970840214
1.21875,0.03125,-0.01,0.580494204245437,24.770415760425568,-0.32053877346148885,0.0,441108.9478921401,9124.825606982391,102353.77587663833,594.0729242198316,496.83919075675226
1.21875,0.03125,0.01,0.580494204245437,24.770931969313626,-0.3205126303425037,0.0,441113.0881061113,9124.83414341723,102354.1863574738,594.0784868013799,496.8415168197092
1.21875,0.03125,0.03,0.580494204245437,24.770415760425568,-0.32053877346148885,0.0,441108.9478921401,9124.825606982391,102353.77587663833,594.0729242198316,496.83919075675226
1.21875,0.09375,-0.01,0.5781640000966691,24.651789875264797,-0.9668624556488713,0.0,442874.8029627185,9128.990037798922,102351.91266375214,596.4561727482308,497.8347807258396
1.21875,0.09375,0.01,0.5781640000966691,24.652330163078457,-0.9668666458109141,0.0,442879.08697820926,9128.998894279062,102352.31532224258,596.4619283981389,497.83718270936197
1.21875,0.09375,0.03,0.5781640000966691,24.651789875264797,-0.9668624556488713,0.0,442874.8029627185,9128.990037798922,102351.91266375214,596.4561727482308,497.8347807258396
1.21875,0.15625,-0.01,0.5756147469929681,24.540878593156418,-1.6282320538491353,0.0,444823.95042489824,9133.565321259512,102349.86900210418,599.0855761375007,498.93089561246285
1.21875,0.15625,0.01,0.5756147469929681,24.541443265036463,-1.6282418717316076,0.0,444828.3931330812,9133.574503900505,102350.27144616215,599.0915449171417,498.9333810680247
1.21875,0.15625,0.03,0.5756147469929681,24.540878593156418,-1.6282320538491353,0.0,444823.95042489824,9133.565321259512,102349.86900210418,599.0855761375007,498.93089561246285
1.21875,0.21875,-0.01,0.5731068300731927,24.457056487932423,-2.3079729158625972,0.0,446757.8305171518,9138.083435613033,102347.4631885003,601.6928481693187,500.01541203378457
1.21875,0.21875,0.01,0.5731068300731927,24.45764395512638,-2.3079909279971647,0.0,446762.4290127821,9138.092935176961,102347.8654371912,601.6990261830219,500.01797903632354
1.21875,0.21875,0.03,0.5731068300731927,24.457056487932423,-2.3079729158625972,0.0,446757.8305171518,9138.083435613033,102347.4631885003,601.6928481693187,500.01541203378457
1.21875,0.28125,-0.01,0.5706824287454807,24.40214852773871,-3.0090035187657804,0.0,448642.4235225765,9142.466255683317,102344.61915639802,604.2320270149643,501.06934835934436
1.21875,0.28125,0.01,0.5706824287454807,24.402757396653882,-3.0090323994973134,0.0,448647.1684606318,9142.476048996748,102345.02121817884,604.2384016689502,501.07199149571534
1.21875,0.28125,0.03,0.5706824287454807,24.40214852773871,-3.0090035187657804,0.0,448642.4235225765,9142.466255683317,102344.61915639802,604.2320270149643,501.06934835934436
1.21875,0.34375,-0.01,0.5683471432169961,24.377028052712056,-3.7341368545281917,0.0,450471.44346859946,9146.70103950333,102341.23640138187,606.6945442469458,502.0893516352353
1.21875,0.34375,0.01,0.5683471432169961,24.37765713744292,-3.7341794659361622,0.0,450476.328028444,9146.711109741671,102341.63828088112,606.7011063295777,502.0920669579097
1.21875,0.34375,0.03,0.5683471432169961,24.377028052712056,-3.7341368545281917,0.0,450471.44346859946,9146.70103950333,102341.23640138187,606.6945442469458,502.0893516352353
1.21875,0.40625,-0.01,0.5660992731069914,24.38313841979315,-4.48617060969263,0.0,452244.1987318604,9150.788097484134,102337.18383549168,609.0793357801768,503.07518881711815
1.21875,0.40625,0.01,0.5660992731069914,24.383786719317005,-4.486230046523012,0.0,452249.21717329026,9150.798430624365,102337.58552782367,609.0860775146743,503.0779730110408
1.21875,0.40625,0.03,0.5660992731069914,24.38313841979315,-4.48617060969263,0.0,452244.1987318604,9150.788097484134,102337.18383549168,609.0793357801768,503.07518881711815
1.21875,0.46874999999999994,-0.01,0.5639364631701003,24.422876993301497,-5.26787616838902,0.0,453960.4328579933,9154.728728746199,102332.28734778592,611.3858748490774,504.0268432507227
1.21875,0.46874999999999994,0.01,0.5639364631701003,24.423543692573627,-5.267955789093429,0.0,453965.5804100252,9154.739313250031,102332.68883638551,611.3927897408028,504.02969356288753
1.21875,0.46874999999999994,0.03,0.5639364631701003,24.422876993301497,-5.26787616838902,0.0,453960.4328579933,9154.728728746199,102332.28734778592,611.3858748490774,504.0268432507227
1.21875,0.53125,-0.01,0.5618566745111874,24.499835978536158,-6.08193582916247,0.0,455619.5015643439,9158.523349150608,102326.31648062906,613.6130533842874,504.94405228920067
1.21875,0.53125,0.01,0.5618566745111874,24.50052044720647,-6.0820392765693345,0.0,455624.77446995594,9158.534176037672,102326.71773322852,613.6201362776051,504.946966548043
1.21875,0.53125,0.03,0.5618566745111874,24.499835978536158,-6.08193582916247,0.0,455619.5015643439,9158.523349150608,102326.31648062906,613.6130533842874,504.94405228920067
1.21875,0.59375,-0.01,0.5598575402038405,24.61929236254978,-6.930882713725362,0.0,457220.808698661,9162.172527776016,102318.96440885148,615.759751149392,505.82654319202675
1.21875,0.59375,0.01,0.5598575402038405,24.61999414849471,-6.93101391715519,0.0,457226.2043655682,9162.18359093068,102319.36537272672,615.7669984267819,505.8295198842159
1.21875,0.59375,0.03,0.5598575402038405,24.61929236254978,-6.930882713725362,0.0,457220.808698661,9162.172527776016,102318.96440885148,615.759751149392,505.82654319202675
1.21875,0.65625,-0.01,0.5579344373250494,24.788834667866375,-7.8170093205744635,0.0,458765.29965899256,9165.680402891467,102309.82297108576,617.8268243659543,506.6748484585961
1.21875,0.65625,0.01,0.5579344373250494,24.789553461606946,-7.817172458167852,0.0,458770.81688285404,9165.691699497665,102310.22356639824,617.8342342450412,506.6778868408405
1.21875,0.65625,0.03,0.5579344373250494,24.788834667866375,-7.8170093205744635,0.0,458765.29965899256,9165.680402891467,102309.82297108576,617.8268243659543,506.6748484585961
1.21875,0.71875,-0.01,0.5560804620009665,25.017406657881647,-8.741490287496573,0.0,460255.50239764893,9169.054785229026,102298.38137500612,619.8171971071196,507.49033659957536
1.21875,0.71875,0.01,0.5560804620009665,25.018142354126997,-8.741689735379879,0.0,460261.141493717,9169.06631599483,102298.78148508456,619.8247698120975,507.49343675787844
1.21875,0.71875,0.03,0.5560804620009665,25.017406657881647,-8.741490287496573,0.0,460255.50239764893,9169.054785229026,102298.38137500612,619.8171971071196,507.49033659957536
1.21875,0.78125,-0.01,0.5543217921537437,25.301581055399172,-9.697288971034235,0.0,461666.64039529755,9172.24240928379,102284.22780354516,621.6974887960271,508.25952085969345
1.21875,0.78125,0.01,0.5543217921537437,25.302334941192296,-9.697529673046336,0.0,461672.4025454377,9172.25417770735,102284.62724550755,621.7052256439617,508.26268342224273
1.21875,0.78125,0.03,0.5543217921537437,25.301581055399172,-9.697288971034235,0.0,461666.64039529755,9172.24240928379,102284.22780354516,621.6974887960271,508.25952085969345
1.21875,0.84375,-0.01,0.553031341501899,25.54222290843355,-10.625972934127498,0.0,462686.51311882905,9174.547775485287,102268.30697923244,623.051017375847,508.81249860829087
1.21875,0.84375,0.01,0.553031341501899,25.543006772510783,-10.626264379946502,0.0,462692.39903761813,9174.559793028433,102268.70534600348,623.0589187234386,508.81572490240825
1.21875,0.84375,0.03,0.553031341501899,25.54222290843355,-10.625972934127498,0.0,462686.51311882905,9174.547775485287,102268.30697923244,623.051017375847,508.81249860829087
1.21875,0.90625,-0.01,0.5547994233479,25.17572638346567,-11.215978105702376,0.0,461163.0409231997,9171.155653438173,102257.84734132561,621.0016620502671,507.975009833286
1.21875,0.90625,0.01,0.5547994233479,25.17661166943957,-11.216358905915344,0.0,461169.08066787897,9171.168060409662,102258.24328098945,621.0097660737854,507.97832433970973
1.21875,0.90625,0.03,0.5547994233479,25.17572638346567,-11.215978105702376,0.0,461163.0409231997,9171.155653438173,102257.84734132561,621.0016620502671,507.975009833286
1.21875,0.96875,-0.01,0.5718104333016916,21.579115466364367,-9.984060776313008,0.0,447495.64372004935,9140.011528826875,102289.37525211644,602.7129027939371,500.43907258420256
1.21875,0.96875,0.01,0.5718104333016916,21.580368271325685,-9.984703293311933,0.0,447501.5984310482,9140.024131390746,102289.77208285502,602.7208829295921,500.4423855699116
1.21875,0.96875,0.03,0.5718104333016916,21.579115466364367,-9.984060776313008,0.0,447495.64372004935,9140.011528826875,102289.37525211644,602.7129027939371,500.43907258420256
1.21875,1.03125,-0.01,0.5701985618708858,0.061004123346340165,-0.028224923122771518,0.0,448039.2309029913,9142.2190260982,102189.47199409333,603.8264536980007,500.9011559585317
1.21875,1.03125,0.01,0.5685866904400799,-21.579115466364367,9.984060776313008,0.0,448585.9002392905,9143.49635329326,101960.6262252011,604.1822512026179,501.0487092286655
1.21875,1.03125,0.03,0.5701985618708858,0.061004123346340165,-0.028224923122771518,0.0,448039.2309029913,9142.2190260982,102189.47199409333,603.8264536980007,500.9011559585317
1.28125,-0.03125,-0.01,0.5859875717105265,25.727087694878314,-2.3682624628303658e-17,0.0,436876.19643804873,9114.82996955261,102324.51024894955,588.3359230692973,494.4343664772448
1.28125,-0.03125,0.01,0.5859875717105265,25.727087694878314,0.2928497874806602,0.0,436876.19643804873,9114.829896668227,102324.50019792732,588.3358652788673,494.4343421938599
1.28125,-0.03125,0.03,0.5859875717105265,25.727087694878314,-2.3682624628303658e-17,0.0,436876.19643804873,9114.82996955261,102324.51024894955,588.3359230692973,494.4343664772448
1.28125,0.03125,-0.01,0.5859875717105265,25.727087694878314,-0.29284978748066026,0.0,436876.1964380487,9114.829896668227,102324.50019792731,588.3358652788673,494.4343421938599
1.28125,0.03125,0.01,0.5859875717105265,25.727641934089977,-0.2928237675492838,0.0,436879.97956011695,9114.83767373248,102324.91090187474,588.3409446192628,494.43647651462373
1.28125,0.03125,0.03,0.5859875717105265,25.727087694878314,-0.29284978748066026,0.0,436876.1964380487,9114.829896668227,102324.50019792731,588.3358652788673,494.4343421938599
1.28125,0.09375,-0.01,0.5837345568543293,25.586980661074307,-0.8802796607487081,0.0,438552.52464603767,9118.822439287535,102323.29413720316,590.5994479922127,495.3845805328666
1.28125,0.09375,0.01,0.5837345568543293,25.58755981528859,-0.8802871093300926,0.0,438556.4590313863,9118.830562705254,102323.69672608188,590.6047304178413,495.38679593144326
1.28125,0.09375,0.03,0.5837345568543293,25.586980661074307,-0.8802796607487081,0.0,438552.52464603767,9118.822439287535,102323.29413720316,590.5994479922127,495.3845805328666
1.28125,0.15625,-0.01,0.5812268694472655,25.455856047945765,-1.4745946482389816,0.0,440433.2477183981,9123.282194919268,102321.62391969816,593.1376822104351,496.4479526718586
1.28125,0.15625,0.01,0.5812268694472655,25.456460462678145,-1.4746093977892438,0.0,440437.35380206024,9123.290683012332,102322.02631281373,593.1431952506443,496.45025983531093
1.28125,0.15625,0.03,0.5812268694472655,25.455856047945765,-1.4745946482389816,0.0,440433.2477183981,9123.282194919268,102321.62391969816,593.1376822104351,496.4479526718586
1.28125,0.21875,-0.01,0.5787359093194154,25.353091863508343,-2.0773010953636026,0.0,442315.93834017817,9127.726757024217,102319.33112414472,595.6770769767357,497.50953661751373
1.28125,0.21875,0.01,0.5787359093194154,25.35372013448862,-2.0773253009564003,0.0,442320.2134621175,9127.735600436501,102319.73332164671,595.6828170614358,497.5119336713118
1.28125,0.21875,0.03,0.5787359093194154,25.353091863508343,-2.0773010953636026,0.0,442315.93834017817,9127.726757024217,102319.33112414472,595.6770769767357,497.50953661751373
1.28125,0.28125,-0.01,0.576305305785109,25.279894715092304,-2.6892298269493398,0.0,444166.56496077165,9132.076735640492,102316.34260757142,598.1717148838778,498.5502090748222
1.28125,0.28125,0.01,0.576305305785109,25.280545626691893,-2.6892656902984102,0.0,444171.00271410716,9132.085917167033,102316.7445964602,598.1776733767371,498.55269214146443
1.28125,0.28125,0.03,0.576305305785109,25.279894715092304,-2.6892298269493398,0.0,444166.56496077165,9132.076735640492,102316.34260757142,598.1717148838778,498.5502090748222
1.28125,0.34375,-0.01,0.5739449497978134,25.236597381489222,-3.310756462417236,0.0,445976.0296516261,9136.312292694403,102312.55942918253,600.6093075117944,499.56499022379546
1.28125,0.34375,0.01,0.5739449497978134,25.23726989656306,-3.310806278036161,0.0,445980.6243619185,9136.321797330374,102312.96119206914,600.6154767478397,499.56755589035436
1.28125,0.34375,0.03,0.5739449497978134,25.236597381489222,-3.310756462417236,0.0,445976.0296516261,9136.312292694403,102312.55942918253,600.6093075117944,499.56499022379546
1.28125,0.40625,-0.01,0.5716568269974239,25.22399426705861,-3.9418291297282484,0.0,447741.0834700477,9140.42750845444,102307.85893944433,602.9854306175354,500.55220120402856
1.28125,0.40625,0.01,0.5716568269974239,25.224687505119732,-3.941895290836307,0.0,447745.8305053349,9140.43732397304,102308.26044808519,602.9918043210611,500.5548466766527
1.28125,0.40625,0.03,0.5716568269974239,25.22399426705861,-3.9418291297282484,0.0,447741.0834700477,9140.42750845444,102307.85893944433,602.9854306175354,500.55220120402856
1.28125,0.46874999999999994,-0.01,0.5694416120407035,25.243686057976745,-4.5819107639192165,0.0,449459.3516609357,9144.41859515497,102302.08725951782,605.2968097909899,501.51064834592705
1.28125,0.46874999999999994,0.01,0.5694416120407035,25.244399282105615,-4.58199574600473,0.0,449464.24740156124,9144.428711977818,102302.48847316527,605.3033830343608,501.5133714253665
1.28125,0.46874999999999994,0.03,0.5694416120407035,25.243686057976745,-4.5819107639192165,0.0,449459.3516609357,9144.41859515497,102302.08725951782,605.2968097909899,501.51064834592705
1.28125,0.53125,-0.01,0.567299896418392,25.298257143895732,-5.229884288793458,0.0,451128.3744298497,9148.281653098522,102295.05302831114,607.5400238244652,502.439081580585
1.28125,0.53125,0.01,0.567299896418392,25.29898974792309,-5.229990617338486,0.0,451133.4163082584,9148.292064358486,102295.4538903654,607.5467930811278,502.44188067981577
1.28125,0.53125,0.03,0.567299896418392,25.298257143895732,-5.229884288793458,0.0,451128.3744298497,9148.281653098522,102295.05302831114,607.5400238244652,502.439081580585
1.28125,0.59375,-0.01,0.5652316521621157,25.391698787956244,-5.883973847370202,0.0,452746.00481819385,9152.013589976412,102286.51756656321,609.7120283832969,503.3364103994738
1.28125,0.59375,0.01,0.5652316521621157,25.392450266494425,-5.884104041409707,0.0,452751.191468945,9152.024291825674,102286.91800125159,609.718991729773,503.33928462177016
1.28125,0.59375,0.03,0.5652316521621157,25.391698787956244,-5.883973847370202,0.0,452746.00481819385,9152.013589976412,102286.51756656321,609.7120283832969,503.3364103994738
1.28125,0.65625,-0.01,0.5632344332454395,25.52992722320055,-6.541664224819009,0.0,454311.843625944,9155.615387853766,102276.18488541894,611.8120732459809,504.20249173835896
1.28125,0.65625,0.01,0.5632344332454395,25.53069710691453,-6.541820701831813,0.0,454317.1751472691,9155.626379990063,102276.5847936834,611.8192307154164,504.205441012758
1.28125,0.65625,0.03,0.5632344332454395,25.52992722320055,-6.541664224819009,0.0,454311.843625944,9155.615387853766,102276.18488541894,611.8120732459809,504.20249173835896
1.28125,0.71875,-0.01,0.5613045160227801,25.719495656292423,-7.199017860862513,0.0,455826.4232316153,9159.090203405201,102263.72007476763,613.8406523910076,505.0376895653546
1.28125,0.71875,0.01,0.5613045160227801,25.720283534167375,-7.199202822936336,0.0,455831.9014650757,9159.101489652712,102264.11932882338,613.848006350261,505.0407147930357
1.28125,0.71875,0.03,0.5613045160227801,25.719495656292423,-7.199017860862513,0.0,455826.4232316153,9159.090203405201,102263.72007476763,613.8406523910076,505.0376895653546
1.28125,0.78125,-0.01,0.5594790321576638,25.95243371338917,-7.84502350127343,0.0,457257.3504293645,9162.36673260975,102248.9643702264,615.7544660709874,505.8243724276408
1.28125,0.78125,0.01,0.5594790321576638,25.953240434794772,-7.845239145595999,0.0,457262.97852016316,9162.378320794562,102249.36279198523,615.7620206024313,505.8274753319775
1.28125,0.78125,0.03,0.5594790321576638,25.95243371338917,-7.84502350127343,0.0,457257.3504293645,9162.36673260975,102248.9643702264,615.7544660709874,505.8243724276408
1.28125,0.84375,-0.01,0.5581697555170164,26.116943020142333,-8.42726581090753,0.0,458266.9428769495,9164.685194467362,102233.1133822149,617.1029462480685,506.3779381302047
1.28125,0.84375,0.01,0.5581697555170164,26.117780162109053,-8.427517396246072,0.0,458272.72077152965,9164.697094858066,102233.51061231068,617.1107008443388,506.3811197258836
1.28125,0.84375,0.03,0.5581697555170164,26.116943020142333,-8.42726581090753,0.0,458266.9428769495,9164.685194467362,102233.1133822149,617.1029462480685,506.3779381302047
1.28125,0.9062500000000001,-0.01,0.5600053146542038,25.610747026539727,-8.693773075368153,0.0,456710.6533743063,9161.202005460018,102223.15394430915,615.0200907648712,505.5226484685125
1.28125,0.9062500000000001,0.01,0.5600053146542038,25.61168751646192,-8.69408779785423,0.0,456716.57057617797,9161.214267399992,102223.54882932935,615.0280292805107,505.5259110338834
1.28125,0.9062500000000001,0.03,0.5600053146542038,25.610747026539727,-8.693773075368153,0.0,456710.6533743063,9161.202005460018,102223.15394430915,615.0200907648712,505.5226484685125
1.28125,0.96875,-0.01,0.5774029472933053,21.677818462246453,-7.479754080714654,0.0,442981.44838928,9129.628209898898,102251.68846451548,596.6556753666912,497.91803163609916
1.28125,0.96875,0.01,0.5774029472933053,21.679135808788203,-7.4802681899067425,0.0,442987.0922447601,9129.640224768253,102252.08528481782,596.6632379702905,497.921187178669
1.28125,0.96875,0.03,0.5774029472933053,21.677818462246453,-7.479754080714654,0.0,442981.44838928,9129.628209898898,102251.68846451548,596.6556753666912,497.91803163609916
1.28125,1.03125,-0.01,0.5759861577047922,0.05332527153150177,-0.018399449097592398,0.0,443438.83657919115,9131.563699649416,102166.73679324545,597.626462248152,498.3229350464939
1.28125,1.03125,0.01,0.5745693681162792,-21.677818462246453,7.479754080714655,0.0,443898.4805768298,9132.623773809752,101960.6262252011,597.8915678027421,498.4334501750413
1.28125,1.03125,0.03,0.5759861577047922,0.05332527153150177,-0.018399449097592398,0.0,443438.83657919115,9131.563699649416,102166.73679324545,597.626462248152,498.3229350464939
1.34375,-0.03125,-0.01,0.5907687223699816,26.606577826403054,0.0,0.0,433190.69343135564,9106.088055462913,102282.96040419213,583.3379224252551,492.32974064760907
1.34375,-0.03125,0.01,0.5907687223699816,26.606577826403054,0.24815552231618412,0.0,433190.69343135564,9106.088002679471,102282.95312811881,583.3378809285143,492.3297231362497
1.34375,-0.03125,0.03,0.5907687223699816,26.606577826403054,0.0,0.0,433190.69343135564,9106.088055462913,102282.96040419213,583.3379224252551,492.32974064760907
1.34375,0.03125,-0.01,0.5907687223699816,26.606577826403054,-0.24815552231618412,0.0,433190.69343135564,9106.088002679471,102282.95312811881,583.3378809285143,492.3297231362497
1.34375,0.03125,0.01,0.5907687223699816,26.60717340210956,-0.24812922247145422,0.0,433194.1286195292,9106.095018145663,102283.36352665004,583.3424892146206,492.3316677997254
1.34375,0.03125,0.03,0.5907687223699816,26.606577826403054,-0.24815552231618412,0.0,433190.69343135564,9106.088002679471,102282.95312811881,583.3378809285143,492.3297231362497
1.34375,0.09375,-0.01,0.5886442278024192,26.445681949444158,-0.7431150294579957,0.0,434746.27993867826,9109.825934124321,102282.3927616674,585.4397800294057,493.21591356911694
1.34375,0.09375,0.01,0.5886442278024192,26.446303277200137,-0.7431235567436341,0.0,434749.8684191498,9109.833309392003,102282.7948457805,585.4445941028632,493.2179414230809
1.34375,0.09375,0.03,0.5886442278024192,26.445681949444158,-0.7431150294579957,0.0,434746.27993867826,9109.825934124321,102282.3927616674,585.4397800294057,493.21591356911694
1.34375,0.15625,-0.01,0.586247552073948,26.293465768909165,-1.2376488724872077,0.0,436513.31100811146,9114.054885985606,102281.18171673446,587.8259729779988,494.2200403583591
1.34375,0.15625,0.01,0.586247552073948,26.294113167226698,-1.2376648469322076,0.0,436517.0774678952,9114.062649516965,102281.58362522181,587.8310261012573,494.22216458349425
1.34375,0.15625,0.03,0.586247552073948,26.293465768909165,-1.2376488724872077,0.0,436513.31100811146,9114.054885985606,102281.18171673446,587.8259729779988,494.2200403583591
1.34375,0.21875,-0.01,0.5838474059527,26.169186781146276,-1.731912045376493,0.0,438295.1886429561,9118.30180129846,102279.20133197271,590.2308298044424,495.22996112951597
1.34375,0.21875,0.01,0.5838474059527,26.169858961306428,-1.7319371192075428,0.0,438299.13085675787,9118.309944460372,102279.60304620783,590.2361189954689,495.23218005799794
1.34375,0.21875,0.03,0.5838474059527,26.169186781146276,-1.731912045376493,0.0,438295.1886429561,9118.30180129846,102279.20133197271,590.2308298044424,495.22996112951597
1.34375,0.28125,-0.01,0.5814912981963501,26.07336378270589,-2.2253924206647344,0.0,440055.9796092229,9122.481669706112,102276.4027188831,592.6059208544975,496.2253643592403
1.34375,0.28125,0.01,0.5814912981963501,26.07405962335378,-2.2254282272559527,0.0,440060.0947639189,9122.49018335239,102276.80420709182,592.6114423260112,496.22767608760415
1.34375,0.28125,0.03,0.5814912981963501,26.07336378270589,-2.2253924206647344,0.0,440055.9796092229,9122.481669706112,102276.4027188831,592.6059208544975,496.2253643592403
1.34375,0.34375,-0.01,0.5791943641238151,26.00573458887417,-2.717086096123442,0.0,441783.15980061836,9126.566030551403,102272.71643630382,594.9343927310483,497.1992949186525
1.34375,0.34375,0.01,0.5791943641238151,26.006453094822852,-2.7171342761015604,0.0,441787.4429317243,9126.574900914144,102273.11766344366,594.9401397858496,497.2016963806703
1.34375,0.34375,0.03,0.5791943641238151,26.00573458887417,-2.717086096123442,0.0,441783.15980061836,9126.566030551403,102272.71643630382,594.9343927310483,497.1992949186525
1.34375,0.40625,-0.01,0.5769555086398819,25.966411077906535,-3.2055354776561527,0.0,443476.2539404191,9130.5551200809,102268.05928256942,597.2156185437146,498.1516172986738
1.34375,0.40625,0.01,0.5769555086398819,25.967151366956877,-3.205597666384397,0.0,443480.7009419769,9130.564335668469,102268.46020478767,597.2215856316983,498.1541059367907
1.34375,0.40625,0.03,0.5769555086398819,25.966411077906535,-3.2055354776561527,0.0,443476.2539404191,9130.5551200809,102268.05928256942,597.2156185437146,498.1516172986738
1.34375,0.46874999999999994,-0.01,0.5747776583749554,25.956208742572542,-3.6888114984090086,0.0,445131.64868590696,9134.441834499245,102262.33246199608,599.4447205318429,499.08042465657917
1.34375,0.46874999999999994,0.01,0.5747776583749554,25.95697001367273,-3.6888892900032078,0.0,445136.25734371814,9134.451388552365,102262.73302522003,599.4509046434982,499.0829990066446
1.34375,0.46874999999999994,0.03,0.5747776583749554,25.956208742572542,-3.6888114984090086,0.0,445131.64868590696,9134.441834499245,102262.33246199608,599.4447205318429,499.08042465657917
1.34375,0.53125,-0.01,0.5726636878161718,25.97679060443726,-4.1644772426813095,0.0,446745.64932158525,9138.218975588345,102255.41971481328,601.6166860662794,499.98376513068945
1.34375,0.53125,0.01,0.5726636878161718,25.977572115817704,-4.164572144746069,0.0,446750.4185336753,9138.228864211631,102255.81985297309,601.6230856827285,499.98642437858985
1.34375,0.53125,0.03,0.5726636878161718,25.97679060443726,-4.1644772426813095,0.0,446745.64932158525,9138.218975588345,102255.41971481328,601.6166860662794,499.98376513068945
1.34375,0.59375,-0.01,0.5706156177382908,26.031067448493157,-4.629592250798723,0.0,448315.1075984662,9141.880689250476,102247.1838349889,603.727200539094,500.8599867907241
1.34375,0.59375,0.01,0.5706156177382908,26.031868469434837,-4.629705621414524,0.0,448320.03756242,9141.890911807483,102247.5834686061,603.7338158859089,500.86273087235475
1.34375,0.59375,0.03,0.5706156177382908,26.031067448493157,-4.629592250798723,0.0,448315.1075984662,9141.880689250476,102247.1838349889,603.727200539094,500.8599867907241
1.34375,0.65625,-0.01,0.568633026686097,26.123670970860005,-5.080747051271893,0.0,449838.70741494896,9145.425384095199,102237.4645160387,605.7743629745991,501.7084445205257
1.34375,0.65625,0.01,0.568633026686097,26.124490696115423,-5.080880011264571,0.0,449843.79995108146,9145.435943879815,102237.86355093041,605.7811964597994,501.71127429326907
1.34375,0.65625,0.03,0.568633026686097,26.123670970860005,-5.080747051271893,0.0,449838.70741494896,9145.425384095199,102237.4645160387,605.7743629745991,501.7084445205257
1.34375,0.71875,-0.01,0.5667160233001726,26.259423939640268,-5.513664354725227,0.0,451314.733176652,9148.850538884422,102226.10263721395,607.7557334993567,502.5282702332802
1.34375,0.71875,0.01,0.5667160233001726,26.26026148672867,-5.513817692320481,0.0,451319.9921251147,9148.861444006368,102226.50096300595,607.7627902502248,502.53118769363306
1.34375,0.71875,0.03,0.5667160233001726,26.259423939640268,-5.513664354725227,0.0,451314.733176652,9148.850538884422,102226.10263721395,607.7557334993567,502.5282702332802
1.34375,0.78125,-0.01,0.5649165044423982,26.42684661299449,-5.918979385607124,0.0,452700.4293589211,9152.059867044129,102213.1386353868,609.6141820612992,503.2960211745281
1.34375,0.78125,0.01,0.5649165044423982,26.427702253301607,-5.919153716834774,0.0,452705.86015708756,9152.071130521055,102213.5361118761,609.6214693309043,503.2990293417795
1.34375,0.78125,0.03,0.5649165044423982,26.42684661299449,-5.918979385607124,0.0,452700.4293589211,9152.059867044129,102213.1386353868,609.6141820612992,503.2960211745281
1.34375,0.84375,-0.01,0.5636966514167243,26.50273089013517,-6.255940318148834,0.0,453624.2984926383,9154.20865459736,102199.86080738052,610.8538176896072,503.8074814116853
1.34375,0.84375,0.01,0.5636966514167243,26.503615927335822,-6.256138417732035,0.0,453629.9010991046,9154.220287348622,102200.25715597646,610.8613350896788,503.8105814256618
1.34375,0.84375,0.03,0.5636966514167243,26.50273089013517,-6.255940318148834,0.0,453624.2984926383,9154.20865459736,102199.86080738052,610.8538176896072,503.8074814116853
1.34375,0.90625,-0.01,0.5657293309893058,25.846033333840005,-6.33200330177342,0.0,451947.6251417597,9150.417786496366,102192.78743944796,608.6166702012207,502.8840808794918
1.34375,0.90625,0.01,0.5657293309893058,25.847022542656546,-6.332244291226291,0.0,451953.3554135311,9150.429760326684,102193.18171531588,608.6243564251871,502.88725633266324
1.34375,0.90625,0.03,0.5657293309893058,25.846033333840005,-6.33200330177342,0.0,451947.6251417597,9150.417786496366,102192.78743944796,608.6166702012207,502.8840808794918
1.34375,0.96875,-0.01,0.583442021429844,21.566923773775354,-5.268037067630722,0.0,438247.5330313664,9118.59147349623,102220.1115730914,590.2979660694898,495.2581254873002
1.34375,0.96875,0.01,0.583442021429844,21.568299049011422,-5.268428722728698,0.0,438252.7589767148,9118.602638708859,102220.5089380606,590.3049663668162,495.26106209224594
1.34375,0.96875,0.03,0.583442021429844,21.566923773775354,-5.268037067630722,0.0,438247.5330313664,9118.59147349623,102220.1115730914,590.2979660694898,495.2581254873002
1.34375,1.03125,-0.01,0.5822425787822665,0.04443142518874302,-0.010853026482458847,0.0,438592.81029533246,9120.204031382667,102147.76476450595,591.0954302552055,495.5925475424777
1.34375,1.03125,0.01,0.5810431361346889,-21.566923773775354,5.268037067630723,0.0,438939.513152643,9120.985719888216,101960.6262252011,591.2305538340134,495.64919018304596
1.34375,1.03125,0.03,0.5822425787822665,0.04443142518874302,-0.010853026482458847,0.0,438592.81029533246,9120.204031382667,102147.76476450595,591.0954302552055,495.5925475424777
1.40625,-0.03125,-0.01,0.5949240247231615,27.34620898381453,-1.1663458822833937e-17,0.0,429989.31136201276,9098.465069402992,102235.73475617207,578.9965010635032,490.49426716517985
1.40625,-0.03125,0.01,0.5949240247231615,27.346208983814535,0.1974012855849746,0.0,429989.3113620128,9098.465035752297,102235.73011964462,578.9964748052367,490.49425604289394
1.40625,-0.03125,0.03,0.5949240247231615,27.34620898381453,-1.1663458822833937e-17,0.0,429989.31136201276,9098.465069402992,102235.73475617207,578.9965010635032,490.49426716517985
1.40625,0.03125,-0.01,0.5949240247231615,27.346208983814538,-0.1974012855849746,0.0,429989.31136201276,9098.465035752297,102235.73011964462,578.9964748052367,490.49425604289394
1.40625,0.03125,0.01,0.5949240247231615,27.346846756417175,-0.19737431614671902,0.0,429992.41449679167,9098.471307802343,102236.13970824637,579.0006334295441,490.4960175196575
1.40625,0.03125,0.03,0.5949240247231615,27.346208983814538,-0.1974012855849746,0.0,429989.31136201276,9098.465035752297,102235.73011964462,578.9964748052367,490.49425604289394
1.40625,0.09375,-0.01,0.5929665239962302,27.16549358108288,-0.5888436813013473,0.0,431402.4575350356,9101.887988037543,102235.69385146667,580.9074152908936,491.303011594344
1.40625,0.09375,0.01,0.5929665239962302,27.166157877690246,-0.5888512715089804,0.0,431405.71122541773,9101.89462137261,102236.09501043639,580.911775991361,491.30485562421455
1.40625,0.09375,0.03,0.5929665239962302,27.16549358108288,-0.5888436813013473,0.0,431402.4575350356,9101.887988037543,102235.69385146667,580.9074152908936,491.303011594344
1.40625,0.15625,-0.01,0.5907361822124905,26.992047951465864,-0.9749603676755733,0.0,433022.1666975952,9105.796892270231,102234.95925438171,583.0962346326532,492.2277393794056
1.40625,0.15625,0.01,0.5907361822124905,26.992738996675854,-0.9749742495163434,0.0,433025.59868543467,9105.803923368989,102235.3602625487,583.1008347961855,492.2296810174199
1.40625,0.15625,0.03,0.5907361822124905,26.992047951465864,-0.9749603676755733,0.0,433022.1666975952,9105.796892270231,102234.95925438171,583.0962346326532,492.2277393794056
1.40625,0.21875,-0.01,0.588497627083959,26.845023203927436,-1.3552294160763296,0.0,434657.8531297544,9109.729509988798,102233.45322531536,585.3054004999454,493.1593049063734
1.40625,0.21875,0.01,0.588497627083959,26.845739750665985,-1.3552507778905802,0.0,434661.4618021322,9109.736931846464,102233.85405139798,585.3102379763023,493.16134285232977
1.40625,0.21875,0.03,0.588497627083959,26.845023203927436,-1.3552294160763296,0.0,434657.8531297544,9109.729509988798,102233.45322531536,585.3054004999454,493.1593049063734
1.40625,0.28125,-0.01,0.5862900988612626,26.72435029169954,-1.7286212265537024,0.0,436280.47180663724,9113.616442902128,102231.15535263684,587.4957982368031,494.0812221521442
1.40625,0.28125,0.01,0.5862900988612626,26.725091240833155,-1.728651198827022,0.0,436284.25502336887,9113.624247906137,102231.55595488477,587.5008701549457,494.08335487727476
1.40625,0.28125,0.03,0.5862900988612626,26.72435029169954,-1.7286212265537024,0.0,436280.47180663724,9113.616442902128,102231.15535263684,587.4957982368031,494.0812221521442
1.40625,0.34375,-0.01,0.5841254145911605,26.62931041113553,-2.093755528326007,0.0,437880.5756249573,9117.435931508358,102228.03258595135,589.6547488306801,494.9882233287214
1.40625,0.34375,0.01,0.5841254145911605,26.63007473974455,-2.0937952039235515,0.0,437884.5291750066,9117.444107444084,102228.43292164373,589.6600495222457,494.9904481679253
1.40625,0.34375,0.03,0.5841254145911605,26.62931041113553,-2.093755528326007,0.0,437880.5756249573,9117.435931508358,102228.03258595135,589.6547488306801,494.9882233287214
1.40625,0.40625,-0.01,0.5820067592792643,26.559544798026455,-2.4489539027047975,0.0,439454.9462311874,9121.181260751775,102224.04558864735,591.7779553014007,495.87858996617103
1.40625,0.40625,0.01,0.5820067592792643,26.560331537840757,-2.44900432384216,0.0,439459.0680633503,9121.189800784023,102224.44560976964,591.7834820034515,495.8809055025956
1.40625,0.40625,0.03,0.5820067592792643,26.559544798026455,-2.4489539027047975,0.0,439454.9462311874,9121.181260751775,102224.04558864735,591.7779553014007,495.87858996617103
1.40625,0.46875,-0.01,0.5799394554197601,26.515338225479613,-2.7922545299162067,0.0,440998.66881598294,9124.841779219554,102219.15033181514,593.8588125238505,496.74964899827603
1.40625,0.46875,0.01,0.5799394554197601,26.516146435755022,-2.792316655771217,0.0,441002.9580409057,9124.85067951482,102219.54998388726,593.8645640348401,496.7520544977713
1.40625,0.46875,0.03,0.5799394554197601,26.515338225479613,-2.7922545299162067,0.0,440998.66881598294,9124.841779219554,102219.15033181514,593.8588125238505,496.74964899827603
1.40625,0.53125,-0.01,0.5779284255640692,26.497772499503604,-3.1214256215927803,0.0,442507.01985217177,9128.407390199189,102213.29747901292,595.8909464009412,497.59884048148575
1.40625,0.53125,0.01,0.5779284255640692,26.498601237263962,-3.1215002924127053,0.0,442511.4767419412,9128.416649895753,102213.69670063593,595.8969230810479,497.6013358891202
1.40625,0.53125,0.03,0.5779284255640692,26.497772499503604,-3.1214256215927803,0.0,442507.01985217177,9128.407390199189,102213.29747901292,595.8909464009412,497.59884048148575
1.40625,0.59375,-0.01,0.5759776308738811,26.50913535363557,-3.4340229447417485,0.0,443975.92002657725,9131.869573016495,102206.43102102308,597.8688094894688,498.42396382905196
1.40625,0.59375,0.01,0.5759776308738811,26.509983616828155,-3.434110836897059,0.0,443980.54628543364,9131.879194820474,102206.82974374275,597.8750136268615,498.42654991707
1.40625,0.59375,0.03,0.5759776308738811,26.50913535363557,-3.4340229447417485,0.0,443975.92002657725,9131.869573016495,102206.43102102308,597.8688094894688,498.42396382905196
1.40625,0.65625,-0.01,0.574088722753688,26.553386179281905,-3.727483051719971,0.0,445403.0219108573,9135.223857217565,102198.48806913686,599.7891289583742,499.2237763416158
1.40625,0.65625,0.01,0.574088722753688,26.554252811959877,-3.727584620309588,0.0,445407.82107972825,9135.233848275077,102198.88621777462,599.79556531668,499.2264549284091
1.40625,0.65625,0.03,0.574088722753688,26.553386179281905,-3.727483051719971,0.0,445403.0219108573,9135.223857217565,102198.48806913686,599.7891289583742,499.2237763416158
1.40625,0.71875,-0.01,0.5722661016625206,26.63443495832792,-3.9988995506239693,0.0,446783.8766450481,9138.460872715903,102189.42088022767,601.645801190654,499.9958632936282
1.40625,0.71875,0.01,0.5722661016625206,26.635318638380532,-3.999014972567216,0.0,446788.8546140872,9138.471245815761,102189.81837338142,601.6524777011155,499.99863753251117
1.40625,0.71875,0.03,0.5722661016625206,26.63443495832792,-3.9988995506239693,0.0,446783.8766450481,9138.460872715903,102189.42088022767,601.645801190654,499.9958632936282
1.40625,0.78125,-0.01,0.5705773712939565,26.738357100991816,-4.2419104899972915,0.0,448064.69695589656,9141.45745154231,102179.36805701308,603.3668870395738,500.7105040866266
1.40625,0.78125,0.01,0.5705773712939565,26.739257616127574,-4.2420398008133215,0.0,448069.8614365098,9141.468225132468,102179.76479800414,603.3738140656915,500.7133783119601
1.40625,0.78125,0.03,0.5705773712939565,26.738357100991816,-4.2419104899972915,0.0,448064.69695589656,9141.45745154231,102179.36805701308,603.3668870395738,500.7105040866266
1.40625,0.84375,-0.01,0.5695338170309292,26.731592965659676,-4.426883900499989,0.0,448842.4409665413,9143.287520723066,102169.56937208532,604.4142227557494,501.1448870730589
1.40625,0.84375,0.01,0.5695338170309292,26.73252153631659,-4.427028731537152,0.0,448847.7920021784,9143.298706486414,102169.96515753746,604.4214000763321,501.14786257123507
1.40625,0.84375,0.03,0.5695338170309292,26.731592965659676,-4.426883900499989,0.0,448842.4409665413,9143.287520723066,102169.56937208532,604.4142227557494,501.1448870730589
1.40625,0.90625,-0.01,0.5718446334236431,25.933211188094088,-4.410535057362238,0.0,446992.9283021238,9139.05434133696,102165.91161828666,601.9500487481326,500.1222693060409
1.40625,0.90625,0.01,0.5718446334236431,25.934245068171677,-4.410709113662775,0.0,446998.3956686676,9139.065848201079,102166.30567890847,601.9573799967612,500.125314832447
1.40625,0.90625,0.03,0.5718446334236431,25.933211188094088,-4.410535057362238,0.0,446992.9283021238,9139.05434133696,102165.91161828666,601.9500487481326,500.1222693060409
1.40625,0.9687500000000001,-0.01,0.5896424748004404,21.31264355880245,-3.542326074300084,0.0,433512.196617254,9107.41098129804,102192.5350486779,583.9337037634949,492.5810923977974
1.40625,0.9687500000000001,0.01,0.5896424748004404,21.31407388855524,-3.542615718684878,0.0,433516.88246442174,9107.420983645037,102192.93325416182,583.9399764534948,492.58373807501613
1.40625,0.9687500000000001,0.03,0.5896424748004404,21.31264355880245,-3.542326074300084,0.0,433512.196617254,9107.41098129804,102192.5350486779,583.9337037634949,492.5810923977974
1.40625,1.03125,-0.01,0.588657137105515,0.0356769630946666,-0.005929786995846026,0.0,433745.04738786956,9108.705418535412,102131.5351580157,584.5620575928104,492.84604712928825
1.40625,1.03125,0.01,0.5876717994105897,-21.312643558802527,3.542326074300096,0.0,433978.6790412593,9109.203089652738,101960.62622520108,584.5623862756314,492.8461856860113
1.40625,1.03125,0.03,0.588657137105515,0.0356769630946666,-0.005929786995846026,0.0,433745.04738786956,9108.705418535412,102131.5351580157,584.5620575928104,492.84604712928825
1.46875,-0.03125,-0.01,0.5985401845093956,27.92257623787176,0.0,0.0,427216.483691041,9091.834443151723,102189.41548672716,575.2380708344488,488.89970668137056
1.46875,-0.03125,0.01,0.5985401845093956,27.92257623787176,0.15021885294259343,0.0,427216.483691041,9091.834423537493,102189.41278542431,575.2380556284489,488.8997002195165
1.46875,-0.03125,0.03,0.5985401845093956,27.92257623787176,0.0,0.0,427216.483691041,9091.834443151723,102189.41548672716,575.2380708344488,488.89970668137056
1.46875,0.03125,-0.01,0.5985401845093955,27.92257623787176,-0.15021885294259343,0.0,427216.483691041,9091.834423537493,102189.41278542431,575.2380556284489,488.8997002195165
1.46875,0.03125,0.01,0.5985401845093955,27.92325494335409,-0.1501910550199131,0.0,427219.274387149,9091.839982857975,102189.8212927814,575.241791139025,488.90128763799316
1.46875,0.03125,0.03,0.5985401845093955,27.92257623787176,-0.15021885294259343,0.0,427216.483691041,9091.834423537493,102189.41278542431,575.2380556284489,488.8997002195165
1.46875,0.09375,-0.01,0.5967738255045726,27.723097133378268,-0.4463591675627403,0.0,428475.60219594435,9094.906599833952,102189.74925451571,576.942341671641,489.6234081530419
1.46875,0.09375,0.01,0.5967738255045726,27.723803032261078,-0.44636474157716244,0.0,428478.53686337173,9094.91251170897,102190.1492787684,576.9462703710842,489.625075199987
1.46875,0.09375,0.03,0.5967738255045726,27.723097133378268,-0.4463591675627403,0.0,428475.60219594435,9094.906599833952,102189.74925451571,576.942341671641,489.6234081530419
1.46875,0.15625,-0.01,0.5947531085388338,27.5291036985419,-0.7347157060111319,0.0,429923.4559229411,9098.427436301166,102189.44823561478,578.9006202751134,490.4536529955864
1.46875,0.15625,0.01,0.5947531085388338,27.52983687772276,-0.734725807748588,0.0,429926.56362959143,9098.43374157297,102189.84813778874,578.9047813468032,490.45541565490305
1.46875,0.15625,0.03,0.5947531085388338,27.5291036985419,-0.7347157060111319,0.0,429923.4559229411,9098.427436301166,102189.44823561478,578.9006202751134,490.4536529955864
1.46875,0.21875,-0.01,0.5927170000581805,27.359645945964985,-1.0146049383034161,0.0,431390.3540484445,9101.982354717875,102188.4736765039,580.8835097354578,491.2929024169568
1.46875,0.21875,0.01,0.5927170000581805,27.36040517946827,-1.0146204043392528,0.0,431393.6333013033,9101.989046954151,102188.87342095023,580.8879011970732,491.29475949312535
1.46875,0.21875,0.03,0.5927170000581805,27.359645945964985,-1.0146049383034161,0.0,431390.3540484445,9101.982354717875,102188.4736765039,580.8835097354578,491.2929024169568
1.46875,0.28125,-0.01,0.5907011668405533,27.214313770720977,-1.285023062198376,0.0,432850.45292003383,9105.508989692373,102186.82541290442,582.8562235052465,492.12642480454144
1.46875,0.28125,0.01,0.5907011668405533,27.21509793696727,-1.2850446606920753,0.0,432853.9019241133,9105.516062252951,102187.22495651766,582.860842960059,492.12837498640914
1.46875,0.28125,0.03,0.5907011668405533,27.214313770720977,-1.285023062198376,0.0,432850.45292003383,9105.508989692373,102186.82541290442,582.8562235052465,492.12642480454144
1.46875,0.34375,-0.01,0.5887164243099429,27.09213379733319,-1.5447732356930406,0.0,434295.4814656566,9108.987934784967,102184.4976149374,584.8076771517996,492.94957755344086
1.46875,0.34375,0.01,0.5887164243099429,27.092941815905128,-1.5448016887642617,0.0,434299.09751880803,9108.995379097227,102184.89691631854,584.8125209764947,492.95161904202433
1.46875,0.34375,0.03,0.5887164243099429,27.09213379733319,-1.5447732356930406,0.0,434295.4814656566,9108.987934784967,102184.4976149374,584.8076771517996,492.94957755344086
1.46875,0.40625,-0.01,0.586769072496974,26.99250051589093,-1.792513524729714,0.0,435720.3047766067,9112.407501999049,102181.48254938834,586.7309982239733,493.7595208013972
1.46875,0.40625,0.01,0.586769072496974,26.993331316796585,-1.7925495035746544,0.0,435724.0868650107,9112.415313753114,102181.88156467832,586.7360650678706,493.76165278097653
1.46875,0.40625,0.03,0.586769072496974,26.99250051589093,-1.792513524729714,0.0,435720.3047766067,9112.407501999049,102181.48254938834,586.7309982239733,493.7595208013972
1.46875,0.46875,-0.01,0.5848661841787146,26.915440539718723,-2.0267845839345013,0.0,437119.10595276963,9115.754487071385,102177.77227074796,588.6183713681551,494.5530362568769
1.46875,0.46875,0.01,0.5848661841787146,26.916293040968547,-2.0268286867726757,0.0,437123.0540387638,9115.762664503854,102178.17095310883,588.623661194026,494.5552584892225
1.46875,0.46875,0.03,0.5848661841787146,26.915440539718723,-2.0267845839345013,0.0,437119.10595276963,9115.754487071385,102177.77227074796,588.6183713681551,494.5530362568769
1.46875,0.53125,-0.01,0.5830145022394144,26.861780781073588,-2.246041446179858,0.0,438486.2020157531,9119.016112330131,102173.35816673427,590.4621321176534,495.3269880972844
1.46875,0.53125,0.01,0.5830145022394144,26.862653857464505,-2.246094176081688,0.0,438490.31728371984,9119.02465679159,102173.75646640704,590.4676465337774,495.3293010591188
1.46875,0.53125,0.03,0.5830145022394144,26.861780781073588,-2.246041446179858,0.0,438486.2020157531,9119.016112330131,102173.35816673427,590.4621321176534,495.3269880972844
1.46875,0.59375,-0.01,0.5812198683061538,26.83357477583716,-2.4487206810577127,0.0,439816.49624994665,9122.181056315734,102168.22978348915,592.2553608703967,496.0785699351134
1.46875,0.59375,0.01,0.5812198683061538,26.834467200558294,-2.448782420214566,0.0,439820.7814666753,9122.18997309123,102168.6276481197,592.2611036172985,496.08097501825233
1.46875,0.59375,0.03,0.5812198683061538,26.83357477583716,-2.4487206810577127,0.0,439816.49624994665,9122.181056315734,102168.22978348915,592.2553608703967,496.0785699351134
1.46875,0.65625,-0.01,0.5794860824264093,26.834573854195256,-2.633336417761836,0.0,441106.384103897,9125.241527350887,102162.37428319079,593.9930858444532,496.8058041429137
1.46875,0.65625,0.01,0.5794860824264093,26.835484201754316,-2.633407395925312,0.0,441110.8440789228,9125.250826683206,102162.77165864254,593.999063417109,496.80830390712794
1.46875,0.65625,0.03,0.5794860824264093,26.834573854195256,-2.633336417761836,0.0,441106.384103897,9125.241527350887,102162.37428319079,593.9930858444532,496.8058041429137
1.46875,0.71875,-0.01,0.5778220904365473,26.868336938781223,-2.798341080281475,0.0,442348.334167741,9128.18053293789,102155.79419577986,595.6650472323613,497.50451297047624
1.46875,0.71875,0.01,0.5778220904365473,26.86926357019879,-2.79842134566023,0.0,442352.97637941496,9128.190231554052,102156.19102714522,595.6712697250654,497.5071115031012
1.46875,0.71875,0.03,0.5778220904365473,26.868336938781223,-2.798341080281475,0.0,442348.334167741,9128.18053293789,102155.79419577986,595.6650472323613,497.50451297047624
1.46875,0.78125,-0.01,0.5763105908978726,26.919171112776343,-2.939822568830278,0.0,443478.14474549517,9130.849146719167,102148.652932785,597.1853134507109,498.13897804231243
1.46875,0.78125,0.01,0.5763105908978726,26.920113497289808,-2.9399120977349633,0.0,443482.978563478,9130.859267380572,102149.04915774305,597.1917934859207,498.14168067856934
1.46875,0.78125,0.03,0.5763105908978726,26.919171112776343,-2.939822568830278,0.0,443478.14474549517,9130.849146719167,102148.652932785,597.1853134507109,498.13897804231243
1.46875,0.84375,-0.01,0.5755056149945891,26.843690800795663,-3.0366620684247314,0.0,444067.4433005901,9132.25292161976,102142.07645199727,597.9818608819767,498.4710852533765
1.46875,0.84375,0.01,0.5755056149945891,26.844660288635527,-3.0367620277903864,0.0,444072.4673272169,9132.263473066245,102142.47192251845,597.9885963239946,498.4738925405685
1.46875,0.84375,0.03,0.5755056149945891,26.843690800795663,-3.0366620684247314,0.0,444067.4433005901,9132.25292161976,102142.07645199727,597.9818608819767,498.4710852533765
1.46875,0.90625,-0.01,0.5781287507701073,25.91926365265554,-2.9829519261041337,0.0,442026.32882211125,9127.523139793044,102141.32693225359,595.2641182033241,497.3370551204135
1.46875,0.90625,0.01,0.5781287507701073,25.920340462464903,-2.9830723143084414,0.0,442031.44447687216,9127.533959622617,102141.7210126357,595.2709745172652,497.3399193020947
1.46875,0.90625,0.03,0.5781287507701073,25.91926365265554,-2.9829519261041337,0.0,442026.32882211125,9127.523139793044,102141.32693225359,595.2641182033241,497.3370551204135
1.46875,0.96875,-0.01,0.5955890734153688,20.968141523811365,-2.301167135069601,0.0,429068.8598281378,9096.803411845116,102167.04198783274,577.9600817568256,490.0550715701208
1.46875,0.96875,0.01,0.5955890734153688,20.969626466685465,-2.3013785439356735,0.0,429072.89459609345,9096.811949256877,102167.44109027367,577.9654768294015,490.05735881848864
1.46875,0.96875,0.03,0.5955890734153688,20.968141523811365,-2.301167135069601,0.0,429068.8598281378,9096.803411845116,102167.04198783274,577.9600817568256,490.0550715701208
1.46875,1.03125,-0.01,0.5947910949915325,0.02813288428451956,-0.0030874681314381532,0.0,429210.4450114041,9097.83100519141,102116.76574441072,578.4507339769651,490.2630406038258
1.46875,1.03125,0.01,0.593993116567696,-20.968141523811365,2.301167135069601,0.0,429352.41063382366,9098.090287516627,101960.6262252011,578.3422256997984,490.21705562207876
1.46875,1.03125,0.03,0.5947910949915325,0.02813288428451956,-0.0030874681314381532,0.0,429210.4450114041,9097.83100519141,102116.76574441072,578.4507339769651,490.2630406038258
1.53125,-0.03125,-0.01,0.6016865228440804,28.345512964972016,1.1532385679688281e-17,0.0,424823.680439071,9086.086355311108,102147.77543045065,571.9972323267482,487.52055338868576
1.53125,-0.03125,0.01,0.6016865228440803,28.345512964972013,0.11153153363052792,0.0,424823.680439071,9086.086344437555,102147.77393353809,571.997223944482,487.5205498165294
1.53125,-0.03125,0.03,0.6016865228440804,28.345512964972016,1.1532385679688281e-17,0.0,424823.680439071,9086.086355311108,102147.77543045065,571.9972323267482,487.52055338868576
1.53125,0.03125,-0.01,0.6016865228440804,28.345512964972013,-0.11153153363052792,0.0,424823.6804390709,9086.086344437557,102147.77393353808,571.9972239444819,487.52054981652947
1.53125,0.03125,0.01,0.6016865228440804,28.34623027521038,-0.11150297686371449,0.0,424826.18037928373,9086.091229675392,102148.18133839665,572.0005657377616,487.5219739410262
1.53125,0.03125,0.03,0.6016865228440804,28.345512964972013,-0.11153153363052792,0.0,424823.6804390709,9086.086344437557,102147.77393353808,571.9972239444819,487.52054981652947
1.53125,0.09375,-0.01,0.6001223756057362,28.12840015924376,-0.33010314296380083,0.0,425926.02404977166,9088.794089040382,102148.34620679903,573.4910594581803,488.1567422724622
1.53125,0.09375,0.01,0.6001223756057362,28.129145215961344,-0.33010654497375735,0.0,425928.65876738925,9088.799310649443,102148.74511293326,573.4945820443844,488.1582414863879
1.53125,0.09375,0.03,0.6001223756057362,28.12840015924376,-0.33010314296380083,0.0,425926.02404977166,9088.794089040382,102148.34620679903,573.4910594581803,488.1567422724622
1.53125,0.15625,-0.01,0.5983304302267936,27.915119611206702,-0.5401353783393446,0.0,427194.60689965566,9091.900518578175,102148.39359539698,575.2086712602265,488.88721304821354
1.53125,0.15625,0.01,0.5983304302267936,27.915892368343428,-0.5401415581091261,0.0,427197.404577941,9091.906116530896,102148.79240877982,575.2124126389879,488.8888030010017
1.53125,0.15625,0.03,0.5983304302267936,27.915119611206702,-0.5401353783393446,0.0,427194.60689965566,9091.900518578175,102148.39359539698,575.2086712602265,488.88721304821354
1.53125,0.21875,-0.01,0.5965170509788082,27.72471208219233,-0.7410505097319124,0.0,428484.6811687692,9095.049667912732,102147.90045158111,576.9542813488139,489.628474443694
1.53125,0.21875,0.01,0.5965170509788082,27.725511322692547,-0.7410600626599018,0.0,428487.64127873164,9095.055638493704,102148.29913870708,576.9582408418745,489.6301545397462
1.53125,0.21875,0.03,0.5965170509788082,27.72471208219233,-0.7410505097319124,0.0,428484.6811687692,9095.049667912732,102147.90045158111,576.9542813488139,489.628474443694
1.53125,0.28125,-0.01,0.5947158929984154,27.556599012014026,-0.9320958722246696,0.0,429772.29135868815,9098.183234674267,102146.878509869,578.6956521331214,490.36681920206894
1.53125,0.28125,0.01,0.5947158929984154,27.557423594158,-0.9321093322141586,0.0,429775.4121128877,9098.189571528777,102147.2770312578,578.6998273603909,490.36858817096925
1.53125,0.28125,0.03,0.5947158929984154,27.556599012014026,-0.9320958722246696,0.0,429772.29135868815,9098.183234674267,102146.878509869,578.6956521331214,490.36681920206894
1.53125,0.34375,-0.01,0.5929381134090307,27.40970255162781,-1.1124286998453814,0.0,431049.2147937724,9101.281599933924,102145.3366522113,580.4217656980886,491.09759934545576
1.53125,0.34375,0.01,0.5929381134090307,27.41055134930455,-1.1124465668881736,0.0,431052.4945299209,9101.288297208528,102145.73497229328,580.4261544455557,491.09945601193385
1.53125,0.34375,0.03,0.5929381134090307,27.40970255162781,-1.1124286998453814,0.0,431049.2147937724,9101.281599933924,102145.3366522113,580.4217656980886,491.09759934545576
1.53125,0.40625,-0.01,0.5911917587155754,27.28333575474501,-1.2811568581207973,0.0,432309.31785427965,9104.330371644035,102143.28329485348,582.1244029216697,491.81737657591174
1.53125,0.40625,0.01,0.5911917587155754,27.284207621955183,-1.2811796006911151,0.0,432312.7559176356,9104.337426104921,102143.68137751229,582.1290043319027,491.81932036063023
1.53125,0.40625,0.03,0.5911917587155754,27.28333575474501,-1.2811568581207973,0.0,432309.31785427965,9104.330371644035,102143.28329485348,582.1244029216697,491.81737657591174
1.53125,0.46875,-0.01,0.5894853299974142,27.17745128408571,-1.4373656923773706,0.0,433546.01916995976,9107.314199874456,102140.72781097388,583.7947159443981,492.5224668674682
1.53125,0.46875,0.01,0.5894853299974142,27.178345038395168,-1.4373937341580634,0.0,433549.61582052987,9107.321610683795,102141.12561934553,583.7995303917024,492.5244977342347
1.53125,0.46875,0.03,0.5894853299974142,27.17745128408571,-1.4373656923773706,0.0,433546.01916995976,9107.314199874456,102140.72781097388,583.7947159443981,492.5224668674682
1.53125,0.53125,-0.01,0.5878272817451001,27.09282388250873,-1.5801485078589526,0.0,434752.6564735226,9110.217651340248,102137.67983893701,585.4237162882813,493.2091469063673
1.53125,0.53125,0.01,0.5878272817451001,27.093738275213934,-1.580182215736758,0.0,434756.4132340754,9110.225420884573,102138.07733555316,585.4287458481064,493.2112655595015
1.53125,0.53125,0.03,0.5878272817451001,27.09282388250873,-1.5801485078589526,0.0,434752.6564735226,9110.217651340248,102137.67983893701,585.4237162882813,493.2091469063673
1.53125,0.59375,-0.01,0.5862253510844018,27.03149412847384,-1.7086630303511723,0.0,435922.9989670275,9113.026398188218,102134.14790929871,587.0029492788988,493.87393683445987
1.53125,0.59375,0.01,0.5862253510844018,27.03242778771564,-1.7087027013180143,0.0,435926.91902110213,9113.0345330062,102134.54505641224,587.0081982649491,493.8761449422837
1.53125,0.59375,0.03,0.5862253510844018,27.03149412847384,-1.7086630303511723,0.0,435922.9989670275,9113.026398188218,102134.14790929871,587.0029492788988,493.87393683445987
1.53125,0.65625,-0.01,0.5846855660227069,26.997247960724025,-1.822209196798612,0.0,437052.01953232416,9115.729000238112,102130.13834885499,588.5255169951741,494.5140269212136
1.53125,0.65625,0.01,0.5846855660227069,26.998199294307607,-1.8222550418216237,0.0,437056.10817712755,9115.737512051564,102130.53510917892,588.5309925712145,494.51632736765225
1.53125,0.65625,0.03,0.5846855660227069,26.997247960724025,-1.822209196798612,0.0,437052.01953232416,9115.729000238112,102130.13834885499,588.5255169951741,494.5140269212136
1.53125,0.71875,-0.01,0.5832214876053475,26.993571667398346,-1.9201331085413404,0.0,438129.00505691185,9118.30059596918,102125.66937051355,589.9768667731172,495.1234065175728
1.53125,0.71875,0.01,0.5832214876053475,26.99453884588083,-1.9201852378375077,0.0,438133.270372246,9118.30950336982,102126.0657081484,589.9825798555541,495.12580379291467
1.53125,0.71875,0.03,0.5832214876053475,26.993571667398346,-1.9201331085413404,0.0,438129.00505691185,9118.30059596918,102125.66937051355,589.9768667731172,495.1234065175728
1.53125,0.78125,-0.01,0.5819292635449308,27.003348393596358,-2.0001191865971326,0.0,439080.8290556493,9120.569675813624,102120.89557669903,591.2590814084042,495.6611478690055
1.53125,0.78125,0.01,0.5819292635449308,27.00433070872542,-2.000177689476371,0.0,439085.2805809022,9120.579002568023,102121.29145200682,591.2650448611781,495.663647487605
1.53125,0.78125,0.03,0.5819292635449308,27.003348393596358,-2.0001191865971326,0.0,439080.8290556493,9120.569675813624,102120.89557669903,591.2590814084042,495.6611478690055
1.53125,0.84375,-0.01,0.5813953158254872,26.873638700565884,-2.0470753172374367,0.0,439462.62594820117,9121.493207144424,102116.81723162785,591.7782135593255,495.8786981693919
1.53125,0.84375,0.01,0.5813953158254872,26.874647768512386,-2.047141158489072,0.0,439467.25756756775,9121.502950939554,102117.21253380628,591.7844189053442,495.8812980376943
1.53125,0.84375,0.03,0.5813953158254872,26.873638700565884,-2.0470753172374367,0.0,439462.62594820117,9121.493207144424,102116.81723162785,591.7782135593255,495.8786981693919
1.53125,0.90625,-0.01,0.5843118983204969,25.83864334088627,-1.9824410868199789,0.0,437249.08044963394,9116.304567326944,102118.14762841357,588.8319375585629,494.64274652958784
1.53125,0.90625,0.01,0.5843118983204969,25.839762621072403,-1.9825216476589809,0.0,437253.75806148216,9116.314473865661,102118.54182159847,588.8382024249105,494.6453778936975
1.53125,0.90625,0.03,0.5843118983204969,25.83864334088627,-1.9824410868199789,0.0,437249.08044963394,9116.304567326944,102118.14762841357,588.8319375585629,494.64274652958784
1.53125,0.96875,-0.01,0.6008725414567455,20.57137397883546,-1.4560724237197353,0.0,425186.88218468556,9087.452468746033,102142.53082222659,572.7415517487134,487.83764674594903
1.53125,0.96875,0.01,0.6008725414567455,20.572913829143726,-1.4562268144417971,0.0,425190.20991157705,9087.459362923904,102142.93073745811,572.7459935601061,487.8395384182131
1.53125,0.96875,0.03,0.6008725414567455,20.57137397883546,-1.4560724237197353,0.0,425186.88218468556,9087.452468746033,102142.53082222659,572.7415517487134,487.83764674594903
1.53125,1.0312499999999998,-0.01,0.6002262925475638,0.022150000516295495,-0.0015678099562204551,0.0,425265.6449065934,9088.280502706117,102102.63409476585,573.1342919946806,488.0048780592564
1.53125,1.0312499999999998,0.01,0.599580043638382,-20.57137397883531,1.4560724237197251,0.0,425344.5774251158,9088.366904219656,101960.6262252011,572.9540790269212,487.92814933888195
1.53125,1.0312499999999998,0.03,0.6002262925475638,0.022150000516295495,-0.0015678099562204551,0.0,425265.6449065934,9088.280502706117,102102.63409476585,573.1342919946806,488.0048780592564
1.59375,-0.03125,-0.01,0.604414195927145,28.641722695668452,0.0,0.0,422768.0544674046,9081.126739721689,102111.76740918311,569.2154721400494,486.33364368880893
1.59375,-0.03125,0.01,0.604414195927145,28.641722695668452,0.08216482289683753,0.0,422768.0544674046,9081.126733791545,102111.76659309502,569.2154675908189,486.33364174539383
1.59375,-0.03125,0.03,0.604414195927145,28.641722695668452,0.0,0.0,422768.0544674046,9081.126739721689,102111.76740918311,569.2154721400494,486.33364368880893
1.59375,0.03125,-0.01,0.6044141959271451,28.641722695668452,-0.08216482289683753,0.0,422768.0544674046,9081.126733791545,102111.76659309502,569.2154675908189,486.33364174539383
1.59375,0.03125,0.01,0.6044141959271451,28.642476196058272,-0.08213569723402149,0.0,422770.2864282082,9081.130988908973,102112.1730310191,569.2184465414431,486.3349143408279
1.59375,0.03125,0.03,0.6044141959271451,28.641722695668452,-0.08216482289683753,0.0,422768.0544674046,9081.126733791545,102111.76659309502,569.2154675908189,486.33364174539383
1.59375,0.09375,-0.01,0.6030532334401423,28.408208517363775,-0.24221587886803797,0.0,423717.3364885261,9083.473147363118,102112.46577519392,570.5037654968693,486.8836869718055
1.59375,0.09375,0.01,0.6030532334401423,28.408990206333318,-0.24221748701906706,0.0,423719.6919306661,9083.477716381043,102112.86371826593,570.5069100185158,486.88502878081357
1.59375,0.09375,0.03,0.6030532334401423,28.408208517363775,-0.24221587886803797,0.0,423717.3364885261,9083.473147363118,102112.46577519392,570.5037654968693,486.8836869718055
1.59375,0.15625,-0.01,0.6014910696567434,28.177231766150665,-0.3939221847538086,0.0,424811.3278284092,9086.169337633228,102112.75729775261,571.9868895499509,487.51614572831903
1.59375,0.15625,0.01,0.6014910696567434,28.178041483482886,-0.3939251638634795,0.0,424813.8335865345,9086.174258419132,102113.15517497259,571.9902358316638,487.51757177846724
1.59375,0.15625,0.03,0.6014910696567434,28.177231766150665,-0.3939221847538086,0.0,424811.3278284092,9086.169337633228,102112.75729775261,571.9868895499509,487.51614572831903
1.59375,0.21875,-0.01,0.5999048137996379,27.96793269187788,-0.5368936327811424,0.0,425927.09318685014,9088.911247073835,102112.63506884685,573.4984453233623,488.159885693984
1.59375,0.21875,0.01,0.5999048137996379,27.968769241478164,-0.5368984176312508,0.0,425929.7493550017,9088.916517866883,102113.03285128801,573.5019935291167,488.16139580185836
1.59375,0.21875,0.03,0.5999048137996379,27.96793269187788,-0.5368936327811424,0.0,425927.09318685014,9088.911247073835,102112.63506884685,573.4984453233623,488.159885693984
1.59375,0.28125,-0.01,0.5983250599034029,27.779649289388868,-0.6706551259886238,0.0,427043.1538459264,9091.646251120847,102112.11576574108,575.0095343658444,488.8025794937008
1.59375,0.28125,0.01,0.5983250599034029,27.780511530930152,-0.6706621030813853,0.0,427045.9587177963,9091.651866086013,102112.51341946571,575.0132822284472,488.8041724776542
1.59375,0.28125,0.03,0.5983250599034029,27.779649289388868,-0.6706551259886238,0.0,427043.1538459264,9091.646251120847,102112.11576574108,575.0095343658444,488.8025794937008
1.59375,0.34375,-0.01,0.5967636621556793,27.6112842019972,-0.7946947167856918,0.0,428150.98632435297,9094.35376665342,102111.21374188615,576.5087318690898,489.43938160536715
1.59375,0.34375,0.01,0.5967636621556793,27.612170992940058,-0.79470425586095,0.0,428153.9386452944,9094.359721222572,102111.61123820541,576.5126777282957,489.44105656315907
1.59375,0.34375,0.03,0.5967636621556793,27.6112842019972,-0.7946947167856918,0.0,428150.98632435297,9094.35376665342,102111.21374188615,576.5087318690898,489.43938160536715
1.59375,0.40625,-0.01,0.5952295088579731,27.462156464208835,-0.9084968547759763,0.0,429244.0400707766,9097.018169801213,102109.94314739187,577.9872538661409,490.06659111436977
1.59375,0.40625,0.01,0.5952295088579731,27.46306662296085,-0.9085093161186617,0.0,429247.1391277471,9097.024460886185,102110.34045807301,577.9913967910911,490.06834747271137
1.59375,0.40625,0.03,0.5952295088579731,27.462156464208835,-0.9084968547759763,0.0,429244.0400707766,9097.018169801213,102109.94314739187,577.9872538661409,490.06659111436977
1.59375,0.46875,-0.01,0.5937323095374939,27.33223566407419,-1.011563456278954,0.0,430315.0630209394,9099.622248277863,102108.31902393195,579.4353447943773,490.6801141975897
1.59375,0.46875,0.01,0.5937323095374939,27.33316795863809,-1.0115791830169205,0.0,430318.30893903406,9099.628875004619,102108.71612112536,579.4396849831329,490.68195188348983
1.59375,0.46875,0.03,0.5937323095374939,27.33223566407419,-1.011563456278954,0.0,430315.0630209394,9099.622248277863,102108.31902393195,579.4353447943773,490.6801141975897
1.59375,0.53125,-0.01,0.5922821065153119,27.22233659042322,-1.1034373273367422,0.0,431356.44851896336,9102.148040585926,102106.3564703285,580.8427384464615,491.2756605809753
1.59375,0.53125,0.01,0.5922821065153119,27.223289710810338,-1.1034566392425342,0.0,431359.8426303876,9102.155005191082,102106.75332662796,580.8472777234107,491.2775802330405
1.59375,0.53125,0.03,0.5922821065153119,27.22233659042322,-1.1034373273367422,0.0,431356.44851896336,9102.148040585926,102106.3564703285,580.8427384464615,491.2756605809753
1.59375,0.59375,-0.01,0.5908884591936391,27.134578598046836,-1.1837444627032714,0.0,432360.8398900346,9104.578262810312,102104.0691988078,582.1994563163223,491.8490806015177
1.59375,0.59375,0.01,0.5908884591936391,27.135551101550842,-1.1837676498468617,0.0,432364.38511177694,9104.58557153953,102104.46578743053,582.2041986415902,491.8510837840592
1.59375,0.59375,0.03,0.5908884591936391,27.134578598046836,-1.1837444627032714,0.0,432360.8398900346,9104.578262810312,102104.0691988078,582.1994563163223,491.8490806015177
1.59375,0.65625,-0.01,0.5895595557968283,27.0728747918233,-1.2522524375991255,0.0,433321.8089018601,9106.89788710885,102101.46816077945,583.4967042574519,492.39674100572233
1.59375,0.65625,0.01,0.5895595557968283,27.07386500560395,-1.2522797520954612,0.0,433325.510138655,9106.90555115494,102101.86445609093,583.5016562711527,492.39883043503403
1.59375,0.65625,0.03,0.5895595557968283,27.0728747918233,-1.2522524375991255,0.0,433321.8089018601,9106.89788710885,102101.46816077945,583.4967042574519,492.39674100572233
1.59375,0.71875,-0.01,0.5883132520343423,27.040747519176342,-1.308801904026198,0.0,434225.7385794379,9109.074774302013,102098.57290673399,584.7160122439728,492.91094267384204
1.59375,0.71875,0.01,0.5883132520343423,27.041753519092723,-1.3088335515572147,0.0,434229.6032902687,9109.082811296455,102098.96888498645,584.7211840309192,492.9131225566302
1.59375,0.71875,0.03,0.5883132520343423,27.040747519176342,-1.308801904026198,0.0,434225.7385794379,9109.074774302013,102098.57290673399,584.7160122439728,492.91094267384204
1.59375,0.78125,-0.01,0.5872562937257331,27.01983521711718,-1.352038423936086,0.0,434992.93560578726,9110.920162100456,102095.5190599455,585.750654790104,493.3468476420864
1.59375,0.78125,0.01,0.5872562937257331,27.020856210142664,-1.3520746167938147,0.0,434996.97149650735,9110.928592024318,102095.91469538558,585.7560567499432,493.3491225296103
1.59375,0.78125,0.03,0.5872562937257331,27.01983521711718,-1.352038423936086,0.0,434992.93560578726,9110.920162100456,102095.5190599455,585.750654790104,493.3468476420864
1.59375,0.84375,-0.01,0.5869928663985042,26.847932130981995,-1.3710585166301448,0.0,435173.3049785264,9111.3689436994,102093.18983071164,585.9999452128616,493.45181855460646
1.59375,0.84375,0.01,0.5869928663985042,26.84898005187341,-1.37110009727795,0.0,435177.49716053356,9111.37774282843,102093.58503775559,586.0055570591403,493.4541813271157
1.59375,0.84375,0.03,0.5869928663985042,26.847932130981995,-1.3710585166301448,0.0,435173.3049785264,9111.3689436994,102093.18983071164,585.9999452128616,493.45181855460646
1.59375,0.90625,-0.01,0.5901282372255664,25.715567521498357,-1.3070884468469903,0.0,432844.4375251278,9105.854175317858,102095.82254286387,582.9015337985813,492.1455529860922
1.59375,0.90625,0.01,0.5901282372255664,25.71672911420596,-1.3071408993903397,0.0,432848.60968014353,9105.862977627861,102096.21686537622,582.9071162982632,492.14790964125234
1.59375,0.90625,0.03,0.5901282372255664,25.715567521498357,-1.3070884468469903,0.0,432844.4375251278,9105.854175317858,102095.82254286387,582.9015337985813,492.1455529860922
1.59375,0.96875,-0.01,0.6052331465525557,20.15006816092899,-0.9025740752557012,0.0,422017.0360615812,9079.76777769553,102118.46511817341,568.4819624233901,486.02018993676285
1.59375,0.96875,0.01,0.6052331465525557,20.15166282207752,-0.9026882192117713,0.0,422019.6824211063,9079.773051159998,102118.86571824238,568.4854854997956,486.0216959507827
1.59375,0.96875,0.03,0.6052331465525557,20.15006816092899,-0.9025740752557012,0.0,422017.0360615812,9079.76777769553,102118.46511817341,568.4819624233901,486.02018993676285
1.59375,1.03125,-0.01,0.6047069902316329,0.01753351662330189,-0.0007853719116912148,0.0,422057.8051093543,9080.45534611859,102088.74952880343,568.8110578912853,486.16084866532276
1.59375,1.03125,0.01,0.60418083391071,-20.15006816092899,0.9025740752557013,0.0,422098.64516902814,9080.427839255286,101960.6262252011,568.5919477433994,486.0672033025241
1.59375,1.03125,0.03,0.6047069902316329,0.01753351662330189,-0.0007853719116912148,0.0,422057.8051093543,9080.45534611859,102088.74952880343,568.8110578912853,486.16084866532276
1.65625,-0.03125,-0.01,0.6067625575877312,28.840980878964192,0.0,0.0,421011.41480459925,9076.873356647675,102080.71497742485,566.8403149805508,485.31792433488226
1.65625,-0.03125,0.01,0.6067625575877312,28.840980878964192,0.060787127351102255,0.0,421011.41480459925,9076.873353388313,102080.7145290179,566.8403124906082,485.3179232689614
1.65625,-0.03125,0.03,0.6067625575877312,28.840980878964192,0.0,0.0,421011.41480459925,9076.873356647675,102080.71497742485,566.8403149805508,485.31792433488226
1.65625,0.03125,-0.01,0.6067625575877312,28.840980878964192,-0.060787127351102255,0.0,421011.4148045992,9076.873353388313,102080.71452901789,566.8403124906081,485.31792326896135
1.65625,0.03125,0.01,0.6067625575877312,28.841768608234197,-0.06075764385564244,0.0,421013.4020416158,9076.877025935939,102081.12019516506,566.8429600911652,485.31905668032545
1.65625,0.03125,0.03,0.6067625575877312,28.840980878964192,-0.060787127351102255,0.0,421011.4148045992,9076.873353388313,102080.71452901789,566.8403124906081,485.31792326896135
1.65625,0.09375,-0.01,0.6055966043447886,28.59239730169139,-0.17848262769012985,0.0,421816.99206768634,9078.876489072984,102081.45870242923,567.9355977734948,485.78657822838477
1.65625,0.09375,0.01,0.6055966043447886,28.593213558899468,-0.17848299053899538,0.0,421819.09029739763,9078.880449006183,102081.85588572446,567.9383941219625,485.78777416229593
1.65625,0.09375,0.03,0.6055966043447886,28.59239730169139,-0.17848262769012985,0.0,421816.99206768634,9078.876489072984,102081.45870242923,567.9355977734948,485.78657822838477
1.65625,0.15625,-0.01,0.6042551278386515,28.345476354316176,-0.2884845704615367,0.0,422747.2033251888,9081.182958768111,102081.89356091674,569.1986909685154,486.3264747792757
1.65625,0.15625,0.01,0.6042551278386515,28.34632089095108,-0.28848532587740794,0.0,422749.43782267894,9081.18724116913,102082.29070057868,569.2016701573596,486.3277474952319
1.65625,0.15625,0.03,0.6042551278386515,28.345476354316176,-0.2884845704615367,0.0,422747.2033251888,9081.182958768111,102081.89356091674,569.1986909685154,486.3264747792757
1.65625,0.21875,-0.01,0.6028890341333419,28.119497545768706,-0.39057934748419804,0.0,423698.2409601168,9083.534708868314,102082.01812234499,570.4889644378572,486.8773711143479
1.65625,0.21875,0.01,0.6028890341333419,28.12036920449277,-0.3905808207784656,0.0,423700.6120838293,9083.539313049958,102082.4151943828,570.4921269879271,486.87872063381803
1.65625,0.21875,0.03,0.6028890341333419,28.119497545768706,-0.39057934748419804,0.0,423698.2409601168,9083.534708868314,102082.01812234499,570.4889644378572,486.8773711143479
1.65625,0.28125,-0.01,0.6015255528800517,27.91375912628064,-0.48451572573610485,0.0,424651.1910571064,9085.885156132801,102081.8496681456,571.7809766914853,487.4283859551534
1.65625,0.28125,0.01,0.6015255528800517,27.914656793454384,-0.4845182060540951,0.0,424653.69723630603,9085.890076919615,102082.24664408567,571.7843205194227,487.4298112161694
1.65625,0.28125,0.03,0.6015255528800517,27.91375912628064,-0.48451572573610485,0.0,424651.1910571064,9085.885156132801,102081.8496681456,571.7809766914853,487.4283859551534
1.65625,0.34375,-0.01,0.6001769230075915,27.727180661776565,-0.5700296469289642,0.0,425597.3961774709,9088.213219039359,102081.40326115258,573.0631205348332,487.9745770474461
1.65625,0.34375,0.01,0.6001769230075915,27.728103208320636,-0.5700334212970114,0.0,425600.0361559812,9088.21845216708,102081.80011846308,573.0666439800063,487.97607718675334
1.65625,0.34375,0.03,0.6001769230075915,27.727180661776565,-0.5700296469289642,0.0,425597.3961774709,9088.213219039359,102081.40326115258,573.0631205348332,487.9745770474461
1.65625,0.40625,-0.01,0.5988523923127729,27.559120584402507,-0.6468701393608304,0.0,426530.1858234702,9090.50281303958,102080.6936977194,574.3264474923027,488.5121548764182
1.65625,0.40625,0.01,0.5988523923127729,27.56006683050394,-0.6468755028635385,0.0,426532.95863583713,9090.5083550994,102081.09041473058,574.330149285752,488.51372921466157
1.65625,0.40625,0.03,0.5988523923127729,27.559120584402507,-0.6468701393608304,0.0,426530.1858234702,9090.50281303958,102080.6936977194,574.3264474923027,488.5121548764182
1.65625,0.46875,-0.01,0.5975626008694772,27.409597026928132,-0.7148144937873169,0.0,427441.80187385646,9092.735296748458,102079.73633991831,575.5605166972867,489.03671221908957
1.65625,0.46875,0.01,0.5975626008694772,27.41056573439751,-0.7148217449709723,0.0,427444.70723849,9092.741146171975,102080.13289579711,575.5643964912217,489.0383604892692
1.65625,0.46875,0.03,0.5975626008694772,27.409597026928132,-0.7148144937873169,0.0,427441.80187385646,9092.735296748458,102079.73633991831,575.5605166972867,489.03671221908957
1.65625,0.53125,-0.01,0.5963188946737256,27.279492738549884,-0.7736849282333138,0.0,428323.8767737966,9094.89064269831,102078.54628522733,576.7540325034719,489.5434971336486
1.65625,0.53125,0.01,0.5963188946737256,27.28048258548678,-0.7736943658372978,0.0,428326.9154215375,9094.896800571818,102078.94265993046,576.7580913140201,489.54521967107564
1.65625,0.53125,0.03,0.5963188946737256,27.279492738549884,-0.7736849282333138,0.0,428323.8767737966,9094.89064269831,102078.54628522733,576.7540325034719,489.5434971336486
1.65625,0.59375,-0.01,0.5951323824488077,27.171028570498198,-0.8233792129135467,0.0,429168.11824925296,9096.949072405645,102077.13699799271,577.8957505064681,490.0277974262762
1.65625,0.59375,0.01,0.5951323824488077,27.172038098516712,-0.8233911328021037,0.0,429171.2922578702,9096.955543282254,102077.533172302,577.8999911646599,490.0295953600553
1.65625,0.59375,0.03,0.5951323824488077,27.171028570498198,-0.8233792129135467,0.0,429168.11824925296,9096.949072405645,102077.13699799271,577.8957505064681,490.0277974262762
1.65625,0.65625,-0.01,0.5940131273912138,27.088263738522247,-0.863914050615351,0.0,429966.91684790194,9098.89247917644,102075.51887878162,578.9752785147905,490.4852777897271
1.65625,0.65625,0.01,0.5940131273912138,27.0892912544673,-0.8639287413444338,0.0,429970.22999082174,9098.89927190707,102075.91483463699,578.9797061375363,490.4871532408051
1.65625,0.65625,0.03,0.5940131273912138,27.088263738522247,-0.863914050615351,0.0,429966.91684790194,9098.89247917644,102075.51887878162,578.9752785147905,490.4852777897271
1.65625,0.71875,-0.01,0.5929824461278866,27.03478881236526,-0.8953768504156941,0.0,430704.42581242806,9100.682985245761,102073.7085383325,579.97113889422,490.9069235948158
1.65625,0.71875,0.01,0.5929824461278866,27.035832360502546,-0.8953945872856025,0.0,430707.88385035633,9100.690113837945,102074.10425942788,579.9757612788546,490.9088798612118
1.65625,0.71875,0.03,0.5929824461278866,27.03478881236526,-0.8953768504156941,0.0,430704.42581242806,9100.682985245761,102073.7085383325,579.97113889422,490.9069235948158
1.65625,0.78125,-0.01,0.5921535434146039,26.991120663726523,-0.9169825599126452,0.0,431297.5478580629,9102.122027074121,102071.82181104561,580.7720581296675,491.24576903423747
1.65625,0.78125,0.01,0.5921535434146039,26.992179419014285,-0.9170036368978837,0.0,431301.15484099276,9102.129503114169,102072.21728005366,580.7768807523767,491.24780863656537
1.65625,0.78125,0.03,0.5921535434146039,26.991120663726523,-0.9169825599126452,0.0,431297.5478580629,9102.122027074121,102071.82181104561,580.7720581296675,491.24576903423747
1.65625,0.84375,-0.01,0.5921300441481024,26.78622171595661,-0.9207582802323204,0.0,431304.0130434512,9102.15433329566,102070.635648269,580.7881917906167,491.2525923115694
1.65625,0.84375,0.01,0.5921300441481024,26.78730792573042,-0.9207834353359083,0.0,431307.74212941393,9102.162103081537,102071.03079782735,580.7931782687231,491.254701182818
1.65625,0.84375,0.03,0.5921300441481024,26.78622171595661,-0.9207582802323204,0.0,431304.0130434512,9102.15433329566,102070.635648269,580.7881917906167,491.2525923115694
1.65625,0.90625,-0.01,0.5953642708621733,25.56766785524783,-0.8622872611522959,0.0,428945.0329458647,9096.520136306644,102073.95487613483,577.6520328253721,489.9244560946091
1.65625,0.90625,0.01,0.5953642708621733,25.568871412312287,-0.8623205807108992,0.0,428948.6654842519,9096.527718539097,102074.34931842425,577.656886918073,489.9265145429442
1.65625,0.90625,0.03,0.5953642708621733,25.56766785524783,-0.8622872611522959,0.0,428945.0329458647,9096.520136306644,102073.95487613483,577.6520328253721,489.9244560946091
1.65625,0.96875,-0.01,0.6086084877754224,19.72580288256982,-0.5511333536472309,0.0,419571.1582641318,9073.817976747858,102094.51916631767,565.1973756610026,484.61408722266816
1.65625,0.96875,0.01,0.6086084877754224,19.727451411948863,-0.5512196808910411,0.0,419573.21532334585,9073.821825188625,102094.92033353266,565.2001040864852,484.6152569307082
1.65625,0.96875,0.03,0.6086084877754224,19.72580288256982,-0.5511333536472309,0.0,419571.1582641318,9073.817976747858,102094.51916631767,565.1973756610026,484.61408722266816
1.65625,1.03125,-0.01,0.6081804921956517,0.013882304496631487,-0.0003878676614142552,0.0,419591.10881401127,9074.406472600684,102074.93915378202,565.4866694306963,484.7380951419467
1.65625,1.03125,0.01,0.607752496615881,-19.725802882569816,0.5511333536472307,0.0,419611.08746461367,9074.306374072321,101960.6262252011,565.2511885996574,484.6371569400448
1.65625,1.03125,0.03,0.6081804921956517,0.013882304496631487,-0.0003878676614142552,0.0,419591.10881401127,9074.406472600684,102074.93915378202,565.4866694306963,484.7380951419467
1.71875,-0.03125,-0.01,0.6087652889176755,28.96891308740375,0.0,0.0,419519.38745033566,9073.252068593396,102053.38063673128,564.8245127865266,484.45420996525314
1.71875,-0.03125,0.01,0.6087652889176755,28.96891308740375,0.045434457103202444,0.0,419519.38745033566,9073.252066766025,102053.38038539763,564.8245113954957,484.4542093687043
1.71875,-0.03125,0.03,0.6087652889176755,28.96891308740375,0.0,0.0,419519.38745033566,9073.252068593396,102053.38063673128,564.8245127865266,484.45420996525314
1.71875,0.03125,-0.01,0.6087652889176755,28.96891308740375,-0.045434457103202444,0.0,419519.38745033566,9073.252066766025,102053.38038539763,564.8245113954957,484.4542093687043
1.71875,0.03125,0.01,0.6087652889176755,28.969733690930205,-0.045404794354774645,0.0,419521.1532585542,9073.255206538252,102053.78547498398,564.826859154575,484.455216212922
1.71875,0.03125,0.03,0.6087652889176755,28.96891308740375,-0.045434457103202444,0.0,419519.38745033566,9073.252066766025,102053.38038539763,564.8245113954957,484.4542093687043
1.71875,0.09375,-0.01,0.6077803931432839,28.706714690395973,-0.13290187339213388,0.0,420193.8427303845,9074.939033070277,102054.10860819463,565.7436605994238,484.8482297093314
1.71875,0.09375,0.01,0.6077803931432839,28.707564069662943,-0.13290150291352387,0.0,420195.7065353517,9074.942431454374,102054.50522876171,565.7461396045012,484.84929197479744
1.71875,0.09375,0.03,0.6077803931432839,28.706714690395973,-0.13290187339213388,0.0,420193.8427303845,9074.939033070277,102054.10860819463,565.7436605994238,484.8482297093314
1.71875,0.15625,-0.01,0.6066440801636608,28.445663771255145,-0.2135294056827549,0.0,420974.6109236868,9076.886298906937,102054.60193289242,566.8059437096894,485.303210096791
1.71875,0.15625,0.01,0.6066440801636608,28.44654161401026,-0.2135288330707312,0.0,420976.59637695015,9076.889987858991,102054.9985267519,566.8085858689622,485.3043412130899
1.71875,0.15625,0.03,0.6066440801636608,28.445663771255145,-0.2135294056827549,0.0,420974.6109236868,9076.886298906937,102054.60193289242,566.8059437096894,485.303210096791
1.71875,0.21875,-0.01,0.6054838418345128,28.20518361892536,-0.28723695057919757,0.0,421774.67850626307,9078.8765631911,102054.86239576459,567.8933572267405,485.76851256010326
1.71875,0.21875,0.01,0.6054838418345128,28.20608882138012,-0.28723642330585597,0.0,421776.7860211805,9078.880542537978,102055.25894327744,567.8961631340959,485.76971262675437
1.71875,0.21875,0.03,0.6054838418345128,28.20518361892536,-0.28723695057919757,0.0,421774.67850626307,9078.8765631911,102054.86239576459,567.8933572267405,485.76851256010326
1.71875,0.28125,-0.01,0.6043235964957112,27.98455055804816,-0.35392949456657774,0.0,422577.5705884511,9080.869082967045,102054.90618602943,568.9837471973577,486.23464154196796
1.71875,0.28125,0.01,0.6043235964957112,27.985482053220416,-0.35392923207907534,0.0,422579.79871084087,9080.873348119841,102055.30266333782,568.9867149258956,486.23590960151034
1.71875,0.28125,0.03,0.6043235964957112,27.98455055804816,-0.35392949456657774,0.0,422577.5705884511,9080.869082967045,102054.90618602943,568.9837471973577,486.23464154196796
1.71875,0.34375,-0.01,0.6031754674651181,27.782711172332675,-0.4135084370480412,0.0,423374.8122365619,9082.843095498203,102054.74732049738,570.0657509729183,486.69674423019006
1.71875,0.34375,0.01,0.6031754674651181,27.783667867172852,-0.413508666369109,0.0,423377.1595507895,9082.847642079108,102055.14370998042,570.0688786469059,486.6980793627219
1.71875,0.34375,0.03,0.6031754674651181,27.782711172332675,-0.4135084370480412,0.0,423374.8122365619,9082.843095498203,102054.74732049738,570.0657509729183,486.69674423019006
1.71875,0.40625,-0.01,0.602048794924798,27.59906888688274,-0.46589146464787995,0.0,424159.77216502186,9084.782478937947,102054.39946444209,571.1304708030754,487.1510373878864
1.71875,0.40625,0.01,0.602048794924798,27.600049630526485,-0.46589243217087134,0.0,424162.23740513134,9084.78730306423,102054.79574943474,571.1337567485826,487.1524387747341
1.71875,0.40625,0.03,0.602048794924798,27.59906888688274,-0.46589146464787995,0.0,424159.77216502186,9084.782478937947,102054.39946444209,571.1304708030754,487.1510373878864
1.71875,0.46875,-0.01,0.6009547528205377,27.433693493133273,-0.5110231202555562,0.0,424924.4478037776,9086.667824265609,102053.87656218334,572.1671340459908,487.59295271649495
1.71875,0.46875,0.01,0.6009547528205377,27.43469707152007,-0.511025088802481,0.0,424927.03014986403,9086.672923307313,102054.27272697017,572.1705771898115,487.5944198141633
1.71875,0.46875,0.03,0.6009547528205377,27.433693493133273,-0.5110231202555562,0.0,424924.4478037776,9086.667824265609,102053.87656218334,572.1671340459908,487.59295271649495
1.71875,0.53125,-0.01,0.5999055248109109,27.287534803914767,-0.5488864203828638,0.0,425660.0335410566,9088.477835100091,102053.1920964085,573.1638519205766,488.01746254620645
1.71875,0.53125,0.01,0.5999055248109109,27.28855991644933,-0.5488896673515246,0.0,425662.73287772073,9088.483208334763,102053.58812609607,573.1674521383158,488.0189952373913
1.71875,0.53125,0.03,0.5999055248109109,27.287534803914767,-0.5488864203828638,0.0,425660.0335410566,9088.477835100091,102053.1920964085,573.1638519205766,488.01746254620645
1.71875,0.59375,-0.01,0.5989133039966064,27.162909088061063,-0.5795250047360585,0.0,426357.6367031582,9090.191050417892,102052.35786945072,574.1085673362255,488.4194835380223
1.71875,0.59375,0.01,0.5989133039966064,27.163954296445898,-0.5795298205814325,0.0,426360.4539133965,9090.196699758331,102052.75374989973,574.1123258483561,488.42108230143884
1.71875,0.59375,0.03,0.5989133039966064,27.162909088061063,-0.5795250047360585,0.0,426357.6367031582,9090.191050417892,102052.35786945072,574.1085673362255,488.4194835380223
1.71875,0.65625,-0.01,0.5979895481565476,27.06401158395187,-0.6030757758284881,0.0,427008.82999860856,9091.787145182367,102051.38263271455,574.9897813839684,488.79418364038105
1.71875,0.65625,0.01,0.5979895481565476,27.065075212564704,-0.6030824615228861,0.0,427011.76726823644,9091.793075918245,102051.77835073404,574.9937011669512,488.7958497255184
1.71875,0.65625,0.03,0.5979895481565476,27.06401158395187,-0.6030757758284881,0.0,427008.82999860856,9091.787145182367,102051.38263271455,574.9897813839684,488.79418364038105
1.71875,0.71875,-0.01,0.5971577540038626,26.99450461890857,-0.6197360134440422,0.0,427596.50369626284,9093.224794883377,102050.27965318125,575.7843126955382,489.13177939206736
1.71875,0.71875,0.01,0.5971577540038626,26.99558471857115,-0.6197448756398296,0.0,427599.5644002838,9093.2310155609,102050.67519703714,575.7883983305653,489.13351477313074
1.71875,0.71875,0.03,0.5971577540038626,26.99450461890857,-0.6197360134440422,0.0,427596.50369626284,9093.224794883377,102050.27965318125,575.7843126955382,489.13177939206736
1.71875,0.78125,-0.01,0.5965325293838,26.933898688047687,-0.6290609939920143,0.0,428037.78826336854,9094.304459886202,102049.14669287381,576.3812303978872,489.3852560661489
1.71875,0.78125,0.01,0.5965325293838,26.934994428376037,-0.6290723617351286,0.0,428040.9716910923,9094.310970677954,102049.54205049873,576.3854809469618,489.38706055951417
1.71875,0.78125,0.03,0.5965325293838,26.933898688047687,-0.6290609939920143,0.0,428037.78826336854,9094.304459886202,102049.14669287381,576.3812303978872,489.3852560661489
1.71875,0.84375,-0.01,0.596697040935661,26.70294456463615,-0.6251647159827962,0.0,427911.56228712463,9094.014284972945,102048.66123251642,576.2194652930626,489.3165766848426
1.71875,0.84375,0.01,0.596697040935661,26.70406846600442,-0.6251792233572142,0.0,427914.8285785712,9094.020998716438,102049.05635054348,576.2238268432909,489.3184285615291
1.71875,0.84375,0.03,0.596697040935661,26.70294456463615,-0.6251647159827962,0.0,427911.56228712463,9094.014284972945,102048.66123251642,576.2194652930626,489.3165766848426
1.71875,0.90625,-0.01,0.5998894518849397,25.408236401399424,-0.5741905860539993,0.0,425617.42719019455,9088.497537897852,102052.20823043372,573.1731443453708,488.0214185242165
1.71875,0.90625,0.01,0.5998894518849397,25.409481242636126,-0.574211276608058,0.0,425620.52372551616,9088.503876523628,102052.60278298448,573.1772749295297,488.02317698928823
1.71875,0.90625,0.03,0.5998894518849397,25.408236401399424,-0.5741905860539993,0.0,425617.42719019455,9088.497537897852,102052.20823043372,573.1731443453708,488.0214185242165
1.71875,0.96875,-0.01,0.6110803547459156,19.31598975146178,-0.3346897447574821,0.0,417768.5233127061,9069.433414086267,102070.4197716271,562.7788592642238,483.5761280310167
1.71875,0.96875,0.01,0.6110803547459156,19.317690339719608,-0.3347571319795937,0.0,417770.1102529045,9069.436112163517,102070.82141700908,562.7809536950202,483.57702786562845
1.71875,0.96875,0.03,0.6110803547459156,19.31598975146178,-0.3346897447574821,0.0,417768.5233127061,9069.433414086267,102070.4197716271,562.7788592642238,483.5761280310167
1.71875,1.03125,-0.01,0.6107380722396719,0.010825931476224437,-0.00018758180601464574,0.0,417777.8483238346,9069.947787515352,102061.11084209042,563.0429221903187,483.68956472981847
1.71875,1.03125,0.01,0.6103957897334282,-19.31598975146178,0.3346897447574821,0.0,417787.18379350496,9069.799263009356,101960.62622520108,562.8040081601791,483.58693269226956
1.71875,1.03125,0.03,0.6107380722396719,0.010825931476224437,-0.00018758180601464574,0.0,417777.8483238346,9069.947787515352,102061.11084209042,563.0429221903187,483.68956472981847
1.78125,-0.03125,-0.01,0.6104540199097266,29.044840610948544,-2.8416946987313427e-18,0.0,418260.71938701137,9070.194327192248,102028.55085900742,563.1252264204226,483.7249157136874
1.78125,-0.03125,0.01,0.6104540199097266,29.044840610948548,0.0342818268794202,0.0,418260.71938701137,9070.194326148747,102028.550715521,563.1252256284794,483.72491537354756
1.78125,-0.03125,0.03,0.6104540199097266,29.044840610948544,-2.8416946987313427e-18,0.0,418260.71938701137,9070.194327192248,102028.55085900742,563.1252264204226,483.7249157136874
1.78125,0.03125,-0.01,0.6104540199097266,29.044840610948548,-0.0342818268794202,0.0,418260.71938701137,9070.194326148747,102028.550715521,563.1252256284794,483.72491537354756
1.78125,0.03125,0.01,0.6104540199097266,29.045693278541915,-0.034252113409260064,0.0,418262.2867486418,9070.196984014845,102028.95539835158,563.1273045997607,483.7258082915285
1.78125,0.03125,0.03,0.6104540199097266,29.044840610948548,-0.0342818268794202,0.0,418260.71938701137,9070.194326148747,102028.550715521,563.1252256284794,483.72491537354756
1.78125,0.09375,-0.01,0.609632920925789,28.770619713482915,-0.0999545182332041,0.0,418818.1906174439,9071.597076590242,102029.21750495434,563.8872120520781,484.0520781402343
1.78125,0.09375,0.01,0.609632920925789,28.771501326945014,-0.0999538085849441,0.0,418819.8429885019,9071.599963449391,102029.61373131388,563.8894047827717,484.05301928129455
1.78125,0.09375,0.03,0.609632920925789,28.770619713482915,-0.0999545182332041,0.0,418818.1906174439,9071.597076590242,102029.21750495434,563.8872120520781,484.0520781402343
1.78125,0.15625,-0.01,0.6086825397861887,28.49729762487348,-0.15973642772948285,0.0,419465.545650355,9073.221036209663,102029.702485485,564.7701952918213,484.4309151444172
1.78125,0.15625,0.01,0.6086825397861887,28.498207827968653,-0.15973521408817878,0.0,419467.305084367,9073.224180775225,102030.0986971283,564.7725315390761,484.43191709993357
1.78125,0.15625,0.03,0.6086825397861887,28.49729762487348,-0.15973642772948285,0.0,419465.545650355,9073.221036209663,102029.702485485,564.7701952918213,484.4309151444172
1.78125,0.21875,-0.01,0.6077095737023339,28.24442794215962,-0.21363619189685917,0.0,420130.47222657973,9074.884842279838,102030.00992964495,565.6759778321812,484.819226422414
1.78125,0.21875,0.01,0.6077095737023339,28.245365692905057,-0.2136346649006478,0.0,420132.3391124633,9074.888244635138,102030.40611048634,565.678458155007,484.8202893161222
1.78125,0.21875,0.03,0.6077095737023339,28.24442794215962,-0.21363619189685917,0.0,420130.47222657973,9074.884842279838,102030.00992964495,565.6759778321812,484.819226422414
1.78125,0.28125,-0.01,0.6067347891954544,28.01127115560872,-0.26165722316623063,0.0,420798.76254712336,9076.55324475179,102030.15460720063,566.5854618045761,485.20881184190944
1.78125,0.28125,0.01,0.6067347891954544,28.01223544521496,-0.26165554912859007,0.0,420800.7355180494,9076.556900778078,102030.55073706225,566.5880843920714,485.2099347979115
1.78125,0.28125,0.03,0.6067347891954544,28.01127115560872,-0.26165722316623063,0.0,420798.76254712336,9076.55324475179,102030.15460720063,566.5854618045761,485.20881184190944
1.78125,0.34375,-0.01,0.6057697621802037,27.796799566189417,-0.3038022148210975,0.0,421462.39870315103,9078.206509019838,102030.14922577346,567.4878996256018,485.5950700454341
1.78125,0.34375,0.01,0.6057697621802037,27.79778935083207,-0.30380057231154783,0.0,421464.4761857003,9078.210414180636,102030.54529078119,567.4906623880184,485.5962520813659
1.78125,0.34375,0.03,0.6057697621802037,27.796799566189417,-0.3038022148210975,0.0,421462.39870315103,9078.206509019838,102030.14922577346,567.4878996256018,485.5950700454341
1.78125,0.40625,-0.01,0.6048237128154954,27.600455957094027,-0.3400882221639884,0.0,422114.9167649576,9079.828816990932,102030.00609643378,568.3746177229626,485.97430092160783
1.78125,0.40625,0.01,0.6048237128154954,27.6014701307704,-0.34008681475578234,0.0,422117.0972195149,9079.832966942857,102030.4020836238,568.3775186163128,485.97554108766656
1.78125,0.40625,0.03,0.6048237128154954,27.600455957094027,-0.3400882221639884,0.0,422114.9167649576,9079.828816990932,102030.00609643378,568.3746177229626,485.97430092160783
1.78125,0.46875,-0.01,0.6039078784136739,27.422354206132567,-0.3705539184802086,0.0,422748.38325144636,9081.400783592462,102029.73760442033,569.2349350960103,486.3419581231854
1.78125,0.46875,0.01,0.6039078784136739,27.42339159647102,-0.37055297269418663,0.0,422750.6653055499,9081.405174544683,102030.13350174321,569.2379723011729,486.34325558249844
1.78125,0.46875,0.03,0.6039078784136739,27.422354206132567,-0.3705539184802086,0.0,422748.38325144636,9081.400783592462,102029.73760442033,569.2349350960103,486.3419581231854
1.78125,0.53125,-0.01,0.6030347122617915,27.263500343038825,-0.39526768999099726,0.0,423353.9436048417,9082.900812540203,102029.35559053582,570.0568952305805,486.6929638963469
1.78125,0.53125,0.01,0.6030347122617915,27.26455968965913,-0.39526745413589137,0.0,423356.3262349679,9082.905441727375,102029.75138668281,570.0600673979139,486.69431803256265
1.78125,0.53125,0.03,0.6030347122617915,27.263500343038825,-0.39526768999099726,0.0,423353.9436048417,9082.900812540203,102029.35559053582,570.0568952305805,486.6929638963469
1.78125,0.59375,-0.01,0.6022169111055525,27.126290742397618,-0.41434376248518456,0.0,423922.51159400924,9084.306762626702,102028.8703094502,570.828177801768,487.02209851318923
1.78125,0.59375,0.01,0.6022169111055525,27.12737064706533,-0.4143445058764573,0.0,423924.99438096286,9084.311628952064,102029.26599372338,570.8314843951028,487.0235090792365
1.78125,0.59375,0.03,0.6022169111055525,27.126290742397618,-0.41434376248518456,0.0,423922.51159400924,9084.306762626702,102028.8703094502,570.828177801768,487.02209851318923
1.78125,0.65625,-0.01,0.6014667151864538,27.01503738492375,-0.42796706431549636,0.0,424445.28251893696,9085.59716167993,102028.28917913484,571.5367719926932,487.32428576708946
1.78125,0.65625,0.01,0.6014667151864538,27.016136210390464,-0.4279690757335926,0.0,424447.86591045273,9085.602266366777,102028.68474154737,571.5402136439602,487.325753037266
1.78125,0.65625,0.03,0.6014667151864538,27.01503738492375,-0.42796706431549636,0.0,424445.28251893696,9085.59716167993,102028.28917913484,571.5367719926932,487.32428576708946
1.78125,0.71875,-0.01,0.6008082825998663,26.933468609899222,-0.4363716668631438,0.0,424904.96895672934,9086.729883584645,102027.62286474832,572.1592559042226,487.5895958829747
1.78125,0.71875,0.01,0.6008082825998663,26.934584434310356,-0.4363752503802643,0.0,424907.65371138445,9086.735228956899,102028.01829647328,572.1628336662807,487.5911203508662
1.78125,0.71875,0.03,0.6008082825998663,26.933468609899222,-0.4363716668631438,0.0,424904.96895672934,9086.729883584645,102027.62286474832,572.1592559042226,487.5895958829747
1.78125,0.78125,-0.01,0.6003523646304204,26.860211903454758,-0.4393185440453043,0.0,425222.52068786666,9087.51336479057,102026.9528835543,572.5898769484174,487.77304729721016
1.78125,0.78125,0.01,0.6003523646304204,26.86134390243107,-0.4393240255552088,0.0,425225.3011324952,9087.518938774432,102027.34817595051,572.5935831961901,487.774625918242
1.78125,0.78125,0.03,0.6003523646304204,26.860211903454758,-0.4393185440453043,0.0,425222.52068786666,9087.51336479057,102026.9528835543,572.5898769484174,487.77304729721016
1.78125,0.84375,-0.01,0.6006430706456967,26.608611270341257,-0.4324459470436528,0.0,425009.7270320244,9087.00968106376,102026.85937733673,572.3121623051316,487.6547443438116
1.78125,0.84375,0.01,0.6006430706456967,26.609772182712355,-0.43245385615054016,0.0,425012.55159215967,9087.01536556462,102027.25448833412,572.315927353346,487.6563483990158
1.78125,0.84375,0.03,0.6006430706456967,26.608611270341257,-0.4324459470436528,0.0,425009.7270320244,9087.00968106376,102026.85937733673,572.3121623051316,487.6547443438116
1.78125,0.90625,-0.01,0.6036593980559137,25.247457083478025,-0.38986302288313773,0.0,422866.9658945904,9081.831568270172,102030.29470777515,569.4719310692869,486.44318969218807
1.78125,0.90625,0.01,0.6036593980559137,25.248742226270224,-0.3898756114721674,0.0,422869.56228957506,9081.83672345017,102030.68936896046,569.4753865176206,486.4446655127402
1.78125,0.90625,0.03,0.6036593980559137,25.247457083478025,-0.38986302288313773,0.0,422866.9658945904,9081.831568270172,102030.29470777515,569.4719310692869,486.44318969218807
1.78125,0.96875,-0.01,0.6127930874924346,18.93478321334197,-0.20648041425154254,0.0,416494.5009861149,9066.348749987457,102045.92629275713,561.0717205678786,482.84212878576045
1.78125,0.96875,0.01,0.6127930874924346,18.936533341382482,-0.20653504492260066,0.0,416495.73174365616,9066.350568903754,102046.3283491776,561.073334592721,482.8428232768583
1.78125,0.96875,0.03,0.6127930874924346,18.93478321334197,-0.20648041425154254,0.0,416494.5009861149,9066.348749987457,102045.92629275713,561.0717205678786,482.84212878576045
1.78125,1.03125,-0.01,0.6125308377600891,0.008107111250919952,-8.840659386549337e-05,0.0,416498.67719300155,9066.802710825346,102047.20307446548,561.3189719139284,482.94850575364194
1.78125,1.03125,0.01,0.6122685880277438,-18.93478321334197,0.20648041425154257,0.0,416502.85697758716,9066.61779836766,101960.62622520184,561.0829820119113,482.8469743982967
1.78125,1.03125,0.03,0.6125308377600891,0.008107111250919952,-8.840659386549337e-05,0.0,416498.67719300155,9066.802710825346,102047.20307446548,561.3189719139284,482.94850575364194
1.84375,-0.03125,-0.01,0.6118598218359863,29.082182942998024,0.0,0.0,417206.75587702985,9067.635811986185,102005.25137792728,561.7033277556128,483.1138238024371
1.84375,-0.03125,0.01,0.6118598218359863,29.082182942998024,0.025896942184581585,0.0,417206.75587702985,9067.635811389206,102005.2512958584,561.7033273036913,483.11382360809114
1.84375,-0.03125,0.03,0.6118598218359863,29.082182942998024,0.0,0.0,417206.75587702985,9067.635811986185,102005.25137792728,561.7033277556128,483.1138238024371
1.84375,0.03125,-0.01,0.6118598218359863,29.082182942998024,-0.025896942184581585,0.0,417206.75587702985,9067.635811389206,102005.2512958584,561.7033273036913,483.11382360809114
1.84375,0.03125,0.01,0.6118598218359863,29.08306726888266,-0.025867259209133246,0.0,417208.14715954615,9067.638038235955,102005.65571144116,561.7051676874735,483.1146150526798
1.84375,0.03125,0.03,0.6118598218359863,29.082182942998024,-0.025896942184581585,0.0,417206.75587702985,9067.635811389206,102005.2512958584,561.7033273036913,483.11382360809114
1.84375,0.09375,-0.01,0.6111837137807857,28.797683358509193,-0.07533181098672122,0.0,417661.81155453296,9068.788214217066,102005.82184638212,562.3277027408133,483.3822576831537
1.84375,0.09375,0.01,0.6111837137807857,28.798596739090453,-0.07533103051487779,0.0,417663.2752591273,9068.790640714205,102006.2178154014,562.3296399389147,483.38309029942064
1.84375,0.09375,0.03,0.6111837137807857,28.797683358509193,-0.07533181098672122,0.0,417661.81155453296,9068.788214217066,102005.82184638212,562.3277027408133,483.3822576831537
1.84375,0.15625,-0.01,0.6103982849320772,28.514013019420013,-0.11988645202263772,0.0,418192.2306170595,9070.126897755563,102006.24719866196,563.053502643454,483.69410934846826
1.84375,0.15625,0.01,0.6103982849320772,28.514955069013734,-0.1198850677163987,0.0,418193.78727808455,9070.129549406389,102006.64316079233,563.0555643673528,483.6949949151039
1.84375,0.15625,0.03,0.6103982849320772,28.514013019420013,-0.11988645202263772,0.0,418192.2306170595,9070.126897755563,102006.24719866196,563.053502643454,483.69410934846826
1.84375,0.21875,-0.01,0.6095919320365071,28.250834598210258,-0.15962183315699247,0.0,418738.4870315012,9071.501946647393,102006.53368540425,563.7997566902811,484.0145399674948
1.84375,0.21875,0.01,0.6095919320365071,28.25180433790709,-0.15961999467960813,0.0,418740.13700550934,9071.504823708014,102006.92962743502,563.8019434529167,484.01547861980197
1.84375,0.21875,0.03,0.6095919320365071,28.250834598210258,-0.15962183315699247,0.0,418738.4870315012,9071.501946647393,102006.53368540425,563.7997566902811,484.0145399674948
1.84375,0.28125,-0.01,0.6087824586278422,28.00739492773345,-0.19459681699388123,0.0,419288.466913437,9072.883230028981,102006.69487748986,564.550189884309,484.3365512747598
1.84375,0.28125,0.01,0.6087824586278422,28.008391410084954,-0.19459464946220242,0.0,419290.2089222664,9072.886328804345,102007.09078217807,564.5524999919639,484.3375422127226
1.84375,0.28125,0.03,0.6087824586278422,28.00739492773345,-0.19459681699388123,0.0,419288.466913437,9072.883230028981,102006.69487748986,564.550189884309,484.3365512747598
1.84375,0.34375,-0.01,0.607980585303643,27.78268698997244,-0.22487014523170004,0.0,419834.80055186653,9074.25254265573,102006.74248687258,565.2949277902748,484.6559072119259
1.84375,0.34375,0.01,0.607980585303643,27.783709224849357,-0.2248677864491177,0.0,419836.6329346227,9074.255858572753,102007.13834321257,565.2973590333105,484.6569494245607
1.84375,0.34375,0.03,0.607980585303643,27.78268698997244,-0.22487014523170004,0.0,419834.80055186653,9074.25254265573,102006.74248687258,565.2949277902748,484.6559072119259
1.84375,0.40625,-0.01,0.607195192783722,27.57618419133548,-0.2505116069401163,0.0,420371.3266764612,9075.59472690273,102006.68781340086,566.0257039503385,484.9690716998814
1.84375,0.40625,0.01,0.607195192783722,27.577231123631563,-0.2505092207600983,0.0,420373.2476837199,9075.598255260722,102007.0836111967,566.0282540000834,484.9701641360163
1.84375,0.40625,0.03,0.607195192783722,27.57618419133548,-0.2505116069401163,0.0,420371.3266764612,9075.59472690273,102006.68781340086,566.0257039503385,484.9690716998814
1.84375,0.46875,-0.01,0.6064371247869073,27.388034380595535,-0.2716069432226389,0.0,420890.480231867,9076.891184827422,102006.54208705778,566.7323330634565,485.2716960987189
1.84375,0.46875,0.01,0.6064371247869073,27.38910488656112,-0.2716047179689984,0.0,420892.48801641853,9076.894920802959,102006.93781693454,566.7349994590478,485.27283766477547
1.84375,0.46875,0.03,0.6064371247869073,27.388034380595535,-0.2716069432226389,0.0,420890.480231867,9076.891184827422,102006.54208705778,566.7323330634565,485.2716960987189
1.84375,0.53125,-0.01,0.6057185406720829,27.2192870434554,-0.2882634695847625,0.0,421383.73319831915,9078.120969251115,102006.31597629192,567.4032976507117,485.55887206375263
1.84375,0.53125,0.01,0.6057185406720829,27.220379910468058,-0.2882616172332345,0.0,421385.82592345227,9078.12490819121,102006.71162950493,567.4060779445243,485.5600616890857
1.84375,0.53125,0.03,0.6057185406720829,27.2192870434554,-0.2882634695847625,0.0,421383.73319831915,9078.120969251115,102006.31597629192,567.4032976507117,485.55887206375263
1.84375,0.59375,-0.01,0.6050520355336853,27.072401847595714,-0.3006217998841135,0.0,421842.2144904132,9079.262285069852,102006.01873141683,568.0265658123733,485.82548165607506
1.84375,0.59375,0.01,0.6050520355336853,27.073515725411777,-0.3006205556154705,0.0,421844.39053879224,9079.266423025405,102006.41429969225,568.0294578511669,485.8267184154417
1.84375,0.59375,0.03,0.6050520355336853,27.072401847595714,-0.3006217998841135,0.0,421842.2144904132,9079.262285069852,102006.01873141683,568.0265658123733,485.82548165607506
1.84375,0.65625,-0.01,0.6044499647572663,26.95178628769094,-0.3088747510903062,0.0,422257.199937887,9080.293653700955,102005.65709467742,568.5902329434398,486.066470343983
1.84375,0.65625,0.01,0.6044499647572663,26.95291958577717,-0.3088743722942463,0.0,422259.458124184,9080.297987961827,102006.05257024922,568.5932351555206,486.06775358155767
1.84375,0.65625,0.03,0.6044499647572663,26.95178628769094,-0.3088747510903062,0.0,422257.199937887,9080.293653700955,102005.65709467742,568.5902329434398,486.066470343983
1.84375,0.71875,-0.01,0.6039356469208176,26.861226028417953,-0.31325378637752105,0.0,422612.2489364806,9081.174703051725,102005.24005095055,569.0720177097551,486.2723566055934
1.84375,0.71875,0.01,0.6039356469208176,26.862376860940067,-0.31325454906260203,0.0,422614.58757053094,9081.179229958954,102005.63542694999,569.0751278450336,486.2736854099432
1.84375,0.71875,0.03,0.6039356469208176,26.861226028417953,-0.31325378637752105,0.0,422612.2489364806,9081.174703051725,102005.24005095055,569.0720177097551,486.2723566055934
1.84375,0.78125,-0.01,0.6036112759941504,26.778600170788618,-0.31364427516836846,0.0,422835.19393212005,9081.729664884411,102004.83419608678,569.3754690460927,486.4019889947331
1.84375,0.78125,0.01,0.6036112759941504,26.779767722335016,-0.3136464743591911,0.0,422837.6029701258,9081.734361312027,102005.22946616629,569.3786735895407,486.4033577699952
1.84375,0.78125,0.03,0.6036112759941504,26.778600170788618,-0.31364427516836846,0.0,422835.19393212005,9081.729664884411,102004.83419608678,569.3754690460927,486.4019889947331
1.84375,0.84375,-0.01,0.6039670734936353,26.51082262052808,-0.30683470501464494,0.0,422579.5225489079,9081.118128010055,102004.92083138935,569.0405170042199,486.2588977341118
1.84375,0.84375,0.01,0.6039670734936353,26.51201979125628,-0.30683876672791327,0.0,422581.94179790595,9081.12285224166,102005.31596263187,569.043734671409,486.2602725194234
1.84375,0.84375,0.03,0.6039670734936353,26.51082262052808,-0.30683470501464494,0.0,422579.5225489079,9081.118128010055,102004.92083138935,569.0405170042199,486.2588977341118
1.84375,0.90625,-0.01,0.6066995427345068,25.093205892810367,-0.27317801134325403,0.0,420654.18721359223,9076.451926646421,102007.98795286518,566.4950342445952,485.1700904108931
1.84375,0.90625,0.01,0.6066995427345068,25.094530135070585,-0.2731855742444942,0.0,420656.34072899475,9076.456017932267,102008.38273079401,566.4978917688217,485.17131406110644
1.84375,0.90625,0.03,0.6066995427345068,25.093205892810367,-0.27317801134325403,0.0,420654.18721359223,9076.451926646421,102007.98795286518,566.4950342445952,485.1700904108931
1.84375,0.96875,-0.01,0.6139061086900411,18.59369097751382,-0.13524323331116414,0.0,415631.50987986417,9064.28208520381,102020.86722009702,559.9173019709089,482.34514335167927
1.84375,0.96875,0.01,0.6139061086900411,18.59548786532188,-0.13528934665861925,0.0,415632.4852869085,9064.283269790654,102021.2696428015,559.9185714970756,482.345690172997
1.84375,0.96875,0.03,0.6139061086900411,18.59369097751382,-0.13524323331116414,0.0,415631.50987986417,9064.28208520381,102020.86722009702,559.9173019709089,482.34514335167927
1.84375,1.03125,-0.01,0.6137222161714886,0.00557158813117194,-4.052555215901541e-05,0.0,415633.30562711565,9064.68289466828,102033.18475691494,560.1527029805841,482.44652671823883
1.84375,1.03125,0.01,0.6135383236529361,-18.59369097751382,0.13524323331116414,0.0,415635.10245087894,9064.466373311303,101960.6262250098,559.9221437108209,482.3472288245474
1.84375,1.03125,0.03,0.6137222161714886,0.00557158813117194,-4.052555215901541e-05,0.0,415633.30562711565,9064.68289466828,102033.18475691494,560.1527029805841,482.44652671823883
1.90625,-0.03125,-0.01,0.6130134603744719,29.089707024257223,1.4149161621937036e-18,0.0,416331.1039405256,9065.51588964133,101982.77296871225,560.5229089125969,482.60592527585305
1.90625,-0.03125,0.01,0.6130134603744719,29.08970702425722,0.019245282684375548,0.0,416331.10394052556,9065.515889310942,101982.7729233026,560.522908663014,482.60592516840853
1.90625,-0.03125,0.03,0.6130134603744719,29.089707024257223,1.4149161621937036e-18,0.0,416331.1039405256,9065.51588964133,101982.77296871225,560.5229089125969,482.60592527585305
1.90625,0.03125,-0.01,0.613013460374472,29.089707024257216,-0.019245282684375548,0.0,416331.1039405256,9065.515889310942,101982.7729233026,560.522908663014,482.6059251684086
1.90625,0.03125,0.01,0.613013460374472,29.090622861287052,-0.01921567368314731,0.0,416332.3406339306,9065.517735088073,101983.17718775169,560.524539461025,482.6066272201876
1.90625,0.03125,0.03,0.613013460374472,29.089707024257216,-0.019245282684375548,0.0,416331.1039405256,9065.515889310942,101982.7729233026,560.522908663014,482.6059251684086
1.90625,0.09375,-0.01,0.6124632443946342,28.796837166498282,-0.05593186479196498,0.0,416697.99528352625,9066.451708144203,101983.21938804962,561.0287935363107,482.82365755025694
1.90625,0.09375,0.01,0.6124632443946342,28.797782126104096,-0.0559311790192602,0.0,416699.29250480543,9066.453725383275,101983.61521167376,561.0305051387677,482.8243940557071
1.90625,0.09375,0.03,0.6124632443946342,28.796837166498282,-0.05593186479196498,0.0,416697.99528352625,9066.451708144203,101983.21938804962,561.0287935363107,482.82365755025694
1.90625,0.15625,-0.01,0.6118214338268111,28.50483667167415,-0.08880742272486544,0.0,417127.5740291091,9067.543033192318,101983.54542451084,561.6190124378577,483.07756318026054
1.90625,0.15625,0.01,0.6118214338268111,28.505810346226063,-0.08880616256234532,0.0,417128.9509023756,9067.545244314088,101983.9412458239,561.6208306568204,483.07834515171766
1.90625,0.15625,0.03,0.6118214338268111,28.50483667167415,-0.08880742272486544,0.0,417127.5740291091,9067.543033192318,101983.54542451084,561.6190124378577,483.07756318026054
1.90625,0.21875,-0.01,0.6111604949425629,28.233453374250683,-0.11795838059864536,0.0,417571.3385996434,9068.667198536317,101983.75950481217,562.227449727541,483.3391665391787
1.90625,0.21875,0.01,0.6111604949425629,28.234454843102,-0.11795666810421994,0.0,417572.7954680661,9068.669603958231,101984.15531299784,562.2293750553027,483.339994127301
1.90625,0.21875,0.03,0.6111604949425629,28.233453374250683,-0.11795838059864536,0.0,417571.3385996434,9068.667198536317,101983.75950481217,562.227449727541,483.3391665391787
1.90625,0.28125,-0.01,0.6104954854568816,27.98192230049385,-0.1434689188892065,0.0,418019.08952480584,9069.798786431755,101983.87436660196,562.8404113818395,483.60257209549866
1.90625,0.28125,0.01,0.6104954854568816,27.982950673546927,-0.14346684817023797,0.0,418020.6252286411,9069.801382909567,101984.27014684693,562.8424422817703,483.60344458752695
1.90625,0.28125,0.03,0.6104954854568816,27.98192230049385,-0.1434689188892065,0.0,418019.08952480584,9069.798786431755,101983.87436660196,562.8404113818395,483.60257209549866
1.90625,0.34375,-0.01,0.609836063343935,27.74925159472609,-0.16542319110246692,0.0,418464.22919985565,9070.921453089957,101983.90118170064,563.4490633900347,483.86398380105464
1.90625,0.34375,0.01,0.609836063343935,27.75030593280748,-0.16542086601178171,0.0,418465.8420768913,9070.924236181483,101984.29692528046,563.4511976484872,483.86490020138825
1.90625,0.34375,0.03,0.609836063343935,27.74925159472609,-0.16542319110246692,0.0,418464.22919985565,9070.921453089957,101983.90118170064,563.4490633900347,483.86398380105464
1.90625,0.40625,-0.01,0.6091905494721432,27.534936718482555,-0.1839131113931731,0.0,418901.0352272672,9072.02106003001,101983.85070275287,564.0457303843738,484.1201110151436
1.90625,0.40625,0.01,0.6091905494721432,27.536016015495157,-0.18391065933962092,0.0,418902.72340262117,9072.024024838698,101984.24640163234,564.047965501419,484.12107021400095
1.90625,0.40625,0.03,0.6091905494721432,27.534936718482555,-0.1839131113931731,0.0,418901.0352272672,9072.02106003001,101983.85070275287,564.0457303843738,484.1201110151436
1.90625,0.46875,-0.01,0.6085690200587579,27.33914985957439,-0.1990415479743521,0.0,419322.5486545194,9073.08041222943,101983.73350395155,564.6210435151324,484.3669435473563
1.90625,0.46875,0.01,0.6085690200587579,27.340253039004676,-0.19903911858483087,0.0,419324.3099425852,9073.083553183997,101984.12915080306,564.6233765716729,484.36794426660975
1.90625,0.46875,0.03,0.6085690200587579,27.33914985957439,-0.1990415479743521,0.0,419322.5486545194,9073.08041222943,101983.73350395155,564.6210435151324,484.3669435473563
1.90625,0.53125,-0.01,0.6079828638948015,27.162972026135048,-0.21092612308757347,0.0,419720.874679721,9074.080001004593,101983.5596107849,565.1643381538544,484.5999234313699
1.90625,0.53125,0.01,0.6079828638948015,27.164097921954852,-0.21092388753807653,0.0,419722.706626767,9074.08331198753,101983.95519880255,565.166765868419,484.60096425166705
1.90625,0.53125,0.03,0.6079828638948015,27.162972026135048,-0.21092612308757347,0.0,419720.874679721,9074.080001004593,101983.5596107849,565.1643381538544,484.5999234313699
1.90625,0.59375,-0.01,0.607444024556207,27.008910253929127,-0.21970753277530605,0.0,420087.7149158214,9074.99929272702,101983.33783228832,565.6643533201737,484.8142449346952
1.90625,0.59375,0.01,0.607444024556207,27.010057562746415,-0.21970568344719207,0.0,420089.6149509014,9075.002767465614,101983.7333550227,565.6668722518008,484.815324384521
1.90625,0.59375,0.03,0.607444024556207,27.008910253929127,-0.21970753277530605,0.0,420087.7149158214,9074.99929272702,101983.33783228832,565.6643533201737,484.8142449346952
1.90625,0.65625,-0.01,0.606964330118138,26.881446368526536,-0.22556351481384057,0.0,420414.84892591514,9075.817878675974,101983.07487014569,566.1098617345464,485.00512342442187
1.90625,0.65625,0.01,0.606964330118138,26.882613545603547,-0.22556226457166517,0.0,420416.81451260264,9075.821511129076,101983.47032149558,566.1124684877544,485.00624006916826
1.90625,0.65625,0.03,0.606964330118138,26.881446368526536,-0.22556351481384057,0.0,420414.84892591514,9075.817878675974,101983.07487014569,566.1098617345464,485.00512342442187
1.90625,0.71875,-0.01,0.6065649927999502,26.7844130766017,-0.22870056635120628,0.0,420687.5112344274,9076.499253283235,101982.77885291314,566.4808392055576,485.16401175962477
1.90625,0.71875,0.01,0.6065649927999502,26.785598272239604,-0.22870014556768153,0.0,420689.5386806799,9076.503034789683,101983.17422743095,566.4835288293808,485.1651635259732
1.90625,0.71875,0.03,0.6065649927999502,26.7844130766017,-0.22870056635120628,0.0,420687.5112344274,9076.499253283235,101982.77885291314,566.4808392055576,485.16401175962477
1.90625,0.78125,-0.01,0.6063360804888797,26.695085623360892,-0.229077232261145,0.0,420842.62296667934,9076.889231103974,101982.50230263572,566.6931036796102,485.2549004811302
1.90625,0.78125,0.01,0.6063360804888797,26.696288029878573,-0.229077886330613,0.0,420844.69897762133,9076.893130100596,101982.89759548093,566.6958582776215,485.2560798501316
1.90625,0.78125,0.03,0.6063360804888797,26.695085623360892,-0.229077232261145,0.0,420842.62296667934,9076.889231103974,101982.50230263572,566.6931036796102,485.2549004811302
1.90625,0.84375,-0.01,0.6067042492627748,26.41508241319671,-0.2243861735416616,0.0,420580.5359835496,9076.259580490938,101982.62362365742,566.3499090559624,485.1079407832173
1.90625,0.84375,0.01,0.6067042492627748,26.41631503970348,-0.22438822757400548,0.0,420582.5957247852,9076.263441501116,101983.0188091997,566.3526411045933,485.10911085216765
1.90625,0.84375,0.03,0.6067042492627748,26.41508241319671,-0.2243861735416616,0.0,420580.5359835496,9076.259580490938,101982.62362365742,566.3499090559624,485.1079407832173
1.90625,0.90625,-0.01,0.6090812262602799,24.95166944065125,-0.20012619971755213,0.0,418913.48851969966,9072.216515534888,101985.12056368991,564.1538754589135,484.1665192169815
1.90625,0.90625,0.01,0.6090812262602799,24.953031436039186,-0.20013080659646473,0.0,418915.2665631314,9072.219694275378,101985.51547863454,564.1562259407513,484.167527827818
1.90625,0.90625,0.03,0.6090812262602799,24.95166944065125,-0.20012619971755213,0.0,418913.48851969966,9072.216515534888,101985.12056368991,564.1538754589135,484.1665192169815
1.90625,0.96875,-0.01,0.6145764573942603,18.301412896698043,-0.10058579573090332,0.0,415068.39974780404,9062.961567720668,101995.12090780563,559.1656655418396,482.02128308399955
1.90625,0.96875,0.01,0.6145764573942603,18.30325349261686,-0.10062626033902661,0.0,415069.19699808676,9062.962307418553,101995.52368147866,559.1666945971119,482.02172662546235
1.90625,0.96875,0.03,0.6145764573942603,18.301412896698043,-0.10058579573090332,0.0,415068.39974780404,9062.961567720668,101995.12090780563,559.1656655418396,482.02128308399955
1.90625,1.03125,-0.01,0.61447143876149,0.0031280876452324403,-1.7192180007506775e-05,0.0,415069.1433968051,9063.313071923856,102019.03718264306,559.3923765389654,482.11898977272295
1.90625,1.03125,0.01,0.6143664201287198,-18.301412896698043,0.10058579573090333,0.0,415069.8873000594,9063.065686465052,101960.62630090973,559.1676703292458,482.02214718330964
1.90625,1.03125,0.03,0.61447143876149,0.0031280876452324403,-1.7192180007506775e-05,0.0,415069.1433968051,9063.313071923856,102019.03718264306,559.3923765389654,482.11898977272295
1.96875,-0.03125,-0.01,0.6139450827578485,29.07280158295749,0.0,0.0,415609.45157216967,9063.777566803063,101960.62624795144,559.5509941728147,482.1873381774847
1.96875,-0.03125,0.01,0.6139450827578484,29.07280158295749,0.013611761496570778,0.0,415609.45157216967,9063.777566637502,101960.6262252011,559.550994047963,482.18733812368976
1.96875,-0.03125,0.03,0.6139450827578485,29.07280158295749,0.0,0.0,415609.45157216967,9063.777566803063,101960.62624795144,559.5509941728147,482.1873381774847
1.96875,0.03125,-0.01,0.6139450827578485,29.07280158295749,-0.013611761496570778,0.0,415609.45157216967,9063.777566637502,101960.6262252011,559.550994047963,482.18733812368976
1.96875,0.03125,0.01,0.6139450827578485,29.073746410771154,-0.01358228988460209,0.0,415610.55477845104,9063.779079513972,101961.03112157596,559.5524438288851,482.1879627902156
1.96875,0.03125,0.03,0.6139450827578485,29.07280158295749,-0.013611761496570778,0.0,415609.45157216967,9063.777566637502,101960.6262252011,559.550994047963,482.18733812368976
1.96875,0.09375,-0.01,0.6135022458751641,28.773647603755254,-0.03961392246380186,0.0,415901.6238947432,9064.52908816824,101960.92500772704,559.9564174014813,482.3619912043894
1.96875,0.09375,0.01,0.6135022458751641,28.774621776551783,-0.03961341671844423,0.0,415902.77661421645,9064.530746133163,101961.32143703992,559.9579331541956,482.3626440596653
1.96875,0.09375,0.03,0.6135022458751641,28.773647603755254,-0.03961392246380186,0.0,415901.6238947432,9064.52908816824,101960.92500772704,559.9564174014813,482.3619912043894
1.96875,0.15625,-0.01,0.6129833408372217,28.47546124323028,-0.06294123081684505,0.0,416245.53866517125,9065.40933837317,101961.11993031659,560.4314160887661,482.5665363586706
1.96875,0.15625,0.01,0.6129833408372217,28.47646448901858,-0.06294025917300715,0.0,416246.7586577713,9065.41116094886,101961.51626297866,560.4330217818543,482.5672276593139
1.96875,0.15625,0.03,0.6129833408372217,28.47546124323028,-0.06294123081684505,0.0,416245.53866517125,9065.40933837317,101961.11993031659,560.4314160887661,482.5665363586706
1.96875,0.21875,-0.01,0.6124471321892349,28.19805105722089,-0.08368646608364724,0.0,416602.1042489832,9066.319004259325,101961.2218005781,560.9225548592425,482.7779406674589
1.96875,0.21875,0.01,0.6124471321892349,28.199082485096646,-0.08368513092322685,0.0,416603.3918738719,9066.320992030862,101961.61803454599,560.9242510050817,482.77867059101885
1.96875,0.21875,0.03,0.6124471321892349,28.19805105722089,-0.08368646608364724,0.0,416602.1042489832,9066.319004259325,101961.2218005781,560.9225548592425,482.7779406674589
1.96875,0.28125,-0.01,0.6119061820867301,27.940643175161803,-0.10193819685692787,0.0,416962.8431422201,9067.236930382696,101961.24287362507,561.4184611536404,482.99130321213926
1.96875,0.28125,0.01,0.6119061820867301,27.94170193486122,-0.10193657063066708,0.0,416964.19739720726,9067.239080609008,101961.6389985182,561.4202464261006,482.99207115124915
1.96875,0.28125,0.03,0.6119061820867301,27.940643175161803,-0.10193819685692787,0.0,416962.8431422201,9067.236930382696,101961.24287362507,561.4184611536404,482.99130321213926
1.96875,0.34375,-0.01,0.611368955908836,27.702256015500467,-0.11778522481374278,0.0,417322.00308049476,9068.148837492809,101961.19420807017,561.9114402286265,483.2033129478718
1.96875,0.34375,0.01,0.611368955908836,27.703341201671286,-0.11778338407523714,0.0,417323.4223842305,9068.151146023447,101961.59021965024,561.9133125214279,483.2041179655899
1.96875,0.34375,0.03,0.611368955908836,27.702256015500467,-0.11778522481374278,0.0,417322.00308049476,9068.148837492809,101961.19420807017,561.9114402286265,483.2033129478718
1.96875,0.40625,-0.01,0.6108430214996082,27.48239967230427,-0.13132126369510924,0.0,417674.41823711636,9069.041918451605,101961.08642990267,562.3945666692789,483.41099526429764
1.96875,0.40625,0.01,0.6108430214996082,27.48351031025729,-0.1313193033061321,0.0,417675.90068575874,9069.04438038977,101961.48232472574,562.3965234419028,483.4118362437762
1.96875,0.40625,0.03,0.6108430214996082,27.48239967230427,-0.13132126369510924,0.0,417674.41823711636,9069.041918451605,101961.08642990267,562.3945666692789,483.41099526429764
1.96875,0.46875,-0.01,0.6103374270891382,27.28126229194007,-0.14264681744888444,0.0,418013.8938803041,9069.900801170448,101960.92989474154,562.8595014422182,483.61077328702106
1.96875,0.46875,0.01,0.6103374270891382,27.282397334160834,-0.1426448493161993,0.0,418015.4371122598,9069.9034105542,101961.32567018873,562.8615395368378,483.61164885509817
1.96875,0.46875,0.03,0.6103374270891382,27.28126229194007,-0.14264681744888444,0.0,418013.8938803041,9069.900801170448,101960.92989474154,562.8595014422182,483.61077328702106
1.96875,0.53125,-0.01,0.6098624438448872,27.099945836031612,-0.15187152903277548,0.0,418333.381744626,9070.70797809053,101960.73443172936,563.2967205929748,483.7985669065101
1.96875,0.53125,0.01,0.6098624438448872,27.101104143736922,-0.15186968144210275,0.0,418334.9829297471,9070.710727884423,101961.13008589641,563.2988362191942,483.7994754294382
1.96875,0.53125,0.03,0.6098624438448872,27.099945836031612,-0.15187152903277548,0.0,418333.381744626,9070.70797809053,101960.73443172936,563.2967205929748,483.7985669065101
1.96875,0.59375,-0.01,0.6094289266988604,26.94098996511744,-0.15911967112212938,0.0,418625.4289390305,9071.444890657773,101960.50886977273,563.6961021689289,483.9700449131468
1.96875,0.59375,0.01,0.6094289266988604,26.94217026056811,-0.15911808832019883,0.0,418627.0848665679,9071.447772985484,101960.90440146919,563.6982910217116,483.9709845490137
1.96875,0.59375,0.03,0.6094289266988604,26.94098996511744,-0.15911967112212938,0.0,418625.4289390305,9071.444890657773,101960.50886977273,563.6961021689289,483.9700449131468
1.96875,0.65625,-0.01,0.6090476318061329,26.808929751248055,-0.16453966974169087,0.0,418882.6640821008,9072.09309576048,101960.26038790938,564.0475622483093,484.12089715836214
1.96875,0.65625,0.01,0.6090476318061329,26.810130511543065,-0.1645385112880248,0.0,418884.3712470144,9072.096102127633,101960.6557969688,564.049819624704,484.1218659082205
1.96875,0.65625,0.03,0.6090476318061329,26.808929751248055,-0.16453966974169087,0.0,418882.6640821008,9072.09309576048,101960.26038790938,564.0475622483093,484.12089715836214
1.96875,0.71875,-0.01,0.6087367635999711,26.707632677788926,-0.16829883811303972,0.0,419092.55726637156,9072.621422337641,101959.99693879277,564.3340893295095,484.24384435756934
1.96875,0.71875,0.01,0.6087367635999711,26.70885206347429,-0.16829827663674754,0.0,419094.31057375885,9072.62454048144,101960.39222650541,564.3364083858888,484.24483932459674
1.96875,0.71875,0.03,0.6087367635999711,26.707632677788926,-0.16829883811303972,0.0,419092.55726637156,9072.621422337641,101959.99693879277,564.3340893295095,484.24384435756934
1.96875,0.78125,-0.01,0.60857210673263,26.61392218372352,-0.17039457750869488,0.0,419202.3392084593,9072.900626216928,101959.75748424747,564.4854100597069,484.3087626587087
1.96875,0.78125,0.01,0.60857210673263,26.615159384164503,-0.17039479636117894,0.0,419204.123463701,9072.903819433515,101960.15264892793,564.4877703396029,484.3097751764998
1.96875,0.78125,0.03,0.60857210673263,26.61392218372352,-0.17039457750869488,0.0,419202.3392084593,9072.900626216928,101959.75748424747,564.4854100597069,484.3087626587087
1.96875,0.84375,-0.01,0.608912465108766,26.32540208868852,-0.1692642347481763,0.0,418960.83837935486,9072.320292844706,101959.81178865836,564.1702299954159,484.1735370378014
1.96875,0.84375,0.01,0.608912465108766,26.326670334825838,-0.16926546394304484,0.0,418962.58807785576,9072.32340213861,101960.20676580489,564.1725430822072,484.1745295877497
1.96875,0.84375,0.03,0.608912465108766,26.32540208868852,-0.1692642347481763,0.0,418960.83837935486,9072.320292844706,101959.81178865836,564.1702299954159,484.1735370378014
1.96875,0.90625,-0.01,0.6108991725781939,24.827807799318748,-0.15489634644860018,0.0,417568.62737864483,9068.949983185885,101961.57102892845,562.3455597872584,483.38993266596026
1.96875,0.90625,0.01,0.6108991725781939,24.829208648807576,-0.15489934794695043,0.0,417570.09780003724,9068.952409433618,101961.96536664743,562.3474946119543,483.3907642489245
1.96875,0.90625,0.03,0.6108991725781939,24.827807799318748,-0.15489634644860018,0.0,417568.62737864483,9068.949983185885,101961.57102892845,562.3455597872584,483.38993266596026
1.96875,0.96875,-0.01,0.6149343388337043,18.06509732579338,-0.08933674497505978,0.0,414714.8658834092,9062.164037788623,101968.58413596007,558.6949973344837,481.81837375968206
1.96875,0.96875,0.01,0.6149343388337043,18.06698686528708,-0.0893734482755488,0.0,414715.54048492765,9062.164476438145,101968.98481129418,558.6958604904659,481.8187459522495
1.96875,0.96875,0.03,0.6149343388337043,18.06509732579338,-0.08933674497505978,0.0,414714.8658834092,9062.164037788623,101968.58413596007,558.6949973344837,481.81837375968206
1.96875,1.03125,-0.01,0.614910026527504,0.0007146385811286971,-3.534079198146808e-06,0.0,414714.993895757,9062.468019925367,102004.71778335996,558.9150861125357,481.9132666585149
1.96875,1.03125,0.01,0.6148857142213038,-18.06509732579338,0.08933674497505978,0.0,414715.12191823334,9062.18797832975,101960.57986160307,558.6953423948936,481.81852254964855
1.96875,1.03125,0.03,0.614910026527504,0.0007146385811286971,-3.534079198146808e-06,0.0,414714.993895757,9062.468019925367,102004.71778335996,558.9150861125357,481.9132666585149
2.03125,-0.03125,-0.01,0.614232983966166,29.084957585465776,-0.0026619058960607707,0.0,415415.24413926614,9063.290660013958,101960.6262783611,559.2887826911711,482.07434590925436
2.03125,-0.03125,0.01,0.6143769345703247,29.091031315395014,0.002809174390104547,0.0,415318.20866260317,9063.047292079871,101960.62628029691,559.157769012346,482.0178795231666
2.03125,-0.03125,0.03,0.614232983966166,29.084957585465776,-0.0026619058960607707,0.0,415415.24413926614,9063.290660013958,101960.6262783611,559.2887826911711,482.07434590925436
2.03125,0.03125,-0.01,0.6143769345703247,29.091031315395014,-0.010793021419747757,0.0,415318.20866260317,9063.047291982763,101960.62626695292,559.1577689391668,482.01787949162485
2.03125,0.03125,0.01,0.6148087863828009,29.109235443879687,-0.007978240308766007,0.0,415027.3748083944,9062.31752974199,101960.6262252011,558.7650956637527,481.84859919917017
2.03125,0.03125,0.03,0.6143769345703247,29.091031315395014,-0.010793021419747757,0.0,415318.20866260317,9063.047291982763,101960.62626695292,559.1577689391668,482.01787949162485
2.03125,0.09375,-0.01,0.6139859983450646,28.79017115725254,-0.03144852434124306,0.0,415574.8127514328,9063.71048582647,101960.92504937573,559.5153305650888,482.17197155828717
2.03125,0.09375,0.01,0.614469750814965,28.80666869947869,-0.023295980135638744,0.0,415248.516072112,9062.892527451753,101960.92500772704,559.0749376280052,481.98217610528786
2.03125,0.09375,0.03,0.6139859983450646,28.79017115725254,-0.03144852434124306,0.0,415574.8127514328,9063.71048582647,101960.92504937573,559.5153305650888,482.17197155828717
2.03125,0.15625,-0.01,0.6135267825960794,28.490316179539196,-0.0499966815547946,0.0,415877.70101000596,9064.488989273465,101961.11997787017,559.9351087630279,482.3528131909394
2.03125,0.15625,0.01,0.6140702243549371,28.50514482861971,-0.03707503890882466,0.0,415510.51427869877,9063.569454165276,101961.11993031659,559.4396791786645,482.1393735138406
2.03125,0.15625,0.03,0.6135267825960794,28.490316179539196,-0.0499966815547946,0.0,415877.70101000596,9064.488989273465,101961.11997787017,559.9351087630279,482.3528131909394
2.03125,0.21875,-0.01,0.6130512120479144,28.211292782407135,-0.06653362705572001,0.0,416192.4459224932,9065.295109317556,101961.22185803797,560.3699530847762,482.54007388587553
2.03125,0.21875,0.01,0.613655291906594,28.224508442664497,-0.049414551568649115,0.0,415783.5939648859,9064.272221750392,101961.2218005781,559.8184384172127,482.3025580806308
2.03125,0.21875,0.03,0.6130512120479144,28.211292782407135,-0.06653362705572001,0.0,416192.4459224932,9065.295109317556,101961.22185803797,560.3699530847762,482.54007388587553
2.03125,0.28125,-0.01,0.6125705976129386,27.952324453935525,-0.08115031743236828,0.0,416511.4277103693,9066.109822369272,101961.24294313417,560.809647165085,482.72934921137346
2.03125,0.28125,0.01,0.6132350131391472,27.963980425288423,-0.06040747482464926,0.0,416060.9902673603,9064.983934943,101961.24287362506,560.2021514046033,482.46782063847616
2.03125,0.28125,0.03,0.6125705976129386,27.952324453935525,-0.08115031743236828,0.0,416511.4277103693,9066.109822369272,101961.24294313417,560.809647165085,482.72934921137346
2.03125,0.34375,-0.01,0.6120928107585446,27.71243213120478,-0.09393807898211483,0.0,416829.3103879449,9066.919872594475,101961.19429017036,561.2470573159706,482.9175677648641
2.03125,0.34375,0.01,0.6128166656082531,27.722584211599703,-0.07014725852501863,0.0,416337.7814028105,9065.692358726497,101961.19420807017,560.5842427288502,482.6323285262725
2.03125,0.34375,0.03,0.6120928107585446,27.71243213120478,-0.09393807898211483,0.0,416829.3103879449,9066.919872594475,101961.19429017036,561.2470573159706,482.9175677648641
2.03125,0.40625,-0.01,0.6116250464773361,27.491129561779662,-0.10499172415077652,0.0,417141.1993648869,9067.713107730422,101961.08652378594,561.6756236535908,483.1019096842198
2.03125,0.40625,0.01,0.6124070714550639,27.499837159843228,-0.07872941599704537,0.0,416609.34204500105,9066.38599325946,101961.08642990267,560.9585153961341,482.7934157767706
2.03125,0.40625,0.03,0.6116250464773361,27.491129561779662,-0.10499172415077652,0.0,417141.1993648869,9067.713107730422,101961.08652378594,561.6756236535908,483.1019096842198
2.03125,0.46875,-0.01,0.6111758428432958,27.288608827064447,-0.11441077799294753,0.0,417441.27314816444,9068.475054248393,101960.9299985086,562.0875101312574,483.2790107274887
2.03125,0.46875,0.01,0.6120142585974535,27.295935237459986,-0.08625208692341677,0.0,416870.2210244596,9067.051259965678,101960.92989474154,561.3176324319467,482.9479295204841
2.03125,0.46875,0.03,0.6111758428432958,27.288608827064447,-0.11441077799294753,0.0,417441.27314816444,9068.475054248393,101960.9299985086,562.0875101312574,483.2790107274887
2.03125,0.53125,-0.01,0.6107549172470579,27.105977139639446,-0.1223010927966217,0.0,417722.89547922433,9069.18918841367,101960.73454265828,562.4737479812644,483.4450245489915
2.03125,0.53125,0.01,0.6116473906492287,27.111990845558612,-0.09281693497797747,0.0,417114.1904452009,9067.672614447361,101960.73443172935,561.6531753556661,483.0922556031988
2.03125,0.53125,0.03,0.6107549172470579,27.105977139639446,-0.1223010927966217,0.0,417722.89547922433,9069.18918841367,101960.73454265828,562.4737479812644,483.4450245489915
2.03125,0.59375,-0.01,0.6103725884319098,26.945782605759725,-0.12877891319416981,0.0,417979.0213409902,9069.837915234555,101960.50898459826,562.824764755886,483.5958501180151
2.03125,0.59375,0.01,0.6113162501649593,26.950560452739317,-0.09853180946895272,0.0,417334.60903879517,9068.23342021996,101960.50886977273,561.9561156740942,483.22252139661254
2.03125,0.59375,0.03,0.6103725884319098,26.945782605759725,-0.12877891319416981,0.0,417979.0213409902,9069.837915234555,101960.50898459826,562.824764755886,483.5958501180151
2.03125,0.65625,-0.01,0.6100390904056741,26.812574425851206,-0.1339781672242312,0.0,418202.6833230386,9070.403738114996,101960.26050311103,563.1310205853005,483.7274043028822
2.03125,0.65625,0.01,0.6110305490052154,26.816207274929816,-0.10351582466954119,0.0,417524.9088320325,9068.717121668235,101960.26038790937,562.217451466258,483.3348688365651
2.03125,0.65625,0.03,0.6100390904056741,26.812574425851206,-0.1339781672242312,0.0,418202.6833230386,9070.403738114996,101960.26050311103,563.1310205853005,483.7274043028822
2.03125,0.71875,-0.01,0.6097711315073677,26.71022887115832,-0.1380467532160295,0.0,418382.4447986588,9070.858118779171,101959.99705084515,563.3769772331951,483.8330306830418
2.03125,0.71875,0.01,0.6108054994147645,26.712816273130727,-0.10789710987487316,0.0,417674.73695946235,9069.097801628162,101959.99693879277,562.42310493524,483.42326026236145
2.03125,0.71875,0.03,0.6097711315073677,26.71022887115832,-0.1380467532160295,0.0,418382.4447986588,9070.858118779171,101959.99705084515,563.3769772331951,483.8330306830418
2.03125,0.78125,-0.01,0.6096372194046737,26.615442459791474,-0.14100199707952976,0.0,418470.7369265241,9071.084477840515,101959.75758949695,563.4993747939045,483.88558587166364
2.03125,0.78125,0.01,0.6107023320767175,26.616957433923446,-0.1117119227562448,0.0,417741.68609464454,9069.271497591417,101959.7574842475,562.5167771473692,483.4635159350443
2.03125,0.78125,0.03,0.6096372194046737,26.615442459791474,-0.14100199707952976,0.0,418470.7369265241,9071.084477840515,101959.75758949695,563.4993747939045,483.88558587166364
2.03125,0.84375,-0.01,0.6099610569429954,26.324704892814058,-0.14165589487515215,0.0,418241.32185393776,9070.533317628464,101959.81188138333,563.2005616939279,483.7572711547196
2.03125,0.84375,0.01,0.6110096487772249,26.324010089441334,-0.11414229595469104,0.0,417524.2744259498,9068.74940979566,101959.81178865836,562.234219889654,483.3420766378084
2.03125,0.84375,0.03,0.6099610569429954,26.324704892814058,-0.14165589487515215,0.0,418241.32185393776,9070.533317628464,101959.81188138333,563.2005616939279,483.7572711547196
2.03125,0.90625,-0.01,0.6117424959859444,24.81781230382929,-0.1322502519921496,0.0,416993.3093157908,9067.517325311734,101961.57110369175,561.5705372869974,483.0567147380244
2.03125,0.90625,0.01,0.6125858193936949,24.807844321942635,-0.10966649317964823,0.0,416419.574873547,9066.086639475787,101961.57102892846,560.7976472914099,482.7241846049633
2.03125,0.90625,0.03,0.6117424959859444,24.81781230382929,-0.1322502519921496,0.0,416993.3093157908,9067.517325311734,101961.57110369175,561.5705372869974,483.0567147380244
2.03125,0.96875,-0.01,0.6150149135977191,18.024012411621914,-0.08371148355507291,0.0,414659.87543443084,9062.028089984247,101968.58434742181,558.6218860093226,481.78684713739716
2.03125,0.96875,0.01,0.6150954883617339,17.98293824903079,-0.07808769421921624,0.0,414604.8993759955,9061.892156891934,101968.58413596007,558.5487915001579,481.7553257039777
2.03125,0.96875,0.03,0.6150149135977191,18.024012411621914,-0.08371148355507291,0.0,414659.87543443084,9062.028089984247,101968.58434742181,558.6218860093226,481.78684713739716
2.03125,1.03125,-0.01,0.614971847138914,5.9959931825825965,-0.02603681561629271,0.0,414678.28835107933,9062.340367725272,102001.51237833757,558.8413908962244,481.88149450378273
2.03125,1.03125,0.01,0.6149906012915188,-0.038007848484040145,0.005610258970606473,0.0,414660.0012549391,9062.330776111874,102004.54056850659,558.8409710470394,481.8813134885662
2.03125,1.03125,0.03,0.614971847138914,5.9959931825825965,-0.02603681561629271,0.0,414678.28835107933,9062.340367725272,102001.51237833757,558.8413908962244,481.88149450378273
