# Time [s], Iter[-]
0.038346221309861865,10100
# x [m], y [m], z [m], rho [kg/m3], u [m/s], v [m/s], w [m/s], E [J/kg], s [J/(kg·K)], P [Pa], T [K], sos [m/s]
-0.03125,-0.03125,-0.01,0.45646797209544987,19.975705604533456,0.009509852814340723,0.0,500436.29387418926,9290.021415377825,91335.98098643507,674.1735571721981,529.275539276275
-0.03125,-0.03125,0.01,0.4566836197730429,20.000103571214897,0.0284757825418469,0.0,500198.995733025,9289.52853184782,91335.66569106736,673.8530906417252,529.1497294938831
-0.03125,-0.03125,0.03,0.45646797209544987,19.975705604533456,0.009509852814340723,0.0,500436.29387418926,9290.021415377825,91335.98098643507,674.1735571721981,529.275539276275
-0.03125,0.03125,-0.01,0.4566836197730429,20.000103571214897,4.031289337403548e-05,0.0,500198.99573302496,9289.528532449487,91335.66576512872,673.8530911881325,529.1497297084189
-0.03125,0.03125,0.01,0.45733056280582185,20.073159506700662,0.028475782541846895,0.0,499488.44317271723,9288.05126460628,91334.71935108115,672.893499866565,528.7728312466093
-0.03125,0.03125,0.03,0.4566836197730429,20.000103571214897,4.031289337403548e-05,0.0,500198.99573302496,9289.528532449487,91335.66576512872,673.8530911881325,529.1497297084189
-0.03125,0.09375,-0.01,0.4566937804565452,20.000110222410683,0.00011510876697954403,0.0,500198.9989839678,9289.521901473461,91337.70836297834,673.8530953901708,529.1497313582648
-0.03125,0.09375,0.01,0.45734064564642957,20.077867048976987,0.08131903430961132,0.0,499488.35715779895,9288.044406760466,91336.71231103736,672.8932526668301,528.7727341194147
-0.03125,0.09375,0.03,0.4566937804565452,20.000110222410683,0.00011510876697954403,0.0,500198.9989839678,9289.521901473461,91337.70836297834,673.8530953901708,529.1497313582648
-0.03125,0.15625,-0.01,0.4567065605249202,20.0001149775189,0.00017883143386917625,0.0,500199.0042442817,9289.513603645393,91340.26528814572,673.8531023513592,529.1497340914354
-0.03125,0.15625,0.01,0.45735328545429893,20.081246193395817,0.12636707940829195,0.0,499488.4094969689,9288.036173915496,91339.23297975126,672.8932254559427,528.7727234279897
-0.03125,0.15625,0.03,0.4567065605249202,20.0001149775189,0.00017883143386917625,0.0,500199.0042442817,9289.513603645393,91340.26528814572,673.8531023513592,529.1497340914354
-0.03125,0.21875,-0.01,0.45672101788326147,20.000117529127117,0.00023534457537526183,0.0,500199.01099127723,9289.504217890668,91343.15808331272,673.8531113755524,529.1497376346034
-0.03125,0.21875,0.01,0.4573674905932875,20.083084259681726,0.16637092688600166,0.0,499488.6389192692,9288.027232463395,91342.10424032038,672.8934770120427,528.7728222668446
-0.03125,0.21875,0.03,0.45672101788326147,20.000117529127117,0.00023534457537526183,0.0,500199.01099127723,9289.504217890668,91343.15808331272,673.8531113755524,529.1497376346034
-0.03125,0.28125,-0.01,0.4567368175661767,20.000117975147386,0.0002886676190248031,0.0,500199.0192404933,9289.493961974102,91346.3197674326,673.8531224810533,529.1497419949549
-0.03125,0.28125,0.01,0.4573829097840376,20.083451576904075,0.20419358264573917,0.0,499489.0587397443,9288.017828159835,91345.25813307204,672.8940234213121,528.7730369563332
-0.03125,0.28125,0.03,0.4567368175661767,20.000117975147386,0.0002886676190248031,0.0,500199.0192404933,9289.493961974102,91346.3197674326,673.8531224810533,529.1497419949549
-0.03125,0.34375,-0.01,0.4567538035304894,20.000116309598468,0.00034272970895002304,0.0,500199.02945219236,9289.482938045838,91349.71922282413,673.8531362883217,529.149747416101
-0.03125,0.34375,0.01,0.45739937501425026,20.082342876228743,0.24263990570205615,0.0,499489.6805589577,9288.008086845666,91348.66317826106,672.8948798843617,528.7733734687763
-0.03125,0.34375,0.03,0.4567538035304894,20.000116309598468,0.00034272970895002304,0.0,500199.02945219236,9289.482938045838,91349.71922282413,673.8531362883217,529.149747416101
-0.03125,0.40625,-0.01,0.4567719846130373,20.000112411821185,0.00040157474073081206,0.0,500199.0425512056,9289.471141788474,91353.35839784295,673.8531540470109,529.1497543886928
-0.03125,0.40625,0.01,0.4574168841305069,20.079669527370374,0.2846076992700167,0.0,499490.51855543687,9287.998032332813,91352.32171891267,672.8960666987888,528.7738397790503
-0.03125,0.40625,0.03,0.4567719846130373,20.000112411821185,0.00040157474073081206,0.0,500199.0425512056,9289.471141788474,91353.35839784295,673.8531540470109,529.1497543886928
-0.03125,0.46875,-0.01,0.4567915420374876,20.00010604367055,0.0004695782174188307,0.0,500199.06006652274,9289.458457766203,91357.27383396904,673.8531778241689,529.1497637243152
-0.03125,0.46875,0.01,0.45743560684703805,20.075256907208637,0.33324953912029187,0.0,499491.5914021962,9287.987585251289,91356.27145672431,672.8976117312981,528.7744468358782
-0.03125,0.46875,0.03,0.4567915420374876,20.00010604367055,0.0004695782174188307,0.0,500199.06006652274,9289.458457766203,91357.27383396904,673.8531778241689,529.1497637243152
-0.03125,0.53125,-0.01,0.45681283410335,20.000096824184915,0.0005516887541111372,0.0,500199.0844268614,9289.44465683797,91361.53765942671,673.8532109032623,529.1497767121551
-0.03125,0.53125,0.01,0.4574558886750927,20.068825251291816,0.3921552984918491,0.0,499492.92398275225,9287.976563202677,91360.58656990595,672.8995528522636,528.7752095183478
-0.03125,0.53125,0.03,0.45681283410335,20.000096824184915,0.0005516887541111372,0.0,500199.0844268614,9289.44465683797,91361.53765942671,673.8532109032623,529.1497767121551
-0.03125,0.59375,-0.01,0.45683640082735055,20.000084181538643,0.0006537383459974066,0.0,500199.119494263,9289.429393963077,91366.25861682078,673.8532585046023,529.1497954018619
-0.03125,0.59375,0.01,0.45747825595406355,20.059953490041725,0.4655877767116987,0.0,499494.5486046291,9287.964679606132,91365.37897773086,672.9019398269929,528.7761473789377
-0.03125,0.59375,0.03,0.45683640082735055,20.000084181538643,0.0006537383459974066,0.0,500199.119494263,9289.429393963077,91366.25861682078,673.8532585046023,529.1497954018619
-0.03125,0.65625,-0.01,0.4568629641399242,20.0000672695555,0.0007828783365693841,0.0,500199.1714971601,9289.412209497563,91371.5822754414,673.8533290450945,529.1498230981634
-0.03125,0.65625,0.01,0.45750341808718703,20.048016559122157,0.5588133242990097,0.0,499496.5056901504,9287.951543778005,91370.79897554276,672.9048356738641,528.7772851770432
-0.03125,0.65625,0.03,0.4568629641399242,20.0000672695555,0.0007828783365693841,0.0,500199.1714971601,9289.412209497563,91371.5822754414,673.8533290450945,529.1498230981634
-0.03125,0.71875,-0.01,0.456893438116735,20.00004485577588,0.000948205392961608,0.0,500199.25066467875,9289.392525036626,91377.69337632849,673.8534363438174,529.14986522684
-0.03125,0.71875,0.01,0.45753228181994443,20.03210063914387,0.6785748002209983,0.0,499498.8434297012,9287.936651286018,91377.03803455734,672.9083162665943,528.7786527225691
-0.03125,0.71875,0.03,0.456893438116735,20.00004485577588,0.000948205392961608,0.0,500199.25066467875,9289.392525036626,91377.69337632849,673.8534363438174,529.14986522684
-0.03125,0.78125,-0.01,0.4569293089095733,20.000015618273135,0.001161194783623169,0.0,500199.37389303825,9289.369400730418,91384.89228256866,673.8536032075449,529.1499307425062
-0.03125,0.78125,0.01,0.45756632412469617,20.011210057873427,0.8334507030973825,0.0,499501.6224177214,9287.919139020833,91384.40286236012,672.9124674308541,528.7802837350014
-0.03125,0.78125,0.03,0.4569293089095733,20.000015618273135,0.001161194783623169,0.0,500199.37389303825,9289.369400730418,91384.89228256866,673.8536032075449,529.1499307425062
-0.03125,0.84375,-0.01,0.4569768261324898,19.99998317135696,0.0014302835702842405,0.0,500199.5660207376,9289.338815347915,91394.43335564321,673.8538630138643,529.1500327501841
-0.03125,0.84375,0.01,0.45761146383690754,19.987874663116607,1.0305447731650392,0.0,499505.1852652127,9287.895567483589,91394.1246221123,672.9176505217973,528.7823201893358
-0.03125,0.84375,0.03,0.4569768261324898,19.99998317135696,0.0014302835702842405,0.0,500199.5660207376,9289.338815347915,91394.43335564321,673.8538630138643,529.1500327501841
-0.03125,0.90625,-0.01,0.4570816924982477,19.999998942218113,0.001699952401832322,0.0,500199.8232652398,9289.271086909059,91415.45594900205,673.8542092789088,529.150168704095
-0.03125,0.90625,0.01,0.4577094534980836,19.99922931884397,1.2385552239061608,0.0,499513.1714178711,9287.843190773028,91415.07512794701,672.9277895170832,528.7863038129282
-0.03125,0.90625,0.03,0.4570816924982477,19.999998942218113,0.001699952401832322,0.0,500199.8232652398,9289.271086909059,91415.45594900205,673.8542092789088,529.150168704095
-0.03125,0.96875,-0.01,0.4576220287452817,20.000484900692094,0.0015232734407491506,0.0,500199.724878104,9288.92026839541,91523.50392437953,673.8540635833049,529.1501114996905
-0.03125,0.96875,0.01,0.4582603293858943,20.347868289925803,1.0927980420763361,0.0,499531.5147546307,9287.503251889024,91527.20190628647,672.9432611575176,528.7923825814548
-0.03125,0.96875,0.03,0.4576220287452817,20.000484900692094,0.0015232734407491506,0.0,500199.724878104,9288.92026839541,91523.50392437953,673.8540635833049,529.1501114996905
-0.03125,1.0312499999999998,-0.01,0.4580563331481602,6.757863992087915,0.3659718093348987,0.0,500423.55019005056,9289.233273470016,91683.88486094247,674.3944054710244,529.3622232095146
-0.03125,1.0312499999999998,0.01,0.4585926356699057,0.33334677276301905,1.092798042076336,0.0,500201.2077786762,9288.589250112209,91754.51555380515,674.1247373515636,529.2563753648336
-0.03125,1.0312499999999998,0.03,0.4580563331481602,6.757863992087915,0.3659718093348987,0.0,500423.55019005056,9289.233273470016,91683.88486094247,674.3944054710244,529.3622232095146
0.03125,-0.03125,-0.01,0.45603667674026394,19.926840493299338,0.0,0.0,500911.5629904666,9291.007873611461,91336.61112729603,674.8153955585495,529.5274243724195
0.03125,-0.03125,0.01,0.45603667674026394,19.926840493299338,0.0284757825418469,0.0,500911.56299046666,9291.007873010652,91336.61105333938,674.8153950121412,529.5274241580363
0.03125,-0.03125,0.03,0.45603667674026394,19.926840493299338,0.0,0.0,500911.5629904666,9291.007873611461,91336.61112729603,674.8153955585495,529.5274243724195
0.03125,0.03125,-0.01,0.45603667674026394,19.926840493299338,-0.0284757825418469,0.0,500911.56299046654,9291.007873010652,91336.61105333937,674.815395012141,529.5274241580363
0.03125,0.03125,0.01,0.45603667674026394,19.92685412069829,-0.02843105315121685,0.0,500912.0881633676,9291.006083200444,91337.49697179622,674.8161024280745,529.5277017124916
0.03125,0.03125,0.03,0.45603667674026394,19.926840493299338,-0.0284757825418469,0.0,500911.56299046654,9291.007873010652,91336.61105333937,674.815395012141,529.5274241580363
0.03125,0.09375,-0.01,0.45604691526666075,19.922132951023016,-0.08131903430961132,0.0,500911.6555182639,9291.001458731258,91338.7020993143,674.815642211876,529.5275211468038
0.03125,0.09375,0.01,0.45604691526666075,19.922146131690866,-0.08131340363490264,0.0,500912.16488842195,9290.99966819271,91339.5781777693,674.8163283412948,529.5277903494535
0.03125,0.09375,0.03,0.45604691526666075,19.922132951023016,-0.08131903430961132,0.0,500911.6555182639,9291.001458731258,91338.7020993143,674.815642211876,529.5275211468038
0.03125,0.15625,-0.01,0.4560598355955414,19.918753806604183,-0.12636707940829195,0.0,500911.61307261395,9290.99308021327,91341.29347351687,674.8156694227633,529.5275318229891
0.03125,0.15625,0.01,0.4560598355955414,19.918766346843626,-0.12635602392346268,0.0,500912.12227940996,9290.991289327789,91342.1695880536,674.8163553505356,529.5278009465173
0.03125,0.15625,0.03,0.4560598355955414,19.918753806604183,-0.12636707940829195,0.0,500911.61307261395,9290.99308021327,91341.29347351687,674.8156694227633,529.5275318229891
0.03125,0.21875,-0.01,0.4560745451732355,19.91691574031827,-0.1663709268860017,0.0,500911.39566301054,9290.983230571288,91344.20560859596,674.8154178666634,529.5274331250044
0.03125,0.21875,0.01,0.4560745451732355,19.91692773337741,-0.16635332066493227,0.0,500911.90471380536,9290.981439796264,91345.0816255356,674.8161036009748,529.5277021726786
0.03125,0.21875,0.03,0.4560745451732355,19.91691574031827,-0.1663709268860017,0.0,500911.39566301054,9290.983230571288,91344.20560859596,674.8154178666634,529.5274331250044
0.03125,0.28125,-0.01,0.45609072534831574,19.916548423095925,-0.20419358264573917,0.0,500910.9899194408,9290.97209955996,91347.37251211853,674.814871457394,529.5272187413752
0.03125,0.28125,0.01,0.45609072534831574,19.91655990466326,-0.20416837913838518,0.0,500911.4988212729,9290.970309385704,91348.24828759655,674.8155570076701,529.5274877169524
0.03125,0.28125,0.03,0.45609072534831574,19.916548423095925,-0.20419358264573917,0.0,500910.9899194408,9290.97209955996,91347.37251211853,674.814871457394,529.5272187413752
0.03125,0.34375,-0.01,0.4561082320467285,19.917657123771257,-0.2426399057020562,0.0,500910.38509551575,9290.959764297295,91350.7632723524,674.8140149943445,529.5268827079982
0.03125,0.34375,0.01,0.4561082320467285,19.917668084389362,-0.2426061035048846,0.0,500910.8938599855,9290.95797524372,91351.63865667356,674.8147003775804,529.5271516182077
0.03125,0.34375,0.03,0.4561082320467285,19.917657123771257,-0.2426399057020562,0.0,500910.38509551575,9290.959764297295,91350.7632723524,674.8140149943445,529.5268827079982
0.03125,0.40625,-0.01,0.4561270850955677,19.920330472629626,-0.2846076992700168,0.0,500909.5687933395,9290.946189626016,91354.37911756626,674.8128281799173,529.526417060867
0.03125,0.40625,0.01,0.4561270850955677,19.92034086355325,-0.2845642682388185,0.0,500910.0774321925,9290.944402250254,91355.253950344,674.8135134147182,529.5266859130743
0.03125,0.40625,0.03,0.4561270850955677,19.920330472629626,-0.2846076992700168,0.0,500909.5687933395,9290.946189626016,91354.37911756626,674.8128281799173,529.526417060867
0.03125,0.46875,-0.01,0.45614747722793725,19.924743092791367,-0.3332495391202918,0.0,500908.5253166616,9290.931219555021,91358.2548849827,674.8112831474082,529.5258108661099
0.03125,0.46875,0.01,0.45614747722793725,19.924752832949785,-0.33319535304308423,0.0,500909.0338394386,9290.929434463993,91359.12899010819,674.8119682508622,529.5260796670909
0.03125,0.46875,0.03,0.45614747722793725,19.924743092791367,-0.3332495391202918,0.0,500908.5253166616,9290.931219555021,91358.2548849827,674.8112831474082,529.5258108661099
0.03125,0.53125,-0.01,0.4561697795316073,19.93117474870818,-0.39215529849184916,0.0,500907.2345399413,9290.914571059322,91362.45978319758,674.8093420264424,529.5250492647419
0.03125,0.53125,0.01,0.4561697795316073,19.931183731481543,-0.3920890822903856,0.0,500907.74295135564,9290.912788927253,91363.33296216988,674.8100270107308,529.5253180193548
0.03125,0.53125,0.03,0.4561697795316073,19.93117474870818,-0.39215529849184916,0.0,500907.2345399413,9290.914571059322,91362.45978319758,674.8093420264424,529.5250492647419
0.03125,0.59375,-0.01,0.4561945457006376,19.94004650995827,-0.4655877767116987,0.0,500905.6717617699,9290.895829264591,91367.09798781226,674.8069550517132,529.524112730561
0.03125,0.59375,0.01,0.4561945457006376,19.94005460979582,-0.46550806817782214,0.0,500906.18005864474,9290.894050854951,91367.9700114926,674.8076399202736,529.524381440243
0.03125,0.59375,0.03,0.4561945457006376,19.94004650995827,-0.4655877767116987,0.0,500905.6717617699,9290.895829264591,91367.09798781226,674.8069550517132,529.524112730561
0.03125,0.65625,-0.01,0.45622251019266147,19.951983440877846,-0.5588133242990098,0.0,500903.80888777116,9290.874447192986,91372.30808839263,674.804059204842,529.5229765371811
0.03125,0.65625,0.01,0.45622251019266147,19.951990521707778,-0.5587184522017312,0.0,500904.3170547411,9290.87267338486,91373.17868667429,674.8047439470315,529.5232451978577
0.03125,0.65625,0.03,0.45622251019266147,19.951983440877846,-0.5588133242990098,0.0,500903.80888777116,9290.874447192986,91372.30808839263,674.804059204842,529.5229765371811
0.03125,0.71875,-0.01,0.4562545944135255,19.96789936085613,-0.6785748002209981,0.0,500901.61806450965,9290.849742241224,91378.26437758487,674.800578612112,529.5216109139501
0.03125,0.71875,0.01,0.4562545944135255,19.967905274310088,-0.678462871490638,0.0,500902.12607034814,9290.847974055061,91379.13322993915,674.8012631993155,529.5218795145104
0.03125,0.71875,0.03,0.4562545944135255,19.96789936085613,-0.6785748002209981,0.0,500901.61806450965,9290.849742241224,91378.26437758487,674.800578612112,529.5216109139501
0.03125,0.78125,-0.01,0.4562922936944504,19.988789942126573,-0.8334507030973825,0.0,500899.07234801876,9290.820647819695,91385.25472068002,674.7964274478519,529.5199821849327
0.03125,0.78125,0.01,0.4562922936944504,19.988794429717494,-0.8333194935091102,0.0,500899.5801421621,9290.818886372383,91386.12147080553,674.7971118330136,529.5202507070469
0.03125,0.78125,0.03,0.4562922936944504,19.988789942126573,-0.8334507030973825,0.0,500899.07234801876,9290.820647819695,91385.25472068002,674.7964274478519,529.5199821849327
0.03125,0.84375,-0.01,0.45634218842807206,20.012125336883393,-1.0305447731650392,0.0,500895.8769043408,9290.782487930315,91394.5479366108,674.7912443569088,529.5179485675465
0.03125,0.84375,0.01,0.45634218842807206,20.01212747419627,-1.0303909529885484,0.0,500896.3844062464,9290.780734019369,91395.41233133586,674.7919284777176,529.5182169869713
0.03125,0.84375,0.03,0.45634218842807206,20.012125336883393,-1.0305447731650392,0.0,500895.8769043408,9290.782487930315,91394.5479366108,674.7912443569088,529.5179485675465
0.03125,0.90625,-0.01,0.45645393149841185,20.000770681156034,-1.2385552239061608,0.0,500888.3626017659,9290.698663485788,91415.55630427727,674.7811053616231,529.5139704482419
0.03125,0.90625,0.01,0.45645393149841185,20.000768152025515,-1.2383721673055974,0.0,500888.86992606684,9290.696917508723,91416.41844862634,674.781789460807,529.5142388611986
0.03125,0.90625,0.03,0.45645393149841185,20.000770681156034,-1.2385552239061608,0.0,500888.3626017659,9290.698663485788,91415.55630427727,674.7811053616231,529.5139704482419
0.03125,0.96875,-0.01,0.4569837281046691,19.652131710074197,-1.0927980420763357,0.0,500869.8004652775,9290.337350230231,91519.56519573442,674.7656337211886,529.5078999635683
0.03125,0.96875,0.01,0.4569837281046691,19.65214578763815,-1.0926409509143877,0.0,500870.320865867,9290.33563344769,91520.42744742981,674.7663349281856,529.508175092094
0.03125,0.96875,0.03,0.4569837281046691,19.652131710074197,-1.0927980420763357,0.0,500869.8004652775,9290.337350230231,91519.56519573442,674.7656337211886,529.5078999635683
0.03125,1.03125,-0.01,0.45795433502929306,-0.04166240274709228,0.0023167253721834958,0.0,500869.86487511883,9289.99456968938,91749.49203661439,675.0267708956296,529.6103509586571
0.03125,1.03125,0.01,0.4589249419539171,-19.652131710074197,1.0927980420763361,0.0,500869.929012441,9289.079110369576,91908.45505869736,674.7658069653443,529.507967938387
0.03125,1.03125,0.03,0.45795433502929306,-0.04166240274709228,0.0023167253721834958,0.0,500869.86487511883,9289.99456968938,91749.49203661439,675.0267708956296,529.6103509586571
0.09375,-0.03125,-0.01,0.4564536116959563,19.82359005956975,0.0,0.0,500518.32510603283,9290.156044399204,91348.90356870543,674.2881910304686,529.3205353441148
0.09375,-0.03125,0.01,0.4564536116959563,19.82359005956975,0.07160517901546432,0.0,500518.32510603283,9290.156040597192,91348.90310063334,674.2881875754136,529.3205339879947
0.09375,-0.03125,0.03,0.4564536116959563,19.82359005956975,0.0,0.0,500518.32510603283,9290.156044399204,91348.90356870543,674.2881910304686,529.3205353441148
0.09375,0.03125,-0.01,0.4564536116959563,19.82359005956975,-0.07160517901546432,0.0,500518.32510603283,9290.156040597192,91348.90310063334,674.2881875754136,529.3205339879947
0.09375,0.03125,0.01,0.4564536116959563,19.823489295756456,-0.07155600587705685,0.0,500519.9392049041,9290.156551676848,91349.77854133073,674.2903656076057,529.3213888718955
0.09375,0.03125,0.03,0.4564536116959563,19.82359005956975,-0.07160517901546432,0.0,500518.32510603283,9290.156040597192,91348.90310063334,674.2881875754136,529.3205339879947
0.09375,0.09375,-0.01,0.45646198448667835,19.80853245824426,-0.20959137949750475,0.0,500519.58517921926,9290.15285630168,91350.86668433742,674.2902617734114,529.3213481167068
0.09375,0.09375,0.01,0.45646198448667835,19.808429463595587,-0.20957259976790105,0.0,500521.18264124723,9290.153365352287,91351.73216100792,674.292417442052,529.3221942215549
0.09375,0.09375,0.03,0.45646198448667835,19.80853245824426,-0.20959137949750475,0.0,500519.58517921926,9290.15285630168,91350.86668433742,674.2902617734114,529.3213481167068
0.09375,0.15625,-0.01,0.456472635417741,19.7969545573414,-0.3370252408802062,0.0,500520.39357083663,9290.147418694103,91353.1811879551,674.2916133058723,529.3218785964322
0.09375,0.15625,0.01,0.456472635417741,19.796849506483138,-0.3369919954539349,0.0,500521.99012733705,9290.147925969859,91354.04668200712,674.2937678171742,529.322724246175
0.09375,0.15625,0.03,0.456472635417741,19.7969545573414,-0.3370252408802062,0.0,500520.39357083663,9290.147418694103,91353.1811879551,674.2916133058723,529.3218785964322
0.09375,0.21875,-0.01,0.45648488578729085,19.789669283417517,-0.45590090797421384,0.0,500520.7016986758,9290.140054583286,91355.7067946685,674.2921593944517,529.3220929373556
0.09375,0.21875,0.01,0.45648488578729085,19.789562481240182,-0.45585185816353607,0.0,500522.29731309146,9290.140560437481,91356.57217610808,674.2943126968107,529.3229381122443
0.09375,0.21875,0.03,0.45648488578729085,19.789669283417517,-0.45590090797421384,0.0,500520.7016986758,9290.140054583286,91355.7067946685,674.2921593944517,529.3220929373556
0.09375,0.28125,-0.01,0.4564985010003237,19.786523852149838,-0.5685756975927411,0.0,500520.48814341705,9290.130891984594,91358.39351711536,674.2918776835298,529.3219823652332
0.09375,0.28125,0.01,0.4564985010003237,19.78641549979662,-0.5685096755186808,0.0,500522.0827999247,9290.131396800432,91359.25866094301,674.2940297562449,529.3228270576614
0.09375,0.28125,0.03,0.4564985010003237,19.786523852149838,-0.5685756975927411,0.0,500520.48814341705,9290.130891984594,91358.39351711536,674.2918776835298,529.3219823652332
0.09375,0.34375,-0.01,0.4565133054265141,19.787484543016312,-0.6773526372520609,0.0,500519.7124611904,9290.119987036986,91361.19903572883,674.2907153445049,529.3215261445057
0.09375,0.34375,0.01,0.4565133054265141,19.787374741641607,-0.6772686917416941,0.0,500521.30615333124,9290.120491205971,91362.06382139499,674.2928661823553,529.3223703529752
0.09375,0.34375,0.03,0.4565133054265141,19.787484543016312,-0.6773526372520609,0.0,500519.7124611904,9290.119987036986,91361.19903572883,674.2907153445049,529.3215261445057
0.09375,0.40625,-0.01,0.4565291856361774,19.792660299541595,-0.7844183030680296,0.0,500518.29460325633,9290.107290967715,91364.0855434653,674.2885609789118,529.3206805500399
0.09375,0.40625,0.01,0.4565291856361774,19.7925490712357,-0.7843156987423126,0.0,500519.8873265004,9290.107794888352,91364.94985041372,674.2907105816361,529.321524275068
0.09375,0.40625,0.03,0.4565291856361774,19.792660299541595,-0.7844183030680296,0.0,500518.29460325633,9290.107290967715,91364.0855434653,674.2885609789118,529.3206805500399
0.09375,0.46875,-0.01,0.45654609560885107,19.802300889610837,-0.8917821011513435,0.0,500516.1037699545,9290.092630491838,91367.01878978875,674.2852298814489,529.319373082395
0.09375,0.46875,0.01,0.45654609560885107,19.802188205863462,-0.8916603329530026,0.0,500517.69551891315,9290.093134574885,91367.88249386591,674.2873782492832,529.3202163248086
0.09375,0.46875,0.03,0.45654609560885107,19.802300889610837,-0.8917821011513435,0.0,500516.1037699545,9290.092630491838,91367.01878978875,674.2852298814489,529.319373082395
0.09375,0.53125,-0.01,0.45656404564871733,19.816835039120825,-1.0012074444958399,0.0,500512.94779053424,9290.075698392,91369.96381321464,674.2804489311008,529.3174965366732
0.09375,0.53125,0.01,0.45656404564871733,19.81672085309041,-1.0010662839778064,0.0,500514.5385567893,9290.07620306846,91370.82678253918,674.2825960609865,529.3183392961754
0.09375,0.53125,0.03,0.45656404564871733,19.816835039120825,-1.0012074444958399,0.0,500512.94779053424,9290.075698392,91369.96381321464,674.2804489311008,529.3174965366732
0.09375,0.59375,-0.01,0.4565830754686845,19.836948253851862,-1.1141470217418898,0.0,500508.56297548464,9290.056053905673,91372.8774449475,674.2738410453887,529.314902899191
0.09375,0.59375,0.01,0.4565830754686845,19.836832536640255,-1.11398660335959,0.0,500510.1527443726,9290.056559633646,91373.7395353036,674.275986925543,529.3157451722947
0.09375,0.59375,0.03,0.4565830754686845,19.836948253851862,-1.1141470217418898,0.0,500508.56297548464,9290.056053905673,91372.8774449475,674.2738410453887,529.314902899191
0.09375,0.65625,-0.01,0.45660320123525716,19.863725637773285,-1.2316993968560623,0.0,500502.6053610897,9290.033140136984,91375.6956134935,674.2649097321847,529.3113972813333
0.09375,0.65625,0.01,0.45660320123525716,19.863608425097905,-1.231520355187867,0.0,500504.19410359854,9290.03364740056,91376.55666272854,674.2670543296131,529.3122390565335
0.09375,0.65625,0.03,0.45660320123525716,19.863725637773285,-1.2316993968560623,0.0,500502.6053610897,9290.033140136984,91375.6956134935,674.2649097321847,529.3113972813333
0.09375,0.71875,-0.01,0.456624355746025,19.89884013109203,-1.354600579125605,0.0,500494.63121843676,9290.006288553395,91378.31713095604,674.2530078541654,529.3067256549484
0.09375,0.71875,0.01,0.456624355746025,19.898721543771202,-1.3544042382722103,0.0,500496.21887408884,9290.00679783527,91379.17695581725,674.2551510904718,529.3075669033203
0.09375,0.71875,0.03,0.456624355746025,19.89884013109203,-1.354600579125605,0.0,500494.63121843676,9290.006288553395,91378.31713095604,674.2530078541654,529.3067256549484
0.09375,0.78125,-0.01,0.45664687092919776,19.94382837538593,-1.482928126990283,0.0,500483.863770252,9289.974081443566,91380.66031771274,674.2370432442095,529.3004592939949
0.09375,0.78125,0.01,0.45664687092919776,19.943708348681433,-1.4827166411367738,0.0,500485.4502220008,9289.974593110175,91381.51873702585,674.2391849681039,529.3012999586781
0.09375,0.78125,0.03,0.45664687092919776,19.94382837538593,-1.482928126990283,0.0,500483.863770252,9289.974081443566,91380.66031771274,674.2370432442095,529.3004592939949
0.09375,0.84375,-0.01,0.4566779009623862,19.989066876493435,-1.6117193874896727,0.0,500466.72838177934,9289.926859626035,91383.53956845943,674.2124638339498,529.2908113431432
0.09375,0.84375,0.01,0.4566779009623862,19.98894348408977,-1.6114952468125685,0.0,500468.31369577826,9289.927374029561,91384.39655868402,674.2146041866682,529.2916514849298
0.09375,0.84375,0.03,0.4566779009623862,19.989066876493435,-1.6117193874896727,0.0,500466.72838177934,9289.926859626035,91383.53956845943,674.2124638339498,529.2908113431432
0.09375,0.90625,-0.01,0.4567805499064236,19.920025909904115,-1.691244126824713,0.0,500422.06576776935,9289.795750422749,91396.14925899098,674.1539513454114,529.2678432164998
0.09375,0.90625,0.01,0.4567805499064236,19.919893169070875,-1.6910081956013114,0.0,500423.6542822148,9289.796275796749,91397.00526179597,674.156096301782,529.2686852018703
0.09375,0.90625,0.03,0.4567805499064236,19.920025909904115,-1.691244126824713,0.0,500422.06576776935,9289.795750422749,91396.14925899098,674.1539513454114,529.2678432164998
0.09375,0.96875,-0.01,0.4573202832870503,18.852047772206774,-1.3435283262799578,0.0,500305.3307512963,9289.303560075188,91486.67915420617,674.0252403834388,529.2173163116703
0.09375,0.96875,0.01,0.4573202832870503,18.851973744040556,-1.3433408925053072,0.0,500306.9681513818,9289.304176087226,91487.53866589504,674.0274493422937,529.2181835034676
0.09375,0.96875,0.03,0.4573202832870503,18.852047772206774,-1.3435283262799578,0.0,500305.3307512963,9289.303560075188,91486.67915420617,674.0252403834388,529.2173163116703
0.09375,1.03125,-0.01,0.4583698070287143,-0.043175575404843555,0.0030769924445747947,0.0,500311.0204168686,9288.896407802547,91730.4751034981,674.2736111591231,529.3148126671299
0.09375,1.03125,0.01,0.45941933077037833,-18.852047772206774,1.3435283262799578,0.0,500316.6840806754,9287.960919475165,91908.7790079482,674.0405413664295,529.2233231336076
0.09375,1.03125,0.03,0.4583698070287143,-0.043175575404843555,0.0030769924445747947,0.0,500311.0204168686,9288.896407802547,91730.4751034981,674.2736111591231,529.3148126671299
0.15625,-0.03125,-0.01,0.45887034517117714,19.793630173474323,0.0,0.0,497933.43813191104,9284.74542121147,91358.45854860471,670.8053156794997,527.9517257961619
0.15625,-0.03125,0.01,0.45887034517117714,19.793630173474323,0.10153936408564113,0.0,497933.43813191104,9284.745413526496,91358.45760239533,670.8053087318968,527.9517230621354
0.15625,-0.03125,0.03,0.45887034517117714,19.793630173474323,0.0,0.0,497933.43813191104,9284.74542121147,91358.45854860471,670.8053156794997,527.9517257961619
0.15625,0.03125,-0.01,0.45887034517117714,19.793630173474323,-0.10153936408564113,0.0,497933.43813191104,9284.745413526496,91358.45760239533,670.8053087318968,527.9517230621354
0.15625,0.03125,0.01,0.45887034517117714,19.79345406600628,-0.10148808276177901,0.0,497936.3430379652,9284.748641562215,91359.33237560898,670.8092284044717,527.9532655326852
0.15625,0.03125,0.03,0.45887034517117714,19.793630173474323,-0.10153936408564113,0.0,497933.43813191104,9284.745413526496,91358.45760239533,670.8053087318968,527.9517230621354
0.15625,0.09375,-0.01,0.4588753206510966,19.76625078109191,-0.2984245166698001,0.0,497937.7378796281,9284.74933238618,91360.33617826084,670.8117803450962,527.9542697705875
0.15625,0.09375,0.01,0.4588753206510966,19.766070906930164,-0.2983986481624977,0.0,497940.6245373935,9284.752554704455,91361.20103456714,670.81567552152,527.9558025940258
0.15625,0.09375,0.03,0.4588753206510966,19.76625078109191,-0.2984245166698001,0.0,497937.7378796281,9284.74933238618,91360.33617826084,670.8117803450962,527.9542697705875
0.15625,0.15625,-0.01,0.45888178916041494,19.743341200264656,-0.482203213570665,0.0,497941.59435909253,9284.751466831867,91362.40132318974,670.8174910218972,527.9565170252364
0.15625,0.15625,0.01,0.45888178916041494,19.74315784932672,-0.48215826586307403,0.0,497944.47846492805,9284.754683867273,91363.26622041884,670.8213828648242,527.9580485303654
0.15625,0.15625,0.03,0.45888178916041494,19.743341200264656,-0.482203213570665,0.0,497941.59435909253,9284.751466831867,91362.40132318974,670.8174910218972,527.9565170252364
0.15625,0.21875,-0.01,0.4588890653472806,19.726539384344747,-0.6536401142798681,0.0,497944.95408622135,9284.752119359326,91364.50934228624,670.8223346165507,527.9584230598742
0.15625,0.21875,0.01,0.4588890653472806,19.726353153843352,-0.6535749443322197,0.0,497947.835763816,9284.755331746564,91365.3741648888,670.826223287516,527.9599533112608
0.15625,0.21875,0.03,0.4588890653472806,19.726539384344747,-0.6536401142798681,0.0,497944.95408622135,9284.752119359326,91364.50934228624,670.8223346165507,527.9584230598742
0.15625,0.28125,-0.01,0.45889693736423337,19.715664554984116,-0.8138892498663249,0.0,497947.76992608886,9284.751370621729,91366.61109986967,670.8262601129526,527.9599678026111
0.15625,0.28125,0.01,0.45889693736423337,19.71547593398875,-0.8138030033522239,0.0,497950.6493088405,9284.754578992894,91367.47574020679,670.8301457891165,527.9614968710254
0.15625,0.28125,0.03,0.45889693736423337,19.715664554984116,-0.8138892498663249,0.0,497947.76992608886,9284.751370621729,91366.61109986967,670.8262601129526,527.9599678026111
0.15625,0.34375,-0.01,0.45890522888567825,19.71057253033951,-0.9640306912579978,0.0,497949.9901155321,9284.749268547726,91368.6633295034,670.8292076862645,527.9611277147179
0.15625,0.34375,0.01,0.45890522888567825,19.710381902867567,-0.963922870259514,0.0,497952.86733902205,9284.75247351774,91369.52768737948,670.8330905498565,527.9626556729902
0.15625,0.34375,0.03,0.45890522888567825,19.71057253033951,-0.9640306912579978,0.0,497949.9901155321,9284.749268547726,91368.6633295034,670.8292076862645,527.9611277147179
0.15625,0.40625,-0.01,0.45891384122513446,19.711198441819228,-1.1049873268765613,0.0,497951.49700376886,9284.745708915963,91370.62567925267,670.8310253817601,527.9618430025308
0.15625,0.40625,0.01,0.45891384122513446,19.711006123559955,-1.1048578105534315,0.0,497954.3722195012,9284.748911124956,91371.48965738357,670.8349056373434,527.9633699324498
0.15625,0.40625,0.03,0.45891384122513446,19.711198441819228,-1.1049873268765613,0.0,497951.49700376886,9284.745708915963,91370.62567925267,670.8310253817601,527.9618430025308
0.15625,0.46875,-0.01,0.45892277930689906,19.717545580254097,-1.237451491232248,0.0,497952.0804338507,9284.740379658537,91372.46109344336,670.8314339473036,527.9620037784762
0.15625,0.46875,0.01,0.45892277930689906,19.71735187316783,-1.2373005699913375,0.0,497954.95383413055,9284.743579835342,91373.3245934389,670.8353118535512,527.9635297834384
0.15625,0.46875,0.03,0.45892277930689906,19.717545580254097,-1.237451491232248,0.0,497952.0804338507,9284.740379658537,91372.46109344336,670.8314339473036,527.9620037784762
0.15625,0.53125,-0.01,0.458932152427222,19.729731289962427,-1.3618186727081867,0.0,497951.42693680705,9284.732743375886,91374.13387207895,670.830011473546,527.9614440160265
0.15625,0.53125,0.01,0.458932152427222,19.729536547448266,-1.3616471102134038,0.0,497954.2987848225,9284.735942414569,91374.99678961566,670.8338873816812,527.9629692363245
0.15625,0.53125,0.03,0.458932152427222,19.729731289962427,-1.3618186727081867,0.0,497951.42693680705,9284.732743375886,91374.13387207895,670.830011473546,527.9614440160265
0.15625,0.59375,-0.01,0.4589421520021127,19.74808804047805,-1.4781498139064484,0.0,497949.1240171197,9284.722055542823,91375.60570950265,670.82619685048,527.9599429078985
0.15625,0.59375,0.01,0.4589421520021127,19.747892743220472,-1.4779589421518367,0.0,497951.99467915774,9284.725254585755,91376.46792862134,670.830071245204,527.9614675369852
0.15625,0.59375,0.03,0.4589421520021127,19.74808804047805,-1.4781498139064484,0.0,497949.1240171197,9284.722055542823,91375.60570950265,670.82619685048,527.9599429078985
0.15625,0.65625,-0.01,0.458952991836203,19.773359514299056,-1.5861920879831901,0.0,497944.68671553873,9284.707437155983,91376.82798971368,670.8193205385818,527.9572369711316
0.15625,0.65625,0.01,0.458952991836203,19.77316436806089,-1.5859839428424989,0.0,497947.5566873138,9284.710637668632,91377.68937539721,670.8231940703732,527.9587612684551
0.15625,0.65625,0.03,0.458952991836203,19.773359514299056,-1.5861920879831901,0.0,497944.68671553873,9284.707437155983,91376.82798971368,670.8193205385818,527.9572369711316
0.15625,0.71875,-0.01,0.4589648746371323,19.806952262554788,-1.6854883522289832,0.0,497937.5496214686,9284.68787687831,91377.73270532774,670.8085869366713,527.9530131024216
0.15625,0.71875,0.01,0.4589648746371323,19.806758252822956,-1.6852658433133894,0.0,497940.4195253314,9284.691080657984,91378.59309818526,670.8124604159125,527.9545373912606
0.15625,0.71875,0.03,0.4589648746371323,19.806952262554788,-1.6854883522289832,0.0,497937.5496214686,9284.68787687831,91377.73270532774,670.8085869366713,527.9530131024216
0.15625,0.78125,-0.01,0.45897916560757573,19.849629641755318,-1.7752639661694605,0.0,497926.13829244085,9284.660126680177,91378.3003540466,670.7918579688794,527.9464298801809
0.15625,0.78125,0.01,0.45897916560757573,19.849437604705184,-1.7750309662260848,0.0,497929.00875980716,9284.663335575116,91379.15959046442,670.7957322179649,527.9479544909789
0.15625,0.78125,0.03,0.45897916560757573,19.849629641755318,-1.7752639661694605,0.0,497926.13829244085,9284.660126680177,91378.3003540466,670.7918579688794,527.9464298801809
0.15625,0.84375,-0.01,0.45901121423094937,19.882993601945568,-1.8502273873083133,0.0,497898.4832551761,9284.596978948523,91379.458178744,670.7535106026901,527.9313390258527
0.15625,0.84375,0.01,0.45901121423094937,19.882801436451064,-1.8499881120293078,0.0,497901.35510383925,9284.60019498232,91380.31624579233,670.7573867646241,527.932864433004
0.15625,0.84375,0.03,0.45901121423094937,19.882993601945568,-1.8502273873083133,0.0,497898.4832551761,9284.596978948523,91379.458178744,670.7535106026901,527.9313390258527
0.15625,0.90625,-0.01,0.45917563646669446,19.7135366087074,-1.8603910636328742,0.0,497777.67279612075,9284.315512536457,91390.6178714945,670.5951893609897,527.8690302369314
0.15625,0.90625,0.01,0.45917563646669446,19.713335373537934,-1.8601476928599396,0.0,497780.5566679347,9284.318758004001,91391.4752459154,670.5990819372508,527.8705622845116
0.15625,0.90625,0.03,0.45917563646669446,19.7135366087074,-1.8603910636328742,0.0,497777.67279612075,9284.315512536457,91390.6178714945,670.5951893609897,527.8690302369314
0.15625,0.96875,-0.01,0.4600061308568746,17.922325522047615,-1.4417883481727471,0.0,497307.86205749353,9283.129554924883,91475.8126701584,670.0083797905846,527.6380217256748
0.15625,0.96875,0.01,0.4600061308568746,17.922217933423603,-1.4415969034540774,0.0,497310.85856271716,9283.133022847083,91476.67501886642,670.0124211779979,527.6396130389394
0.15625,0.96875,0.03,0.4600061308568746,17.922325522047615,-1.4417883481727471,0.0,497307.86205749353,9283.129554924883,91475.8126701584,670.0083797905846,527.6380217256748
0.15625,1.0312500000000002,-0.01,0.4610743093207548,-0.04153109976399176,0.0033410315895031884,0.0,497329.6373794248,9282.714692579233,91722.10812681667,670.2555748132444,527.735346974598
0.15625,1.0312500000000002,0.01,0.46214248778463507,-17.922325522047746,1.4417883481727574,0.0,497351.3120155083,9281.818860328924,91908.78006242297,670.0669376854833,527.6610786736804
0.15625,1.0312500000000002,0.03,0.4610743093207548,-0.04153109976399176,0.0033410315895031884,0.0,497329.6373794248,9282.714692579233,91722.10812681667,670.2555748132444,527.735346974598
0.21875,-0.03125,-0.01,0.46337964249625263,19.81259881559433,7.4872744992997e-18,0.0,493130.3387409967,9274.646686453283,91366.1495422734,664.3316296564458,525.398019367076
0.21875,-0.03125,0.01,0.4633796424962526,19.812598815594328,0.12038856038350083,0.0,493130.33874099667,9274.646675545022,91366.148199085,664.33161989,525.3980155050957
0.21875,-0.03125,0.03,0.46337964249625263,19.81259881559433,7.4872744992997e-18,0.0,493130.3387409967,9274.646686453283,91366.1495422734,664.3316296564458,525.398019367076
0.21875,0.03125,-0.01,0.46337964249625263,19.81259881559433,-0.12038856038350085,0.0,493130.33874099667,9274.646675545022,91366.14819908499,664.33161989,525.3980155050957
0.21875,0.03125,0.01,0.46337964249625263,19.812344122577016,-0.12033680035774397,0.0,493134.5335165094,9274.652686970448,91367.02220768928,664.337280035338,525.4002537116667
0.21875,0.03125,0.03,0.46337964249625263,19.81259881559433,-0.12038856038350085,0.0,493130.33874099667,9274.646675545022,91366.14819908499,664.33161989,525.3980155050957
0.21875,0.09375000000000001,-0.01,0.46337802042010395,19.771071706355485,-0.35412106234112156,0.0,493141.27941033104,9274.665317593477,91368.00417247704,664.3473976701598,525.4042545315986
0.21875,0.09375000000000001,0.01,0.46337802042010395,19.770811800913563,-0.35409257121955473,0.0,493145.45257239713,9274.671315576248,91368.86831362417,664.3530288166966,525.4064812446776
0.21875,0.09375000000000001,0.03,0.46337802042010395,19.771071706355485,-0.35412106234112156,0.0,493141.27941033104,9274.665317593477,91368.00417247704,664.3473976701598,525.4042545315986
0.21875,0.15625,-0.01,0.4633776023319385,19.733900786456093,-0.5726041969894962,0.0,493151.49022724957,9274.68191116669,91369.93057063172,664.3620119532902,525.4100334089854
0.21875,0.15625,0.01,0.4633776023319385,19.73363615302888,-0.5725550011707659,0.0,493155.6578008856,9274.687897272632,91370.79476730322,664.3676357053379,525.4122571736236
0.21875,0.15625,0.03,0.4633776023319385,19.733900786456093,-0.5726041969894962,0.0,493151.49022724957,9274.68191116669,91369.93057063172,664.3620119532902,525.4100334089854
0.21875,0.21875,-0.01,0.46337766087696153,19.703621592559575,-0.7757118463826629,0.0,493160.95336474414,9274.696812694632,91371.78059560379,664.3753856447147,525.4153216676231
0.21875,0.21875,0.01,0.46337766087696153,19.703353204115626,-0.7756409681287305,0.0,493165.1162091217,9274.702789072255,91372.64474241923,664.3810031481439,525.4175429390579
0.21875,0.21875,0.03,0.46337766087696153,19.703621592559575,-0.7757118463826629,0.0,493160.95336474414,9274.696812694632,91371.78059560379,664.3753856447147,525.4153216676231
0.21875,0.28125,-0.01,0.4633780544263823,19.680041745515524,-0.9637705894392347,0.0,493169.5798844938,9274.709999401672,91373.51232952886,664.3874170297393,525.4200791026141
0.21875,0.28125,0.01,0.4633780544263823,19.679770474735193,-0.9636774027438135,0.0,493173.7388687448,9274.715968195173,91374.37632975039,664.3930294456972,525.4222983422726
0.21875,0.28125,0.03,0.4633780544263823,19.680041745515524,-0.9637705894392347,0.0,493169.5798844938,9274.709999401672,91373.51232952886,664.3874170297393,525.4200791026141
0.21875,0.34375,-0.01,0.4633787127703436,19.662920323471006,-1.137082953535612,0.0,493177.2513444228,9274.721358189789,91375.09244849681,664.3979644848753,525.4242497284984
0.21875,0.34375,0.01,0.4633787127703436,19.662646944401196,-1.1369672540451885,0.0,493181.40735551686,9274.727321557944,91375.9562132598,664.403572999755,525.4264674080077
0.21875,0.34375,0.03,0.4633787127703436,19.662920323471006,-1.137082953535612,0.0,493177.2513444228,9274.721358189789,91375.09244849681,664.3979644848753,525.4242497284984
0.21875,0.40625,-0.01,0.46337976494496425,19.652036257481992,-1.2958635035900166,0.0,493183.6687289687,9274.730374561099,91376.4932248665,664.4066412848058,525.4276806437423
0.21875,0.40625,0.01,0.46337976494496425,19.651761495600997,-1.2957255295190155,0.0,493187.8227355747,9274.736334827669,91377.35666848038,664.4122471944887,525.4298972786512
0.21875,0.40625,0.03,0.46337976494496425,19.652036257481992,-1.2958635035900166,0.0,493183.6687289687,9274.730374561099,91376.4932248665,664.4066412848058,525.4276806437423
0.21875,0.46875,-0.01,0.4633816052173954,19.647176840052744,-1.440190944138316,0.0,493188.28603703127,9274.735991024858,91377.69331329937,664.4127266619422,525.4300868646277
0.21875,0.46875,0.01,0.4633816052173954,19.64690144963706,-1.4400314076500562,0.0,493192.43917828647,9274.741950880692,91378.5563488189,664.4183314889123,525.4323030612724
0.21875,0.46875,0.03,0.4633816052173954,19.647176840052744,-1.440190944138316,0.0,493188.28603703127,9274.735991024858,91377.69331329937,664.4127266619422,525.4300868646277
0.21875,0.53125,-0.01,0.4633849083112125,19.648205327110972,-1.5699741193558856,0.0,493190.2875021044,9274.736561328446,91378.67632194619,664.415133566642,525.4310385765301
0.21875,0.53125,0.01,0.4633849083112125,19.647930183578367,-1.5697942616176592,0.0,493194.44119482767,9274.742524075027,91379.53885588855,664.4207392015717,525.4332550886336
0.21875,0.53125,0.03,0.4633849083112125,19.648205327110972,-1.5699741193558856,0.0,493190.2875021044,9274.736561328446,91378.67632194619,664.415133566642,525.4310385765301
0.21875,0.59375,-0.01,0.4633905988415686,19.655205311713917,-1.6849549364134426,0.0,493188.60417921626,9274.729890861141,91379.42734947804,664.4124273513806,525.4299685144023
0.21875,0.59375,0.01,0.4633905988415686,19.654931518608453,-1.6847566099083935,0.0,493192.76024119154,9274.73586069018,91380.28927559519,664.418036216002,525.4321863080651
0.21875,0.59375,0.03,0.4633905988415686,19.655205311713917,-1.6849549364134426,0.0,493188.60417921626,9274.729890861141,91379.42734947804,664.4124273513806,525.4299685144023
0.21875,0.65625,-0.01,0.46339974981983484,19.668758918373623,-1.7847803421355102,0.0,493181.98687217565,9274.713403011694,91379.92544287813,664.4029165944017,525.4262078573031
0.21875,0.65625,0.01,0.46339974981983484,19.668487945706925,-1.7845661269665087,0.0,493186.1476502009,9274.719385298707,91380.78663393755,664.4085318100199,525.4284281780912
0.21875,0.65625,0.03,0.46339974981983484,19.668758918373623,-1.7847803421355102,0.0,493181.98687217565,9274.713403011694,91379.92544287813,664.4029165944017,525.4262078573031
0.21875,0.71875,-0.01,0.46341356905613534,19.69030086709595,-1.869175083573303,0.0,493168.9778200736,9274.684094118558,91380.13425416405,664.384605038017,525.4189671922749
0.21875,0.71875,0.01,0.46341356905613534,19.69003462061646,-1.8689484276604302,0.0,493173.14625413675,9274.690095576547,91380.99455649275,664.3902305098968,525.4211915991515
0.21875,0.71875,0.03,0.46341356905613534,19.69030086709595,-1.869175083573303,0.0,493168.9778200736,9274.684094118558,91380.13425416405,664.384605038017,525.4189671922749
0.21875,0.78125,-0.01,0.4634359870724998,19.72028534642502,-1.9378931779239073,0.0,493145.48262047756,9274.633275602499,91380.06872907665,664.3519677606747,525.4060616741261
0.21875,0.78125,0.01,0.4634359870724998,19.72002555404073,-1.9376584385154343,0.0,493149.6618246659,9274.639303407781,91380.92798247014,664.3576076288781,525.4082918283185
0.21875,0.78125,0.03,0.4634359870724998,19.72028534642502,-1.9378931779239073,0.0,493145.48262047756,9274.633275602499,91380.06872907665,664.3519677606747,525.4060616741261
0.21875,0.84375,-0.01,0.46349983685561347,19.732324041180572,-1.9864921207206148,0.0,493081.20228615706,9274.495111792019,91380.6827958498,664.2648880116591,525.3716268191541
0.21875,0.84375,0.01,0.46349983685561347,19.732068281592703,-1.986253838854179,0.0,493085.3939641221,9274.501170373716,91381.5409918151,664.2705446127103,525.3738637365523
0.21875,0.84375,0.03,0.46349983685561347,19.732324041180572,-1.9864921207206148,0.0,493081.20228615706,9274.495111792019,91380.6827958498,664.2648880116591,525.3716268191541
0.21875,0.90625,-0.01,0.4638299490108085,19.45600912112882,-1.9653005990714967,0.0,492782.30851627025,9273.841904665038,91391.32878829271,663.8694193633248,525.2152141111762
0.21875,0.90625,0.01,0.4638299490108085,19.45574470093462,-1.9650607168844165,0.0,492786.522302739,9273.848017390208,91392.18645343317,663.8751058894802,525.2174635321991
0.21875,0.90625,0.03,0.4638299490108085,19.45600912112882,-1.9653005990714967,0.0,492782.30851627025,9273.841904665038,91391.32878829271,663.8694193633248,525.2152141111762
0.21875,0.96875,-0.01,0.4653690065973748,16.97896395126921,-1.518088570812184,0.0,491540.85979276354,9271.055565370048,91472.05639331785,662.258173703342,524.5774645724049
0.21875,0.96875,0.01,0.4653690065973748,16.97881799380936,-1.5178983361708127,0.0,491545.228561907,9271.062004196321,91472.92010225888,662.2640652614473,524.5797979311028
0.21875,0.96875,0.03,0.4653690065973748,16.97896395126921,-1.518088570812184,0.0,491540.85979276354,9271.055565370048,91472.05639331785,662.258173703342,524.5774645724049
0.21875,1.03125,-0.01,0.46642826112890445,-0.0385689164897376,0.0034484454693305025,0.0,491595.0134748218,9270.681698453596,91717.52595151006,662.5269713276215,524.6839116325688
0.21875,1.03125,0.01,0.46748751566043417,-16.978963951269215,1.5180885708121843,0.0,491648.92168665165,9269.870312617077,91908.78006771742,662.4038096789324,524.6351408338846
0.21875,1.03125,0.03,0.46642826112890445,-0.0385689164897376,0.0034484454693305025,0.0,491595.0134748218,9270.681698453596,91717.52595151006,662.5269713276215,524.6839116325688
0.28125,-0.03125,-0.01,0.4698335752553857,19.862676286627856,-7.384406639077986e-18,0.0,486396.71476931847,9260.333351476189,91373.25657085398,655.2553258958014,521.7966011926711
0.28125,-0.03125,0.01,0.46983357525538566,19.86267628662786,0.13245395419895015,0.0,486396.7147693185,9260.333338089005,91373.25492229496,655.2553140736653,521.7965964855362
0.28125,-0.03125,0.03,0.4698335752553857,19.862676286627856,-7.384406639077986e-18,0.0,486396.71476931847,9260.333351476189,91373.25657085398,655.2553258958014,521.7966011926711
0.28125,0.03125,-0.01,0.4698335752553857,19.86267628662786,-0.13245395419895015,0.0,486396.71476931847,9260.333338089005,91373.25492229496,655.2553140736653,521.7965964855362
0.28125,0.03125,0.01,0.4698335752553857,19.862342034931025,-0.13240258482252115,0.0,486402.0229984353,9260.341858073574,91374.12788745278,655.262476977974,521.7994484798616
0.28125,0.03125,0.03,0.4698335752553857,19.86267628662786,-0.13245395419895015,0.0,486396.71476931847,9260.333338089005,91373.25492229496,655.2553140736653,521.7965964855362
0.28125,0.09375000000000001,-0.01,0.46981918016883406,19.805460288142797,-0.389616837388266,0.0,486420.6341739761,9260.380548684938,91375.15591489348,655.2889894133738,521.8100045812125
0.28125,0.09375000000000001,0.01,0.46981918016883406,19.805119497965862,-0.38958789496581825,0.0,486425.9156608362,9260.38904312936,91376.01906751885,655.2961164316816,521.8128422142295
0.28125,0.09375000000000001,0.03,0.46981918016883406,19.805460288142797,-0.389616837388266,0.0,486420.6341739761,9260.380548684938,91375.15591489348,655.2889894133738,521.8100045812125
0.28125,0.15625,-0.01,0.46980741652827157,19.7517594896562,-0.6299135321947015,0.0,486442.03464885196,9260.422077760855,91377.06428917569,655.3190973744665,521.8219920059314
0.28125,0.15625,0.01,0.46980741652827157,19.751412877343785,-0.6298636910969967,0.0,486447.3061494004,9260.430550473173,91377.92749936464,655.3262110915632,521.8248242780008
0.28125,0.15625,0.03,0.46980741652827157,19.7517594896562,-0.6299135321947015,0.0,486442.03464885196,9260.422077760855,91377.06428917569,655.3190973744665,521.8219920059314
0.28125,0.21875,-0.01,0.469797574102743,19.7051050894869,-0.8527435542082895,0.0,486460.8610042534,9260.45818075268,91378.82828738289,655.3454876484835,521.8324990144805
0.28125,0.21875,0.01,0.469797574102743,19.704754040983385,-0.8526719441323647,0.0,486466.1247636508,9260.466636878804,91379.69145592391,655.3525910687611,521.8353271300168
0.28125,0.21875,0.03,0.469797574102743,19.7051050894869,-0.8527435542082895,0.0,486460.8610042534,9260.45818075268,91378.82828738289,655.3454876484835,521.8324990144805
0.28125,0.28125,-0.01,0.46978965287657654,19.665339322331807,-1.0580307346229039,0.0,486476.9117996858,9260.48857491465,91380.41310680278,655.3679101075967,521.8414261132481
0.28125,0.28125,0.01,0.46978965287657654,19.6649851325691,-1.0579368549644461,0.0,486482.1701049321,9260.497019664625,91381.27614367606,655.3750062932686,521.8442513001163
0.28125,0.28125,0.03,0.46978965287657654,19.665339322331807,-1.0580307346229039,0.0,486476.9117996858,9260.48857491465,91380.41310680278,655.3679101075967,521.8414261132481
0.28125,0.34375,-0.01,0.4697838240931353,19.632186446557206,-1.2457279069990885,0.0,486489.86536350724,9260.512687719029,91381.79489502723,655.3859542751507,521.8486099630912
0.28125,0.34375,0.01,0.4697838240931353,19.631830317853684,-1.2456116957980041,0.0,486495.1205674681,9260.521126424082,91382.65771828179,655.3930463779044,521.8514334855724
0.28125,0.34375,0.03,0.4697838240931353,19.632186446557206,-1.2457279069990885,0.0,486489.86536350724,9260.512687719029,91381.79489502723,655.3859542751507,521.8486099630912
0.28125,0.40625,-0.01,0.4697807077201562,19.605352497800624,-1.415770068839082,0.0,486498.9752233685,9260.529013821577,91382.9571538604,655.3986362501926,521.8536589262166
0.28125,0.40625,0.01,0.4697807077201562,19.604995600190705,-1.4156319211349673,0.0,486504.2298715173,9260.537452226969,91383.81968487888,655.4057276797942,521.8564821533868
0.28125,0.40625,0.03,0.4697807077201562,19.605352497800624,-1.415770068839082,0.0,486498.9752233685,9260.529013821577,91382.9571538604,655.3986362501926,521.8536589262166
0.28125,0.46875,-0.01,0.4697815067317396,19.584517285505054,-1.5680464414219286,0.0,486502.93354999146,9260.534822187743,91383.89124956737,655.4042149683517,521.8558799167156
0.28125,0.46875,0.01,0.4697815067317396,19.584160853807774,-1.5678872359746778,0.0,486508.1905510666,9260.543266840878,91384.75340842866,655.411309619542,521.8587044144344
0.28125,0.46875,0.03,0.4697815067317396,19.584517285505054,-1.5680464414219286,0.0,486502.93354999146,9260.534822187743,91383.89124956737,655.4042149683517,521.8558799167156
0.28125,0.53125,-0.01,0.4697880499964411,19.56942764956596,-1.702388321258496,0.0,486499.81940596446,9260.526047240195,91384.59467889043,655.4001200723725,521.8542496640918
0.28125,0.53125,0.01,0.4697880499964411,19.56907309831783,-1.7022094683001103,0.0,486505.0822424999,9260.534505967162,91385.45637897686,655.4072226051201,521.8570773084135
0.28125,0.53125,0.03,0.4697880499964411,19.56942764956596,-1.702388321258496,0.0,486499.81940596446,9260.526047240195,91384.59467889043,655.4001200723725,521.8542496640918
0.28125,0.59375,-0.01,0.4698027553465379,19.56008939009584,-1.818595724307289,0.0,486487.12025052396,9260.497339005802,91385.06714461395,655.3829758178508,521.8474241690126
0.28125,0.59375,0.01,0.4698027553465379,19.55973844582213,-1.8183992368950792,0.0,486492.39323152264,9260.505821480163,91385.92828634368,655.3900919940642,521.8502572820805
0.28125,0.59375,0.03,0.4698027553465379,19.56008939009584,-1.818595724307289,0.0,486487.12025052396,9260.497339005802,91385.06714461395,655.3829758178508,521.8474241690126
0.28125,0.65625,-0.01,0.4698284717499969,19.557133439784895,-1.9165366860590856,0.0,486461.8583049129,9260.442343951101,91385.30206319511,655.348761474781,521.8338024390533
0.28125,0.65625,0.01,0.4698284717499969,19.55678831447508,-1.916325282133088,0.0,486467.146849476,9260.450862332236,91386.16252559541,655.3558985358407,521.8366439410062
0.28125,0.65625,0.03,0.4698284717499969,19.557133439784895,-1.9165366860590856,0.0,486461.8583049129,9260.442343951101,91385.30206319511,655.348761474781,521.8338024390533
0.28125,0.71875,-0.01,0.4698685061039996,19.56227828850597,-1.996352245109656,0.0,486420.517187815,9260.353560893085,91385.27589891691,655.2926996101794,521.8114818035549
0.28125,0.71875,0.01,0.4698685061039996,19.56194175124205,-1.996129465941559,0.0,486425.82799210085,9260.362130210819,91386.13553494569,655.2998665001871,521.8143353034274
0.28125,0.71875,0.03,0.4698685061039996,19.56227828850597,-1.996352245109656,0.0,486420.517187815,9260.353560893085,91385.27589891691,655.2926996101794,521.8114818035549
0.28125,0.78125,-0.01,0.4699314004609009,19.57599133367317,-2.0584302349215218,0.0,486354.3948337922,9260.21230042777,91385.01154778933,655.2030546468033,521.7757883103044
0.28125,0.78125,0.01,0.4699314004609009,19.575665902402275,-2.0582004482440017,0.0,486359.7347955101,9260.220936378972,91385.8702046261,655.2102605838359,521.7786575529852
0.28125,0.78125,0.03,0.4699314004609009,19.57599133367317,-2.0584302349215218,0.0,486354.3948337922,9260.21230042777,91385.01154778933,655.2030546468033,521.7757883103044
0.28125,0.84375,-0.01,0.47007783336605913,19.564521348317683,-2.0990477196719315,0.0,486205.06473005377,9259.892072753937,91385.44200800254,655.001989867378,521.6957224567717
0.28125,0.84375,0.01,0.47007783336605913,19.564204092693647,-2.0988152898057715,0.0,486210.4345177474,9259.900778828089,91386.29968829182,655.0092358006018,521.6986080677866
0.28125,0.84375,0.03,0.47007783336605913,19.564521348317683,-2.0990477196719315,0.0,486205.06473005377,9259.892072753937,91385.44200800254,655.001989867378,521.6957224567717
0.28125,0.90625,-0.01,0.4707059569931014,19.18338422676299,-2.0677651269833546,0.0,485603.57161377376,9258.588243671473,91395.70939935502,654.2013917416006,521.376794934786
0.28125,0.90625,0.01,0.4707059569931014,19.183057928778553,-2.0675312056742725,0.0,485608.9600325931,9258.59700536481,91396.56668879792,654.2086628493265,521.3796923424926
0.28125,0.90625,0.03,0.4707059569931014,19.18338422676299,-2.0677651269833546,0.0,485603.57161377376,9258.588243671473,91395.70939935502,654.2013917416006,521.376794934786
0.28125,0.96875,-0.01,0.4734094460906259,16.06417505045325,-1.604652991048097,0.0,483180.6484792154,9253.261239049101,91472.41342893695,651.0112293309685,520.1040146082358
0.28125,0.96875,0.01,0.4734094460906259,16.06398322038655,-1.6044650008664032,0.0,483186.1448867126,9253.270262539587,91473.27753453088,651.0186414478309,520.1069754333264
0.28125,0.96875,0.03,0.4734094460906259,16.06417505045325,-1.604652991048097,0.0,483180.6484792154,9253.261239049101,91472.41342893695,651.0112293309685,520.1040146082358
0.28125,1.03125,-0.01,0.47443068058002774,-0.034588253846037656,0.003455026156952283,0.0,483290.28678515257,9252.98999624671,91715.32711941087,651.3346174946229,520.2331787394626
0.28125,1.03125,0.01,0.4754519150694296,-16.06417505045325,1.604652991048097,0.0,483399.45397445984,9252.31916408672,91908.78006775833,651.3061154431578,520.2217960533188
0.28125,1.03125,0.03,0.47443068058002774,-0.034588253846037656,0.003455026156952283,0.0,483290.28678515257,9252.98999624671,91715.32711941087,651.3346174946229,520.2331787394626
0.34375,-0.03125,-0.01,0.47789270599583955,19.93416730154817,0.0,0.0,478237.5216452568,9242.725092361481,91380.81028642393,644.2571915529024,517.39902225851
0.34375,-0.03125,0.01,0.47789270599583955,19.93416730154817,0.14140667872461513,0.0,478237.5216452567,9242.725076842951,91380.80837524355,644.2571780786107,517.399016847949
0.34375,-0.03125,0.03,0.47789270599583955,19.93416730154817,0.0,0.0,478237.5216452568,9242.725092361481,91380.81028642393,644.2571915529024,517.39902225851
0.34375,0.03125,-0.01,0.4778927059958395,19.93416730154817,-0.14140667872461513,0.0,478237.5216452568,9242.725076842951,91380.80837524356,644.2571780786108,517.399016847949
0.34375,0.03125,0.01,0.4778927059958395,19.933753488451483,-0.14135605836564122,0.0,478243.64792206127,9242.735576604337,91381.67993637381,644.2654456431595,517.4023366526727
0.34375,0.03125,0.03,0.4778927059958395,19.93416730154817,-0.14140667872461513,0.0,478237.5216452568,9242.725076842951,91380.80837524356,644.2571780786108,517.399016847949
0.34375,0.09375,-0.01,0.47785535795196793,19.860002676412453,-0.41587337471638924,0.0,478283.91855076724,9242.822446223818,91382.80611733627,644.3215932914846,517.4248819340617
0.34375,0.09375,0.01,0.47785535795196793,19.859581145389477,-0.4158447399264537,0.0,478290.01205178315,9242.832905453899,91383.66792490003,644.3298168554231,517.4281839055208
0.34375,0.09375,0.03,0.47785535795196793,19.860002676412453,-0.41587337471638924,0.0,478283.91855076724,9242.822446223818,91382.80611733627,644.3215932914846,517.4248819340617
0.34375,0.15625,-0.01,0.4778247449218527,19.788150660213685,-0.6722437206378533,0.0,478323.6370490185,9242.905106009113,91384.78582300407,644.3768539621735,517.4470701031771
0.34375,0.15625,0.01,0.4778247449218527,19.78772236667273,-0.6721945047933164,0.0,478329.7153799794,9242.915531309573,91385.64768153103,644.385057249357,517.4503637917871
0.34375,0.15625,0.03,0.4778247449218527,19.788150660213685,-0.6722437206378533,0.0,478323.6370490185,9242.905106009113,91384.78582300407,644.3768539621735,517.4470701031771
0.34375,0.21875,-0.01,0.4778003344202603,19.723247212287323,-0.9097537142022752,0.0,478356.4075601132,9242.972828475387,91386.5874021821,644.4224939270947,517.4653946657558
0.34375,0.21875,0.01,0.4778003344202603,19.722813956092413,-0.9096831337255281,0.0,478362.4746620922,9242.983228862682,91387.44921670985,644.4306822172734,517.468682216539
0.34375,0.21875,0.03,0.4778003344202603,19.723247212287323,-0.9097537142022752,0.0,478356.4075601132,9242.972828475387,91386.5874021821,644.4224939270947,517.4653946657558
0.34375,0.28125,-0.01,0.4777823660369343,19.66521069769909,-1.1282293099911134,0.0,478381.81562710175,9243.024849155761,91388.18111759442,644.4579769818345,517.4796407545826
0.34375,0.28125,0.01,0.4777823660369343,19.66477419681651,-1.1281369431606574,0.0,478387.87554688216,9243.035233852954,91389.04280306735,644.4661556985105,517.4829243712734
0.34375,0.28125,0.03,0.4777823660369343,19.66521069769909,-1.1282293099911134,0.0,478381.81562710175,9243.024849155761,91388.18111759442,644.4579769818345,517.4796407545826
0.34375,0.34375,-0.01,0.4777714079299193,19.613783729739083,-1.3275629685832704,0.0,478399.18151678634,9243.05979109258,91389.54973449514,644.482412464919,517.4894511267096
0.34375,0.34375,0.01,0.4777714079299193,19.61334561367235,-1.327448823452875,0.0,478405.2384354093,9243.070169603276,91390.41121431736,644.4905872131254,517.4927330879129
0.34375,0.34375,0.03,0.4777714079299193,19.613783729739083,-1.3275629685832704,0.0,478399.18151678634,9243.05979109258,91389.54973449514,644.482412464919,517.4894511267096
0.34375,0.40625,-0.01,0.4777688530828176,19.56866884823822,-1.5076781970319897,0.0,478407.04300455115,9243.074549651692,91390.6841057953,644.4938545249759,517.4940448277815
0.34375,0.40625,0.01,0.4777688530828176,19.568230725892278,-1.5075427276541016,0.0,478413.1014160007,9243.084932182086,91391.54530715499,644.5020313296386,517.4973275854586
0.34375,0.40625,0.03,0.4777688530828176,19.56866884823822,-1.5076781970319897,0.0,478407.04300455115,9243.074549651692,91390.6841057953,644.4938545249759,517.4940448277815
0.34375,0.46875,-0.01,0.4777771547636596,19.52952551765617,-1.6685157511791562,0.0,478402.9202243925,9243.063781301778,91391.58324145961,644.4889852675391,517.4920899476318
0.34375,0.46875,0.01,0.4777771547636596,19.529089091833015,-1.6683598807029634,0.0,478408.98517766193,9243.074179325551,91392.44409059134,644.4971708961423,517.4953762602764
0.34375,0.46875,0.03,0.4777771547636596,19.52952551765617,-1.6685157511791562,0.0,478402.9202243925,9243.063781301778,91391.58324145961,644.4889852675391,517.4920899476318
0.34375,0.53125,-0.01,0.4777999185123072,19.496089437787965,-1.8100375418978971,0.0,478383.21571392514,9243.019687225244,91392.2521759572,644.4629768790975,517.481648131412
0.34375,0.53125,0.01,0.4777999185123072,19.495656639121503,-1.8098627046438456,0.0,478389.29312005127,9243.030114194602,91393.11259280077,644.4711792515512,517.4849412326938
0.34375,0.53125,0.03,0.4777999185123072,19.496089437787965,-1.8100375418978971,0.0,478383.21571392514,9243.019687225244,91392.2521759572,644.4629768790975,517.481648131412
0.34375,0.59375,-0.01,0.4778418734720331,19.468412096440215,-1.93227140925318,0.0,478343.2267605954,9242.932041808599,91392.69752842412,644.4095018725301,517.4601783887082
0.34375,0.59375,0.01,0.4778418734720331,19.467985236461892,-1.9320796132968874,0.0,478349.3237755242,9242.942514033464,91393.55742050962,644.417730572944,517.4634821972172
0.34375,0.59375,0.03,0.4778418734720331,19.468412096440215,-1.93227140925318,0.0,478343.2267605954,9242.932041808599,91392.69752842412,644.4095018725301,517.4601783887082
0.34375,0.65625,-0.01,0.47790865894036044,19.447316955059232,-2.0354338587942884,0.0,478277.3221921609,9242.788583444486,91392.91798073961,644.3209590677745,517.4246272761296
0.34375,0.65625,0.01,0.47790865894036044,19.446898931163656,-2.035227776727188,0.0,478283.44766968157,9242.799121127819,91393.77723477063,644.3292259496097,517.427946642411
0.34375,0.65625,0.03,0.47790865894036044,19.447316955059232,-2.0354338587942884,0.0,478277.3221921609,9242.788583444486,91392.91798073961,644.3209590677745,517.4246272761296
0.34375,0.71875,-0.01,0.47800689577635747,19.434972207168855,-2.1201658424423315,0.0,478178.8270007777,9242.574770070774,91392.89241163035,644.188302394651,517.371359287529
0.34375,0.71875,0.01,0.47800689577635747,19.434566565564772,-2.119948909812776,0.0,478184.9917659224,9242.585397952414,91393.75089001135,644.1966219480275,517.3747001466581
0.34375,0.71875,0.03,0.47800689577635747,19.434972207168855,-2.1201658424423315,0.0,478178.8270007777,9242.574770070774,91392.89241163035,644.188302394651,517.371359287529
0.34375,0.78125,-0.01,0.47815157378146295,19.432077880639483,-2.1875164034171988,0.0,478032.9083891659,9242.258228429855,91392.63944897543,643.991526886494,517.2923344221099
0.34375,0.78125,0.01,0.47815157378146295,19.43168780780294,-2.1872927811549068,0.0,478039.1231594874,9242.268971491401,91393.49701031303,643.9999134624017,517.2957027096757
0.34375,0.78125,0.03,0.47815157378146295,19.432077880639483,-2.1875164034171988,0.0,478032.9083891659,9242.258228429855,91392.63944897543,643.991526886494,517.2923344221099
0.34375,0.84375,-0.01,0.47843842677303544,19.398164571248984,-2.2342874510800286,0.0,477747.9362629678,9241.63841290277,91393.04753306987,643.6082154291024,517.1383622156653
0.34375,0.84375,0.01,0.47843842677303544,19.397786445474477,-2.2340610578872195,0.0,477754.1970864644,9241.64926663029,91393.90419580623,643.6166637635673,517.1417563173926
0.34375,0.84375,0.03,0.47843842677303544,19.398164571248984,-2.2342874510800286,0.0,477747.9362629678,9241.63841290277,91393.04753306987,643.6082154291024,517.1383622156653
0.34375,0.90625,-0.01,0.4794827951023688,18.9184950447725,-2.207204282515688,0.0,476750.17217146937,9239.453755217346,91402.95625542123,642.2759859416675,516.6028626309399
0.34375,0.90625,0.01,0.4794827951023688,18.918106437661272,-2.2069750994024013,0.0,476756.4215075346,9239.464613350416,91403.81266472544,642.2844188172459,516.6062540339035
0.34375,0.90625,0.03,0.4794827951023688,18.9184950447725,-2.207204282515688,0.0,476750.17217146937,9239.453755217346,91402.95625542123,642.2759859416675,516.6028626309399
0.34375,0.96875,-0.01,0.48368897481839995,15.203051730201672,-1.7239049703894282,0.0,472919.9920447782,9230.974950222866,91476.1613884126,637.2007273984487,514.5577190642498
0.34375,0.96875,0.01,0.48368897481839995,15.202806701266002,-1.723718089311629,0.0,472926.1771034088,9230.985745848186,91477.02512450595,637.20906851157,514.5610868963253
0.34375,0.96875,0.03,0.48368897481839995,15.203051730201672,-1.7239049703894282,0.0,472919.9920447782,9230.974950222866,91476.1613884126,637.2007273984487,514.5577190642498
0.34375,1.0312500000000002,-0.01,0.48463501675119974,-0.029686122777451612,0.0033661698661444947,0.0,473112.608599125,9230.880662863696,91715.16179761865,637.618070286828,514.7261996106112
0.34375,1.0312500000000002,0.01,0.48558105868399953,-15.203051730201778,1.7239049703894405,0.0,473304.47439694504,9230.419007873248,91908.78006775882,637.7188976843879,514.7668951727732
0.34375,1.0312500000000002,0.03,0.48463501675119974,-0.029686122777451612,0.0033661698661444947,0.0,473112.608599125,9230.880662863696,91715.16179761865,637.618070286828,514.7261996106112
0.40625,-0.03125,-0.01,0.4870977395907695,20.02385310513602,0.0,0.0,469249.7380416517,9222.975934435046,91389.55216911576,632.1418607750182,512.5110593823665
0.40625,-0.03125,0.01,0.48709773959076946,20.02385310513602,0.1499233292418045,0.0,469249.73804165167,9222.975916656598,91389.5499794061,632.1418456287886,512.5110532424391
0.40625,-0.03125,0.03,0.4870977395907695,20.02385310513602,0.0,0.0,469249.7380416517,9222.975934435046,91389.55216911576,632.1418607750182,512.5110593823665
0.40625,0.03125,-0.01,0.4870977395907695,20.02385310513602,-0.1499233292418045,0.0,469249.7380416517,9222.975916656598,91389.5499794061,632.1418456287887,512.5110532424391
0.40625,0.03125,0.01,0.4870977395907695,20.023359994797794,-0.14987352967380918,0.0,469256.3392380095,9222.987733331767,91390.41976321091,632.1507554369693,512.5146650576639
0.40625,0.03125,0.03,0.4870977395907695,20.02385310513602,-0.1499233292418045,0.0,469249.7380416517,9222.975916656598,91389.5499794061,632.1418456287887,512.5110532424391
0.40625,0.09375,-0.01,0.4870228783184048,19.931673305922946,-0.4408697837908297,0.0,469331.00619132764,9223.152853749221,91391.68039724998,632.2537374768967,512.5564095749854
0.40625,0.09375,0.01,0.4870228783184048,19.931171490336002,-0.440841526801774,0.0,469337.5691840122,9223.164615086034,91392.54048582196,632.2625959769509,512.560000273473
0.40625,0.09375,0.03,0.4870228783184048,19.931673305922946,-0.4408697837908297,0.0,469331.00619132764,9223.152853749221,91391.68039724998,632.2537374768967,512.5564095749854
0.40625,0.15625,-0.01,0.48696178064071455,19.840510784839115,-0.7127537927435499,0.0,469399.0740812046,9223.300373536396,91393.79231474869,632.3477050378953,512.594497041615
0.40625,0.15625,0.01,0.48696178064071455,19.84000144893303,-0.7127053347523834,0.0,469405.6170221568,9223.31208853201,91394.65244258968,632.3565366832381,512.5980765888798
0.40625,0.15625,0.03,0.48696178064071455,19.840510784839115,-0.7127537927435499,0.0,469399.0740812046,9223.300373536396,91393.79231474869,632.3477050378953,512.594497041615
0.40625,0.21875,-0.01,0.48691430369121685,19.75622190524722,-0.9648685038090941,0.0,469453.2482408864,9223.417292149721,91395.71400084654,632.4226800583378,512.6248843139012
0.40625,0.21875,0.01,0.48691430369121685,19.7557072408974,-0.9647991487319271,0.0,469459.77654560347,9223.428973463015,91396.57407659323,632.4314921059442,512.6284557063351
0.40625,0.21875,0.03,0.48691430369121685,19.75622190524722,-0.9648685038090941,0.0,469453.2482408864,9223.417292149721,91395.71400084654,632.4226800583378,512.6248843139012
0.40625,0.28125000000000006,-0.01,0.486881030891288,19.678830693524823,-1.1971578166962822,0.0,469492.80638364237,9223.502143103262,91397.41921929368,632.4777110532224,512.6471871539285
0.40625,0.28125000000000006,0.01,0.486881030891288,19.678312819519267,-1.1970672075256117,0.0,469499.32565783436,9223.513803794953,91398.27916231804,632.4865110177535,512.6507534941278
0.40625,0.28125000000000006,0.03,0.486881030891288,19.678830693524823,-1.1971578166962822,0.0,469492.80638364237,9223.502143103262,91397.41921929368,632.4777110532224,512.6471871539285
0.40625,0.34374999999999994,-0.01,0.48686306305437504,19.60813412729631,-1.4096585887455544,0.0,469516.5961541511,9223.552468262864,91398.89529764616,632.5112710559374,512.6607878014107
0.40625,0.34374999999999994,0.01,0.48686306305437504,19.607615076129427,-1.4095467743048733,0.0,469523.11220770294,9223.56412184666,91399.75503634496,632.5200667279805,512.6643523074434
0.40625,0.34374999999999994,0.03,0.48686306305437504,19.60813412729631,-1.4096585887455544,0.0,469516.5961541511,9223.552468262864,91398.89529764616,632.5112710559374,512.6607878014107
0.40625,0.40625000000000006,-0.01,0.48686278858760007,19.543878947206775,-1.6024734477526523,0.0,469522.2689608275,9223.563131021378,91400.13778803378,632.5202202130735,512.6644145081032
0.40625,0.40625000000000006,0.01,0.48686278858760007,19.543360737908294,-1.6023408968903432,0.0,469528.788008472,9223.57479195825,91400.9972552581,632.5290199269958,512.6679806269018
0.40625,0.40625000000000006,0.03,0.48686278858760007,19.543878947206775,-1.6024734477526523,0.0,469522.2689608275,9223.563131021378,91400.13778803378,632.5202202130735,512.6644145081032
0.40625,0.46874999999999994,-0.01,0.48688424718826956,19.485765541051094,-1.775768906486896,0.0,469505.92848537484,9223.525538111335,91401.15005890932,632.4993319116033,512.6559493421581
0.40625,0.46874999999999994,0.01,0.48688424718826956,19.48525030898176,-1.7756165280280716,0.0,469512.45742526365,9223.53722248633,91402.00918718195,632.5081449170275,512.659520906345
0.40625,0.46874999999999994,0.03,0.48688424718826956,19.485765541051094,-1.775768906486896,0.0,469505.92848537484,9223.525538111335,91401.15005890932,632.4993319116033,512.6559493421581
0.40625,0.53125,-0.01,0.4869332914074303,19.43359354713475,-1.929794626177021,0.0,469461.96833447786,9223.427278264531,91401.94082070366,632.4410700832217,512.6323374905063
0.40625,0.53125,0.01,0.4869332914074303,19.433083693313968,-1.929623805923191,0.0,469468.51511375734,9223.439004664144,91402.79953701461,632.4499070334573,512.6359189235009
0.40625,0.53125,0.03,0.4869332914074303,19.43359354713475,-1.929794626177021,0.0,469461.96833447786,9223.427278264531,91401.94082070366,632.4410700832217,512.6323374905063
0.40625,0.59375,-0.01,0.48701758405003653,19.38754905265388,-2.0649475640424035,0.0,469383.0617580566,9223.252095283062,91402.51924452504,632.335567688276,512.5895776211534
0.40625,0.59375,0.01,0.48701758405003653,19.387047413097964,-2.0647602192177374,0.0,469389.6358467925,9223.263885918643,91403.37746445328,632.3444412745446,512.5931742019189
0.40625,0.59375,0.03,0.48701758405003653,19.38754905265388,-2.0649475640424035,0.0,469383.0617580566,9223.252095283062,91402.51924452504,632.335567688276,512.5895776211534
0.40625,0.65625,-0.01,0.48714633523334666,19.348753722782984,-2.181923433346781,0.0,469260.38296476915,9222.980375420495,91402.8843901393,632.1709102891133,512.5228352408625
0.40625,0.65625,0.01,0.48714633523334666,19.348263800777755,-2.1817220927660173,0.0,469266.9959435616,9222.99225750918,91403.74200960553,632.1798360267711,512.5264534303024
0.40625,0.65625,0.03,0.48714633523334666,19.348753722782984,-2.181923433346781,0.0,469260.38296476915,9222.980375420495,91402.8843901393,632.1709102891133,512.5228352408625
0.40625,0.71875,-0.01,0.48733037794338546,19.31994928753015,-2.28199278008684,0.0,469083.4999057153,9222.588901489835,91403.0123213458,631.9329729648983,512.4263741518137
0.40625,0.71875,0.01,0.48733037794338546,19.31947529590304,-2.2817806606039177,0.0,469090.1658187647,9222.600908119173,91403.86921459371,631.9419696690277,512.430021795049
0.40625,0.71875,0.03,0.48733037794338546,19.31994928753015,-2.28199278008684,0.0,469083.4999057153,9222.588901489835,91403.0123213458,631.9329729648983,512.4263741518137
0.40625,0.78125,-0.01,0.4875919735778354,19.30225265279977,-2.3669786289435057,0.0,468831.2036124296,9222.030452777566,91402.9120589086,631.5931453366284,512.2885746825473
0.40625,0.78125,0.01,0.4875919735778354,19.301798300689086,-2.3667595450919654,0.0,468837.93573790876,9222.04261611363,91403.76809926113,631.6022308001566,512.2922593033015
0.40625,0.78125,0.03,0.4875919735778354,19.30225265279977,-2.3669786289435057,0.0,468831.2036124296,9222.030452777566,91402.9120589086,631.5931453366284,512.2885746825473
0.40625,0.84375,-0.01,0.4880627423627659,19.24919225454754,-2.4339869526706748,0.0,468380.82470847655,9221.031929748591,91403.41648477787,630.9873273059396,512.0428246173987
0.40625,0.84375,0.01,0.4880627423627659,19.24875304006728,-2.4337641470432234,0.0,468387.6109391015,9221.044229489875,91404.27171008622,630.99648529426,512.0465404330654
0.40625,0.84375,0.03,0.4880627423627659,19.24919225454754,-2.4339869526706748,0.0,468380.82470847655,9221.031929748591,91403.41648477787,630.9873273059396,512.0428246173987
0.40625,0.90625,-0.01,0.48958313686035576,18.680467634850586,-2.4232586988286795,0.0,466965.1079472979,9217.878951637818,91413.01499221235,629.093924421036,511.27400430241795
0.40625,0.90625,0.01,0.48958313686035576,18.680015343928314,-2.423030526546864,0.0,466971.82467655005,9217.891142756049,91413.87010508172,629.1029887485969,511.27768764617235
0.40625,0.90625,0.03,0.48958313686035576,18.680467634850586,-2.4232586988286795,0.0,466965.1079472979,9217.878951637818,91413.01499221235,629.093924421036,511.27400430241795
0.40625,0.96875,-0.01,0.4953907426985747,14.415653518822971,-1.9000820543414112,0.0,461776.72267743316,9206.200804473312,91483.41992702149,622.1981293643383,508.46412529643607
0.40625,0.96875,0.01,0.4953907426985747,14.415348968896136,-1.8998931825341874,0.0,461783.09900699503,9206.212363417188,91484.28265544015,622.2067292008016,508.46763920383086
0.40625,0.96875,0.03,0.4953907426985747,14.415653518822971,-1.9000820543414112,0.0,461776.72267743316,9206.200804473312,91483.41992702149,622.1981293643383,508.46412529643607
0.40625,1.03125,-0.01,0.49621740331045694,-0.024023197854495533,0.003166422324982949,0.0,462078.86480702634,9206.36099803442,91717.08223610323,622.7477958402374,508.6886711216748
0.40625,1.03125,0.01,0.49704406392233913,-14.41565351882297,1.900082054341411,0.0,462380.00159276,9206.180549279065,91908.78006775884,623.011173724617,508.7962292569127
0.40625,1.03125,0.03,0.49621740331045694,-0.024023197854495533,0.003166422324982949,0.0,462078.86480702634,9206.36099803442,91717.08223610323,622.7477958402374,508.6886711216748
0.46875,-0.03125,-0.01,0.4969424183683972,20.133400902526276,-1.3963102230491344e-17,0.0,460012.3380277244,9202.274751832718,91400.045685517,619.6895702315005,507.438085112453
0.46875,-0.03125,0.01,0.4969424183683972,20.133400902526276,0.16003431513570845,0.0,460012.3380277244,9202.274731168354,91400.0431400671,619.6895529734263,507.4380780464924
0.46875,-0.03125,0.03,0.4969424183683972,20.133400902526276,-1.3963102230491344e-17,0.0,460012.3380277244,9202.274751832718,91400.045685517,619.6895702315005,507.438085112453
0.46875,0.03125,-0.01,0.4969424183683972,20.133400902526276,-0.16003431513570845,0.0,460012.3380277243,9202.274731168352,91400.04314006708,619.6895529734262,507.43807804649236
0.46875,0.03125,0.01,0.4969424183683972,20.132828707138575,-0.15998525039578818,0.0,460019.08458054345,9202.287181382504,91400.9107981741,619.698660898959,507.4418070840591
0.46875,0.03125,0.03,0.4969424183683972,20.133400902526276,-0.16003431513570845,0.0,460012.3380277243,9202.274731168352,91400.04314006708,619.6895529734262,507.43807804649236
0.46875,0.09375,-0.01,0.4968114325740342,20.022272911396616,-0.4706708600146679,0.0,460142.93284676486,9202.56712335104,91402.32916594433,619.8684317721917,507.5113109773822
0.46875,0.09375,0.01,0.4968114325740342,20.021691273888763,-0.4706427656428052,0.0,460149.63810418,9202.579507576042,91403.18717963975,619.8774842198652,507.5150167660444
0.46875,0.09375,0.03,0.4968114325740342,20.022272911396616,-0.4706708600146679,0.0,460142.93284676486,9202.56712335104,91402.32916594433,619.8684317721917,507.5113109773822
0.46875,0.15625,-0.01,0.49670360989325424,19.910974761033625,-0.7615080227232326,0.0,460252.26147082524,9202.81120877138,91404.61485985333,620.0185283903281,507.57275233876493
0.46875,0.15625,0.01,0.49670360989325424,19.91038507717311,-0.7614599721035901,0.0,460258.94350057835,9202.823537132184,91405.47289895655,620.0275496940336,507.57644493107136
0.46875,0.15625,0.03,0.49670360989325424,19.910974761033625,-0.7615080227232326,0.0,460252.26147082524,9202.81120877138,91404.61485985333,620.0185283903281,507.57275233876493
0.46875,0.21875,-0.01,0.4966193827656384,19.8067079732575,-1.032075125505086,0.0,460339.0429302251,9203.004453958107,91406.71379888196,620.1379481136437,507.62163094196575
0.46875,0.21875,0.01,0.4966193827656384,19.806112788060673,-1.0320065108868686,0.0,460345.70796020865,9203.016741482139,91407.57177550757,620.146946616715,507.6253138469135
0.46875,0.21875,0.03,0.4966193827656384,19.8067079732575,-1.032075125505086,0.0,460339.0429302251,9203.004453958107,91406.71379888196,620.1379481136437,507.62163094196575
0.46875,0.28125,-0.01,0.4965597559626516,19.70962363906586,-1.282611411060461,0.0,460402.1877313727,9203.144540415447,91408.60245374571,620.2252433333691,507.6573579786681
0.46875,0.28125,0.01,0.4965597559626516,19.709025432683656,-1.282521930266542,0.0,460408.8422729299,9203.156802754771,91409.4602915714,620.2342277627033,507.6610348647595
0.46875,0.28125,0.03,0.4965597559626516,19.70962363906586,-1.282611411060461,0.0,460402.1877313727,9203.144540415447,91408.60245374571,620.2252433333691,507.6573579786681
0.46875,0.34375,-0.01,0.4965264324652187,19.619597876144,-1.51347308262836,0.0,460440.0340207955,9203.22781246088,91410.27172582177,620.2782000134753,507.6790301653194
0.46875,0.34375,0.01,0.4965264324652187,19.618999042051545,-1.5133628040157454,0.0,460446.68484892143,9203.240065876,91411.1293582174,620.2871794524623,507.6827048522405
0.46875,0.34375,0.03,0.4965264324652187,19.619597876144,-1.51347308262836,0.0,460440.0340207955,9203.22781246088,91410.27172582177,620.2782000134753,507.6790301653194
0.46875,0.40625,-0.01,0.49652288296616476,19.536456112339238,-1.725113891784144,0.0,460449.32939834014,9203.246988476643,91411.72058603422,620.2924593405061,507.68486554669624
0.46875,0.40625,0.01,0.49652288296616476,19.53585903258807,-1.724983265863531,0.0,460455.98373713624,9203.259250322166,91412.57795160785,620.3014434763231,507.6885421134515
0.46875,0.40625,0.03,0.49652288296616476,19.536456112339238,-1.725113891784144,0.0,460449.32939834014,9203.246988476643,91411.72058603422,620.2924593405061,507.68486554669624
0.46875,0.46875,-0.01,0.4965548504333916,19.459986759189157,-1.918095663942095,0.0,460424.76145354105,9203.19010066065,91412.9551539493,620.2608845899177,507.6719440394581
0.46875,0.46875,0.01,0.4965548504333916,19.459393947160656,-1.9179455400461012,0.0,460431.42724584125,9203.202390076132,91413.81219176309,620.2698840726393,507.675626980322
0.46875,0.46875,0.03,0.4965548504333916,19.459986759189157,-1.918095663942095,0.0,460424.76145354105,9203.19010066065,91412.9551539493,620.2608845899177,507.6719440394581
0.46875,0.53125,-0.01,0.4966305924624964,19.390113690154845,-2.0931256109347833,0.0,460358.72972970916,9203.039973551799,91413.98594964882,620.173249174985,507.6360787977838
0.46875,0.53125,0.01,0.4966305924624964,19.389527951247977,-2.0929572690021,0.0,460365.41600751335,9203.05231239149,91414.84259421915,620.182276112348,507.63977323511875
0.46875,0.53125,0.03,0.4966305924624964,19.390113690154845,-2.0931256109347833,0.0,460358.72972970916,9203.039973551799,91413.98594964882,620.173249174985,507.6360787977838
0.46875,0.59375,-0.01,0.49676091656180343,19.32723150615072,-2.2511454517739145,0.0,460241.3071177183,9202.77412312956,91414.8226323453,620.016175675134,507.5717893229801
0.46875,0.59375,0.01,0.49676091656180343,19.326656118525563,-2.250960648524993,0.0,460248.02450463973,9202.786537199854,91415.67880804403,620.0252443050634,507.5755012937878
0.46875,0.59375,0.03,0.49676091656180343,19.32723150615072,-2.2511454517739145,0.0,460241.3071177183,9202.77412312956,91414.8226323453,620.016175675134,507.5717893229801
0.46875,0.65625,-0.01,0.49695887070455375,19.27285151792922,-2.393523519489919,0.0,460060.50368505256,9202.365334924969,91415.46225573342,619.7734741304814,507.4724366610443
0.46875,0.65625,0.01,0.49695887070455375,19.272290486769617,-2.3933245575263498,0.0,460067.2650524773,9202.377855576458,91416.31786902613,619.7826016994004,507.47617348811053
0.46875,0.65625,0.03,0.49695887070455375,19.27285151792922,-2.393523519489919,0.0,460060.50368505256,9202.365334924969,91415.46225573342,619.7734741304814,507.4724366610443
0.46875,0.71875,-0.01,0.49723973558614476,19.23039841557317,-2.5223869478725693,0.0,459802.25878810755,9201.781612596076,91415.875913818,619.4261097823978,507.33020522809596
0.46875,0.71875,0.01,0.49723973558614476,19.22985648016909,-2.522176727875543,0.0,459809.0796498046,9201.794277732224,91416.73085250643,619.4353170781095,507.3339757519656
0.46875,0.71875,0.03,0.49723973558614476,19.23039841557317,-2.5223869478725693,0.0,459802.25878810755,9201.781612596076,91415.875913818,619.4261097823978,507.33020522809596
0.46875,0.78125,-0.01,0.4976324328781856,19.201579294983713,-2.6405722846047848,0.0,459440.16332960164,9200.962858171717,91416.0613262137,618.9384456804523,507.1304594965102
0.46875,0.78125,0.01,0.4976324328781856,19.201060509922126,-2.6403541373137616,0.0,459447.05761729775,9200.975703168977,91416.91548121737,618.9477513746085,507.13427181682107
0.46875,0.78125,0.03,0.4976324328781856,19.201579294983713,-2.6405722846047848,0.0,459440.16332960164,9200.962858171717,91416.0613262137,618.9384456804523,507.1304594965102
0.46875,0.84375,-0.01,0.4982981496133978,19.134689782246955,-2.74518957693286,0.0,458829.233010266,9199.579932492432,91416.79608045112,618.1164377369647,506.79358935217755
0.46875,0.84375,0.01,0.4982981496133978,19.134188560545233,-2.7449657842768,0.0,458836.1787245027,9199.5929163519,91417.64951270125,618.1258122910901,506.79743243547887
0.46875,0.84375,0.03,0.4982981496133978,19.134689782246955,-2.74518957693286,0.0,458829.233010266,9199.579932492432,91416.79608045112,618.1164377369647,506.79358935217755
0.46875,0.90625,-0.01,0.500271396016806,18.48918560765008,-2.763991273623915,0.0,457055.3005169028,9195.551182657262,91426.21904064296,615.7419888151014,505.8192475503981
0.46875,0.90625,0.01,0.500271396016806,18.488667503762517,-2.763757868788695,0.0,457062.1023113554,9195.563900261144,91427.0725086001,615.7511694333481,505.82301837989223
0.46875,0.90625,0.03,0.500271396016806,18.48918560765008,-2.763991273623915,0.0,457055.3005169028,9195.551182657262,91426.21904064296,615.7419888151014,505.8192475503981
0.46875,0.96875,-0.01,0.5075056934198159,13.722299140738569,-2.1635210754047947,0.0,450802.5502951451,9181.194257986323,91494.74374279623,607.4205648740824,502.38968253386605
0.46875,0.96875,0.01,0.5075056934198159,13.721929729528695,-2.1633246349017075,0.0,450808.6950118823,9181.205639458178,91495.6049350504,607.4288535679152,502.393110257834
0.46875,0.96875,0.03,0.5075056934198159,13.722299140738569,-2.1635210754047947,0.0,450802.5502951451,9181.194257986323,91494.74374279623,607.4205648740824,502.38968253386605
0.46875,1.0312499999999998,-0.01,0.508168986076828,-0.017917925675505285,0.0028250229374030852,0.0,451232.48632435984,9181.672611543992,91721.37549022322,608.1300352558535,502.6829937938146
0.46875,1.0312499999999998,0.01,0.5088322787338402,-13.722299140738473,2.1635210754047796,0.0,451661.30103769153,9181.831584074915,91908.78006775885,608.577910888296,502.868067719859
0.46875,1.0312499999999998,0.03,0.508168986076828,-0.017917925675505285,0.0028250229374030852,0.0,451232.48632435984,9181.672611543992,91721.37549022322,608.1300352558535,502.6829937938146
0.53125,-0.03125,-0.01,0.506935607101427,20.26850808125538,-1.3687848029195571e-17,0.0,451013.5682742499,9181.695618906911,91412.76264633215,607.5581698980186,502.44658497797025
0.53125,-0.03125,0.01,0.5069356071014269,20.268508081255376,0.1734280726831979,0.0,451013.56827424985,9181.695594154304,91412.75959686567,607.5581496302985,502.4465765973351
0.53125,-0.03125,0.03,0.506935607101427,20.26850808125538,-1.3687848029195571e-17,0.0,451013.5682742499,9181.695618906911,91412.76264633215,607.5581698980186,502.44658497797025
0.53125,0.03125,-0.01,0.506935607101427,20.268508081255376,-0.17342807268319788,0.0,451013.56827424985,9181.695594154304,91412.75959686567,607.5581496302985,502.446576597335
0.53125,0.03125,0.01,0.506935607101427,20.267856842888218,-0.17337956568533006,0.0,451020.1838375929,9181.708059545736,91413.62482354876,607.5670832841698,502.45027062012633
0.53125,0.03125,0.03,0.506935607101427,20.268508081255376,-0.17342807268319788,0.0,451013.56827424985,9181.695594154304,91412.75959686567,607.5581496302985,502.446576597335
0.53125,0.09375,-0.01,0.5067268894337871,20.137614498409874,-0.5103410059620753,0.0,451208.8073098427,9182.143258276914,91415.20962245924,607.8246837291484,502.556775482269
0.53125,0.09375,0.01,0.5067268894337871,20.13695339638659,-0.5103127739152763,0.0,451215.3823639967,9182.155655215454,91416.0652399585,607.833562949311,502.56044619199565
0.53125,0.09375,0.03,0.5067268894337871,20.137614498409874,-0.5103410059620753,0.0,451208.8073098427,9182.143258276914,91415.20962245924,607.8246837291484,502.556775482269
0.53125,0.15625,-0.01,0.5065519794320772,20.005643793399514,-0.8270056021535069,0.0,451374.38764180266,9182.522113773211,91417.69410501937,608.0511223461932,502.65037785451847
0.53125,0.15625,0.01,0.5065519794320772,20.004974408532007,-0.8269574438700176,0.0,451380.9394191533,9182.534451742002,91418.54973505274,608.059970335988,502.6540349723752
0.53125,0.15625,0.03,0.5065519794320772,20.005643793399514,-0.8270056021535069,0.0,451374.38764180266,9182.522113773211,91417.69410501937,608.0511223461932,502.65037785451847
0.53125,0.21875,-0.01,0.5064119902027668,19.88127873146899,-1.1233647468803183,0.0,451508.3620951593,9182.828064256737,91420.00894177599,608.234634095664,502.72622286830267
0.53125,0.21875,0.01,0.5064119902027668,19.88060390610404,-1.12329612741284,0.0,451514.8967689606,9182.840358744352,91420.86449991322,608.2434591186385,502.7298699430706
0.53125,0.21875,0.03,0.5064119902027668,19.88127873146899,-1.1233647468803183,0.0,451508.3620951593,9182.828064256737,91420.00894177599,608.234634095664,502.72622286830267
0.53125,0.28125,-0.01,0.5063083764309235,19.764814980329728,-1.4001309790432905,0.0,451609.2607054411,9183.057894146288,91422.13306602986,608.373256828111,502.78350776175694
0.53125,0.28125,0.01,0.5063083764309235,19.764137499149435,-1.400041625488351,0.0,451615.7848289587,9183.070161504122,91422.98848010912,608.3820676619129,502.7871485577948
0.53125,0.28125,0.03,0.5063083764309235,19.764814980329728,-1.4001309790432905,0.0,451609.2607054411,9183.057894146288,91422.13306602986,608.373256828111,502.78350776175694
0.53125,0.34375,-0.01,0.506243422896436,19.656227454477047,-1.6581650921767042,0.0,451674.9564577672,9183.206822137694,91424.06073163287,608.4641483330992,502.82106451039755
0.53125,0.34375,0.01,0.506243422896436,19.65555001153692,-1.6580550555763776,0.0,451681.4768984435,9183.219079462293,91424.91593988759,608.4729541806357,502.82470297424504
0.53125,0.34375,0.03,0.506243422896436,19.656227454477047,-1.6581650921767042,0.0,451674.9564577672,9183.206822137694,91424.06073163287,608.4641483330992,502.82106451039755
0.53125,0.40625,-0.01,0.506221601830004,19.555449555968785,-1.8984666850946132,0.0,451701.42470076814,9183.265656257421,91425.79402049688,608.5019067509741,502.83666562131765
0.53125,0.40625,0.01,0.506221601830004,19.554774829887666,-1.8983363481955735,0.0,451707.9487784082,9183.277921788631,91426.64896720057,608.5107174240414,502.8403059660569
0.53125,0.40625,0.03,0.506221601830004,19.555449555968785,-1.8984666850946132,0.0,451701.42470076814,9183.265656257421,91425.79402049688,608.5019067509741,502.83666562131765
0.53125,0.46875,-0.01,0.5062502143102644,19.462400634658362,-2.1222004207288,0.0,451682.1683894824,9183.219470303755,91427.3413664808,608.4777951522068,502.82670319071656
0.53125,0.46875,0.01,0.5062502143102644,19.461731441596456,-2.1220505106509173,0.0,451688.70409651485,9183.231764030936,91428.19599720828,608.486621363851,502.83035002782736
0.53125,0.46875,0.03,0.5062502143102644,19.462400634658362,-2.1222004207288,0.0,451682.1683894824,9183.219470303755,91427.3413664808,608.4777951522068,502.82670319071656
0.53125,0.53125,-0.01,0.5063397134597516,19.377186176273423,-2.3307578693799464,0.0,451607.93050211604,9183.046929639704,91428.71461007293,608.3793485363047,502.7860249686792
0.53125,0.53125,0.01,0.5063397134597516,19.37652563739314,-2.3305894833602414,0.0,451614.4868287938,9183.059274163426,91429.56886697511,608.388202334549,502.78968350002157
0.53125,0.53125,0.03,0.5063397134597516,19.377186176273423,-2.3307578693799464,0.0,451607.93050211604,9183.046929639704,91428.71461007293,608.3793485363047,502.7860249686792
0.53125,0.59375,-0.01,0.506503781542993,19.300481893164772,-2.5258826339570017,0.0,451466.62780601013,9182.720113418412,91429.92341054503,608.190274209994,502.70789007109954
0.53125,0.59375,0.01,0.506503781542993,19.299833621657566,-2.5256972764942103,0.0,451473.2152094286,9182.732535155696,91430.77722704496,608.1991696053241,502.7115663622673
0.53125,0.59375,0.03,0.506503781542993,19.300481893164772,-2.5258826339570017,0.0,451466.62780601013,9182.720113418412,91429.92341054503,608.190274209994,502.70789007109954
0.53125,0.65625,-0.01,0.5067589755649228,19.23428167037094,-2.709923526171943,0.0,451243.6556571412,9182.205179921912,91430.9623250921,607.8908423432541,502.5841251078957
0.53125,0.65625,0.01,0.5067589755649228,19.233650040055586,-2.7097231668223594,0.0,451250.2867159446,9182.217710746765,91431.81561876039,607.8997961848954,502.5878264649351
0.53125,0.65625,0.03,0.5067589755649228,19.23428167037094,-2.709923526171943,0.0,451243.6556571412,9182.205179921912,91430.9623250921,607.8908423432541,502.5841251078957
0.53125,0.71875,-0.01,0.5071245243785865,19.182803382398454,-2.886253871834531,0.0,450922.0767779506,9181.462737176438,91431.79709403984,607.4581153294343,502.40521104153225
0.53125,0.71875,0.01,0.5071245243785865,19.182193485466644,-2.8860409616233267,0.0,450928.76660482865,9181.47541550728,91432.64976786227,607.467147864091,502.40894625841116
0.53125,0.71875,0.03,0.5071245243785865,19.182803382398454,-2.886253871834531,0.0,450922.0767779506,9181.462737176438,91431.79709403984,607.4581153294343,502.40521104153225
0.53125,0.78125,-0.01,0.5076341232762395,19.148516703878535,-3.059154800147723,0.0,450472.4223635344,9180.424228635904,91432.41612027345,606.8523049912524,502.15462735094377
0.53125,0.78125,0.01,0.5076341232762395,19.147932725047728,-3.058932000450384,0.0,450479.18380866916,9180.437088888846,91433.26808483138,606.8614334398327,502.1584041145974
0.53125,0.78125,0.03,0.5076341232762395,19.148516703878535,-3.059154800147723,0.0,450472.4223635344,9180.424228635904,91432.41612027345,606.8523049912524,502.15462735094377
0.53125,0.84375,-0.01,0.508466804506074,19.075266872133298,-3.22535858983241,0.0,449739.6877617048,9178.730775702037,91433.55454479613,605.8659749185533,501.7463800548613
0.53125,0.84375,0.01,0.508466804506074,19.074701911983148,-3.225126799266413,0.0,449746.48974078556,9178.74375632231,91434.40588790926,605.8751575375125,501.75018232182754
0.53125,0.84375,0.03,0.508466804506074,19.075266872133298,-3.22535858983241,0.0,449739.6877617048,9178.730775702037,91433.55454479613,605.8659749185533,501.7463800548613
0.53125,0.90625,-0.01,0.5107915491870058,18.367943096741982,-3.2909040612268816,0.0,447727.3194053175,9174.06967284497,91443.0559288797,603.1714470535643,500.6294035308923
0.53125,0.90625,0.01,0.5107915491870058,18.367356171461836,-3.2906558694176504,0.0,447733.9040074284,9174.082219093714,91443.90746372903,603.1803368100244,500.63309274487773
0.53125,0.90625,0.03,0.5107915491870058,18.367943096741982,-3.2909040612268816,0.0,447727.3194053175,9174.06967284497,91443.0559288797,603.1714470535643,500.6294035308923
0.53125,0.96875,-0.01,0.5190671708126625,13.146880138769527,-2.55401773738036,0.0,440834.97348509956,9157.926580240057,91510.87748615046,593.9963500715719,496.80716921330713
0.53125,0.96875,0.01,0.5190671708126625,13.14644101465721,-2.553804523538495,0.0,440840.6121723322,9157.937098226801,91511.73671037823,594.0039578947222,496.81035072189775
0.53125,0.96875,0.03,0.5190671708126625,13.146880138769527,-2.55401773738036,0.0,440834.97348509956,9157.926580240057,91510.87748615046,593.9963500715719,496.80716921330713
0.53125,1.0312500000000002,-0.01,0.5195353596752499,-0.011853172777376613,0.002302691832443049,0.0,441394.9476918816,9158.751764083387,91728.46596584468,594.8718970606219,497.173179753926
0.53125,1.0312500000000002,0.01,0.5200035485378371,-13.14688013876962,2.5540177373803776,0.0,441953.9130673626,9159.272753896596,91908.78006775885,595.5043548994197,497.43740264259065
0.53125,1.0312500000000002,0.03,0.5195353596752499,-0.011853172777376613,0.002302691832443049,0.0,441394.9476918816,9158.751764083387,91728.46596584468,594.8718970606219,497.173179753926
0.59375,-0.03125,-0.01,0.5166472365608803,20.43851719019953,-1.3430557944857494e-17,0.0,442617.4372130075,9162.107993968953,91428.10438741276,596.2379659306473,497.74370875331266
0.59375,-0.03125,0.01,0.5166472365608804,20.43851719019953,0.19150366382450187,0.0,442617.4372130075,9162.107963214745,91428.10059792628,596.237941217943,497.7436984381417
0.59375,-0.03125,0.03,0.5166472365608803,20.43851719019953,-1.3430557944857494e-17,0.0,442617.4372130075,9162.107993968953,91428.10438741276,596.2379659306473,497.74370875331266
0.59375,0.03125,-0.01,0.5166472365608803,20.43851719019953,-0.19150366382450187,0.0,442617.4372130075,9162.107963214745,91428.10059792628,596.237941217943,497.7436984381416
0.59375,0.03125,0.01,0.5166472365608803,20.437786762986992,-0.19145548207634228,0.0,442623.7163752474,9162.11994198064,91428.96313973666,596.246423832563,497.74723909923057
0.59375,0.03125,0.03,0.5166472365608803,20.43851719019953,-0.19150366382450187,0.0,442617.4372130075,9162.107963214745,91428.10059792628,596.237941217943,497.7436984381416
0.59375,0.09375,-0.01,0.5163381284650777,20.287155853274125,-0.5641039044618654,0.0,442891.92249204323,9162.750734693556,91430.69982036843,596.6118315891214,497.8997371579058
0.59375,0.09375,0.01,0.5163381284650777,20.28641552228462,-0.5640752565412198,0.0,442898.16690942104,9162.762654133769,91431.55276350785,596.6202675088975,497.90325722503275
0.59375,0.09375,0.03,0.5163381284650777,20.287155853274125,-0.5641039044618654,0.0,442891.92249204323,9162.750734693556,91430.69982036843,596.6118315891214,497.8997371579058
0.59375,0.15625,-0.01,0.516073325321614,20.13425820614189,-0.9164505892834831,0.0,443129.2656093741,9163.305453553396,91433.38401534008,596.935514139861,498.0347827565812
0.59375,0.15625,0.01,0.516073325321614,20.13350970293829,-0.9164018096848889,0.0,443135.4909559193,9163.317320556005,91434.23696319875,596.9439244653661,498.0382911924031
0.59375,0.15625,0.03,0.516073325321614,20.13425820614189,-0.9164505892834831,0.0,443129.2656093741,9163.305453553396,91433.38401534008,596.935514139861,498.0347827565812
0.59375,0.21875,-0.01,0.5158547433423362,19.990135678666956,-1.2491023736236593,0.0,443326.7607534543,9163.766213192112,91435.92826000565,597.2050914593781,498.1472268347991
0.59375,0.21875,0.01,0.5158547433423362,19.989382066917397,-1.2490329560835094,0.0,443332.9723142904,9163.778041681475,91436.78113146685,597.2134832546078,498.15072675040295
0.59375,0.21875,0.03,0.5158547433423362,19.990135678666956,-1.2491023736236593,0.0,443326.7607534543,9163.766213192112,91435.92826000565,597.2050914593781,498.1472268347991
0.59375,0.28125,-0.01,0.5156842456317172,19.855244858059596,-1.5634502975164708,0.0,443482.5991868111,9164.128991352745,91438.31404474145,597.4181423506843,498.2360750784274
0.59375,0.28125,0.01,0.5156842456317172,19.854489149609112,-1.5633599433585874,0.0,443488.80271549226,9164.14079634357,91439.1667714103,597.4265233135309,498.23956985293563
0.59375,0.28125,0.03,0.5156842456317172,19.855244858059596,-1.5634502975164708,0.0,443482.5991868111,9164.128991352745,91438.31404474145,597.4181423506843,498.2360750784274
0.59375,0.34375,-0.01,0.5155646018580117,19.729678378835253,-1.861086022151352,0.0,443594.2863642067,9164.388093820182,91440.53927454038,597.5713267373982,498.29994750744623
0.59375,0.34375,0.01,0.5155646018580117,19.7289234861548,-1.860974696681076,0.0,443600.48798120994,9164.399891214533,91441.39179908745,597.5797050631236,498.3034407344877
0.59375,0.34375,0.03,0.5155646018580117,19.729678378835253,-1.861086022151352,0.0,443594.2863642067,9164.388093820182,91440.53927454038,597.5713267373982,498.29994750744623
0.59375,0.40625,-0.01,0.5155010664719701,19.613507807549585,-2.1438084974940317,0.0,443657.2509089684,9164.532905135266,91442.60952694943,597.6585014922815,498.33629261781925
0.59375,0.40625,0.01,0.5155010664719701,19.61275661654236,-2.143676431253665,0.0,443663.45717414585,9164.544711978553,91443.46179879586,597.6668859686994,498.3397881543415
0.59375,0.40625,0.03,0.5155010664719701,19.613507807549585,-2.1438084974940317,0.0,443657.2509089684,9164.532905135266,91442.60952694943,597.6585014922815,498.33629261781925
0.59375,0.46875,-0.01,0.5155021404394884,19.50683007789532,-2.4136738989869233,0.0,443664.18486951705,9164.546342189158,91444.5359926423,597.669829850172,498.3410154696716
0.59375,0.46875,0.01,0.5155021404394884,19.506085607820545,-2.4135215944383672,0.0,443670.4029276944,9164.558177118992,91445.38796331942,597.6782300493005,498.34451752786987
0.59375,0.46875,0.03,0.5155021404394884,19.50683007789532,-2.4136738989869233,0.0,443664.18486951705,9164.546342189158,91444.5359926423,597.669829850172,498.3410154696716
0.59375,0.53125,-0.01,0.515579970180322,19.409996522415145,-2.6730949359226654,0.0,443604.70456265763,9164.40404220242,91446.33244570611,597.591317873166,498.3082824945397
0.59375,0.53125,0.01,0.515579970180322,19.409262094875388,-2.6729231846594046,0.0,443610.9423901641,9164.415926149399,91447.18406448043,597.5997444790495,498.3117957924884
0.59375,0.53125,0.03,0.515579970180322,19.409996522415145,-2.6730949359226654,0.0,443604.70456265763,9164.40404220242,91446.33244570611,597.591317873166,498.3082824945397
0.59375,0.59375,-0.01,0.5157504701605546,19.32404712963516,-2.925022559058959,0.0,443465.2549561963,9164.074102560526,91448.00940584857,597.4046734218012,498.2304586235438
0.59375,0.59375,0.01,0.5157504701605546,19.323326556658074,-2.924832467251484,0.0,443471.5217523511,9164.086059803038,91448.86061468218,597.4131387537232,498.23398861874836
0.59375,0.59375,0.03,0.5157504701605546,19.32404712963516,-2.925022559058959,0.0,443465.2549561963,9164.074102560526,91448.00940584857,597.4046734218012,498.2304586235438
0.59375,0.65625,-0.01,0.5160329343287783,19.251566995462298,-3.173297010388712,0.0,443229.44255567744,9163.51780674134,91449.55994284732,597.0877307720065,498.0982773413136
0.59375,0.65625,0.01,0.5160329343287783,19.250864851068297,-3.173090041198781,0.0,443235.7493439645,9163.529866456807,91450.41067042197,597.0962495889522,498.10183058206223
0.59375,0.65625,0.03,0.5160329343287783,19.251566995462298,-3.173297010388712,0.0,443229.44255567744,9163.51780674134,91449.55994284732,597.0877307720065,498.0982773413136
0.59375,0.71875,-0.01,0.5164495577107798,19.19769556607277,-3.4232004778883818,0.0,442878.4820800239,9162.690573157355,91450.94698270425,596.6150231425122,497.90106890443275
0.59375,0.71875,0.01,0.5164495577107798,19.197017083530643,-3.4229784192528965,0.0,442884.8421361342,9162.70277056755,91451.79714723513,596.6236132251375,497.90465328947187
0.59375,0.71875,0.03,0.5164495577107798,19.19769556607277,-3.4232004778883818,0.0,442878.4820800239,9162.690573157355,91450.94698270425,596.6150231425122,497.90106890443275
0.59375,0.78125,-0.01,0.5170362987968514,19.1658452445487,-3.6812419531998235,0.0,442382.1840441058,9161.520682977072,91452.15477104536,595.9457459042826,497.62172012297407
0.59375,0.78125,0.01,0.5170362987968514,19.165194479113303,-3.68100648727326,0.0,442388.6080934678,9161.533048552013,91453.00430442503,595.954421629888,497.62534227634654
0.59375,0.78125,0.03,0.5170362987968514,19.1658452445487,-3.6812419531998235,0.0,442382.1840441058,9161.520682977072,91452.15477104536,595.9457459042826,497.62172012297407
0.59375,0.84375,-0.01,0.5179761412901556,19.096160648943037,-3.943405962188057,0.0,441587.9230578065,9159.648225930305,91453.90526330621,594.8757630144878,497.1747952659909
0.59375,0.84375,0.01,0.5179761412901556,19.095529131511253,-3.943155929247972,0.0,441594.3738663617,9159.660682707508,91454.75428354292,594.8844744078358,497.1784355801687
0.59375,0.84375,0.03,0.5179761412901556,19.096160648943037,-3.943405962188057,0.0,441587.9230578065,9159.648225930305,91453.90526330621,594.8757630144878,497.1747952659909
0.59375,0.90625,-0.01,0.5205022826353117,18.344682035359074,-4.080814795628541,0.0,439480.2794196535,9154.675779197954,91463.86841749933,592.0534895087144,495.99401806943297
0.59375,0.90625,0.01,0.5205022826353117,18.344022078124006,-4.080537563832418,0.0,439486.45533261454,9154.687658080522,91464.717789541,592.0618306822213,495.9975119746838
0.59375,0.90625,0.03,0.5205022826353117,18.344682035359074,-4.080814795628541,0.0,439480.2794196535,9154.675779197954,91463.86841749933,592.0534895087144,495.99401806943297
0.59375,0.96875,-0.01,0.5293464219929644,12.718532541459584,-3.123613648262135,0.0,432374.61932203575,9137.731891086365,91532.43080275641,582.5995421912664,492.01805024949545
0.59375,0.96875,0.01,0.5293464219929644,12.718018577475583,-3.123369055418515,0.0,432379.6329407478,9137.741177833122,91533.28771043643,582.6063089290444,492.0209075701931
0.59375,0.96875,0.03,0.5293464219929644,12.718532541459584,-3.123613648262135,0.0,432374.61932203575,9137.731891086365,91532.43080275641,582.5995421912664,492.01805024949545
0.59375,1.03125,-0.01,0.5296136740250756,-0.006422539616718571,0.0015773464696410752,0.0,433044.5856429746,9138.878005004062,91738.77313710394,583.618039920628,492.4479342507382
0.59375,1.03125,0.01,0.5298809260571867,-12.718532541459584,3.1236136482621344,0.0,433713.87567308,9139.727344158804,91908.78006775881,584.4044698880915,492.77961131513933
0.59375,1.03125,0.03,0.5296136740250756,-0.006422539616718571,0.0015773464696410752,0.0,433044.5856429746,9138.878005004062,91738.77313710394,583.618039920628,492.4479342507382
0.65625,-0.03125,-0.01,0.5257370382771311,20.65596942589405,0.0,0.0,435059.89462657116,9144.139268995257,91446.34262229862,586.0465769408481,493.4714517076557
0.65625,-0.03125,0.01,0.525737038277131,20.65596942589405,0.21508776168231336,0.0,435059.89462657116,9144.139229525063,91446.33775787144,586.0465457664915,493.4714385827133
0.65625,-0.03125,0.03,0.5257370382771311,20.65596942589405,0.0,0.0,435059.89462657116,9144.139268995257,91446.34262229862,586.0465769408481,493.4714517076557
0.65625,0.03125,-0.01,0.5257370382771311,20.65596942589405,-0.21508776168231336,0.0,435059.89462657116,9144.139229525063,91446.33775787144,586.0465457664915,493.4714385827133
0.65625,0.03125,0.01,0.5257370382771311,20.65515951930131,-0.21503964332995262,0.0,435065.7042067557,9144.150357728211,91447.19742310783,586.0543979492555,493.4747444762241
0.65625,0.03125,0.03,0.5257370382771311,20.65596942589405,-0.21508776168231336,0.0,435059.89462657116,9144.139229525063,91446.33775787144,586.0465457664915,493.4714385827133
0.65625,0.09375,-0.01,0.5253090724678211,20.48353655602681,-0.6344932889395534,0.0,435423.6000258586,9145.007012469676,91449.03264055202,586.5412548518472,493.6796757169972
0.65625,0.09375,0.01,0.5253090724678211,20.48271714806424,-0.6344640602384333,0.0,435429.3861544856,9145.018104425755,91449.88268190408,586.5490755138542,493.68296695097416
0.65625,0.09375,0.03,0.5253090724678211,20.48353655602681,-0.6344932889395534,0.0,435423.6000258586,9145.007012469676,91449.03264055202,586.5412548518472,493.6796757169972
0.65625,0.15625,-0.01,0.52493076493261,20.309702432396975,-1.0343384037483627,0.0,435747.57320156245,9145.778454790076,91451.87167300606,586.9822052117916,493.86521026450487
0.65625,0.15625,0.01,0.52493076493261,20.308875359196964,-1.0342886342211388,0.0,435753.34942257067,9145.789512882857,91452.72172176404,586.9900125834278,493.8684946710672
0.65625,0.15625,0.03,0.52493076493261,20.309702432396975,-1.0343384037483627,0.0,435747.57320156245,9145.778454790076,91451.87167300606,586.9822052117916,493.86521026450487
0.65625,0.21875,-0.01,0.5246096923147596,20.146579906253617,-1.4160444308998708,0.0,436024.3608727805,9146.436269240261,91454.61005687495,587.359051133296,494.02371696802896
0.65625,0.21875,0.01,0.5246096923147596,20.145748351998677,-1.415973563494653,0.0,436030.1307518427,9146.447303674759,91455.46003478556,587.3668499635381,494.0269967287712
0.65625,0.21875,0.03,0.5246096923147596,20.146579906253617,-1.4160444308998708,0.0,436024.3608727805,9146.436269240261,91454.61005687495,587.359051133296,494.02371696802896
0.65625,0.28125,-0.01,0.5243475800675487,19.994801397460964,-1.7819199987230934,0.0,436252.26144370297,9146.976696049183,91457.23147314796,587.6695118366576,494.15426291631644
0.65625,0.28125,0.01,0.5243475800675487,19.99396850010592,-1.7818276177031611,0.0,436258.02928240295,9146.987718773182,91458.08131506549,587.6773078697865,494.1575406346176
0.65625,0.28125,0.03,0.5243475800675487,19.994801397460964,-1.7819199987230934,0.0,436252.26144370297,9146.976696049183,91457.23147314796,587.6695118366576,494.15426291631644
0.65625,0.34375,-0.01,0.5241471187101207,19.854597851267368,-2.1345734338921667,0.0,436428.8796676336,9147.39424155073,91459.73768607136,587.9103759270126,494.2555203588446
0.65625,0.34375,0.01,0.5241471187101207,19.853766634167386,-2.1344593103047087,0.0,436434.6501917999,9147.40526554515,91460.58733839924,587.9181754834826,494.2587988866731
0.65625,0.34375,0.03,0.5241471187101207,19.854597851267368,-2.1345734338921667,0.0,436428.8796676336,9147.39424155073,91459.73768607136,587.9103759270126,494.2555203588446
0.65625,0.40625,-0.01,0.5240140371691406,19.72621626064786,-2.4769467119671473,0.0,436549.36294403014,9147.67748846625,91462.13864893872,588.0751125438572,494.324762442894
0.65625,0.40625,0.01,0.5240140371691406,19.725389701374603,-2.4768107934585974,0.0,436555.1413045954,9147.688527842425,91462.98806532401,588.0829225192808,494.3280448904468
0.65625,0.40625,0.03,0.5240140371691406,19.72621626064786,-2.4769467119671473,0.0,436549.36294403014,9147.67748846625,91462.13864893872,588.0751125438572,494.324762442894
0.65625,0.46875,-0.01,0.523957574223246,19.609990217793122,-2.8124040702944115,0.0,436605.9981778371,9147.808139224513,91464.44945486875,588.1533254869794,494.35763350670504
0.65625,0.46875,0.01,0.523957574223246,19.60917141089468,-2.812246476742636,0.0,436611.7900238877,9147.819209505446,91465.29859172115,588.161153446164,494.36092329385224
0.65625,0.46875,0.03,0.523957574223246,19.609990217793122,-2.8124040702944115,0.0,436605.9981778371,9147.808139224513,91464.44945486875,588.1533254869794,494.35763350670504
0.65625,0.53125,-0.01,0.5239909371263978,19.5065996930811,-3.1448939696587823,0.0,436587.8357659952,9147.760099811845,91466.68740488256,588.130238370838,494.34793076117006
0.65625,0.53125,0.01,0.5239909371263978,19.505792014464653,-3.144714995125907,0.0,436593.6474010736,9147.771218427506,91467.53621742138,588.1380927544709,494.3512317182367
0.65625,0.53125,0.03,0.5239909371263978,19.5065996930811,-3.1448939696587823,0.0,436587.8357659952,9147.760099811845,91466.68740488256,588.130238370838,494.34793076117006
0.65625,0.59375,-0.01,0.5241314818091313,19.417558327417503,-3.4792259206271594,0.0,436480.55403792625,9147.499112428522,91468.8660611103,587.9864969618914,494.2875167527551
0.65625,0.59375,0.01,0.5241314818091313,19.41676561812481,-3.47902603919149,0.0,436486.39271305467,9147.510299552523,91469.71449850353,587.9943874776675,494.29083330031557
0.65625,0.59375,0.03,0.5241314818091313,19.417558327417503,-3.4792259206271594,0.0,436480.55403792625,9147.499112428522,91468.8660611103,587.9864969618914,494.2875167527551
0.65625,0.65625,-0.01,0.5244003253156452,19.3461867717504,-3.8215845102794113,0.0,436266.7871624136,9146.98346656114,91470.97987737918,587.6985814515164,494.16648466355355
0.65625,0.65625,0.01,0.5244003253156452,19.345413596977675,-3.821364390910918,0.0,436272.66159471986,9146.99474648448,91471.82787851022,587.706519768459,494.16982212007855
0.65625,0.65625,0.03,0.5244003253156452,19.3461867717504,-3.8215845102794113,0.0,436266.7871624136,9146.98346656114,91470.97987737918,587.6985814515164,494.16648466355355
0.65625,0.71875,-0.01,0.5248215818600626,19.298719866081544,-4.180301482307042,0.0,435926.82382730185,9146.165530167376,91472.99358444414,587.239711688444,493.9735266193749
0.65625,0.71875,0.01,0.5248215818600626,19.29797134137717,-4.180061880375141,0.0,435932.74465503416,9146.176932518023,91473.84108168133,587.2477120585254,493.97689147829425
0.65625,0.71875,0.03,0.5248215818600626,19.298719866081544,-4.180301482307042,0.0,435926.82382730185,9146.165530167376,91472.99358444414,587.239711688444,493.9735266193749
0.65625,0.78125,-0.01,0.525431202168793,19.279731079017175,-4.565497565753655,0.0,435431.6024600793,9144.974900503748,91474.90045701746,586.5705209714665,493.6919919079747
0.65625,0.78125,0.01,0.525431202168793,19.279010818108954,-4.5652386437263415,0.0,435437.57799193263,9144.986450503182,91475.7474037592,586.5785945565135,493.69538949652195
0.65625,0.78125,0.03,0.525431202168793,19.279731079017175,-4.565497565753655,0.0,435431.6024600793,9144.974900503748,91474.90045701746,586.5705209714665,493.6919919079747
0.65625,0.84375,-0.01,0.5264032787356677,19.226327124830423,-4.972379397744332,0.0,434640.9029916283,9143.075504303943,91477.45640872959,585.5036588757886,493.2428208662217
0.65625,0.84375,0.01,0.5264032787356677,19.22562478842078,-4.972096839056595,0.0,434646.8938318545,9143.087117952298,91478.30295503685,585.5117528761635,493.2462301478881
0.65625,0.84375,0.03,0.5264032787356677,19.226327124830423,-4.972379397744332,0.0,434640.9029916283,9143.075504303943,91477.45640872959,585.5036588757886,493.2428208662217
0.65625,0.90625,-0.01,0.5289714389971194,18.45104195055267,-5.219840430860601,0.0,432570.14240787574,9138.10894961116,91488.35950054303,582.7308606014599,492.0734977593476
0.65625,0.90625,0.01,0.5289714389971194,18.45030311672289,-5.219513679229106,0.0,432575.82459889643,9138.119889789052,91489.20655404615,582.7385392113517,492.07673976027445
0.65625,0.90625,0.03,0.5289714389971194,18.45104195055267,-5.219840430860601,0.0,432570.14240787574,9138.10894961116,91488.35950054303,582.7308606014599,492.0734977593476
0.65625,0.96875,-0.01,0.5379491170645043,12.470457172413075,-3.9362343621807607,0.0,425586.8396498347,9121.204736433932,91559.31919502077,573.4519360219853,488.1400910147161
0.65625,0.96875,0.01,0.5379491170645043,12.469862118721553,-3.935936283916255,0.0,425591.22832667094,9121.212702295717,91560.17352118486,573.4578622625678,488.14261330818294
0.65625,0.96875,0.03,0.5379491170645043,12.470457172413075,-3.9362343621807607,0.0,425586.8396498347,9121.204736433932,91559.31919502077,573.4519360219853,488.1400910147161
0.65625,1.03125,-0.01,0.5380459393535959,-0.0022478450672856628,0.0007095204989181058,0.0,426322.01551472914,9122.580974765902,91752.45149774895,574.557972388074,488.6106104933585
0.65625,1.03125,0.01,0.5381427616426876,-12.470457172413075,3.9362343621807607,0.0,427056.92639116436,9123.656894010535,91908.78006775884,575.4331849995185,488.9826142420607
0.65625,1.03125,0.03,0.5380459393535959,-0.0022478450672856628,0.0007095204989181058,0.0,426322.01551472914,9122.580974765902,91752.45149774895,574.557972388074,488.6106104933585
0.71875,-0.03125,-0.01,0.5339674048768962,20.935488570311662,-2.5989875519247235e-17,0.0,428462.57451082714,9128.175514345205,91467.48560538662,577.1474759703345,489.710444257822
0.71875,-0.03125,0.01,0.5339674048768962,20.935488570311662,0.2438427325904001,0.0,428462.57451082714,9128.175462833864,91467.47925550437,577.1474359034354,489.71042725941163
0.71875,-0.03125,0.03,0.5339674048768962,20.935488570311662,-2.5989875519247235e-17,0.0,428462.57451082714,9128.175514345205,91467.48560538662,577.1474759703345,489.710444257822
0.71875,0.03125,-0.01,0.5339674048768962,20.93548857031166,-0.24384273259040007,0.0,428462.5745108271,9128.175462833864,91467.47925550437,577.1474359034354,489.7104272594116
0.71875,0.03125,0.01,0.5339674048768962,20.934598851346696,-0.24379441242481334,0.0,428467.8450149038,9128.185512977723,91468.3359265614,577.1545641273754,489.7134514041931
0.71875,0.03125,0.03,0.5339674048768962,20.93548857031166,-0.24384273259040007,0.0,428462.5745108271,9128.175462833864,91467.47925550437,577.1474359034354,489.7104272594116
0.71875,0.09374999999999999,-0.01,0.5334115065253607,20.74134888444675,-0.7205820447324225,0.0,428917.5712557929,9129.27913136647,91470.15665509565,577.7657814821806,489.9726905874201
0.71875,0.09374999999999999,0.01,0.5334115065253607,20.74045055184918,-0.7205522972318594,0.0,428922.8345541026,9129.289181911405,91471.00362640554,577.7729000158344,489.97570900461943
0.71875,0.09374999999999999,0.03,0.5334115065253607,20.74134888444675,-0.7205820447324225,0.0,428917.5712557929,9129.27913136647,91470.15665509565,577.7657814821806,489.9726905874201
0.71875,0.15625,-0.01,0.532904607979386,20.546724886416904,-1.1794745103674582,0.0,429335.2607977487,9130.29009453135,91473.032040716,578.3335327033817,490.2133714097456
0.71875,0.15625,0.01,0.532904607979386,20.54581982103992,-1.1794237208535796,0.0,429340.5283371809,9130.300142783317,91473.87903858502,578.3406569554782,490.2163907685465
0.71875,0.15625,0.03,0.532904607979386,20.546724886416904,-1.1794745103674582,0.0,429335.2607977487,9130.29009453135,91473.032040716,578.3335327033817,490.2133714097456
0.71875,0.21875,-0.01,0.532462049263258,20.365603005919244,-1.6230770193850503,0.0,429702.04164240457,9131.17593723578,91475.8428697731,578.8320021024281,490.42458494003023
0.71875,0.21875,0.01,0.532462049263258,20.364694390310348,-1.623004469027727,0.0,429707.3147131865,9131.185988007075,91476.68981892437,578.8391337636493,490.42760613720714
0.71875,0.21875,0.03,0.532462049263258,20.365603005919244,-1.6230770193850503,0.0,429702.04164240457,9131.17593723578,91475.8428697731,578.8320021024281,490.42458494003023
0.71875,0.28125,-0.01,0.532086409556694,20.198829825379356,-2.0548837765371877,0.0,430015.4991604736,9131.931199214723,91478.57542375215,579.2579400588256,490.6049930985652
0.71875,0.28125,0.01,0.532086409556694,20.197920794963736,-2.0547888092023547,0.0,430020.77997947397,9131.941259584202,91479.42226200995,579.2650820737585,490.60801756930977
0.71875,0.28125,0.03,0.532086409556694,20.198829825379356,-2.0548837765371877,0.0,430015.4991604736,9131.931199214723,91478.57542375215,579.2579400588256,490.6049930985652
0.71875,0.34375,-0.01,0.5317806653949355,20.04681490090957,-2.4788602486067433,0.0,430273.01655897417,9132.549838607445,91481.23583273086,579.6078258639789,490.75313937151793
0.71875,0.34375,0.01,0.5317806653949355,20.04590845683945,-2.478742297420229,0.0,430278.30794916116,9132.559917157669,91482.08250980281,579.6149820007312,490.7561689076805
0.71875,0.34375,0.03,0.5317806653949355,20.04681490090957,-2.4788602486067433,0.0,430273.01655897417,9132.549838607445,91481.23583273086,579.6078258639789,490.75313937151793
0.71875,0.40625,-0.01,0.5315506978367341,19.91003301069104,-2.8995296316578765,0.0,430469.7106242907,9133.020249685755,91483.83934960475,579.8750704595751,490.86626414672526
0.71875,0.40625,0.01,0.5315506978367341,19.909132080239992,-2.899388187454972,0.0,430475.0158948299,9133.030356296362,91484.6858226215,579.8822451466372,490.8693008361092
0.71875,0.40625,0.03,0.5315506978367341,19.91003301069104,-2.8995296316578765,0.0,430469.7106242907,9133.020249685755,91483.83934960475,579.8750704595751,490.86626414672526
0.71875,0.46875,-0.01,0.5314059937999659,19.78913781031101,-3.3221337747092634,0.0,430597.84832450544,9133.323859113922,91486.40634622709,580.0492251353895,490.9399698825275
0.71875,0.46875,0.01,0.5314059937999659,19.788245406946476,-3.3219683597112457,0.0,430603.17126014846,9133.334005035469,91487.25257550982,580.05642344355,490.9430161121185
0.71875,0.46875,0.03,0.5314059937999659,19.78913781031101,-3.3221337747092634,0.0,430597.84832450544,9133.323859113922,91486.40634622709,580.0492251353895,490.9399698825275
0.71875,0.53125,-0.01,0.5313601731730645,19.685256224042554,-3.7529051900292045,0.0,430646.4269810959,9133.43408826024,91488.95975508803,580.1154045500135,490.967975430803
0.71875,0.53125,0.01,0.5313601731730645,19.684375599765637,-3.752715329361974,0.0,430651.7718868047,9133.44428633819,91489.80570067177,580.122632249672,490.97103392398185
0.71875,0.53125,0.03,0.5313601731730645,19.685256224042554,-3.7529051900292045,0.0,430646.4269810959,9133.43408826024,91488.95975508803,580.1154045500135,490.967975430803
0.71875,0.59375,-0.01,0.5314312760914063,19.600535305934514,-4.19950996460518,0.0,430600.9586440334,9133.315780546072,91491.51925268737,580.053976024154,490.9419803984545
0.71875,0.59375,0.01,0.5314312760914063,19.599670124804273,-4.199295153509619,0.0,430606.33049500594,9133.326045718362,91492.36486947759,580.0612397851914,490.9450543141694
0.71875,0.59375,0.03,0.5314312760914063,19.600535305934514,-4.19950996460518,0.0,430600.9586440334,9133.315780546072,91491.51925268737,580.053976024154,490.9419803984545
0.71875,0.65625,-0.01,0.5316416210087332,19.539245120902507,-4.671839483856639,0.0,430443.5947547472,9132.925416498163,91494.08510426017,579.8406882246876,490.85171159029505
0.71875,0.65625,0.01,0.5316416210087332,19.538399684598804,-4.671599144585031,0.0,430448.999632259,9132.935766981347,91494.9303401971,579.8479962019643,490.8548047863443
0.71875,0.65625,0.03,0.5316416210087332,19.539245120902507,-4.671839483856639,0.0,430443.5947547472,9132.925416498163,91494.08510426017,579.8406882246876,490.85171159029505
0.71875,0.71875,-0.01,0.532017078815283,19.508979569265996,-5.183152158819632,0.0,430153.808917477,9132.212586619029,91496.63121401057,579.4475421056727,490.6852786621473
0.71875,0.71875,0.01,0.532017078815283,19.508158561947706,-5.182885398970719,0.0,430159.2545707416,9132.223045405379,91497.47601446448,579.4549047102062,490.6883960368177
0.71875,0.71875,0.03,0.532017078815283,19.508979569265996,-5.183152158819632,0.0,430153.808917477,9132.212586619029,91496.63121401057,579.4475421056727,490.6852786621473
0.71875,0.78125,-0.01,0.5325933142671634,19.515788269284347,-5.749572922966445,0.0,429703.7600824684,9131.108582825012,91499.17877382018,578.8366553803022,490.4265562177717
0.71875,0.78125,0.01,0.5325933142671634,19.514994484058676,-5.7492774755288645,0.0,429709.25274980546,9131.119170315598,91500.02311303234,578.8440810636167,490.4297019589597
0.71875,0.78125,0.03,0.5325933142671634,19.515788269284347,-5.749572922966445,0.0,429703.7600824684,9131.108582825012,91499.17877382018,578.8366553803022,490.4265562177717
0.71875,0.84375,-0.01,0.5335273809487634,19.494300076147734,-6.3663417419836215,0.0,428971.14902746526,9129.316011411422,91502.59955830354,577.8448382832181,490.0062113927157
0.71875,0.84375,0.01,0.5335273809487634,19.493520932085065,-6.366008412323616,0.0,428976.6516145164,9129.326647111324,91503.44361769198,577.8522774983808,490.00936556980946
0.71875,0.84375,0.03,0.5335273809487634,19.494300076147734,-6.3663417419836215,0.0,428971.14902746526,9129.316011411422,91502.59955830354,577.8448382832181,490.0062113927157
0.71875,0.90625,-0.01,0.5360082363131635,18.717863906664785,-6.78018716062319,0.0,427032.2301782246,9124.597340113341,91514.9004354964,575.2480667043716,488.90395445015633
0.71875,0.90625,0.01,0.5360082363131635,18.717038338499894,-6.779783624004913,0.0,427037.4138107088,9124.607260338209,91515.74514522197,575.2550772447871,488.90693357402284
0.71875,0.90625,0.03,0.5360082363131635,18.717863906664785,-6.78018716062319,0.0,427032.2301782246,9124.597340113341,91514.9004354964,575.2480667043716,488.90395445015633
0.71875,0.96875,-0.01,0.5448012271160743,12.433996377365935,-5.056822823381499,0.0,420380.8532211659,9108.306054769611,91589.95585740519,566.4296029106146,485.1420705333836
0.71875,0.96875,0.01,0.5448012271160743,12.433312219156948,-5.056440330635823,0.0,420384.6862814091,9108.312794767882,91590.80746301687,566.4347828310389,485.14428880690053
0.71875,0.96875,0.03,0.5448012271160743,12.433996377365935,-5.056822823381499,0.0,420380.8532211659,9108.306054769611,91589.95585740519,566.4296029106146,485.1420705333836
0.71875,1.03125,-0.01,0.544795050348795,0.00013749046926529146,-5.5916450501872065e-05,0.0,421117.0238273821,9109.766618101157,91768.99973348714,567.5431587969958,485.6187118957915
0.71875,1.03125,0.01,0.5447888735815157,-12.433996377365935,5.056822823381499,0.0,421853.21071437537,9110.907441516805,91908.78006775882,568.4139122006543,485.99109950452373
0.71875,1.03125,0.03,0.544795050348795,0.00013749046926529146,-5.5916450501872065e-05,0.0,421117.0238273821,9109.766618101157,91768.99973348714,567.5431587969958,485.6187118957915
0.78125,-0.03125,-0.01,0.5412030957606211,21.291600144251,0.0,0.0,422854.3323193303,9114.386408578139,91491.1315156474,569.5790649608879,486.4889444504861
0.78125,-0.03125,0.01,0.5412030957606212,21.291600144251,0.2756628184122852,0.0,422854.3323193303,9114.386341870988,91491.12329042853,569.5790137546956,486.48892258236583
0.78125,-0.03125,0.03,0.5412030957606211,21.291600144251,0.0,0.0,422854.3323193303,9114.386408578139,91491.1315156474,569.5790649608879,486.4889444504861
0.78125,0.03125,-0.01,0.5412030957606211,21.291600144251,-0.2756628184122852,0.0,422854.3323193303,9114.386341870988,91491.12329042853,569.5790137546956,486.48892258236583
0.78125,0.03125,0.01,0.5412030957606211,21.290630414146744,-0.275614057447899,0.0,422859.04483075155,9114.395206484503,91491.97693844575,569.5853926920231,486.4916467642476
0.78125,0.03125,0.03,0.5412030957606211,21.291600144251,-0.2756628184122852,0.0,422854.3323193303,9114.386341870988,91491.12329042853,569.5790137546956,486.48892258236583
0.78125,0.09375,-0.01,0.5405240057152374,21.074882921158895,-0.8161710857855008,0.0,423392.38874144526,9115.710545519358,91493.595319701,570.3099465347092,486.80097471564534
0.78125,0.09375,0.01,0.5405240057152374,21.073905961938173,-0.8161412539914494,0.0,423397.1134011547,9115.719456949155,91494.43911985689,570.3163417811793,486.8037041117453
0.78125,0.09375,0.03,0.5405240057152374,21.074882921158895,-0.8161710857855008,0.0,423392.38874144526,9115.710545519358,91493.595319701,570.3099465347092,486.80097471564534
0.78125,0.15625,-0.01,0.5398833525598643,20.859423081822932,-1.341880022152555,0.0,423903.0706139981,9116.964348280955,91496.29319750523,571.0035209263448,487.096892840957
0.78125,0.15625,0.01,0.5398833525598643,20.858440746221945,-1.341828786290755,0.0,423907.8170554619,9116.973298694684,91497.13706544152,571.0099454555716,487.0996330687379
0.78125,0.15625,0.03,0.5398833525598643,20.859423081822932,-1.341880022152555,0.0,423903.0706139981,9116.964348280955,91496.29319750523,571.0035209263448,487.096892840957
0.78125,0.21875,-0.01,0.5393091670895367,20.66114697400229,-1.8567363042581508,0.0,424363.10081871424,9118.091138147502,91498.93699119787,571.6279455346653,487.3631540530779
0.78125,0.21875,0.01,0.5393091670895367,20.660162298292985,-1.856662658978772,0.0,424367.8684550949,9118.100127600665,91499.7808558001,571.6343985227551,487.36590491557286
0.78125,0.21875,0.03,0.5393091670895367,20.66114697400229,-1.8567363042581508,0.0,424363.10081871424,9118.091138147502,91498.93699119787,571.6279455346653,487.3631540530779
0.78125,0.28124999999999994,-0.01,0.5388068847887236,20.481143302819042,-2.365667843454298,0.0,424767.82876388123,9119.079961082694,91501.51838712554,572.1769433372143,487.5971323700328
0.78125,0.28124999999999994,0.01,0.5388068847887236,20.480159277571445,-2.365570761274193,0.0,424772.61751691793,9119.088990990107,91502.36219006989,572.1834246528128,487.5998939824914
0.78125,0.28124999999999994,0.03,0.5388068847887236,20.481143302819042,-2.365667843454298,0.0,424767.82876388123,9119.079961082694,91501.51838712554,572.1769433372143,487.5971323700328
0.78125,0.34375000000000006,-0.01,0.5383800261923337,20.320045711358134,-2.8743262803131513,0.0,425114.2143222691,9119.923722059746,91504.04789654184,572.6464033930328,487.79712333907116
0.78125,0.34375000000000006,0.01,0.5383800261923337,20.319065165538532,-2.8742047061911973,0.0,425119.02487742744,9119.932795778637,91504.89159190647,572.6529139440432,487.79989627103123
0.78125,0.34375000000000006,0.03,0.5383800261923337,20.320045711358134,-2.8743262803131513,0.0,425114.2143222691,9119.923722059746,91504.04789654184,572.6464033930328,487.79712333907116
0.78125,0.40624999999999994,-0.01,0.5380345755627187,20.178635174532268,-3.389279956511119,0.0,425397.36278492387,9120.610684115276,91506.54566337907,573.0296907235289,487.96034376723765
0.78125,0.40624999999999994,0.01,0.5380345755627187,20.177660826088882,-3.3891327400090794,0.0,425402.19639934227,9120.619806540735,91507.38921266928,573.0362321978047,487.96312893786535
0.78125,0.40624999999999994,0.03,0.5380345755627187,20.178635174532268,-3.389279956511119,0.0,425397.36278492387,9120.610684115276,91506.54566337907,573.0296907235289,487.96034376723765
0.78125,0.46875000000000006,-0.01,0.5377799475736167,20.05800681841056,-3.9183024828057946,0.0,425609.74491895415,9121.122562699982,91509.03693358184,573.3165856509662,488.0824803961821
0.78125,0.46875000000000006,0.01,0.5377799475736167,20.057041423921206,-3.9181283113391263,0.0,425614.6033200481,9121.13174010194,91509.88030192003,573.3231603773254,488.08527902405154
0.78125,0.46875000000000006,0.03,0.5377799475736167,20.05800681841056,-3.9183024828057946,0.0,425609.74491895415,9121.122562699982,91509.03693358184,573.3165856509662,488.0824803961821
0.78125,0.53125,-0.01,0.5376295799196964,19.95990659441055,-4.470831070991726,0.0,425740.73820319376,9121.43337317381,91511.55006904142,573.4926483858924,488.1574185212246
0.78125,0.53125,0.01,0.5376295799196964,19.958953080048676,-4.4706283838566,0.0,425745.6235379417,9121.44261317681,91512.39322221813,573.4992592652865,488.16023210613116
0.78125,0.53125,0.03,0.5376295799196964,19.95990659441055,-4.470831070991726,0.0,425740.73820319376,9121.43337317381,91511.55006904142,573.4926483858924,488.1574185212246
0.78125,0.59375,-0.01,0.5376012861570401,19.887351191164413,-5.058690895181165,0.0,425776.36800936976,9121.50873393081,91514.1110199079,573.5388402478204,488.17707740099223
0.78125,0.59375,0.01,0.5376012861570401,19.8864128084729,-5.058457776294281,0.0,425781.2828855226,9121.518045741304,91514.95391936584,573.5454908096909,488.1799077606971
0.78125,0.59375,0.03,0.5376012861570401,19.887351191164413,-5.058690895181165,0.0,425776.36800936976,9121.50873393081,91514.1110199079,573.5388402478204,488.17707740099223
0.78125,0.65625,-0.01,0.5377172308777176,19.845880835243925,-5.697349378941812,0.0,425699.343311377,9121.30584284809,91516.72688449558,573.4315147214833,488.1313993148471
0.78125,0.65625,0.01,0.5377172308777176,19.844961324826887,-5.697083394101747,0.0,425704.29107649514,9121.315238055635,91517.56948867562,573.438209503913,488.13424876059037
0.78125,0.65625,0.03,0.5377172308777176,19.845880835243925,-5.697349378941812,0.0,425699.343311377,9121.30584284809,91516.72688449558,573.4315147214833,488.1313993148471
0.78125,0.71875,-0.01,0.5380033407309507,19.844854130602855,-6.407677221224215,0.0,425489.65759225906,9120.774709718755,91519.38469089945,573.143152710028,488.00865034758436
0.78125,0.71875,0.01,0.5380033407309507,19.843957373632556,-6.407374943210973,0.0,425494.64282808115,9120.7842036473,91520.22695958229,573.149897950305,488.01152199134674
0.78125,0.71875,0.03,0.5380033407309507,19.844854130602855,-6.407677221224215,0.0,425489.65759225906,9120.774709718755,91519.38469089945,573.143152710028,488.00865034758436
0.78125,0.78125,-0.01,0.5384933334817704,19.89224679777152,-7.215434352482783,0.0,425121.9327198074,9119.851362119187,91522.15210234428,572.6388823881779,487.79392002149405
0.78125,0.78125,0.01,0.5384933334817704,19.89137430094116,-7.215089715337718,0.0,425126.9590903522,9119.860968828958,91522.99403220507,572.6456832139647,487.796816604072
0.78125,0.78125,0.03,0.5384933334817704,19.89224679777152,-7.215434352482783,0.0,425121.9327198074,9119.851362119187,91522.15210234428,572.6388823881779,487.79392002149405
0.78125,0.84375,-0.01,0.5393170685523649,19.920649622586858,-8.118293231047781,0.0,424498.9278392261,9118.29583239748,91526.14347464846,571.7891622049061,487.43187491113326
0.78125,0.84375,0.01,0.5393170685523649,19.91978606264888,-8.117889690648243,0.0,424503.9643950816,9118.305484460005,91526.98527970987,571.7959776147923,487.43477986136617
0.78125,0.84375,0.03,0.5393170685523649,19.920649622586858,-8.118293231047781,0.0,424498.9278392261,9118.29583239748,91526.14347464846,571.7891622049061,487.43187491113326
0.78125,0.90625,-0.01,0.54159773525467,19.166866737520095,-8.772058326969104,0.0,422767.8129822133,9114.02600913403,91540.09537667975,569.4685365071433,486.4417398717427
0.78125,0.90625,0.01,0.54159773525467,19.16594457332251,-8.771547011172622,0.0,422772.5464667672,9114.03496855329,91540.93797684116,569.4749457312515,486.44447725331366
0.78125,0.90625,0.03,0.54159773525467,19.166866737520095,-8.772058326969104,0.0,422767.8129822133,9114.02600913403,91540.09537667975,569.4685365071433,486.4417398717427
0.78125,0.96875,-0.01,0.550047111155726,12.6275324996823,-6.518503701455594,0.0,416523.3057581706,9098.60100004339,91620.65891174511,561.2160822431297,482.90424153621314
0.78125,0.96875,0.01,0.550047111155726,12.626749604820732,-6.517999763849836,0.0,416526.6896826003,9098.606723959807,91621.50794522457,561.2206605382049,482.9062112531117
0.78125,0.96875,0.03,0.550047111155726,12.6275324996823,-6.518503701455594,0.0,416523.3057581706,9098.60100004339,91620.65891174511,561.2160822431297,482.90424153621314
0.78125,1.03125,-0.01,0.5500373483357317,0.00022038618264321318,-0.00011376633933394546,0.0,417185.3503843338,9099.964514501211,91786.93498159014,562.2444075260148,483.3464556766809
0.78125,1.03125,0.01,0.5500275855157373,-12.6275324996823,6.518503701455594,0.0,417847.41812000563,9100.966979728846,91908.78006775885,563.0006002509937,483.67138577374294
0.78125,1.03125,0.03,0.5500373483357317,0.00022038618264321318,-0.00011376633933394546,0.0,417185.3503843338,9099.964514501211,91786.93498159014,562.2444075260148,483.3464556766809
0.84375,-0.03125,-0.01,0.5474013376451901,21.736176061592595,0.0,0.0,418195.00794761936,9102.764195998605,91516.54531117066,563.2867618230848,483.7942902440336
0.84375,-0.03125,0.01,0.5474013376451901,21.736176061592595,0.3070429845956387,0.0,418195.00794761936,9102.764112315295,91516.53498986762,563.2866982951911,483.79426296269554
0.84375,-0.03125,0.03,0.5474013376451901,21.736176061592595,0.0,0.0,418195.00794761936,9102.764195998605,91516.54531117066,563.2867618230848,483.7942902440336
0.84375,0.03125,-0.01,0.54740133764519,21.736176061592595,-0.3070429845956387,0.0,418195.00794761936,9102.764112315295,91516.53498986762,563.2866982951911,483.79426296269554
0.84375,0.03125,0.01,0.54740133764519,21.735126483994666,-0.30699356188466426,0.0,418199.1799056194,9102.771779168834,91517.38567524093,563.29235164617,483.7966907245404
0.84375,0.03125,0.03,0.54740133764519,21.736176061592595,-0.3070429845956387,0.0,418195.00794761936,9102.764112315295,91516.53498986762,563.2866982951911,483.79426296269554
0.84375,0.09375000000000001,-0.01,0.5466162469577592,21.495595955367598,-0.9108860587259826,0.0,418799.65085407224,9104.271252520291,91518.55613179249,564.1080939011158,484.14687355986473
0.84375,0.09375000000000001,0.01,0.5466162469577592,21.494540980622695,-0.9108569719168464,0.0,418803.85436409886,9104.279014995429,91519.39671941921,564.1137896063386,484.1493177287621
0.84375,0.09375000000000001,0.03,0.5466162469577592,21.495595955367598,-0.9108860587259826,0.0,418799.65085407224,9104.271252520291,91518.55613179249,564.1080939011158,484.14687355986473
0.84375,0.15625,-0.01,0.5458500799173817,21.258802579304664,-1.5045152646982263,0.0,419392.9858235595,9105.746287968532,91520.78403678685,564.9135925834443,484.492410663235
0.84375,0.15625,0.01,0.5458500799173817,21.257743938502337,-1.5044648288075777,0.0,419397.2312334459,9105.754138662776,91521.62475573384,564.9193445923959,484.494877233013
0.84375,0.15625,0.03,0.5458500799173817,21.258802579304664,-1.5045152646982263,0.0,419392.9858235595,9105.746287968532,91520.78403678685,564.9135925834443,484.492410663235
0.84375,0.21875,-0.01,0.5451499530736602,21.043665751656306,-2.0934203047172075,0.0,419937.62228010193,9107.096846837236,91522.92819655716,565.652308816283,484.8090834125759
0.84375,0.21875,0.01,0.5451499530736602,21.04260619763732,-2.0933471170742566,0.0,419941.9066954392,9107.104779779092,91523.76898229451,565.6581132163994,484.8115708228077
0.84375,0.21875,0.03,0.5451499530736602,21.043665751656306,-2.0934203047172075,0.0,419937.62228010193,9107.096846837236,91522.92819655716,565.652308816283,484.8090834125759
0.84375,0.28125,-0.01,0.5445228016072513,20.851493758893803,-2.68406537555973,0.0,420427.8188317026,9108.309181063689,91524.98413609777,566.3164748412988,485.09362150625776
0.84375,0.28125,0.01,0.5445228016072513,20.85043599621826,-2.6839679224377613,0.0,420432.139954737,9108.317191933982,91525.82493679278,566.3223285339842,485.09612856880346
0.84375,0.28125,0.03,0.5445228016072513,20.851493758893803,-2.68406537555973,0.0,420427.8188317026,9108.309181063689,91524.98413609777,566.3164748412988,485.09362150625776
0.84375,0.34375,-0.01,0.543972893540655,20.68320814341815,-3.2839732529382344,0.0,420859.9721521072,9109.374756108078,91526.96360261756,566.9011891676444,485.34398329735126
0.84375,0.34375,0.01,0.543972893540655,20.682154679930328,-3.2838498592057506,0.0,420864.32852896315,9109.38284279544,91527.80437970448,566.9070902060806,485.346509333724
0.84375,0.34375,0.03,0.543972893540655,20.68320814341815,-3.2839732529382344,0.0,420859.9721521072,9109.374756108078,91526.96360261756,566.9011891676444,485.34398329735126
0.84375,0.40625,-0.01,0.54350638264091,20.540002695838808,-3.902068938826898,0.0,421229.11151513143,9110.281534589218,91528.8876527742,567.3996665616672,485.5573183978427
0.84375,0.40625,0.01,0.54350638264091,20.538955881291734,-3.9019176469972554,0.0,421233.50233802415,9110.289696749987,91529.72837529253,567.4056138854652,485.5598631288304
0.84375,0.40625,0.03,0.54350638264091,20.540002695838808,-3.902068938826898,0.0,421229.11151513143,9110.281534589218,91528.8876527742,567.3996665616672,485.5573183978427
0.84375,0.46875,-0.01,0.5431325091863418,20.4235770088639,-4.549159283175072,0.0,421527.95429431467,9111.011634467539,91530.78111313775,567.8019482753425,485.729415979072
0.84375,0.46875,0.01,0.5431325091863418,20.422539163602476,-4.548977721458737,0.0,421532.3792461412,9111.019873210902,91531.6217546652,567.8079415014035,485.7319794420203
0.84375,0.46875,0.03,0.5431325091863418,20.4235770088639,-4.549159283175072,0.0,421527.95429431467,9111.011634467539,91530.78111313775,567.8019482753425,485.729415979072
0.84375,0.53125,-0.01,0.5428642993318007,20.336527918272793,-5.238666724321026,0.0,421746.37761734135,9111.539979237723,91532.6706523654,568.094162559207,485.85438809030194
0.84375,0.53125,0.01,0.5428642993318007,20.335501431066344,-5.238451925406168,0.0,421750.8367627812,9111.548296949302,91533.51118874711,568.100201838635,485.856970587013
0.84375,0.53125,0.03,0.5428642993318007,20.336527918272793,-5.238666724321026,0.0,421746.37761734135,9111.539979237723,91532.6706523654,568.094162559207,485.85438809030194
0.84375,0.59375,-0.01,0.542719011062111,20.283066350370156,-5.987771828353723,0.0,421871.09598746913,9111.833416175808,91534.57863666919,568.2580429803882,485.924461227474
0.84375,0.59375,0.01,0.542719011062111,20.282053806031676,-5.9875199958716925,0.0,421875.58974372764,9111.84181656778,91535.41904080611,568.2641289657435,485.92706332107673
0.84375,0.59375,0.03,0.542719011062111,20.283066350370156,-5.987771828353723,0.0,421871.09598746913,9111.833416175808,91534.57863666919,568.2580429803882,485.924461227474
0.84375,0.65625,-0.01,0.5427181791493797,20.27045687370311,-6.819349885058294,0.0,421885.6508392279,9111.850537533186,91536.50539931486,568.2708266332426,485.92992692634704
0.84375,0.65625,0.01,0.5427181791493797,20.26946111708474,-6.81905601613526,0.0,421890.18011672894,9111.859026101898,91537.3456468962,568.2769606836451,485.9325495408475
0.84375,0.65625,0.03,0.5427181791493797,20.27045687370311,-6.819349885058294,0.0,421885.6508392279,9111.850537533186,91536.50539931486,568.2708266332426,485.92992692634704
0.84375,0.7187499999999999,-0.01,0.5428872156530248,20.310437916049118,-7.764656000963014,0.0,421770.9008788926,9111.542564567395,91538.43263530995,568.1057937915295,485.85936178719084
0.84375,0.7187499999999999,0.01,0.5428872156530248,20.309461590558726,-7.764313036639838,0.0,421775.467392055,9111.55114952418,91539.27270897717,568.1119784346904,485.8620064166188
0.84375,0.7187499999999999,0.03,0.5428872156530248,20.310437916049118,-7.764656000963014,0.0,421770.9008788926,9111.542564567395,91538.43263530995,568.1057937915295,485.85936178719084
0.84375,0.7812500000000001,-0.01,0.5432585332714436,20.41363526194635,-8.86302655274311,0.0,421503.29558567656,9110.848618692953,91540.45866756905,567.7300009616378,485.6986411341705
0.84375,0.7812500000000001,0.01,0.5432585332714436,20.412678017272974,-8.86262288990184,0.0,421507.9003233473,9110.8573074643,91541.29859744008,567.7362379638604,485.7013090354434
0.84375,0.7812500000000001,0.03,0.5432585332714436,20.41363526194635,-8.86302655274311,0.0,421503.29558567656,9110.848618692953,91540.45866756905,567.7300009616378,485.6986411341705
0.84375,0.84375,-0.01,0.543942578681091,20.51049488599512,-10.117715933107174,0.0,421003.8386888362,9109.570365423588,91544.03318812518,567.0381595697444,485.4026123378614
0.84375,0.84375,0.01,0.543942578681091,20.509538051720483,-10.117224734914878,0.0,421008.4536331537,9109.579096676747,91544.87323921279,567.0444123173014,485.40528860539325
0.84375,0.84375,0.03,0.543942578681091,20.51049488599512,-10.117715933107174,0.0,421003.8386888362,9109.570365423588,91544.03318812518,567.0381595697444,485.4026123378614
0.84375,0.90625,-0.01,0.5459335223422545,19.800322733931047,-11.08059288202524,0.0,419535.89817915513,9105.900137742801,91559.38482648169,565.0653396491408,484.5574784594816
0.84375,0.90625,0.01,0.5459335223422545,19.79929240233085,-11.079944273909808,0.0,419540.24126458383,9105.908240155894,91560.22585118689,565.0712300434107,484.5600040321508
0.84375,0.90625,0.03,0.5459335223422545,19.800322733931047,-11.08059288202524,0.0,419535.89817915513,9105.900137742801,91559.38482648169,565.0653396491408,484.5574784594816
0.84375,0.96875,-0.01,0.5538646877013683,13.042929674994852,-8.263026489645478,0.0,413787.44503093854,9091.624758973385,91646.32316540736,557.504376307683,481.3047043644685
0.84375,0.96875,0.01,0.5538646877013683,13.042035782698562,-8.262363252338181,0.0,413790.4809107273,9091.62968249466,91647.17020711096,557.5084908878596,481.30648046096724
0.84375,0.96875,0.03,0.5538646877013683,13.042929674994852,-8.263026489645478,0.0,413787.44503093854,9091.624758973385,91646.32316540736,557.504376307683,481.3047043644685
0.84375,1.03125,-0.01,0.553942456314249,-0.0018354010642566414,0.0011627730878711073,0.0,414321.4822111953,9092.753778923949,91803.96306677003,558.3847469121763,481.6845752532953
0.84375,1.03125,0.01,0.5540202249271297,-13.042929674994852,8.263026489645478,0.0,414855.3691131751,9093.454303103486,91908.78006775885,558.9436270923683,481.92557094371
0.84375,1.03125,0.03,0.553942456314249,-0.0018354010642566414,0.0011627730878711073,0.0,414321.4822111953,9092.753778923949,91803.96306677003,558.3847469121763,481.6845752532953
0.90625,-0.03125,-0.01,0.5525951340705634,22.27754341859592,2.5113852072539e-17,0.0,414398.9819080144,9093.170524801331,91543.06437398757,558.1547674361598,481.5853703810708
0.90625,-0.03125,0.01,0.5525951340705634,22.27754341859592,0.3348380519211066,0.0,414398.9819080144,9093.17042436635,91543.05198298293,558.1546918859435,481.5853377880677
0.90625,-0.03125,0.03,0.5525951340705634,22.27754341859592,2.5113852072539e-17,0.0,414398.9819080144,9093.170524801331,91543.06437398757,558.1547674361598,481.5853703810708
0.90625,0.03125,-0.01,0.5525951340705634,22.27754341859592,-0.3348380519211066,0.0,414398.98190801445,9093.17042436635,91543.05198298291,558.1546918859435,481.5853377880677
0.90625,0.03125,0.01,0.5525951340705634,22.276414680480396,-0.33478768911160034,0.0,414402.6538492019,9093.176948786702,91543.89982513925,558.1596745044408,481.58748732715765
0.90625,0.03125,0.03,0.5525951340705634,22.27754341859592,-0.3348380519211066,0.0,414398.98190801445,9093.17042436635,91543.05198298291,558.1546918859435,481.5853377880677
0.90625,0.09375,-0.01,0.5517344098088599,22.011519428123563,-0.9954272872371305,0.0,415045.556650528,9094.800280229141,91544.38228798668,559.0334335835828,481.9642853185807
0.90625,0.09375,0.01,0.5517344098088599,22.01038741136215,-0.9953999240666166,0.0,415049.2777303282,9094.806946617351,91545.21964565778,559.0384821331867,481.9664615883368
0.90625,0.09375,0.03,0.5517344098088599,22.011519428123563,-0.9954272872371305,0.0,415045.556650528,9094.800280229141,91544.38228798668,559.0334335835828,481.9642853185807
0.90625,0.15625,-0.01,0.550870167141983,21.752474846320162,-1.6518246166747086,0.0,415698.1579818258,9096.440545530935,91545.855207268,559.9194186503688,482.34605506586377
0.90625,0.15625,0.01,0.550870167141983,21.75134107814473,-1.6517765250772733,0.0,415701.9405985019,9096.447349798418,91546.69277334638,559.924549860254,482.3482652170864
0.90625,0.15625,0.03,0.550870167141983,21.752474846320162,-1.6518246166747086,0.0,415698.1579818258,9096.440545530935,91545.855207268,559.9194186503688,482.34605506586377
0.90625,0.21875,-0.01,0.5500655258459611,21.520030547131373,-2.3110137711843906,0.0,416308.1335440267,9097.96959377385,91547.17750898514,560.7465057875021,482.7021732754296
0.90625,0.21875,0.01,0.5500655258459611,21.51889737611254,-2.3109430652399645,0.0,416311.97301705775,9097.976525011112,91548.01522869834,560.7517133638685,482.7044146648699
0.90625,0.21875,0.03,0.5500655258459611,21.520030547131373,-2.3110137711843906,0.0,416308.1335440267,9097.96959377385,91547.17750898514,560.7465057875021,482.7021732754296
0.90625,0.28125,-0.01,0.5493301210235954,21.3157415999437,-2.98090046768732,0.0,416867.7937951944,9099.36865768505,91548.3419410961,561.5042728994844,483.02821395358853
0.90625,0.28125,0.01,0.5493301210235954,21.31461132605405,-2.9808050514936992,0.0,416871.685956559,9099.375706513312,91549.17977241073,561.509551252279,483.0304842723148
0.90625,0.28125,0.03,0.5493301210235954,21.3157415999437,-2.98090046768732,0.0,416867.7937951944,9099.36865768505,91548.3419410961,561.5042728994844,483.02821395358853
0.90625,0.34375,-0.01,0.5486693184048518,21.140892629283663,-3.6707994274422857,0.0,417372.72990410257,9100.627101701193,91549.35413410563,562.1866898238582,483.3216458587485
0.90625,0.34375,0.01,0.5486693184048518,21.139767311871992,-3.670676891105671,0.0,417376.6714154383,9100.634260986077,91550.19204952753,562.1920345013729,483.3239433092576
0.90625,0.34375,0.03,0.5486693184048518,21.140892629283663,-3.6707994274422857,0.0,417372.72990410257,9100.627101701193,91549.35413410563,562.1866898238582,483.3216458587485
0.90625,0.40625,-0.01,0.5480896839145928,20.997211276280783,-4.391940110101002,0.0,417817.69649220933,9101.732072003784,91550.22624525234,562.7865370384818,483.5794266407845
0.90625,0.40625,0.01,0.5480896839145928,20.996092757301057,-4.391787543452704,0.0,417821.6846881598,9101.739336500761,91551.06422572391,562.7919445198243,483.5817498488517
0.90625,0.40625,0.03,0.5480896839145928,20.997211276280783,-4.391940110101002,0.0,417817.69649220933,9101.732072003784,91550.22624525234,562.7865370384818,483.5794266407845
0.90625,0.46875,-0.01,0.5476004085180627,20.88717996060159,-5.158161088208591,0.0,418195.5117309174,9102.665734033048,91550.9690539036,563.2938965965741,483.79735418231513
0.90625,0.46875,0.01,0.5476004085180627,20.88606995975076,-5.1579748608686575,0.0,418199.5444523166,9102.673100027187,91551.80708697326,563.2993640711617,483.79970210702805
0.90625,0.46875,0.03,0.5476004085180627,20.88717996060159,-5.158161088208591,0.0,418195.5117309174,9102.665734033048,91550.9690539036,563.2938965965741,483.79735418231513
0.90625,0.53125,-0.01,0.5472141156794161,20.814494244224207,-5.9869468391870235,0.0,418496.4549919751,9103.403710258852,91551.58812433462,563.6952987067734,483.96970000056666
0.90625,0.53125,0.01,0.5472141156794161,20.813394410116377,-5.986722289162867,0.0,418500.53044335253,9103.411175294377,91552.42620305052,563.7008238922278,483.97207186334475
0.90625,0.53125,0.03,0.5472141156794161,20.814494244224207,-5.9869468391870235,0.0,418496.4549919751,9103.403710258852,91551.58812433462,563.6952987067734,483.96970000056666
0.90625,0.59375,-0.01,0.5469473958054961,20.78490345988355,-6.901031848982502,0.0,418707.8770190267,9103.913998796505,91552.07386874389,563.973125057706,484.0889514582811
0.90625,0.59375,0.01,0.5469473958054961,20.783815457438628,-6.900762876063302,0.0,418711.99368322635,9103.921561587722,91552.91198674163,563.9787061005471,484.0913467093781
0.90625,0.59375,0.03,0.5469473958054961,20.78490345988355,-6.901031848982502,0.0,418707.8770190267,9103.913998796505,91552.07386874389,563.973125057706,484.0889514582811
0.90625,0.65625,-0.01,0.5468209052095027,20.80787684578293,-7.931088228202883,0.0,418814.1463287627,9104.156636056261,91552.37830824572,564.1054061713021,484.1457201838094
0.90625,0.65625,0.01,0.5468209052095027,20.806802274826808,-7.930766607595093,0.0,418818.3030143465,9104.16429671399,91553.21647206401,564.1110417444777,484.14813855437404
0.90625,0.65625,0.03,0.5468209052095027,20.80787684578293,-7.931088228202883,0.0,418814.1463287627,9104.156636056261,91552.37830824572,564.1054061713021,484.1457201838094
0.90625,0.71875,-0.01,0.54685909569288,20.898189345234304,-9.119409028799938,0.0,418797.06289519696,9104.084296236228,91552.41627560633,564.0661912745619,484.1288917203826
0.90625,0.71875,0.01,0.54685909569288,20.89712913974297,-9.119023067201242,0.0,418801.2588565448,9104.092056767913,91553.25451033121,564.0718808120662,484.1313333332493
0.90625,0.71875,0.03,0.54685909569288,20.898189345234304,-9.119409028799938,0.0,418797.06289519696,9104.084296236228,91552.41627560633,564.0661912745619,484.1288917203826
0.90625,0.78125,-0.01,0.5470930830756634,21.069890877817382,-10.519811120078394,0.0,418634.5282952412,9103.638318366948,91552.23160604876,563.8237532768712,484.02484023199213
0.90625,0.78125,0.01,0.5470930830756634,21.068842181819754,-10.5193421432864,0.0,418638.7619617465,9103.64617985023,91553.07000465953,563.8294954538294,484.0273049642708
0.90625,0.78125,0.03,0.5470930830756634,21.069890877817382,-10.519811120078394,0.0,418634.5282952412,9103.638318366948,91552.23160604876,563.8237532768712,484.02484023199213
0.90625,0.84375,-0.01,0.5476204459025562,21.251081848309145,-12.14125539953828,0.0,418259.86742758844,9102.648129723157,91553.55266922414,563.288892380577,483.79520518704743
0.90625,0.84375,0.01,0.5476204459025562,21.25002194205801,-12.140664180148411,0.0,418264.1130371819,9102.656035962527,91554.39157820777,563.2946542554517,483.7976795482026
0.90625,0.84375,0.03,0.5476204459025562,21.251081848309145,-12.14125539953828,0.0,418259.86742758844,9102.648129723157,91553.55266922414,563.288892380577,483.79520518704743
0.90625,0.90625,-0.01,0.5493067725773164,20.595927549136217,-13.4245119602174,0.0,417049.68944267894,9099.579412451632,91568.93270852328,561.6542918681795,483.0927357734392
0.90625,0.90625,0.01,0.5493067725773164,20.594776307891507,-13.423706001936054,0.0,417053.6898891691,9099.586746961531,91569.77286656067,561.6597298411991,483.0950744352658
0.90625,0.90625,0.03,0.5493067725773164,20.595927549136217,-13.4245119602174,0.0,417049.68944267894,9099.579412451632,91568.93270852328,561.6542918681795,483.0927357734392
0.90625,0.96875,-0.01,0.5566408666839026,13.633322865585127,-10.068032653812795,0.0,411820.1257448038,9086.55975152939,91662.16297562291,554.8200934742127,480.14460867576645
0.90625,0.96875,0.01,0.5566408666839026,13.632307124726571,-10.067188700328135,0.0,411822.8938598035,9086.564053717748,91663.00889835342,554.8238542006306,480.14623595051336
0.90625,0.96875,0.03,0.5566408666839026,13.633322865585127,-10.068032653812795,0.0,411820.1257448038,9086.55975152939,91662.16297562291,554.8200934742127,480.14460867576645
0.90625,1.03125,-0.01,0.5568445816721772,-0.004992431815137265,0.0036868463420329537,0.0,412222.97767472145,9087.435339143578,91817.46025314415,555.5565736596533,480.46318015750086
0.90625,1.03125,0.01,0.5570482966604517,-13.633322865585129,10.068032653812796,0.0,412625.534669268,9087.79261880627,91908.78006775885,555.9055502457279,480.6140595510132
0.90625,1.03125,0.03,0.5568445816721772,-0.004992431815137265,0.0036868463420329537,0.0,412222.97767472145,9087.435339143578,91817.46025314415,555.5565736596533,480.46318015750086
0.96875,-0.03125,-0.01,0.5568712191023061,22.922661826035515,0.0,0.0,411357.05465816363,9085.386563500733,91570.51969513737,554.0354857756982,479.80498647837976
0.96875,-0.03125,0.01,0.5568712191023061,22.922661826035515,0.35813649756865074,0.0,411357.05465816363,9085.386447748435,91570.50541010067,554.035399345947,479.804949053496
0.96875,-0.03125,0.03,0.5568712191023061,22.922661826035515,0.0,0.0,411357.05465816363,9085.386563500733,91570.51969513737,554.0354857756982,479.80498647837976
0.96875,0.03125,-0.01,0.5568712191023061,22.922661826035515,-0.35813649756865074,0.0,411357.05465816363,9085.386447748435,91570.50541010067,554.035399345947,479.804949053496
0.96875,0.03125,0.01,0.5568712191023061,22.92145503462946,-0.3580847334437738,0.0,411360.27915301954,9085.391926522812,91571.35051663466,554.039782331845,479.80684692335126
0.96875,0.03125,0.03,0.5568712191023061,22.922661826035515,-0.35813649756865074,0.0,411357.05465816363,9085.386447748435,91570.50541010067,554.035399345947,479.804949053496
0.96875,0.09374999999999999,-0.01,0.5559773834540345,22.629783018218692,-1.0671290264259563,0.0,412013.88478705834,9087.058850555954,91570.9930857906,554.9289243465672,480.1916978087872
0.96875,0.09374999999999999,0.01,0.5559773834540345,22.628575088226388,-1.067103970767506,0.0,412017.1719905482,9087.064509276459,91571.82715719589,554.9333914148842,480.1936305290947
0.96875,0.09374999999999999,0.03,0.5559773834540345,22.629783018218692,-1.0671290264259563,0.0,412013.88478705834,9087.058850555954,91570.9930857906,554.9289243465672,480.1916978087872
0.96875,0.15625,-0.01,0.5550553636220406,22.34751337364253,-1.7788276676158403,0.0,412694.9115321246,9088.787230865806,91571.5370646579,555.8539403520167,480.5917490917525
0.96875,0.15625,0.01,0.5550553636220406,22.346305543506254,-1.778782860057081,0.0,412698.2769199468,9088.79307095044,91572.37142068514,555.8585123989126,480.59372558533903
0.96875,0.15625,0.03,0.5550553636220406,22.34751337364253,-1.7788276676158403,0.0,412694.9115321246,9088.787230865806,91571.5370646579,555.8539403520167,480.5917490917525
0.96875,0.21875,-0.01,0.5541805079637578,22.096992891524398,-2.5014548127749894,0.0,413343.32680848043,9090.428183401918,91571.84712445634,556.7332339932158,480.9717178679647
0.96875,0.21875,0.01,0.5541805079637578,22.09578702303987,-2.5013878152980897,0.0,413346.7648302699,9090.434191220045,91572.68172141862,556.7379035817854,480.97373493393945
0.96875,0.21875,0.03,0.5541805079637578,22.096992891524398,-2.5014548127749894,0.0,413343.32680848043,9090.428183401918,91571.84712445634,556.7332339932158,480.9717178679647
0.96875,0.28125,-0.01,0.5533659027079825,21.880025802195554,-3.2440452312480565,0.0,413949.00837055553,9091.956589519985,91571.9057392736,557.5530710124958,481.32572346292926
0.96875,0.28125,0.01,0.5533659027079825,21.878823702922695,-3.243953267780528,0.0,413952.51360929245,9091.962752087717,91572.74054705344,557.5578309023973,481.327778023006
0.96875,0.28125,0.03,0.5533659027079825,21.880025802195554,-3.2440452312480565,0.0,413949.00837055553,9091.956589519985,91571.9057392736,557.5530710124958,481.32572346292926
0.96875,0.34375,-0.01,0.5526184225677074,21.69831998316956,-4.017291829838869,0.0,414506.45575926575,9093.35893439415,91571.70082988036,558.3059001312622,481.6505658903995
0.96875,0.34375,0.01,0.5526184225677074,21.69712316590984,-4.017171627011224,0.0,414510.0234908918,9093.365240693376,91572.5358341774,558.3107440432789,481.65265530760155
0.96875,0.34375,0.03,0.5526184225677074,21.69831998316956,-4.017291829838869,0.0,414506.45575926575,9093.35893439415,91571.70082988036,558.3059001312622,481.6505658903995
0.96875,0.40625,-0.01,0.5519453832712562,21.554226602223917,-4.834161660408853,0.0,415009.87417768384,9094.6208413367,91571.2200532093,558.9836890512051,481.9428415015175
0.96875,0.40625,0.01,0.5519453832712562,21.553036286664184,-4.83400919514361,0.0,415013.5002939236,9094.627282148576,91572.05525010634,558.9886115699286,481.94496353788855
0.96875,0.40625,0.03,0.5519453832712562,21.554226602223917,-4.834161660408853,0.0,415009.87417768384,9094.6208413367,91571.2200532093,558.9836890512051,481.9428415015175
0.96875,0.46875,-0.01,0.5513561857635562,21.4511319189129,-5.710727011994628,0.0,415451.91845320293,9095.723887837554,91570.43863922321,559.5761950423164,482.19819635081933
0.96875,0.46875,0.01,0.5513561857635562,21.44994908188396,-5.710537195110634,0.0,415455.5993157839,9095.730455423021,91571.27403516432,559.5811914291747,482.2003490901377
0.96875,0.46875,0.03,0.5513561857635562,21.4511319189129,-5.710727011994628,0.0,415451.91845320293,9095.723887837554,91570.43863922321,559.5761950423164,482.19819635081933
0.96875,0.53125,-0.01,0.5508632059307672,21.393981712672154,-6.66737435447907,0.0,415823.0243466797,9096.64385761218,91569.31048606294,560.0700083282036,482.41091391109217
0.96875,0.53125,0.01,0.5508632059307672,21.392807080531007,-6.667140581075371,0.0,415826.75663184107,9096.650545401155,91570.14609893886,560.0750743297637,482.41309568201336
0.96875,0.53125,0.03,0.5508632059307672,21.393981712672154,-6.66737435447907,0.0,415823.0243466797,9096.64385761218,91569.31048606294,560.0700083282036,482.41091391109217
0.96875,0.59375,-0.01,0.5504823882076935,21.390255135853142,-7.730661278249397,0.0,416110.9512543645,9097.34947471684,91567.74907685489,560.4478412197795,482.5736078399261
0.96875,0.59375,0.01,0.5504823882076935,21.389089224135425,-7.730374848747728,0.0,416114.73182584683,9097.35627711674,91568.58493267605,560.4529729235534,482.5758171616093
0.96875,0.59375,0.03,0.5504823882076935,21.390255135853142,-7.730661278249397,0.0,416110.9512543645,9097.34947471684,91567.74907685489,560.4478412197795,482.5736078399261
0.96875,0.65625,-0.01,0.5502333851312328,21.451865206074814,-8.93640238283062,0.0,416300.66140288196,9097.801873465472,91565.5911086744,560.6881947421807,482.67707494687477
0.96875,0.65625,0.01,0.5502333851312328,21.45070804781298,-8.936051497272143,0.0,416304.48730137834,9097.808785941123,91566.42726419562,560.693388619031,482.67931055617015
0.96875,0.65625,0.03,0.5502333851312328,21.451865206074814,-8.93640238283062,0.0,416300.66140288196,9097.801873465472,91565.5911086744,560.6881947421807,482.67707494687477
0.96875,0.71875,-0.01,0.5501393408227566,21.596900379677315,-10.3337522861238,0.0,416374.6492986799,9097.954948116005,91562.58184729426,560.7655566408617,482.7103728898012
0.96875,0.71875,0.01,0.5501393408227566,21.595750769515732,-10.333320257882585,0.0,416378.5177260678,9097.961967387904,91563.4184016077,560.7708096315932,482.7126337875565
0.96875,0.71875,0.03,0.5501393408227566,21.596900379677315,-10.3337522861238,0.0,416374.6492986799,9097.954948116005,91562.58184729426,560.7655566408617,482.7103728898012
0.96875,0.78125,-0.01,0.5502297295423064,21.84296548414266,-11.9843772651338,0.0,416311.7315805436,9097.751566270545,91558.55632212052,560.6487349875422,482.66008987901984
0.96875,0.78125,0.01,0.5502297295423064,21.84181747605235,-11.983838167822915,0.0,416315.63869020296,9097.758687677147,91559.39348424376,560.6540431351185,482.6623747543457
0.96875,0.78125,0.03,0.5502297295423064,21.84296548414266,-11.9843772651338,0.0,416311.7315805436,9097.751566270545,91558.55632212052,560.6487349875422,482.66008987901984
0.96875,0.84375,-0.01,0.5505935605811654,22.114222551239006,-13.893362486039576,0.0,416052.87814576813,9097.038791991074,91555.33937040267,560.2585525143678,482.4921074388369
0.96875,0.84375,0.01,0.5505935605811654,22.113048769285413,-13.89266567600332,0.0,416056.79946380755,9097.045962288772,91556.17764806985,560.2638853383806,482.4944037352184
0.96875,0.84375,0.03,0.5505935605811654,22.114222551239006,-13.893362486039576,0.0,416052.87814576813,9097.038791991074,91555.33937040267,560.2585525143678,482.4921074388369
0.96875,0.90625,-0.01,0.5519984182782487,21.507445976766483,-15.390086238174423,0.0,415061.65877995716,9094.49574951827,91568.12258248757,558.9109788228113,481.9114959413757
0.96875,0.90625,0.01,0.5519984182782487,21.50616243939022,-15.389124515106426,0.0,415065.36250559933,9094.502410637464,91568.96249985011,558.916027516838,481.9136725117856
0.96875,0.90625,0.03,0.5519984182782487,21.507445976766483,-15.390086238174423,0.0,415061.65877995716,9094.49574951827,91568.12258248757,558.9109788228113,481.9114959413757
0.96875,0.9687500000000001,-0.01,0.5587217715002476,14.31924227543954,-11.549831890992712,0.0,410325.84776393656,9082.707947343584,91665.1059778435,552.7717359917924,479.25745872058116
0.96875,0.9687500000000001,0.01,0.5587217715002476,14.318096746500258,-11.5488192644514,0.0,410328.40022654715,9082.711744221095,91665.95186523073,552.7752138357473,479.2589663772914
0.96875,0.9687500000000001,0.03,0.5587217715002476,14.31924227543954,-11.549831890992712,0.0,410325.84776393656,9082.707947343584,91665.1059778435,552.7717359917924,479.25745872058116
0.96875,1.03125,-0.01,0.5590546169483486,-0.008530604154507909,0.006880744247353006,0.0,410626.3359294098,9083.380323496887,91824.78412478566,553.4047653225765,479.5318009129707
0.96875,1.03125,0.01,0.5593874623964495,-14.31924227543959,11.549831890992754,0.0,410926.46627994365,9083.440076754609,91908.78006775884,553.581194908244,479.60823398715075
0.96875,1.03125,0.03,0.5590546169483486,-0.008530604154507909,0.006880744247353006,0.0,410626.3359294098,9083.380323496887,91824.78412478566,553.4047653225765,479.5318009129707
1.03125,-0.03125,-0.01,0.5603448458699056,23.680425996323347,0.0,0.0,408954.0558140494,9079.159156750471,91599.07443645115,550.7731462619482,478.39027763403044
1.03125,-0.03125,0.01,0.5603448458699056,23.680425996323347,0.3780694355782237,0.0,408954.0558140494,9079.159026990594,91599.0584177402,550.7730499435532,478.39023580393575
1.03125,-0.03125,0.03,0.5603448458699056,23.680425996323347,0.0,0.0,408954.0558140494,9079.159156750471,91599.07443645115,550.7731462619482,478.39027763403044
1.03125,0.03125,-0.01,0.5603448458699057,23.680425996323347,-0.3780694355782237,0.0,408954.0558140494,9079.159026990594,91599.0584177402,550.7730499435532,478.39023580393575
1.03125,0.03125,0.01,0.5603448458699057,23.679142041062235,-0.3780154785325641,0.0,408956.8892982285,9079.163577339195,91599.90075719528,550.7769096583248,478.39191203575666
1.03125,0.03125,0.03,0.5603448458699057,23.680425996323347,-0.3780694355782237,0.0,408954.0558140494,9079.159026990594,91599.0584177402,550.7730499435532,478.39023580393575
1.03125,0.09375000000000001,-0.01,0.5594645392308577,23.360046663340476,-1.1292719047495186,0.0,409588.3555574053,9080.78897784599,91598.6885551391,551.6372938542197,478.765420996865
1.03125,0.09375000000000001,0.01,0.5594645392308577,23.358763390048757,-1.129248526931572,0.0,409591.25977466843,9080.793733272169,91599.51915129331,551.6412483288334,478.7671370359466
1.03125,0.09375000000000001,0.03,0.5594645392308577,23.360046663340476,-1.1292719047495186,0.0,409588.3555574053,9080.78897784599,91598.6885551391,551.6372938542197,478.765420996865
1.03125,0.15625,-0.01,0.5585303018509532,23.054225274150536,-1.8898977632576872,0.0,410265.13648522703,9082.521563335145,91598.27840201778,552.5574150632797,479.16454074471534
1.03125,0.15625,0.01,0.5585303018509532,23.052943536514757,-1.8898551795660188,0.0,410268.13081648614,9082.526532594184,91599.1093455443,552.5614904815866,479.16630779397343
1.03125,0.15625,0.03,0.5585303018509532,23.054225274150536,-1.8898977632576872,0.0,410265.13648522703,9082.521563335145,91598.27840201778,552.5574150632797,479.16454074471534
1.03125,0.21875,-0.01,0.5576262096431901,22.785310305204796,-2.66887398817589,0.0,410922.15754661086,9084.198357309002,91597.55314771926,553.4488017784045,479.5508795893952
1.03125,0.21875,0.01,0.5576262096431901,22.784031425325924,-2.6688091383956376,0.0,410925.23658253066,9084.203526656256,91598.38440445396,553.4529909264512,479.5526944870178
1.03125,0.21875,0.03,0.5576262096431901,22.785310305204796,-2.66887398817589,0.0,410922.15754661086,9084.198357309002,91597.55314771926,553.4488017784045,479.5508795893952
1.03125,0.28125,-0.01,0.5567687665700599,22.555309658712986,-3.4757305535502803,0.0,411546.9409367719,9085.788003503345,91596.47571590329,554.2945142701228,479.91713510721974
1.03125,0.28125,0.01,0.5567687665700599,22.554034880425856,-3.475639860216675,0.0,411550.0987969935,9085.793358338418,91597.30726704314,554.2988093208634,479.9189944657381
1.03125,0.28125,0.03,0.5567687665700599,22.555309658712986,-3.4757305535502803,0.0,411546.9409367719,9085.788003503345,91596.47571590329,554.2945142701228,479.91713510721974
1.03125,0.34375,-0.01,0.5559665509279617,22.366345529619476,-4.3216660945313485,0.0,412132.753062953,9087.273718694432,91595.00170006035,555.0852937437486,480.2593479115242
1.03125,0.34375,0.01,0.5559665509279617,22.365075738527747,-4.321545260504095,0.0,412135.9842901854,9087.279245744563,91595.83354368116,555.0896874758367,480.2612486344903
1.03125,0.34375,0.03,0.5559665509279617,22.366345529619476,-4.3216660945313485,0.0,412132.753062953,9087.273718694432,91595.00170006035,555.0852937437486,480.2593479115242
1.03125,0.40625000000000006,-0.01,0.5552278584857102,22.221368547848034,-5.220137681377802,0.0,412673.0379996297,9088.639085008359,91593.0748591182,555.8120195024982,480.57362635050833
1.03125,0.40625000000000006,0.01,0.5552278584857102,22.220104242023947,-5.219981389303479,0.0,412676.3375879728,9088.644772422307,91593.90700723558,555.8165053488641,480.5755656528534
1.03125,0.40625000000000006,0.03,0.5552278584857102,22.221368547848034,-5.220137681377802,0.0,412673.0379996297,9088.639085008359,91593.0748591182,555.8120195024982,480.57362635050833
1.03125,0.46875,-0.01,0.5545625245527285,22.124613447734266,-6.187628047063512,0.0,413160.0287489108,9089.864514426494,91590.60948059883,556.4637953077904,480.8553173526243
1.03125,0.46875,0.01,0.5545625245527285,22.123354739026727,-6.187429569240657,0.0,413163.3920405999,9089.870351556581,91591.44196148842,556.4683672315475,480.85729270964856
1.03125,0.46875,0.03,0.5545625245527285,22.124613447734266,-6.187628047063512,0.0,413160.0287489108,9089.864514426494,91590.60948059883,556.4637953077904,480.8553173526243
1.03125,0.53125,-0.01,0.5539828618916739,22.082158976836443,-7.2447136684889095,0.0,413584.02238984883,9090.925362358053,91587.47415086316,557.0269118318603,481.098557890558
1.03125,0.53125,0.01,0.5539828618916739,22.080905520542384,-7.244464327030166,0.0,413587.4449276695,9090.931339461837,91588.30701383982,557.0315641531981,481.1005669680061
1.03125,0.53125,0.03,0.5539828618916739,22.082158976836443,-7.2447136684889095,0.0,413584.02238984883,9090.925362358053,91587.47415086316,557.0269118318603,481.098557890558
1.03125,0.59375,-0.01,0.5535042815616755,22.10299875532666,-8.417686482282345,0.0,413932.85212392797,9091.790507482207,91583.45958802797,557.4840325122397,481.2959226811358
1.03125,0.59375,0.01,0.5535042815616755,22.10174975283555,-8.417374993279262,0.0,413936.329504103,9091.796615477875,91584.29290329751,557.488759746827,481.29796327223494
1.03125,0.59375,0.03,0.5535042815616755,22.10299875532666,-8.417686482282345,0.0,413932.85212392797,9091.790507482207,91583.45958802797,557.4840325122397,481.2959226811358
1.03125,0.65625,-0.01,0.5531454630055311,22.20110040204644,-9.741235520744379,0.0,414191.666846812,9092.421613120554,91578.22453138597,557.8137150708163,481.4382150247585
1.03125,0.65625,0.01,0.5531454630055311,22.199854113389915,-9.740846828834131,0.0,414195.1946793314,9092.427843576648,91579.05842726404,557.8185119535472,481.44028506860315
1.03125,0.65625,0.03,0.5531454630055311,22.20110040204644,-9.741235520744379,0.0,414191.666846812,9092.421613120554,91578.22453138597,557.8137150708163,481.4382150247585
1.03125,0.71875,-0.01,0.5529281592355638,22.39715630116314,-11.26165600410339,0.0,414343.11851674115,9092.773214521869,91571.25588752066,557.9904174711244,481.51446319669526
1.03125,0.71875,0.01,0.5529281592355638,22.39590917141613,-11.26116940773423,0.0,414346.69234251184,9092.7795596927,91572.09057207397,557.9952789764012,481.5165607954458
1.03125,0.71875,0.03,0.5529281592355638,22.39715630116314,-11.26165600410339,0.0,414343.11851674115,9092.773214521869,91571.25588752066,557.9904174711244,481.51446319669526
1.03125,0.78125,-0.01,0.552880101551407,22.71083811738304,-13.03353957113866,0.0,414366.0604131879,9092.788846621737,91562.05428438965,557.9827934667312,481.5111736411692
1.03125,0.78125,0.01,0.552880101551407,22.709580921537086,-13.032924276602355,0.0,414369.67451592616,9092.79529682642,91562.89014132349,557.9877135114695,481.5132965124492
1.03125,0.78125,0.03,0.552880101551407,22.71083811738304,-13.03353957113866,0.0,414366.0604131879,9092.788846621737,91562.05428438965,557.9827934667312,481.5111736411692
1.03125,0.84375,-0.01,0.5530848264984662,23.05793144120424,-15.03882670546152,0.0,414205.1244380043,9092.325767665963,91552.37311582909,557.7172603537629,481.39658912605057
1.03125,0.84375,0.01,0.5530848264984662,23.056632335061913,-15.038026732430144,0.0,414208.75499004225,9092.332270611696,91553.2108896443,557.7222098635073,481.3987252190065
1.03125,0.84375,0.03,0.5530848264984662,23.05793144120424,-15.03882670546152,0.0,414205.1244380043,9092.325767665963,91552.37311582909,557.7172603537629,481.39658912605057
1.03125,0.90625,-0.01,0.5542595155704328,22.46151434783543,-16.508277009169664,0.0,413371.1352615607,9090.182075246985,91559.75055143038,556.5803421068138,480.9056703265446
1.03125,0.90625,0.01,0.5542595155704328,22.460089390929323,-16.507187577038724,0.0,413374.57293686346,9090.188124778453,91560.59062372198,556.585042463999,480.9077009620878
1.03125,0.90625,0.03,0.5542595155704328,22.46151434783543,-16.508277009169664,0.0,413371.1352615607,9090.182075246985,91559.75055143038,556.5803421068138,480.9056703265446
1.03125,0.9687499999999999,-0.01,0.560382444612873,14.993032873696066,-12.265789352191026,0.0,409084.6759980303,9079.545061273617,91655.18331984809,551.0741990383264,478.5210039114327
1.03125,0.9687499999999999,0.01,0.560382444612873,14.991755762991865,-12.264662742091502,0.0,409087.04130433575,9079.548411529782,91656.03024390047,551.0774312099978,478.5224072249682
1.03125,0.9687499999999999,0.03,0.560382444612873,14.993032873696066,-12.265789352191026,0.0,409084.6759980303,9079.545061273617,91655.18331984809,551.0741990383264,478.5210039114327
1.03125,1.03125,-0.01,0.560836257681449,-0.012137744872704324,0.009929880303299849,0.0,409318.87150710885,9080.069734960007,91824.07124982675,551.6426838061254,478.76775995791655
1.03125,1.03125,0.01,0.5612900707500248,-14.99303287369601,12.265789352190984,0.0,409552.68813274615,9079.913293732414,91908.78006775884,551.7049431551941,478.79477647510555
1.03125,1.03125,0.03,0.560836257681449,-0.012137744872704324,0.009929880303299849,0.0,409318.87150710885,9080.069734960007,91824.07124982675,551.6426838061254,478.76775995791655
1.09375,-0.03125,-0.01,0.5631350526598871,24.560249765712005,-4.9287745473533044e-17,0.0,407079.5629343951,9074.235223900387,91628.10202886914,548.2182749327734,477.279433455985
1.09375,-0.03125,0.01,0.5631350526598871,24.560249765712012,0.39474530096438804,0.0,407079.56293439516,9074.235081781932,91628.08447894598,548.2181699301774,477.279387748295
1.09375,-0.03125,0.03,0.5631350526598871,24.560249765712005,-4.9287745473533044e-17,0.0,407079.5629343951,9074.235223900387,91628.10202886914,548.2182749327734,477.279433455985
1.09375,0.03125,-0.01,0.5631350526598871,24.56024976571201,-0.39474530096438804,0.0,407079.56293439516,9074.235081781932,91628.084478946,548.2181699301774,477.27938774829494
1.09375,0.03125,0.01,0.5631350526598871,24.558887831695692,-0.39468791708098105,0.0,407082.06030443456,9074.238826456769,91628.92370240187,548.2215807673767,477.28087248543744
1.09375,0.03125,0.03,0.5631350526598871,24.56024976571201,-0.39474530096438804,0.0,407079.56293439516,9074.235081781932,91628.084478946,548.2181699301774,477.27938774829494
1.09375,0.09375,-0.01,0.5623097404132286,24.212952960159758,-1.1817136243542699,0.0,407663.7209710491,9075.749380555355,91626.98149549103,549.0160231832594,477.6265674699304
1.09375,0.09375,0.01,0.5623097404132286,24.211592884636516,-1.1816892444252367,0.0,407666.2911551526,9075.753340827856,91627.80816889535,549.0195314628189,477.628093513594
1.09375,0.09375,0.03,0.5623097404132286,24.212952960159758,-1.1817136243542699,0.0,407663.7209710491,9075.749380555355,91626.98149549103,549.0160231832594,477.6265674699304
1.09375,0.15625,-0.01,0.5614056483841402,23.884375974170727,-1.9830618273676976,0.0,408307.33810869063,9077.410348608877,91625.7036262728,549.8923721479072,478.00761340683516
1.09375,0.15625,0.01,0.5614056483841402,23.88301810455346,-1.983016990665934,0.0,408310.0049094148,9077.414541843089,91626.53069575863,549.896010046268,478.0091945710096
1.09375,0.15625,0.03,0.5614056483841402,23.884375974170727,-1.9830618273676976,0.0,408307.33810869063,9077.410348608877,91625.7036262728,549.8923721479072,478.00761340683516
1.09375,0.21875,-0.01,0.5605126476593939,23.597622099823067,-2.8074858209724254,0.0,408944.92067183665,9079.050105851618,91624.01081076078,550.7581614543611,478.38376984123965
1.09375,0.21875,0.01,0.5605126476593939,23.59626716854379,-2.8074167958574754,0.0,408947.67965382943,9079.054520455898,91624.83824959716,550.761923109369,478.3854035089334
1.09375,0.21875,0.03,0.5605126476593939,23.597622099823067,-2.8074858209724254,0.0,408944.92067183665,9079.050105851618,91624.01081076078,550.7581614543611,478.38376984123965
1.09375,0.28125,-0.01,0.5596497918342077,23.354762071307754,-3.663876182646716,0.0,409562.2706418744,9080.63267109978,91621.83798778492,551.5941188569134,478.74668486311697
1.09375,0.28125,0.01,0.5596497918342077,23.35341068169291,-3.663778512413718,0.0,409565.11622123315,9080.637292883523,91622.66578681867,551.5979968861255,478.74836779473503
1.09375,0.28125,0.03,0.5596497918342077,23.354762071307754,-3.663876182646716,0.0,409562.2706418744,9080.63267109978,91621.83798778492,551.5941188569134,478.74668486311697
1.09375,0.34375,-0.01,0.5588271251865562,23.158180201687472,-4.562421542297071,0.0,410151.56732732983,9082.13839327305,91619.09522372925,552.3894997668975,479.09172915334415
1.09375,0.34375,0.01,0.5588271251865562,23.156832535395047,-4.5622898382620924,0.0,410154.4939796524,9082.143208457936,91619.92339323077,552.3934869121724,479.09345819134904
1.09375,0.34375,0.03,0.5588271251865562,23.158180201687472,-4.562421542297071,0.0,410151.56732732983,9082.13839327305,91619.09522372925,552.3894997668975,479.09172915334415
1.09375,0.40625,-0.01,0.5580538866258574,23.011188365657592,-5.514999241596849,0.0,410705.45933842036,9083.548804003618,91615.6656592268,553.1340894004082,479.4145146192986
1.09375,0.40625,0.01,0.5580538866258574,23.009844115478593,-5.514826885628289,0.0,410708.46173182526,9083.553799583162,91616.49422938381,553.1381787209253,479.4162867718606
1.09375,0.40625,0.03,0.5580538866258574,23.011188365657592,-5.514999241596849,0.0,410705.45933842036,9083.548804003618,91615.6656592268,553.1340894004082,479.4145146192986
1.09375,0.46875,-0.01,0.5573404175578363,22.91850896599646,-6.535640981249181,0.0,411215.60519153695,9084.842905839894,91611.38323924148,553.8161979291195,479.7100234136324
1.09375,0.46875,0.01,0.5573404175578363,22.917167298128923,-6.5354197395634195,0.0,411218.67813513504,9084.848069488778,91612.21226550678,553.8203827507594,479.7118358354269
1.09375,0.46875,0.03,0.5573404175578363,22.91850896599646,-6.535640981249181,0.0,411215.60519153695,9084.842905839894,91611.38323924148,553.8161979291195,479.7100234136324
1.09375,0.53125,-0.01,0.5566991153522187,22.88680458873442,-7.641122481672653,0.0,411671.9106211422,9085.995219582435,91606.010741195,554.4215826585049,479.97214088555387
1.09375,0.53125,0.01,0.5566991153522187,22.885464023183598,-7.640842001457942,0.0,411675.0489431763,9086.000539409893,91606.84031430297,554.4258564395584,479.97399082425846
1.09375,0.53125,0.03,0.5566991153522187,22.88680458873442,-7.641122481672653,0.0,411671.9106211422,9085.995219582435,91606.010741195,554.4215826585049,479.97214088555387
1.09375,0.59375,-0.01,0.5561450664428427,22.925758363082643,-8.851866717655225,0.0,412061.93513851694,9086.974261186175,91599.19740524534,554.9325635688168,480.1932723540749
1.09375,0.59375,0.01,0.5561450664428427,22.924416785605413,-8.851513999697238,0.0,412065.1335439431,9086.979725487736,91600.02765476075,554.9369197458484,480.19515709010955
1.09375,0.59375,0.03,0.5561450664428427,22.925758363082643,-8.851866717655225,0.0,412061.93513851694,9086.974261186175,91599.19740524534,554.9325635688168,480.1932723540749
1.09375,0.65625,-0.01,0.5556962638704813,23.05012177100939,-10.193488034493155,0.0,412370.56424619054,9087.741630579596,91590.41522523192,555.3274347576908,480.3640865952779
1.09375,0.65625,0.01,0.5556962638704813,23.048775739473204,-10.193046428755258,0.0,412373.81727844547,9087.747227783966,91591.2463735531,555.3318667778325,480.3660034635309
1.09375,0.65625,0.03,0.5556962638704813,23.05012177100939,-10.193488034493155,0.0,412370.56424619054,9087.741630579596,91590.41522523192,555.3274347576908,480.3640865952779
1.09375,0.71875,-0.01,0.5553734724853591,23.28118554205751,-11.698122295214699,0.0,412580.02443591657,9088.251863752868,91578.90579391962,555.5803161767893,480.473446693758
1.09375,0.71875,0.01,0.5553734724853591,23.27982942871944,-11.697570102862388,0.0,412583.32638884324,9088.2575824005,91579.73818494876,555.584817502119,480.4753930936323
1.09375,0.71875,0.03,0.5553734724853591,23.28118554205751,-11.698122295214699,0.0,412580.02443591657,9088.251863752868,91578.90579391962,555.5803161767893,480.473446693758
1.09375,0.78125,-0.01,0.5552033450753034,23.637221916914907,-13.397735027347272,0.0,412668.38606541796,9088.448386793749,91563.89283550272,555.6594033470507,480.5076433094134
1.09375,0.78125,0.01,0.5552033450753034,23.635843841722057,-13.397041969999467,0.0,412671.7298557686,9088.454212920293,91564.72705730746,555.663966215553,480.5096161804534
1.09375,0.78125,0.03,0.5552033450753034,23.637221916914907,-13.397735027347272,0.0,412668.38606541796,9088.448386793749,91563.89283550272,555.6594033470507,480.5076433094134
1.09375,0.84375,-0.01,0.5552723624921404,24.018197001389215,-15.235960604758777,0.0,412577.12217965705,9088.18350710649,91547.14539817967,555.4887035556378,480.43383113748206
1.09375,0.84375,0.01,0.5552723624921404,24.016762340308812,-15.235075815456682,0.0,412580.4828147535,9088.189384045261,91547.98242346462,555.493297318796,480.4358176717324
1.09375,0.84375,0.03,0.5552723624921404,24.018197001389215,-15.235960604758777,0.0,412577.12217965705,9088.18350710649,91547.14539817967,555.4887035556378,480.43383113748206
1.09375,0.90625,-0.01,0.5562979534497571,23.35746833029013,-16.39012404570874,0.0,411821.9992106631,9086.270633603628,91547.58503224775,554.4675141026224,479.9920222877894
1.09375,0.90625,0.01,0.5562979534497571,23.355898149503712,-16.388964598798253,0.0,411825.17686927563,9086.276073647645,91548.42522537852,554.4718716978169,479.99390842788506
1.09375,0.90625,0.03,0.5562979534497571,23.35746833029013,-16.39012404570874,0.0,411821.9992106631,9086.270633603628,91547.58503224775,554.4675141026224,479.9920222877894
1.09375,0.96875,-0.01,0.5618190697011924,15.533787539500908,-11.919387582471195,0.0,407955.46449978417,9076.72592945524,91635.43829725885,549.546872401553,477.8574226903808
1.09375,0.96875,0.01,0.5618190697011924,15.53238749942847,-11.918238233573142,0.0,407957.65494193224,9076.728850876552,91636.2870811235,549.5498722505658,477.85872694506173
1.09375,0.96875,0.03,0.5618190697011924,15.533787539500908,-11.919387582471195,0.0,407955.46449978417,9076.72592945524,91635.43829725885,549.546872401553,477.8574226903808
1.09375,1.03125,-0.01,0.5623932331683544,-0.015865198903079004,0.012173686186830289,0.0,408146.5446693228,9077.118826124279,91815.22996979543,550.0627283953788,478.08165087445866
1.09375,1.03125,0.01,0.5629673966355164,-15.53378753950091,11.919387582471195,0.0,408337.23492341477,9076.814040244126,91908.78006775882,550.0613877972816,478.0810682902288
1.09375,1.03125,0.03,0.5623932331683544,-0.015865198903079004,0.012173686186830289,0.0,408146.5446693228,9077.118826124279,91815.22996979543,550.0627283953788,478.08165087445866
1.15625,-0.03125,-0.01,0.5653453787045705,25.559478645438904,-4.909507649998454e-17,0.0,405631.3069694269,9070.380434601764,91654.52046914886,546.2327001281853,476.4143276154314
1.15625,-0.03125,0.01,0.5653453787045705,25.559478645438908,0.4032240492495389,0.0,405631.3069694269,9070.380285773572,91654.50208535478,546.2325905664374,476.4142798365369
1.15625,-0.03125,0.03,0.5653453787045705,25.559478645438904,-4.909507649998454e-17,0.0,405631.3069694269,9070.380434601764,91654.52046914886,546.2327001281853,476.4143276154314
1.15625,0.03125,-0.01,0.5653453787045705,25.559478645438904,-0.4032240492495389,0.0,405631.3069694269,9070.380285773572,91654.50208535479,546.2325905664374,476.4142798365368
1.15625,0.03125,0.01,0.5653453787045705,25.558034190496976,-0.4031618020325957,0.0,405633.5183949008,9070.38334325289,91655.3374479091,546.2356207133963,476.4156012546508
1.15625,0.03125,0.03,0.5653453787045705,25.559478645438904,-0.4032240492495389,0.0,405631.3069694269,9070.380285773572,91654.50208535479,546.2325905664374,476.4142798365368
1.15625,0.09375,-0.01,0.5646031450592374,25.187223827343324,-1.2088310591575382,0.0,406148.1176847471,9071.731729905508,91652.90210280265,546.9409554264391,476.7230913211505
1.15625,0.09375,0.01,0.5646031450592374,25.185781558511138,-1.2088013355147031,0.0,406150.4002032842,9071.735003608474,91653.72410995202,546.9440806018777,476.7244532973866
1.15625,0.09375,0.03,0.5646031450592374,25.187223827343324,-1.2088310591575382,0.0,406148.1176847471,9071.731729905508,91652.90210280265,546.9409554264391,476.7230913211505
1.15625,0.15625,-0.01,0.5637637286199229,24.837716629357686,-2.030268325400556,0.0,406736.00642062176,9073.260876233397,91650.90183565316,547.7432470919204,477.0726087626859
1.15625,0.15625,0.01,0.5637637286199229,24.83627627520065,-2.0302140856618154,0.0,406738.38547334337,9073.264385241611,91651.72429263055,547.7465017238779,477.07402611786125
1.15625,0.15625,0.03,0.5637637286199229,24.837716629357686,-2.030268325400556,0.0,406736.00642062176,9073.260876233397,91650.90183565316,547.7432470919204,477.0726087626859
1.15625,0.21875,-0.01,0.5629157251006243,24.534062737870098,-2.8747094653449303,0.0,407331.2420418306,9074.80338909899,91648.31028488658,548.5527627322945,477.42501397656474
1.15625,0.21875,0.01,0.5629157251006243,24.53262428099685,-2.8746263720362135,0.0,407333.71599803556,9074.807128791595,91649.13318449253,548.5561447878569,477.42648573602435
1.15625,0.21875,0.03,0.5629157251006243,24.534062737870098,-2.8747094653449303,0.0,407331.2420418306,9074.80338909899,91648.31028488658,548.5527627322945,477.42501397656474
1.15625,0.28125,-0.01,0.56208069705976,24.27814751099328,-3.748905177046877,0.0,407917.9213611939,9076.318760465294,91645.03574341364,549.347951472908,477.7709292077352
1.15625,0.28125,0.01,0.56208069705976,24.276710956472396,-3.748788079411352,0.0,407920.4855289257,9076.32271872849,91645.8590808864,549.3514548186811,477.7724526448322
1.15625,0.28125,0.03,0.56208069705976,24.27814751099328,-3.748905177046877,0.0,407917.9213611939,9076.318760465294,91645.03574341364,549.347951472908,477.7709292077352
1.15625,0.34375,-0.01,0.5612695659633965,24.072293553178753,-4.660159989238255,0.0,408487.5369081669,9077.785572040535,91640.9417294228,550.1171707603085,478.1053093140918
1.15625,0.34375,0.01,0.5612695659633965,24.070858341564495,-4.660002765482196,0.0,408490.1862570116,9077.789736089624,91641.76553667226,550.12078885913,478.1068815513386
1.15625,0.34375,0.03,0.5612695659633965,24.072293553178753,-4.660159989238255,0.0,408487.5369081669,9077.785572040535,91640.9417294228,550.1171707603085,478.1053093140918
1.15625,0.40624999999999994,-0.01,0.560492247636011,23.919690715843245,-5.616451182656966,0.0,409032.11177460046,9079.183842850998,91635.85320950637,550.8494120090107,478.4233979206955
1.15625,0.40624999999999994,0.01,0.560492247636011,23.918255730697933,-5.616246502944252,0.0,409034.841160701,9079.18819985924,91636.67754644438,550.853138234111,478.4250160673435
1.15625,0.40624999999999994,0.03,0.560492247636011,23.919690715843245,-5.616451182656966,0.0,409032.11177460046,9079.183842850998,91635.85320950637,550.8494120090107,478.4233979206955
1.15625,0.46875,-0.01,0.5597595483563222,23.82487237257838,-6.6265081975846805,0.0,409542.74519769225,9080.491344006845,91629.53325422217,551.5323148523732,478.7198632472421
1.15625,0.46875,0.01,0.5597595483563222,23.82343588915054,-6.626247265514436,0.0,409545.54936105944,9080.495881127703,91630.35821810063,551.5361425011661,478.72152440859037
1.15625,0.46875,0.03,0.5597595483563222,23.82487237257838,-6.6265081975846805,0.0,409542.74519769225,9080.491344006845,91629.53325422217,551.5323148523732,478.7198632472421
1.15625,0.53125,-0.01,0.5590841068811779,23.79413996711869,-7.69985437606673,0.0,410008.8506984566,9081.681681948932,91621.66223435318,552.1511135732651,478.98834089355773
1.15625,0.53125,0.01,0.5590841068811779,23.792699516731545,-7.699526620855701,0.0,410011.7241757766,9081.686386133968,91622.48797485628,552.1550357756565,478.99004213605605
1.15625,0.53125,0.03,0.5590841068811779,23.79413996711869,-7.69985437606673,0.0,410008.8506984566,9081.681681948932,91621.66223435318,552.1511135732651,478.98834089355773
1.15625,0.59375,-0.01,0.5584800976550354,23.836590003163174,-8.846940948575153,0.0,410418.2556490197,9082.72456460673,91611.80313214126,552.6887196165179,479.2214694429451
1.15625,0.59375,0.01,0.5584800976550354,23.835142502703295,-8.846533825736396,0.0,410421.1939735993,9082.729425695801,91612.6298614271,552.6927309759732,479.22320851053985
1.15625,0.59375,0.03,0.5584800976550354,23.836590003163174,-8.846940948575153,0.0,410418.2556490197,9082.72456460673,91611.80313214126,552.6887196165179,479.2214694429451
1.15625,0.65625,-0.01,0.5579655681741623,23.96589014408535,-10.079439861887018,0.0,410755.2377348012,9083.58088724004,91599.32900670501,553.1229895358993,479.4097043364442
1.15625,0.65625,0.01,0.5579655681741623,23.96443093801671,-10.078938208749147,0.0,410758.23360363353,9083.585888326856,91600.15704196706,553.1270810388598,479.4114774525815
1.15625,0.65625,0.03,0.5579655681741623,23.96589014408535,-10.079439861887018,0.0,410755.2377348012,9083.58088724004,91599.32900670501,553.1229895358993,479.4097043364442
1.15625,0.71875,-0.01,0.5575638131369539,24.20122438457055,-11.409944318795192,0.0,410999.43194940046,9084.199919336152,91583.3928735627,553.4251872019746,479.540648731851
1.15625,0.71875,0.01,0.5575638131369539,24.199746729574226,-11.409329995711166,0.0,411002.4782322432,9084.205044452448,91584.22269163819,553.4293503448515,479.54245240154984
1.15625,0.71875,0.03,0.5575638131369539,24.20122438457055,-11.409944318795192,0.0,410999.43194940046,9084.199919336152,91583.3928735627,553.4251872019746,479.540648731851
1.15625,0.78125,-0.01,0.5573042537055289,24.555197405834424,-12.843154600296218,0.0,411126.10309883906,9084.519962137027,91563.20564269932,553.5608503085924,479.5994208922967
1.15625,0.78125,0.01,0.5573042537055289,24.553688452294196,-12.842404444032745,0.0,411129.1912573603,9084.525192389376,91564.03798033713,553.5650751659056,479.6012510752418
1.15625,0.78125,0.03,0.5573042537055289,24.555197405834424,-12.843154600296218,0.0,411126.10309883906,9084.519962137027,91563.20564269932,553.5608503085924,479.5994208922967
1.15625,0.84375,-0.01,0.5572866231129626,24.903670089883605,-14.289412937146333,0.0,411066.8667180789,9084.371312374542,91540.81017682717,553.4429604650428,479.54834889970647
1.15625,0.84375,0.01,0.5572866231129626,24.90209555043795,-14.288491038370816,0.0,411069.9676772171,9084.376578707795,91541.64613596389,553.447210253017,479.5501900785085
1.15625,0.84375,0.03,0.5572866231129626,24.903670089883605,-14.289412937146333,0.0,411066.8667180789,9084.371312374542,91540.81017682717,553.4429604650428,479.54834889970647
1.15625,0.90625,-0.01,0.5582264096979451,24.087999796560585,-14.959849020677089,0.0,410339.80730714556,9082.57491074196,91535.06558428756,552.4768098365029,479.1295900101179
1.15625,0.90625,0.01,0.5582264096979451,24.08629169263071,-14.958705778722791,0.0,410342.7250989354,9082.57972888234,91535.90545276026,552.4808206683246,479.1313291824093
1.15625,0.90625,0.03,0.5582264096979451,24.087999796560585,-14.959849020677089,0.0,410339.80730714556,9082.57491074196,91535.06558428756,552.4768098365029,479.1295900101179
1.15625,0.96875,-0.01,0.5631069386420977,15.840206293807912,-10.567906911600673,0.0,406905.8699193922,9074.15303597336,91611.38465912292,548.146325503276,477.24811280205313
1.15625,0.96875,0.01,0.5631069386420977,15.838703320108182,-10.56683546910228,0.0,406907.8928852974,9074.155536405098,91612.23535783855,548.1490992155668,477.2493202782507
1.15625,0.96875,0.03,0.5631069386420977,15.840206293807912,-10.567906911600673,0.0,406905.8699193922,9074.15303597336,91611.38465912292,548.146325503276,477.24811280205313
1.15625,1.03125,-0.01,0.5638061739060047,-0.01965190946198296,0.013110911939993024,0.0,407060.6234292086,9074.397399412472,91800.9685562626,548.5992225743419,477.4452313764276
1.15625,1.03125,0.01,0.5645054091699117,-15.840206293807913,10.567906911600673,0.0,407214.99342967395,9073.980324057471,91908.78006775885,548.5629340076988,477.42944016773725
1.15625,1.03125,0.03,0.5638061739060047,-0.01965190946198296,0.013110911939993024,0.0,407060.6234292086,9074.397399412472,91800.9685562626,548.5992225743419,477.4452313764276
1.21875,-0.03125,-0.01,0.5670587392556581,26.642414512268363,0.0,0.0,404515.6481000969,9067.385285865415,91672.77698523023,544.6910228767857,475.74154099233544
1.21875,-0.03125,0.01,0.5670587392556581,26.642414512268363,0.39384710031326975,0.0,404515.6481000969,9067.385143476844,91672.7593933778,544.6909183514903,475.74149534533063
1.21875,-0.03125,0.03,0.5670587392556581,26.642414512268363,0.0,0.0,404515.6481000969,9067.385285865415,91672.77698523023,544.6910228767857,475.74154099233544
1.21875,0.03125,-0.01,0.5670587392556581,26.642414512268363,-0.39384710031326975,0.0,404515.64810009685,9067.385143476844,91672.75939337778,544.6909183514903,475.74149534533063
1.21875,0.03125,0.01,0.5670587392556581,26.640878012958733,-0.3937791572987559,0.0,404517.6178717929,9067.387622000026,91673.5901294602,544.6936282346762,475.74267877085896
1.21875,0.03125,0.03,0.5670587392556581,26.642414512268363,-0.39384710031326975,0.0,404515.64810009685,9067.385143476844,91672.75939337778,544.6909183514903,475.74149534533063
1.21875,0.09375,-0.01,0.5664074540573762,26.24835095038004,-1.1810561478806723,0.0,404962.44429368887,9068.563927673833,91670.94630023562,545.3062788181528,476.01015217589514
1.21875,0.09375,0.01,0.5664074540573762,26.246816195066597,-1.1810176169719617,0.0,404964.48011168285,9068.566613804218,91671.76296673498,545.3090768600919,476.01137341129294
1.21875,0.09375,0.03,0.5664074540573762,26.24835095038004,-1.1810561478806723,0.0,404962.44429368887,9068.563927673833,91670.94630023562,545.3062788181528,476.01015217589514
1.21875,0.15625,-0.01,0.5656524864383038,25.880005924875906,-1.9813409549209713,0.0,405482.8547867229,9069.928730380023,91668.41180743459,546.0188740935272,476.32107087902637
1.21875,0.15625,0.01,0.5656524864383038,25.878471826738366,-1.9812718336139636,0.0,405484.9852227296,9069.931649144646,91669.22899230981,546.0217989914373,476.32234664869765
1.21875,0.15625,0.03,0.5656524864383038,25.880005924875906,-1.9813409549209713,0.0,405482.8547867229,9069.928730380023,91668.41180743459,546.0188740935272,476.32107087902637
1.21875,0.21875,-0.01,0.5648739208916524,25.559740440026832,-2.799252326990559,0.0,406019.874154965,9071.331820397008,91665.01736416837,546.7510863645405,476.6403375777105
1.21875,0.21875,0.01,0.5648739208916524,25.558206432415364,-2.7991481633018016,0.0,406022.0983748095,9071.334969155629,91665.83508260058,546.7541371988791,476.6416673863903
1.21875,0.21875,0.03,0.5648739208916524,25.559740440026832,-2.799252326990559,0.0,406019.874154965,9071.331820397008,91665.01736416837,546.7510863645405,476.6403375777105
1.21875,0.28125,-0.01,0.564091757459622,25.288810948290745,-3.6382851664635942,0.0,406558.8168095201,9072.735726354917,91660.66039263803,547.4830677499388,476.95928999386786
1.21875,0.28125,0.01,0.564091757459622,25.287276386265816,-3.638140789456452,0.0,406561.1313307227,9072.739095877598,91661.47868069018,547.4862400579555,476.9606718261807
1.21875,0.28125,0.03,0.564091757459622,25.288810948290745,-3.6382851664635942,0.0,406558.8168095201,9072.735726354917,91660.66039263803,547.4830677499388,476.95928999386786
1.21875,0.34375,-0.01,0.5633173337562029,25.069049137235574,-4.501693335024937,0.0,407090.8822641304,9074.118302010866,91655.18369924664,548.2028585314911,477.27272264084525
1.21875,0.34375,0.01,0.5633173337562029,25.06751281869168,-4.501502789875465,0.0,407093.2828827187,9074.121881363619,91656.00263053166,548.2061469266541,477.27415409904955
1.21875,0.34375,0.03,0.5633173337562029,25.069049137235574,-4.501693335024937,0.0,407090.8822641304,9074.118302010866,91655.18369924664,548.2028585314911,477.27272264084525
1.21875,0.40625,-0.01,0.5625613240812434,24.902958839548116,-5.392410280756033,0.0,407607.5120630421,9075.458181426182,91648.38948217282,548.8987794329405,477.57556557049213
1.21875,0.40625,0.01,0.5625613240812434,24.901419029525616,-5.392166756601509,0.0,407609.9940788324,9075.46195858977,91649.2091644619,548.9021779148582,477.5770440119394
1.21875,0.40625,0.03,0.5625613240812434,24.902958839548116,-5.392410280756033,0.0,407607.5120630421,9075.458181426182,91648.38948217282,548.8987794329405,477.57556557049213
1.21875,0.46874999999999994,-0.01,0.5618355066495014,24.794150528316766,-6.312888692364566,0.0,408099.0475636931,9076.731380851732,91640.02166201994,549.5576096114036,477.8620909276341
1.21875,0.46874999999999994,0.01,0.5618355066495014,24.792604918057034,-6.3125844612668045,0.0,408101.6058174494,9076.735342831933,91640.84224978417,549.5611116264791,477.8636134955607
1.21875,0.46874999999999994,0.03,0.5618355066495014,24.794150528316766,-6.312888692364566,0.0,408099.0475636931,9076.731380851732,91640.02166201994,549.5576096114036,477.8620909276341
1.21875,0.53125,-0.01,0.5611537183988986,24.747622718266765,-7.264840287893135,0.0,408553.9814581966,9077.909426114817,91629.75344972187,550.1635715510638,478.1254722882876
1.21875,0.53125,0.01,0.5611537183988986,24.746068304703766,-7.264466661807527,0.0,408556.6100318353,9077.91355820415,91630.57515967693,550.1671696032674,478.1270357483978
1.21875,0.53125,0.03,0.5611537183988986,24.747622718266765,-7.264840287893135,0.0,408553.9814581966,9077.909426114817,91629.75344972187,550.1635715510638,478.1254722882876
1.21875,0.59375,-0.01,0.5605344042606897,24.77044614378244,-8.248905268731793,0.0,408957.05083105754,9078.954515359015,91617.1745113992,550.6957427370756,478.35666089447284
1.21875,0.59375,0.01,0.5605344042606897,24.76887942471907,-8.248452707596876,0.0,408959.74288498145,9078.958800736706,91617.99764655909,550.699428173812,478.3582615517185
1.21875,0.59375,0.03,0.5605344042606897,24.77044614378244,-8.248905268731793,0.0,408957.05083105754,9078.954515359015,91617.1745113992,550.6957427370756,478.35666089447284
1.21875,0.65625,-0.01,0.559993977671831,24.873690201137897,-9.26464731992478,0.0,409293.9162137586,9079.831439097474,91601.74532171722,551.1342980278519,478.54709644561945
1.21875,0.65625,0.01,0.559993977671831,24.87210656550349,-9.264105479126236,0.0,409296.66639532254,9079.835865004336,91602.5702759376,551.1380643229857,478.54873157024144
1.21875,0.65625,0.03,0.559993977671831,24.873690201137897,-9.26464731992478,0.0,409293.9162137586,9079.831439097474,91601.74532171722,551.1342980278519,478.54709644561945
1.21875,0.71875,-0.01,0.5595544690543051,25.072600279240127,-10.309748455686679,0.0,409545.598357745,9080.49340940683,91582.7917160844,551.4530124781049,478.6854455118749
1.21875,0.71875,0.01,0.5595544690543051,25.07099338519898,-10.309106344897614,0.0,409548.3990179871,9080.497957481426,91583.61903704294,551.4568501705006,478.68711115179025
1.21875,0.71875,0.03,0.5595544690543051,25.072600279240127,-10.309748455686679,0.0,409545.598357745,9080.49340940683,91582.7917160844,551.4530124781049,478.6854455118749
1.21875,0.78125,-0.01,0.5592487432321496,25.371845485217108,-11.371651386735277,0.0,409685.66305343626,9080.874994808803,91559.8282614243,551.6160923910277,478.7562205447777
1.21875,0.78125,0.01,0.5592487432321496,25.370203549123584,-11.370896469249786,0.0,409688.5039059631,9080.879640370465,91560.65872074783,551.619988744803,478.7579113949351
1.21875,0.78125,0.03,0.5592487432321496,25.371845485217108,-11.371651386735277,0.0,409685.66305343626,9080.874994808803,91559.8282614243,551.6160923910277,478.7562205447777
1.21875,0.84375,-0.01,0.5591921235562884,25.621937054989125,-12.353174679989277,0.0,409634.7633653783,9080.780099967491,91535.14087754666,551.5232089943613,478.7159113726397
1.21875,0.84375,0.01,0.5591921235562884,25.6202294002696,-12.352288463108177,0.0,409637.60979566857,9080.784758162841,91535.97545376651,551.5271188723307,478.71760823457373
1.21875,0.84375,0.03,0.5591921235562884,25.621937054989125,-12.353174679989277,0.0,409634.7633653783,9080.780099967491,91535.14087754666,551.5232089943613,478.7159113726397
1.21875,0.90625,-0.01,0.5600752148669138,24.579830839507807,-12.57758081093815,0.0,408926.2862220124,9079.068630683509,91526.16513323368,550.5998711730931,478.3150201173319
1.21875,0.90625,0.01,0.5600752148669138,24.57800329902586,-12.57654271630068,0.0,408928.9471073806,9079.072823728497,91527.00396075481,550.6035354055923,478.3166117037247
1.21875,0.90625,0.03,0.5600752148669138,24.579830839507807,-12.57758081093815,0.0,408926.2862220124,9079.068630683509,91526.16513323368,550.5998711730931,478.3150201173319
1.21875,0.96875,-0.01,0.5642943058590743,15.866470533617155,-8.61371010070352,0.0,405939.369998846,9071.79617258829,91590.50303506025,546.8684630113199,476.69149745979695
1.21875,0.96875,0.01,0.5642943058590743,15.864893337279149,-8.612793651913536,0.0,405941.24213992973,9071.798289787952,91591.35469356661,546.8710304749094,476.69261645523136
1.21875,0.96875,0.03,0.5642943058590743,15.866470533617155,-8.61371010070352,0.0,405939.369998846,9071.79617258829,91590.50303506025,546.8684630113199,476.69149745979695
1.21875,1.03125,-0.01,0.5651082223468438,-0.022859335715419805,0.0124100498929547,0.0,406058.77565772703,9071.8844257764,91786.4796971415,547.2490233415737,476.85733105289535
1.21875,1.03125,0.01,0.5659221388346133,-15.866470533617155,8.61371010070352,0.0,406177.8377484318,9071.376885779295,91908.78006775885,547.1898481185783,476.83154854752604
1.21875,1.03125,0.03,0.5651082223468438,-0.022859335715419805,0.0124100498929547,0.0,406058.77565772703,9071.8844257764,91786.4796971415,547.2490233415737,476.85733105289535
1.28125,-0.03125,-0.01,0.5683524940617581,27.7309324754897,4.883536398846109e-17,0.0,403651.82151454897,9065.066981716354,91678.7807638298,543.4869531085832,475.21542352461427
1.28125,-0.03125,0.01,0.5683524940617581,27.730932475489702,0.3600516811745094,0.0,403651.821514549,9065.066862452015,91678.76602796966,543.4868657519708,475.2153853330707
1.28125,-0.03125,0.03,0.5683524940617581,27.7309324754897,4.883536398846109e-17,0.0,403651.82151454897,9065.066981716354,91678.7807638298,543.4869531085832,475.21542352461427
1.28125,0.03125,-0.01,0.5683524940617583,27.730932475489702,-0.3600516811745094,0.0,403651.8215145491,9065.066862452015,91678.76602796966,543.4868657519708,475.21538533307074
1.28125,0.03125,0.01,0.5683524940617583,27.72929219482154,-0.35997891110689656,0.0,403653.5884003906,9065.068857269067,91679.5919541235,543.4893083358078,475.216453208109
1.28125,0.03125,0.03,0.5683524940617583,27.730932475489702,-0.3600516811745094,0.0,403651.8215145491,9065.066862452015,91678.76602796966,543.4868657519708,475.21538533307074
1.28125,0.09375,-0.01,0.56779328887991,27.319318018570662,-1.0790165153273579,0.0,404030.1618744858,9066.07462502011,91676.97316769265,544.0113304146437,475.44462139548153
1.28125,0.09375,0.01,0.56779328887991,27.317678379600878,-1.0789703908745676,0.0,404031.98762103985,9066.076812464506,91677.7844443767,544.0138514238031,475.44572302589773
1.28125,0.09375,0.03,0.56779328887991,27.319318018570662,-1.0790165153273579,0.0,404030.1618744858,9066.07462502011,91676.97316769265,544.0113304146437,475.44462139548153
1.28125,0.15625,-0.01,0.5671307274941795,26.93418002905074,-1.8057115276880387,0.0,404479.7489239501,9067.264331581064,91674.13545088052,544.6299105120899,475.71485200273446
1.28125,0.15625,0.01,0.5671307274941795,26.93253923396032,-1.805630047047557,0.0,404481.6638406943,9067.266739457651,91674.9473272905,544.6325510188226,475.71600519568517
1.28125,0.15625,0.03,0.5671307274941795,26.93418002905074,-1.8057115276880387,0.0,404479.7489239501,9067.264331581064,91674.13545088052,544.6299105120899,475.71485200273446
1.28125,0.21875,-0.01,0.5664344368014005,26.59654988764752,-2.541809987701708,0.0,404951.5264879116,9068.50825666155,91670.17906604915,545.2757518274146,475.99682813998595
1.28125,0.21875,0.01,0.5664344368014005,26.59490695094569,-2.541689178393049,0.0,404953.5307183622,9068.510884747559,91670.99160930082,545.2785122487298,475.99803298920494
1.28125,0.21875,0.03,0.5664344368014005,26.59654988764752,-2.541809987701708,0.0,404951.5264879116,9068.50825666155,91670.17906604915,545.2757518274146,475.99682813998595
1.28125,0.28125,-0.01,0.565723855600508,26.306787460966415,-3.287579435202663,0.0,405431.34540247376,9069.770255087878,91665.01878042458,545.9298083287655,476.28222091189656
1.28125,0.28125,0.01,0.565723855600508,26.305141374136497,-3.2874148809029258,0.0,405433.4356070657,9069.773094349064,91665.83207774673,545.9326844035165,476.2834754884419
1.28125,0.28125,0.03,0.565723855600508,26.306787460966415,-3.287579435202663,0.0,405431.34540247376,9069.770255087878,91665.01878042458,545.9298083287655,476.28222091189656
1.28125,0.34375,-0.01,0.5650118452618524,26.065901278056362,-4.04259194949236,0.0,405909.4237972627,9071.025657656772,91658.51580815784,546.578890724675,476.5652743055425
1.28125,0.34375,0.01,0.5650118452618524,26.06425050777588,-4.0423788458347545,0.0,405911.59688929806,9071.028699809045,91659.32998464347,546.5818785696297,476.5665768633513
1.28125,0.34375,0.03,0.5650118452618524,26.065901278056362,-4.04259194949236,0.0,405909.4237972627,9071.025657656772,91658.51580815784,546.578890724675,476.5652743055425
1.28125,0.40625,-0.01,0.5643067809365689,25.87532343974755,-4.805629462753972,0.0,406379.00167116284,9072.257706377068,91650.50289270385,547.2138658387336,476.84201317974345
1.28125,0.40625,0.01,0.5643067809365689,25.873666060806023,-4.805362692841082,0.0,406381.25395066064,9072.26094164044,91651.31811008682,547.216960778494,476.84336164266756
1.28125,0.40625,0.03,0.5643067809365689,25.87532343974755,-4.805629462753972,0.0,406379.00167116284,9072.257706377068,91650.50289270385,547.2138658387336,476.84201317974345
1.28125,0.46874999999999994,-0.01,0.5636204123713765,25.737333452834324,-5.574515267059128,0.0,406830.693585889,9073.443072982289,91640.77899274555,547.8220361307633,477.1069193095555
1.28125,0.46874999999999994,0.01,0.5636204123713765,25.735667131009873,-5.574189484973373,0.0,406833.0204595647,9073.446489399495,91641.59545816189,547.8252323234748,477.10831111504467
1.28125,0.46874999999999994,0.03,0.5636204123713765,25.737333452834324,-5.574515267059128,0.0,406830.693585889,9073.443072982289,91640.77899274555,547.8220361307633,477.1069193095555
1.28125,0.53125,-0.01,0.5629669360163091,25.655214045998257,-6.345864124216247,0.0,407253.1131520977,9074.553499487083,91629.10477170376,548.3879826852872,477.35330161777506
1.28125,0.53125,0.01,0.5629669360163091,25.65353601496286,-6.345473902037743,0.0,407255.5091827889,9074.557083078467,91629.92274666042,548.391273191688,477.35473375322283
1.28125,0.53125,0.03,0.5629669360163091,25.655214045998257,-6.345864124216247,0.0,407253.1131520977,9074.553499487083,91629.10477170376,548.3879826852872,477.35330161777506
1.28125,0.59375,-0.01,0.5623641940434446,25.63386714173134,-7.114862936256966,0.0,407631.97230397083,9075.553507666127,91615.19499540089,548.8923370543799,477.5727629302533
1.28125,0.59375,0.01,0.5623641940434446,25.63217435778213,-7.11440299920456,0.0,407634.4305246533,9075.557240670836,91616.01481653965,548.895712909005,477.574231536784
1.28125,0.59375,0.03,0.5623641940434446,25.63386714173134,-7.114862936256966,0.0,407631.97230397083,9075.553507666127,91615.19499540089,548.8923370543799,477.5727629302533
1.28125,0.65625,-0.01,0.5618313689920676,25.681488409014126,-7.875250183619114,0.0,407951.76359810523,9076.40460242384,91598.71411861603,549.3139951373674,477.7561629738322
1.28125,0.65625,0.01,0.5618313689920676,25.67977731246904,-7.874715719969902,0.0,407954.278013421,9076.40846975867,91599.53619193802,549.3174487306964,477.75766482242744
1.28125,0.65625,0.03,0.5618313689920676,25.681488409014126,-7.875250183619114,0.0,407951.76359810523,9076.40460242384,91598.71411861603,549.3139951373674,477.7561629738322
1.28125,0.71875,-0.01,0.5613903394232753,25.809441385780694,-8.618795976391091,0.0,408194.83489445335,9077.062869493106,91579.28475238389,549.6288806470201,477.8930764161056
1.28125,0.71875,0.01,0.5613903394232753,25.80770718605785,-8.618182919769088,0.0,408197.3977266729,9077.06685168462,91580.10959529568,549.6324020392896,477.89460730935804
1.28125,0.71875,0.03,0.5613903394232753,25.809441385780694,-8.618795976391091,0.0,408194.83489445335,9077.062869493106,91579.28475238389,549.6288806470201,477.8930764161056
1.28125,0.78125,-0.01,0.5610769720849558,26.01525350608167,-9.328754968471495,0.0,408334.04346270463,9077.460519940822,91556.78604165617,549.8007195695159,477.96777610580114
1.28125,0.78125,0.01,0.5610769720849558,26.013487053250074,-9.328059719619718,0.0,408336.64248398476,9077.464586607202,91557.61429156229,549.8042929657458,477.96932936447575
1.28125,0.78125,0.03,0.5610769720849558,26.01525350608167,-9.328754968471495,0.0,408334.04346270463,9077.460519940822,91556.78604165617,549.8007195695159,477.96777610580114
1.28125,0.84375,-0.01,0.561017730900316,26.127294536548217,-9.921235701031014,0.0,408282.1052832633,9077.381712833101,91533.52417483267,549.7190998173122,477.93229683302377
1.28125,0.84375,0.01,0.561017730900316,26.125469802518605,-9.920452286939817,0.0,408284.7007809484,9077.385765044715,91534.35657570892,549.7226725174642,477.93384990441587
1.28125,0.84375,0.03,0.561017730900316,26.127294536548217,-9.921235701031014,0.0,408282.1052832633,9077.381712833101,91533.52417483267,549.7190998173122,477.93229683302377
1.28125,0.9062500000000001,-0.01,0.5618524858720709,24.827869873779193,-9.863919146710028,0.0,407602.9042627137,9075.765352636787,91524.59842080342,548.8491162412568,477.5539600721231
1.28125,0.9062500000000001,0.01,0.5618524858720709,24.82594582709172,-9.863043881111425,0.0,407605.3130592054,9075.768928069127,91525.43496060157,548.8524386102428,477.55540546760443
1.28125,0.9062500000000001,0.03,0.5618524858720709,24.827869873779193,-9.863919146710028,0.0,407602.9042627137,9075.765352636787,91524.59842080342,548.8491162412568,477.5539600721231
1.28125,0.96875,-0.01,0.5654354704515887,15.63818273183213,-6.56635930445691,0.0,405049.2816765068,9069.602335942329,91578.70767483857,545.6946721828463,476.1796406666462
1.28125,0.96875,0.01,0.5654354704515887,15.636556797111611,-6.565627240009363,0.0,405051.01051910175,9069.604091233174,91579.55856807124,545.6970429034226,476.1806750249638
1.28125,0.96875,0.03,0.5654354704515887,15.63818273183213,-6.56635930445691,0.0,405049.2816765068,9069.602335942329,91578.70767483857,545.6946721828463,476.1796406666462
1.28125,1.03125,-0.01,0.5663348308884486,-0.024841111434299422,0.010430602199552958,0.0,405134.62380621687,9069.550350539399,91776.32713204058,546.0035356378404,476.3143805599779
1.28125,1.03125,0.01,0.5672341913253086,-15.638182731832131,6.56635930445691,0.0,405219.69523553393,9068.97162861413,91908.78006775885,545.9243400521551,476.2798355782779
1.28125,1.03125,0.03,0.5663348308884486,-0.024841111434299422,0.010430602199552958,0.0,405134.62380621687,9069.550350539399,91776.32713204058,546.0035356378404,476.3143805599779
1.34375,-0.03125,-0.01,0.5693158665275806,28.726235593791472,0.0,0.0,402978.95224030415,9063.273550900074,91674.51879528385,542.542255976562,474.80223062174116
1.34375,-0.03125,0.01,0.5693158665275806,28.726235593791472,0.30578568945593854,0.0,402978.95224030415,9063.273464727163,91674.50814857241,542.5421929678774,474.80220305092564
1.34375,-0.03125,0.03,0.5693158665275806,28.726235593791472,0.0,0.0,402978.95224030415,9063.273550900074,91674.51879528385,542.542255976562,474.80223062174116
1.34375,0.03125,-0.01,0.5693158665275806,28.726235593791472,-0.30578568945593854,0.0,402978.95224030415,9063.273464727163,91674.50814857241,542.5421929678774,474.80220305092564
1.34375,0.03125,0.01,0.5693158665275806,28.724483133100033,-0.3057104458751376,0.0,402980.55011496437,9063.275057946363,91675.32975044537,542.5444143125256,474.80317504745125
1.34375,0.03125,0.03,0.5693158665275806,28.726235593791472,-0.30578568945593854,0.0,402978.95224030415,9063.273464727163,91674.50814857241,542.5421929678774,474.80220305092564
1.34375,0.09375,-0.01,0.5688455737368525,28.301868895531353,-0.9154828461792981,0.0,403292.7288173248,9064.1183777556,91672.86937305686,542.9808785329029,474.99412064571055
1.34375,0.09375,0.01,0.5688455737368525,28.30011547781606,-0.9154347628650852,0.0,403294.376950247,9064.12014419826,91673.67586564721,542.9831666736058,474.99512146570163
1.34375,0.09375,0.03,0.5688455737368525,28.301868895531353,-0.9154828461792981,0.0,403292.7288173248,9064.1183777556,91672.86937305686,542.9808785329029,474.99412064571055
1.34375,0.15625,-0.01,0.5682782929576152,27.902317222544955,-1.5278335125119304,0.0,403671.70873012254,9065.131369871886,91669.9941343813,543.5057573306034,475.2236444938449
1.34375,0.15625,0.01,0.5682782929576152,27.900560645431632,-1.5277494130465183,0.0,403673.4376476334,9065.133336580873,91670.80129226291,543.5081536338733,475.2246921172626
1.34375,0.15625,0.03,0.5682782929576152,27.902317222544955,-1.5278335125119304,0.0,403671.70873012254,9065.131369871886,91669.9941343813,543.5057573306034,475.2236444938449
1.34375,0.21875,-0.01,0.5676761769064472,27.5468940038816,-2.1423166783711816,0.0,404072.5680332008,9066.199170793856,91665.88727713535,544.0577595528234,475.46490958785716
1.34375,0.21875,0.01,0.5676761769064472,27.545133195172628,-2.142193441841004,0.0,404074.37834471866,9066.201338695753,91666.69521699497,544.0602650498349,475.4660043930664
1.34375,0.21875,0.03,0.5676761769064472,27.5468940038816,-2.1423166783711816,0.0,404072.5680332008,9066.199170793856,91665.88727713535,544.0577595528234,475.46490958785716
1.34375,0.28125,-0.01,0.5670523701668923,27.234910172697628,-2.75700371427528,0.0,404485.78166896093,9067.297483933498,91660.49618746762,544.6241387711093,475.7123312908457
1.34375,0.28125,0.01,0.5670523701668923,27.233144117607583,-2.756838087430302,0.0,404487.6717774322,9067.299848314638,91661.3050432356,544.626751522974,475.71347236842706
1.34375,0.28125,0.03,0.5670523701668923,27.234910172697628,-2.75700371427528,0.0,404485.78166896093,9067.297483933498,91660.49618746762,544.6241387711093,475.7123312908457
1.34375,0.34375,-0.01,0.5664187135454628,26.966624615333597,-3.3692973830582242,0.0,404902.53953428584,9068.404001949377,91653.73117802088,545.1930782079323,475.9607419283234
1.34375,0.34375,0.01,0.5664187135454628,26.964851941938974,-3.3690861150734994,0.0,404904.50681872224,9068.406555515972,91654.54111356534,545.1957949164034,475.96192778799434
1.34375,0.34375,0.03,0.5664187135454628,26.966624615333597,-3.3692973830582242,0.0,404902.53953428584,9068.404001949377,91653.73117802088,545.1930782079323,475.9607419283234
1.34375,0.40625,-0.01,0.5657842429023552,26.742559450438765,-3.975885624917843,0.0,405315.9091776755,9069.501362517141,91645.48927920994,545.7552871987116,476.20608662301726
1.34375,0.40625,0.01,0.5657842429023552,26.740778536712792,-3.9756255942277923,0.0,405317.950846221,9069.504097575518,91646.30048860027,545.7581043509614,476.20731569339785
1.34375,0.40625,0.03,0.5657842429023552,26.742559450438765,-3.975885624917843,0.0,405315.9091776755,9069.501362517141,91645.48927920994,545.7552871987116,476.20608662301726
1.34375,0.46874999999999994,-0.01,0.5651602363075248,26.56382167043739,-4.572641169980692,0.0,405717.2665969406,9070.567943940088,91635.65941195805,546.2991829682431,476.44331930143
1.34375,0.46874999999999994,0.01,0.5651602363075248,26.562030696911933,-4.5723295094019765,0.0,405719.3787608588,9070.570850045311,91636.47212242997,546.3020955861396,476.444589388895
1.34375,0.46874999999999994,0.03,0.5651602363075248,26.56382167043739,-4.572641169980692,0.0,405717.2665969406,9070.567943940088,91635.65941195805,546.2991829682431,476.44331930143
1.34375,0.53125,-0.01,0.5645606850654289,26.432270184751278,-5.15449544071183,0.0,406095.93894533906,9071.576966427521,91624.12139180578,546.8104071161118,476.6661938557073
1.34375,0.53125,0.01,0.5645606850654289,26.43046717379093,-5.154129710560843,0.0,406098.1166285463,9071.580030440102,91624.93586829801,546.8134087661687,476.66750215482324
1.34375,0.53125,0.03,0.5645606850654289,26.432270184751278,-5.15449544071183,0.0,406095.93894533906,9071.576966427521,91624.12139180578,546.8104071161118,476.6661938557073
1.34375,0.59375,-0.01,0.5640027751701281,26.351106898269,-5.71538232782129,0.0,406438.8583171666,9072.495585398168,91610.74578107634,547.2713411080969,476.86705448923226
1.34375,0.59375,0.01,0.5640027751701281,26.349289879043088,-5.714960742045054,0.0,406441.09508696635,9072.49879056092,91611.5623331493,547.2744233965765,476.8683973694896
1.34375,0.59375,0.03,0.5640027751701281,26.351106898269,-5.71538232782129,0.0,406438.8583171666,9072.495585398168,91610.74578107634,547.2713411080969,476.86705448923226
1.34375,0.65625,-0.01,0.5635063656502524,26.326419925580645,-6.248343449333777,0.0,406731.0049280157,9073.285899011214,91595.40157364531,547.6616493760595,477.03707250982103
1.34375,0.65625,0.01,0.5635063656502524,26.324586861452925,-6.247865139856073,0.0,406733.2939445619,9073.289227701556,91596.22055259152,547.6648033671776,477.0384461394382
1.34375,0.65625,0.03,0.5635063656502524,26.326419925580645,-6.248343449333777,0.0,406731.0049280157,9073.285899011214,91595.40157364531,547.6616493760595,477.03707250982103
1.34375,0.71875,-0.01,0.5630935602109627,26.36698164124764,-6.745365771274102,0.0,406955.7552244374,9073.905806778459,91577.96286290971,547.9587552349167,477.16645101600824
1.34375,0.71875,0.01,0.5630935602109627,26.365129910786465,-6.74483106447583,0.0,406958.0883093061,9073.909238207214,91578.78465903694,547.9619702138215,477.16785082740756
1.34375,0.71875,0.03,0.5630935602109627,26.36698164124764,-6.745365771274102,0.0,406955.7552244374,9073.905806778459,91577.96286290971,547.9587552349167,477.16645101600824
1.34375,0.78125,-0.01,0.5628013585622661,26.465427988307894,-7.192689401935221,0.0,407086.3065269523,9074.287631609355,91558.54701303855,548.1269942011236,477.2396972491401
1.34375,0.78125,0.01,0.5628013585622661,26.463551155952235,-7.192099562313229,0.0,407088.6697888243,9074.291130857637,91559.3720813535,548.1302518475406,477.24111542038173
1.34375,0.78125,0.03,0.5628013585622661,26.465427988307894,-7.192689401935221,0.0,407086.3065269523,9074.287631609355,91558.54701303855,548.1269942011236,477.2396972491401
1.34375,0.84375,-0.01,0.5627584219150779,26.432974668428525,-7.527149103480636,0.0,407032.9510151797,9074.21002299627,91539.1842146909,548.0529258132825,477.20745146522506
1.34375,0.84375,0.01,0.5627584219150779,26.431050833452396,-7.526504240365058,0.0,407035.3014132977,9074.213482051708,91540.01303991427,548.0561685393224,477.208863236486
1.34375,0.84375,0.03,0.5627584219150779,26.432974668428525,-7.527149103480636,0.0,407032.9510151797,9074.21002299627,91539.1842146909,548.0529258132825,477.20745146522506
1.34375,0.90625,-0.01,0.563534481578601,24.88595071677065,-7.353956709304153,0.0,406401.1549226998,9072.722351028144,91532.19799157412,547.2566837082476,476.8606685547163
1.34375,0.90625,0.01,0.563534481578601,24.883948636070453,-7.35325937021209,0.0,406403.3211678622,9072.725333800825,91533.03051418853,547.2596772322345,476.8619727799
1.34375,0.90625,0.03,0.563534481578601,24.88595071677065,-7.353956709304153,0.0,406401.1549226998,9072.722351028144,91532.19799157412,547.2566837082476,476.8606685547163
1.34375,0.96875,-0.01,0.5665314134507244,15.232760636212957,-4.788198544100008,0.0,404246.423913751,9067.585025575543,91577.948890894,544.634692712671,475.71694053919197
1.34375,0.96875,0.01,0.5665314134507244,15.231099638508946,-4.787640469749313,0.0,404248.0139102537,9067.586436531257,91578.79681579943,544.636873263505,475.7178928508487
1.34375,0.96875,0.03,0.5665314134507244,15.232760636212957,-4.788198544100008,0.0,404246.423913751,9067.585025575543,91577.948890894,544.634692712671,475.71694053919197
1.34375,1.03125,-0.01,0.567476993685387,-0.02538898080664899,0.007980659831650702,0.0,404301.6006615882,9067.425227705007,91772.30148272504,544.8808629480357,475.82443839316176
1.34375,1.03125,0.01,0.5684225739200494,-15.23276063621296,4.788198544100008,0.0,404356.59378540446,9066.797905121848,91908.78006775885,544.7831696286461,475.7817804877516
1.34375,1.03125,0.03,0.567476993685387,-0.02538898080664899,0.007980659831650702,0.0,404301.6006615882,9067.425227705007,91772.30148272504,544.8808629480357,475.82443839316176
1.40625,-0.03125,-0.01,0.5700440259137867,29.549031417850074,0.0,0.0,402456.199204906,9061.885871281542,91667.08176065436,541.8054266523442,474.47970544859135
1.40625,-0.03125,0.01,0.5700440259137867,29.549031417850074,0.24272294065289857,0.0,402456.199204906,9061.885816912922,91667.0750439257,541.8053869525962,474.4796880652983
1.40625,-0.03125,0.03,0.5700440259137867,29.549031417850074,0.0,0.0,402456.199204906,9061.885871281542,91667.08176065436,541.8054266523442,474.47970544859135
1.40625,0.03125,-0.01,0.5700440259137867,29.549031417850074,-0.24272294065289857,0.0,402456.199204906,9061.885816912922,91667.0750439257,541.8053869525962,474.4796880652983
1.40625,0.03125,0.01,0.5700440259137867,29.547165950762565,-0.24264783106236143,0.0,402457.65713570506,9061.88707868655,91667.89286175491,541.8074261305378,474.48058095749406
1.40625,0.03125,0.03,0.5700440259137867,29.549031417850074,-0.24272294065289857,0.0,402456.199204906,9061.885816912922,91667.0750439257,541.8053869525962,474.4796880652983
1.40625,0.09375,-0.01,0.5696562379993029,29.11670569874353,-0.7261499975845869,0.0,402710.99000267126,9062.580785100808,91665.63361683613,542.165545930442,474.63736435832493
1.40625,0.09375,0.01,0.5696562379993029,29.114837297396242,-0.7261064059745771,0.0,402712.48886397836,9062.582198189544,91666.43596461347,542.167639317109,474.6382806822951
1.40625,0.09375,0.03,0.5696562379993029,29.11670569874353,-0.7261499975845869,0.0,402710.99000267126,9062.580785100808,91665.63361683613,542.165545930442,474.63736435832493
1.40625,0.15625,-0.01,0.5691835862297207,28.705863345103673,-1.2092405070758807,0.0,403021.83523791877,9063.421246126969,91662.96107341105,542.5998528455833,474.82743271044984
1.40625,0.15625,0.01,0.5691835862297207,28.70398974652034,-1.2091645838109752,0.0,403023.40493715124,9063.42283504154,91663.7641070315,542.6020409487487,474.82839011059997
1.40625,0.15625,0.03,0.5691835862297207,28.705863345103673,-1.2092405070758807,0.0,403021.83523791877,9063.421246126969,91662.96107341105,542.5998528455833,474.82743271044984
1.40625,0.21875,-0.01,0.5686760168593433,28.333719576250292,-1.6902985542530455,0.0,403354.347511779,9064.31680652713,91659.12768751365,543.0613465291979,475.02931563200633
1.40625,0.21875,0.01,0.5686760168593433,28.331840004867136,-1.69018800850441,0.0,403355.9892269745,9064.318573624443,91659.93155101154,543.0636311053795,475.03031481886217
1.40625,0.21875,0.03,0.5686760168593433,28.333719576250292,-1.6902985542530455,0.0,403354.347511779,9064.31680652713,91659.12768751365,543.0613465291979,475.02931563200633
1.40625,0.28125,-0.01,0.5681439403587154,27.99901666388088,-2.166493863885205,0.0,403701.06645626744,9065.248419794392,91654.11041190852,543.5400904870135,475.2386541509054
1.40625,0.28125,0.01,0.5681439403587154,27.997130467430203,-2.1663464922376714,0.0,403702.7798767262,9065.250363603001,91654.9152594393,543.5424712816156,475.23969496132884
1.40625,0.28125,0.03,0.5681439403587154,27.99901666388088,-2.166493863885205,0.0,403701.06645626744,9065.248419794392,91654.11041190852,543.5400904870135,475.2386541509054
1.40625,0.34375,-0.01,0.5675972085543711,27.70149994020804,-2.634567209307601,0.0,404054.8476103051,9066.197888855317,91647.8726247613,544.0265371814638,475.4512664087055
1.40625,0.34375,0.01,0.5675972085543711,27.69960626029024,-2.6343810390626134,0.0,404056.63085600757,9066.200003880957,91648.67863169625,544.0290118339493,475.45234776709503
1.40625,0.34375,0.03,0.5675972085543711,27.70149994020804,-2.634567209307601,0.0,404054.8476103051,9066.197888855317,91647.8726247613,544.0265371814638,475.4512664087055
1.40625,0.40625,-0.01,0.5670450100354447,27.44110358458815,-3.0908127406360544,0.0,404408.96254989237,9067.148149564488,91640.37614436062,544.5116966377674,475.663221394008
1.40625,0.40625,0.01,0.5670450100354447,27.439201447073504,-3.0905861472091662,0.0,404410.81341836124,9067.150429519776,91641.18350365659,544.5142623570997,475.664342046597
1.40625,0.40625,0.03,0.5670450100354447,27.44110358458815,-3.0908127406360544,0.0,404408.96254989237,9067.148149564488,91640.37614436062,544.5116966377674,475.663221394008
1.40625,0.46875,-0.01,0.5664979090253965,27.218206021450253,-3.531049143897364,0.0,404755.6861495649,9068.079598806256,91631.58855989439,544.9852245633739,475.8700037936549
1.40625,0.46875,0.01,0.5664979090253965,27.21629443423277,-3.530780952888681,0.0,404757.60141075536,9068.082034818262,91632.39748163747,544.9878771729396,475.8711618945824
1.40625,0.46875,0.03,0.5664979090253965,27.218206021450253,-3.531049143897364,0.0,404755.6861495649,9068.079598806256,91631.58855989439,544.9852245633739,475.8700037936549
1.40625,0.53125,-0.01,0.5659690308457448,27.03382533160844,-3.950587381842369,0.0,405085.44771107903,9068.967911000278,91621.48398409782,545.4342726209139,476.06601323707423
1.40625,0.53125,0.01,0.5659690308457448,27.031903339738054,-3.9502769868943957,0.0,405087.4229061998,9068.97049112461,91622.29469797605,545.4370062843378,476.0672062338132
1.40625,0.53125,0.03,0.5659690308457448,27.03382533160844,-3.950587381842369,0.0,405085.44771107903,9068.967911000278,91621.48398409782,545.4342726209139,476.06601323707423
1.40625,0.59375,-0.01,0.5654744013364943,26.89020677918224,-4.344259161582606,0.0,405386.60320103855,9069.783417927616,91610.04563604809,545.8431607774843,476.2444227140726
1.40625,0.59375,0.01,0.5654744013364943,26.888273607705173,-4.343906656773644,0.0,405388.6324183572,9069.786126614785,91610.85839090652,545.8459676914209,476.2456472190998
1.40625,0.59375,0.03,0.5654744013364943,26.89020677918224,-4.344259161582606,0.0,405386.60320103855,9069.783417927616,91610.04563604809,545.8431607774843,476.2444227140726
1.40625,0.65625,-0.01,0.5650328483340803,26.79234851208668,-4.706579527714466,0.0,405645.55892759794,9070.491309691794,91597.26978832317,546.1934878878382,476.39722720346987
1.40625,0.65625,0.01,0.5650328483340803,26.79040376481842,-4.706185916933624,0.0,405647.63499797607,9070.494128383885,91598.08483549711,546.1963585419037,476.3984791131599
1.40625,0.65625,0.03,0.5650328483340803,26.79234851208668,-4.706579527714466,0.0,405645.55892759794,9070.491309691794,91597.26978832317,546.1934878878382,476.39722720346987
1.40625,0.71875,-0.01,0.5646657769692423,26.747727704032158,-5.031745609624146,0.0,405846.96942877927,9071.052118390968,91583.17367619344,546.4644066417447,476.5153620270576
1.40625,0.71875,0.01,0.5646657769692423,26.74577061385377,-5.031312919500615,0.0,405849.08365844237,9071.05502489753,91583.99128081824,546.4673294888555,476.5166363824135
1.40625,0.71875,0.03,0.5646657769692423,26.747727704032158,-5.031745609624146,0.0,405846.96942877927,9071.052118390968,91583.17367619344,546.4644066417447,476.5153620270576
1.40625,0.78125,-0.01,0.564408887205071,26.74623921603146,-5.310410835032231,0.0,405965.4840536879,9071.401448500914,91567.95085459376,546.6222414635697,476.58417280994814
1.40625,0.78125,0.01,0.564408887205071,26.74426554794457,-5.3099418374929535,0.0,405967.621477525,9071.404405101493,91568.7712963858,546.6251965856019,476.5854610510578
1.40625,0.78125,0.03,0.564408887205071,26.74623921603146,-5.310410835032231,0.0,405965.4840536879,9071.401448500914,91567.95085459376,546.6222414635697,476.58417280994814
1.40625,0.84375,-0.01,0.5643838154818124,26.586720530382273,-5.498521545995365,0.0,405914.82517305063,9071.32789879724,91553.17001636272,546.5583307940354,476.5563110604429
1.40625,0.84375,0.01,0.5643838154818124,26.584711092590037,-5.498018080855204,0.0,405916.9417909286,9071.330794517104,91553.99359065805,546.5612591072528,476.5575876893008
1.40625,0.84375,0.03,0.5643838154818124,26.586720530382273,-5.498521545995365,0.0,405914.82517305063,9071.32789879724,91553.17001636272,546.5583307940354,476.5563110604429
1.40625,0.90625,-0.01,0.5650802777272905,24.826569913866077,-5.31408300695383,0.0,405347.9333418903,9070.00880204239,91548.42314826234,545.8566500214876,476.2503073142615
1.40625,0.90625,0.01,0.5650802777272905,24.82449888519407,-5.313547932835419,0.0,405349.87309464783,9070.011235965021,91549.24988075862,545.8593373670889,476.2514796436571
1.40625,0.90625,0.03,0.5650802777272905,24.826569913866077,-5.31408300695383,0.0,405347.9333418903,9070.00880204239,91548.42314826234,545.8566500214876,476.2503073142615
1.40625,0.9687500000000001,-0.01,0.5675459079754059,14.735678147459467,-3.4140320452903508,0.0,403551.66413232515,9065.801420393816,91587.16188084945,543.7159922098236,475.315546856008
1.40625,0.9687500000000001,0.01,0.5675459079754059,14.733981665603034,-3.4136183476901665,0.0,403553.12182453566,9065.80251036275,91588.00474548571,543.7179923471193,475.31642111342524
1.40625,0.9687500000000001,0.03,0.5675459079754059,14.735678147459467,-3.4140320452903508,0.0,403551.66413232515,9065.801420393816,91587.16188084945,543.7159922098236,475.315546856008
1.40625,1.03125,-0.01,0.5684969502639557,-0.024657697156173213,0.005712812631480845,0.0,403583.75062139134,9065.573723118965,91773.9847146513,543.9134101092616,475.40183021166456
1.40625,1.03125,0.01,0.5694479925525056,-14.735678147459518,3.414032045290363,0.0,403615.7299070797,9064.925949101611,91908.78006775881,543.8023342243176,475.35328537508656
1.40625,1.03125,0.03,0.5684969502639557,-0.024657697156173213,0.005712812631480845,0.0,403583.75062139134,9065.573723118965,91773.9847146513,543.9134101092616,475.40183021166456
1.46875,-0.03125,-0.01,0.5706185079022914,30.164350408647113,0.0,0.0,402055.8262261383,9060.813708864021,91663.86437623191,541.2410811433293,474.23253160941647
1.46875,-0.03125,0.01,0.5706185079022913,30.164350408647113,0.18235249979095122,0.0,402055.82622613834,9060.81367814533,91663.8605813615,541.2410587360287,474.2325217928381
1.46875,-0.03125,0.03,0.5706185079022914,30.164350408647113,0.0,0.0,402055.8262261383,9060.813708864021,91663.86437623191,541.2410811433293,474.23253160941647
1.46875,0.03125,-0.01,0.5706185079022914,30.164350408647113,-0.18235249979095122,0.0,402055.8262261383,9060.81367814533,91663.8605813615,541.2410587360287,474.2325217928381
1.46875,0.03125,0.01,0.5706185079022914,30.16237868778835,-0.18227936149123666,0.0,402057.1684866735,9060.814668183273,91664.67462154885,541.2429478837437,474.2333494226794
1.46875,0.03125,0.03,0.5706185079022914,30.164350408647113,-0.18235249979095122,0.0,402055.8262261383,9060.81367814533,91663.8605813615,541.2410587360287,474.2325217928381
1.46875,0.09375,-0.01,0.5703045315169633,29.728433740146805,-0.5455303120625568,0.0,402258.42183743307,9061.375045452613,91662.61015908989,541.5315136785056,474.3597522594983
1.46875,0.09375,0.01,0.5703045315169633,29.72645680552325,-0.5454954012054866,0.0,402259.7956167299,9061.376164152945,91663.40845906311,541.5334443625446,474.360597859397
1.46875,0.09375,0.03,0.5703045315169633,29.728433740146805,-0.5455303120625568,0.0,402258.42183743307,9061.375045452613,91662.61015908989,541.5315136785056,474.3597522594983
1.46875,0.15625,-0.01,0.5699190832863883,29.309946040776175,-0.9075518710991675,0.0,402507.8452954943,9062.0584264992,91660.2878815231,541.8839582235016,474.51409075076936
1.46875,0.15625,0.01,0.5699190832863883,29.307961848722844,-0.9074909474879505,0.0,402509.27961953235,9062.059695529886,91661.08683702821,541.8859697247428,474.5149714603588
1.46875,0.15625,0.03,0.5699190832863883,29.309946040776175,-0.9075518710991675,0.0,402507.8452954943,9062.0584264992,91660.2878815231,541.8839582235016,474.51409075076936
1.46875,0.21875,-0.01,0.5695006197839837,28.9242039152387,-1.266408115780434,0.0,402777.9267500894,9062.794628349608,91656.99325114532,542.262560740251,474.6798281355435
1.46875,0.21875,0.01,0.5695006197839837,28.92221222187,-1.2663194681100651,0.0,402779.423224238,9062.796051190098,91657.79300745267,542.2646553394027,474.68074490822625
1.46875,0.21875,0.03,0.5695006197839837,28.9242039152387,-1.266408115780434,0.0,402777.9267500894,9062.794628349608,91656.99325114532,542.262560740251,474.6798281355435
1.46875,0.28125,-0.01,0.5690579176206708,28.56966625896733,-1.6192605482960696,0.0,403062.47207294963,9063.56778930241,91652.72926157783,542.6590945492095,474.85335311766255
1.46875,0.28125,0.01,0.5690579176206708,28.56766698203045,-1.6191426421024457,0.0,403064.0311354931,9063.569366430356,91653.52996608583,542.661272945616,474.85430621861525
1.46875,0.28125,0.03,0.5690579176206708,28.56966625896733,-1.6192605482960696,0.0,403062.47207294963,9063.56778930241,91652.72926157783,542.6590945492095,474.85335311766255
1.46875,0.34375,-0.01,0.568598759342845,28.24584624961237,-1.963056637875853,0.0,403355.97300630144,9064.36379102532,91647.49504599647,543.0662160315919,475.0314453648801
1.46875,0.34375,0.01,0.568598759342845,28.24383921313828,-1.962908242942431,0.0,403357.5935797278,9064.365519014085,91648.29685946446,543.0684768848972,475.03243417182847
1.46875,0.34375,0.03,0.568598759342845,28.24584624961237,-1.963056637875853,0.0,403355.97300630144,9064.36379102532,91647.49504599647,543.0662160315919,475.0314453648801
1.46875,0.40625,-0.01,0.5681316312307,27.95243964435693,-2.29454120365965,0.0,403652.4082402592,9065.167212141638,91641.293215075,543.4758845546573,475.21058442563253
1.46875,0.40625,0.01,0.5681316312307,27.950424643573008,-2.2943614808859327,0.0,403654.0885475774,9065.169085804613,91642.0963046963,543.4782255813972,475.2116079112359
1.46875,0.40625,0.03,0.5681316312307,27.95243964435693,-2.29454120365965,0.0,403652.4082402592,9065.167212141638,91641.293215075,543.4758845546573,475.21058442563253
1.46875,0.46875,-0.01,0.567666163601622,27.689515607195624,-2.610258607408534,0.0,403944.9629181635,9065.960576322419,91634.13722302722,543.8789778381187,475.3867823901871
1.46875,0.46875,0.01,0.567666163601622,27.68749249077437,-2.610047155354352,0.0,403946.7002586627,9065.962588148988,91634.94176356644,543.881395505893,475.38783899107966
1.46875,0.46875,0.03,0.567666163601622,27.689515607195624,-2.610258607408534,0.0,403944.9629181635,9065.960576322419,91634.13722302722,543.8789778381187,475.3867823901871
1.46875,0.53125,-0.01,0.5672141417391814,27.457737112371806,-2.906551213207546,0.0,404225.3105538347,9066.72249564649,91626.05189204655,544.2643165366457,475.5551585329582
1.46875,0.53125,0.01,0.5672141417391814,27.455705938070423,-2.906308140516605,0.0,404227.10098410584,9066.72463503481,91626.85805660178,544.2668056284676,475.5562459633359
1.46875,0.53125,0.03,0.5672141417391814,27.457737112371806,-2.906551213207546,0.0,404225.3105538347,9066.72249564649,91626.05189204655,544.2643165366457,475.5551585329582
1.46875,0.59375,-0.01,0.5667898573787761,27.259004524659204,-3.179614942636627,0.0,404483.3667638499,9067.427005044712,91617.07240352622,544.6183087930193,475.7097851313082
1.46875,0.59375,0.01,0.5667898573787761,27.256965639506966,-3.1793409508736308,0.0,404485.20487063966,9067.42925774081,91617.88036814705,544.6208621000835,475.7109002533226
1.46875,0.59375,0.03,0.5667898573787761,27.259004524659204,-3.179614942636627,0.0,404483.3667638499,9067.427005044712,91617.07240352622,544.6183087930193,475.7097851313082
1.46875,0.65625,-0.01,0.5664100918674607,27.09787077315663,-3.425627003194455,0.0,404707.3694177373,9068.04364761975,91607.2521094104,544.9250062767322,475.84371237635133
1.46875,0.65625,0.01,0.5664100918674607,27.095825025843336,-3.425323475041635,0.0,404709.2481978367,9068.045995469689,91608.06204541428,544.9276144345912,475.8448511330782
1.46875,0.65625,0.03,0.5664100918674607,27.09787077315663,-3.425627003194455,0.0,404707.3694177373,9068.04364761975,91607.2521094104,544.9250062767322,475.84371237635133
1.46875,0.71875,-0.01,0.5660942234592639,26.98134385494559,-3.6407812732827205,0.0,404883.7865347916,9068.53725422254,91596.65917929169,545.165987105852,475.9489163368518
1.46875,0.71875,0.01,0.5660942234592639,26.979291891072823,-3.6404503018556404,0.0,404885.6970478227,9068.539674395035,91597.47124770822,545.1686381578849,475.95007356587763
1.46875,0.71875,0.03,0.5660942234592639,26.98134385494559,-3.6407812732827205,0.0,404883.7865347916,9068.53725422254,91596.65917929169,545.165987105852,475.9489163368518
1.46875,0.78125,-0.01,0.5658743482027492,26.89805848843158,-3.819168803123938,0.0,404989.91436223686,9068.850091316694,91585.46277235802,545.3111436143394,476.01227546632686
1.46875,0.78125,0.01,0.5658743482027492,26.89599756888771,-3.8188129460583173,0.0,404991.8413318672,9068.852545227315,91586.27713050763,545.3138171470293,476.01344235318993
1.46875,0.78125,0.03,0.5658743482027492,26.89805848843158,-3.819168803123938,0.0,404989.91436223686,9068.850091316694,91585.46277235802,545.3111436143394,476.01227546632686
1.46875,0.84375,-0.01,0.5658579537168195,26.638608208520406,-3.93139488426974,0.0,404947.7497068373,9068.79333089822,91574.73082959244,545.2630917120291,475.99130230308026
1.46875,0.84375,0.01,0.5658579537168195,26.636520390239525,-3.9310157514522075,0.0,404949.6504178066,9068.795710290491,91575.5476688991,545.2657302778134,475.99245397909095
1.46875,0.84375,0.03,0.5658579537168195,26.638608208520406,-3.93139488426974,0.0,404947.7497068373,9068.79333089822,91574.73082959244,545.2630917120291,475.99130230308026
1.46875,0.90625,-0.01,0.5664520777715163,24.708820050023373,-3.7813666716072465,0.0,404459.7772447494,9067.678558934298,91571.63190643863,544.6729986302756,475.73366959975846
1.46875,0.90625,0.01,0.5664520777715163,24.70668060855367,-3.780965258863973,0.0,404461.5128652426,9067.68050364427,91572.45142783287,544.6754110279671,475.7347231287
1.46875,0.90625,0.03,0.5664520777715163,24.708820050023373,-3.7813666716072465,0.0,404459.7772447494,9067.678558934298,91571.63190643863,544.6729986302756,475.73366959975846
1.46875,0.96875,-0.01,0.5684340052611503,14.213821360380672,-2.422752796678442,0.0,402986.17309310817,9064.315878283347,91604.25552805512,542.9679540009687,474.98846748787753
1.46875,0.96875,0.01,0.5684340052611503,14.212078405057108,-2.4224511870787055,0.0,402987.5098064752,9064.316681303564,91605.09174223036,542.9697898723753,474.9892704975233
1.46875,0.96875,0.03,0.5684340052611503,14.213821360380672,-2.422752796678442,0.0,402986.17309310817,9064.315878283347,91604.25552805512,542.9679540009687,474.98846748787753
1.46875,1.03125,-0.01,0.5693548504711686,-0.022994315002796244,0.0039193922287510076,0.0,403002.9903277563,9064.057732241305,91780.19166277807,543.1307143607899,475.05965355015724
1.46875,1.03125,0.01,0.570275695681187,-14.21382136038067,2.422752796678442,0.0,403019.75323834765,9063.417427953022,91908.78006775885,543.0132102613992,475.00826216795076
1.46875,1.03125,0.03,0.5693548504711686,-0.022994315002796244,0.0039193922287510076,0.0,403002.9903277563,9064.057732241305,91780.19166277807,543.1307143607899,475.05965355015724
1.53125,-0.03125,-0.01,0.5710959123114293,30.57863673677742,0.0,0.0,401756.28412769537,9059.988642329747,91669.2372068414,540.8204280530396,474.04820879800724
1.53125,-0.03125,0.01,0.5710959123114293,30.57863673677742,0.1313036078166359,0.0,401756.28412769537,9059.98862639041,91669.23523764084,540.8204164353593,474.0482037063536
1.53125,-0.03125,0.03,0.5710959123114293,30.57863673677742,0.0,0.0,401756.28412769537,9059.988642329747,91669.2372068414,540.8204280530396,474.04820879800724
1.53125,0.03125,-0.01,0.5710959123114293,30.57863673677742,-0.1313036078166359,0.0,401756.28412769537,9059.98862639041,91669.23523764084,540.8204164353593,474.0482037063536
1.53125,0.03125,0.01,0.5710959123114293,30.576570033632137,-0.13123327136895874,0.0,401757.530625245,9059.989395402032,91670.04486914776,540.822181531871,474.04897729045155
1.53125,0.03125,0.03,0.5710959123114293,30.57863673677742,-0.1313036078166359,0.0,401756.28412769537,9059.98862639041,91669.23523764084,540.8204164353593,474.0482037063536
1.53125,0.09375,-0.01,0.5708457155106381,30.142780845634928,-0.3932034605412441,0.0,401914.16282962676,9060.434813718404,91668.15121931245,541.0509324886684,474.14922067603516
1.53125,0.09375,0.01,0.5708457155106381,30.14070641329029,-0.39317849676943545,0.0,401915.4319378013,9060.435689583488,91668.94492940482,541.0527271584771,474.1500070535593
1.53125,0.09375,0.03,0.5708457155106381,30.142780845634928,-0.3932034605412441,0.0,401914.16282962676,9060.434813718404,91668.15121931245,541.0509324886684,474.14922067603516
1.53125,0.15625,-0.01,0.5705365885183467,29.720473716335675,-0.6544854961377381,0.0,402110.6535757217,9060.981721291413,91666.21660531568,541.3325958505762,474.27262226258796
1.53125,0.15625,0.01,0.5705365885183467,29.718389875371756,-0.6544414910055995,0.0,402111.97332824615,9060.982722880224,91667.01090601746,541.3344579959853,474.27343799383476
1.53125,0.15625,0.03,0.5705365885183467,29.720473716335675,-0.6544854961377381,0.0,402110.6535757217,9060.981721291413,91666.21660531568,541.3325958505762,474.27262226258796
1.53125,0.21875,-0.01,0.5701979062384621,29.325431332417487,-0.9133074916501108,0.0,402325.9840888716,9061.576755002463,91663.53848687603,541.6382433452402,474.4064953969477
1.53125,0.21875,0.01,0.5701979062384621,29.323338439055174,-0.9132430523870387,0.0,402327.35633975954,9061.577886504176,91664.33350601424,541.6401755319641,474.40734157160944
1.53125,0.21875,0.03,0.5701979062384621,29.325431332417487,-0.9133074916501108,0.0,402325.9840888716,9061.576755002463,91663.53848687603,541.6382433452402,474.4064953969477
1.53125,0.28125,-0.01,0.5698369052435136,28.955997209408945,-1.1672226095162235,0.0,402555.0995584143,9062.20694864923,91660.13261694807,541.9611771791219,474.54789889058486
1.53125,0.28125,0.01,0.5698369052435136,28.953895797732176,-1.1671365197392263,0.0,402556.52510806714,9062.208211549638,91660.92847807669,541.9631805435394,474.5487759750851
1.53125,0.28125,0.03,0.5698369052435136,28.955997209408945,-1.1672226095162235,0.0,402555.0995584143,9062.20694864923,91660.13261694807,541.9611771791219,474.54789889058486
1.53125,0.34375,-0.01,0.5694595947224382,28.611648707900198,-1.413702744628239,0.0,402793.82241849403,9062.86154135369,91656.01389857323,542.295835471532,474.6943917460274
1.53125,0.34375,0.01,0.5694595947224382,28.609539280873477,-1.4135940719010174,0.0,402795.3008364647,9062.862933957742,91656.81073469986,542.2979094924967,474.69529948412406
1.53125,0.34375,0.03,0.5694595947224382,28.611648707900198,-1.413702744628239,0.0,402793.82241849403,9062.86154135369,91656.01389857323,542.295835471532,474.6943917460274
1.53125,0.40625,-0.01,0.5690731894132376,28.29206778343053,-1.6501615022038512,0.0,403037.1287845076,9063.527582711728,91651.20188878909,542.6355077065831,474.8430331827976
1.53125,0.40625,0.01,0.5690731894132376,28.289950831616466,-1.6500296502775844,0.0,403038.6587022086,9063.529100947815,91651.99983330739,542.6376505987297,474.84397077017223
1.53125,0.40625,0.03,0.5690731894132376,28.29206778343053,-1.6501615022038512,0.0,403037.1287845076,9063.527582711728,91651.20188878909,542.6355077065831,474.8430331827976
1.53125,0.46875,-0.01,0.5686861313635143,27.99727048131312,-1.873962065826515,0.0,403279.15505841054,9064.189930818275,91645.7266274533,542.9723391028253,474.9903855279662
1.53125,0.46875,0.01,0.5686861313635143,27.995146654449357,-1.8738068066461908,0.0,403280.7341962323,9064.191568334081,91646.52580897609,542.9745478465711,474.99135162780306
1.53125,0.46875,0.03,0.5686861313635143,27.99727048131312,-1.873962065826515,0.0,403279.15505841054,9064.189930818275,91645.7266274533,542.9723391028253,474.9903855279662
1.53125,0.53125,-0.01,0.5683086195392159,27.727861771777235,-2.082423214462998,0.0,403512.82070124947,9064.830271461526,91639.62805763922,543.2968130711723,475.13228870213976
1.53125,0.53125,0.01,0.5683086195392159,27.725731928253804,-2.082244720786078,0.0,403514.445613228,9064.83201898261,91640.42860246832,543.2990830676692,475.13328129723556
1.53125,0.53125,0.03,0.5683086195392159,27.727861771777235,-2.082423214462998,0.0,403512.82070124947,9064.830271461526,91639.62805763922,543.2968130711723,475.13228870213976
1.53125,0.59375,-0.01,0.56795289698058,27.48566790998999,-2.272855585320559,0.0,403729.63900005503,9065.426590790743,91632.9569179019,543.5974731719272,475.26373946725533
1.53125,0.59375,0.01,0.56795289698058,27.483533246605994,-2.272654455649212,0.0,403731.3048104542,9065.428435481002,91633.75894621019,543.599797886062,475.264755707402
1.53125,0.59375,0.03,0.56795289698058,27.48566790998999,-2.272855585320559,0.0,403729.63900005503,9065.426590790743,91632.9569179019,543.5974731719272,475.26373946725533
1.53125,0.65625,-0.01,0.5676331820857681,27.275109470378606,-2.442637589361832,0.0,403919.8139257663,9065.95332204723,91625.77807769626,543.8610038925325,475.37892710702386
1.53125,0.65625,0.01,0.5676331820857681,27.27297174090607,-2.4424148847784664,0.0,403921.51409509167,9065.95524694862,91626.58169910774,543.863374536478,475.3799631740881
1.53125,0.65625,0.03,0.5676331820857681,27.275109470378606,-2.442637589361832,0.0,403919.8139257663,9065.95332204723,91625.77807769626,543.8610038925325,475.37892710702386
1.53125,0.71875,-0.01,0.5673658412743252,27.103091383723186,-2.5892529106230913,0.0,404072.08410960145,9066.380973271203,91618.16323931173,544.0720258935398,475.4711433928285
1.53125,0.71875,0.01,0.5673658412743252,27.100952216770747,-2.589010158033077,0.0,404073.80991721177,9066.382956081989,91618.96854662124,544.0744307613,475.4721942132215
1.53125,0.71875,0.03,0.5673658412743252,27.103091383723186,-2.5892529106230913,0.0,404072.08410960145,9066.380973271203,91618.16323931173,544.0720258935398,475.4711433928285
1.53125,0.78125,-0.01,0.5671776092311804,26.957912146180693,-2.708986088214914,0.0,404167.44669883675,9066.661339008797,91610.22129135257,544.2054081972816,475.529422027843
1.53125,0.78125,0.01,0.5671776092311804,26.955769741258745,-2.708725080920581,0.0,404169.18333777605,9066.663342221174,91611.02836993382,544.2078274674152,475.53047901187193
1.53125,0.78125,0.03,0.5671776092311804,26.957912146180693,-2.708986088214914,0.0,404167.44669883675,9066.661339008797,91610.22129135257,544.2054081972816,475.529422027843
1.53125,0.84375,-0.01,0.5671573239391078,26.625637310379627,-2.7828965125077394,0.0,404139.49159946037,9066.636597761884,91602.56788259365,544.1794569566963,475.5180837304155
1.53125,0.84375,0.01,0.5671573239391078,26.623473829116165,-2.7826180932706532,0.0,404141.1994062889,9066.638520369832,91603.37688002255,544.1818372576785,475.51912371355854
1.53125,0.84375,0.03,0.5671573239391078,26.625637310379627,-2.7828965125077394,0.0,404139.49159946037,9066.636597761884,91602.56788259365,544.1794569566963,475.5180837304155
1.53125,0.90625,-0.01,0.5676307543879665,24.569643833286385,-2.677980030399327,0.0,403740.05401930114,9065.752015245103,91600.31732872344,543.7124454605554,475.3139965725499
1.53125,0.90625,0.01,0.5676307543879665,24.56743171823854,-2.6776830309342787,0.0,403741.6120554549,9065.753540182202,91601.12865440181,543.7146195574563,475.31494687050844
1.53125,0.90625,0.03,0.5676307543879665,24.569643833286385,-2.677980030399327,0.0,403740.05401930114,9065.752015245103,91600.31732872344,543.7124454605554,475.3139965725499
1.53125,0.96875,-0.01,0.569167001892659,13.71025022783895,-1.7311471269073,0.0,402560.98809695704,9063.165573345537,91627.49139149781,542.4063398667311,474.7427538587863
1.53125,0.96875,0.01,0.569167001892659,13.708444664710333,-1.730930396274386,0.0,402562.2197761723,9063.166133627486,91628.31988533032,542.4080336773466,474.743495114584
1.53125,0.96875,0.03,0.569167001892659,13.71025022783895,-1.7311471269073,0.0,402560.98809695704,9063.165573345537,91627.49139149781,542.4063398667311,474.7427538587863
1.53125,1.0312499999999998,-0.01,0.5700292226426671,-0.020742864887172592,0.0026191316975629837,0.0,402568.9125610135,9062.90681356271,91789.9070076016,542.5457039655663,474.8037393616147
1.53125,1.0312499999999998,0.01,0.5708914433926753,-13.710250227838854,1.7311471269072876,0.0,402576.813082725,9062.29666300403,91908.78006775885,542.4276673408118,474.75208723443666
1.53125,1.0312499999999998,0.03,0.5700292226426671,-0.020742864887172592,0.0026191316975629837,0.0,402568.9125610135,9062.90681356271,91789.9070076016,542.5457039655663,474.8037393616147
1.59375,-0.03125,-0.01,0.5715100479522595,30.82199518889893,-1.2141402334123552e-17,0.0,401538.9474978875,9059.357735277661,91684.30860911873,540.5174525662737,473.91540583772763
1.59375,-0.03125,0.01,0.5715100479522595,30.821995188898924,0.09137780261753398,0.0,401538.9474978875,9059.35772755367,91684.3076547135,540.5174469396546,473.91540337107136
1.59375,-0.03125,0.03,0.5715100479522595,30.82199518889893,-1.2141402334123552e-17,0.0,401538.9474978875,9059.357735277661,91684.30860911873,540.5174525662737,473.91540583772763
1.59375,0.03125,-0.01,0.5715100479522596,30.821995188898928,-0.09137780261753399,0.0,401538.9474978875,9059.35772755367,91684.3076547135,540.5174469396546,473.9154033710713
1.59375,0.03125,0.01,0.5715100479522596,30.819845851713886,-0.09131036476009684,0.0,401540.11449022015,9059.358318479379,91685.11184370835,540.5191089922736,473.91613199855254
1.59375,0.03125,0.03,0.5715100479522596,30.821995188898928,-0.09137780261753399,0.0,401538.9474978875,9059.35772755367,91684.3076547135,540.5174469396546,473.9154033710713
1.59375,0.09375,-0.01,0.5713131690356456,30.388993246971573,-0.2742652798260934,0.0,401659.71818826493,9059.707777389833,91683.36234092245,540.6980257712409,473.99456080050754
1.59375,0.09375,0.01,0.5713131690356456,30.38683351766048,-0.2742494950104065,0.0,401660.8997758066,9059.708455269612,91684.15051173819,540.6997066628014,473.99529756372823
1.59375,0.09375,0.03,0.5713131690356456,30.388993246971573,-0.2742652798260934,0.0,401659.71818826493,9059.707777389833,91683.36234092245,540.6980257712409,473.99456080050754
1.59375,0.15625,-0.01,0.5710685404996461,29.966356477126368,-0.45757766463087457,0.0,401811.93508285144,9060.139782989832,91681.78188707182,540.920268374575,474.0919635629815
1.59375,0.15625,0.01,0.5710685404996461,29.964185059784832,-0.4575491683331358,0.0,401813.158233935,9060.140563983334,91682.5705693357,540.9220045352637,474.09272439523136
1.59375,0.15625,0.03,0.5710685404996461,29.966356477126368,-0.45757766463087457,0.0,401811.93508285144,9060.139782989832,91681.78188707182,540.920268374575,474.0919635629815
1.59375,0.21875,-0.01,0.5707984409052369,29.566393105586684,-0.639817302700796,0.0,401980.76406243315,9060.61402909651,91679.67011242051,541.1637110225142,474.19863475560015
1.59375,0.21875,0.01,0.5707984409052369,29.564210913026017,-0.6397748551938931,0.0,401982.03072016255,9060.614917708579,91680.4594089856,541.1655050953839,474.1994207896441
1.59375,0.21875,0.03,0.5707984409052369,29.566393105586684,-0.639817302700796,0.0,401980.76406243315,9060.61402909651,91679.67011242051,541.1637110225142,474.19863475560015
1.59375,0.28125,-0.01,0.5705086158146211,29.18742183634091,-0.8190200742820111,0.0,402162.20455898705,9061.120263091232,91677.04443051659,541.4230678777892,474.3122528088211
1.59375,0.28125,0.01,0.5705086158146211,29.185229949564174,-0.8189625669928686,0.0,402163.5156718037,9061.121261275739,91677.83443753682,541.4249211568141,474.313064588231
1.59375,0.28125,0.03,0.5705086158146211,29.18742183634091,-0.8190200742820111,0.0,402162.20455898705,9061.120263091232,91677.04443051659,541.4230678777892,474.3122528088211
1.59375,0.34375,-0.01,0.5702036591079703,28.8289717580093,-0.9932027904398687,0.0,402353.0932549377,9061.650315124065,91673.92241409342,541.6941310279434,474.4309700311849
1.59375,0.34375,0.01,0.5702036591079703,28.82677126784962,-0.9931293416174849,0.0,402354.4488268102,9061.651422395084,91674.7132327238,541.6960435350419,474.431807544225
1.59375,0.34375,0.03,0.5702036591079703,28.8289717580093,-0.9932027904398687,0.0,402353.0932549377,9061.650315124065,91673.92241409342,541.6941310279434,474.4309700311849
1.59375,0.40625,-0.01,0.5698893407244311,28.490819475280635,-1.1603889337986286,0.0,402549.44736687874,9062.193882577594,91670.32486642395,541.9715777876729,474.5524523193762
1.59375,0.40625,0.01,0.5698893407244311,28.48861148708542,-1.1602989351916642,0.0,402550.8464328893,9062.195095987447,91671.11659501049,541.9735482396882,474.5533149863724
1.59375,0.40625,0.03,0.5698893407244311,28.490819475280635,-1.1603889337986286,0.0,402549.44736687874,9062.193882577594,91670.32486642395,541.9715777876729,474.5524523193762
1.59375,0.46875,-0.01,0.569572721902767,28.17303678669185,-1.3186148394357868,0.0,402746.4051615866,9062.73836113902,91666.28190659003,542.2488892023543,474.6738442776916
1.59375,0.46875,0.01,0.569572721902767,28.17082254406782,-1.3185079627232568,0.0,402747.8458344874,9062.739675409728,91667.07464021396,542.2509150693513,474.67473097861114
1.59375,0.46875,0.03,0.569572721902767,28.17303678669185,-1.3186148394357868,0.0,402746.4051615866,9062.73836113902,91666.28190659003,542.2488892023543,474.6738442776916
1.59375,0.53125,-0.01,0.5692623376942963,27.876263019859433,-1.4659255063358665,0.0,402938.0956902759,9063.268498632997,91661.83223845568,542.5181646920546,474.7916888413723
1.59375,0.53125,0.01,0.5692623376942963,27.87404399734103,-1.465801709493722,0.0,402939.5749947805,9063.2699057555,91662.62606558949,542.5202419717948,474.79259781942704
1.59375,0.53125,0.03,0.5692623376942963,27.876263019859433,-1.4659255063358665,0.0,402938.0956902759,9063.268498632997,91661.83223845568,542.5181646920546,474.7916888413723
1.59375,0.59375,-0.01,0.5689683014038484,27.60234460979345,-1.6003903539102606,0.0,403117.5759442654,9063.766195170489,91657.02283105132,542.7700142933206,474.901880749235
1.59375,0.59375,0.01,0.5689683014038484,27.600122620932304,-1.6002498908686857,0.0,403119.089576339,9063.76768380879,91657.81783222398,542.7721371861685,474.90280947115565
1.59375,0.59375,0.03,0.5689683014038484,27.60234460979345,-1.6003903539102606,0.0,403117.5759442654,9063.766195170489,91657.02283105132,542.7700142933206,474.901880749235
1.59375,0.65625,-0.01,0.5687021259638457,27.355655913425174,-1.7201409938746475,0.0,403277.00100637105,9064.210845823569,91651.91143087947,542.9937407124322,474.99974646396373
1.59375,0.65625,0.01,0.5687021259638457,27.353433333876065,-1.7199844266035889,0.0,403278.5430675474,9064.212400656652,91652.70767628716,542.9959012624771,475.0006914653751
1.59375,0.65625,0.03,0.5687021259638457,27.355655913425174,-1.7201409938746475,0.0,403277.00100637105,9064.210845823569,91651.91143087947,542.9937407124322,474.99974646396373
1.59375,0.71875,-0.01,0.5684767058111962,27.143109434778886,-1.8234014109459145,0.0,403407.5944274386,9064.579297142067,91646.55679041795,543.1773016660264,475.0800273514635
1.59375,0.71875,0.01,0.5684767058111962,27.14088856958277,-1.8232296082733925,0.0,403409.1568330506,9064.5808974377,91647.35433329098,543.1794889943059,475.0809839037067
1.59375,0.71875,0.03,0.5684767058111962,27.143109434778886,-1.8234014109459145,0.0,403407.5944274386,9064.579297142067,91646.55679041795,543.1773016660264,475.0800273514635
1.59375,0.78125,-0.01,0.5683124155077511,26.953268784335027,-1.9077709972090935,0.0,403494.7151277121,9064.834620289514,91641.00691137894,543.3014231584134,475.1343045400784
1.59375,0.78125,0.01,0.5683124155077511,26.951048416223664,-1.9075849869109407,0.0,403496.2842136465,9064.836231318213,91641.80579896928,543.3036189596205,475.13526468796385
1.59375,0.78125,0.03,0.5683124155077511,26.953268784335027,-1.9077709972090935,0.0,403494.7151277121,9064.834620289514,91641.00691137894,543.3014231584134,475.1343045400784
1.59375,0.84375,-0.01,0.5682773208846231,26.571087065769518,-1.9615562113840486,0.0,403485.3204332842,9064.854317568994,91635.50550235792,543.3024059945694,475.1347343005597
1.59375,0.84375,0.01,0.5682773208846231,26.568848671771594,-1.96135611544555,0.0,403486.8607998964,9064.855848784591,91636.30586884358,543.3045626430171,475.1356773274624
1.59375,0.84375,0.03,0.5682773208846231,26.571087065769518,-1.9615562113840486,0.0,403485.3204332842,9064.854317568994,91635.50550235792,543.3024059945694,475.1347343005597
1.59375,0.90625,-0.01,0.5686194936564374,24.428450688012777,-1.8971712349219012,0.0,403179.0986727481,9064.212785189662,91633.45468664584,542.9635100295044,474.9865236903671
1.59375,0.90625,0.01,0.5686194936564374,24.42616043759291,-1.8969541034262807,0.0,403180.5069711225,9064.213962579393,91634.25714093818,542.965483957986,474.9873870896177
1.59375,0.90625,0.03,0.5686194936564374,24.428450688012777,-1.8971712349219012,0.0,403179.0986727481,9064.212785189662,91633.45468664584,542.9635100295044,474.9865236903671
1.59375,0.96875,-0.01,0.5697421472482627,13.249237685534503,-1.2511911481844211,0.0,402271.80080405006,9062.34527997864,91655.74534023853,542.0259392382499,474.5762512729409
1.59375,0.96875,0.01,0.5697421472482627,13.247352728001147,-1.2510388908413854,0.0,402272.945932658,9062.34564728017,91656.56537957584,542.0275164506127,474.5769417444958
1.59375,0.96875,0.03,0.5697421472482627,13.249237685534503,-1.2511911481844211,0.0,402271.80080405006,9062.34527997864,91655.74534023853,542.0259392382499,474.5762512729409
1.59375,1.03125,-0.01,0.5705237388342983,-0.018154961961562983,0.001714462993348874,0.0,402275.09781640256,9062.107745381774,91802.47138872546,542.1497272912823,474.6304401153318
1.59375,1.03125,0.01,0.5713053304203339,-13.249237685534505,1.2511911481844213,0.0,402278.3858055603,9061.544039145232,91908.78006775885,542.034813903358,474.58013640809213
1.59375,1.03125,0.03,0.5705237388342983,-0.018154961961562983,0.001714462993348874,0.0,402275.09781640256,9062.107745381774,91802.47138872546,542.1497272912823,474.6304401153318
1.65625,-0.03125,-0.01,0.5718799005506991,30.931323896352666,0.0,0.0,401387.453740019,9058.879172073835,91708.20793298999,540.3087336132457,473.82389660186607
1.65625,-0.03125,0.01,0.5718799005506991,30.931323896352666,0.06156289048036025,0.0,401387.453740019,9058.879168566591,91708.20749950873,540.3087310593445,473.82389548204384
1.65625,-0.03125,0.03,0.5718799005506991,30.931323896352666,0.0,0.0,401387.453740019,9058.879172073835,91708.20793298999,540.3087336132457,473.82389660186607
1.65625,0.03125,-0.01,0.5718799005506993,30.931323896352666,-0.06156289048036025,0.0,401387.45374001894,9058.879168566591,91708.20749950872,540.3087310593444,473.8238954820438
1.65625,0.03125,0.01,0.5718799005506993,30.92910308163487,-0.06149807826164014,0.0,401388.55453569663,9058.879617575913,91709.00508775206,540.3103071913376,473.8245865762398
1.65625,0.03125,0.03,0.5718799005506993,30.931323896352666,-0.06156289048036025,0.0,401387.45374001894,9058.879168566591,91708.20749950872,540.3087310593444,473.8238954820438
1.65625,0.09375,-0.01,0.5717264537643902,30.503127857487026,-0.18550320542718932,0.0,401478.21231622924,9059.151025329164,91707.37790322714,540.4487529729978,473.88528763334705
1.65625,0.09375,0.01,0.5717264537643902,30.500893941868252,-0.18549492472386853,0.0,401479.3207622038,9059.151543825334,91708.15945109473,540.450338668994,473.8859828310396
1.65625,0.09375,0.03,0.5717264537643902,30.503127857487026,-0.18550320542718932,0.0,401478.21231622924,9059.151025329164,91707.37790322714,540.4487529729978,473.88528763334705
1.65625,0.15625,-0.01,0.5715348472417664,30.08292493596971,-0.31087578187924186,0.0,401594.2999240582,9059.488743636242,91706.09245556885,540.6223186197178,473.9613758871762
1.65625,0.15625,0.01,0.5715348472417664,30.080676948622965,-0.3108599439769515,0.0,401595.44189764076,9059.489345214048,91706.87443650291,540.6239488111113,473.96209047770157
1.65625,0.15625,0.03,0.5715348472417664,30.08292493596971,-0.31087578187924186,0.0,401594.2999240582,9059.488743636242,91706.09245556885,540.6223186197178,473.9613758871762
1.65625,0.21875,-0.01,0.5713218643920399,29.681755817193903,-0.43654086140762366,0.0,401724.66229844943,9059.862517742651,91704.44568494147,540.8141020219565,474.045436295049
1.65625,0.21875,0.01,0.5713218643920399,29.679495141915154,-0.4365163077379115,0.0,401725.8397005454,9059.863206881073,91705.22817617997,540.8157792605962,474.046171378235
1.65625,0.21875,0.03,0.5713218643920399,29.681755817193903,-0.43654086140762366,0.0,401724.66229844943,9059.862517742651,91704.44568494147,540.8141020219565,474.045436295049
1.65625,0.28125,-0.01,0.5710918774428521,29.2979443865847,-0.5609758742607699,0.0,401866.24519228877,9060.264551085924,91702.451279224,541.0200850036161,474.13570390838805
1.65625,0.28125,0.01,0.5710918774428521,29.29567256105873,-0.5609415277923451,0.0,401867.4590133725,9060.265329930033,91703.23435011411,541.0218106068345,474.13646004431246
1.65625,0.28125,0.03,0.5710918774428521,29.2979443865847,-0.5609758742607699,0.0,401866.24519228877,9060.264551085924,91702.451279224,541.0200850036161,474.13570390838805
1.65625,0.34375,-0.01,0.5708483607083783,28.931098376121266,-0.6826621140073807,0.0,402016.6584120669,9060.688670865386,91700.1228779875,541.2370905278457,474.2307833282551
1.65625,0.34375,0.01,0.5708483607083783,28.928816958603896,-0.6826170680390476,0.0,402017.90891988523,9060.68953968491,91700.90660374727,541.2388648403532,474.23156065203375
1.65625,0.34375,0.03,0.5708483607083783,28.931098376121266,-0.6826621140073807,0.0,402016.6584120669,9060.688670865386,91700.1228779875,541.2370905278457,474.2307833282551
1.65625,0.40625,-0.01,0.5705957342167466,28.58110312959651,-0.800106551938624,0.0,402172.8603143129,9061.126996684841,91697.4769042021,541.4610518881581,474.32889041314723
1.65625,0.40625,0.01,0.5705957342167466,28.578813685704038,-0.8000501046128452,0.0,402174.1469069409,9061.127953535422,91698.26135707267,541.4628740849255,474.329688549819
1.65625,0.40625,0.03,0.5705957342167466,28.58110312959651,-0.800106551938624,0.0,402172.8603143129,9061.126996684841,91697.4769042021,541.4610518881581,474.32889041314723
1.65625,0.46875,-0.01,0.5703396266902817,28.248103802556432,-0.9118426175352736,0.0,402330.98816367635,9061.569494065438,91694.53724986913,541.6867853786747,474.42775325706543
1.65625,0.46875,0.01,0.5703396266902817,28.24580802813138,-0.9117742693395231,0.0,402332.3093381428,9061.570534717246,91695.3224978984,541.6886534183323,474.4285713027678
1.65625,0.46875,0.03,0.5703396266902817,28.248103802556432,-0.9118426175352736,0.0,402330.98816367635,9061.569494065438,91694.53724986913,541.6867853786747,474.42775325706543
1.65625,0.53125,-0.01,0.5700869178322814,27.93278479793778,-1.0164199475914735,0.0,402486.3292960174,9062.003887467048,91691.33475657622,541.9079413854156,474.5245913590442
1.65625,0.53125,0.01,0.5700869178322814,27.93048461675881,-1.0163394019410192,0.0,402487.6825379703,9062.005005136596,91692.1208618225,541.9098518593217,474.5254278166612
1.65625,0.53125,0.03,0.5700869178322814,27.93278479793778,-1.0164199475914735,0.0,402486.3292960174,9062.003887467048,91691.33475657622,541.9079413854156,474.5245913590442
1.65625,0.59375,-0.01,0.5698456689434552,27.637009172614682,-1.11240544867908,0.0,402633.382334525,9062.415779595975,91687.9069230522,542.1170639805663,474.61614218777356
1.65625,0.59375,0.01,0.5698456689434552,27.634706838484117,-1.112312614066173,0.0,402634.7639275333,9062.416964472974,91688.69394027573,542.1190118555701,474.61699485609074
1.65625,0.59375,0.03,0.5698456689434552,27.637009172614682,-1.11240544867908,0.0,402633.382334525,9062.415779595975,91687.9069230522,542.1170639805663,474.61614218777356
1.65625,0.65625,-0.01,0.5696247851737695,27.365097655600476,-1.198395654765299,0.0,402766.13527348766,9062.789278791743,91684.29963988776,542.3059203673378,474.69880559259485
1.65625,0.65625,0.01,0.5696247851737695,27.36279597045284,-1.1982906475923043,0.0,402767.5400528539,9062.79051741876,91685.08761571547,542.3078986535786,474.6996714224005
1.65625,0.65625,0.03,0.5696247851737695,27.365097655600476,-1.198395654765299,0.0,402766.13527348766,9062.789278791743,91684.29963988776,542.3059203673378,474.69880559259485
1.65625,0.71875,-0.01,0.5694336693720321,27.12397783642095,-1.2730413063951729,0.0,402878.26638366247,9063.107546069386,91680.55650104207,542.4657695144786,474.76876113393996
1.65625,0.71875,0.01,0.5694336693720321,27.121679585032687,-1.2729244530913004,0.0,402879.68717183865,9063.108819971136,91681.34546735574,542.4677685333562,474.7696359088059
1.65625,0.71875,0.03,0.5694336693720321,27.12397783642095,-1.2730413063951729,0.0,402878.26638366247,9063.107546069386,91680.55650104207,542.4657695144786,474.76876113393996
1.65625,0.78125,-0.01,0.5692861200558557,26.90289206173282,-1.3347362557770506,0.0,402959.6633808589,9063.34535655969,91676.67709425918,542.5834094606198,474.8202378785858
1.65625,0.78125,0.01,0.5692861200558557,26.900596406955135,-1.3346079904651877,0.0,402961.0881316484,9063.346635016971,91677.46707913342,542.5854130712657,474.8211145677626
1.65625,0.78125,0.03,0.5692861200558557,26.90289206173282,-1.3347362557770506,0.0,402959.6633808589,9063.34535655969,91676.67709425918,542.5834094606198,474.8202378785858
1.65625,0.84375,-0.01,0.5692293003657047,26.488704252750846,-1.3767302548336526,0.0,402971.0577641508,9063.416277753304,91672.61864930084,542.6135907608606,474.83344367573017
1.65625,0.84375,0.01,0.5692293003657047,26.486391491909174,-1.3765901830089922,0.0,402972.4560381967,9063.417482620214,91673.40978405622,542.6155580468993,474.8343044469803
1.65625,0.84375,0.03,0.5692293003657047,26.488704252750846,-1.3767302548336526,0.0,402971.0577641508,9063.416277753304,91672.61864930084,542.6135907608606,474.83344367573017
1.65625,0.90625,-0.01,0.5694386228799395,24.293755970408284,-1.343648240150208,0.0,402757.55310349213,9063.016510071831,91670.37478406615,542.4010203754993,474.74042590285853
1.65625,0.90625,0.01,0.5694386228799395,24.291383136662056,-1.343492174418433,0.0,402758.8382538586,9063.017408848273,91671.16784204502,542.4028303516187,474.7412179995588
1.65625,0.90625,0.03,0.5694386228799395,24.293755970408284,-1.343648240150208,0.0,402757.55310349213,9063.016510071831,91670.37478406615,542.4010203754993,474.74042590285853
1.65625,0.96875,-0.01,0.5701789465064829,12.842296431567958,-0.9121050871144188,0.0,402100.7893362924,9061.812745743213,91688.30006975897,541.8031146625731,474.47869309863887
1.65625,0.96875,0.01,0.5701789465064829,12.840317419327867,-0.9120028460100639,0.0,402101.866357689,9061.812969418579,91689.11106169228,541.804600549028,474.4793437233408
1.65625,0.96875,0.03,0.5701789465064829,12.842296431567958,-0.9121050871144188,0.0,402100.7893362924,9061.812745743213,91688.30006975897,541.8031146625731,474.47869309863887
1.65625,1.03125,-0.01,0.5708627228679568,-0.01538578006559563,0.0010927522458177431,0.0,402101.93056564085,9061.612007196109,91817.46477394695,541.9163483108929,474.5282721294298
1.65625,1.03125,0.01,0.5715464992294307,-12.842296431567958,0.9121050871144188,0.0,402103.0690637499,9061.105787489876,91908.78006775882,541.8061870715454,474.4800384125433
1.65625,1.03125,0.03,0.5708627228679568,-0.01538578006559563,0.0010927522458177431,0.0,402101.93056564085,9061.612007196109,91817.46477394695,541.9163483108929,474.5282721294298
1.71875,-0.03125,-0.01,0.5722166897126424,30.94056715809051,-3.0316025598249423e-18,0.0,401287.81916218356,9058.519491433666,91739.34184252667,540.1740698303926,473.7648462010713
1.71875,-0.03125,0.01,0.5722166897126424,30.940567158090506,0.039844603931044324,0.0,401287.8191621836,9058.519489964146,91739.34166083833,540.1740687605864,473.76484573192937
1.71875,-0.03125,0.03,0.5722166897126424,30.94056715809051,-3.0316025598249423e-18,0.0,401287.81916218356,9058.519491433666,91739.34184252667,540.1740698303926,473.7648462010713
1.71875,0.03125,-0.01,0.5722166897126424,30.94056715809051,-0.039844603931044324,0.0,401287.8191621836,9058.519489964146,91739.34166083834,540.1740687605864,473.76484573192937
1.71875,0.03125,0.01,0.5722166897126424,30.938283863762656,-0.03978202572390546,0.0,401288.8646555557,9058.51982726868,91740.13154195508,540.1755729919588,473.7655053817434
1.71875,0.03125,0.03,0.5722166897126424,30.94056715809051,-0.039844603931044324,0.0,401287.8191621836,9058.519489964146,91739.34166083834,540.1740687605864,473.76484573192937
1.71875,0.09375,-0.01,0.5720978943950332,30.518354863650536,-0.12081130985901324,0.0,401354.82753117586,9058.729102719912,91738.61390302233,540.2818534254685,473.8121101611383
1.71875,0.09375,0.01,0.5720978943950332,30.516055819799373,-0.12080869710686257,0.0,401355.8748358386,9058.729494630341,91739.38778288284,540.2833594434895,473.8127705285694
1.71875,0.09375,0.03,0.5720978943950332,30.518354863650536,-0.12081130985901324,0.0,401354.82753117586,9058.729102719912,91738.61390302233,540.2818534254685,473.8121101611383
1.71875,0.15625,-0.01,0.5719489230832974,30.102492347376167,-0.20393926054458314,0.0,401442.0510268533,9058.991103106842,91737.56669263872,540.4163749440435,473.87109229910715
1.71875,0.15625,0.01,0.5719489230832974,30.100176849051728,-0.20393301781090106,0.0,401443.1249458822,9058.991560857545,91738.34093288312,540.417916210744,473.87176803845193
1.71875,0.15625,0.03,0.5719489230832974,30.102492347376167,-0.20393926054458314,0.0,401442.0510268533,9058.991103106842,91737.56669263872,540.4163749440435,473.87109229910715
1.71875,0.21875,-0.01,0.5717823428863108,29.702873576007008,-0.28839944987342264,0.0,401541.304488263,9059.283245789828,91736.28269241376,540.5662163770962,473.9367829457965
1.71875,0.21875,0.01,0.5717823428863108,29.700543361446076,-0.28838849599614935,0.0,401542.40678976494,9059.283773581768,91737.05734986106,540.5677952396495,473.9374750723762
1.71875,0.21875,0.03,0.5717823428863108,29.702873576007008,-0.28839944987342264,0.0,401541.304488263,9059.283245789828,91736.28269241376,540.5662163770962,473.9367829457965
1.71875,0.28125,-0.01,0.5716013449910476,29.317825169099923,-0.3730360999446825,0.0,401650.33827869943,9059.599831409343,91734.77059288215,540.7284383617391,474.00789097658475
1.71875,0.28125,0.01,0.5716013449910476,29.31548212354425,-0.3730193848822829,0.0,401651.4699450119,9059.60043143048,91735.54571588473,540.7300561013653,474.0086000393234
1.71875,0.28125,0.03,0.5716013449910476,29.317825169099923,-0.3730360999446825,0.0,401650.33827869943,9059.599831409343,91734.77059288215,540.7284383617391,474.00789097658475
1.71875,0.34375,-0.01,0.5714085062571809,28.947021219386915,-0.456699911622765,0.0,401767.37076836533,9059.936269440936,91733.038767178,540.900675825098,474.08337749687524
1.71875,0.34375,0.01,0.5714085062571809,28.944667257487808,-0.4566765036910681,0.0,401768.5322120076,9059.936942393555,91733.81441062753,540.9023329568324,474.08410370969307
1.71875,0.34375,0.03,0.5714085062571809,28.947021219386915,-0.456699911622765,0.0,401767.37076836533,9059.936269440936,91733.038767178,540.900675825098,474.08337749687524
1.71875,0.40625,-0.01,0.5712070946873519,28.590439994262056,-0.5382663208721575,0.0,401890.1496309149,9060.286724876945,91731.0976765133,541.0799166254258,474.16192060961293
1.71875,0.40625,0.01,0.5712070946873519,28.588077023777124,-0.5382354379621381,0.0,401891.3405386237,9060.287469613962,91731.87389290374,541.0816126899886,474.16266376101777
1.71875,0.40625,0.03,0.5712070946873519,28.590439994262056,-0.5382663208721575,0.0,401890.1496309149,9060.286724876945,91731.0976765133,541.0799166254258,474.16192060961293
1.71875,0.46875,-0.01,0.5710013924555518,28.24828207471207,-0.6166330718293108,0.0,402015.7371172744,9060.643559993177,91728.96390625791,541.2622160094546,474.24179064718516
1.71875,0.46875,0.01,0.5710013924555518,28.245912122425786,-0.6165940766921305,0.0,402016.95635435486,9060.644373275605,91729.74074464221,541.2639494399099,474.2425500429831
1.71875,0.46875,0.03,0.5710013924555518,28.24828207471207,-0.6166330718293108,0.0,402015.7371172744,9060.643559993177,91728.96390625791,541.2622160094546,474.24179064718516
1.71875,0.53125,-0.01,0.5707967109101401,27.921253235418764,-0.6907062151352894,0.0,402140.50248604233,9060.997300008827,91726.659797624,541.4426762228925,474.32084165060286
1.71875,0.53125,0.01,0.5707967109101401,27.918878547131126,-0.6906586128544268,0.0,402141.74799337966,9060.99817625038,91727.43730233709,541.4444442035782,474.3216160533597
1.71875,0.53125,0.03,0.5707967109101401,27.921253235418764,-0.6907062151352894,0.0,402140.50248604233,9060.997300008827,91726.659797624,541.4426762228925,474.32084165060286
1.71875,0.59375,-0.01,0.5705992143481197,27.61120087273142,-0.7593923345019783,0.0,402260.2598845767,9061.3369494204,91724.2133204438,541.6156096218338,474.39658315597546
1.71875,0.59375,0.01,0.5705992143481197,27.608824018033392,-0.7593357748237763,0.0,402261.52853251377,9061.337880322757,91724.9915302522,541.617407891206,474.3973706998743
1.71875,0.59375,0.03,0.5705992143481197,27.61120087273142,-0.7593923345019783,0.0,402260.2598845767,9061.3369494204,91724.2133204438,541.6156096218338,474.39658315597546
1.71875,0.65625,-0.01,0.5704154308759483,27.322361664969915,-0.8215964859543154,0.0,402370.64958105696,9061.650890599494,91721.65925682981,541.775008554162,474.46638611647234
1.71875,0.65625,0.01,0.5704154308759483,27.31998574351788,-0.8215307622135022,0.0,402371.93696972076,9061.651864645173,91722.43820466379,541.7768311358639,474.4671841904076
1.71875,0.65625,0.03,0.5704154308759483,27.322361664969915,-0.8215964859543154,0.0,402370.64958105696,9061.650890599494,91721.65925682981,541.775008554162,474.46638611647234
1.71875,0.71875,-0.01,0.5702515459698065,27.06165688910396,-0.8762428472607181,0.0,402467.59588255,9061.928086353964,91719.02857372315,541.9151554514749,474.5277498663243
1.71875,0.71875,0.01,0.5702515459698065,27.059285040371037,-0.8761679027799871,0.0,402468.8958686273,9061.929087657394,91719.8082804905,541.9169940432375,474.5285548466457
1.71875,0.71875,0.03,0.5702515459698065,27.06165688910396,-0.8762428472607181,0.0,402467.59588255,9061.928086353964,91719.02857372315,541.9151554514749,474.5277498663243
1.71875,0.78125,-0.01,0.570115219293172,26.81928292803922,-0.9222273624862437,0.0,402545.24123867275,9062.15428681208,91716.28763808716,542.0285431517945,474.5773912128912
1.71875,0.78125,0.01,0.570115219293172,26.816914585017106,-0.9221432248971524,0.0,402546.54363933904,9062.155289326525,91717.06812236253,542.0303841123251,474.57819714600606
1.71875,0.78125,0.03,0.570115219293172,26.81928292803922,-0.9222273624862437,0.0,402545.24123867275,9062.15428681208,91716.28763808716,542.0285431517945,474.5773912128912
1.71875,0.84375,-0.01,0.5700341903159708,26.38646480892006,-0.9561001204453552,0.0,402577.37007105746,9062.276948493783,91713.18985629923,542.0873183891928,474.6031210781039
1.71875,0.84375,0.01,0.5700341903159708,26.384078824799836,-0.9560060825201334,0.0,402578.64966114797,9062.277887283984,91713.97124668698,542.0891278701029,474.60391318718086
1.71875,0.84375,0.03,0.5700341903159708,26.38646480892006,-0.9561001204453552,0.0,402577.37007105746,9062.276948493783,91713.18985629923,542.0873183891928,474.6031210781039
1.71875,0.90625,-0.01,0.5701176685802717,24.167717663798488,-0.9449318377991462,0.0,402451.1417717414,9062.104175305029,91710.602919931,541.9927978909888,474.56174243154453
1.71875,0.90625,0.01,0.5701176685802717,24.16525978034485,-0.9448230043292258,0.0,402452.327413761,9062.104857002854,91711.38610251628,541.9944759816447,474.5624770879942
1.71875,0.90625,0.03,0.5701176685802717,24.167717663798488,-0.9449318377991462,0.0,402451.1417717414,9062.104175305029,91710.602919931,541.9927978909888,474.56174243154453
1.71875,0.96875,-0.01,0.5705096632114072,12.492363076997629,-0.6635720372689533,0.0,402022.4199331141,9061.50453515992,91724.65182934114,541.7037334252909,474.4351750375144
1.71875,0.96875,0.01,0.5705096632114072,12.490278944546924,-0.6635098365665907,0.0,402023.4452307311,9061.504659336388,91725.45319585214,541.7051503693033,474.43579553133736
1.71875,0.96875,0.03,0.5705096632114072,12.492363076997629,-0.6635720372689533,0.0,402022.4199331141,9061.50453515992,91724.65182934114,541.7037334252909,474.4351750375144
1.71875,1.03125,-0.01,0.5710817992770394,-0.012518010098239954,0.0006649343612768925,0.0,402022.67804633273,9061.351890060401,91834.59062388897,541.8095390401095,474.48150613269036
1.71875,1.03125,0.01,0.5716539353426717,-12.492363076997629,0.6635720372689533,0.0,402022.9356427829,9060.910668304168,91908.78006775885,541.7044284517988,474.4354793966103
1.71875,1.03125,0.03,0.5710817992770394,-0.012518010098239954,0.0006649343612768925,0.0,402022.67804633273,9061.351890060401,91834.59062388897,541.8095390401095,474.48150613269036
1.78125,-0.03125,-0.01,0.5725280499544421,30.877192048769462,-1.514976955929089e-18,0.0,401228.4740076084,9058.25179728331,91776.11670355045,540.0967298021563,473.7309290804137
1.78125,-0.03125,0.01,0.572528049954442,30.877192048769462,0.02420996859812786,0.0,401228.4740076084,9058.251796740702,91776.11663643653,540.0967294071951,473.7309289071991
1.78125,-0.03125,0.03,0.5725280499544421,30.877192048769462,-1.514976955929089e-18,0.0,401228.4740076084,9058.25179728331,91776.11670355045,540.0967298021563,473.7309290804137
1.78125,0.03125,-0.01,0.5725280499544421,30.877192048769462,-0.024209968598127865,0.0,401228.4740076085,9058.251796740702,91776.11663643653,540.0967294071951,473.7309289071991
1.78125,0.03125,0.01,0.5725280499544421,30.874853003853403,-0.024149244055215093,0.0,401229.47306366154,9058.252047292339,91776.89782966887,540.0981731779834,473.7315620886112
1.78125,0.03125,0.03,0.5725280499544421,30.877192048769462,-0.024209968598127865,0.0,401228.4740076085,9058.251796740702,91776.11663643653,540.0967294071951,473.7309289071991
1.78125,0.09375,-0.01,0.5724364335621429,30.46145978741344,-0.07415225243404547,0.0,401277.0449187965,9058.412769988736,91775.4859824436,540.1793691419515,473.7671701013734
1.78125,0.09375,0.01,0.5724364335621429,30.45910250507806,-0.07415366856711769,0.0,401278.0410052576,9058.413062783582,91776.25126128289,540.1808083465859,473.7678012319678
1.78125,0.09375,0.03,0.5724364335621429,30.46145978741344,-0.07415225243404547,0.0,401277.0449187965,9058.412769988736,91775.4859824436,540.1793691419515,473.7671701013734
1.78125,0.15625,-0.01,0.5723211307555938,30.051015224339505,-0.12664060389379134,0.0,401341.6439179521,9058.615099076298,91774.63465072394,540.2831592197089,473.81268273334916
1.78125,0.15625,0.01,0.5723211307555938,30.048639190260484,-0.1266412427794333,0.0,401342.6608112485,9058.615443227924,91775.40022543466,540.2846259213652,473.81332586034944
1.78125,0.15625,0.03,0.5723211307555938,30.051015224339505,-0.12664060389379134,0.0,401341.6439179521,9058.615099076298,91774.63465072394,540.2831592197089,473.81268273334916
1.78125,0.21875,-0.01,0.5721915123531209,29.65472814827228,-0.18109711118703672,0.0,401416.23702501296,9058.842237276078,91773.63256627525,540.3996215312089,473.8637470187479
1.78125,0.21875,0.01,0.5721915123531209,29.652335365030684,-0.1810959889350551,0.0,401417.2763084387,9058.842636557345,91774.39847772584,540.4011178089755,473.8644030437246
1.78125,0.21875,0.03,0.5721915123531209,29.65472814827228,-0.18109711118703672,0.0,401416.23702501296,9058.842237276078,91773.63256627525,540.3996215312089,473.8637470187479
1.78125,0.28125,-0.01,0.5720498122332536,29.27091593738727,-0.23666275271395107,0.0,401499.22281384375,9059.090179166678,91772.48367816384,540.5266867241343,473.9194539872912
1.78125,0.28125,0.01,0.5720498122332536,29.268508546544258,-0.23665887506993508,0.0,401500.2854296637,9059.090635709745,91773.24995877505,540.5282137866341,473.9201234307551
1.78125,0.28125,0.03,0.5720498122332536,29.27091593738727,-0.23666275271395107,0.0,401499.22281384375,9059.090179166678,91772.48367816384,540.5266867241343,473.9194539872912
1.78125,0.34375,-0.01,0.5718978751290422,28.89929860238031,-0.2924818176122044,0.0,401589.3126224414,9059.355620332817,91771.19155086952,540.6626484094065,473.9790540383368
1.78125,0.34375,0.01,0.5718978751290422,28.896878777719632,-0.29247426602231974,0.0,401590.3990524063,9059.356135060834,91771.95824081653,540.6642068467129,473.97973715017196
1.78125,0.34375,0.03,0.5718978751290422,28.89929860238031,-0.2924818176122044,0.0,401589.3126224414,9059.355620332817,91771.19155086952,540.6626484094065,473.9790540383368
1.78125,0.40625,-0.01,0.5717380314131382,28.53991995445238,-0.3477161755270385,0.0,401684.89278921526,9059.634385990454,91769.76150663216,540.8053488146124,474.04160000937446
1.78125,0.40625,0.01,0.5717380314131382,28.53748985032572,-0.3477041379541764,0.0,401686.0029306741,9059.634958336796,91770.52864453009,540.8069384341126,474.0422966973964
1.78125,0.40625,0.03,0.5717380314131382,28.53991995445238,-0.3477161755270385,0.0,401684.89278921526,9059.634385990454,91769.76150663216,540.8053488146124,474.04160000937446
1.78125,0.46875,-0.01,0.5715733885707285,28.193010310471326,-0.4015410705509637,0.0,401783.8284617332,9059.920925903283,91768.20388817297,540.9519203893992,474.10583413432397
1.78125,0.46875,0.01,0.5715733885707285,28.190572190529707,-0.40152383645891193,0.0,401784.96150809445,9059.921553502607,91768.97151030587,540.9535400501132,474.1065438924283
1.78125,0.46875,0.03,0.5715733885707285,28.193010310471326,-0.4015410705509637,0.0,401783.8284617332,9059.920925903283,91768.20388817297,540.9519203893992,474.10583413432397
1.78125,0.53125,-0.01,0.5714078439850805,27.859269079819303,-0.45313030399253557,0.0,401883.45950848475,9060.208287092833,91766.5338786907,541.0987700918026,474.1701814207066
1.78125,0.53125,0.01,0.5714078439850805,27.856825419453195,-0.4531072626571227,0.0,401884.6138374375,9060.20896549747,91767.30201822471,541.1004175513701,474.1709032626795
1.78125,0.53125,0.03,0.5714078439850805,27.859269079819303,-0.45313030399253557,0.0,401883.45950848475,9060.208287092833,91766.5338786907,541.0987700918026,474.1701814207066
1.78125,0.59375,-0.01,0.5712458631397193,27.54049724183518,-0.5016438719093373,0.0,401980.7721002751,9060.488516049933,91764.77165469348,541.2417881170136,474.23284133259
1.78125,0.59375,0.01,0.5712458631397193,27.538050837781732,-0.5016145139186745,0.0,401981.9451514126,9060.489238423861,91765.54034035513,541.2434598664152,474.2335737204746
1.78125,0.59375,0.03,0.5712458631397193,27.54049724183518,-0.5016438719093373,0.0,401980.7721002751,9060.488516049933,91764.77165469348,541.2417881170136,474.23284133259
1.78125,0.65625,-0.01,0.5710918864885131,27.24082245010201,-0.5462184238333361,0.0,402072.84964919306,9060.753741581102,91762.94302153353,541.3769127601491,474.2920353433074
1.78125,0.65625,0.01,0.5710918864885131,27.23837661395654,-0.5461823413438661,0.0,402074.0377743029,9060.754498315418,91763.71227837031,541.3786038227033,474.29277609975225
1.78125,0.65625,0.03,0.5710918864885131,27.24082245010201,-0.5462184238333361,0.0,402072.84964919306,9060.753741581102,91762.94302153353,541.3769127601491,474.2920353433074
1.78125,0.71875,-0.01,0.5709493139799674,26.967137388335242,-0.5859851531925967,0.0,402157.55425784446,9060.997944375042,91761.06960511385,541.5010368181722,474.34640382181345
1.78125,0.71875,0.01,0.5709493139799674,26.96469552992879,-0.5859420486026635,0.0,402158.75236431806,9060.998722228944,91761.83944876683,541.5027402934837,474.3471499300363
1.78125,0.71875,0.03,0.5709493139799674,26.967137388335242,-0.5859851531925967,0.0,402157.55425784446,9060.997944375042,91761.06960511385,541.5010368181722,474.34640382181345
1.78125,0.78125,-0.01,0.5708205452873095,26.71074202220483,-0.6201771552648464,0.0,402232.7029412099,9061.216324889716,91759.09885028795,541.6115616734089,474.3948103705761
1.78125,0.78125,0.01,0.5708205452873095,26.70830378505558,-0.620126802656225,0.0,402233.9027474545,9061.21710262109,91759.86929463243,541.6132664734383,474.3955569828233
1.78125,0.78125,0.03,0.5708205452873095,26.71074202220483,-0.6201771552648464,0.0,402232.7029412099,9061.216324889716,91759.09885028795,541.6115616734089,474.3948103705761
1.78125,0.84375,-0.01,0.5707165891282516,26.26892815961031,-0.6474595639508103,0.0,402283.5543391109,9061.385855673168,91756.6592719487,541.6958442639352,474.4317202807485
1.78125,0.84375,0.01,0.5707165891282516,26.266470870256953,-0.6474011058902385,0.0,402284.73572494753,9061.386581411769,91757.43043884494,541.697523470165,474.4324556270608
1.78125,0.84375,0.03,0.5707165891282516,26.26892815961031,-0.6474595639508103,0.0,402283.5543391109,9061.385855673168,91756.6592719487,541.6958442639352,474.4317202807485
1.78125,0.90625,-0.01,0.5706884796736036,24.048644448369274,-0.6500952819598489,0.0,402234.9404207372,9061.413910638745,91753.77394445446,541.7056070874626,474.4359955325718
1.78125,0.90625,0.01,0.5706884796736036,24.046101264004783,-0.6500235935089347,0.0,402236.0464250348,9061.414427322246,91754.54676875543,541.7071801437995,474.4366843882876
1.78125,0.90625,0.03,0.5706884796736036,24.048644448369274,-0.6500952819598489,0.0,402234.9404207372,9061.413910638745,91753.77394445446,541.7056070874626,474.4359955325718
1.78125,0.96875,-0.01,0.5707702126087083,12.196409715133422,-0.47210040535082953,0.0,402009.34398752195,9061.351818502404,91764.41767015075,541.691181055466,474.4296781949536
1.78125,0.96875,0.01,0.5707702126087083,12.19421377573032,-0.4720714280920827,0.0,402010.33083178545,9061.351879496477,91765.20878570904,541.6925471445614,474.43027642584974
1.78125,0.96875,0.03,0.5707702126087083,12.196409715133422,-0.47210040535082953,0.0,402009.34398752195,9061.351818502404,91764.41767015075,541.691181055466,474.4296781949536
1.78125,1.03125,-0.01,0.5712191461615186,-0.009587247286354133,0.00037110456567154067,0.0,402009.30494708667,9061.255845348142,91853.6182646254,541.7915160391645,474.47361438186806
1.78125,1.03125,0.01,0.571668079714329,-12.196409715133422,0.4721004053508296,0.0,402009.2659679802,9060.88506247026,91908.78006775903,541.6910759078356,474.42963214919854
1.78125,1.03125,0.03,0.5712191461615186,-0.009587247286354133,0.00037110456567154067,0.0,402009.30494708667,9061.255845348142,91853.6182646254,541.7915160391645,474.47361438186806
1.84375,-0.03125,-0.01,0.5728199724279799,30.762076049545477,0.0,0.0,401200.0938603492,9058.054519693716,91817.2232552186,540.0632630713073,473.71625164373415
1.84375,-0.03125,0.01,0.5728199724279799,30.762076049545477,0.013021914723586454,0.0,401200.09386034915,9058.054519536725,91817.22323579206,540.0632629570416,473.71625159362003
1.84375,-0.03125,0.03,0.5728199724279799,30.762076049545477,0.0,0.0,401200.0938603492,9058.054519693716,91817.2232552186,540.0632630713073,473.71625164373415
1.84375,0.03125,-0.01,0.57281997242798,30.762076049545477,-0.013021914723586454,0.0,401200.0938603492,9058.054519536725,91817.22323579207,540.0632629570417,473.7162515936201
1.84375,0.03125,0.01,0.57281997242798,30.759685948988327,-0.012962712820757767,0.0,401201.05359918106,9058.054703666043,91817.99489311753,540.0646554923514,473.7168623240911
1.84375,0.03125,0.03,0.57281997242798,30.762076049545477,-0.013021914723586454,0.0,401200.0938603492,9058.054519536725,91817.22323579207,540.0632629570417,473.7162515936201
1.84375,0.09375,-0.01,0.5727493907875024,30.35273480789532,-0.040639564034890156,0.0,401234.59123018396,9058.17807825279,91816.69261810406,540.1266120609671,473.744034098133
1.84375,0.09375,0.01,0.5727493907875024,30.35032423221559,-0.04064364266445151,0.0,401235.54418366204,9058.178294585654,91817.44848356882,540.127994969284,473.74464057088494
1.84375,0.09375,0.03,0.5727493907875024,30.35273480789532,-0.040639564034890156,0.0,401234.59123018396,9058.17807825279,91816.69261810406,540.1266120609671,473.744034098133
1.84375,0.15625,-0.01,0.5726602673615426,29.948054066379086,-0.07085583122559473,0.0,401281.77108831063,9058.334183130872,91816.01029894144,540.2066382841708,473.7791282230979
1.84375,0.15625,0.01,0.5726602673615426,29.945622637860932,-0.0708611043726168,0.0,401282.7400736822,9058.334438919934,91816.7664024398,540.2080423254035,473.7797439180486
1.84375,0.15625,0.03,0.5726602673615426,29.948054066379086,-0.07085583122559473,0.0,401281.77108831063,9058.334183130872,91816.01029894144,540.2066382841708,473.7791282230979
1.84375,0.21875,-0.01,0.5725596126342422,29.556017185716847,-0.10329390421557227,0.0,401337.1688151208,9058.510468833681,91815.23364030308,540.2970140220541,473.8187578245968
1.84375,0.21875,0.01,0.5725596126342422,29.55356708419801,-0.10329951538719381,0.0,401338.15520505974,9058.510767345513,91815.99001060629,540.298440978389,473.81938351585
1.84375,0.21875,0.03,0.5725596126342422,29.556017185716847,-0.10329390421557227,0.0,401337.1688151208,9058.510468833681,91815.23364030308,540.2970140220541,473.8187578245968
1.84375,0.28125,-0.01,0.572448919358463,29.174922819655656,-0.1373383439201464,0.0,401399.68306549214,9058.704238877452,91814.36265898883,540.3963417436863,473.86230903220877
1.84375,0.28125,0.01,0.572448919358463,29.172456369486977,-0.13734339439398685,0.0,401400.6877389714,9058.704582115413,91815.11931685974,540.3977927251381,473.8629451995053
1.84375,0.28125,0.03,0.572448919358463,29.174922819655656,-0.1373383439201464,0.0,401399.68306549214,9058.704238877452,91814.36265898883,540.3963417436863,473.86230903220877
1.84375,0.34375,-0.01,0.5723294337501319,28.804518090696785,-0.17237410993786614,0.0,401468.4286038018,9058.913242272984,91813.39727034215,540.5034550083102,473.90926940191105
1.84375,0.34375,0.01,0.5723294337501319,28.802037643545347,-0.17237774280502394,0.0,401469.4520657587,9058.913631248553,91814.15424601521,540.5049306233226,473.9099163054124
1.84375,0.34375,0.03,0.5723294337501319,28.804518090696785,-0.17237410993786614,0.0,401468.4286038018,9058.913242272984,91813.39727034215,540.5034550083102,473.90926940191105
1.84375,0.40625,-0.01,0.5722027394123029,28.444886065550737,-0.20779610460600867,0.0,401542.30040372483,9059.134628094565,91812.3390650412,540.6168774157319,473.9589907405333
1.84375,0.40625,0.01,0.5722027394123029,28.44239394738813,-0.20779753384301924,0.0,401543.342695088,9059.135062637306,91813.09638754436,540.6183776528991,473.9596483692812
1.84375,0.40625,0.03,0.5722027394123029,28.444886065550737,-0.20779610460600867,0.0,401542.30040372483,9059.134628094565,91812.3390650412,540.6168774157319,473.9589907405333
1.84375,0.46875,-0.01,0.5720709706748962,28.096265083404028,-0.243004161207645,0.0,401619.8280282427,9059.364576462502,91811.19368712569,540.7346340254892,474.0106065588314
1.84375,0.46875,0.01,0.5720709706748962,28.09376372159781,-0.24300266951823607,0.0,401620.88861375325,9059.365054925049,91811.9513843156,540.7361580978194,474.0112745629643
1.84375,0.46875,0.03,0.5720709706748962,28.096265083404028,-0.243004161207645,0.0,401619.8280282427,9059.364576462502,91811.19368712569,540.7346340254892,474.0106065588314
1.84375,0.53125,-0.01,0.5719368107205266,27.759328935459617,-0.277389257941123,0.0,401699.183848278,9059.598301343098,91809.97094640906,540.8542522970406,474.06303263855784
1.84375,0.53125,0.01,0.5719368107205266,27.756820964601093,-0.2773841960093819,0.0,401700.26150183444,9059.598820307123,91810.72904412549,540.855798484916,474.06371026102846
1.84375,0.53125,0.03,0.5719368107205266,27.759328935459617,-0.277389257941123,0.0,401699.183848278,9059.598301343098,91809.97094640906,540.8542522970406,474.06303263855784
1.84375,0.59375,-0.01,0.571803252548235,27.435811432889817,-0.3103200944803334,0.0,401778.36682591774,9059.83048444071,91808.6849534745,540.9729876039711,474.1150660010733
1.84375,0.59375,0.01,0.571803252548235,27.433299814364904,-0.3103108830657151,0.0,401779.459520543,9059.831038437436,91809.44347474036,540.9745531061569,474.11575201280783
1.84375,0.59375,0.03,0.571803252548235,27.435811432889817,-0.3103200944803334,0.0,401778.36682591774,9059.83048444071,91808.6849534745,540.9729876039711,474.1150660010733
1.84375,0.65625,-0.01,0.5716729565017723,27.12971971819956,-0.34113111648977706,0.0,401855.6865728948,9060.056445635677,91807.35457747639,541.088433344584,474.16565230238
1.84375,0.65625,0.01,0.5716729565017723,27.127207915097056,-0.34111724726276504,0.0,401856.79136779235,9060.057026855762,91808.11354301934,541.0900141275871,474.1663449363472
1.84375,0.65625,0.03,0.5716729565017723,27.12971971819956,-0.34113111648977706,0.0,401855.6865728948,9060.056445635677,91807.35457747639,541.088433344584,474.16565230238
1.84375,0.71875,-0.01,0.571547023219256,26.847902746686078,-0.36913723556248723,0.0,401930.6009603409,9060.27430490434,91805.99486306179,541.1996332725655,474.2143730607672
1.84375,0.71875,0.01,0.571547023219256,26.84539437665538,-0.3691182814839286,0.0,401931.71375626436,9060.27490261789,91806.75428649355,541.2012237634667,474.21506987673393
1.84375,0.71875,0.03,0.571547023219256,26.847902746686078,-0.36913723556248723,0.0,401930.6009603409,9060.27430490434,91805.99486306179,541.1996332725655,474.2143730607672
1.84375,0.78125,-0.01,0.5714236876711163,26.582791463678202,-0.39381330330196035,0.0,402003.86890398123,9060.48679532252,91804.54687465544,541.3079096476031,474.26180809419185
1.84375,0.78125,0.01,0.5714236876711163,26.58028634462003,-0.3937888993756264,0.0,402004.9832020362,9060.487392815914,91805.30676798573,541.3095011537822,474.2625052852266
1.84375,0.78125,0.03,0.5714236876711163,26.582791463678202,-0.39381330330196035,0.0,402003.86890398123,9060.48679532252,91804.54687465544,541.3079096476031,474.26180809419185
1.84375,0.84375,-0.01,0.5713007064263766,26.138584556074143,-0.41506555607500584,0.0,402070.0835727331,9060.694617683339,91802.5900517126,541.4129172934333,474.3078065916346
1.84375,0.84375,0.01,0.5713007064263766,26.13605855452479,-0.4150348113835744,0.0,402071.1839643955,9060.695175239702,91803.35052495806,541.4144892979316,474.30849517279
1.84375,0.84375,0.03,0.5713007064263766,26.138584556074143,-0.41506555607500584,0.0,402070.0835727331,9060.694617683339,91802.5900517126,541.4129172934333,474.3078065916346
1.84375,0.90625,-0.01,0.5711806617446008,23.93237347771011,-0.4248657684089564,0.0,402086.25006773445,9060.888897623356,91799.59635953051,541.5091382239023,474.3499521606341
1.84375,0.90625,0.01,0.5711806617446008,23.929746888431634,-0.42482375390439026,0.0,402087.29237200046,9060.889291397287,91800.35832291692,541.5106276837158,474.35060452700765
1.84375,0.90625,0.03,0.5711806617446008,23.93237347771011,-0.4248657684089564,0.0,402086.25006773445,9060.888897623356,91799.59635953051,541.5091382239023,474.3499521606341
1.84375,0.96875,-0.01,0.5709941766385311,11.947181984905864,-0.31621394804368913,0.0,402036.3337676871,9061.29085468101,91807.29556579572,541.7316929829734,474.44741865488646
1.84375,0.96875,0.01,0.5709941766385311,11.944872478549952,-0.31621353215816883,0.0,402037.29213124607,9061.290880521585,91808.07573315808,541.7330217607582,474.4480005248523
1.84375,0.96875,0.03,0.5709941766385311,11.947181984905864,-0.31621394804368913,0.0,402036.3337676871,9061.29085468101,91807.29556579572,541.7316929829734,474.44741865488646
1.84375,1.03125,-0.01,0.571309857507488,-0.006602542662306004,0.00017475385283427102,0.0,402036.23492654075,9061.258422327888,91874.35834023157,541.8278098446477,474.489506255563
1.84375,1.03125,0.01,0.5716255383764447,-11.947181984905864,0.31621394804368913,0.0,402036.13619458216,9060.962440252813,91908.78006771048,541.7314267119425,474.44730205508216
1.84375,1.03125,0.03,0.571309857507488,-0.006602542662306004,0.00017475385283427102,0.0,402036.23492654075,9061.258422327888,91874.35834023157,541.8278098446477,474.489506255563
1.90625,-0.03125,-0.01,0.5730975053369693,30.61068754653948,0.0,0.0,401195.30961576215,9057.910487037969,91861.68034389573,540.0630761721376,473.7161696744651
1.90625,-0.03125,0.01,0.5730975053369693,30.61068754653948,0.005073187373717641,0.0,401195.3096157622,9057.91048701414,91861.68034094576,540.0630761547945,473.7161696668589
1.90625,-0.03125,0.03,0.5730975053369693,30.61068754653948,0.0,0.0,401195.30961576215,9057.910487037969,91861.68034389573,540.0630761721376,473.7161696744651
1.90625,0.03125,-0.01,0.5730975053369693,30.61068754653948,-0.005073187373717641,0.0,401195.30961576215,9057.91048701414,91861.68034094575,540.0630761547944,473.71616966685883
1.90625,0.03125,0.01,0.5730975053369693,30.60824945596621,-0.005015209895133373,0.0,401196.23564904457,9057.91062103418,91862.44172614759,540.0644247561846,473.7167611291475
1.90625,0.03125,0.03,0.5730975053369693,30.61068754653948,-0.005073187373717641,0.0,401195.30961576215,9057.91048701414,91861.68034094575,540.0630761547944,473.71616966685883
1.90625,0.09375,-0.01,0.573043009996837,30.207138395128588,-0.016680917656286584,0.0,401219.2466684413,9058.005709557923,91861.25815172309,540.1118745610559,473.7375709373386
1.90625,0.09375,0.01,0.573043009996837,30.204677948533778,-0.016686535893824392,0.0,401220.1629207896,9058.005867744463,91862.00388639128,540.1132095641266,473.73815640930366
1.90625,0.09375,0.03,0.573043009996837,30.207138395128588,-0.016680917656286584,0.0,401219.2466684413,9058.005709557923,91861.25815172309,540.1118745610559,473.7375709373386
1.90625,0.15625,-0.01,0.5729740310145641,29.807953255089085,-0.030644014248200332,0.0,401253.20387643966,9058.1264734845,91860.73090249533,540.1737821674973,473.7647200523045
1.90625,0.15625,0.01,0.5729740310145641,29.805470123154226,-0.030652087113030333,0.0,401254.132326008,9058.12666158724,91861.47682111358,540.1751331962284,473.7653125184419
1.90625,0.15625,0.03,0.5729740310145641,29.807953255089085,-0.030644014248200332,0.0,401253.20387643966,9058.1264734845,91860.73090249533,540.1737821674973,473.7647200523045
1.90625,0.21875,-0.01,0.5728957756576923,29.420365160741298,-0.04675126742508406,0.0,401293.90059517394,9058.263585105125,91860.14361554493,540.24409778873,473.79555455193236
1.90625,0.21875,0.01,0.5728957756576923,29.417861646087022,-0.04676110214803735,0.0,401294.84240226704,9058.26380586946,91860.88973811545,540.2454663302593,473.7961546588885
1.90625,0.21875,0.03,0.5728957756576923,29.420365160741298,-0.04675126742508406,0.0,401293.90059517394,9058.263585105125,91860.14361554493,540.24409778873,473.79555455193236
1.90625,0.28125,-0.01,0.5728092047684443,29.04265742612172,-0.06459561606941613,0.0,401340.59436537477,9058.415287267377,91859.4935135342,540.3219060699357,473.82967236147175
1.90625,0.28125,0.01,0.5728092047684443,29.040135982297333,-0.06460644806274189,0.0,401341.55031948915,9058.415542486768,91860.23985362954,540.3232931045247,473.8302805338554
1.90625,0.28125,0.03,0.5728092047684443,29.04265742612172,-0.06459561606941613,0.0,401340.59436537477,9058.415287267377,91859.4935135342,540.3219060699357,473.82967236147175
1.90625,0.34375,-0.01,0.5727150991280805,28.674591208110535,-0.08376738082842516,0.0,401392.71600199724,9058.580153140547,91858.77832416228,540.4064641550323,473.86674707738143
1.90625,0.34375,0.01,0.5727150991280805,28.67205429045977,-0.08377845754385484,0.0,401393.68658771773,9058.580443797144,91859.52490457041,540.4078702556403,473.8673635613912
1.90625,0.34375,0.03,0.5727150991280805,28.674591208110535,-0.08376738082842516,0.0,401392.71600199724,9058.580153140547,91858.77832416228,540.4064641550323,473.86674707738143
1.90625,0.40625,-0.01,0.5726144576968911,28.316266670051863,-0.10386055188083461,0.0,401449.5585431805,9058.756369178494,91857.99694278513,540.4968297447555,473.9063649029635
1.90625,0.40625,0.01,0.5726144576968911,28.31371671656214,-0.10387116504477242,0.0,401450.54389397573,9058.756695358641,91858.74378612629,540.49825501646,473.90698974001157
1.90625,0.40625,0.03,0.5726144576968911,28.316266670051863,-0.10386055188083461,0.0,401449.5585431805,9058.756369178494,91857.99694278513,540.4968297447555,473.9063649029635
1.90625,0.46875,-0.01,0.5725086368772533,27.967915519682702,-0.12446893363076231,0.0,401510.18299766723,9058.94150073348,91857.15173216032,540.5917427252714,473.94797281685334
1.90625,0.46875,0.01,0.5725086368772533,27.965355064623733,-0.12447841765302972,0.0,401511.1827903352,9058.941861349085,91857.89886089867,540.5931866589644,473.948605779712
1.90625,0.46875,0.03,0.5725086368772533,27.967915519682702,-0.12446893363076231,0.0,401510.18299766723,9058.94150073348,91857.15173216032,540.5917427252714,473.94797281685334
1.90625,0.53125,-0.01,0.5723993207396085,27.630174398892656,-0.1451738117401229,0.0,401573.4461080296,9059.132545562477,91856.24855923768,540.6896526976483,473.9908907235737
1.90625,0.53125,0.01,0.5723993207396085,27.62760618338108,-0.14518154356788845,0.0,401574.459457308,9059.132938078115,91856.99599492962,540.6911140252771,473.9915312532315
1.90625,0.53125,0.03,0.5723993207396085,27.630174398892656,-0.1451738117401229,0.0,401573.4461080296,9059.132545562477,91856.24855923768,540.6896526976483,473.9908907235737
1.90625,0.59375,-0.01,0.5722882712244869,27.304704629734324,-0.1655316784285558,0.0,401638.1918645624,9059.326387679705,91855.29694546838,540.7889551438483,474.03441503900524
1.90625,0.59375,0.01,0.5722882712244869,27.302131726781514,-0.16553708045135365,0.0,401639.2172224314,9059.32680785456,91856.04470800392,540.7904317018268,474.0350621850066
1.90625,0.59375,0.03,0.5722882712244869,27.304704629734324,-0.1655316784285558,0.0,401638.1918645624,9059.326387679705,91855.29694546838,540.7889551438483,474.03441503900524
1.90625,0.65625,-0.01,0.5721766738171801,26.995395991809037,-0.1850626684667706,0.0,401703.7425932254,9059.520987526425,91854.31037966513,540.8886115454883,474.0780904760115
1.90625,0.65625,0.01,0.5721766738171801,26.99282197033619,-0.18506521066208692,0.0,401704.7776604687,9059.521429186689,91855.05848773738,540.8901001576029,474.0787428449911
1.90625,0.65625,0.03,0.5721766738171801,26.995395991809037,-0.1850626684667706,0.0,401703.7425932254,9059.520987526425,91854.31037966513,540.8886115454883,474.0780904760115
1.90625,0.71875,-0.01,0.5720638040212257,26.709046963814824,-0.20326196934383226,0.0,401770.8202222036,9059.717748398274,91853.2993667515,540.9893705790186,474.1222450623824
1.90625,0.71875,0.01,0.5720638040212257,26.706475598210034,-0.20326117965260396,0.0,401771.8617927685,9059.718203079323,91854.04783393849,540.9908668676226,474.1229007344346
1.90625,0.71875,0.03,0.5720638040212257,26.709046963814824,-0.20326196934383226,0.0,401770.8202222036,9059.717748398274,91853.2993667515,540.9893705790186,474.1222450623824
1.90625,0.78125,-0.01,0.571944850070154,26.439129034168218,-0.21978847513395228,0.0,401842.3744975908,9059.924975251906,91852.20943304012,541.0954670782495,474.1687341868443
1.90625,0.78125,0.01,0.571944850070154,26.43656028635466,-0.2197839314995558,0.0,401843.4176388241,9059.925430231731,91852.95827171339,541.0969644561302,474.16939027188505
1.90625,0.78125,0.03,0.571944850070154,26.439129034168218,-0.21978847513395228,0.0,401842.3744975908,9059.924975251906,91852.20943304012,541.0954670782495,474.1687341868443
1.90625,0.84375,-0.01,0.5718081254497378,25.9966513024101,-0.23512855576597355,0.0,401919.9446526573,9060.16071611042,91850.64365720823,541.2156389089876,474.2213853038078
1.90625,0.84375,0.01,0.5718081254497378,25.994059755628722,-0.235119417085262,0.0,401920.97806727723,9060.161142346835,91851.3929598647,541.2171224466541,474.2220352525109
1.90625,0.84375,0.03,0.5718081254497378,25.9966513024101,-0.23512855576597355,0.0,401919.9446526573,9060.16071611042,91850.64365720823,541.2156389089876,474.2213853038078
1.90625,0.90625,-0.01,0.5716191491764063,23.813102758134722,-0.246700038034225,0.0,401986.0924214598,9060.48152101886,91847.83409900405,541.3780728564967,474.292543514371
1.90625,0.90625,0.01,0.5716191491764063,23.810396720896684,-0.24668196960930838,0.0,401987.0832587339,9060.481824550756,91848.58466851822,541.3794950629831,474.2931664999726
1.90625,0.90625,0.03,0.5716191491764063,23.813102758134722,-0.246700038034225,0.0,401986.0924214598,9060.48152101886,91847.83409900405,541.3780728564967,474.292543514371
1.90625,0.96875,-0.01,0.5712100769962076,11.73449112092535,-0.18242286026627283,0.0,402082.02768029046,9061.267681091658,91853.0397777623,541.7967141513569,474.47589049831794
1.90625,0.96875,0.01,0.5712100769962076,11.73207180756884,-0.1824477946955945,0.0,402082.964602862,9061.267692407757,91853.80822169002,541.7980151008276,474.4764601481257
1.90625,0.96875,0.03,0.5712100769962076,11.73449112092535,-0.18242286026627283,0.0,402082.02768029046,9061.267681091658,91853.0397777623,541.7967141513569,474.47589049831794
1.90625,1.03125,-0.01,0.5713834946953218,-0.00356173571482247,5.537027638562806e-05,0.0,402081.94807304785,9061.304529086316,91896.64934535089,541.8894178796539,474.5164811862216
1.90625,1.03125,0.01,0.5715569123944358,-11.73449112092535,0.1824228602662728,0.0,402081.86851411656,9061.087213642251,91908.78008688212,541.7964996416886,474.47579657039876
1.90625,1.03125,0.03,0.5713834946953218,-0.00356173571482247,5.537027638562806e-05,0.0,402081.94807304785,9061.304529086316,91896.64934535089,541.8894178796539,474.5164811862216
1.96875,-0.03125,-0.01,0.573364972411194,30.434459562573192,4.727392533649549e-20,0.0,401208.387393373,9057.80619347555,91908.78006778458,540.0879504433153,473.727078778706
1.96875,-0.03125,0.01,0.573364972411194,30.434459562573196,-0.00047388750477578854,0.0,401208.387393373,9057.80619347534,91908.78006775882,540.087950443164,473.7270787786397
1.96875,-0.03125,0.03,0.573364972411194,30.434459562573192,4.727392533649549e-20,0.0,401208.387393373,9057.80619347555,91908.78006778458,540.0879504433153,473.727078778706
1.96875,0.03125,-0.01,0.5733649724111939,30.434459562573196,0.0004738875047757886,0.0,401208.387393373,9057.80619347534,91908.78006775884,540.087950443164,473.7270787786397
1.96875,0.03125,0.01,0.5733649724111939,30.43192001794621,0.0005303774503555495,0.0,401209.30026218743,9057.806290305483,91909.54488879179,540.0892848841743,473.72766401707224
1.96875,0.03125,0.03,0.5733649724111939,30.434459562573196,0.0004738875047757886,0.0,401208.387393373,9057.80619347534,91908.78006775884,540.087950443164,473.7270787786397
1.96875,0.09375,-0.01,0.5733226355028138,30.03565187493949,0.00022457990762007315,0.0,401224.5477389508,9057.88031558873,91908.47721551238,540.1259805217644,473.74375713712953
1.96875,0.09375,0.01,0.5733226355028138,30.033087856516648,0.00021839659039065554,0.0,401225.44899693737,9057.880430295912,91909.22689975292,540.1272989404512,473.74433532838816
1.96875,0.09375,0.03,0.5733226355028138,30.03565187493949,0.00022457990762007315,0.0,401224.5477389508,9057.88031558873,91908.47721551238,540.1259805217644,473.74375713712953
1.96875,0.15625,-0.01,0.5732689830084235,29.64116447556164,-0.001881554507568895,0.0,401248.6342516464,9057.974470158548,91908.1004118015,540.1743058411624,473.76494969881406
1.96875,0.15625,0.01,0.5732689830084235,29.638575974696405,-0.0018908815958608796,0.0,401249.5447755933,9057.974607210985,91908.85031036961,540.1756363624011,473.7655331715308
1.96875,0.15625,0.03,0.5732689830084235,29.64116447556164,-0.001881554507568895,0.0,401248.6342516464,9057.974470158548,91908.1004118015,540.1743058411624,473.76494969881406
1.96875,0.21875,-0.01,0.5732078705413451,29.257641246926045,-0.005772520557691931,0.0,401278.2364727496,9058.081811673417,91907.68157431227,540.2294227364173,473.7891194776808
1.96875,0.21875,0.01,0.5732078705413451,29.255030630525194,-0.005784473719932578,0.0,401279.15723072924,9058.081973323002,91908.43170697054,540.2307665841005,473.78970876436887
1.96875,0.21875,0.03,0.5732078705413451,29.257641246926045,-0.005772520557691931,0.0,401278.2364727496,9058.081811673417,91907.68157431227,540.2294227364173,473.7891194776808
1.96875,0.28125,-0.01,0.5731398780552923,28.883344281244423,-0.011227038278202114,0.0,401312.8698971852,9058.201257814884,91907.21624116656,540.2907628648617,473.8160168099083
1.96875,0.28125,0.01,0.5731398780552923,28.88071406905341,-0.011241025391934122,0.0,401313.80157791683,9058.201445634777,91907.9666095565,540.2921208789315,473.81661227484796
1.96875,0.28125,0.03,0.5731398780552923,28.883344281244423,-0.011227038278202114,0.0,401312.8698971852,9058.201257814884,91907.21624116656,540.2907628648617,473.8160168099083
1.96875,0.34375,-0.01,0.5730654175090681,28.518028922709416,-0.01801914047383506,0.0,401352.2173761629,9058.332038901148,91906.70093849888,540.3579221388137,473.84546405671114
1.96875,0.34375,0.01,0.5730654175090681,28.515381672319574,-0.01803455508257078,0.0,401353.1604368557,9058.332253842345,91907.45155263263,540.3592948494257,473.84606592841243
1.96875,0.34375,0.03,0.5730654175090681,28.518028922709416,-0.01801914047383506,0.0,401352.2173761629,9058.332038901148,91906.70093849888,540.3579221388137,473.84546405671114
1.96875,0.40625,-0.01,0.5729850320032822,28.161807523643564,-0.025922391345475727,0.0,401395.88368567644,9058.473153157258,91906.13288537829,540.4303768843555,473.87723115062977
1.96875,0.40625,0.01,0.5729850320032822,28.159145763453765,-0.02593864891708064,0.0,401396.8383017917,9058.47339544981,91906.88375641347,540.4317644478722,473.8778394938719
1.96875,0.40625,0.03,0.5729850320032822,28.161807523643564,-0.025922391345475727,0.0,401395.88368567644,9058.473153157258,91906.13288537829,540.4303768843555,473.87723115062977
1.96875,0.46875,-0.01,0.5728994701539036,27.8148975350583,-0.03470769037923393,0.0,401443.34564068064,9058.62325018911,91905.51227836541,540.5074269217329,473.91101067027176
1.96875,0.46875,0.01,0.5728994701539036,27.812223888132284,-0.034724226545273094,0.0,401444.31163323345,9058.623519149223,91906.26341779383,540.5088290182555,473.9116253413346
1.96875,0.46875,0.03,0.5728994701539036,27.8148975350583,-0.03470769037923393,0.0,401443.34564068064,9058.62325018911,91905.51227836541,540.5074269217329,473.91101067027176
1.96875,0.53125,-0.01,0.5728096223674267,27.4778969817002,-0.04413323797967567,0.0,401494.0031255558,9058.780744859407,91904.84212620585,540.5882543671373,473.9464436564883
1.96875,0.53125,0.01,0.5728096223674267,27.47521428244868,-0.04414950951032614,0.0,401494.9798730873,9058.781038660507,91905.59354481706,540.5896700789277,473.94706425000254
1.96875,0.53125,0.03,0.5728096223674267,27.4778969817002,-0.04413323797967567,0.0,401494.0031255558,9058.780744859407,91904.84212620585,540.5882543671373,473.9464436564883
1.96875,0.59375,-0.01,0.5727162585721368,27.15240013613825,-0.05393510299203106,0.0,401547.3792821672,9058.944293768058,91904.12838609722,540.6721717130632,473.9832283849419
1.96875,0.59375,0.01,0.5727162585721368,27.14971156282693,-0.053950591437090266,0.0,401548.36563265754,9058.944609214575,91904.88009288048,540.673599404787,473.9838541814236
1.96875,0.59375,0.03,0.5727162585721368,27.15240013613825,-0.05393510299203106,0.0,401547.3792821672,9058.944293768058,91904.12838609722,540.6721717130632,473.9832283849419
1.96875,0.65625,-0.01,0.5726193817802864,26.842195050157027,-0.06381817795138818,0.0,401603.60515469144,9059.113969820082,91903.38018829253,540.7592336937413,474.02138853054237
1.96875,0.65625,0.01,0.5726193817802864,26.8395042818918,-0.06383239280676949,0.0,401604.5993534738,9059.114302164011,91904.1321902123,540.7606709179753,474.02201845466743
1.96875,0.65625,0.03,0.5726193817802864,26.842195050157027,-0.06381817795138818,0.0,401603.60515469144,9059.113969820082,91903.38018829253,540.7592336937413,474.02138853054237
1.96875,0.71875,-0.01,0.5725168717184556,26.554030088904074,-0.07346399565937886,0.0,401664.36708197475,9059.293684539998,91902.60489645426,540.8514907365419,474.0618223721964
1.96875,0.71875,0.01,0.5725168717184556,26.55134105765191,-0.07347648345647562,0.0,401665.3666773885,9059.294027273729,91903.35719609084,540.8529341267003,474.062454944838
1.96875,0.71875,0.03,0.5725168717184556,26.554030088904074,-0.07346399565937886,0.0,401664.36708197475,9059.293684539998,91902.60489645426,540.8514907365419,474.0618223721964
1.96875,0.78125,-0.01,0.5724018747683806,26.282214688234806,-0.08267936595054265,0.0,401734.13051425753,9059.495556971038,91901.76196597033,540.9551882639614,474.1072661618268
1.96875,0.78125,0.01,0.5724018747683806,26.279527458263335,-0.08268970692685204,0.0,401735.1318800619,9059.495900713451,91902.51457692888,540.9566329913115,474.1078992598096
1.96875,0.78125,0.03,0.5724018747683806,26.282214688234806,-0.08267936595054265,0.0,401734.13051425753,9059.495556971038,91901.76196597033,540.9551882639614,474.1072661618268
1.96875,0.84375,-0.01,0.5722569644177878,25.843517906885715,-0.09201444185747516,0.0,401819.04470751405,9059.748795611222,91900.54789369491,541.0850360718106,474.1641637540302
1.96875,0.84375,0.01,0.5722569644177878,25.84080572832617,-0.09202190851717745,0.0,401820.0400492947,9059.749120173823,91901.30097336827,541.0864719608278,474.1647929034411
1.96875,0.84375,0.03,0.5722569644177878,25.843517906885715,-0.09201444185747516,0.0,401819.04470751405,9059.748795611222,91900.54789369491,541.0850360718106,474.1641637540302
1.96875,0.90625,-0.01,0.5720235941647204,23.683950697894392,-0.1009063205337501,0.0,401919.49771718465,9060.154316959952,91898.28220015542,541.292490385191,474.2550533255861
1.96875,0.90625,0.01,0.5720235941647204,23.68111053569571,-0.10090760248207625,0.0,401920.4646875137,9060.1545549606,91899.03675279059,541.2938842294334,474.2556639356183
1.96875,0.90625,0.03,0.5720235941647204,23.683950697894392,-0.1009063205337501,0.0,401919.49771718465,9060.154316959952,91898.28220015542,541.292490385191,474.2550533255861
1.96875,0.96875,-0.01,0.5714413723825618,11.546245699531953,-0.062333261705511143,0.0,402128.8103000956,9061.237943567538,91901.4288697555,541.862736472373,474.50479898416245
1.96875,0.96875,0.01,0.5714413723825618,11.543667309916145,-0.06238141197572272,0.0,402129.7493230618,9061.237955372339,91902.20025942153,541.8640421157147,474.5053706544551
1.96875,0.96875,0.03,0.5714413723825618,11.546245699531953,-0.062333261705511143,0.0,402128.8103000956,9061.237943567538,91901.4288697555,541.862736472373,474.50479898416245
1.96875,1.03125,-0.01,0.5714641388629147,-0.0004604058827398988,2.485535223002414e-06,0.0,402128.8323503323,9061.349158723686,91920.33601242896,541.9526042455878,474.5441455925114
1.96875,1.03125,0.01,0.5714869053432675,-11.546245699531953,0.062333261705511143,0.0,402128.8543988106,9061.214355185239,91908.76837106523,541.8627959046034,474.50482500632256
1.96875,1.03125,0.03,0.5714641388629147,-0.0004604058827398988,2.485535223002414e-06,0.0,402128.8323503323,9061.349158723686,91920.33601242896,541.9526042455878,474.5441455925114
2.03125,-0.03125,-0.01,0.5735334470380367,30.310076653539742,0.0020081667528883285,0.0,401086.8875097129,9057.500981461964,91908.78361483249,539.9292953292785,473.6574931268604
2.03125,-0.03125,0.01,0.5736176843514581,30.24791260244536,0.0027749683521906014,0.0,401026.1643361314,9057.348398340986,91908.78405778138,539.8499949108874,473.62270837172906
2.03125,-0.03125,0.03,0.5735334470380367,30.310076653539742,0.0020081667528883285,0.0,401086.8875097129,9057.500981461964,91908.78361483249,539.9292953292785,473.6574931268604
2.03125,0.03125,-0.01,0.573617684351458,30.247912602445357,0.0032486470479019093,0.0,401026.16433613136,9057.348398338343,91908.78405745406,539.8499949089647,473.6227083708857
2.03125,0.03125,0.01,0.5738703962917222,30.06152996629596,0.006020962383269219,0.0,400844.1017940635,9056.890740470004,91908.78006775885,539.6122021347442,473.51838637061275
2.03125,0.03125,0.03,0.573617684351458,30.247912602445357,0.0032486470479019093,0.0,401026.16433613136,9057.348398338343,91908.78405745406,539.8499949089647,473.6227083708857
2.03125,0.09375,-0.01,0.5735825512559924,29.850533332241074,0.00868115958197726,0.0,401037.386312637,9057.409443378225,91908.48115133053,539.8812117315985,473.63640178803166
2.03125,0.09375,0.01,0.5738424670091711,29.665582509648505,0.017130077471526728,0.0,400850.3944573113,9056.938720989328,91908.47721551236,539.6366184875648,473.5290991205851
2.03125,0.09375,0.03,0.5735825512559924,29.850533332241074,0.00868115958197726,0.0,401037.386312637,9057.409443378225,91908.48115133053,539.8812117315985,473.63640178803166
2.03125,0.15625,-0.01,0.5735376407145187,29.457486972833053,0.012506412789348794,0.0,401055.44956992514,9057.48772270241,91908.10430181566,539.921263776742,473.6539702404191
2.03125,0.15625,0.01,0.5738062984206138,29.27398149074747,0.026880905233062545,0.0,400862.44581266464,9057.00114043233,91908.10041180147,539.668413012416,473.54304870298654
2.03125,0.15625,0.03,0.5735376407145187,29.457486972833053,0.012506412789348794,0.0,401055.44956992514,9057.48772270241,91908.10430181566,539.921263776742,473.6539702404191
2.03125,0.21875,-0.01,0.5734859713832602,29.075257024460047,0.014726790076579403,0.0,401078.52437512286,9057.577910001157,91907.68543403117,539.9674379800059,473.6742233111826
2.03125,0.21875,0.01,0.5737640722251752,28.89304962634027,0.035206226309700196,0.0,400879.0059014873,9057.074190352017,91907.68157431227,539.7056618913651,473.5593908150276
2.03125,0.21875,0.03,0.5734859713832602,29.075257024460047,0.014726790076579403,0.0,401078.52437512286,9057.577910001157,91907.68543403117,539.9674379800059,473.6742233111826
2.03125,0.28125,-0.01,0.5734279277439385,28.702099386623388,0.015470656500483444,0.0,401106.2627236953,9057.679276422763,91907.22008641201,540.0193495275266,473.69699187949027
2.03125,0.28125,0.01,0.5737159774325845,28.521036511302967,0.0421415395130119,0.0,400899.86304015055,9057.1574951298,91907.21624116655,539.7481635988628,473.5780367992159
2.03125,0.28125,0.03,0.5734279277439385,28.702099386623388,0.015470656500483444,0.0,401106.2627236953,9057.679276422763,91907.22008641201,540.0193495275266,473.69699187949027
2.03125,0.34375,-0.01,0.5733637370708801,28.33776695756195,0.014872085860165285,0.0,401138.4762741559,9057.791386266716,91906.70478474865,540.0767677163016,473.7221744033919
2.03125,0.34375,0.01,0.573662056632692,28.157692494661582,0.04772909988075505,0.0,400924.9574982334,9057.25095280099,91906.70093849888,539.7958605604957,473.598961126497
2.03125,0.34375,0.03,0.5733637370708801,28.33776695756195,0.014872085860165285,0.0,401138.4762741559,9057.791386266716,91906.70478474865,540.0767677163016,473.7221744033919
2.03125,0.40625,-0.01,0.5732937204019501,27.982373618561724,0.013067673776857516,0.0,401174.9249953396,9057.913639732466,91906.13674711587,540.1393777537642,473.74963244760846
2.03125,0.40625,0.01,0.573602408800618,27.803132859831724,0.05201576918988315,0.0,400954.2041494889,9057.354365186295,91906.13288537829,539.8486464936091,473.6221168727496
2.03125,0.40625,0.03,0.5732937204019501,27.982373618561724,0.013067673776857516,0.0,401174.9249953396,9057.913639732466,91906.13674711587,540.1393777537642,473.74963244760846
2.03125,0.46875,-0.01,0.5732183208986144,27.636131362453717,0.0101978981818413,0.0,401215.299317978,9058.045239939194,91905.51616890026,540.2067673687842,473.77918482883695
2.03125,0.46875,0.01,0.5735371716433252,27.457563973279456,0.055053552872294444,0.0,400987.5065769772,9057.467488341927,91905.5122783654,539.906396431074,473.6474488953148
2.03125,0.46875,0.03,0.5732183208986144,27.636131362453717,0.0101978981818413,0.0,401215.299317978,9058.045239939194,91905.51616890026,540.2067673687842,473.77918482883695
2.03125,0.53125,-0.01,0.5731380241200879,27.299625995192624,0.006415998855658284,0.0,401259.2824177503,9058.185335934668,91904.8460575031,540.2785008186374,473.8106400875356
2.03125,0.53125,0.01,0.5734664258727491,27.121559203144948,0.05690733578077156,0.0,401024.8305628248,9057.590204642102,91904.84212620584,539.9690558716946,473.6749329400982
2.03125,0.53125,0.03,0.5731380241200879,27.299625995192624,0.006415998855658284,0.0,401259.2824177503,9058.185335934668,91904.8460575031,540.2785008186374,473.8106400875356
2.03125,0.59375,-0.01,0.5730530885313673,26.974431526329862,0.0018959844393794194,0.0,401306.7552571946,9058.333512191855,91904.13236868652,540.3543736891008,473.84390821798604
2.03125,0.59375,0.01,0.5733899184905977,26.796672022939415,0.05766147244449368,0.0,401066.41395639465,9057.723025254774,91904.12838609722,540.0369022617512,473.704690316449
2.03125,0.59375,0.03,0.5730530885313673,26.974431526329862,0.0018959844393794194,0.0,401306.7552571946,9058.333512191855,91904.13236868652,540.3543736891008,473.84390821798604
2.03125,0.65625,-0.01,0.5729629016321676,26.66430554618243,-0.003159583992486742,0.0,401358.27875623,9058.490957980395,91903.38423130354,540.4350217737309,473.8792675855536
2.03125,0.65625,0.01,0.5733064214840486,26.48662923714053,0.05742631256399425,0.0,401113.24637368205,9057.868254318071,91903.38018829253,540.1111508903213,473.73725356778334
2.03125,0.65625,0.03,0.5729629016321676,26.66430554618243,-0.003159583992486742,0.0,401358.27875623,9058.490957980395,91903.38423130354,540.4350217737309,473.8792675855536
2.03125,0.71875,-0.01,0.5728646362510905,26.375978644764825,-0.008525608305268804,0.0,401416.03174424486,9058.662865336144,91902.60900681843,540.5231611632981,473.9179084256825
2.03125,0.71875,0.01,0.5732124007837256,26.198143261366432,0.056333978025074526,0.0,401167.9977549109,9058.032362637627,91902.60489645427,540.1951816886533,473.7741042894485
2.03125,0.71875,0.03,0.5728646362510905,26.375978644764825,-0.008525608305268804,0.0,401416.03174424486,9058.662865336144,91902.60900681843,540.5231611632981,473.9179084256825
2.03125,0.78125,-0.01,0.5727506529126658,26.10398332077357,-0.014083061867593696,0.0,401485.0325901147,9058.862772272536,91901.76613871983,540.6257729357717,473.9628900771366
2.03125,0.78125,0.01,0.573099431056951,25.925968905785638,0.05442974323286698,0.0,401236.23788089695,9058.230305460784,91901.76196597033,540.2967095252648,473.8186243088573
2.03125,0.78125,0.03,0.5727506529126658,26.10398332077357,-0.014083061867593696,0.0,401485.0325901147,9058.862772272536,91901.76613871983,540.6257729357717,473.9628900771366
2.03125,0.84375,-0.01,0.5726022128972958,25.666674529209367,-0.02041423628789462,0.0,401572.41035631805,9059.122248105426,91900.55205721136,540.7587884868642,474.0211933996853
2.03125,0.84375,0.01,0.5729474613768037,25.490044294688577,0.05109967205102321,0.0,401326.07326490385,9058.496011079642,91900.54789369491,540.4328851485753,473.8783308370789
2.03125,0.84375,0.03,0.5726022128972958,25.666674529209367,-0.02041423628789462,0.0,401572.41035631805,9059.122248105426,91900.55205721136,540.7587884868642,474.0211933996853
2.03125,0.90625,-0.01,0.5723523307660465,23.51433013166374,-0.02796758734019798,0.0,401684.7919799248,9059.557454808304,91898.28609808793,540.9815764529128,474.1188296700673
2.03125,0.90625,0.01,0.5726810673673727,23.344904325239703,0.044887396966724814,0.0,401450.35573382996,9058.960872489351,91898.28220015542,540.670973648805,473.98270323984553
2.03125,0.90625,0.03,0.5723523307660465,23.51433013166374,-0.02796758734019798,0.0,401684.7919799248,9059.557454808304,91898.28609808793,540.9815764529128,474.1188296700673
2.03125,0.96875,-0.01,0.5716624263131562,11.364465484280771,-0.0022652367246522318,0.0,401971.22418336966,9060.836085365092,91901.43305702909,541.6531652869705,474.4130302173856
2.03125,0.96875,0.01,0.5718834802437508,11.182825842082675,0.057756336855250535,0.0,401813.75993007916,9060.43431497192,91901.42886975549,541.4437068265157,474.3212930710088
2.03125,0.96875,0.03,0.5716624263131562,11.364465484280771,-0.0022652367246522318,0.0,401971.22418336966,9060.836085365092,91901.43305702909,541.6531652869705,474.4130302173856
2.03125,1.03125,-0.01,0.5716039193231933,3.729125363596915,0.019263187375436204,0.0,402023.75683059,9061.069807700349,91917.21172568515,541.8016219097924,474.4780394664825
2.03125,1.03125,0.01,0.5716851927935092,-0.17776721600788262,0.06004400534122773,0.0,401971.25250638433,9060.94348438902,91919.8654673572,541.740208764355,474.4511476914824
2.03125,1.03125,0.03,0.5716039193231933,3.729125363596915,0.019263187375436204,0.0,402023.75683059,9061.069807700349,91917.21172568515,541.8016219097924,474.4780394664825
