# Time [s], Iter[-]
0.008095791603197889,2300
# x [m], y [m], z [m], rho [kg/m3], u [m/s], v [m/s], w [m/s], E [J/kg], s [J/(kg·K)], P [Pa], T [K], sos [m/s]
-0.03125,-0.03125,-0.01,1.3360655780977597,20.39229524198492,0.4646152583429591,0.0,501799.02501519624,8973.277620399285,268057.9250935187,675.9986445133542,529.9914685805696
-0.03125,-0.03125,0.01,1.3404917120490427,19.988017056306774,1.3756057038510447,0.0,500152.884760799,8969.867122426742,268067.80301678885,673.7899975772924,529.1249566910604
-0.03125,-0.03125,0.03,1.3360655780977597,20.39229524198492,0.4646152583429591,0.0,501799.02501519624,8973.277620399285,268057.9250935187,675.9986445133542,529.9914685805696
-0.03125,0.03125,-0.01,1.340491712049043,19.988017056306774,0.013634854980111133,0.0,500152.88476079894,8969.868526501721,268068.3102777739,673.7912725807582,529.1254573187314
-0.03125,0.03125,0.01,1.3537701139028915,18.791053830981735,1.3756057038510447,0.0,495279.08889932896,8959.70564678797,268098.2617182049,667.2528179269045,526.5518881411284
-0.03125,0.03125,0.03,1.340491712049043,19.988017056306774,0.013634854980111133,0.0,500152.88476079894,8969.868526501721,268068.3102777739,673.7912725807582,529.1254573187314
-0.03125,0.09375,-0.01,1.3404142717150982,19.98600954899963,0.0424301326666094,0.0,500160.2996709185,8969.896711355423,268056.8430022996,673.8013187087788,529.1294018951052
-0.03125,0.09375,0.01,1.3538197178077676,18.601972364008727,4.239927509493293,0.0,495246.9714918253,8959.63984657599,268088.2834572718,667.203458640521,526.5324122352861
-0.03125,0.09375,0.03,1.3404142717150982,19.98600954899963,0.0424301326666094,0.0,500160.2996709185,8969.896711355423,268056.8430022996,673.8013187087788,529.1294018951052
-0.03125,0.15625,-0.01,1.3406311361839176,19.982189412332453,0.07795531727020356,0.0,500178.9049025221,8969.876523619907,268110.1331447501,673.8264931497993,529.1392864205081
-0.03125,0.15625,0.01,1.3543260691188863,18.257544724106317,7.626567769514103,0.0,495173.1033660549,8959.39765157227,268140.98223485966,667.0853802269635,526.4858186047444
-0.03125,0.15625,0.03,1.3406311361839176,19.982189412332453,0.07795531727020356,0.0,500178.9049025221,8969.876523619907,268110.1331447501,673.8264931497993,529.1392864205081
-0.03125,0.21875,-0.01,1.3412701414223642,19.976845152272638,0.12439612146465968,0.0,500217.13833029004,8969.792185544826,268258.3068839685,673.8781582506381,529.1595716948765
-0.03125,0.21875,0.01,1.3554022051570909,17.803701033126835,11.79930338013097,0.0,495066.00541630876,8958.953029601309,268278.2782287784,666.8974497991131,526.4116529300311
-0.03125,0.21875,0.03,1.3412701414223642,19.976845152272638,0.12439612146465968,0.0,500217.13833029004,8969.792185544826,268258.3068839685,673.8781582506381,529.1595716948765
-0.03125,0.28125,-0.01,1.342489000319465,19.971831388716737,0.17796298498358132,0.0,500291.77023306576,8969.633792213253,268541.9200046843,673.978864384291,529.1991097204913
-0.03125,0.28125,0.01,1.3566111697127883,17.324108410675745,16.905684484756517,0.0,495149.1773108606,8958.71586345807,268527.50490935554,666.922121106198,526.4213899169063
-0.03125,0.28125,0.03,1.342489000319465,19.971831388716737,0.17796298498358132,0.0,500291.77023306576,8969.633792213253,268541.9200046843,673.978864384291,529.1991097204913
-0.03125,0.34375,-0.01,1.3441877565870484,19.9762508579553,0.17623144969084292,0.0,500438.8062693298,8969.476852342295,268960.3839189338,674.1769076029619,529.276854441211
-0.03125,0.34375,0.01,1.3544948285860505,16.90781297299507,22.94569637331274,0.0,496662.6137611871,8961.274674465809,268868.22407759825,668.8091970355714,527.1656262999519
-0.03125,0.34375,0.03,1.3441877565870484,19.9762508579553,0.17623144969084292,0.0,500438.8062693298,8969.476852342295,268960.3839189338,674.1769076029619,529.276854441211
-0.03125,0.40625,-0.01,1.3460420751738842,20.0202029453761,-0.17693097105544695,0.0,500632.7007522861,8969.354523388809,269434.8070348137,674.4370361684834,529.3789543122472
-0.03125,0.40625,0.01,1.3380173090140075,16.596029339264813,29.810892582061957,0.0,503588.1476959868,8974.927764343583,269213.2057570418,677.9057802463641,530.7385512735713
-0.03125,0.40625,0.03,1.3460420751738842,20.0202029453761,-0.17693097105544695,0.0,500632.7007522861,8969.354523388809,269434.8070348137,674.4370361684834,529.3789543122472
-0.03125,0.46875,-0.01,1.3498032582760366,20.165624413960767,-1.7103523144583428,0.0,499857.8414099201,8967.371866573805,269765.3304481143,673.3868632795117,528.9666430219421
-0.03125,0.46875,0.01,1.287889315244124,16.385115399643993,37.3297999664671,0.0,523721.0526833577,9015.02112819717,269376.368100768,704.7035844976542,541.1270030505457
-0.03125,0.46875,0.03,1.3498032582760366,20.165624413960767,-1.7103523144583428,0.0,499857.8414099201,8967.371866573805,269765.3304481143,673.3868632795117,528.9666430219421
-0.03125,0.53125,-0.01,1.3670538936534231,20.475594171962523,-5.7593860881271235,0.0,493152.6571594095,8953.55063175547,269530.33816330956,664.3213570310052,525.3939572107042
-0.03125,0.53125,0.01,1.1930042495830053,16.262259363455758,45.263572794236396,0.0,564722.8525018869,9093.316165156497,268945.81390324567,759.523216241287,561.7802833960797
-0.03125,0.53125,0.03,1.3670538936534231,20.475594171962523,-5.7593860881271235,0.0,493152.6571594095,8953.55063175547,269530.33816330956,664.3213570310052,525.3939572107042
-0.03125,0.59375,-0.01,1.4228848156550966,20.93219042081672,-13.181333169899915,0.0,471152.48957013345,8907.673597419158,267964.91287366755,634.5640667118041,513.4920262283426
-0.03125,0.59375,0.01,1.0712477757240784,16.22667102628231,53.35552184566851,0.0,624999.7969100905,9200.191526749928,267155.5849655557,840.2220197143947,590.8714357893139
-0.03125,0.59375,0.03,1.4228848156550966,20.93219042081672,-13.181333169899915,0.0,471152.48957013345,8907.673597419158,267964.91287366755,634.5640667118041,513.4920262283426
-0.03125,0.65625,-0.01,1.5366513652273637,21.41406337901102,-23.33090863366607,0.0,429920.17389149586,8816.511710263248,263922.69568734133,578.7314382580314,490.38198093422767
-0.03125,0.65625,0.01,0.9524838033176608,16.279647764391463,61.38282016379241,0.0,691969.4075729215,9310.284816005116,262872.337168961,929.8557531019202,621.5896254997423
-0.03125,0.65625,0.03,1.5366513652273637,21.41406337901102,-23.33090863366607,0.0,429920.17389149586,8816.511710263248,263922.69568734133,578.7314382580314,490.38198093422767
-0.03125,0.71875,-0.01,1.701211916501722,21.776317376857627,-34.60063063878437,0.0,377130.9620427902,8688.330721446331,256038.66483077672,507.136463912723,459.0483019084317
-0.03125,0.71875,0.01,0.8487654063892158,16.45471301688169,69.05813511117775,0.0,752991.5015471393,9406.89575085412,254788.63548565726,1011.4172638064532,648.2777965169388
-0.03125,0.71875,0.03,1.701211916501722,21.776317376857627,-34.60063063878437,0.0,377130.9620427902,8688.330721446331,256038.66483077672,507.136463912723,459.0483019084317
-0.03125,0.78125,-0.01,1.8877742310627639,21.872779755964572,-45.29608172514188,0.0,323681.77096719894,8542.784059871778,243437.98802726765,434.5238466445378,424.9156960595106
-0.03125,0.78125,0.01,0.7571506555324488,16.872923495966504,75.63319308442576,0.0,802590.5983450371,9487.840726547376,242158.0550222096,1077.6119415408536,669.1556724328469
-0.03125,0.78125,0.03,1.8877742310627639,21.872779755964572,-45.29608172514188,0.0,323681.77096719894,8542.784059871778,243437.98802726765,434.5238466445378,424.9156960595106
-0.03125,0.84375,-0.01,2.066027711454478,21.49511442367214,-53.64234610079148,0.0,276399.74091954425,8397.23980736936,227021.35674192038,370.256024662941,392.23562225777664
-0.03125,0.84375,0.01,0.6751968170892558,17.77901287064865,79.6855132903152,0.0,840551.7937085924,9555.969097433337,226107.04876458895,1128.3272999260032,684.7207895669977
-0.03125,0.84375,0.03,2.066027711454478,21.49511442367214,-53.64234610079148,0.0,276399.74091954425,8397.23980736936,227021.35674192038,370.256024662941,392.23562225777664
-0.03125,0.90625,-0.01,2.232246524281586,20.184652132081265,-57.657680854458015,0.0,237951.40983477907,8261.787488233469,210784.95735071128,318.1745224571094,363.60401203971617
-0.03125,0.90625,0.01,0.6104500644787516,19.745841269081232,79.36113614566588,0.0,868647.6282346956,9610.373468449574,211280.69415692188,1166.1773371237439,696.1106285078961
-0.03125,0.90625,0.03,2.232246524281586,20.184652132081265,-57.657680854458015,0.0,237951.40983477907,8261.787488233469,210784.95735071128,318.1745224571094,363.60401203971617
-0.03125,0.96875,-0.01,2.567971670675857,15.818941848762929,-45.834949634489675,0.0,212545.72913936028,8138.146465273845,217104.39927009447,284.8654829848448,344.0454991565254
-0.03125,0.96875,0.01,0.634291311922377,25.55258099326641,60.87030147918172,0.0,886563.0059650516,9615.184071005435,224374.6975674236,1191.8921050758213,703.7435665788392
-0.03125,0.96875,0.03,2.567971670675857,15.818941848762929,-45.834949634489675,0.0,212545.72913936028,8138.146465273845,217104.39927009447,284.8654829848448,344.0454991565254
-0.03125,1.0312499999999998,-0.01,4.9686789736639785,-4.019267327118006,24.105440684139815,0.0,150460.599918052,7688.552697947309,298432.76425127627,202.37464491622674,289.9839865502758
-0.03125,1.0312499999999998,0.01,5.2021924457813,-12.008902193794162,60.87030147918172,0.0,164689.4528962535,7734.716922298281,338686.2979519984,219.35950030892204,301.9077004124991
-0.03125,1.0312499999999998,0.03,4.9686789736639785,-4.019267327118006,24.105440684139815,0.0,150460.599918052,7688.552697947309,298432.76425127627,202.37464491622674,289.9839865502758
0.03125,-0.03125,-0.01,1.327213310195194,21.208946169018265,8.365274309669751e-17,0.0,505124.26494256326,8980.129872300526,268037.0630103828,680.457352080543,531.7364374730279
0.03125,-0.03125,0.01,1.327213310195194,21.20894616901827,1.3756057038510447,0.0,505124.2649425633,8980.12848184393,268036.5607279668,680.4560769518016,531.7359392546385
0.03125,-0.03125,0.03,1.327213310195194,21.208946169018265,8.365274309669751e-17,0.0,505124.26494256326,8980.129872300526,268037.0630103828,680.457352080543,531.7364374730279
0.03125,0.03125,-0.01,1.3272133101951942,21.208946169018265,-1.3756057038510447,0.0,505124.2649425633,8980.12848184393,268036.5607279668,680.4560769518016,531.7359392546385
0.03125,0.03125,0.01,1.3272133101951942,21.21007196008179,-1.376138228638454,0.0,505121.1986366785,8980.116636988965,268041.51461865625,680.4519112967524,531.7343116463584
0.03125,0.03125,0.03,1.3272133101951942,21.208946169018265,-1.3756057038510447,0.0,505124.2649425633,8980.12848184393,268036.5607279668,680.4560769518016,531.7359392546385
0.03125,0.09375,-0.01,1.3270088256224288,21.398027635991273,-4.239927509493293,0.0,505172.95997473167,8980.228020670877,268014.7172429714,680.5054362381851,531.7552245777099
0.03125,0.09375,0.01,1.3270088256224288,21.39918315639508,-4.24181692404609,0.0,505169.88020800764,8980.216158914161,268019.64629918244,680.5012414861435,531.7535856600521
0.03125,0.09375,0.03,1.3270088256224288,21.398027635991273,-4.239927509493293,0.0,505172.95997473167,8980.228020670877,268014.7172429714,680.5054362381851,531.7552245777099
0.03125,0.15625,-0.01,1.3269362032489487,21.742455275893686,-7.626567769514103,0.0,505288.0973202768,8980.3730932453,268046.4690737423,680.6235146517427,531.8013565308875
0.03125,0.15625,0.01,1.3269362032489487,21.743636992185465,-7.629780741590982,0.0,505285.0560509751,8980.3611713621,268051.4930938594,680.6193482467231,531.7997288298278
0.03125,0.15625,0.03,1.3269362032489487,21.742455275893686,-7.626567769514103,0.0,505288.0973202768,8980.3730932453,268046.4690737423,680.6235146517427,531.8013565308875
0.03125,0.21875,-0.01,1.3271380776876376,22.19629896687316,-11.799303380130972,0.0,505478.0418730998,8980.53302254245,268161.06308411853,680.811445079593,531.8747706551538
0.03125,0.21875,0.01,1.3271380776876376,22.1974463436131,-11.803834662884773,0.0,505474.99983077496,8980.520827929375,268166.28241909156,680.8072388979941,531.8731276412585
0.03125,0.21875,0.03,1.3271380776876376,22.19629896687316,-11.799303380130972,0.0,505478.0418730998,8980.53302254245,268161.06308411853,680.811445079593,531.8747706551538
0.03125,0.28125,-0.01,1.3283668309261418,22.67589158932425,-16.905684484756513,0.0,505543.78525283554,8980.232106564423,268399.0361202296,680.786773772508,531.8651335046814
0.03125,0.28125,0.01,1.3283668309261418,22.676912088242094,-16.911380729874004,0.0,505540.26073418336,8980.218500229648,268404.5639280738,680.7818627549311,531.8632151332981
0.03125,0.28125,0.03,1.3283668309261418,22.67589158932425,-16.905684484756513,0.0,505543.78525283554,8980.232106564423,268399.0361202296,680.786773772508,531.8651335046814
0.03125,0.34375,-0.01,1.3338806845880464,23.09218702700493,-22.945696373312746,0.0,504273.45284147933,8976.944972642608,268764.33732731576,678.8996978431347,531.1274822938269
0.03125,0.34375,0.01,1.3338806845880464,23.09299778565574,-22.952248204843407,0.0,504267.48079917236,8976.925775143205,268770.25368782243,678.8914213975468,531.1242448044607
0.03125,0.34375,0.03,1.3338806845880464,23.09218702700493,-22.945696373312746,0.0,504273.45284147933,8976.944972642608,268764.33732731576,678.8996978431347,531.1274822938269
0.03125,0.40625,-0.01,1.3540668413337607,23.403970660735183,-29.810892582061957,0.0,497712.1286368119,8962.48246131097,269171.71289068495,669.8031146323422,527.5571913944789
0.03125,0.40625,0.01,1.3540668413337607,23.404568583749356,-29.817898720803864,0.0,497699.14831100305,8962.447888794099,269178.0389148807,669.7853205574731,527.5501837721614
0.03125,0.40625,0.03,1.3540668413337607,23.403970660735183,-29.810892582061957,0.0,497712.1286368119,8962.48246131097,269171.71289068495,669.8031146323422,527.5571913944789
0.03125,0.46875,-0.01,1.411717201307949,23.61488460035601,-37.3297999664671,0.0,478085.5286728529,8919.819678647284,269396.4662666496,643.0053103810518,516.8960887543401
0.03125,0.46875,0.01,1.411717201307949,23.615285790625627,-37.336747936642794,0.0,478060.10477316985,8919.756301229623,269403.21548923076,642.9706840140715,516.8821709263408
0.03125,0.46875,0.03,1.411717201307949,23.61488460035601,-37.3297999664671,0.0,478085.5286728529,8919.819678647284,269396.4662666496,643.0053103810518,516.8960887543401
0.03125,0.53125,-0.01,1.5411035377238411,23.737740636544242,-45.2635727942364,0.0,437739.9092252785,8827.683259285483,269005.2132239495,588.185678637419,494.37123013725255
0.03125,0.53125,0.01,1.5411035377238411,23.73794560760511,-45.26987767372175,0.0,437702.10309962183,8827.584683487317,269012.3687653032,588.1343357904178,494.3496527839727
0.03125,0.53125,0.03,1.5411035377238411,23.737740636544242,-45.2635727942364,0.0,437739.9092252785,8827.683259285483,269005.2132239495,588.185678637419,494.37123013725255
0.03125,0.59375,-0.01,1.7745218555861149,23.77332897371769,-53.35552184566851,0.0,378261.2528128773,8676.333714992916,267245.35656791023,507.4868751643114,459.20686663885454
0.03125,0.59375,0.01,1.7745218555861149,23.773330786783006,-53.36059179266168,0.0,378220.2959852294,8676.21153880386,267252.9528920022,507.43131263968843,459.1817276722184
0.03125,0.59375,0.03,1.7745218555861149,23.77332897371769,-53.35552184566851,0.0,378261.2528128773,8676.333714992916,267245.35656791023,507.4868751643114,459.20686663885454
0.03125,0.65625,-0.01,2.1208189271370665,23.720352235608537,-61.38282016379242,0.0,312212.28405909624,8479.222573224752,262984.58682178456,417.85314177678606,416.6849378980361
0.03125,0.65625,0.01,2.1208189271370665,23.720162540225598,-61.386196772470946,0.0,312178.63612356846,8479.099963373568,262992.7283389147,417.80752087736755,416.66219059924765
0.03125,0.65625,0.03,2.1208189271370665,23.720352235608537,-61.38282016379242,0.0,312212.28405909624,8479.222573224752,262984.58682178456,417.85314177678606,416.6849378980361
0.03125,0.71875,-0.01,2.5536584266142284,23.54528698311831,-69.05813511117775,0.0,252190.09353768715,8262.969070039391,254851.9509409761,336.29163107225276,373.812651662758
0.03125,0.71875,0.01,2.5536584266142284,23.544939730797864,-69.0595806521664,0.0,252167.3098554677,8262.863593929456,254860.7442669943,336.2608017817758,373.7955167686786
0.03125,0.71875,0.03,2.5536584266142284,23.54528698311831,-69.05813511117775,0.0,252190.09353768715,8262.969070039391,254851.9509409761,336.29163107225276,373.812651662758
0.03125,0.78125,-0.01,3.018397806593079,23.127076504033493,-75.63319308442576,0.0,203539.56015857132,8050.694042671695,241943.20676634897,270.0969533378525,335.0084865357062
0.03125,0.78125,0.01,3.018397806593079,23.126634943957733,-75.63270134240737,0.0,203525.80288369922,8050.611417281027,241952.63055394636,270.0784764226533,334.9970276332924
0.03125,0.78125,0.03,3.018397806593079,23.127076504033493,-75.63319308442576,0.0,203539.56015857132,8050.694042671695,241943.20676634897,270.0969533378525,335.0084865357062
0.03125,0.84375,-0.01,3.4568586058197006,22.22098712935135,-79.68551329031517,0.0,166202.9201035776,7856.120407524761,225064.13954003304,219.38159495270304,301.9229046209432
0.03125,0.84375,0.01,3.4568586058197006,22.220545280970786,-79.6832868108332,0.0,166195.0955736704,7856.058667696379,225073.99822592168,219.37130210092963,301.9158217930592
0.03125,0.84375,0.03,3.4568586058197006,22.22098712935135,-79.68551329031517,0.0,166202.9201035776,7856.120407524761,225064.13954003304,219.38159495270304,301.9229046209432
0.03125,0.90625,-0.01,3.854042984084421,20.25415873091877,-79.3611361456659,0.0,138050.62629229607,7683.313655750965,207634.1023613886,181.53155775496217,274.64521273516107
0.03125,0.90625,0.01,3.854042984084421,20.25383428629872,-79.35756540472576,0.0,138046.30613784,7683.268286492724,207644.09755835013,181.5261262031117,274.6411039154863
0.03125,0.90625,0.03,3.854042984084421,20.25415873091877,-79.3611361456659,0.0,138050.62629229607,7683.313655750965,207634.1023613886,181.53155775496217,274.64521273516107
0.03125,0.96875,-0.01,4.501652029429337,14.44741900673359,-60.87030147918172,0.0,117573.01879280212,7523.869762074619,208172.51385228898,155.81678980288515,254.45037335184801
0.03125,0.96875,0.01,4.501652029429337,14.447424727816884,-60.867835575661886,0.0,117570.46336476978,7523.836088293149,208180.97357917175,155.81354800580036,254.44772639457827
0.03125,0.96875,0.03,4.501652029429337,14.44741900673359,-60.87030147918172,0.0,117573.01879280212,7523.869762074619,208172.51385228898,155.81678980288515,254.45037335184801
0.03125,1.03125,-0.01,7.13587280453478,-5.333550023974968,22.47147381565797,0.0,117745.47690981341,7398.98774358141,335314.32464966114,158.3271832401083,256.4919319977332
0.03125,1.03125,0.01,9.770093579640223,-14.44741900673359,60.87030147918172,0.0,117824.93513458563,7295.4876045251995,452807.3058567606,156.1562996974721,254.72743403546778
0.03125,1.03125,0.03,7.13587280453478,-5.333550023974968,22.47147381565797,0.0,117745.47690981341,7398.98774358141,335314.32464966114,158.3271832401083,256.4919319977332
0.09375,-0.03125,-0.01,1.2960419665697018,25.391762068876265,0.0,0.0,519655.9960273853,9008.100466406526,269223.14579035767,699.91054614138,539.2836267982426
0.09375,-0.03125,0.01,1.2960419665697018,25.391762068876265,3.2645593305769416,0.0,519655.9960273853,9008.092853003385,269220.3833997543,699.9033646402864,539.2808601047619
0.09375,-0.03125,0.03,1.2960419665697018,25.391762068876265,0.0,0.0,519655.9960273853,9008.100466406526,269223.14579035767,699.91054614138,539.2836267982426
0.09375,0.03125,-0.01,1.2960419665697018,25.391762068876265,-3.2645593305769416,0.0,519655.9960273853,9008.092853003385,269220.3833997543,699.9033646402864,539.2808601047619
0.09375,0.03125,0.01,1.2960419665697018,25.395025464790223,-3.2652198525954765,0.0,519649.95468219125,9008.07514443897,269225.3306959011,699.895108076374,539.2776792227683
0.09375,0.03125,0.03,1.2960419665697018,25.391762068876265,-3.2645593305769416,0.0,519655.9960273853,9008.092853003385,269220.3833997543,699.9033646402864,539.2808601047619
0.09375,0.09375,-0.01,1.2969481891700612,25.918489059638024,-9.86153551760145,0.0,519229.776137489,9007.19506180739,269157.93785909406,699.2523816152818,539.0300080781977
0.09375,0.09375,0.01,1.2969481891700612,25.921805057015977,-9.863788124435672,0.0,519223.4398085078,9007.176765980626,269162.8286088971,699.243696309594,539.0266604636199
0.09375,0.09375,0.03,1.2969481891700612,25.918489059638024,-9.86153551760145,0.0,519229.776137489,9007.19506180739,269157.93785909406,699.2523816152818,539.0300080781977
0.09375,0.15625,-0.01,1.3005647600094938,26.851740604300748,-16.83625316579633,0.0,517791.38716986915,9004.140703915416,269098.19429932657,697.1551879687295,538.2210732633632
0.09375,0.15625,0.01,1.3005647600094938,26.855056469308476,-16.839946883744904,0.0,517783.6667587021,9004.119463118437,269103.1203803306,697.1445792778886,538.2169781617339
0.09375,0.15625,0.03,1.3005647600094938,26.851740604300748,-16.83625316579633,0.0,517791.38716986915,9004.140703915416,269098.19429932657,697.1551879687295,538.2210732633632
0.09375,0.21875,-0.01,1.3127613612957905,28.01410660028043,-24.28915374041473,0.0,513083.4847752736,8994.32126133156,269049.83677993115,690.5607927173244,535.6695068695834
0.09375,0.21875,0.01,1.3127613612957905,28.017173115817826,-24.294073169705147,0.0,513071.0024328499,8994.289994500965,269054.8626102281,690.5436933188159,535.6628748082458
0.09375,0.21875,0.03,1.3127613612957905,28.01410660028043,-24.28915374041473,0.0,513083.4847752736,8994.32126133156,269049.83677993115,690.5607927173244,535.6695068695834
0.09375,0.28125,-0.01,1.3472060675273574,29.0873580165739,-32.10674968320498,0.0,500188.7140358697,8967.356109355438,269019.22551301983,672.8440096362094,528.7533856951062
0.09375,0.28125,0.01,1.3472060675273574,29.08982309108005,-32.1124196185136,0.0,500165.2694315659,8967.301069267623,269024.4185464362,672.8120711333596,528.7408361355623
0.09375,0.28125,0.03,1.3472060675273574,29.0873580165739,-32.10674968320498,0.0,500188.7140358697,8967.356109355438,269019.22551301983,672.8440096362094,528.7533856951062
0.09375,0.34375,-0.01,1.427424125743278,29.73608067549608,-39.868966230774035,0.0,472390.90009433095,8907.222941434293,268985.9910782532,634.9784576997381,513.6596623674037
0.09375,0.34375,0.01,1.427424125743278,29.73765218089365,-39.87459980580947,0.0,472350.4903664554,8907.127258277746,268991.4158687087,634.9236314460952,513.6374863057422
0.09375,0.34375,0.03,1.427424125743278,29.73608067549608,-39.868966230774035,0.0,472390.90009433095,8907.222941434293,268985.9910782532,634.9784576997381,513.6596623674037
0.09375,0.40625,-0.01,1.585660691637413,29.810262395898555,-46.949036932855016,0.0,425479.3035874344,8797.672829052031,268843.31699405727,571.3381019958448,487.2395798180947
0.09375,0.40625,0.01,1.585660691637413,29.81097158483817,-46.95377377162667,0.0,425422.00868174224,8797.52557434016,268848.9816246748,571.2605569172878,487.206513308547
0.09375,0.40625,0.03,1.585660691637413,29.810262395898555,-46.949036932855016,0.0,425479.3035874344,8797.672829052031,268843.31699405727,571.3381019958448,487.2395798180947
0.09375,0.46875,-0.01,1.8603236022675083,29.393326973694894,-52.75384367381822,0.0,362530.26485762506,8630.433276094029,268357.5987119273,486.1277587751386,449.43943565985126
0.09375,0.46875,0.01,1.8603236022675083,29.393370166150028,-52.75701080640404,0.0,362464.547083052,8630.236965099579,268363.519383988,486.03896345495446,449.39838684045435
0.09375,0.46875,0.03,1.8603236022675083,29.393326973694894,-52.75384367381822,0.0,362530.26485762506,8630.433276094029,268357.5987119273,486.1277587751386,449.43943565985126
0.09375,0.53125,-0.01,2.2928648100024542,28.65906355813455,-56.96856648568995,0.0,293352.97550655203,8409.872549046913,267118.8790256467,392.6140104593263,403.904659079416
0.09375,0.53125,0.01,2.2928648100024542,28.658614645982794,-56.969825885264676,0.0,293290.3792863029,8409.642176870759,267125.1159622974,392.52956962114644,403.8612221654597
0.09375,0.53125,0.03,2.2928648100024542,28.65906355813455,-56.96856648568995,0.0,293352.97550655203,8409.872549046913,267118.8790256467,392.6140104593263,403.904659079416
0.09375,0.59375,-0.01,2.922388719393436,27.750746870240768,-59.654831581729574,0.0,228429.78558900612,8150.36105667221,264427.05328362534,304.93987081880823,355.9615360156645
0.09375,0.59375,0.01,2.922388719393436,27.749930930092013,-59.654136249299285,0.0,228378.03047615002,8150.116209619773,264433.7380217526,304.8702064110681,355.9208734647731
0.09375,0.59375,0.03,2.922388719393436,27.750746870240768,-59.654831581729574,0.0,228429.78558900612,8150.36105667221,264427.05328362534,304.93987081880823,355.9615360156645
0.09375,0.65625,-0.01,3.776337614248677,26.728484528620157,-61.12207875465558,0.0,173850.5999932766,7869.191163286111,259180.26239481088,231.30113179923592,310.01652582599286
0.09375,0.65625,0.01,3.776337614248677,26.727399954625707,-61.11952579413433,0.0,173811.5826480687,7868.947711538599,259187.58396706718,231.24879713915288,309.98145136001415
0.09375,0.65625,0.03,3.776337614248677,26.728484528620157,-61.12207875465558,0.0,173850.5999932766,7869.191163286111,259180.26239481088,231.30113179923592,310.01652582599286
0.09375,0.71875,-0.01,4.859096110832972,25.476437854128623,-61.60374917381185,0.0,130873.97476909767,7580.519485354158,249990.75501358495,173.38536303247307,268.41215704072204
0.09375,0.71875,0.01,4.859096110832972,25.47518970624514,-61.59949698647737,0.0,130845.91173627561,7580.285589650897,249998.88183113103,173.34793810848714,268.3831873326617
0.09375,0.71875,0.03,4.859096110832972,25.476437854128623,-61.60374917381185,0.0,130873.97476909767,7580.519485354158,249990.75501358495,173.38536303247307,268.41215704072204
0.09375,0.78125,-0.01,6.1427092298769495,23.633933820783174,-60.9152770234142,0.0,98173.0487081187,7294.0109294458225,235917.3809173933,129.43184879619466,231.90843411095426
0.09375,0.78125,0.01,6.1427092298769495,23.6326828313817,-60.909584155751176,0.0,98153.0826649857,7293.787756019004,235926.33103178878,129.40544756747718,231.8847808141753
0.09375,0.78125,0.03,6.1427092298769495,23.633933820783174,-60.9152770234142,0.0,98173.0487081187,7294.0109294458225,235917.3809173933,129.43184879619466,231.90843411095426
0.09375,0.84375,-0.01,7.5750914997189325,20.618742370845936,-58.48047169921829,0.0,73791.46561360685,7016.691691174992,217713.42225187272,96.85837811327174,200.61553597273237
0.09375,0.84375,0.01,7.5750914997189325,20.617706739314276,-58.47375590783684,0.0,73777.04298794355,7016.476132283251,217723.00114386977,96.8394986622166,200.59598322031337
0.09375,0.84375,0.03,7.5750914997189325,20.618742370845936,-58.48047169921829,0.0,73791.46561360685,7016.691691174992,217713.42225187272,96.85837811327174,200.61553597273237
0.09375,0.90625,-0.01,9.129241652052123,15.57905448897031,-53.827849155579955,0.0,55941.77068825815,6754.285942069401,198501.3157009367,73.27722176080194,174.49398610281222
0.09375,0.90625,0.01,9.129241652052123,15.57842767990432,-53.82068225603527,0.0,55931.03346942209,6754.073582967485,198511.18527106213,73.26328415859908,174.47739060858598
0.09375,0.90625,0.03,9.129241652052123,15.57905448897031,-53.827849155579955,0.0,55941.77068825815,6754.285942069401,198501.3157009367,73.27722176080194,174.49398610281222
0.09375,0.96875,-0.01,11.418861677461065,6.971020807685324,-39.41787481801373,0.0,43750.415523869626,6512.883011712202,196126.63150360674,57.88306405759396,155.08568849900834
0.09375,0.96875,0.01,11.418861677461065,6.97089143987767,-39.41300846490796,0.0,43741.97318978195,6512.671006097648,196134.8622154535,57.8719459675488,155.07079347329037
0.09375,0.96875,0.03,11.418861677461065,6.971020807685324,-39.41787481801373,0.0,43750.415523869626,6512.883011712202,196126.63150360674,57.88306405759396,155.08568849900834
0.09375,1.03125,-0.01,18.80878135984795,-2.739023988990669,15.487904526485025,0.0,43952.99361693467,6379.804392497804,329683.17280125245,59.069144066600764,156.66655910740477
0.09375,1.03125,0.01,26.19870104223483,-6.971020807685324,39.41787481801373,0.0,44041.284645796026,6271.402660673688,453047.5318354258,58.27507096045973,155.6099530412185
0.09375,1.03125,0.03,18.80878135984795,-2.739023988990669,15.487904526485025,0.0,43952.99361693467,6379.804392497804,329683.17280125245,59.069144066600764,156.66655910740477
0.15625,-0.03125,-0.01,1.2704321604555642,32.33815192326157,0.0,0.0,530764.8052391353,9029.4474893508,269446.7233169082,714.6117617307671,544.9178646680326
0.15625,-0.03125,0.01,1.2704321604555642,32.33815192326157,4.0582610521078815,0.0,530764.8052391353,9029.435965883418,269442.53876648075,714.6006636965575,544.9136333210921
0.15625,-0.03125,0.03,1.2704321604555642,32.33815192326157,0.0,0.0,530764.8052391353,9029.4474893508,269446.7233169082,714.6117617307671,544.9178646680326
0.15625,0.03125,-0.01,1.2704321604555642,32.33815192326157,-4.0582610521078815,0.0,530764.8052391353,9029.435965883418,269442.53876648075,714.6006636965575,544.9136333210921
0.15625,0.03125,0.01,1.2704321604555642,32.34355143613028,-4.058730714855764,0.0,530758.7028898789,9029.418548422595,269447.1834282136,714.5922015938276,544.9104069535351
0.15625,0.03125,0.03,1.2704321604555642,32.33815192326157,-4.0582610521078815,0.0,530764.8052391353,9029.435965883418,269442.53876648075,714.6006636965575,544.9136333210921
0.15625,0.09375,-0.01,1.274271485024118,33.083287182137106,-12.169715790488437,0.0,529036.3524695399,9025.991759955203,269329.18658830004,712.1496624433169,543.9783338869729
0.15625,0.09375,0.01,1.274271485024118,33.088713100750816,-12.17136726248945,0.0,529028.8648269369,9025.971592689222,269333.7736865219,712.1393022494415,543.9743770350658
0.15625,0.09375,0.03,1.274271485024118,33.083287182137106,-12.169715790488437,0.0,529036.3524695399,9025.991759955203,269329.18658830004,712.1496624433169,543.9783338869729
0.15625,0.15625,-0.01,1.2876035991637558,34.33807305088656,-20.435946480850788,0.0,523428.25536421005,9014.737246467881,269164.876634702,704.3529511853123,540.9923643421606
0.15625,0.15625,0.01,1.2876035991637558,34.34335794343065,-20.438596306725483,0.0,523415.74256295175,9014.70682552841,269169.4848675842,704.3357699946653,540.9857661234566
0.15625,0.15625,0.03,1.2876035991637558,34.33807305088656,-20.435946480850788,0.0,523428.25536421005,9014.737246467881,269164.876634702,704.3529511853123,540.9923643421606
0.15625,0.21875,-0.01,1.3254421899383757,35.71700727962663,-28.788364712660435,0.0,508371.9240875916,8984.08727736959,268951.0852136339,683.7192544631677,533.0094038706404
0.15625,0.21875,0.01,1.3254421899383757,35.72161688934925,-28.791722049896215,0.0,508346.9001069151,8984.030341409301,268955.7609981999,683.6851772520498,532.9961208599663
0.15625,0.21875,0.03,1.3254421899383757,35.71700727962663,-28.788364712660435,0.0,508371.9240875916,8984.08727736959,268951.0852136339,683.7192544631677,533.0094038706404
0.15625,0.28125,-0.01,1.4143699247302142,36.57637090561705,-36.87561571652102,0.0,476356.51338326343,8915.996479187153,268703.8184141929,640.172092199076,515.75605449724
0.15625,0.28125,0.01,1.4143699247302142,36.57959345150906,-36.87903321303326,0.0,476310.80778431904,8915.890659101686,268708.64182797464,640.110165647461,515.7311082626615
0.15625,0.28125,0.03,1.4143699247302142,36.57637090561705,-36.87561571652102,0.0,476356.51338326343,8915.996479187153,268703.8184141929,640.172092199076,515.75605449724
0.15625,0.34375,-0.01,1.5907967994790375,36.331720317208344,-44.08999257532569,0.0,423519.55977116583,8793.130924437506,268407.1312242767,568.5816699432825,486.062810236324
0.15625,0.34375,0.01,1.5907967994790375,36.33317249233045,-44.092625960578246,0.0,423452.4228121946,8792.959637767406,268412.14899471396,568.4909612782561,486.02403667960806
0.15625,0.34375,0.03,1.5907967994790375,36.331720317208344,-44.08999257532569,0.0,423519.55977116583,8793.130924437506,268407.1312242767,568.5816699432825,486.062810236324
0.15625,0.40625,-0.01,1.8965235446467013,34.85818247823212,-49.775067365967146,0.0,355164.46053280047,8609.367425307299,267965.7264499098,476.16999383330756,444.81249514555674
0.15625,0.40625,0.01,1.8965235446467013,34.85811043608358,-49.77618535293968,0.0,355086.0740680134,8609.130980693932,267970.96001231804,476.06428008393675,444.7631163445069
0.15625,0.40625,0.03,1.8965235446467013,34.85818247823212,-49.775067365967146,0.0,355164.46053280047,8609.367425307299,267965.7264499098,476.16999383330756,444.81249514555674
0.15625,0.46875,-0.01,2.3759216074944236,32.496898246357205,-53.5135397937217,0.0,283169.8497377407,8373.119829588399,267175.6164324275,378.98918607721896,396.834457423755
0.15625,0.46875,0.01,2.3759216074944236,32.49589956995887,-53.51277903553241,0.0,283093.96702927124,8372.833661130117,267181.09634047165,378.887016879768,396.7809638249814
0.15625,0.46875,0.03,2.3759216074944236,32.496898246357205,-53.5135397937217,0.0,283169.8497377407,8373.119829588399,267175.6164324275,378.98918607721896,396.834457423755
0.15625,0.53125,-0.01,3.0765385033968826,29.758186444011493,-55.26964448858902,0.0,217911.2975538256,8100.470690015227,265655.5213012972,291.02581660735814,347.74566469862634
0.15625,0.53125,0.01,3.0765385033968826,29.756794040925662,-55.26701793214445,0.0,217846.7596752131,8100.154598456417,265661.3205908489,290.93908981652294,347.69384607807143
0.15625,0.53125,0.03,3.0765385033968826,29.758186444011493,-55.26964448858902,0.0,217911.2975538256,8100.470690015227,265655.5213012972,291.02581660735814,347.74566469862634
0.15625,0.59375,-0.01,4.0513694788337045,27.03848171742607,-55.34552114127051,0.0,164067.61586183924,7806.30359959453,262717.1022045419,218.55864253348784,301.35608031947004
0.15625,0.59375,0.01,4.0513694788337045,27.037011760589987,-55.34125484080677,0.0,164016.92089299444,7805.97351529734,262723.3597225971,218.49069224642278,301.30923059580107
0.15625,0.59375,0.03,4.0513694788337045,27.03848171742607,-55.34552114127051,0.0,164067.61586183924,7806.30359959453,262717.1022045419,218.55864253348784,301.35608031947004
0.15625,0.65625,-0.01,5.35746269573219,24.485021869406715,-54.21920867467594,0.0,121845.22368956104,7500.378141638192,257232.4945600815,161.82695990152874,259.31127699790306
0.15625,0.65625,0.01,5.35746269573219,24.483603992074386,-54.213573256114636,0.0,121807.17001284684,7500.043845625179,257239.40885278428,161.77613317793583,259.2705514671805
0.15625,0.65625,0.03,5.35746269573219,24.485021869406715,-54.21920867467594,0.0,121845.22368956104,7500.378141638192,257232.4945600815,161.82695990152874,259.31127699790306
0.15625,0.71875,-0.01,7.042917863772195,21.924466343810565,-52.30682749427766,0.0,89575.83330371193,7188.318184456671,247733.9402904059,118.55456885474851,221.94998186646717
0.15625,0.71875,0.01,7.042917863772195,21.92315432678917,-52.300071396790976,0.0,89547.96672722517,7187.984282387009,247741.69467995185,118.51752782392495,221.91530628011512
0.15625,0.71875,0.03,7.042917863772195,21.924466343810565,-52.30682749427766,0.0,89575.83330371193,7188.318184456671,247733.9402904059,118.55456885474851,221.94998186646717
0.15625,0.78125,-0.01,9.117400046120261,18.90437853003759,-49.72986224570107,0.0,65366.69279186387,6875.115134418419,233147.70592162563,86.18797227570374,189.24277064131252
0.15625,0.78125,0.01,9.117400046120261,18.90327403055026,-49.722256461050506,0.0,65346.50848829646,6874.782738973283,233156.3181075713,86.16130756060669,189.21349454408184
0.15625,0.78125,0.03,9.117400046120261,18.90437853003759,-49.72986224570107,0.0,65366.69279186387,6875.115134418419,233147.70592162563,86.18797227570374,189.24277064131252
0.15625,0.84375,-0.01,11.523291828014916,14.902027785502641,-46.37522938970564,0.0,47641.3473350285,6568.436480308642,214050.69928933197,62.607791332203,161.29100859737034
0.15625,0.84375,0.01,11.523291828014916,14.901302509857683,-46.36712172972844,0.0,47626.68673927528,6568.10445001184,214059.92936181283,62.588554369650126,161.2662274367359
0.15625,0.84375,0.03,11.523291828014916,14.902027785502641,-46.37522938970564,0.0,47641.3473350285,6568.436480308642,214050.69928933197,62.607791332203,161.29100859737034
0.15625,0.90625,-0.01,14.151985651380166,9.572397470045047,-42.30550325944339,0.0,35104.29482190675,6279.41681560928,193324.22152466569,46.042589787368044,138.31708827345656
0.15625,0.90625,0.01,14.151985651380166,9.57214998658661,-42.2972990731233,0.0,35093.43925957191,6279.082840177757,193333.6468588268,46.028430562598956,138.29581869084518
0.15625,0.90625,0.03,14.151985651380166,9.572397470045047,-42.30550325944339,0.0,35104.29482190675,6279.41681560928,193324.22152466569,46.042589787368044,138.31708827345656
0.15625,0.96875,-0.01,17.876179850230773,2.9706837543983133,-31.374976192576156,0.0,27005.934049018,6021.860504922583,189487.19266928534,35.72685579850581,121.84097472277188
0.15625,0.96875,0.01,17.876179850230773,2.970743239733996,-31.369270806402724,0.0,26997.44853407582,6021.523027201676,189494.80204550852,35.71566078290415,121.82188378330198
0.15625,0.96875,0.03,17.876179850230773,2.9706837543983133,-31.374976192576156,0.0,27005.934049018,6021.860504922583,189487.19266928534,35.72685579850581,121.84097472277188
0.15625,1.0312500000000002,-0.01,30.223641688369725,-1.2136851019100277,12.818375945043707,0.0,27079.42295515484,5879.498680735783,326267.7250368205,36.38346503835215,122.95550981040292
0.15625,1.0312500000000002,0.01,42.57110352650868,-2.9706837543983347,31.374976192576373,0.0,27110.28063369353,5767.227592621034,453048.31330370513,35.86748461882322,122.08053574920707
0.15625,1.0312500000000002,0.03,30.223641688369725,-1.2136851019100277,12.818375945043707,0.0,27079.42295515484,5879.498680735783,326267.7250368205,36.38346503835215,122.95550981040292
0.21875,-0.03125,-0.01,1.2535096317931982,40.457999254031506,0.0,0.0,537737.7292423027,9042.712112645922,269206.59823913407,723.6109223591413,548.3382263335927
0.21875,-0.03125,0.01,1.2535096317931982,40.457999254031506,4.354218366483799,0.0,537737.7292423027,9042.699012107796,269201.8452469907,723.5981466060531,548.3333857041237
0.21875,-0.03125,0.03,1.2535096317931982,40.457999254031506,0.0,0.0,537737.7292423027,9042.712112645922,269206.59823913407,723.6109223591413,548.3382263335927
0.21875,0.03125,-0.01,1.2535096317931982,40.457999254031506,-4.354218366483799,0.0,537737.7292423027,9042.699012107796,269201.8452469907,723.5981466060531,548.3333857041237
0.21875,0.03125,0.01,1.2535096317931982,40.46516490629328,-4.354525938219521,0.0,537733.0150481325,9042.68458714683,269206.1449468213,723.5914006935475,548.3308297152212
0.21875,0.03125,0.03,1.2535096317931982,40.457999254031506,-4.354218366483799,0.0,537737.7292423027,9042.699012107796,269201.8452469907,723.5981466060531,548.3333857041237
0.21875,0.09375000000000001,-0.01,1.2609079668113399,41.29279770087264,-13.007757312690277,0.0,534422.1668361787,9036.205901966166,269061.88823354244,718.9825045687911,546.5817507916123
0.21875,0.09375000000000001,0.01,1.2609079668113399,41.29994905139408,-13.008896281522219,0.0,534414.4116517095,9036.185511335314,269066.13609178446,718.9716348580239,546.5776191138876
0.21875,0.09375000000000001,0.03,1.2609079668113399,41.29279770087264,-13.007757312690277,0.0,534422.1668361787,9036.205901966166,269061.88823354244,718.9825045687911,546.5817507916123
0.21875,0.15625,-0.01,1.2857468343437837,42.59848099759233,-21.67037883191649,0.0,523894.11268370185,9015.34131607944,268837.328600025,704.5175131168345,541.0555581918618
0.21875,0.15625,0.01,1.2857468343437837,42.6052984081202,-21.672164128208944,0.0,523876.744498887,9015.301446258805,268841.5872461593,704.4936622960436,541.0463996343124
0.21875,0.15625,0.03,1.2857468343437837,42.59848099759233,-21.67037883191649,0.0,523894.11268370185,9015.34131607944,268837.328600025,704.5175131168345,541.0555581918618
0.21875,0.21875,-0.01,1.3511260703464243,43.747333080658066,-30.150579914996534,0.0,498324.5750023397,8963.019530863772,268532.260702951,669.6942475632065,527.5143161540391
0.21875,0.21875,0.01,1.3511260703464243,43.752957519479374,-30.152650281792937,0.0,498287.26496791316,8962.936107953785,268536.583820274,669.643548736596,527.4943481887084
0.21875,0.21875,0.03,1.3511260703464243,43.747333080658066,-30.150579914996534,0.0,498324.5750023397,8963.019530863772,268532.260702951,669.6942475632065,527.5143161540391
0.21875,0.28125,-0.01,1.4920397392530154,43.79244593151737,-37.992891323324436,0.0,451079.26374888193,8859.020507845968,268165.67875647394,605.6585507991865,501.66048382155634
0.21875,0.28125,0.01,1.4920397392530154,43.79585694569075,-37.994588809429295,0.0,451015.61524180864,8858.86793911835,268170.14057381405,605.5724828970432,501.62483799486984
0.21875,0.28125,0.03,1.4920397392530154,43.79244593151737,-37.992891323324436,0.0,451079.26374888193,8859.020507845968,268165.67875647394,605.6585507991865,501.66048382155634
0.21875,0.34375,-0.01,1.7504515601788173,42.020365631122075,-44.56727246202829,0.0,384334.98059543147,8691.95935180772,267727.17167921975,515.4434018115801,462.7926558630202
0.21875,0.34375,0.01,1.7504515601788173,42.02121123139785,-44.56782597758066,0.0,384251.40111036354,8691.726998031825,267731.8213154318,515.3306798618634,462.7420491982563
0.21875,0.34375,0.03,1.7504515601788173,42.020365631122075,-44.56727246202829,0.0,384334.98059543147,8691.95935180772,267727.17167921975,515.4434018115801,462.7926558630202
0.21875,0.40625,-0.01,2.1695631187221682,38.478851696670304,-49.309833652368454,0.0,309879.2123413271,8467.426387447942,267142.45843346935,414.9907971428137,415.2553142691637
0.21875,0.40625,0.01,2.1695631187221682,38.47775746870143,-49.30869824739434,0.0,309791.33267823583,8467.124803004106,267147.3234317869,414.8724931359829,415.19612034298154
0.21875,0.40625,0.03,2.1695631187221682,38.478851696670304,-49.309833652368454,0.0,309879.2123413271,8467.426387447942,267142.45843346935,414.9907971428137,415.2553142691637
0.21875,0.46875,-0.01,2.7920872006505695,33.86227221253206,-51.95069804610003,0.0,240389.23870792566,8202.8971359984,266234.5303663323,321.3833887526809,365.43292913271233
0.21875,0.46875,0.01,2.7920872006505695,33.860293333846066,-51.94773019473181,0.0,240310.1940864693,8202.548010812281,266239.64368014905,321.27715770613185,365.37252848298806
0.21875,0.46875,0.03,2.7920872006505695,33.86227221253206,-51.95069804610003,0.0,240389.23870792566,8202.8971359984,266234.5303663323,321.3833887526809,365.43292913271233
0.21875,0.53125,-0.01,3.6644769770968564,29.00415936937987,-52.57416034658252,0.0,182419.14180978498,7916.039732802828,264646.1715500286,243.4184636271545,318.03339448296185
0.21875,0.53125,0.01,3.6644769770968564,29.00214171777526,-52.5695499228125,0.0,182354.43922429104,7915.663174790935,264651.60298793466,243.33166889843463,317.97668949260657
0.21875,0.53125,0.03,3.6644769770968564,29.00415936937987,-52.57416034658252,0.0,182419.14180978498,7916.039732802828,264646.1715500286,243.4184636271545,318.03339448296185
0.21875,0.59375,-0.01,4.844436607507205,24.504070573617334,-51.55759729392638,0.0,136730.93262795676,7617.755004914126,261693.86956635173,182.0776482092412,275.05800185397976
0.21875,0.59375,0.01,4.844436607507205,24.50244350465452,-51.5516866852848,0.0,136680.66789758854,7617.364427731228,261699.7497335994,182.01037038907037,275.00718009547774
0.21875,0.59375,0.03,4.844436607507205,24.504070573617334,-51.55759729392638,0.0,136730.93262795676,7617.755004914126,261693.86956635173,182.0776482092412,275.05800185397976
0.21875,0.65625,-0.01,6.402754815046006,20.594092385865554,-49.45814088274214,0.0,101514.13047030261,7312.330888258351,256209.9906567909,134.87738315352456,236.73666857492213
0.21875,0.65625,0.01,6.402754815046006,20.592935022024964,-49.451264112678395,0.0,101476.25991112112,7311.933953986203,256216.50820328345,134.826835126064,236.6923034903799
0.21875,0.65625,0.03,6.402754815046006,20.594092385865554,-49.45814088274214,0.0,101514.13047030261,7312.330888258351,256209.9906567909,134.87738315352456,236.73666857492213
0.21875,0.71875,-0.01,8.404539575015455,17.10692292646827,-46.83037352103172,0.0,74632.87593066733,7001.441986053874,246623.76077069546,98.90837005741452,202.72741779605659
0.21875,0.71875,0.01,8.404539575015455,17.10613573409894,-46.822785816024435,0.0,74604.95878735938,7001.043162636164,246631.08679151,98.87124287290567,202.6893653809932
0.21875,0.71875,0.03,8.404539575015455,17.10692292646827,-46.83037352103172,0.0,74632.87593066733,7001.441986053874,246623.76077069546,98.90837005741452,202.72741779605659
0.21875,0.78125,-0.01,10.857925807056395,13.585153120754903,-44.00354170450179,0.0,54434.821230366884,6689.130401871424,231719.53702464918,71.93313638334202,172.88625402271367
0.21875,0.78125,0.01,10.857925807056395,13.58465613548488,-43.99545262261148,0.0,54414.5679931128,6688.732796812284,231727.66633613015,71.90632968493111,172.85403701008136
0.21875,0.78125,0.03,10.857925807056395,13.585153120754903,-44.00354170450179,0.0,54434.821230366884,6689.130401871424,231719.53702464918,71.93313638334202,172.88625402271367
0.21875,0.84375,-0.01,13.652987724351346,9.60932330205859,-41.071005482537814,0.0,39721.529396597245,6385.123633890083,211982.1893907274,52.33415916949078,147.46487655745963
0.21875,0.84375,0.01,13.652987724351346,9.609132238601841,-41.06264036877998,0.0,39706.900168964894,6384.729360928017,211990.82642437713,52.31490868025274,147.43775247479397
0.21875,0.84375,0.03,13.652987724351346,9.60932330205859,-41.071005482537814,0.0,39721.529396597245,6385.123633890083,211982.1893907274,52.33415916949078,147.46487655745963
0.21875,0.90625,-0.01,16.582620890138077,5.183722936123954,-38.148694311834205,0.0,29451.02858330441,6103.34248287471,190356.59930867824,38.692630259725426,126.79732538788471
0.21875,0.90625,0.01,16.582620890138077,5.1838359825721785,-38.1403026937064,0.0,29440.294134133073,6102.95203706366,190365.28214347255,38.67859395094634,126.77432452392411
0.21875,0.90625,0.03,16.582620890138077,5.183722936123954,-38.148694311834205,0.0,29451.02858330441,6103.34248287471,190356.59930867824,38.692630259725426,126.79732538788471
0.21875,0.96875,-0.01,20.728452468925873,0.994628510088876,-28.952672780447443,0.0,22890.274503620138,5855.293993142511,186238.17812843065,30.283896536546845,112.17648902005244
0.21875,0.96875,0.01,20.728452468925873,0.9948032357469063,-28.94673841471274,0.0,22881.93725679112,5854.905521299546,186245.0261006535,30.272891654484212,112.15610522959184
0.21875,0.96875,0.03,20.728452468925873,0.994628510088876,-28.952672780447443,0.0,22890.274503620138,5855.293993142511,186238.17812843065,30.283896536546845,112.17648902005244
0.21875,1.03125,-0.01,35.53077647678151,-0.4143836561080603,12.062306961008066,0.0,22918.605515340125,5707.627281802426,324570.06502835575,30.789447484935444,113.10893518613098
0.21875,1.03125,0.01,50.33310048463715,-0.994628510088876,28.95267278044744,0.0,22930.27250030518,5593.294416590718,453048.3172266476,30.3378021924566,112.27628229955589
0.21875,1.03125,0.03,35.53077647678151,-0.4143836561080603,12.062306961008066,0.0,22918.605515340125,5707.627281802426,324570.06502835575,30.789447484935444,113.10893518613098
0.28125,-0.03125,-0.01,1.242913397292968,49.03774339491823,0.0,0.0,541790.1423811214,9050.282961430572,268755.80956460314,728.5549760680435,550.2082911550801
0.28125,-0.03125,0.01,1.242913397292968,49.03774339491823,4.41860847596217,0.0,541790.1423811214,9050.269562114257,268750.95631448453,728.5418196658442,550.2033232429186
0.28125,-0.03125,0.03,1.242913397292968,49.03774339491823,0.0,0.0,541790.1423811214,9050.282961430572,268755.80956460314,728.5549760680435,550.2082911550801
0.28125,0.03125,-0.01,1.242913397292968,49.03774339491823,-4.41860847596217,0.0,541790.1423811214,9050.269562114257,268750.95631448453,728.5418196658442,550.2033232429186
0.28125,0.03125,0.01,1.242913397292968,49.046417819202155,-4.418830057115474,0.0,541787.0491104121,9050.258420603524,268754.9205493427,728.5370761865597,550.2015320744202
0.28125,0.03125,0.03,1.242913397292968,49.03774339491823,-4.41860847596217,0.0,541790.1423811214,9050.269562114257,268750.95631448453,728.5418196658442,550.2033232429186
0.28125,0.09375000000000001,-0.01,1.253290541989485,49.87762116632487,-13.170183328152847,0.0,537134.5004544767,9041.222335982315,268599.1063360124,722.1076617835878,547.7683594589199
0.28125,0.09375000000000001,0.01,1.253290541989485,49.886235316758516,-13.171041701900709,0.0,537126.6548788087,9041.201942917893,268603.0224018276,722.0964938975908,547.7641236374714
0.28125,0.09375000000000001,0.03,1.253290541989485,49.87762116632487,-13.170183328152847,0.0,537134.5004544767,9041.222335982315,268599.1063360124,722.1076617835878,547.7683594589199
0.28125,0.15625,-0.01,1.2875841286086938,51.05885454155222,-21.84622632393486,0.0,522590.7880177954,9012.498050862749,268342.2342380712,702.2219082236513,540.1733493102854
0.28125,0.15625,0.01,1.2875841286086938,51.06690934387822,-21.84753530059408,0.0,522569.01931330224,9012.449438218082,268346.15365101566,702.1919774918852,540.1618373112155
0.28125,0.15625,0.03,1.2875841286086938,51.05885454155222,-21.84622632393486,0.0,522590.7880177954,9012.498050862749,268342.2342380712,702.2219082236513,540.1733493102854
0.28125,0.21875,-0.01,1.3742250590700187,51.719406212606955,-30.18979450888434,0.0,489369.0195748282,8943.919380838972,267985.25997524237,657.1103224246515,522.5346698295638
0.28125,0.21875,0.01,1.3742250590700187,51.725734098949175,-30.191169539931977,0.0,489321.4440173627,8943.812830394092,267989.231046529,657.0457073776691,522.5089782286703
0.28125,0.21875,0.03,1.3742250590700187,51.719406212606955,-30.18979450888434,0.0,489369.0195748282,8943.919380838972,267985.25997524237,657.1103224246515,522.5346698295638
0.28125,0.28125,-0.01,1.5519351931698984,50.66668899548044,-37.72767856915691,0.0,433061.7421536351,8816.446542160402,267543.01040747244,580.9521517542369,491.32192918383004
0.28125,0.28125,0.01,1.5519351931698984,50.6700184928786,-37.72848179750933,0.0,432984.93557610404,8816.25641391533,267547.10359993996,580.8483706464921,491.2780424271274
0.28125,0.28125,0.03,1.5519351931698984,50.66668899548044,-37.72767856915691,0.0,433061.7421536351,8816.446542160402,267543.01040747244,580.9521517542369,491.32192918383004
0.28125,0.34375,-0.01,1.8622387822884066,47.139833599362476,-43.86609672384683,0.0,360632.70223270747,8625.719461355422,267014.96707238356,483.23383161176093,448.0996783209277
0.28125,0.34375,0.01,1.8622387822884066,47.139937588702544,-43.86564070836578,0.0,360538.54134899855,8625.441925994084,267019.23616877204,483.1069505036217,448.04084643396624
0.28125,0.34375,0.03,1.8622387822884066,47.139833599362476,-43.86609672384683,0.0,360632.70223270747,8625.719461355422,267014.96707238356,483.23383161176093,448.0996783209277
0.28125,0.40625,-0.01,2.3431346122045458,41.416886187867014,-48.115445563970866,0.0,286293.30741324957,8385.312314817978,266348.56723317533,383.124097212386,398.9933895112683
0.28125,0.40625,0.01,2.3431346122045458,41.41480902519767,-48.11330336056629,0.0,286199.5742273161,8384.965438516358,266353.0490630881,382.9980270133238,398.92773804860485
0.28125,0.40625,0.03,2.3431346122045458,41.416886187867014,-48.115445563970866,0.0,286293.30741324957,8385.312314817978,266348.56723317533,383.124097212386,398.9933895112683
0.28125,0.46875,-0.01,3.0293977354063104,34.523856214856394,-50.26431345342431,0.0,220960.60753051762,8115.854585441562,265394.78303638333,295.284917254816,350.28101406973394
0.28125,0.46875,0.01,3.0293977354063104,34.5210807837491,-50.260442098738515,0.0,220878.939390662,8115.463395986695,265399.51420010976,295.17524374857487,350.21595806360375
0.28125,0.46875,0.03,3.0293977354063104,34.523856214856394,-50.26431345342431,0.0,220960.60753051762,8115.854585441562,265394.78303638333,295.284917254816,350.28101406973394
0.28125,0.53125,-0.01,3.961080317539078,27.57518842020611,-50.41825531586545,0.0,168225.4964360707,7832.896833099407,263816.532875077,224.49366670258465,305.4203797854
0.28125,0.53125,0.01,3.961080317539078,27.572824517938265,-50.41290950349633,0.0,168159.46212763852,7832.481357979392,263821.576974609,224.4051227484988,305.3601424620709
0.28125,0.53125,0.03,3.961080317539078,27.57518842020611,-50.41825531586545,0.0,168225.4964360707,7832.896833099407,263816.532875077,224.49366670258465,305.4203797854
0.28125,0.59375,-0.01,5.195621010504672,21.370020542360873,-48.97032302903735,0.0,127031.1850554753,7542.905706720623,260924.63917476288,169.27735835269633,265.21336305456475
0.28125,0.59375,0.01,5.195621010504672,21.368571572757517,-48.96388247629097,0.0,126979.93589266636,7542.47841143761,260930.10798604813,169.20875616382784,265.1596167616663
0.28125,0.59375,0.03,5.195621010504672,21.370020542360873,-48.97032302903735,0.0,127031.1850554753,7542.905706720623,260924.63917476288,169.27735835269633,265.21336305456475
0.28125,0.65625,-0.01,6.811706745118648,16.27202266976942,-46.53262409138613,0.0,95028.62598775177,7245.993760542732,255501.74221660127,126.43341519468176,229.2064848159715
0.28125,0.65625,0.01,6.811706745118648,16.271472139400238,-46.52543915801457,0.0,94989.93394933123,7245.562013567682,255507.78837983313,126.381732213095,229.15963293997757
0.28125,0.65625,0.03,6.811706745118648,16.27202266976942,-46.53262409138613,0.0,95028.62598775177,7245.993760542732,255501.74221660127,126.43341519468176,229.2064848159715
0.28125,0.71875,-0.01,8.88653421162157,12.18458162881671,-43.76860654862635,0.0,70235.6039892302,6941.317472376255,245884.9553780919,93.26620824109341,196.8602927162792
0.28125,0.71875,0.01,8.88653421162157,12.184609683849228,-43.76092070394067,0.0,70207.10774891022,6940.886533572241,245891.70369734385,93.22825647157417,196.82023556806473
0.28125,0.71875,0.03,8.88653421162157,12.18458162881671,-43.76860654862635,0.0,70235.6039892302,6941.317472376255,245884.9553780919,93.26620824109341,196.8602927162792
0.28125,0.78125,-0.01,11.430980478118002,8.670515527868993,-41.135032529989225,0.0,51375.82833826769,6632.68262159645,230770.30007898962,68.04877893246163,168.1535864084274
0.28125,0.78125,0.01,11.430980478118002,8.670778205089828,-41.12700875296921,0.0,51355.2894753184,6632.257208008996,230777.70027607883,68.02154023381948,168.1199286163204
0.28125,0.78125,0.03,11.430980478118002,8.670515527868993,-41.135032529989225,0.0,51375.82833826769,6632.68262159645,230770.30007898962,68.04877893246163,168.1535864084274
0.28125,0.84375,-0.01,14.311297403815788,5.326177381588101,-38.787226870335324,0.0,37581.50581619435,6331.577739822076,210658.76203854167,49.61603402870464,143.58431132824836
0.28125,0.84375,0.01,14.311297403815788,5.326517864013765,-38.77900986929034,0.0,37566.830229788844,6331.161567475316,210666.5255148157,49.59668265537701,143.55630803612308
0.28125,0.84375,0.03,14.311297403815788,5.326177381588101,-38.787226870335324,0.0,37581.50581619435,6331.577739822076,210658.76203854167,49.61603402870464,143.58431132824836
0.28125,0.90625,-0.01,17.286445315257826,2.2011767303592826,-36.720799841012884,0.0,27978.321464307224,6053.690264061173,188700.33982526633,36.79473086836417,123.64847985488007
0.28125,0.90625,0.01,17.286445315257826,2.2015551287613553,-36.71254771231241,0.0,27967.666380458726,6053.284090612301,188708.0844674151,36.78077813773831,123.62503359673163
0.28125,0.90625,0.03,17.286445315257826,2.2011767303592826,-36.720799841012884,0.0,27978.321464307224,6053.690264061173,188700.33982526633,36.79473086836417,123.64847985488007
0.28125,0.96875,-0.01,21.553833165277133,-0.05165858292681908,-28.294036391313316,0.0,21846.234404927523,5809.075538348476,184821.44032037284,28.90290676949655,109.58894023057803
0.28125,0.96875,0.01,21.553833165277133,-0.05141089115981517,-28.288126911353924,0.0,21838.00668611166,5808.675240248554,184827.53612739858,28.89204353436032,109.56834364631693
0.28125,0.96875,0.03,21.553833165277133,-0.05165858292681908,-28.294036391313316,0.0,21846.234404927523,5809.075538348476,184821.44032037284,28.90290676949655,109.58894023057803
0.28125,1.03125,-0.01,37.173688774099716,0.021706928718928306,11.889149804729653,0.0,21857.495791221434,5658.99886106692,323833.9939988362,29.3622905850221,110.45641214473872
0.28125,1.03125,0.01,52.7935443829223,0.05165858292681908,28.294036391313316,0.0,21862.093280431425,5543.7299921099575,453048.31725697365,28.924279917075932,109.62945220671037
0.28125,1.03125,0.03,37.173688774099716,0.021706928718928306,11.889149804729653,0.0,21857.495791221434,5658.99886106692,323833.9939988362,29.3622905850221,110.45641214473872
0.34375,-0.03125,-0.01,1.2364296187564694,57.74436778896846,0.0,0.0,544062.2635821445,9054.310742051497,268248.55944841035,730.9906436340573,551.1272377979731
0.34375,-0.03125,0.01,1.2364296187564694,57.74436778896846,4.360219744175744,0.0,544062.2635821445,9054.29773799804,268243.8582515917,730.9778326393016,551.1224083797379
0.34375,-0.03125,0.03,1.2364296187564694,57.74436778896846,0.0,0.0,544062.2635821445,9054.310742051497,268248.55944841035,730.9906436340573,551.1272377979731
0.34375,0.03125,-0.01,1.2364296187564694,57.74436778896846,-4.360219744175744,0.0,544062.2635821445,9054.29773799804,268243.8582515917,730.9778326393016,551.1224083797379
0.34375,0.03125,0.01,1.2364296187564694,57.754418832811886,-4.360401435086544,0.0,544060.5386545031,9054.2893095819,268247.48385893716,730.9747246048618,551.1212367236561
0.34375,0.03125,0.03,1.2364296187564694,57.74436778896846,-4.360219744175744,0.0,544062.2635821445,9054.29773799804,268243.8582515917,730.9778326393016,551.1224083797379
0.34375,0.09375,-0.01,1.2486565701634003,58.53911132526847,-12.977823353465995,0.0,538563.6167674728,9043.652635200033,268086.7680713198,723.4043005938001,548.2599337747888
0.34375,0.09375,0.01,1.2486565701634003,58.54905391310721,-12.978548848376253,0.0,538555.7788082582,9043.632364533427,268090.34234374453,723.3929401429828,548.2556287793243
0.34375,0.09375,0.03,1.2486565701634003,58.53911132526847,-12.977823353465995,0.0,538563.6167674728,9043.652635200033,268086.7680713198,723.4043005938001,548.2599337747888
0.34375,0.15625,-0.01,1.2887633502715292,59.50213016928456,-21.477268214128788,0.0,521545.9219481387,9010.083623845952,267811.46764086763,700.1954631749683,539.3933804362664
0.34375,0.15625,0.01,1.2887633502715292,59.511281596929145,-21.478338860005607,0.0,521520.88489672967,9010.028468664621,267815.03996956703,700.1609556037499,539.3800888728376
0.34375,0.15625,0.03,1.2887633502715292,59.50213016928456,-21.477268214128788,0.0,521545.9219481387,9010.083623845952,267811.46764086763,700.1954631749683,539.3933804362664
0.34375,0.21875,-0.01,1.387763776562495,59.56634357999267,-29.584395109313387,0.0,484017.612130453,8932.181011143166,267418.79573246685,649.3341230050081,519.4336481120962
0.34375,0.21875,0.01,1.387763776562495,59.573252170599545,-29.58544453690027,0.0,483962.7030723741,8932.05766858997,267422.39483317116,649.2595250957683,519.4038100243332
0.34375,0.21875,0.03,1.387763776562495,59.56634357999267,-29.584395109313387,0.0,484017.612130453,8932.181011143166,267418.79573246685,649.3341230050081,519.4336481120962
0.34375,0.28125,-0.01,1.5847391875274361,57.344805818506394,-36.85204362649543,0.0,423489.52736741555,8793.005281853191,266917.34925664525,567.6095383160508,485.6471099070656
0.34375,0.28125,0.01,1.5847391875274361,57.34800973841034,-36.852474830339276,0.0,423403.8369358142,8792.789313881549,266921.0363888158,567.4937835239558,485.5975874423947
0.34375,0.28125,0.03,1.5847391875274361,57.344805818506394,-36.85204362649543,0.0,423489.52736741555,8793.005281853191,266917.34925664525,567.6095383160508,485.6471099070656
0.34375,0.34375,-0.01,1.9175156747002298,52.06041783153058,-42.737303340570136,0.0,349591.01441545977,8593.420088192168,266317.2705666505,468.08980096314144,441.02230566741696
0.34375,0.34375,0.01,1.9175156747002298,52.05981338510531,-42.73649024777774,0.0,349489.8804247194,8593.11347599958,266321.117040157,467.9535910249651,440.9581342289691
0.34375,0.34375,0.03,1.9175156747002298,52.06041783153058,-42.737303340570136,0.0,349591.01441545977,8593.420088192168,266317.2705666505,468.08980096314144,441.02230566741696
0.34375,0.40625,-0.01,2.4167274619776724,44.19561567701435,-46.789062163992035,0.0,276914.93601445365,8351.0984796558,265590.4345710683,370.40930137847096,392.31680171614147
0.34375,0.40625,0.01,2.4167274619776724,44.19265255534728,-46.78662392583706,0.0,276816.9984482581,8350.724642999305,265594.49009378743,370.27764028184686,392.2470714867263
0.34375,0.40625,0.03,2.4167274619776724,44.19561567701435,-46.789062163992035,0.0,276914.93601445365,8351.0984796558,265590.4345710683,370.40930137847096,392.31680171614147
0.34375,0.46875,-0.01,3.1095396948583978,35.06203453368921,-48.794823485717046,0.0,214635.36163654484,8086.563426321386,264613.074489266,286.8331820811629,345.2316958484038
0.34375,0.46875,0.01,3.1095396948583978,35.05858671571624,-48.790735531432325,0.0,214551.24746778538,8086.149523777687,264617.3842261939,286.7202523984967,345.1637282169483
0.34375,0.46875,0.03,3.1095396948583978,35.06203453368921,-48.794823485717046,0.0,214635.36163654484,8086.563426321386,264613.074489266,286.8331820811629,345.2316958484038
0.34375,0.53125,-0.01,4.033047122947855,26.040103404127567,-48.835786088169634,0.0,164667.23902731913,7812.080475871409,263060.40437781776,219.85947241677295,302.25156406314505
0.34375,0.53125,0.01,4.033047122947855,26.03752453702867,-48.830301540037695,0.0,164599.58078059304,7811.646479457728,263065.02507801546,219.7687402484357,302.1891906538519
0.34375,0.53125,0.03,4.033047122947855,26.040103404127567,-48.835786088169634,0.0,164667.23902731913,7812.080475871409,263060.40437781776,219.85947241677295,302.25156406314505
0.34375,0.59375,-0.01,5.249750923085245,18.16354373223734,-47.2968705070037,0.0,125263.6070347084,7530.179281646701,260231.5665865734,167.0891548441695,263.493615901504
0.34375,0.59375,0.01,5.249750923085245,18.162400155526463,-47.29036747011204,0.0,125211.18576914167,7529.736999090717,260236.57885105663,167.01894872197815,263.43825381473425
0.34375,0.59375,0.03,5.249750923085245,18.16354373223734,-47.2968705070037,0.0,125263.6070347084,7530.179281646701,260231.5665865734,167.0891548441695,263.493615901504
0.34375,0.65625,-0.01,6.85125871356225,11.987286244149578,-44.82391800822105,0.0,94118.72616265401,7238.152661097269,254869.87749770575,125.39391756617323,228.26230662791502
0.34375,0.65625,0.01,6.85125871356225,11.987456227420102,-44.81675347007281,0.0,94079.24082917394,7237.708881872655,254875.3761048086,125.34113285710662,228.21425793491724
0.34375,0.65625,0.03,6.85125871356225,11.987286244149578,-44.82391800822105,0.0,94118.72616265401,7238.152661097269,254869.87749770575,125.39391756617323,228.26230662791502
0.34375,0.71875,-0.01,8.93068896001897,7.520962720524123,-42.14898319994483,0.0,69601.06521545157,6934.262695246141,245251.6993043027,92.56673097430617,196.12069766968426
0.34375,0.71875,0.01,8.93068896001897,7.521886850415597,-42.14140756513995,0.0,69572.1225755428,6933.822285398489,245257.738357651,92.52814564536648,196.07981813170545
0.34375,0.71875,0.03,8.93068896001897,7.520962720524123,-42.14898319994483,0.0,69601.06521545157,6934.262695246141,245251.6993043027,92.56673097430617,196.12069766968426
0.34375,0.78125,-0.01,11.506556973540661,4.3274481630753945,-39.7879944844131,0.0,50803.38505349857,6623.496343846003,230042.10649780548,67.38878624952919,167.3361540803552
0.34375,0.78125,0.01,11.506556973540661,4.328509052489221,-39.78015971142194,0.0,50782.66617997468,6623.063821092187,230048.6035421174,67.3612771311763,167.30199602379636
0.34375,0.78125,0.03,11.506556973540661,4.3274481630753945,-39.7879944844131,0.0,50803.38505349857,6623.496343846003,230042.10649780548,67.38878624952919,167.3361540803552
0.34375,0.84375,-0.01,14.431363517148178,1.9030206609209752,-37.880219817357435,0.0,37080.90991126065,6319.902452587107,209809.38244254616,49.00491056703104,142.69730354429527
0.34375,0.84375,0.01,14.431363517148178,1.9038847566719244,-37.87223215081167,0.0,37066.20802543519,6319.48144070198,209816.108627474,48.985502227505854,142.6690431928848
0.34375,0.84375,0.03,14.431363517148178,1.9030206609209752,-37.880219817357435,0.0,37080.90991126065,6319.902452587107,209809.38244254616,49.00491056703104,142.69730354429527
0.34375,0.90625,-0.01,17.441480978133416,0.0875020242020026,-36.27757804044987,0.0,27598.695516954434,6041.1625040422405,187875.2014194695,36.308167593546955,122.82821255098779
0.34375,0.90625,0.01,17.441480978133416,0.08812951534310041,-36.26953792148044,0.0,27588.073828159027,6040.753470490993,187881.93714563226,36.29424562565287,122.80466172898844
0.34375,0.90625,0.03,17.441480978133416,0.0875020242020026,-36.27757804044987,0.0,27598.695516954434,6041.1625040422405,187875.2014194695,36.308167593546955,122.82821255098779
0.34375,0.96875,-0.01,21.76779495855551,-0.7643385867390542,-28.119618970159454,0.0,21573.76075975259,5796.8180979356775,184325.10368322057,28.54193014488075,108.90244631687963
0.34375,0.96875,0.01,21.76779495855551,-0.7640095940366639,-28.113787972605206,0.0,21565.57644119598,5796.415959849656,184330.4891886513,28.531121359544183,108.88182376924901
0.34375,0.96875,0.03,21.76779495855551,-0.7643385867390542,-28.119618970159454,0.0,21573.76075975259,5796.8180979356775,184325.10368322057,28.54193014488075,108.90244631687963
0.34375,1.0312500000000002,-0.01,37.62807806627769,0.32217916159430116,11.852803746057795,0.0,21577.29981328723,5645.802010639914,323581.76920829463,28.985179831886605,109.74480362980984
0.34375,1.0312500000000002,0.01,53.48836117399987,0.7643385867390595,28.119618970159657,0.0,21578.740034469844,5530.150744326438,453048.3172573336,28.548640757707233,108.91524781977273
0.34375,1.0312500000000002,0.03,37.62807806627769,0.32217916159430116,11.852803746057795,0.0,21577.29981328723,5645.802010639914,323581.76920829463,28.985179831886605,109.74480362980984
0.40625,-0.03125,-0.01,1.2329479763371052,66.4236349325596,-3.601902245897216e-16,0.0,545290.167255809,9056.088852303787,267833.80581675697,731.9192959797598,551.4772033960332
0.40625,-0.03125,0.01,1.2329479763371052,66.42363493255962,4.239747585312116,0.0,545290.1672558091,9056.076572528933,267829.3733213144,731.9071831363725,551.472640061885
0.40625,-0.03125,0.03,1.2329479763371052,66.4236349325596,-3.601902245897216e-16,0.0,545290.167255809,9056.088852303787,267833.80581675697,731.9192959797598,551.4772033960332
0.40625,0.03125,-0.01,1.2329479763371052,66.4236349325596,-4.239747585312116,0.0,545290.1672558091,9056.076572528933,267829.37332131446,731.9071831363725,551.472640061885
0.40625,0.03125,0.01,1.2329479763371052,66.43498442236846,-4.239902270059879,0.0,545289.4840527711,9056.070197999368,267832.6438654879,731.905245403694,551.4719100463259
0.40625,0.03125,0.03,1.2329479763371052,66.4236349325596,-4.239747585312116,0.0,545290.1672558091,9056.076572528933,267829.37332131446,731.9071831363725,551.472640061885
0.40625,0.09375,-0.01,1.2459065519147126,67.14682435356285,-12.609341894322126,0.0,539447.040210554,9044.786402591813,267669.748183484,723.872229715183,548.4372242027823
0.40625,0.09375,0.01,1.2459065519147126,67.15801606295663,-12.609971665371154,0.0,539439.4219172131,9044.766633635063,267672.9640585297,723.8609388999408,548.4329469786652
0.40625,0.09375,0.03,1.2459065519147126,67.14682435356285,-12.609341894322126,0.0,539447.040210554,9044.786402591813,267669.748183484,723.872229715183,548.4372242027823
0.40625,0.15625,-0.01,1.288353187935773,67.85854902311914,-20.846149346144895,0.0,521400.1842804268,9009.22914427599,267383.16481983144,699.2998813630516,539.0483157417109
0.40625,0.15625,0.01,1.288353187935773,67.86873735797239,-20.847058772471545,0.0,521373.37854030763,9009.170503793228,267386.3645120774,699.2627976486433,539.0340227471399
0.40625,0.15625,0.03,1.288353187935773,67.85854902311914,-20.846149346144895,0.0,521400.1842804268,9009.22914427599,267383.16481983144,699.2998813630516,539.0483157417109
0.40625,0.21875,-0.01,1.3919666138476543,67.3232372685258,-28.694493506318175,0.0,482211.4029293323,8927.77801711865,266961.4376847641,646.2715725234272,518.2072595158567
0.40625,0.21875,0.01,1.3919666138476543,67.33071513485298,-28.69534886310926,0.0,482152.27046437946,8927.64521413421,266964.6345278647,646.1911675753453,518.1750225077502
0.40625,0.21875,0.03,1.3919666138476543,67.3232372685258,-28.694493506318175,0.0,482211.4029293323,8927.77801711865,266961.4376847641,646.2715725234272,518.2072595158567
0.40625,0.28125000000000006,-0.01,1.5947890411370695,63.99165811546566,-35.75138749833692,0.0,420404.559254531,8785.032690059174,266407.46658275265,562.962280655417,483.6549253940653
0.40625,0.28125000000000006,0.01,1.5947890411370695,63.9947903542445,-35.75164424615569,0.0,420313.64386352245,8784.802434547099,266410.71321807004,562.8394706659416,483.6021679553474
0.40625,0.28125000000000006,0.03,1.5947890411370695,63.99165811546566,-35.75138749833692,0.0,420404.559254531,8785.032690059174,266407.46658275265,562.962280655417,483.6549253940653
0.40625,0.34374999999999994,-0.01,1.931160023383311,57.06419505646535,-41.523293041187195,0.0,346614.29191125423,8584.454666203575,265738.68895537854,463.7790280324,438.98685826345974
0.40625,0.34374999999999994,0.01,1.931160023383311,57.06298921496635,-41.522372662440496,0.0,346508.848451136,8584.132868760773,265742.0661224024,463.6370651836966,438.9196661407753
0.40625,0.34374999999999994,0.03,1.931160023383311,57.06419505646535,-41.523293041187195,0.0,346614.29191125423,8584.454666203575,265738.68895537854,463.7790280324,438.98685826345974
0.40625,0.40625000000000006,-0.01,2.427340690863035,47.16417152451519,-45.57420589152224,0.0,275136.41579106345,8344.768004678215,264950.5454980385,367.90523198375337,390.98846785281177
0.40625,0.40625000000000006,0.01,2.427340690863035,47.16040979903173,-45.57173457431342,0.0,275035.633659037,8344.381513230875,264954.1302840622,367.76979789322746,390.9164954572701
0.40625,0.40625000000000006,0.03,2.427340690863035,47.16417152451519,-45.57420589152224,0.0,275136.41579106345,8344.768004678215,264950.5454980385,367.90523198375337,390.98846785281177
0.40625,0.46874999999999994,-0.01,3.1089936055073717,35.840309476035955,-47.66168338044388,0.0,214106.56754140733,8084.86643807551,263940.97022372636,286.1569887040558,344.8245234119947
0.40625,0.46874999999999994,0.01,3.1089936055073717,35.8362297780306,-47.657605411441175,0.0,214020.71740091546,8084.443673688301,263944.8221311083,286.04174668704474,344.7550820269381
0.40625,0.46874999999999994,0.03,3.1089936055073717,35.840309476035955,-47.66168338044388,0.0,214106.56754140733,8084.86643807551,263940.97022372636,286.1569887040558,344.8245234119947
0.40625,0.53125,-0.01,4.017337609337492,24.746194534365536,-47.823167269868655,0.0,164807.93863124083,7814.251283297896,262392.0920680845,220.159331395436,302.4576092305029
0.40625,0.53125,0.01,4.017337609337492,24.743401893677763,-47.81770028585717,0.0,164739.28296086588,7813.811995642471,262396.2606084624,220.06724900527732,302.3943506527079
0.40625,0.53125,0.03,4.017337609337492,24.746194534365536,-47.823167269868655,0.0,164807.93863124083,7814.251283297896,262392.0920680845,220.159331395436,302.4576092305029
0.40625,0.59375,-0.01,5.222916055857575,15.193503482998423,-46.4196078344652,0.0,125505.00297430917,7533.685190160634,259594.4353265824,167.5366465020383,263.8462191401024
0.40625,0.59375,0.01,5.222916055857575,15.192648699738607,-46.413115504261256,0.0,125452.08772161648,7533.240365341984,259598.9647303673,167.46575578026102,263.7903918678883
0.40625,0.59375,0.03,5.222916055857575,15.193503482998423,-46.4196078344652,0.0,125505.00297430917,7533.685190160634,259594.4353265824,167.5366465020383,263.8462191401024
0.40625,0.65625,-0.01,6.82361646618218,7.969431371218262,-44.101765796308136,0.0,94203.3119784071,7240.601641164623,254269.50968901394,125.60521992862613,228.4545490567932
0.40625,0.65625,0.01,6.82361646618218,7.970306593125122,-44.094621660662284,0.0,94163.6297222922,7240.156947994638,254274.42242965943,125.55215498517451,228.40628590176698
0.40625,0.65625,0.03,6.82361646618218,7.969431371218262,-44.101765796308136,0.0,94203.3119784071,7240.601641164623,254269.50968901394,125.60521992862613,228.4545490567932
0.40625,0.71875,-0.01,8.911621739820227,3.2119238268449934,-41.619709045494965,0.0,69540.65624608555,6934.73320466446,244674.6501606625,92.54635839384767,196.09911483688953
0.40625,0.71875,0.01,8.911621739820227,3.2137440807870155,-41.61219863995769,0.0,69511.6340206588,6934.292326952228,244679.91903088437,92.50765823089587,196.0581091107987
0.40625,0.71875,0.03,8.911621739820227,3.2119238268449934,-41.619709045494965,0.0,69540.65624608555,6934.73320466446,244674.6501606625,92.54635839384767,196.09911483688953
0.40625,0.78125,-0.01,11.496042165068644,0.4511227876465102,-39.48915554031109,0.0,50707.9850811228,6622.663743587295,229490.93216226803,67.28866121643475,167.2117953634042
0.40625,0.78125,0.01,11.496042165068644,0.4530037770780057,-39.481450490540254,0.0,50687.20605479934,6622.230493478916,229496.45992523342,67.26106601370594,167.17750491622698
0.40625,0.78125,0.03,11.496042165068644,0.4511227876465102,-39.48915554031109,0.0,50707.9850811228,6622.663743587295,229490.93216226803,67.28866121643475,167.2117953634042
0.40625,0.84375,-0.01,14.418115782622756,-1.0130877495750044,-37.79884405564313,0.0,37029.753258518176,6319.219010521656,209347.680074976,48.94186493147248,142.605482770914
0.40625,0.84375,0.01,14.418115782622756,-1.0116522133698478,-37.791039280989324,0.0,37014.99166271356,6318.797122533234,209353.340089823,48.922370104642184,142.57707819239712
0.40625,0.84375,0.03,14.418115782622756,-1.0130877495750044,-37.79884405564313,0.0,37029.753258518176,6319.219010521656,209347.680074976,48.94186493147248,142.605482770914
0.40625,0.90625,-0.01,17.420164005932364,-1.6783590208278139,-36.311022544807976,0.0,27597.9442719514,6041.431693379214,187622.72126908493,36.30362621068089,122.8205307066458
0.40625,0.90625,0.01,17.420164005932364,-1.6774197206966412,-36.30316842199017,0.0,27587.278128803977,6041.022232618662,187628.48400078827,36.28963779192262,122.7968659832151
0.40625,0.90625,0.03,17.420164005932364,-1.6783590208278139,-36.311022544807976,0.0,27597.9442719514,6041.431693379214,187622.72126908493,36.30362621068089,122.8205307066458
0.40625,0.96875,-0.01,21.750352259911615,-1.4716456608408839,-28.120932682168,0.0,21592.282478182256,5797.6749371293245,184331.74965106047,28.565776523246903,108.94793004430856
0.40625,0.96875,0.01,21.750352259911615,-1.4711954395207605,-28.11517323791991,0.0,21584.071973660357,5797.2728167678815,184336.48249733416,28.554930299933414,108.92724470135254
0.40625,0.96875,0.03,21.750352259911615,-1.4716456608408839,-28.120932682168,0.0,21592.282478182256,5797.6749371293245,184331.74965106047,28.565776523246903,108.94793004430856
0.40625,1.03125,-0.01,37.61076638709605,0.6206070220298903,11.858865726285885,0.0,21588.1032425718,5646.303963735418,323592.08997650584,28.999453258594148,109.7718216028642
0.40625,1.03125,0.01,53.471180514280476,1.471645660840884,28.120932682168,0.0,21586.40330880457,5530.485900472364,453048.3172573401,28.557853114382095,108.93281932497683
0.40625,1.03125,0.03,37.61076638709605,0.6206070220298903,11.858865726285885,0.0,21588.1032425718,5646.303963735418,323592.08997650584,28.999453258594148,109.7718216028642
0.46875,-0.03125,-0.01,1.2322861555336038,75.0334359073228,0.0,0.0,545894.5147734731,9056.241182370915,267688.4226208953,731.9130815652882,551.4748622122395
0.46875,-0.03125,0.01,1.2322861555336038,75.0334359073228,4.095216534879117,0.0,545894.5147734731,9056.229725458636,267684.2893876081,731.9017804881537,551.4706046820969
0.46875,-0.03125,0.03,1.2322861555336038,75.0334359073228,0.0,0.0,545894.5147734731,9056.241182370915,267688.4226208953,731.9130815652882,551.4748622122395
0.46875,0.03125,-0.01,1.2322861555336038,75.0334359073228,-4.095216534879117,0.0,545894.5147734731,9056.229725458636,267684.2893876081,731.9017804881537,551.4706046820969
0.46875,0.03125,0.01,1.2322861555336038,75.0460014532776,-4.095336717604162,0.0,545894.6018942076,9056.224874172365,267687.18753561494,731.9006264632474,551.4701699167496
0.46875,0.03125,0.03,1.2322861555336038,75.0334359073228,-4.095216534879117,0.0,545894.5147734731,9056.229725458636,267684.2893876081,731.9017804881537,551.4706046820969
0.46875,0.09375,-0.01,1.2451277219317438,75.67496776718153,-12.17475855425671,0.0,540092.2933591458,9045.028929639986,267523.6843440002,723.928343144119,548.4584807834084
0.46875,0.09375,0.01,1.2451277219317438,75.68732999485904,-12.175267829719173,0.0,540085.1600979004,9045.01016013917,267526.526439204,723.9174603283858,548.4543582793839
0.46875,0.09375,0.03,1.2451277219317438,75.67496776718153,-12.17475855425671,0.0,540092.2933591458,9045.028929639986,267523.6843440002,723.928343144119,548.4584807834084
0.46875,0.15625,-0.01,1.2873389144679104,76.1437157104873,-20.127634106310097,0.0,522090.41028884065,9009.617720430055,267228.64236003085,699.4459794344771,539.1046219191725
0.46875,0.15625,0.01,1.2873389144679104,76.15490083553037,-20.128358794499746,0.0,522063.3106756822,9009.5586235121,267231.45082224376,699.4082894894437,539.090096782211
0.46875,0.15625,0.03,1.2873389144679104,76.1437157104873,-20.127634106310097,0.0,522090.41028884065,9009.617720430055,267228.64236003085,699.4459794344771,539.1046219191725
0.46875,0.21875,-0.01,1.3902665677087391,75.07431226259297,-27.732855766799776,0.0,482997.47979814454,8928.54547407014,266780.27919688344,646.6237843299227,518.3484492740085
0.46875,0.21875,0.01,1.3902665677087391,75.08239575087973,-27.733505976975238,0.0,482936.885189439,8928.40983709985,266783.05000846327,646.5412782165843,518.3153788231207
0.46875,0.21875,0.03,1.3902665677087391,75.07431226259297,-27.732855766799776,0.0,482997.47979814454,8928.54547407014,266780.27919688344,646.6237843299227,518.3484492740085
0.46875,0.28125,-0.01,1.5911023890102565,70.77718381283077,-34.641106684456794,0.0,421423.52551413263,8786.787088014036,266172.9716865167,563.771991244923,484.0026216892739
0.46875,0.28125,0.01,1.5911023890102565,70.78035748310893,-34.64119851906796,0.0,421330.2971841292,8786.551888467866,266175.7486443702,563.6460395741132,483.94855342674134
0.46875,0.28125,0.03,1.5911023890102565,70.77718381283077,-34.641106684456794,0.0,421423.52551413263,8786.787088014036,266172.9716865167,563.771991244923,484.0026216892739
0.46875,0.34375,-0.01,1.9232315205493302,62.389179667136624,-40.40305351579814,0.0,347903.8327994738,8587.867321607042,265429.0570894596,465.15016787466885,439.6353008520613
0.46875,0.34375,0.01,1.9232315205493302,62.3874910631922,-40.402046859196886,0.0,347796.0412376705,8587.54006268688,265431.93578765594,465.0050930214071,439.5667369720497
0.46875,0.34375,0.03,1.9232315205493302,62.389179667136624,-40.40305351579814,0.0,347903.8327994738,8587.867321607042,265429.0570894596,465.15016787466885,439.6353008520613
0.46875,0.40625,-0.01,2.4137862726086565,50.60084559755125,-44.584979398321295,0.0,276390.75722360855,8349.498537918727,264561.78050140623,369.42941272512195,391.79753645925683
0.46875,0.40625,0.01,2.4137862726086565,50.59634095874785,-44.58248913623342,0.0,276288.1800937363,8349.107560178401,264564.86543310696,369.291625425523,391.7244646391304
0.46875,0.40625,0.03,2.4137862726086565,50.60084559755125,-44.584979398321295,0.0,276390.75722360855,8349.498537918727,264561.78050140623,369.42941272512195,391.79753645925683
0.46875,0.46875,-0.01,3.0931625700361933,37.15510583184159,-46.906144201391974,0.0,214837.96087911836,8088.890890657856,263485.95259544585,287.126168130067,345.4079694816051
0.46875,0.46875,0.01,3.0931625700361933,37.15036570086865,-46.90206867828179,0.0,214751.07681556843,8088.465162668653,263489.3213037509,287.0095686746133,345.3378287643497
0.46875,0.46875,0.03,3.0931625700361933,37.15510583184159,-46.906144201391974,0.0,214837.96087911836,8088.890890657856,263485.95259544585,287.126168130067,345.4079694816051
0.46875,0.53125,-0.01,4.009142064949937,23.984848584321277,-47.35408288947925,0.0,164789.61448301157,7814.959845145356,261892.90981260838,220.1897215890206,302.4784837218506
0.46875,0.53125,0.01,4.009142064949937,23.981750045764127,-47.34859574549111,0.0,164720.63463324314,7814.5191019738895,261896.60836116754,220.09720715105036,302.41493269249196
0.46875,0.53125,0.03,4.009142064949937,23.984848584321277,-47.35408288947925,0.0,164789.61448301157,7814.959845145356,261892.90981260838,220.1897215890206,302.4784837218506
0.46875,0.59375,-0.01,5.233144878024435,12.710685416866363,-46.24869865666376,0.0,124972.13951936712,7530.1718051297485,259077.26394397512,166.87585942556115,263.3253825754539
0.46875,0.59375,0.01,5.233144878024435,12.710006066438845,-46.242150743426215,0.0,124919.34853199859,7529.726815180293,259081.2977311314,166.80513228060002,263.26957394510083
0.46875,0.59375,0.03,5.233144878024435,12.710685416866363,-46.24869865666376,0.0,124972.13951936712,7530.1718051297485,259077.26394397512,166.87585942556115,263.3253825754539
0.46875,0.65625,-0.01,6.851241050904801,4.381779199238725,-44.20955620576396,0.0,93625.0386070915,7234.922960028735,253763.0523164773,124.84932100089047,227.7660858474984
0.46875,0.65625,0.01,6.851241050904801,4.383270877729792,-44.202349898849484,0.0,93585.58029317456,7234.478855895515,253767.36476092966,124.79656319823529,227.7179569997297
0.46875,0.65625,0.03,6.851241050904801,4.381779199238725,-44.20955620576396,0.0,93625.0386070915,7234.922960028735,253763.0523164773,124.84932100089047,227.7660858474984
0.46875,0.71875,-0.01,8.933940186028678,-0.7275378477462968,-41.959618703327266,0.0,69250.83425689169,6930.750688430476,244219.58907952058,92.14321401666766,195.67153162431615
0.46875,0.71875,0.01,8.933940186028678,-0.7248503296386606,-41.952087771642965,0.0,69221.89911247269,6930.310341025654,244224.07665728152,92.104646326513,195.63057695971938
0.46875,0.71875,0.03,8.933940186028678,-0.7275378477462968,-41.959618703327266,0.0,69250.83425689169,6930.750688430476,244219.58907952058,92.14321401666766,195.67153162431615
0.46875,0.78125,-0.01,11.476017183525968,-3.1419793798984608,-39.965181520221954,0.0,50748.899316956915,6623.435425722467,229170.63307624217,67.31179977462655,167.2405424601129
0.46875,0.78125,0.01,11.476017183525968,-3.139237292083138,-39.95753904764811,0.0,50728.041801219675,6623.002144702598,229175.199848483,67.28411311652224,167.20614427160658
0.46875,0.78125,0.03,11.476017183525968,-3.1419793798984608,-39.965181520221954,0.0,50748.899316956915,6623.435425722467,229170.63307624217,67.31179977462655,167.2405424601129
0.46875,0.84375,-0.01,14.33665925544658,-3.7923245362549336,-38.26779042641137,0.0,37247.69758248427,6324.841338296289,209274.44535664903,49.20255367618631,142.98477227848053
0.46875,0.84375,0.01,14.33665925544658,-3.7902216068673766,-38.260114351515355,0.0,37232.79925790322,6324.419343417351,209279.0863850461,49.18288166158102,142.95618555354696
0.46875,0.84375,0.03,14.33665925544658,-3.7923245362549336,-38.26779042641137,0.0,37247.69758248427,6324.841338296289,209274.44535664903,49.20255367618631,142.98477227848053
0.46875,0.90625,-0.01,17.285053566903336,-3.514543940691881,-36.62462767369109,0.0,27858.55863732147,6050.4435975298575,187857.3610801694,36.633020150468575,123.37646669005683
0.46875,0.90625,0.01,17.285053566903336,-3.5131825213384915,-36.616922897846536,0.0,27847.765249768665,6050.0343179705305,187862.2209830667,36.61886051590447,123.35262024605973
0.46875,0.90625,0.03,17.285053566903336,-3.514543940691881,-36.62462767369109,0.0,27858.55863732147,6050.4435975298575,187857.3610801694,36.633020150468575,123.37646669005683
0.46875,0.96875,-0.01,21.569580254487175,-2.3860956526867128,-28.214747538044275,0.0,21820.50785126323,5807.945317199504,184730.5354640034,28.86741932036867,109.5216420439339
0.46875,0.96875,0.01,21.569580254487175,-2.3854602639606264,-28.209046083422567,0.0,21812.20132303405,5807.543638568544,184734.66287917815,28.85644335880087,109.50081892136213
0.46875,0.96875,0.03,21.569580254487175,-2.3860956526867128,-28.214747538044275,0.0,21820.50785126323,5807.945317199504,184730.5354640034,28.86741932036867,109.5216420439339
0.46875,1.0312499999999998,-0.01,37.26544281541518,1.0050232789345106,11.884049180118009,0.0,21802.26795363905,5656.369399765123,323803.02101544314,29.287260923565647,110.31519686317021
0.46875,1.0312499999999998,0.01,52.961305376343184,2.386095652686696,28.214747538044076,0.0,21794.839544545543,5540.4402671384505,453048.31725734036,28.832825915088772,109.45599948946467
0.46875,1.0312499999999998,0.03,37.26544281541518,1.0050232789345106,11.884049180118009,0.0,21802.26795363905,5656.369399765123,323803.02101544314,29.287260923565647,110.31519686317021
0.53125,-0.03125,-0.01,1.2349749638381216,83.60346900888378,0.0,0.0,546101.8994469177,9054.947972698756,268039.72859823797,731.2764547597814,551.2349703001292
0.53125,-0.03125,0.01,1.2349749638381216,83.60346900888378,3.9442575522372243,0.0,546101.8994469177,9054.937335627748,268035.88609528757,731.2659714931788,551.2310191515402
0.53125,-0.03125,0.03,1.2349749638381216,83.60346900888378,0.0,0.0,546101.8994469177,9054.947972698756,268039.72859823797,731.2764547597814,551.2349703001292
0.53125,0.03125,-0.01,1.2349749638381216,83.60346900888378,-3.9442575522372243,0.0,546101.8994469177,9054.937335627748,268035.88609528757,731.2659714931788,551.2310191515402
0.53125,0.03125,0.01,1.2349749638381216,83.61713489793232,-3.944329246520326,0.0,546102.5572618763,9054.933616801665,268038.40585366066,731.2653177506795,551.2307727547169
0.53125,0.03125,0.03,1.2349749638381216,83.60346900888378,-3.9442575522372243,0.0,546101.8994469177,9054.937335627748,268035.88609528757,731.2659714931788,551.2310191515402
0.53125,0.09375,-0.01,1.2471330203015698,84.16356848560584,-11.724184687445673,0.0,540603.79493836,9044.32744810485,267874.6135674341,723.7106651683982,548.3760166079228
0.53125,0.09375,0.01,1.2471330203015698,84.1769969802307,-11.724530801552001,0.0,540597.3920527108,9044.310137745751,267877.0772379389,723.7005071848349,548.3721680988583
0.53125,0.09375,0.03,1.2471330203015698,84.16356848560584,-11.724184687445673,0.0,540603.79493836,9044.32744810485,267874.6135674341,723.7106651683982,548.3760166079228
0.53125,0.15625,-0.01,1.287405573732804,84.42147044055159,-19.39439393785973,0.0,523377.9272156058,9010.512240695536,267571.5418478726,700.3050722666102,539.4355972942664
0.53125,0.15625,0.01,1.287405573732804,84.43359761474476,-19.394870491495283,0.0,523351.7819745338,9010.455229630661,267573.95488983934,700.2684437611299,539.4214898867348
0.53125,0.15625,0.03,1.287405573732804,84.42147044055159,-19.39439393785973,0.0,523377.9272156058,9010.512240695536,267571.5418478726,700.3050722666102,539.4355972942664
0.53125,0.21875,-0.01,1.3863578773159202,82.92377827458735,-26.773730317490738,0.0,485511.3873324255,8932.34329459203,267095.73504004575,649.2113133601106,519.3845251135166
0.53125,0.21875,0.01,1.3863578773159202,82.93251174825511,-26.774099770877992,0.0,485451.59214202187,8932.210158215357,267098.07387021586,649.1297374397764,519.3518927480441
0.53125,0.21875,0.03,1.3863578773159202,82.92377827458735,-26.773730317490738,0.0,485511.3873324255,8932.34329459203,267095.73504004575,649.2113133601106,519.3845251135166
0.53125,0.28125,-0.01,1.5811146022507863,77.85806969266898,-33.567189300076606,0.0,424959.1205400092,8794.03838945337,266428.96110436536,567.8770929017805,485.76155636541256
0.53125,0.28125,0.01,1.5811146022507863,77.86142075061461,-33.567034728984886,0.0,424865.8360968056,8793.805198457982,266431.2580271201,567.7510279863947,485.70763546490264
0.53125,0.28125,0.03,1.5811146022507863,77.85806969266898,-33.567189300076606,0.0,424959.1205400092,8794.03838945337,266428.96110436536,567.8770929017805,485.76155636541256
0.53125,0.34375,-0.01,1.906822542283992,68.24800822904244,-39.36578470290899,0.0,351427.98452373495,8597.221081833251,265591.8391809848,469.4396990666863,441.6577676846514
0.53125,0.34375,0.01,1.906822542283992,68.24597360619602,-39.36460729515867,0.0,351319.222620095,8596.894583498555,265594.20328763337,469.2933692851955,441.58892740351234
0.53125,0.34375,0.03,1.906822542283992,68.24800822904244,-39.36578470290899,0.0,351427.98452373495,8597.221081833251,265591.8391809848,469.4396990666863,441.6577676846514
0.53125,0.40625,-0.01,2.3952649351675728,54.767778111637945,-43.73605996140275,0.0,278741.87396252836,8357.632744270453,264609.40535104164,372.35269236174094,393.34462082269613
0.53125,0.40625,0.01,2.3952649351675728,54.76257703286017,-43.733466592769645,0.0,278638.1399972573,8357.241264394388,264611.97098858113,372.21342591038655,393.27105504255434
0.53125,0.40625,0.03,2.3952649351675728,54.767778111637945,-43.73605996140275,0.0,278741.87396252836,8357.632744270453,264609.40535104164,372.35269236174094,393.34462082269613
0.53125,0.46875,-0.01,3.0830639443819523,39.30341994245809,-46.361305590428145,0.0,215533.35740917127,8092.082435547952,263413.09560606076,287.986917347116,345.9253154888691
0.53125,0.46875,0.01,3.0830639443819523,39.29795117345242,-46.357153577548736,0.0,215445.83063054254,8091.655601194056,263415.9639046274,287.86950579975843,345.85479185622916
0.53125,0.46875,0.03,3.0830639443819523,39.30341994245809,-46.361305590428145,0.0,215533.35740917127,8092.082435547952,263413.09560606076,287.986917347116,345.9253154888691
0.53125,0.53125,-0.01,4.0192911360139085,24.057619674705762,-47.176563635413984,0.0,164259.20200202972,7811.826700055637,261714.36247676922,219.48383206415113,301.99324810216547
0.53125,0.53125,0.01,4.0192911360139085,24.054062775832694,-47.17098742890009,0.0,164190.24537742476,7811.385333731435,261717.58184176593,219.3913684392239,301.9296299038342
0.53125,0.53125,0.03,4.0192911360139085,24.057619674705762,-47.176563635413984,0.0,164259.20200202972,7811.826700055637,261714.36247676922,219.48383206415113,301.99324810216547
0.53125,0.59375,-0.01,5.263663349997283,10.968570275210775,-46.44267445032835,0.0,124126.38410455016,7523.4300384886565,258833.20280935726,165.75170934307198,262.43694531493327
0.53125,0.59375,0.01,5.263663349997283,10.967889306719002,-46.43601720851112,0.0,124073.94552365343,7522.985645070087,258836.74250058227,165.68146412215174,262.38132931296104
0.53125,0.59375,0.03,5.263663349997283,10.968570275210775,-46.44267445032835,0.0,124126.38410455016,7523.4300384886565,258833.20280935726,165.75170934307198,262.43694531493327
0.53125,0.65625,-0.01,6.878556538322124,1.375045708486459,-44.72151685324238,0.0,93181.88039828562,7230.069479994839,253517.95634960663,124.23305658774657,227.20325630003734
0.53125,0.65625,0.01,6.878556538322124,1.377019091890027,-44.714215627739065,0.0,93142.66482713108,7229.626748445765,253521.6822141582,124.18064177458136,227.1553219059022
0.53125,0.65625,0.03,6.878556538322124,1.375045708486459,-44.72151685324238,0.0,93181.88039828562,7230.069479994839,253517.95634960663,124.23305658774657,227.20325630003734
0.53125,0.71875,-0.01,8.913724357365753,-4.2874813164057395,-42.68493909813948,0.0,69404.24832991154,6932.655966569881,244073.3187397553,92.29657017383602,195.83429433741256
0.53125,0.71875,0.01,8.913724357365753,-4.2839759982025605,-42.677383409801436,0.0,69375.26315178582,6932.216792795258,244077.05293125627,92.25796145452239,195.79333018155432
0.53125,0.71875,0.03,8.913724357365753,-4.2874813164057395,-42.68493909813948,0.0,69404.24832991154,6932.655966569881,244073.3187397553,92.29657017383602,195.83429433741256
0.53125,0.78125,-0.01,11.384194169512062,-6.593279858978185,-40.75340654947395,0.0,51221.29007003079,6632.087913374407,229266.70153404563,67.88293036076551,167.94854933432825
0.53125,0.78125,0.01,11.384194169512062,-6.589637882875867,-40.745816704714954,0.0,51200.21934650874,6631.655392104357,229270.37054292107,67.85498233602142,167.91397279638053
0.53125,0.78125,0.03,11.384194169512062,-6.593279858978185,-40.75340654947395,0.0,51221.29007003079,6632.087913374407,229266.70153404563,67.88293036076551,167.94854933432825
0.53125,0.84375,-0.01,14.157584165813388,-6.694672610178232,-38.943745006791644,0.0,37832.23712988003,6339.5300630945685,209736.25893003092,49.93466330407585,144.0446156442843
0.53125,0.84375,0.01,14.157584165813388,-6.691796850562421,-38.936178917030475,0.0,37817.08518680636,6339.108707838933,209739.97762090602,49.91466590287365,144.0157698863637
0.53125,0.84375,0.03,14.157584165813388,-6.694672610178232,-38.943745006791644,0.0,37832.23712988003,6339.5300630945685,209736.25893003092,49.93466330407585,144.0446156442843
0.53125,0.90625,-0.01,17.028919241121695,-5.699027340210584,-37.02632259679422,0.0,28413.941557550275,6069.21609561961,188686.60796594663,37.34801592819016,124.57466668019455
0.53125,0.90625,0.01,17.028919241121695,-5.697116662075501,-37.01875138382317,0.0,28402.92377779373,6068.807569469251,188690.65093267054,37.333559611394094,124.55055475479215
0.53125,0.90625,0.03,17.028919241121695,-5.699027340210584,-37.02632259679422,0.0,28413.941557550275,6069.21609561961,188686.60796594663,37.34801592819016,124.57466668019455
0.53125,0.96875,-0.01,21.231575779384233,-3.6660442579863712,-28.33821803941688,0.0,22273.513478702123,5827.911337685585,185619.43499036497,29.468013797340426,110.65509067851733
0.53125,0.96875,0.01,21.231575779384233,-3.665141017284986,-28.332570446522006,0.0,22265.03436463525,5827.5104868469025,185623.0000096544,29.456806551540947,110.6340465602533
0.53125,0.96875,0.03,21.231575779384233,-3.6660442579863712,-28.33821803941688,0.0,22273.513478702123,5827.911337685585,185619.43499036497,29.468013797340426,110.65509067851733
0.53125,1.0312500000000002,-0.01,36.60287192571943,1.539573606102544,11.900776277433419,0.0,22227.40616612819,5676.0405355928715,324255.0251343316,29.859038793370775,111.38683853769001
0.53125,1.0312500000000002,0.01,51.97416807205462,3.666044257986397,28.33821803941708,0.0,22208.571543690356,5559.986696682983,453048.31725734024,29.38049097387442,110.49064037041464
0.53125,1.0312500000000002,0.03,36.60287192571943,1.539573606102544,11.900776277433419,0.0,22227.40616612819,5676.0405355928715,324255.0251343316,29.859038793370775,111.38683853769001
0.59375,-0.03125,-0.01,1.2422009467534887,92.1979905020142,0.0,0.0,546028.5967515124,9052.081698933236,269196.75666047283,730.1595175541879,550.8138367308106
0.59375,-0.03125,0.01,1.2422009467534887,92.1979905020142,3.788284184315342,0.0,546028.5967515124,9052.071871497072,269193.1913014126,730.1498470036076,550.8101891095871
0.59375,-0.03125,0.03,1.2422009467534887,92.1979905020142,0.0,0.0,546028.5967515124,9052.081698933236,269196.75666047283,730.1595175541879,550.8138367308106
0.59375,0.03125,-0.01,1.2422009467534887,92.1979905020142,-3.788284184315342,0.0,546028.5967515124,9052.071871497072,269193.1913014126,730.1498470036076,550.8101891095871
0.59375,0.03125,0.01,1.2422009467534887,92.21260077176362,-3.788293905764756,0.0,546029.6841410801,9052.069000771391,269195.34322073596,730.1494968802904,550.8100570466178
0.59375,0.03125,0.03,1.2422009467534887,92.1979905020142,-3.788284184315342,0.0,546028.5967515124,9052.071871497072,269193.1913014126,730.1498470036076,550.8101891095871
0.59375,0.09375,-0.01,1.2533052921378598,92.6812671708766,-11.259544345276252,0.0,541011.6302009348,9042.39141709901,269030.6755188375,723.2524702012174,548.2023954872961
0.59375,0.09375,0.01,1.2533052921378598,92.69562062235045,-11.259686428257716,0.0,541006.1567484655,9042.375929575088,269032.7731381565,723.2432984338984,548.1989195221507
0.59375,0.09375,0.03,1.2533052921378598,92.6812671708766,-11.259544345276252,0.0,541011.6302009348,9042.39141709901,269030.6755188375,723.2524702012174,548.2023954872961
0.59375,0.15625,-0.01,1.290479812831453,92.7702138164544,-18.640121447169236,0.0,525085.243852569,9011.203782949959,268718.69462795113,701.628518198128,539.9450730228828
0.59375,0.15625,0.01,1.290479812831453,92.78319993015218,-18.640284575753835,0.0,525061.0635501294,9011.15087886062,268720.726689082,701.5943023597808,539.9319072962221
0.59375,0.15625,0.03,1.290479812831453,92.7702138164544,-18.640121447169236,0.0,525085.243852569,9011.203782949959,268718.69462795113,701.628518198128,539.9450730228828
0.59375,0.21875,-0.01,1.383141811851103,90.96864503784906,-25.785877342262147,0.0,489321.53632696584,8937.846121061775,268213.32798477757,653.4385894902958,521.0727422395147
0.59375,0.21875,0.01,1.383141811851103,90.97806261458872,-25.785877777795115,0.0,489264.43542244524,8937.719811168397,268215.2505620679,653.3604794306029,521.0415975841124
0.59375,0.21875,0.03,1.383141811851103,90.96864503784906,-25.785877342262147,0.0,489321.53632696584,8937.846121061775,268213.32798477757,653.4385894902958,521.0727422395147
0.59375,0.28125,-0.01,1.5687385675983012,85.36456697695616,-32.45017154319892,0.0,430529.40727815824,8805.111526335422,267479.16191866907,574.6082827681738,488.632002283755
0.59375,0.28125,0.01,1.5687385675983012,85.36824491040055,-32.44966147346175,0.0,430437.99387745076,8804.886023863259,267480.99165299785,574.4846832790275,488.57944655511403
0.59375,0.28125,0.03,1.5687385675983012,85.36456697695616,-32.45017154319892,0.0,430529.40727815824,8805.111526335422,267479.16191866907,574.6082827681738,488.632002283755
0.59375,0.34375,-0.01,1.885371484577378,74.824425458797,-38.260476542029,0.0,357055.9878145482,8611.57291464941,266526.5662321917,476.4483941500229,444.9425094742213
0.59375,0.34375,0.01,1.885371484577378,74.82221019436777,-38.259008174491385,0.0,356947.3766512122,8611.252309456451,266528.42018329434,476.30231701991795,444.87429546796284
0.59375,0.34375,0.03,1.885371484577378,74.824425458797,-38.260476542029,0.0,357055.9878145482,8611.57291464941,266526.5662321917,476.4483941500229,444.9425094742213
0.59375,0.40625,-0.01,2.369683267096675,59.91696367859174,-42.78831109401952,0.0,282797.258808007,8370.957075032582,265386.1749219191,377.47549562889054,396.0411821309958
0.59375,0.40625,0.01,2.369683267096675,59.91113489346543,-42.78550333394134,0.0,282692.7665700791,8370.568913616788,265388.2176410265,377.3353030730433,395.96763142068943
0.59375,0.40625,0.03,2.369683267096675,59.91696367859174,-42.78831109401952,0.0,282797.258808007,8370.957075032582,265386.1749219191,377.47549562889054,396.0411821309958
0.59375,0.46875,-0.01,3.0604962523733645,42.59703370415261,-45.69066243399694,0.0,217700.5996936218,8101.391868985957,264010.64456364646,290.76755759649143,347.5913340871635
0.59375,0.46875,0.01,3.0604962523733645,42.590764747934465,-45.68635231473324,0.0,217612.53679587477,8100.967349040805,264013.00992561184,290.6494997049256,347.52076213859607
0.59375,0.46875,0.03,3.0604962523733645,42.59703370415261,-45.69066243399694,0.0,217700.5996936218,8101.391868985957,264010.64456364646,290.76755759649143,347.5913340871635
0.59375,0.53125,-0.01,3.999148532750811,25.293768190305517,-46.85120175117292,0.0,165366.13321978334,7818.273907081617,262149.6519719377,220.95515945065534,303.0037753146589
0.59375,0.53125,0.01,3.999148532750811,25.289566228744842,-46.84549673861924,0.0,165297.1661771568,7817.836087457623,262152.40027663496,220.86271538381902,302.94038274268496
0.59375,0.53125,0.03,3.999148532750811,25.293768190305517,-46.85120175117292,0.0,165366.13321978334,7818.273907081617,262149.6519719377,220.95515945065534,303.0037753146589
0.59375,0.59375,-0.01,5.226720220330854,10.250683055703247,-46.462313088508516,0.0,125150.00145413901,7531.708728725933,259171.3854889238,167.1402829296731,263.5339263983629
0.59375,0.59375,0.01,5.226720220330854,10.249771463532575,-46.45555330285776,0.0,125097.69200137914,7531.2696748626395,259174.45670889597,167.07022085918388,263.47868637027943
0.59375,0.59375,0.03,5.226720220330854,10.250683055703247,-46.462313088508516,0.0,125150.00145413901,7531.708728725933,259171.3854889238,167.1402829296731,263.5339263983629
0.59375,0.65625,-0.01,6.788860651626164,-0.8593359697656882,-45.02651087605789,0.0,94539.4883427492,7244.707469811805,253863.2041973897,126.04504821126527,228.85418596290728
0.59375,0.65625,0.01,6.788860651626164,-0.8570623530849321,-45.01916902213184,0.0,94500.10456191488,7244.26990928837,253866.38770689338,125.99241845586884,228.80640226353506
0.59375,0.65625,0.03,6.788860651626164,-0.8593359697656882,-45.02651087605789,0.0,94539.4883427492,7244.707469811805,253863.2041973897,126.04504821126527,228.85418596290728
0.59375,0.71875,-0.01,8.748824925642467,-7.3698725364592885,-43.18091649365328,0.0,70874.35491910529,6953.539485337665,244564.46584083932,94.22493481656,197.86951487022202
0.59375,0.71875,0.01,8.748824925642467,-7.365636527774486,-43.17341371352416,0.0,70844.91880962464,6953.103597568792,244567.52397635806,94.18574216045205,197.82835889353942
0.59375,0.71875,0.03,8.748824925642467,-7.3698725364592885,-43.18091649365328,0.0,70874.35491910529,6953.539485337665,244564.46584083932,94.22493481656,197.86951487022202
0.59375,0.78125,-0.01,11.143920802678108,-9.889903225030867,-41.33480443910427,0.0,52537.385407382375,6656.82367557599,230065.51279142345,69.5878669615534,170.04455439638363
0.59375,0.78125,0.01,11.143920802678108,-9.885356495934955,-41.32734490832856,0.0,52515.8181071725,6656.393070904152,230068.3991003662,69.55927662002782,170.009619201838
0.59375,0.78125,0.03,11.143920802678108,-9.889903225030867,-41.33480443910427,0.0,52537.385407382375,6656.82367557599,230065.51279142345,69.5878669615534,170.04455439638363
0.59375,0.84375,-0.01,13.836887865162252,-9.781665031094933,-39.44966890448863,0.0,38956.52334852532,6367.629252542624,210955.87388602537,51.388874224795345,146.12701672821134
0.59375,0.84375,0.01,13.836887865162252,-9.777941183354985,-39.44226667571296,0.0,38940.93991665245,6367.209462382482,210958.795531329,51.36831489151056,146.09778302123706
0.59375,0.84375,0.03,13.836887865162252,-9.781665031094933,-39.44966890448863,0.0,38956.52334852532,6367.629252542624,210955.87388602537,51.388874224795345,146.12701672821134
0.59375,0.90625,-0.01,16.636887913962777,-8.33965029101449,-37.28507808824827,0.0,29338.22737515087,6099.741899509391,190304.710123177,38.55574658711491,126.57283998503782
0.59375,0.90625,0.01,16.636887913962777,-8.337075958049976,-37.277675021856034,0.0,29326.86512886899,6099.334878749066,190308.02446375368,38.540834479226795,126.54836049040034
0.59375,0.90625,0.03,16.636887913962777,-8.33965029101449,-37.28507808824827,0.0,29338.22737515087,6099.741899509391,190304.710123177,38.55574658711491,126.57283998503782
0.59375,0.96875,-0.01,20.738053389099694,-5.421015642007207,-28.39865935948173,0.0,22991.514934109975,5858.546360402223,187178.66917806282,30.4226136146989,112.43311082230042
0.59375,0.96875,0.01,20.738053389099694,-5.419749932010338,-28.393082481612847,0.0,22982.775138328663,5858.146877005439,187181.70910369905,30.41105758391113,112.41175493366676
0.59375,0.96875,0.03,20.738053389099694,-5.421015642007207,-28.39865935948173,0.0,22991.514934109975,5858.546360402223,187178.66917806282,30.4226136146989,112.43311082230042
0.59375,1.03125,-0.01,35.62037207208218,2.264945869561801,11.86519841760405,0.0,22893.67502377043,5706.070107277905,325026.9017150969,30.755685400444534,113.04690352943203
0.59375,1.03125,0.01,50.50269075506467,5.421015642007208,28.39865935948173,0.0,22853.499232739385,5589.823644907726,453048.31725734036,30.236608626328835,112.0888737404929
0.59375,1.03125,0.03,35.62037207208218,2.264945869561801,11.86519841760405,0.0,22893.67502377043,5706.070107277905,325026.9017150969,30.755685400444534,113.04690352943203
0.65625,-0.03125,-0.01,1.255869120614348,100.88641702564317,-3.5361350562118645e-16,0.0,545732.8779862678,9047.277901871586,271589.2842511226,728.6305167333311,550.2368147561864
0.65625,-0.03125,0.01,1.255869120614348,100.88641702564317,3.623341764442373,0.0,545732.8779862678,9047.26889272021,271585.9867118777,728.6216699640979,550.2334743574603
0.65625,-0.03125,0.03,1.255869120614348,100.88641702564317,-3.5361350562118645e-16,0.0,545732.8779862678,9047.277901871586,271589.2842511226,728.6305167333311,550.2368147561864
0.65625,0.03125,-0.01,1.255869120614348,100.88641702564317,-3.6233417644423733,0.0,545732.8779862678,9047.26889272021,271585.98671187775,728.6216699640979,550.2334743574603
0.65625,0.03125,0.01,1.255869120614348,100.90178048954527,-3.6232806263873107,0.0,545734.2961435365,9047.266658518203,271587.7995553506,728.6214924653738,550.2334073365703
0.65625,0.03125,0.03,1.255869120614348,100.88641702564317,-3.6233417644423733,0.0,545732.8779862678,9047.26889272021,271585.98671187775,728.6216699640979,550.2334743574603
0.65625,0.09375,-0.01,1.2656681395191267,101.29746095109539,-10.767764163134682,0.0,541321.4497486023,9038.75726285573,271421.76424964686,722.5510641219628,547.9365092453304
0.65625,0.09375,0.01,1.2656681395191267,101.31256484239022,-10.76767403020343,0.0,541317.054865313,9038.743856305071,271423.52762149594,722.5430802773998,547.9334820184519
0.65625,0.09375,0.03,1.2656681395191267,101.29746095109539,-10.767764163134682,0.0,541321.4497486023,9038.75726285573,271421.76424964686,722.5510641219628,547.9365092453304
0.65625,0.15625,-0.01,1.2988547718141996,101.2590513387534,-17.837395870998616,0.0,527119.6405109761,9011.026510691574,271101.03535038134,703.2801299544939,540.5802064436796
0.65625,0.15625,0.01,1.2988547718141996,101.27278118520918,-17.83720276015458,0.0,527098.2442189663,9010.979310396075,271102.7209714433,703.249424815794,540.568405476549
0.65625,0.15625,0.03,1.2988547718141996,101.2590513387534,-17.837395870998616,0.0,527119.6405109761,9011.026510691574,271101.03535038134,703.2801299544939,540.5802064436796
0.65625,0.21875,-0.01,1.3831112833192274,99.28069774943926,-24.717742267954602,0.0,494345.38920768356,8944.340437208524,270567.0531933676,659.1800233739395,523.3569368149614
0.65625,0.21875,0.01,1.3831112833192274,99.29081439199281,-24.71730601652696,0.0,494292.70410627715,8944.224729505351,270568.5990926107,659.1076800358586,523.328217477808
0.65625,0.21875,0.03,1.3831112833192274,99.28069774943926,-24.717742267954602,0.0,494345.38920768356,8944.340437208524,270567.0531933676,659.1800233739395,523.3569368149614
0.65625,0.28125,-0.01,1.5556706022054525,93.3872539579721,-31.199393436169792,0.0,438454.57030825724,8820.097832896208,269763.922111874,584.37638764415,492.7677714643047
0.65625,0.28125,0.01,1.5556706022054525,93.39141934443141,-31.198430263538945,0.0,438367.00389261096,8819.885622757747,269765.32596597244,584.2578898430899,492.7178080682702
0.65625,0.28125,0.03,1.5556706022054525,93.3872539579721,-31.199393436169792,0.0,438454.57030825724,8820.097832896208,269763.922111874,584.37638764415,492.7677714643047
0.65625,0.34375,-0.01,1.856702043285833,82.26213330457412,-36.939324723493684,0.0,365949.9700299451,8633.45815809239,268683.6179643043,487.71453353978615,450.1723480806567
0.65625,0.34375,0.01,1.856702043285833,82.25994854783947,-36.9374469166468,0.0,365842.75012533145,8633.14952702264,268684.9962851313,487.57036801270175,450.10580902343156
0.65625,0.34375,0.03,1.856702043285833,82.26213330457412,-36.939324723493684,0.0,365949.9700299451,8633.45815809239,268683.6179643043,487.71453353978615,450.1723480806567
0.65625,0.40625,-0.01,2.3246453804903453,66.27865861480777,-41.517974588778216,0.0,290688.83220923715,8396.369479587163,267356.9818287639,387.6422248091249,401.3391299794821
0.65625,0.40625,0.01,2.3246453804903453,66.27232743022729,-41.51483979786706,0.0,290583.8946744526,8395.990690054039,267358.52805779566,387.5015404598674,401.2662957337485
0.65625,0.40625,0.03,2.3246453804903453,66.27865861480777,-41.517974588778216,0.0,290688.83220923715,8396.369479587163,267356.9818287639,387.6422248091249,401.3391299794821
0.65625,0.46875,-0.01,2.9937705764586693,47.353178473832266,-44.57652931770649,0.0,224134.60746542818,8129.188909299416,265762.98741864203,299.2182105480251,352.6062263303293
0.65625,0.46875,0.01,2.9937705764586693,47.34606340730415,-44.57198558842108,0.0,224045.721307645,8128.7733556166295,265764.8763100254,299.0991448758942,352.53606436623124
0.65625,0.46875,0.03,2.9937705764586693,47.353178473832266,-44.57652931770649,0.0,224134.60746542818,8129.188909299416,265762.98741864203,299.2182105480251,352.6062263303293
0.65625,0.53125,-0.01,3.8913470866003568,28.05326098859857,-45.95409895915016,0.0,170937.16004699987,7851.035325403174,263704.23099975084,228.42018560024113,308.0797875885599
0.65625,0.53125,0.01,3.8913470866003568,28.048209229199692,-45.94824871319678,0.0,170867.51825167032,7850.6083099591,263706.5468597068,228.32688200981522,308.0168599487996
0.65625,0.53125,0.03,3.8913470866003568,28.05326098859857,-45.95409895915016,0.0,170937.16004699987,7851.035325403174,263704.23099975084,228.42018560024113,308.0797875885599
0.65625,0.59375,-0.01,5.045615832861988,10.90599205921334,-45.78411308487439,0.0,130290.2858094235,7572.445378707601,260613.4203414425,174.10070481474577,268.9652856125176
0.65625,0.59375,0.01,5.045615832861988,10.90457329623613,-45.77730680191562,0.0,130237.20214086105,7572.018028969154,260616.08113032038,174.02960427554737,268.9103589833896
0.65625,0.59375,0.03,5.045615832861988,10.90599205921334,-45.78411308487439,0.0,130290.2858094235,7572.445378707601,260613.4203414425,174.10070481474577,268.9652856125176
0.65625,0.65625,-0.01,6.5093403847746085,-2.0166198423438866,-44.54462717031722,0.0,99093.89637000227,7292.614974490572,255318.64877449756,132.2099071257907,234.3840024594438
0.65625,0.65625,0.01,6.5093403847746085,-2.014284291134985,-44.53737689220334,0.0,99053.43703500881,7292.186753557155,255321.3762552834,132.15582128596623,234.33605540066745
0.65625,0.65625,0.03,6.5093403847746085,-2.0166198423438866,-44.54462717031722,0.0,99093.89637000227,7292.614974490572,255318.64877449756,132.2099071257907,234.3840024594438
0.65625,0.71875,-0.01,8.376613179264924,-9.719245757637404,-42.899137439797855,0.0,74466.82177151006,7003.540188309874,246166.59217573344,99.05582467105394,202.8784765994568
0.65625,0.71875,0.01,8.376613179264924,-9.714422069562083,-42.8918733223902,0.0,74436.2013214582,7003.109378624508,246169.0933183527,99.01504032996414,202.836706633456
0.65625,0.71875,0.03,8.376613179264924,-9.719245757637404,-42.899137439797855,0.0,74466.82177151006,7003.540188309874,246166.59217573344,99.05582467105394,202.8784765994568
0.65625,0.78125,-0.01,10.702864047464852,-12.82448349900621,-41.23274932870024,0.0,55134.701666450535,6704.825246465481,231951.22608940225,73.04905413657772,174.22210816894273
0.65625,0.78125,0.01,10.702864047464852,-12.819090165374522,-41.225608426869286,0.0,55112.174100020304,6704.397508010934,231953.4721465493,73.01918351563815,174.18648378797354
0.65625,0.78125,0.03,10.702864047464852,-12.82448349900621,-41.23274932870024,0.0,55134.701666450535,6704.825246465481,231951.22608940225,73.04905413657772,174.22210816894273
0.65625,0.84375,-0.01,13.340249857324956,-12.899563076227855,-39.411007939482985,0.0,40835.21660663258,6413.53510246083,213225.46007175423,53.87520683214391,149.62027249972658
0.65625,0.84375,0.01,13.340249857324956,-12.894983639931699,-39.40391858337256,0.0,40818.94343474147,6413.117796123045,213227.71882749806,53.853731446552395,149.59044919603474
0.65625,0.84375,0.03,13.340249857324956,-12.899563076227855,-39.411007939482985,0.0,40835.21660663258,6413.53510246083,213225.46007175423,53.87520683214391,149.62027249972658
0.65625,0.90625,-0.01,16.096608067169903,-11.357979123298723,-37.136155783128814,0.0,30733.587636541866,6144.276411826601,192950.48091300495,40.403691049170895,129.57060509525874
0.65625,0.90625,0.01,16.096608067169903,-11.354676605982803,-37.129023403235124,0.0,30721.7298628699,6143.871825599833,192953.1529100262,40.38811769948473,129.54563159940938
0.65625,0.90625,0.03,16.096608067169903,-11.357979123298723,-37.136155783128814,0.0,30733.587636541866,6144.276411826601,192950.48091300495,40.403691049170895,129.57060509525874
0.65625,0.96875,-0.01,20.09350389401584,-7.680529832735449,-28.263122846413992,0.0,24029.098588989124,5900.9167635500435,189609.92790143457,31.80620116336604,114.96135310356196
0.65625,0.96875,0.01,20.09350389401584,-7.678812798058352,-28.2576637089747,0.0,24019.995727362195,5900.519393327879,189612.47701105356,31.794158848010277,114.9395879778818
0.65625,0.96875,0.03,20.09350389401584,-7.680529832735449,-28.263122846413992,0.0,24029.098588989124,5900.9167635500435,189609.92790143457,31.80620116336604,114.96135310356196
0.65625,1.03125,-0.01,34.32385300212083,3.1842896916214007,11.717677385911834,0.0,23842.219430239467,5747.26861939808,326203.6222014526,32.033015630942344,115.37052767049809
0.65625,1.03125,0.01,48.55420211022581,7.680529832735449,28.263122846413992,0.0,23764.88233566333,5630.69962461434,453048.31725734036,31.450114568587342,114.31601639988779
0.65625,1.03125,0.03,34.32385300212083,3.1842896916214007,11.717677385911834,0.0,23842.219430239467,5747.26861939808,326203.6222014526,32.033015630942344,115.37052767049809
0.71875,-0.03125,-0.01,1.2786769027569929,109.72378652510906,0.0,0.0,545251.04336894,9039.994667936473,275799.53424796497,726.726938954496,549.5175863194664
0.71875,-0.03125,0.01,1.2786769027569929,109.72378652510906,3.45324224294436,0.0,545251.04336894,9039.986463377594,275796.48465092067,726.7189033197328,549.5145482218059
0.71875,-0.03125,0.03,1.2786769027569929,109.72378652510906,0.0,0.0,545251.04336894,9039.994667936473,275799.53424796497,726.726938954496,549.5175863194664
0.71875,0.03125,-0.01,1.2786769027569929,109.72378652510906,-3.45324224294436,0.0,545251.04336894,9039.986463377594,275796.48465092067,726.7189033197328,549.5145482218059
0.71875,0.03125,0.01,1.2786769027569929,109.73968966062296,-3.453109253223163,0.0,545252.7207970648,9039.984698011644,275798.00481043506,726.7188127653671,549.5145139850861
0.71875,0.03125,0.03,1.2786769027569929,109.72378652510906,-3.45324224294436,0.0,545251.04336894,9039.986463377594,275796.48465092067,726.7189033197328,549.5145482218059
0.71875,0.09374999999999999,-0.01,1.2870149777784663,110.06586263931125,-10.26112096326187,0.0,541526.0981311981,9032.799745781762,275631.4439460874,721.5851829787314,547.5701555338114
0.71875,0.09374999999999999,0.01,1.2870149777784663,110.08151911067462,-10.260796421438986,0.0,541522.8676065126,9032.788549348086,275632.9218906036,721.5785110647633,547.5676240590111
0.71875,0.09374999999999999,0.03,1.2870149777784663,110.06586263931125,-10.26112096326187,0.0,541526.0981311981,9032.799745781762,275631.4439460874,721.5851829787314,547.5701555338114
0.71875,0.15625,-0.01,1.3155438042275158,109.93763048336928,-17.00681933808272,0.0,529389.7546493723,9009.17782909031,275306.3723069414,705.1239857132401,541.2883875934948
0.71875,0.15625,0.01,1.3155438042275158,109.95196172912807,-17.006262716798513,0.0,529371.756207852,9009.137484020564,275307.76316871785,705.0976182992098,541.2782670269403
0.71875,0.15625,0.03,1.3155438042275158,109.93763048336928,-17.00681933808272,0.0,529389.7546493723,9009.17782909031,275306.3723069414,705.1239857132401,541.2883875934948
0.71875,0.21875,-0.01,1.3894068281661867,107.9026658429918,-23.599647625844078,0.0,500520.50229456724,8950.998817730293,274752.69077368506,666.3349568228072,526.1896058067024
0.71875,0.21875,0.01,1.3894068281661867,107.9134734392014,-23.598746786353676,0.0,500473.81347751286,8950.8969793675,274753.9243373986,666.270490805543,526.1641515150183
0.71875,0.21875,0.03,1.3894068281661867,107.9026658429918,-23.599647625844078,0.0,500520.50229456724,8950.998817730293,274752.69077368506,666.3349568228072,526.1896058067024
0.71875,0.28125,-0.01,1.5443172753301797,101.97339100981723,-29.85293207056174,0.0,449119.09821386216,8838.961402095683,273894.2751680636,597.6741417792947,498.3428131237899
0.71875,0.28125,0.01,1.5443172753301797,101.97820763103005,-29.851455940500255,0.0,449037.5850511465,8838.76826037575,273895.3263755148,597.563683186582,498.29676061328007
0.71875,0.28125,0.03,1.5443172753301797,101.97339100981723,-29.85293207056174,0.0,449119.09821386216,8838.961402095683,273894.2751680636,597.6741417792947,498.3428131237899
0.71875,0.34375,-0.01,1.8203514934397838,90.6501080844825,-35.44087265355922,0.0,379356.58284551895,8664.984643718597,272699.24353582325,504.8784825747059,458.02522537458765
0.71875,0.34375,0.01,1.8203514934397838,90.64821372348553,-35.43848968805201,0.0,379252.37707433733,8664.695294663623,272700.21984695544,504.7383887776587,457.9616744935025
0.71875,0.34375,0.03,1.8203514934397838,90.6501080844825,-35.44087265355922,0.0,379356.58284551895,8664.984643718597,272699.24353582325,504.8784825747059,458.02522537458765
0.71875,0.40625,-0.01,2.2537407152159505,74.02552781705263,-39.948368062050676,0.0,304468.1052017654,8439.097687092606,271192.31646818103,405.56641477366327,410.51304079986613
0.71875,0.40625,0.01,2.2537407152159505,74.01889037682854,-39.94479462098553,0.0,304363.0923178298,8438.7360914682,271193.432458582,405.42574251059955,410.4418406157008
0.71875,0.40625,0.03,2.2537407152159505,74.02552781705263,-39.948368062050676,0.0,304468.1052017654,8439.097687092606,271192.31646818103,405.56641477366327,410.51304079986613
0.71875,0.46875,-0.01,2.868628759277847,53.8497176685384,-43.00536708486792,0.0,237228.2716313037,8183.55395443334,269378.74345294666,316.514346072454,362.65416181263674
0.71875,0.46875,0.01,2.868628759277847,53.84176933470038,-43.000497803063126,0.0,237137.91785883665,8183.155417065969,269380.22264896875,316.393434488727,362.58488647316204
0.71875,0.46875,0.03,2.868628759277847,53.8497176685384,-43.00536708486792,0.0,237228.2716313037,8183.55395443334,269378.74345294666,316.514346072454,362.65416181263674
0.71875,0.53125,-0.01,3.6768754898732463,32.707999523613516,-44.41346271632876,0.0,183213.71312888127,7919.450965036254,267117.8268172665,244.8686370313147,318.97933484671364
0.71875,0.53125,0.01,3.6768754898732463,32.701904629642726,-44.407427323895014,0.0,183142.1694226438,7919.042339577528,267119.78661570564,244.77284681762418,318.9169379472643
0.71875,0.53125,0.03,3.6768754898732463,32.707999523613516,-44.41346271632876,0.0,183213.71312888127,7919.450965036254,267117.8268172665,244.8686370313147,318.97933484671364
0.71875,0.59375,-0.01,4.706460834793196,13.350788549874428,-44.265820383704735,0.0,141308.8877049911,7654.031237721291,263907.82308181084,189.00274191431015,280.23993170180825
0.71875,0.59375,0.01,4.706460834793196,13.348548699605253,-44.25901056624686,0.0,141253.5652417613,7653.621186497612,263910.1664741874,188.92862986174774,280.1849822530705
0.71875,0.59375,0.03,4.706460834793196,13.350788549874428,-44.265820383704735,0.0,141308.8877049911,7654.031237721291,263907.82308181084,189.00274191431015,280.23993170180825
0.71875,0.65625,-0.01,6.041779937886893,-1.6811593196376184,-43.08293832564935,0.0,107978.3025790404,7379.5112147458385,258600.87155604528,144.27064641957617,244.84145686599376
0.71875,0.65625,0.01,6.041779937886893,-1.6790644906397465,-43.07592400134691,0.0,107935.41650711355,7379.0951921773485,258603.25984569694,144.21326046367486,244.79275722101374
0.71875,0.65625,0.03,6.041779937886893,-1.6811593196376184,-43.08293832564935,0.0,107978.3025790404,7379.5112147458385,258600.87155604528,144.27064641957617,244.84145686599376
0.71875,0.71875,-0.01,7.798443978593285,-10.940090962076809,-41.62100749112492,0.0,80946.8378889691,7087.842018484385,249511.79685564898,107.84479913955751,211.68767309049656
0.71875,0.71875,0.01,7.798443978593285,-10.934898822886277,-41.61420604774518,0.0,80914.0124300444,7087.417735260488,249513.88325914112,107.80101799382601,211.64469990244166
0.71875,0.71875,0.03,7.798443978593285,-10.940090962076809,-41.62100749112492,0.0,80946.8378889691,7087.842018484385,249511.79685564898,107.84479913955751,211.68767309049656
0.71875,0.78125,-0.01,10.053113773435356,-15.022701141539867,-40.2307974934847,0.0,59492.97558187037,6780.926202766251,235430.50452947384,78.93649093476476,181.1068488854396
0.71875,0.78125,0.01,10.053113773435356,-15.01660726933259,-40.224213018382265,0.0,59468.84354781256,6780.502217839623,235432.26555316048,78.9044483078137,181.0700868748418
0.71875,0.78125,0.03,10.053113773435356,-15.022701141539867,-40.2307974934847,0.0,59492.97558187037,6780.926202766251,235430.50452947384,78.93649093476476,181.1068488854396
0.71875,0.84375,-0.01,12.650953831870082,-15.704913769332808,-38.624822359239495,0.0,43752.66999503939,6481.383456799741,216918.75415611936,57.7943522717613,154.96680049598447
0.71875,0.84375,0.01,12.650953831870082,-15.699568096808003,-38.61824348082614,0.0,43735.35243301421,6480.969691064549,216920.48998286467,57.77146879923027,154.93611817602815
0.71875,0.84375,0.03,12.650953831870082,-15.704913769332808,-38.624822359239495,0.0,43752.66999503939,6481.383456799741,216918.75415611936,57.7943522717613,154.96680049598447
0.71875,0.90625,-0.01,15.391085715373107,-14.483219131281048,-36.3971572792311,0.0,32761.77976161023,6205.844100932323,196894.64455166837,43.11930109757861,133.85414447100942
0.71875,0.90625,0.01,15.391085715373107,-14.47920764482192,-36.39043869716944,0.0,32749.229673552774,6205.443172276466,196896.7677855556,43.10279505694825,133.82852237868855
0.71875,0.90625,0.03,15.391085715373107,-14.483219131281048,-36.3971572792311,0.0,32761.77976161023,6205.844100932323,196894.64455166837,43.11930109757861,133.85414447100942
0.71875,0.96875,-0.01,19.28800767308198,-10.340936550847054,-27.806528279054913,0.0,25480.1726046305,5957.002095731883,193114.6882831527,33.74677036764047,118.41646010230998
0.71875,0.96875,0.01,19.28800767308198,-10.338713643784002,-27.801259283090324,0.0,25470.580912152953,5956.60790744639,193116.78998839227,33.7340719722184,118.39417885139535
0.71875,0.96875,0.03,19.28800767308198,-10.340936550847054,-27.806528279054913,0.0,25480.1726046305,5957.002095731883,193114.6882831527,33.74677036764047,118.41646010230998
0.71875,1.03125,-0.01,32.70253133053873,4.241812513155091,11.40613125528117,0.0,25148.23443720273,5801.311319311102,327867.5775882399,33.792706247167104,118.49702654422546
0.71875,1.03125,0.01,46.11705498799548,10.340936550847053,27.80652827905491,0.0,25009.403819799893,5684.200445955549,453048.31725734036,33.11231108889302,117.29802855827045
0.71875,1.03125,0.03,32.70253133053873,4.241812513155091,11.40613125528117,0.0,25148.23443720273,5801.311319311102,327867.5775882399,33.792706247167104,118.49702654422546
0.78125,-0.03125,-0.01,1.3140284606433466,118.72673219766511,0.0,0.0,544625.2305977148,9029.62043019966,282555.39180399175,724.4975904697394,548.6740733732423
0.78125,-0.03125,0.01,1.3140284606433466,118.72673219766511,3.2939715246773855,0.0,544625.2305977148,9029.612942042835,282552.5403101782,724.4902789815956,548.6713048104782
0.78125,-0.03125,0.03,1.3140284606433466,118.72673219766511,0.0,0.0,544625.2305977148,9029.62043019966,282555.39180399175,724.4975904697394,548.6740733732423
0.78125,0.03125,-0.01,1.3140284606433466,118.72673219766511,-3.2939715246773855,0.0,544625.2305977148,9029.612942042835,282552.5403101782,724.4902789815956,548.6713048104782
0.78125,0.03125,0.01,1.3140284606433466,118.74295553792982,-3.29377233420215,0.0,544627.107561124,9029.611497996204,282553.82553076226,724.4902134071262,548.6712799800343
0.78125,0.03125,0.03,1.3140284606433466,118.72673219766511,-3.2939715246773855,0.0,544625.2305977148,9029.612942042835,282552.5403101782,724.4902789815956,548.6713048104782
0.78125,0.09375,-0.01,1.3208654376403393,119.00417887869742,-9.788912737976958,0.0,541613.6915453832,9023.801602092532,282389.6442907291,720.3298960158904,547.0936650999743
0.78125,0.09375,0.01,1.3208654376403393,119.02017843675273,-9.788378171413061,0.0,541611.6203240862,9023.792573432662,282390.89303776325,720.3245454351948,547.0916332016347
0.78125,0.09375,0.03,1.3208654376403393,119.00417887869742,-9.788912737976958,0.0,541613.6915453832,9023.801602092532,282389.6442907291,720.3298960158904,547.0936650999743
0.78125,0.15625,-0.01,1.3444092354002741,118.82212329560524,-16.237477966773,0.0,531730.9388132015,9004.628388323563,282068.6621451003,706.9269036059335,541.979950723583
0.78125,0.15625,0.01,1.3444092354002741,118.8368984926915,-16.23658003227253,0.0,531716.6613719256,9004.595439745499,282069.82618611254,706.905315208453,541.9716750674489
0.78125,0.15625,0.03,1.3444092354002741,118.82212329560524,-16.237477966773,0.0,531730.9388132015,9004.628388323563,282068.6621451003,706.9269036059335,541.979950723583
0.78125,0.21875,-0.01,1.406511481873989,116.8411477231013,-22.569390284868767,0.0,507496.6163658917,8956.30602897429,281512.40773558815,674.415095385917,529.3703433653573
0.78125,0.21875,0.01,1.406511481873989,116.8526119496576,-22.568041577087044,0.0,507457.16549867904,8956.220357796752,281513.4085658724,674.3601627879214,529.3487837349181
0.78125,0.21875,0.03,1.406511481873989,116.8411477231013,-22.569390284868767,0.0,507496.6163658917,8956.30602897429,281512.40773558815,674.415095385917,529.3703433653573
0.78125,0.28124999999999994,-0.01,1.5399128546821705,111.12014366371764,-28.61003213137121,0.0,462248.7047376434,8859.924651884148,280627.92069547775,614.1045749386005,505.1462490987014
0.78125,0.28124999999999994,0.01,1.5399128546821705,111.1257595180434,-28.608028917452284,0.0,462175.5511259254,8859.755736454854,280628.7134600199,614.0052213644519,505.10538462914553
0.78125,0.28124999999999994,0.03,1.5399128546821705,111.12014366371764,-28.61003213137121,0.0,462248.7047376434,8859.924651884148,280627.92069547775,614.1045749386005,505.1462490987014
0.78125,0.34375000000000006,-0.01,1.7825673533144444,100.00092432251815,-34.036467234044956,0.0,397469.64327586256,8704.644254281826,279357.2266519988,528.154056997704,468.46405813433114
0.78125,0.34375000000000006,0.01,1.7825673533144444,99.99960232228007,-34.03351142206153,0.0,397370.6099157774,8704.381609171824,279357.90182276635,528.0209026059466,468.40500152199803
0.78125,0.34375000000000006,0.03,1.7825673533144444,100.00092432251815,-34.036467234044956,0.0,397469.64327586256,8704.644254281826,279357.2266519988,528.154056997704,468.46405813433114
0.78125,0.40624999999999994,-0.01,2.1661288238308742,83.23377172164429,-38.42253436499229,0.0,324823.69623756607,8497.88851492526,277712.5677192658,432.1046095506012,423.7311734584391
0.78125,0.40624999999999994,0.01,2.1661288238308742,83.22710298940578,-38.41840154156089,0.0,324719.4068817763,8497.552044356022,277713.35012265237,431.9650198885004,423.66272560147377
0.78125,0.40624999999999994,0.03,2.1661288238308742,83.23377172164429,-38.42253436499229,0.0,324823.69623756607,8497.88851492526,277712.5677192658,432.1046095506012,423.7311734584391
0.78125,0.46875000000000006,-0.01,2.7025063219910552,62.27157817388784,-41.37595402699272,0.0,257946.1198582135,8262.759521840004,275719.01658562367,343.8696231108601,378.00093359014943
0.78125,0.46875000000000006,0.01,2.7025063219910552,62.2628958549226,-41.37060694574565,0.0,257853.79776591534,8262.3854315325,275720.1808089296,343.74622655830876,377.9331052706397
0.78125,0.46875000000000006,0.03,2.7025063219910552,62.27157817388784,-41.37595402699272,0.0,257946.1198582135,8262.759521840004,275719.01658562367,343.8696231108601,378.00093359014943
0.78125,0.53125,-0.01,3.3888945638384596,39.57566471933471,-42.65633445992553,0.0,203366.1653217072,8021.065637199249,273277.56998644356,271.7968561562534,336.06105051024053
0.78125,0.53125,0.01,3.3888945638384596,39.56838737040928,-42.64996655651249,0.0,203291.46319888742,8020.681818190013,273279.27115656773,271.6969336060703,335.9992706122951
0.78125,0.53125,0.03,3.3888945638384596,39.57566471933471,-42.65633445992553,0.0,203366.1653217072,8021.065637199249,273277.56998644356,271.7968561562534,336.06105051024053
0.78125,0.59375,-0.01,4.261023902971356,18.01501598142284,-42.325679677418066,0.0,159489.60222529565,7774.034573095673,269929.85357816756,213.51967687980112,297.8618742590179
0.78125,0.59375,0.01,4.261023902971356,18.0116341814075,-42.3187718755504,0.0,159430.3736996655,7773.646124226019,269931.98670477304,213.44033017546576,297.80652443240655
0.78125,0.59375,0.03,4.261023902971356,18.01501598142284,-42.325679677418066,0.0,159489.60222529565,7774.034573095673,269929.85357816756,213.51967687980112,297.8618742590179
0.78125,0.65625,-0.01,5.449396054537855,0.6134086260839201,-40.99917258859808,0.0,122251.54285721082,7503.549363893969,264542.5394027627,163.6265345628904,260.74910861127063
0.78125,0.65625,0.01,5.449396054537855,0.6149030867123002,-40.992406783115754,0.0,122204.61331527642,7503.147679723047,264544.7145591208,163.56365977821716,260.69900634840326
0.78125,0.65625,0.03,5.449396054537855,0.6134086260839201,-40.99917258859808,0.0,122251.54285721082,7503.549363893969,264542.5394027627,163.6265345628904,260.74910861127063
0.78125,0.71875,-0.01,7.076410393642908,-10.564781566777302,-39.63547583560418,0.0,91091.77499478414,7205.939612290927,255356.2549644632,121.63137765181924,224.81163235447568
0.78125,0.71875,0.01,7.076410393642908,-10.559517052497082,-39.629255382647955,0.0,91055.54128447238,7205.523837060253,255358.0735317171,121.5829523493124,224.7668755848741
0.78125,0.71875,0.03,7.076410393642908,-10.564781566777302,-39.63547583560418,0.0,91091.77499478414,7205.939612290927,255356.2549644632,121.63137765181924,224.81163235447568
0.78125,0.78125,-0.01,9.235749423258886,-16.021858603485263,-38.54781945453208,0.0,66173.00819135775,6886.808241132209,241145.7659695452,88.00766984158098,191.23008908791977
0.78125,0.78125,0.01,9.235749423258886,-16.01529371812913,-38.54195119772233,0.0,66146.46828645075,6886.389474750429,241147.19982621263,87.97234834090021,191.19171054889082
0.78125,0.78125,0.03,9.235749423258886,-16.021858603485263,-38.54781945453208,0.0,66173.00819135775,6886.808241132209,241145.7659695452,88.00766984158098,191.23008908791977
0.78125,0.84375,-0.01,11.778296130212647,-17.73895198421647,-37.23272274593008,0.0,48104.23038670639,6574.604100564248,222538.95606649914,63.68430910568673,162.6717680471782
0.78125,0.84375,0.01,11.778296130212647,-17.733021721465263,-37.22679790170205,0.0,48085.399821678024,6574.195406685846,222540.31693234853,63.659370014803166,162.6399133932105
0.78125,0.84375,0.03,11.778296130212647,-17.73895198421647,-37.23272274593008,0.0,48104.23038670639,6574.604100564248,222538.95606649914,63.68430910568673,162.6717680471782
0.78125,0.90625,-0.01,14.49872580490167,-17.28880003646245,-35.13018837386893,0.0,35697.219799495244,6288.71797230574,202501.93726156006,47.076419715031115,139.8613381888995
0.78125,0.90625,0.01,14.49872580490167,-17.28419561137049,-35.12399534013126,0.0,35683.70603426668,6288.322373984108,202503.6267694371,47.05860754848225,139.83487622387108
0.78125,0.90625,0.03,14.49872580490167,-17.28880003646245,-35.13018837386893,0.0,35697.219799495244,6288.71797230574,202501.93726156006,47.076419715031115,139.8613381888995
0.78125,0.96875,-0.01,18.28006732546418,-13.133665736669387,-27.023186734098825,0.0,27533.077541714498,6031.087967121258,197946.69333703342,36.498254236172805,123.14931830998711
0.78125,0.96875,0.01,18.28006732546418,-13.130945250617504,-27.01817710642912,0.0,27522.821796538898,6030.698487347478,197948.41439508996,36.48466305643443,123.12638707121083
0.78125,0.96875,0.03,18.28006732546418,-13.133665736669387,-27.023186734098825,0.0,27533.077541714498,6031.087967121258,197946.69333703342,36.498254236172805,123.14931830998711
0.78125,1.03125,-0.01,30.69166070566468,5.311113663615972,10.927887093791279,0.0,26975.305412415622,5872.341641610603,330130.85670794646,36.25538017530238,122.73889184134605
0.78125,1.03125,0.01,43.10325408586518,13.133665736669386,27.02318673409882,0.0,26738.75058941401,5754.412703845907,453048.31725734036,35.42773273711554,121.32984590333184
0.78125,1.03125,0.03,30.69166070566468,5.311113663615972,10.927887093791279,0.0,26975.305412415622,5872.341641610603,330130.85670794646,36.25538017530238,122.73889184134605
0.84375,-0.03125,-0.01,1.3655735459144842,127.82202160462815,0.0,0.0,543925.3431485944,9015.682387245797,292644.59771283565,722.0432729717617,547.7439372418708
0.84375,-0.03125,0.01,1.3655735459144842,127.82202160462815,3.164581911203695,0.0,543925.3431485944,9015.675452325242,292641.8625948406,722.0365246033839,547.7413775708369
0.84375,-0.03125,0.03,1.3655735459144842,127.82202160462815,0.0,0.0,543925.3431485944,9015.682387245797,292644.59771283565,722.0432729717617,547.7439372418708
0.84375,0.03125,-0.01,1.365573545914484,127.82202160462815,-3.164581911203695,0.0,543925.3431485944,9015.675452325242,292641.8625948406,722.0365246033839,547.7413775708369
0.84375,0.03125,0.01,1.365573545914484,127.83835336321562,-3.164325818873068,0.0,543927.3592882896,9015.67418818149,292642.9737865566,722.0364292641998,547.741341408388
0.84375,0.03125,0.03,1.365573545914484,127.82202160462815,-3.164581911203695,0.0,543925.3431485944,9015.675452325242,292641.8625948406,722.0365246033839,547.7413775708369
0.84375,0.09375000000000001,-0.01,1.3709459915409468,128.0436496412058,-9.409470710073114,0.0,541608.6592399847,9011.202133902656,292484.0872068861,718.8231833743164,546.5211882038024
0.84375,0.09375000000000001,0.01,1.3709459915409468,128.05978688334883,-9.408757082749155,0.0,541607.6845396676,9011.19512756179,292485.167731678,718.8190939035607,546.5196335895057
0.84375,0.09375000000000001,0.03,1.3709459915409468,128.0436496412058,-9.409470710073114,0.0,541608.6592399847,9011.202133902656,292484.0872068861,718.8231833743164,546.5211882038024
0.84375,0.15625,-0.01,1.3896446575290764,127.84682371165837,-15.63224497548898,0.0,533939.3100393278,8996.365413689971,292175.84682514577,708.4160664841792,542.5504989818976
0.84375,0.15625,0.01,1.3896446575290764,127.86187770439915,-15.63105199315909,0.0,533928.8015490175,8996.3398594185,292176.85077147046,708.3993352705709,542.5440920253649
0.84375,0.15625,0.03,1.3896446575290764,127.84682371165837,-15.63224497548898,0.0,533939.3100393278,8996.365413689971,292175.84682514577,708.4160664841792,542.5504989818976
0.84375,0.21875,-0.01,1.4397916214572208,126.02096941470715,-21.784568743024085,0.0,514596.19475385104,8958.207142113324,291634.7978040651,682.504405215741,532.5356612051861
0.84375,0.21875,0.01,1.4397916214572208,126.03302141949575,-21.782819582972806,0.0,514564.5668438632,8958.138363663931,291635.64423084795,682.4597843467755,532.5182528249826
0.84375,0.21875,0.03,1.4397916214572208,126.02096941470715,-21.784568743024085,0.0,514596.19475385104,8958.207142113324,291634.7978040651,682.504405215741,532.5356612051861
0.84375,0.28125,-0.01,1.5500366957553147,120.72909062252869,-27.703504770031707,0.0,476686.50550607924,8879.397459158577,290756.1583855157,632.0956964373802,512.4923450976222
0.84375,0.28125,0.01,1.5500366957553147,120.73560887222654,-27.700999750083614,0.0,476623.6735621157,8879.256055116439,290756.786902244,632.0100501936184,512.4576236689745
0.84375,0.28125,0.03,1.5500366957553147,120.72909062252869,-27.703504770031707,0.0,476686.50550607924,8879.397459158577,290756.1583855157,632.0956964373802,512.4923450976222
0.84375,0.34375,-0.01,1.7551705389567331,110.20245250518676,-33.06334139712612,0.0,419002.2849974162,8747.0526483859,289456.8564969527,555.7727795905197,480.55666198217745
0.84375,0.34375,0.01,1.7551705389567331,110.20197894974538,-33.059782999857966,0.0,418911.0337237491,8746.822697791578,289457.33411382016,555.6500283228169,480.50358975630644
0.84375,0.34375,0.03,1.7551705389567331,110.20245250518676,-33.06334139712612,0.0,419002.2849974162,8747.0526483859,289456.8564969527,555.7727795905197,480.55666198217745
0.84375,0.40625,-0.01,2.082550854595357,93.81335374020111,-37.40771548217414,0.0,350609.9879261819,8565.029303397892,287731.9139119124,465.6466936218222,439.8698831856298
0.84375,0.40625,0.01,2.082550854595357,93.80698187309204,-37.40291210169677,0.0,350508.0515934253,8564.724550829695,287732.4631454621,465.5103608524424,439.8054855744831
0.84375,0.40625,0.03,2.082550854595357,93.81335374020111,-37.40771548217414,0.0,350609.9879261819,8565.029303397892,287731.9139119124,465.6466936218222,439.8698831856298
0.84375,0.46875,-0.01,2.5336336619111774,72.5980232573363,-40.291790368971306,0.0,285367.9406309378,8355.931271931058,285618.60594544787,379.94742581527333,397.33582065396814
0.84375,0.46875,0.01,2.5336336619111774,72.58880505929095,-40.2857627872436,0.0,285274.0269431932,8355.587548016956,285619.55120167235,379.8220866462941,397.27027757342745
0.84375,0.46875,0.03,2.5336336619111774,72.5980232573363,-40.291790368971306,0.0,285367.9406309378,8355.931271931058,285618.60594544787,379.94742581527333,397.33582065396814
0.84375,0.53125,-0.01,3.0904301571299158,48.77007299465203,-41.410139485233394,0.0,231084.946049865,8142.831820280639,283033.5878729809,308.67693559813995,358.1360639194817
0.84375,0.53125,0.01,3.0904301571299158,48.761580817085566,-41.403169509712534,0.0,231006.90367923325,8142.4793756160025,283035.1256396839,308.5727042784604,358.07559269208207
0.84375,0.53125,0.03,3.0904301571299158,48.77007299465203,-41.410139485233394,0.0,231084.946049865,8142.831820280639,283033.5878729809,308.67693559813995,358.1360639194817
0.84375,0.59375,-0.01,3.7877847614854487,25.184529644884815,-40.77974864621267,0.0,185699.46672741423,7922.198303220071,279517.6157867036,248.7208120092628,321.4785713015548
0.84375,0.59375,0.01,3.7877847614854487,25.179744278584106,-40.77245845218134,0.0,185635.74763460943,7921.83978337351,279519.63888064,248.63550025542384,321.42343266497187
0.84375,0.59375,0.03,3.7877847614854487,25.184529644884815,-40.77974864621267,0.0,185699.46672741423,7922.198303220071,279517.6157867036,248.7208120092628,321.4785713015548
0.84375,0.65625,-0.01,4.791099738509327,5.243332506629806,-39.0937430057471,0.0,143778.99353494137,7663.198719479177,273951.4087656064,192.72383678700012,282.9851739256569
0.84375,0.65625,0.01,4.791099738509327,5.243857271129404,-39.08700603272973,0.0,143726.8159331741,7662.819254144033,273953.4921984287,192.6538677807719,282.9337999254708
0.84375,0.65625,0.03,4.791099738509327,5.243332506629806,-39.0937430057471,0.0,143778.99353494137,7663.198719479177,273951.4087656064,192.72383678700012,282.9851739256569
0.84375,0.7187499999999999,-0.01,6.305797399860706,-8.196802041000632,-37.65494334139007,0.0,105634.25458940353,7351.708354884898,264466.23585715826,141.36349518670104,242.36204224254675
0.84375,0.7187499999999999,0.01,6.305797399860706,-8.191804903127183,-37.64920057923888,0.0,105593.38874795818,7351.304206467041,264467.92951240996,141.30876652566687,242.31512265383915
0.84375,0.7187499999999999,0.03,6.305797399860706,-8.196802041000632,-37.65494334139007,0.0,105634.25458940353,7351.708354884898,264466.23585715826,141.36349518670104,242.36204224254675
0.84375,0.7812500000000001,-0.01,8.331567790399436,-15.388910039661054,-36.8032261604407,0.0,75782.72811127981,7020.002262204632,249804.1787422004,101.06075486154599,204.92136262495814
0.84375,0.7812500000000001,0.01,8.331567790399436,-15.382152786266024,-36.79804968737394,0.0,75752.86740357535,7019.591096258562,249805.44325311773,101.02090816847452,204.88095997960505
0.84375,0.7812500000000001,0.03,8.331567790399436,-15.388910039661054,-36.8032261604407,0.0,75782.72811127981,7020.002262204632,249804.1787422004,101.06075486154599,204.92136262495814
0.84375,0.84375,-0.01,10.76943412288376,-18.524139641746576,-35.74877415568209,0.0,54385.39526256009,6694.335334367953,230698.26061796764,72.20328296632026,173.21058898971907
0.84375,0.84375,0.01,10.76943412288376,-18.517864749368364,-35.74350092981968,0.0,54364.46204975188,6693.9338063361565,230699.4037102128,72.17548175600257,173.17723920669883
0.84375,0.84375,0.03,10.76943412288376,-18.524139641746576,-35.74877415568209,0.0,54385.39526256009,6694.335334367953,230698.26061796764,72.20328296632026,173.21058898971907
0.84375,0.90625,-0.01,13.417346761547247,-19.273376889661577,-33.73181678085621,0.0,39947.15744790611,6397.139765496416,210264.20617885664,52.820091897401625,148.14791454896798
0.84375,0.90625,0.01,13.417346761547247,-19.2683731945572,-33.72615538000537,0.0,39932.30138532528,6396.751582493138,210265.59989222704,52.80045755280966,148.1203771340847
0.84375,0.90625,0.03,13.417346761547247,-19.273376889661577,-33.73181678085621,0.0,39947.15744790611,6397.139765496416,210264.20617885664,52.820091897401625,148.14791454896798
0.84375,0.96875,-0.01,17.015409572931098,-15.670690992909188,-26.139875594829963,0.0,30518.412867462444,6129.63330231418,204475.93492918074,40.50401757588708,129.73137393526903
0.84375,0.96875,0.01,17.015409572931098,-15.667556231376528,-26.1351461747429,0.0,30507.228155022305,6129.250527259522,204477.36935823847,40.48917663490975,129.70760453935497
0.84375,0.96875,0.03,17.015409572931098,-15.670690992909188,-26.139875594829963,0.0,30518.412867462444,6129.63330231418,204475.93492918074,40.50401757588708,129.73137393526903
0.84375,1.03125,-0.01,28.187857188786136,6.2109954583840175,10.360401380875661,0.0,29634.040143062302,5967.552912379646,333174.3222418113,39.83973443717498,128.663151109146
0.84375,1.03125,0.01,39.360304804641174,15.670690992909188,26.139875594829967,0.0,29251.716014138976,5848.782365314732,453048.3172573404,38.79687895954818,126.96802410556549
0.84375,1.03125,0.03,28.187857188786136,6.2109954583840175,10.360401380875661,0.0,29634.040143062302,5967.552912379646,333174.3222418113,39.83973443717498,128.663151109146
0.90625,-0.03125,-0.01,1.436183273208544,136.7777896581257,0.0,0.0,543260.007357231,8998.152356127399,306713.6282074833,719.5497648050533,546.7973283327158
0.90625,-0.03125,0.01,1.436183273208544,136.7777896581257,3.0742969767936827,0.0,543260.007357231,8998.145788587395,306710.91345666384,719.5433960032329,546.7949084503837
0.90625,-0.03125,0.03,1.436183273208544,136.7777896581257,0.0,0.0,543260.007357231,8998.152356127399,306713.6282074833,719.5497648050533,546.7973283327158
0.90625,0.03125,-0.01,1.436183273208544,136.7777896581257,-3.0742969767936827,0.0,543260.007357231,8998.145788587395,306710.91345666384,719.5433960032329,546.7949084503837
0.90625,0.03125,0.01,1.436183273208544,136.79403694542938,-3.073998017676892,0.0,543262.0933646159,8998.144559427237,306711.9112732852,719.5432134242528,546.7948390777345
0.90625,0.03125,0.03,1.436183273208544,136.7777896581257,-3.0742969767936827,0.0,543260.007357231,8998.145788587395,306710.91345666384,719.5433960032329,546.7949084503837
0.90625,0.09375,-0.01,1.4402417082355603,136.9605988563725,-9.150442851157724,0.0,541554.6412578559,8994.84889777673,306558.16150715837,717.161284550029,545.8890518743054
0.90625,0.09375,0.01,1.4402417082355603,136.97668696003566,-9.14959598070862,0.0,541554.563541293,8994.843517598227,306559.13438783697,717.1582204888329,545.8878857215278
0.90625,0.09375,0.03,1.4402417082355603,136.9605988563725,-9.150442851157724,0.0,541554.6412578559,8994.84889777673,306558.16150715837,717.161284550029,545.8890518743054
0.90625,0.15625,-0.01,1.4543877969931698,136.79068424110724,-15.238223884177403,0.0,535934.1212408162,8984.0010660644,306265.83318272704,709.5177545278555,542.9722068038238
0.90625,0.15625,0.01,1.4543877969931698,136.8058553451721,-15.236813746247929,0.0,535927.0273684672,8983.982134358494,306266.74273622624,709.5054260020701,542.9674894617358
0.90625,0.15625,0.03,1.4543877969931698,136.79068424110724,-15.238223884177403,0.0,535934.1212408162,8984.0010660644,306265.83318272704,709.5177545278555,542.9722068038238
0.90625,0.21875,-0.01,1.4928034569718607,135.21209246621288,-21.318513368638698,0.0,521434.7509039972,8955.700301133917,305750.0729740803,690.1163833198474,535.497114461939
0.90625,0.21875,0.01,1.4928034569718607,135.2246433722109,-21.316474281066604,0.0,521411.4073500785,8955.648840588905,305750.84446523315,690.0826943728031,535.4840438012949
0.90625,0.21875,0.03,1.4928034569718607,135.21209246621288,-21.318513368638698,0.0,521434.7509039972,8955.700301133917,305750.0729740803,690.1163833198474,535.497114461939
0.90625,0.28125,-0.01,1.5795565953390538,130.5405171804184,-27.250352197167256,0.0,491514.2191531046,8895.010380604917,304899.10867530806,650.4346563245338,519.8736465680582
0.90625,0.28125,0.01,1.5795565953390538,130.54801033171373,-27.247483087319324,0.0,491464.2238408136,8894.900277250694,304899.67383100535,650.3660642489649,519.8462340122605
0.90625,0.28125,0.03,1.5795565953390538,130.5405171804184,-27.250352197167256,0.0,491514.2191531046,8895.010380604917,304899.10867530806,650.4346563245338,519.8736465680582
0.90625,0.34375,-0.01,1.7466038546331288,120.95262303534498,-32.71126324260685,0.0,442494.0033027399,8787.50318397394,303604.9880717226,585.7738833176699,493.3566296262352
0.90625,0.34375,0.01,1.7466038546331288,120.95328086394296,-32.70723535533746,0.0,442415.0496704156,8787.314204126564,303605.3851813607,585.6675471324054,493.3118478046691
0.90625,0.34375,0.03,1.7466038546331288,120.95262303534498,-32.71126324260685,0.0,442494.0033027399,8787.50318397394,303604.9880717226,585.7738833176699,493.3566296262352
0.90625,0.40625,-0.01,2.022161351403438,105.41536648078899,-37.19641740345024,0.0,379499.3898188193,8631.057094231082,301832.5149673125,503.0342363070806,457.1879108969507
0.90625,0.40625,0.01,2.022161351403438,105.40967726580362,-37.19099884776914,0.0,379403.5314304946,8630.79209146244,301832.93652840937,502.90612695715186,457.1296904306651
0.90625,0.40625,0.03,2.022161351403438,105.41536648078899,-37.19641740345024,0.0,379499.3898188193,8631.057094231082,301832.5149673125,503.0342363070806,457.1879108969507
0.90625,0.46875,-0.01,2.398402081488801,84.46594043152746,-40.187346623266116,0.0,316804.6319841825,8448.444535317913,299642.81462528533,421.0645188994367,418.2830726829547
0.90625,0.46875,0.01,2.398402081488801,84.45645522657719,-40.18053126440309,0.0,316710.40188928624,8448.133965632713,299643.6137617712,420.93897294908606,418.2207097213196
0.90625,0.46875,0.03,2.398402081488801,84.46594043152746,-40.187346623266116,0.0,316804.6319841825,8448.444535317913,299642.81462528533,421.0645188994367,418.2830726829547
0.90625,0.53125,-0.01,2.844397062220983,59.98435545920295,-41.27772292116957,0.0,263733.5000640629,8264.607338869882,296956.69798018935,351.8632256190787,382.36920313911213
0.90625,0.53125,0.01,2.844397062220983,59.97473226701832,-41.269919223680624,0.0,263652.8115658845,8264.28836950394,296958.1527719416,351.75569298419083,382.310770903451
0.90625,0.53125,0.03,2.844397062220983,59.98435545920295,-41.27772292116957,0.0,263733.5000640629,8264.607338869882,296956.69798018935,351.8632256190787,382.36920313911213
0.90625,0.59375,-0.01,3.3898868782089893,34.70015426656187,-40.39183444548942,0.0,217754.13622656223,8073.039677306975,293249.0517993956,291.5584039468526,348.0637125699779
0.90625,0.59375,0.01,3.3898868782089893,34.69382124736233,-40.38383431321868,0.0,217686.31171845694,8072.714531331557,293251.0514152709,291.46772785062825,348.0095835986317
0.90625,0.59375,0.03,3.3898868782089893,34.70015426656187,-40.39183444548942,0.0,217754.13622656223,8073.039677306975,293249.0517993956,291.5584039468526,348.0637125699779
0.90625,0.65625,-0.01,4.216169126590132,12.219745998578867,-38.24448652305971,0.0,171262.7432954889,7831.44927391574,287370.3663985787,229.72609410329883,308.9591989596729
0.90625,0.65625,0.01,4.216169126590132,12.218991691288418,-38.23743371785447,0.0,171204.73006655875,7831.095219601078,287372.4476104997,229.64828506592877,308.90687174388773
0.90625,0.65625,0.03,4.216169126590132,12.219745998578867,-38.24448652305971,0.0,171262.7432954889,7831.44927391574,287370.3663985787,229.72609410329883,308.9591989596729
0.90625,0.71875,-0.01,5.580284790767751,-3.733830099645218,-36.49166762971924,0.0,124984.22268217275,7514.018863189112,277372.2153372751,167.53562134146532,263.8454118983418
0.90625,0.71875,0.01,5.580284790767751,-3.7294191267745203,-36.48612975257766,0.0,124937.6886155631,7513.629962629554,277373.89361881476,167.47320148233223,263.7962560006087
0.90625,0.71875,0.03,5.580284790767751,-3.733830099645218,-36.49166762971924,0.0,124984.22268217275,7514.018863189112,277372.2153372751,167.53562134146532,263.8454118983418
0.90625,0.78125,-0.01,7.437568395309318,-12.907317133148196,-35.73050975730341,0.0,88802.71059162283,7173.107141670013,261941.68144295554,118.7076502831221,222.0932300761167
0.90625,0.78125,0.01,7.437568395309318,-12.900640727595418,-35.725832605831826,0.0,88768.60700001175,7172.706456663523,261942.9066826809,118.66202988777698,222.05054978308226
0.90625,0.78125,0.03,7.437568395309318,-12.907317133148196,-35.73050975730341,0.0,88802.71059162283,7173.107141670013,261941.68144295554,118.7076502831221,222.0932300761167
0.90625,0.84375,-0.01,9.708243467866843,-17.716589836045596,-34.846306400858275,0.0,63084.75018023093,6837.322178801197,241917.6487310557,83.9901332447848,186.81429325903565
0.90625,0.84375,0.01,9.708243467866843,-17.710222483988623,-34.84153349337676,0.0,63061.03371090865,6836.930128211882,241918.71511469161,83.95854648599379,186.77916167458332
0.90625,0.84375,0.03,9.708243467866843,-17.716589836045596,-34.846306400858275,0.0,63084.75018023093,6837.322178801197,241917.6487310557,83.9901332447848,186.81429325903565
0.90625,0.90625,-0.01,12.194176094470713,-19.99725776414582,-32.813231625929966,0.0,45992.07791185335,6532.207906709848,220651.71191352833,60.988920037657714,159.19207283670735
0.90625,0.90625,0.01,12.194176094470713,-19.992091813343418,-32.80798263483949,0.0,45975.38665195611,6531.829352673952,220652.9478088005,60.96679639101827,159.16319686534294
0.90625,0.90625,0.03,12.194176094470713,-19.99725776414582,-32.813231625929966,0.0,45992.07791185335,6532.207906709848,220651.71191352833,60.988920037657714,159.19207283670735
0.90625,0.96875,-0.01,15.487089056202516,-17.564049296836007,-25.594988057088646,0.0,34895.54038445645,6258.075040672856,213109.8759156276,46.37970453340208,138.82252997161243
0.90625,0.96875,0.01,15.487089056202516,-17.560647630939826,-25.59047982331364,0.0,34883.04239735027,6257.701255449258,213111.12904567138,46.36309689480799,138.7976729694364
0.90625,0.96875,0.03,15.487089056202516,-17.564049296836007,-25.594988057088646,0.0,34895.54038445645,6258.075040672856,213109.8759156276,46.37970453340208,138.82252997161243
0.90625,1.03125,-0.01,25.156584991805044,6.750854313487698,9.83759682113788,0.0,33595.298458985715,6094.667732443778,337209.4389520764,45.180757798378856,137.01645331996585
0.90625,1.03125,0.01,34.826080927407574,17.56404929683601,25.594988057088642,0.0,33017.061765517195,5975.921847162585,453048.3172573404,43.84806218981818,134.98054230559768
0.90625,1.03125,0.03,25.156584991805044,6.750854313487698,9.83759682113788,0.0,33595.298458985715,6094.667732443778,337209.4389520764,45.180757798378856,137.01645331996585
0.96875,-0.03125,-0.01,1.5263743642104324,145.1922867411717,0.0,0.0,542766.772706154,8977.737517061925,324949.58799700905,717.2862164980977,545.9365976734748
0.96875,-0.03125,0.01,1.5263743642104324,145.1922867411717,3.0180701893942317,0.0,542766.772706154,8977.731167583552,324946.80733453715,717.280078527971,545.9342618209106
0.96875,-0.03125,0.03,1.5263743642104324,145.1922867411717,0.0,0.0,542766.772706154,8977.737517061925,324949.58799700905,717.2862164980977,545.9365976734748
0.96875,0.03125,-0.01,1.5263743642104324,145.1922867411717,-3.0180701893942317,0.0,542766.772706154,8977.731167583552,324946.80733453715,717.280078527971,545.9342618209106
0.96875,0.03125,0.01,1.5263743642104324,145.20828473705657,-3.017742281598382,0.0,542768.8454898903,8977.729826070283,324947.74367843394,717.2797427594502,545.9341340412841
0.96875,0.03125,0.03,1.5263743642104324,145.1922867411717,-3.0180701893942317,0.0,542766.772706154,8977.731167583552,324946.80733453715,717.280078527971,545.9342618209106
0.96875,0.09374999999999999,-0.01,1.5293606703480613,145.359754702398,-8.99432789488182,0.0,541539.8480362564,8975.355219966339,324794.25151576236,715.5453772581473,545.2737066449339
0.96875,0.09374999999999999,0.01,1.5293606703480613,145.37563224440734,-8.993391084932572,0.0,541540.391222887,8975.35094715423,324795.1665731994,715.5430100485889,545.2728046908169
0.96875,0.09374999999999999,0.03,1.5293606703480613,145.359754702398,-8.99432789488182,0.0,541539.8480362564,8975.355219966339,324794.25151576236,715.5453772581473,545.2737066449339
0.96875,0.15625,-0.01,1.5399037631588084,145.2582888169568,-15.019949957106153,0.0,537505.033236395,8967.577540296208,324509.4548501584,710.0299845728067,543.1681684245614
0.96875,0.15625,0.01,1.5399037631588084,145.27341449667696,-15.018389504808374,0.0,537500.3524281963,8967.563231278531,324510.32227539754,710.0207465455195,543.1646348986596
0.96875,0.15625,0.03,1.5399037631588084,145.2582888169568,-15.019949957106153,0.0,537505.033236395,8967.577540296208,324509.4548501584,710.0299845728067,543.1681684245614
0.96875,0.21875,-0.01,1.5690158900040578,143.97988699286617,-21.103633048213858,0.0,526875.0775792706,8947.00940508595,324012.48994361534,695.8049757225261,537.69962201235
0.96875,0.21875,0.01,1.5690158900040578,143.9927560281987,-21.101401493111826,0.0,526857.8472772437,8946.970416574382,324013.2387485158,695.7793204992704,537.689709083089
0.96875,0.21875,0.03,1.5690158900040578,143.97988699286617,-21.103633048213858,0.0,526875.0775792706,8947.00940508595,324012.48994361534,695.8049757225261,537.69962201235
0.96875,0.28125,-0.01,1.6358939752024504,140.01863070480147,-27.14194603353845,0.0,504116.93237376545,8901.809967913621,323190.2036632253,665.695392566439,525.9370204874408
0.96875,0.28125,0.01,1.6358939752024504,140.02694267494547,-27.138827414461066,0.0,504077.4749160701,8901.7241871566,323190.77645757946,665.6407609190131,525.9154389985792
0.96875,0.28125,0.03,1.6358939752024504,140.01863070480147,-27.14194603353845,0.0,504116.93237376545,8901.809967913621,323190.2036632253,665.695392566439,525.9370204874408
0.96875,0.34375,-0.01,1.7667523635381328,131.59846319628724,-32.850432100476695,0.0,464788.7688607645,8819.011420907233,321918.2632002433,614.0028512915877,505.10440976958466
0.96875,0.34375,0.01,1.7667523635381328,131.60024503442665,-32.84607408022215,0.0,464721.96419549367,8818.858485329427,321918.68999069044,613.9126949564571,505.0673252233875
0.96875,0.34375,0.03,1.7667523635381328,131.59846319628724,-32.850432100476695,0.0,464788.7688607645,8819.011420907233,321918.2632002433,614.0028512915877,505.10440976958466
0.96875,0.40625,-0.01,1.98903953877771,117.39494449302958,-37.72736157870662,0.0,410032.51654131035,8691.796072421746,320111.05750473205,542.358562182216,474.7218446184612
0.96875,0.40625,0.01,1.98903953877771,117.39018132640199,-37.721513523756634,0.0,409945.99648414785,8691.574316930277,320111.4985899397,542.2430092411906,474.6712706704499
0.96875,0.40625,0.03,1.98903953877771,117.39494449302958,-37.72736157870662,0.0,410032.51654131035,8691.796072421746,320111.05750473205,542.358562182216,474.7218446184612
0.96875,0.46875,-0.01,2.3059964877278585,97.18240994283666,-41.05151697755451,0.0,350220.9563342642,8532.934304960645,317826.9933006079,464.4961353234987,439.3261136668525
0.96875,0.46875,0.01,2.3059964877278585,97.17305749575146,-41.04409704997913,0.0,350130.20343047625,8532.663697783491,317827.7412317747,464.375462166598,439.26904288768725
0.96875,0.46875,0.03,2.3059964877278585,97.18240994283666,-41.05151697755451,0.0,350220.9563342642,8532.934304960645,317826.9933006079,464.4961353234987,439.3261136668525
0.96875,0.53125,-0.01,2.6772569054330098,72.4080385156327,-42.247301060793006,0.0,297760.7942815186,8371.302204213018,315021.83277204627,396.5591846862766,405.92890069671273
0.96875,0.53125,0.01,2.6772569054330098,72.39746815086764,-42.23864431684712,0.0,297678.80524966016,8371.015377733598,315023.2429954666,396.45021161114494,405.87312294442825
0.96875,0.53125,0.03,2.6772569054330098,72.4080385156327,-42.247301060793006,0.0,297760.7942815186,8371.302204213018,315021.83277204627,396.5591846862766,405.92890069671273
0.96875,0.59375,-0.01,3.105900829845619,45.82201334562897,-41.25619420159465,0.0,252385.363557218,8207.747705885089,311102.9185939117,337.5801864200736,374.5281285314482
0.96875,0.59375,0.01,3.105900829845619,45.81414237347393,-41.24732595148052,0.0,252314.55668573471,8207.455102499494,311104.93936418556,337.4857384312026,374.4757322349918
0.96875,0.59375,0.03,3.105900829845619,45.82201334562897,-41.25619420159465,0.0,252385.363557218,8207.747705885089,311102.9185939117,337.5801864200736,374.5281285314482
0.96875,0.65625,-0.01,3.777860360772021,20.984627497067248,-38.67211023497538,0.0,202739.27548395624,7989.161622417824,304808.2263091794,271.9290190476386,336.14274645554195
0.96875,0.65625,0.01,3.777860360772021,20.98243924346393,-38.66445839685322,0.0,202675.92538459424,7988.835109439417,304810.3524211977,271.84410220314066,336.0902577395677
0.96875,0.65625,0.03,3.777860360772021,20.984627497067248,-38.67211023497538,0.0,202739.27548395624,7989.161622417824,304808.2263091794,271.9290190476386,336.14274645554195
0.96875,0.71875,-0.01,4.965417693234098,2.4675969324975635,-36.48439998851923,0.0,148800.8549158178,7678.74687095257,294109.21945106896,199.63915724696224,288.0174692952803
0.96875,0.71875,0.01,4.965417693234098,2.471202965737877,-36.47875680857318,0.0,148748.06535689725,7678.376245881675,294110.94965138205,199.5682777435293,287.96633617142004
0.96875,0.71875,0.03,4.965417693234098,2.4675969324975635,-36.48439998851923,0.0,148800.8549158178,7678.74687095257,294109.21945106896,199.63915724696224,288.0174692952803
0.96875,0.78125,-0.01,6.637739569500294,-8.739362617686146,-35.701206583233564,0.0,105277.41172214889,7334.424032390026,277623.6885675148,140.97295878290808,242.02703120410737
0.96875,0.78125,0.01,6.637739569500294,-8.732974671570016,-35.69675503625327,0.0,105238.3287160641,7334.036597638599,277624.96328600956,140.9205756505361,241.98206048033967
0.96875,0.78125,0.03,6.637739569500294,-8.739362617686146,-35.701206583233564,0.0,105277.41172214889,7334.424032390026,277623.6885675148,140.97295878290808,242.02703120410737
0.96875,0.84375,-0.01,8.691236610344559,-15.263235983323925,-34.94761912652994,0.0,74476.53457344882,6995.100238763522,256294.66641501238,99.3926999269555,203.22316470729547
0.96875,0.84375,0.01,8.691236610344559,-15.256994353674944,-34.94310782300539,0.0,74449.36529939409,6994.719769583614,256295.7615699214,99.35642448635438,203.1860760548566
0.96875,0.84375,0.03,8.691236610344559,-15.263235983323925,-34.94761912652994,0.0,74476.53457344882,6995.100238763522,256294.66641501238,99.3926999269555,203.22316470729547
0.96875,0.90625,-0.01,10.927102656119867,-19.22135979900918,-32.862641553830926,0.0,54227.132521133746,6689.008181341922,233767.152224448,72.10569485165021,173.09349590541436
0.96875,0.90625,0.01,10.927102656119867,-19.21627196274192,-32.85760053351402,0.0,54208.05062054024,6688.641222928361,233768.34612447102,72.08033303242212,173.0630520406711
0.96875,0.90625,0.03,10.927102656119867,-19.22135979900918,-32.862641553830926,0.0,54227.132521133746,6689.008181341922,233767.152224448,72.10569485165021,173.09349590541436
0.96875,0.9687500000000001,-0.01,13.788391769528808,-18.5169593433029,-25.829383819585644,0.0,41129.239798978306,6415.657987381123,223978.04681124692,54.749625839714,150.8295877104952
0.96875,0.9687500000000001,0.01,13.788391769528808,-18.513476601413714,-25.824966543745777,0.0,41114.94431100452,6415.295390272506,223979.21752383,54.730600343094565,150.8033787902733
0.96875,0.9687500000000001,0.03,13.788391769528808,-18.5169593433029,-25.829383819585644,0.0,41129.239798978306,6415.657987381123,223978.04681124692,54.749625839714,150.8295877104952
0.96875,1.03125,-0.01,21.77473349205806,6.7911580382005745,9.473014672443435,0.0,39385.17807076684,6255.787173076074,342318.72757335374,52.98820640636759,148.38348805030114
0.96875,1.03125,0.01,29.76107521458731,18.516959343302965,25.829383819585736,0.0,38577.1163338718,6139.176758470385,453048.31725734036,51.310106344961305,146.0149834382017
0.96875,1.03125,0.03,21.77473349205806,6.7911580382005745,9.473014672443435,0.0,39385.17807076684,6255.787173076074,342318.72757335374,52.98820640636759,148.38348805030114
1.03125,-0.03125,-0.01,1.6327258843452215,152.62288787294102,-2.719934382992734e-16,0.0,542572.8162756136,8955.931157510924,346741.4274903945,715.5336163399936,545.269225485534
1.03125,-0.03125,0.01,1.6327258843452215,152.62288787294105,2.981998067087413,0.0,542572.8162756136,8955.92494372201,346738.5237585662,715.5276242156864,545.26694234485
1.03125,-0.03125,0.03,1.6327258843452215,152.62288787294102,-2.719934382992734e-16,0.0,542572.8162756136,8955.931157510924,346741.4274903945,715.5336163399936,545.269225485534
1.03125,0.03125,-0.01,1.6327258843452215,152.62288787294102,-2.981998067087413,0.0,542572.8162756136,8955.92494372201,346738.5237585662,715.5276242156864,545.26694234485
1.03125,0.03125,0.01,1.6327258843452215,152.63849780482164,-2.9816496596370445,0.0,542574.7788640457,8955.923344224291,346739.4347951889,715.5270596235079,545.2667272214214
1.03125,0.03125,0.03,1.6327258843452215,152.62288787294102,-2.981998067087413,0.0,542572.8162756136,8955.92494372201,346738.5237585662,715.5276242156864,545.26694234485
1.03125,0.09375000000000001,-0.01,1.6348960874895024,152.79892689777435,-8.89586435164229,0.0,541684.6971168672,8954.202243598136,346577.3690878429,714.2471332682344,544.7788255940358
1.03125,0.09375000000000001,0.01,1.6348960874895024,152.81445474778397,-8.894861774060765,0.0,541685.545752922,8954.198511771476,346578.25872336066,714.2450912129389,544.778046823475
1.03125,0.09375000000000001,0.03,1.6348960874895024,152.79892689777435,-8.89586435164229,0.0,541684.6971168672,8954.202243598136,346577.3690878429,714.2471332682344,544.7788255940358
1.03125,0.15625,-0.01,1.6427708096004012,152.79946455339336,-14.889482743957577,0.0,538770.2826333375,8948.586031177125,346282.3268560536,710.223175338604,543.2420582177863
1.03125,0.15625,0.01,1.6427708096004012,152.8143977740308,-14.887815131426576,0.0,538767.2896927756,8948.574957939712,346283.17191561963,710.2160998511614,543.2393522289734
1.03125,0.15625,0.03,1.6427708096004012,152.79946455339336,-14.889482743957577,0.0,538770.2826333375,8948.586031177125,346282.3268560536,710.223175338604,543.2420582177863
1.03125,0.21875,-0.01,1.6648671863318802,151.85589857239304,-20.99650265486602,0.0,530992.5888429488,8933.641852427107,345777.2334042663,699.7871365437551,539.2360809299217
1.03125,0.21875,0.01,1.6648671863318802,151.86892736133905,-20.9941342958869,0.0,530980.019798008,8933.612215966712,345777.9690295629,699.7675975898237,539.228552796051
1.03125,0.21875,0.03,1.6648671863318802,151.85589857239304,-20.99650265486602,0.0,530992.5888429488,8933.641852427107,345777.2334042663,699.7871365437551,539.2360809299217
1.03125,0.28125,-0.01,1.716549080561218,148.63324067703115,-27.161047352108312,0.0,513836.18548981746,8900.14413789485,344949.95482789626,677.1177953182041,530.430001329695
1.03125,0.28125,0.01,1.716549080561218,148.64224674885037,-27.15779314235628,0.0,513805.58104641264,8900.077780563224,344950.52765821724,677.0748644514257,530.4131858059869
1.03125,0.28125,0.03,1.716549080561218,148.63324067703115,-27.161047352108312,0.0,513836.18548981746,8900.14413789485,344949.95482789626,677.1177953182041,530.430001329695
1.03125,0.34375,-0.01,1.8196701004026845,141.41269603476587,-33.14028090892334,0.0,482775.1429636804,8836.856539327231,343678.3653129268,636.4248363266961,514.2443465809505
1.03125,0.34375,0.01,1.8196701004026845,141.41556278333564,-33.135793916397205,0.0,482720.0410684355,8836.734367832034,343678.81360008655,636.3502290438499,514.2142035886412
1.03125,0.34375,0.03,1.8196701004026845,141.41269603476587,-33.14028090892334,0.0,482775.1429636804,8836.856539327231,343678.3653129268,636.4248363266961,514.2443465809505
1.03125,0.40625000000000006,-0.01,1.9977406844327932,128.68534323187788,-38.45666967521929,0.0,436896.9916979649,8735.98655303597,341853.9442105129,576.6544140099154,489.5012176791801
1.03125,0.40625000000000006,0.01,1.9977406844327932,128.68146725494518,-38.45059205645527,0.0,436820.0180022491,8735.800997552344,341854.4518986351,576.5516630459033,489.45760493513
1.03125,0.40625000000000006,0.03,1.9977406844327932,128.68534323187788,-38.45666967521929,0.0,436896.9916979649,8735.98655303597,341853.9442105129,576.6544140099154,489.5012176791801
1.03125,0.46875,-0.01,2.263076672897798,109.58733864172468,-42.26646830346893,0.0,381989.3801985421,8601.289652939764,339467.70712059777,505.51409788656315,458.3134494577098
1.03125,0.46875,0.01,2.263076672897798,109.57830269617679,-42.25871313017007,0.0,381904.3609804559,8601.057104878075,339468.52493794553,505.4012929270341,458.2623105133579
1.03125,0.46875,0.03,2.263076672897798,109.58733864172468,-42.26646830346893,0.0,381989.3801985421,8601.289652939764,339467.70712059777,505.51409788656315,458.3134494577098
1.03125,0.53125,-0.01,2.582848285290865,84.89606403908046,-43.7370755951759,0.0,330313.11264465057,8457.423918783512,336465.21085706237,439.02018316600754,427.1084950093354
1.03125,0.53125,0.01,2.582848285290865,84.88487434894289,-43.7278761684899,0.0,330232.8198447453,8457.170884078727,336466.64947706525,438.9137942331858,427.0567407028876
1.03125,0.53125,0.03,2.582848285290865,84.89606403908046,-43.7370755951759,0.0,330313.11264465057,8457.423918783512,336465.21085706237,439.02018316600754,427.1084950093354
1.03125,0.59375,-0.01,2.9326241977984826,57.31024211108945,-42.763067609487805,0.0,285883.710396798,8316.195418410829,332271.35888046626,381.8425047111796,398.3254919755819
1.03125,0.59375,0.01,2.9326241977984826,57.30098382128208,-42.753437956919306,0.0,285811.6739146687,8315.932889799522,332273.411889591,381.74669044832496,398.2755137026227
1.03125,0.59375,0.03,2.9326241977984826,57.31024211108945,-42.763067609487805,0.0,285883.710396798,8316.195418410829,332271.35888046626,381.8425047111796,398.3254919755819
1.03125,0.65625,-0.01,3.475021251218772,30.457412743644497,-39.91448184957198,0.0,235484.91777866965,8124.618351484563,325479.6380352895,315.6664526313899,362.16808859615884
1.03125,0.65625,0.01,3.475021251218772,30.453859922774818,-39.906202965663255,0.0,235418.1199740647,8124.322015681669,325481.81710193143,315.57701976334,362.11678123509137
1.03125,0.65625,0.03,3.475021251218772,30.457412743644497,-39.91448184957198,0.0,235484.91777866965,8124.618351484563,325479.6380352895,315.6664526313899,362.16808859615884
1.03125,0.71875,-0.01,4.458438976700992,9.625327397315894,-37.42977891191778,0.0,176840.97429136743,7839.0054489151125,313937.2499533797,237.32366125730067,314.0266353760992
1.03125,0.71875,0.01,4.458438976700992,9.628120155574157,-37.42387367364297,0.0,176783.04928826005,7838.663116131986,313939.06480493373,237.24585684504652,313.9751557627669
1.03125,0.71875,0.03,4.458438976700992,9.625327397315894,-37.42977891191778,0.0,176840.97429136743,7839.0054489151125,313937.2499533797,237.32366125730067,314.0266353760992
1.03125,0.78125,-0.01,5.983493700427991,-3.487379359401667,-36.53201561693165,0.0,124450.94153126677,7490.114117996131,296141.85005630204,166.81612741421924,263.278250645883
1.03125,0.78125,0.01,5.983493700427991,-3.4813701429749666,-36.52752920669192,0.0,124406.59188516097,7489.742034893021,296143.2118924153,166.75660609319658,263.23127656842956
1.03125,0.78125,0.03,5.983493700427991,-3.487379359401667,-36.53201561693165,0.0,124450.94153126677,7490.114117996131,296141.85005630204,166.81612741421924,263.278250645883
1.03125,0.84375,-0.01,7.794067801890637,-11.502957335183853,-35.968518225097725,0.0,88373.57445512991,7155.650617013313,273195.4564963359,118.14090066003742,221.5624224507819
1.03125,0.84375,0.01,7.794067801890637,-11.496981847030506,-35.964025678453,0.0,88342.4669326186,7155.283364744606,273196.6390962003,118.09928715003083,221.52339785354687
1.03125,0.84375,0.03,7.794067801890637,-11.502957335183853,-35.968518225097725,0.0,88373.57445512991,7155.650617013313,273195.4564963359,118.14090066003742,221.5624224507819
1.03125,0.90625,-0.01,9.725574378633809,-17.00859575285176,-33.94530068189388,0.0,64753.768825015395,6856.8939204466715,249017.27927398917,86.29781797989396,189.3633262461492
1.03125,0.90625,0.01,9.725574378633809,-17.003788041255937,-33.9402545428471,0.0,64731.79413575516,6856.5400114404,249018.50532832163,86.26854352110854,189.33120504526192
1.03125,0.90625,0.03,9.725574378633809,-17.00859575285176,-33.94530068189388,0.0,64753.768825015395,6856.8939204466715,249017.27927398917,86.29781797989396,189.3633262461492
1.03125,0.9687499999999999,-0.01,12.08667207208527,-18.346293074184967,-27.046666463768776,0.0,49482.46838228701,6593.060462339546,236568.88989444546,65.96821302439875,165.5630148188241
1.03125,0.9687499999999999,0.01,12.08667207208527,-18.342926149685017,-27.042186407363253,0.0,49465.878475630685,6592.710754714207,236570.04937607818,65.94610118991775,165.53526502360344
1.03125,0.9687499999999999,0.03,12.08667207208527,-18.346293074184967,-27.046666463768776,0.0,49482.46838228701,6593.060462339546,236568.88989444546,65.96821302439875,165.5630148188241
1.03125,1.03125,-0.01,18.416845535968246,6.305615994722316,9.295931988453557,0.0,47357.316651503934,6442.558053464727,348276.8238126938,63.73885320646967,162.74141539372292
1.03125,1.03125,0.01,24.747018999851225,18.346293074184903,27.046666463768673,0.0,46319.333521528264,6330.815541227798,453048.3172573404,61.70522803685328,160.12419040817434
1.03125,1.03125,0.03,18.416845535968246,6.305615994722316,9.295931988453557,0.0,47357.316651503934,6442.558053464727,348276.8238126938,63.73885320646967,162.74141539372292
1.09375,-0.03125,-0.01,1.747426702915401,158.82025007811333,-2.541398974255419e-16,0.0,542744.2811103296,8934.6705709825,370545.603704979,714.4640770793695,544.861554257611
1.09375,-0.03125,0.01,1.747426702915401,158.82025007811333,2.95336538993282,0.0,542744.2811103296,8934.664466824654,370542.55537674366,714.4581994734891,544.8593130756087
1.09375,-0.03125,0.03,1.747426702915401,158.82025007811333,-2.541398974255419e-16,0.0,542744.2811103296,8934.6705709825,370545.603704979,714.4640770793695,544.861554257611
1.09375,0.03125,-0.01,1.7474267029154011,158.82025007811336,-2.9533653899328205,0.0,542744.2811103296,8934.664466824654,370542.5553767437,714.4581994734891,544.8593130756087
1.09375,0.03125,0.01,1.7474267029154011,158.8353509990839,-2.9530023741289293,0.0,542746.0308558082,8934.662468850009,370543.46541488735,714.4573266587548,544.8589802630088
1.09375,0.03125,0.03,1.7474267029154011,158.82025007811336,-2.9533653899328205,0.0,542744.2811103296,8934.664466824654,370542.5553767437,714.4581994734891,544.8593130756087
1.09375,0.09375,-0.01,1.7489745333069984,159.02227253258079,-8.814898003776122,0.0,542086.8048352458,8933.387961358692,370363.6909133906,713.482361241407,544.4870896017916
1.09375,0.09375,0.01,1.7489745333069984,159.0373223091059,-8.813846075963898,0.0,542087.7496234062,8933.384426998246,370364.57707572443,713.4804214803983,544.4863494464623
1.09375,0.09375,0.03,1.7489745333069984,159.02227253258079,-8.814898003776122,0.0,542086.8048352458,8933.387961358692,370363.6909133906,713.482361241407,544.4870896017916
1.09375,0.15625,-0.01,1.7548225997620333,159.14243530076916,-14.771924092524367,0.0,539953.3476094771,8929.276713567351,370039.91355103086,710.4866379811988,543.3428087441184
1.09375,0.15625,0.01,1.7548225997620333,159.15702725553376,-14.770176404051066,0.0,539951.4253719323,8929.267728218312,370040.7518704837,710.4809523639076,543.3406347092503
1.09375,0.15625,0.03,1.7548225997620333,159.14243530076916,-14.771924092524367,0.0,539953.3476094771,8929.276713567351,370039.91355103086,710.4866379811988,543.3428087441184
1.09375,0.21875,-0.01,1.771650456872156,158.53528316224913,-20.87561303585854,0.0,534198.4309883857,8918.285978792876,369496.5081098992,702.7140395888232,540.362598381816
1.09375,0.21875,0.01,1.771650456872156,158.54828785473592,-20.873145435892255,0.0,534189.1936263223,8918.262981975193,369497.24035434,702.6988810448707,540.3567701544644
1.09375,0.21875,0.03,1.771650456872156,158.53528316224913,-20.87561303585854,0.0,534198.4309883857,8918.285978792876,369496.5081098992,702.7140395888232,540.362598381816
1.09375,0.28125,-0.01,1.81188512237663,156.01731064487205,-27.111728680287584,0.0,521180.3109610278,8893.227936523228,368621.6407519853,685.5014655452583,533.7036340173877
1.09375,0.28125,0.01,1.81188512237663,156.0267987908143,-27.10842003877983,0.0,521156.5832891252,8893.17617956826,368622.2077203576,685.4676133425485,533.690455878776
1.09375,0.28125,0.03,1.81188512237663,156.01731064487205,-27.111728680287584,0.0,521180.3109610278,8893.227936523228,368621.6407519853,685.5014655452583,533.7036340173877
1.09375,0.34375,-0.01,1.894076552405841,149.93641494408826,-33.285778386151954,0.0,496636.84286508226,8844.51677635011,367296.518774466,653.4264246368641,521.0678918961614
1.09375,0.34375,0.01,1.894076552405841,149.94020979015247,-33.28131650429444,0.0,496591.7433244999,8844.418880898811,367296.9665796425,653.3650768927397,521.0434307718227
1.09375,0.34375,0.03,1.894076552405841,149.93641494408826,-33.285778386151954,0.0,496636.84286508226,8844.51677635011,367296.518774466,653.4264246368641,521.0678918961614
1.09375,0.40625,-0.01,2.0396798938097325,138.5942174769109,-38.92433064810562,0.0,458316.1434068043,8763.83491798147,365419.1690267848,603.7121470210027,500.8537424539893
1.09375,0.40625,0.01,2.0396798938097325,138.5912729205207,-38.91833685757054,0.0,458249.6237265603,8763.681708176287,365419.69563147496,603.6233622504251,500.8169121368573
1.09375,0.40625,0.03,2.0396798938097325,138.5942174769109,-38.92433064810562,0.0,458316.1434068043,8763.83491798147,365419.1690267848,603.7121470210027,500.8537424539893
1.09375,0.46875,-0.01,2.2679786841044645,120.57327930286422,-43.087909958303214,0.0,408326.5810824676,8648.584740209924,362923.34096266114,539.2578696081628,473.3628945952395
1.09375,0.46875,0.01,2.2679786841044645,120.56457857837103,-43.080146887669635,0.0,408248.39626326115,8648.384587947125,362924.2514201589,539.1543637890018,473.31746348682935
1.09375,0.46875,0.03,2.2679786841044645,120.57327930286422,-43.087909958303214,0.0,408326.5810824676,8648.584740209924,362923.34096266114,539.2578696081628,473.3628945952395
1.09375,0.53125,-0.01,2.549608532025669,96.15829831779334,-44.858795191233,0.0,358384.8162954149,8520.350122049607,359676.1971681006,475.41165953466765,444.45815637677873
1.09375,0.53125,0.01,2.549608532025669,96.14655647330612,-44.84934428635012,0.0,358307.1900342637,8520.12480232077,359677.7405199253,475.30913481397374,444.4102290653337
1.09375,0.53125,0.03,2.549608532025669,96.15829831779334,-44.858795191233,0.0,358384.8162954149,8520.350122049607,359676.1971681006,475.41165953466765,444.45815637677873
1.09375,0.59375,-0.01,2.8489167197102447,67.81777987474594,-44.02336131316646,0.0,314975.4536192827,8395.615168512611,355127.91222547845,420.09002670493,417.798764833541
1.09375,0.59375,0.01,2.8489167197102447,67.80735889077108,-44.013286524289796,0.0,314903.506151405,8395.377450352673,355130.00719003443,419.99461252857054,417.7513152557053
1.09375,0.59375,0.03,2.8489167197102447,67.81777987474594,-44.02336131316646,0.0,314975.4536192827,8395.615168512611,355127.91222547845,420.09002670493,417.798764833541
1.09375,0.65625,-0.01,3.3133504250967207,39.267699943038025,-41.099587342063465,0.0,264077.1044023314,8223.208907472928,347758.0974960397,353.7217523356862,383.377702182227
1.09375,0.65625,0.01,3.3133504250967207,39.26299895356363,-41.090862668657415,0.0,264008.2725391645,8222.93669752956,347760.3165577923,353.6297190004359,383.3278242432463
1.09375,0.65625,0.03,3.3133504250967207,39.267699943038025,-41.099587342063465,0.0,264077.1044023314,8223.208907472928,347758.0974960397,353.7217523356862,383.377702182227
1.09375,0.71875,-0.01,4.157901150765499,16.527557532821618,-38.51177327423846,0.0,202521.31904404119,7960.240484357289,335258.5359997364,271.75628116533363,336.03596526238
1.09375,0.71875,0.01,4.157901150765499,16.529636749818728,-38.50550428037865,0.0,202458.26325635606,7959.915003621914,335260.404296459,271.6715793542754,335.98359283347236
1.09375,0.71875,0.03,4.157901150765499,16.527557532821618,-38.51177327423846,0.0,202521.31904404119,7960.240484357289,335258.5359997364,271.75628116533363,336.03596526238
1.09375,0.78125,-0.01,5.488575820337429,1.9533156818189656,-37.68293177411047,0.0,144711.12058682714,7628.014550320495,316031.01661649084,194.0690177792514,283.9710518127412
1.09375,0.78125,0.01,5.488575820337429,1.9589889455439142,-37.67822921700491,0.0,144661.86915789935,7627.659025019861,316032.47205318627,194.00286504122687,283.92264876534693
1.09375,0.78125,0.03,5.488575820337429,1.9533156818189656,-37.68293177411047,0.0,144711.12058682714,7628.014550320495,316031.01661649084,194.0690177792514,283.9710518127412
1.09375,0.84375,-0.01,7.050601789861187,-7.116754136830569,-37.412862827390036,0.0,104037.46974565284,7307.299661546869,291265.65985522367,139.2348847688143,240.53041246199558
1.09375,0.84375,0.01,7.050601789861187,-7.111083894890344,-37.408198774889264,0.0,104002.30271614112,7306.946857357756,291266.93756196724,139.18777936828866,240.4897213668628
1.09375,0.84375,0.03,7.050601789861187,-7.116754136830569,-37.412862827390036,0.0,104037.46974565284,7307.299661546869,291265.65985522367,139.2348847688143,240.53041246199558
1.09375,0.90625,-0.01,8.663127865479659,-13.757117016422498,-35.67868618406455,0.0,77274.47941108186,7023.6413417727945,265154.30856908363,103.15817513863827,207.03691683757023
1.09375,0.90625,0.01,8.663127865479659,-13.752717576887443,-35.67348100177945,0.0,77249.30016820984,7023.301479305981,265155.58739623084,103.12457267445127,207.00319426928658
1.09375,0.90625,0.03,8.663127865479659,-13.757117016422498,-35.67868618406455,0.0,77274.47941108186,7023.6413417727945,265154.30856908363,103.15817513863827,207.03691683757023
1.09375,0.96875,-0.01,10.530650804480757,-17.026920390119777,-29.11384998921892,0.0,59882.60656017677,6776.479563022491,249763.76776656968,79.93779032425019,182.25188787919987
1.09375,0.96875,0.01,10.530650804480757,-17.02384837951602,-29.109189320799622,0.0,59863.33275882736,6776.1438519750845,249764.9420942911,79.91206819480578,182.22256330187463
1.09375,0.96875,0.03,10.530650804480757,-17.026920390119777,-29.11384998921892,0.0,59882.60656017677,6776.479563022491,249763.76776656968,79.93779032425019,182.25188787919987
1.09375,1.03125,-0.01,15.43044763836451,5.406503414502286,9.244427399058988,0.0,57522.39998564549,6639.596551040452,354561.5308677756,77.44616593947671,179.38904891651376
1.09375,1.03125,0.01,20.330244472248264,17.026920390119777,29.11384998921892,0.0,56299.82313854842,6535.0175921690725,453048.31725734024,75.1092412384977,176.6618009628017
1.09375,1.03125,0.03,15.43044763836451,5.406503414502286,9.244427399058988,0.0,57522.39998564549,6639.596551040452,354561.5308677756,77.44616593947671,179.38904891651376
1.15625,-0.03125,-0.01,1.8598738180747811,163.8879751925794,0.0,0.0,543259.315222314,8915.737202492382,394164.9196609228,714.0561738759462,544.7059953488057
1.15625,-0.03125,0.01,1.8598738180747814,163.8879751925794,2.9222839241514893,0.0,543259.315222314,8915.731222726326,394161.74310497893,714.050419331921,544.703800464803
1.15625,-0.03125,0.03,1.8598738180747811,163.8879751925794,0.0,0.0,543259.315222314,8915.737202492382,394164.9196609228,714.0561738759462,544.7059953488057
1.15625,0.03125,-0.01,1.8598738180747811,163.8879751925794,-2.9222839241514893,0.0,543259.315222314,8915.731222726326,394161.74310497893,714.050419331921,544.703800464803
1.15625,0.03125,0.01,1.8598738180747811,163.9024614506329,-2.921912192005921,0.0,543260.751588465,8915.728690188911,394162.66722109483,714.0491568305225,544.7033189234473
1.15625,0.03125,0.03,1.8598738180747811,163.8879751925794,-2.9222839241514893,0.0,543259.315222314,8915.731222726326,394161.74310497893,714.050419331921,544.703800464803
1.15625,0.09375,-0.01,1.8609584544660474,164.12481690786709,-8.721405716791308,0.0,542750.57335434,8914.743905583888,393958.44069082785,713.2669327937749,544.4048823389347
1.15625,0.09375,0.01,1.8609584544660474,164.13927846364996,-8.7203235539459,0.0,542751.3932532385,8914.740199439844,393959.33672191127,713.2648515694228,544.4040880854282
1.15625,0.09375,0.03,1.8609584544660474,164.12481690786709,-8.721405716791308,0.0,542750.57335434,8914.743905583888,393958.44069082785,713.2669327937749,544.4048823389347
1.15625,0.15625,-0.01,1.8652889926819463,164.36276923771837,-14.615206147217231,0.0,541140.5546699488,8911.64277982711,393592.00170867896,710.9517420334771,543.5206232055509
1.15625,0.15625,0.01,1.8652889926819463,164.3768802895244,-14.613411596704722,0.0,541139.264174242,8911.635085921798,393592.84629996156,710.946912248162,543.5187770237163
1.15625,0.15625,0.03,1.8652889926819463,164.36276923771837,-14.615206147217231,0.0,541140.5546699488,8911.64277982711,393592.00170867896,710.9517420334771,543.5206232055509
1.15625,0.21875,-0.01,1.8781773171742508,164.0560323323938,-20.659653571450765,0.0,536778.3697394379,8903.36103311569,392988.2611115642,704.9969922159945,541.2396421231449
1.15625,0.21875,0.01,1.8781773171742508,164.06883083404776,-20.657141967768208,0.0,536771.5559157373,8903.342876901463,392989.0003555535,704.9850492358129,541.2350576768516
1.15625,0.21875,0.03,1.8781773171742508,164.0560323323938,-20.659653571450765,0.0,536778.3697394379,8903.36103311569,392988.2611115642,704.9969922159945,541.2396421231449
1.15625,0.28125,-0.01,1.9099896763160726,162.1421826235349,-26.859308065804605,0.0,526667.0972768166,8884.137919493529,392037.48246341984,691.5921056185548,536.0693534670883
1.15625,0.28125,0.01,1.9099896763160726,162.1519111780355,-26.856013479410365,0.0,526648.8403522068,8884.09750905262,392038.0607006034,691.5654938987316,536.059039682012
1.15625,0.28125,0.03,1.9099896763160726,162.1421826235349,-26.859308065804605,0.0,526667.0972768166,8884.137919493529,392037.48246341984,691.5921056185548,536.0693534670883
1.15625,0.34375,-0.01,1.9774873476740957,157.0102666576004,-33.05289917947501,0.0,506743.38615004806,8845.410593596625,390619.80138818437,665.5943762264396,525.8971146618036
1.15625,0.34375,0.01,1.9774873476740957,157.01475618601384,-33.048578971216756,0.0,506707.01076963334,8845.332544203202,390620.26565601863,665.5445952204152,525.8774478963581
1.15625,0.34375,0.03,1.9774873476740957,157.0102666576004,-33.05289917947501,0.0,506743.38615004806,8845.410593596625,390619.80138818437,665.5943762264396,525.8971146618036
1.15625,0.40624999999999994,-0.01,2.1029999993946715,146.74624613327012,-38.755432814668424,0.0,473580.27959997667,8777.761306805241,388638.80073347903,622.7251447931903,508.6794198357807
1.15625,0.40624999999999994,0.01,2.1029999993946715,146.74405021908152,-38.74969319711595,0.0,473523.57377116487,8777.634611585907,388639.3598324593,622.6494558926944,508.648505269142
1.15625,0.40624999999999994,0.03,2.1029999993946715,146.74624613327012,-38.755432814668424,0.0,473580.27959997667,8777.761306805241,388638.80073347903,622.7251447931903,508.6794198357807
1.15625,0.46875,-0.01,2.3056676529481783,129.57197308371133,-43.04860379145035,0.0,427906.45395002404,8677.14524645913,385981.5001088804,564.1312866596014,484.15682607270713
1.15625,0.46875,0.01,2.3056676529481783,129.5634194834014,-43.04101536627496,0.0,427834.4788263794,8676.969416576429,385982.48335605755,564.0362189897351,484.11602918578797
1.15625,0.46875,0.03,2.3056676529481783,129.57197308371133,-43.04860379145035,0.0,427906.45395002404,8677.14524645913,385981.5001088804,564.1312866596014,484.15682607270713
1.15625,0.53125,-0.01,2.5543640764961757,105.4139712399895,-45.05952092410309,0.0,380970.92636912264,8563.976929859422,382464.05190106353,504.58179715616575,457.890629249311
1.15625,0.53125,0.01,2.5543640764961757,105.40157142522506,-45.050068733560884,0.0,380895.21384592965,8563.770397671788,382465.6625673532,504.4820941644567,457.84538849617684
1.15625,0.53125,0.03,2.5543640764961757,105.4139712399895,-45.05952092410309,0.0,380970.92636912264,8563.976929859422,382464.05190106353,504.58179715616575,457.890629249311
1.15625,0.59375,-0.01,2.822432175914309,76.38972888823461,-44.43145473899438,0.0,338376.0151395031,8450.683908407913,377527.76859391393,450.76986888757733,432.7862011665415
1.15625,0.59375,0.01,2.822432175914309,76.37836695709903,-44.42136119399861,0.0,338304.6637178254,8450.464701982928,377529.8911789072,450.6754819179849,432.74088811500246
1.15625,0.59375,0.03,2.822432175914309,76.38972888823461,-44.43145473899438,0.0,338376.0151395031,8450.683908407913,377527.76859391393,450.76986888757733,432.7862011665415
1.15625,0.65625,-0.01,3.246062971193288,46.39399618386038,-41.65329742749915,0.0,286608.34873230156,8289.549287238171,369523.2718006736,383.6450791078916,399.2645780317998
1.15625,0.65625,0.01,3.246062971193288,46.388430044399435,-41.64443411520814,0.0,286538.2066484343,8289.293800693133,369525.49047907704,383.5513935054638,399.21582512394264
1.15625,0.65625,0.03,3.246062971193288,46.39399618386038,-41.65329742749915,0.0,286608.34873230156,8289.549287238171,369523.2718006736,383.6450791078916,399.2645780317998
1.15625,0.71875,-0.01,3.99726178071048,22.220678636536597,-39.240655962218646,0.0,223751.45706388875,8045.744865414898,356024.6876018682,300.18148685199725,353.1733447143795
1.15625,0.71875,0.01,3.99726178071048,22.222307847875545,-39.23413081936595,0.0,223685.6051392644,8045.437158786746,356026.5631785288,300.09303388901066,353.1213069775905
1.15625,0.71875,0.03,3.99726178071048,22.220678636536597,-39.240655962218646,0.0,223751.45706388875,8045.744865414898,356024.6876018682,300.18148685199725,353.1733447143795
1.15625,0.78125,-0.01,5.1271840210809945,6.731816593348722,-38.70302075707087,0.0,164354.46002024986,7742.837503614125,335379.1007997141,220.46204775615288,302.6654755396404
1.15625,0.78125,0.01,5.1271840210809945,6.737315948342756,-38.69803813227437,0.0,164302.07488415082,7742.504440973426,335380.6124114303,220.39165780783478,302.6171535989186
1.15625,0.78125,0.03,5.1271840210809945,6.731816593348722,-38.70302075707087,0.0,164354.46002024986,7742.837503614125,335379.1007997141,220.46204775615288,302.6654755396404
1.15625,0.84375,-0.01,6.454382902115076,-2.8893129897472596,-38.78993022176363,0.0,120398.80854307489,7442.407211723255,308785.6640765356,161.24299883422353,258.8429849843271
1.15625,0.84375,0.01,6.454382902115076,-2.8839027287969166,-38.78497252760437,0.0,120359.90226379313,7442.06988268645,308786.9898253163,161.19084470260782,258.8011201498703
1.15625,0.84375,0.03,6.454382902115076,-2.8893129897472596,-38.78993022176363,0.0,120398.80854307489,7442.407211723255,308785.6640765356,161.24299883422353,258.8429849843271
1.15625,0.90625,-0.01,7.761982977644431,-10.102465498226932,-37.53463536834509,0.0,91184.80953065307,7179.936893183493,280675.6937582273,121.87244636113786,225.03430607794007
1.15625,0.90625,0.01,7.761982977644431,-10.098512176049647,-37.52920640285217,0.0,91156.3982286391,7179.611897094886,280676.99168657325,121.83448461986553,224.9992556637611
1.15625,0.90625,0.03,7.761982977644431,-10.102465498226932,-37.53463536834509,0.0,91184.80953065307,7179.936893183493,280675.6937582273,121.87244636113786,225.03430607794007
1.15625,0.96875,-0.01,9.192199561198018,-14.770335428914532,-31.637532283274467,0.0,71970.9390961843,6954.027170220567,262305.3769080459,96.17438135762174,199.9059252291412
1.15625,0.96875,0.01,9.192199561198018,-14.767685610942584,-31.632652897872617,0.0,71948.79322610296,6953.70624391058,262306.54244960006,96.14479594645887,199.87517507602738
1.15625,0.96875,0.03,9.192199561198018,-14.770335428914532,-31.637532283274467,0.0,71970.9390961843,6954.027170220567,262305.3769080459,96.17438135762174,199.9059252291412
1.15625,1.03125,-0.01,12.967270107702223,4.299831712964727,9.210086344096398,0.0,69589.70207581275,6832.705393930052,360569.63123957155,93.71704171725062,197.33551422476384
1.15625,1.03125,0.01,16.74234065420643,14.77033542891453,31.637532283274467,0.0,68282.28033771987,6736.696204626936,453048.31725734036,91.20314313866699,194.67082482225968
1.15625,1.03125,0.03,12.967270107702223,4.299831712964727,9.210086344096398,0.0,69589.70207581275,6832.705393930052,360569.63123957155,93.71704171725062,197.33551422476384
1.21875,-0.03125,-0.01,1.9599080109813902,168.22132466677132,0.0,0.0,544027.7917338518,8900.25683772564,415403.36021499516,714.1220818026011,544.7311331570987
1.21875,-0.03125,0.01,1.9599080109813902,168.22132466677132,2.880428240149855,0.0,544027.7917338518,8900.251028565317,415400.10801112535,714.1164909219766,544.7290007957165
1.21875,-0.03125,0.03,1.9599080109813902,168.22132466677132,0.0,0.0,544027.7917338518,8900.25683772564,415403.36021499516,714.1220818026011,544.7311331570987
1.21875,0.03125,-0.01,1.9599080109813902,168.22132466677132,-2.880428240149855,0.0,544027.7917338518,8900.251028565317,415400.10801112535,714.1164909219766,544.7290007957165
1.21875,0.03125,0.01,1.9599080109813902,168.23510483845953,-2.8800527456905325,0.0,544028.8198794757,8900.247828177722,415401.050461287,714.1147537433461,544.7283382342387
1.21875,0.03125,0.03,1.9599080109813902,168.22132466677132,-2.880428240149855,0.0,544027.7917338518,8900.251028565317,415400.10801112535,714.1164909219766,544.7290007957165
1.21875,0.09375,-0.01,1.960640675259676,168.491670975479,-8.590704348983031,0.0,543614.5863075627,8899.451810586066,415169.59995708836,713.4541302060675,544.4763173759031
1.21875,0.09375,0.01,1.960640675259676,168.50544964391477,-8.589607760822528,0.0,543615.1133313434,8899.44765742297,415170.5091964939,713.4517242193422,544.4753993043405
1.21875,0.09375,0.03,1.960640675259676,168.491670975479,-8.590704348983031,0.0,543614.5863075627,8899.451810586066,415169.59995708836,713.4541302060675,544.4763173759031
1.21875,0.15625,-0.01,1.9639407454412754,168.82899130817114,-14.379676449565883,0.0,542320.6573141785,8896.964318352042,414753.7981267194,711.5440102610701,543.7469697788483
1.21875,0.15625,0.01,1.9639407454412754,168.84250311900928,-14.37786225788511,0.0,542319.5315732027,8896.95705705203,414754.64932145906,711.5394537491951,543.7452287807826
1.21875,0.15625,0.03,1.9639407454412754,168.82899130817114,-14.379676449565883,0.0,542320.6573141785,8896.964318352042,414753.7981267194,711.5440102610701,543.7469697788483
1.21875,0.21875,-0.01,1.9742926369869345,168.75327550157994,-20.292886272755133,0.0,538793.1664110164,8890.305176243677,414080.19330313825,706.6690455500279,541.8810956353318
1.21875,0.21875,0.01,1.9742926369869345,168.7656814769025,-20.290363883248467,0.0,538787.6621659783,8890.289690352458,414080.93949797994,706.6588748120474,541.8771961080314
1.21875,0.21875,0.03,1.9742926369869345,168.75327550157994,-20.292886272755133,0.0,538793.1664110164,8890.305176243677,414080.19330313825,706.6690455500279,541.8810956353318
1.21875,0.28125,-0.01,2.0008270683504765,167.2820569655927,-26.332056456477424,0.0,530444.003700081,8874.590943050323,413041.52262656525,695.560204595886,537.605037377518
1.21875,0.28125,0.01,2.0008270683504765,167.29173370758375,-26.328793257198996,0.0,530429.0929722378,8874.557416871427,413042.1189959527,695.5380434118639,537.596473015307
1.21875,0.28125,0.03,2.0008270683504765,167.2820569655927,-26.332056456477424,0.0,530444.003700081,8874.590943050323,413041.52262656525,695.560204595886,537.605037377518
1.21875,0.34375,-0.01,2.059184019869372,162.8198315692107,-32.35244304683676,0.0,513420.4827404122,8842.011988440114,411515.4335093411,673.371959135781,528.9607891518045
1.21875,0.34375,0.01,2.059184019869372,162.82459006460738,-32.34824448414255,0.0,513389.56475518533,8841.946017872735,411515.93098952604,673.3294295548902,528.9440845388556
1.21875,0.34375,0.03,2.059184019869372,162.8198315692107,-32.35244304683676,0.0,513420.4827404122,8842.011988440114,411515.4335093411,673.371959135781,528.9607891518045
1.21875,0.40625,-0.01,2.1709301612389447,153.29903686267335,-37.90422133226765,0.0,483973.3154229842,8783.331908114282,409397.1391138184,635.4510149246221,513.8507621104391
1.21875,0.40625,0.01,2.1709301612389447,153.29710139169708,-37.898696217679266,0.0,483922.455657193,8783.220527039985,409397.7433045242,635.3831528600333,513.8233234064031
1.21875,0.40625,0.03,2.1709301612389447,153.29903686267335,-37.90422133226765,0.0,483973.3154229842,8783.331908114282,409397.1391138184,635.4510149246221,513.8507621104391
1.21875,0.46874999999999994,-0.01,2.351058802847944,136.691127280918,-42.172328861214,0.0,442606.73749641,8695.40485817308,406552.4451418559,582.7159739851168,492.06721239104695
1.21875,0.46874999999999994,0.01,2.351058802847944,136.68239444596946,-42.1650234610974,0.0,442538.88968595414,8695.244702699403,406553.4641725698,582.6265587715293,492.02945816357976
1.21875,0.46874999999999994,0.03,2.351058802847944,136.691127280918,-42.172328861214,0.0,442606.73749641,8695.40485817308,406552.4451418559,582.7159739851168,492.06721239104695
1.21875,0.53125,-0.01,2.571845725103958,112.5692270047976,-44.33046652994929,0.0,398921.2098962197,8595.28145657569,402781.7155173182,527.7664411463737,468.2921221045056
1.21875,0.53125,0.01,2.571845725103958,112.55624060638502,-44.321429437781056,0.0,398848.01555756823,8595.091043368362,402783.30934954376,527.6703064072005,468.2494695334101
1.21875,0.53125,0.03,2.571845725103958,112.5692270047976,-44.33046652994929,0.0,398921.2098962197,8595.28145657569,402781.7155173182,527.7664411463737,468.2921221045056
1.21875,0.59375,-0.01,2.82422378470407,82.69610591614662,-43.91268625107142,0.0,356299.5783001673,8488.21658812686,397475.3255330021,474.2804492269911,443.92906219665247
1.21875,0.59375,0.01,2.82422378470407,82.68393910488496,-43.90299148460882,0.0,356228.6558669648,8488.00988039838,397477.41750108614,474.18679601531767,443.8852300767449
1.21875,0.59375,0.03,2.82422378470407,82.69610591614662,-43.91268625107142,0.0,356299.5783001673,8488.21658812686,397475.3255330021,474.2804492269911,443.92906219665247
1.21875,0.65625,-0.01,3.226256646510027,51.44564142548895,-41.52395924755667,0.0,303571.71110029065,8333.71681495952,388846.41025643493,406.1809494523642,410.8239381005522
1.21875,0.65625,0.01,3.226256646510027,51.43943217091055,-41.51525700664058,0.0,303500.34823306825,8333.47152252532,388848.56011423015,406.0856905119564,410.7757613607796
1.21875,0.65625,0.03,3.226256646510027,51.44564142548895,-41.52395924755667,0.0,303571.71110029065,8333.71681495952,388846.41025643493,406.1809494523642,410.8239381005522
1.21875,0.71875,-0.01,3.904333627641874,26.28129712403277,-39.58658640360461,0.0,240931.52481076212,8107.5080081993665,374400.32706744695,323.1841275066795,366.45527511768125
1.21875,0.71875,0.01,3.904333627641874,26.282677365404524,-39.5798909391969,0.0,240863.65286030993,8107.213508988762,374402.1367364082,323.0929641673632,366.40358686948304
1.21875,0.71875,0.03,3.904333627641874,26.28129712403277,-39.58658640360461,0.0,240931.52481076212,8107.5080081993665,374400.32706744695,323.1841275066795,366.45527511768125
1.21875,0.78125,-0.01,4.86490489081181,10.340325061722961,-39.47425644491374,0.0,182013.96432290523,7834.235786331486,352462.06049357116,244.17977722476377,318.53034554408447
1.21875,0.78125,0.01,4.86490489081181,10.34574561030753,-39.46887248010498,0.0,181958.0153838927,7833.914613451597,352463.5312177478,244.10458518915183,318.4812980973865
1.21875,0.78125,0.03,4.86490489081181,10.340325061722961,-39.47425644491374,0.0,182013.96432290523,7834.235786331486,352462.06049357116,244.17977722476377,318.53034554408447
1.21875,0.84375,-0.01,5.97741729631599,0.6067395424163712,-39.93622759432388,0.0,136448.03178287554,7558.364335876649,324234.4579286908,182.81724606362062,275.6160773328647
1.21875,0.84375,0.01,5.97741729631599,0.6119710733043437,-39.9309367971948,0.0,136406.06232700933,7558.043288916565,324235.760667877,182.7609639029127,275.57364845162226
1.21875,0.84375,0.03,5.97741729631599,0.6067395424163712,-39.93622759432388,0.0,136448.03178287554,7558.364335876649,324234.4579286908,182.81724606362062,275.6160773328647
1.21875,0.90625,-0.01,7.013785437985838,-6.661953522127388,-39.202885013845794,0.0,105729.04630078934,7320.429236248855,294317.6665056153,141.42644527185905,242.41599893439968
1.21875,0.90625,0.01,7.013785437985838,-6.658410222832352,-39.197246997666916,0.0,105697.67604470334,7320.119821388997,294318.9081001385,141.38449696126347,242.38004492396686
1.21875,0.90625,0.03,7.013785437985838,-6.661953522127388,-39.202885013845794,0.0,105729.04630078934,7320.429236248855,294317.6665056153,141.42644527185905,242.41599893439968
1.21875,0.96875,-0.01,8.084352835237945,-12.000517724206487,-34.172074800399926,0.0,85187.92695355792,7117.814528370642,273273.63319431146,113.92460295505572,217.5728637029093
1.21875,0.96875,0.01,8.084352835237945,-11.998340424563722,-34.167024918334725,0.0,85162.97073914668,7117.50905665019,273274.7252107343,113.89123700375976,217.54100027305716
1.21875,0.96875,0.03,8.084352835237945,-12.000517724206487,-34.172074800399926,0.0,85187.92695355792,7117.814528370642,273273.63319431146,113.92460295505572,217.5728637029093
1.21875,1.03125,-0.01,11.021682993736377,3.198115568188368,9.106794134057482,0.0,83055.28030475248,7012.3351805818,365846.3175428042,111.87156264617069,215.60350579417036
1.21875,1.03125,0.01,13.95901315223481,12.000517724206487,34.17207480039994,0.0,81820.14204604713,6925.541533493058,453048.3172573404,109.38580927916516,213.19472665072817
1.21875,1.03125,0.03,11.021682993736377,3.198115568188368,9.106794134057482,0.0,83055.28030475248,7012.3351805818,365846.3175428042,111.87156264617069,215.60350579417036
1.28125,-0.03125,-0.01,2.0408342398351262,172.28877380570012,0.0,0.0,544941.509503553,8888.557898179171,432735.9772960862,714.4202139000229,544.8448286253046
1.28125,-0.03125,0.01,2.0408342398351262,172.28877380570012,2.822213507241949,0.0,544941.509503553,8888.552323785527,432732.72631007514,714.4148467240927,544.8427820122013
1.28125,-0.03125,0.03,2.0408342398351262,172.28877380570012,0.0,0.0,544941.509503553,8888.557898179171,432735.9772960862,714.4202139000229,544.8448286253046
1.28125,0.03125,-0.01,2.0408342398351262,172.28877380570012,-2.822213507241949,0.0,544941.509503553,8888.552323785527,432732.72631007514,714.4148467240927,544.8427820122013
1.28125,0.03125,0.01,2.0408342398351262,172.30176924621952,-2.8218392852359857,0.0,544942.0397722712,8888.54832119486,432733.68281822716,714.4125452036475,544.8419043933934
1.28125,0.03125,0.03,2.0408342398351262,172.28877380570012,-2.822213507241949,0.0,544941.509503553,8888.552323785527,432732.72631007514,714.4148467240927,544.8427820122013
1.28125,0.09375,-0.01,2.041295763848825,172.5822408454942,-8.407343000613347,0.0,544590.5247975385,8887.87916097117,432476.7654704653,713.8313587085543,544.6202403240064
1.28125,0.09375,0.01,2.041295763848825,172.59525625068787,-8.406247843545248,0.0,544590.6249969179,8887.874340419557,432477.6827954826,713.8284787808543,544.6191416972237
1.28125,0.09375,0.03,2.041295763848825,172.5822408454942,-8.407343000613347,0.0,544590.5247975385,8887.87916097117,432476.7654704653,713.8313587085543,544.6202403240064
1.28125,0.15625,-0.01,2.043862652273138,172.98507006909387,-14.044287072390553,0.0,543493.829199931,8885.782380215845,432014.33280708396,712.1742465860382,543.9877231532257
1.28125,0.15625,0.01,2.043862652273138,172.99788807933058,-14.04247894936555,0.0,543492.5422040053,8885.774957158214,432015.1828022669,712.1695578928964,543.9859324427943
1.28125,0.15625,0.03,2.043862652273138,172.98507006909387,-14.044287072390553,0.0,543493.829199931,8885.782380215845,432014.33280708396,712.1742465860382,543.9877231532257
1.28125,0.21875,-0.01,2.0524668630382212,173.0592484149668,-19.76033307274907,0.0,540490.1512483199,8880.15323000006,431274.41967878287,707.9786578649193,542.3829753191294
1.28125,0.21875,0.01,2.0524668630382212,173.07112147001243,-19.75783179533631,0.0,540485.1729123297,8880.138911618064,431275.15820371045,707.9692458359289,542.3793700259489
1.28125,0.21875,0.03,2.0524668630382212,173.0592484149668,-19.76033307274907,0.0,540490.1512483199,8880.15323000006,431274.41967878287,707.9786578649193,542.3829753191294
1.28125,0.28125,-0.01,2.0753517905958807,171.87374104981407,-25.54747438063264,0.0,533280.124924259,8866.717142027577,430152.4606858683,698.360507775492,538.6861407079938
1.28125,0.28125,0.01,2.0753517905958807,171.88314090468347,-25.544274212037728,0.0,533267.0000008738,8866.687348362797,430153.0502804391,698.3407519740352,538.6785212538654
1.28125,0.28125,0.03,2.0753517905958807,171.87374104981407,-25.54747438063264,0.0,533280.124924259,8866.717142027577,430152.4606858683,698.360507775492,538.6861407079938
1.28125,0.34375,-0.01,2.1270526728728756,167.8328792120073,-31.27687765869073,0.0,518262.98013246094,8838.372598881666,428525.465265253,678.8273866875019,531.099195740674
1.28125,0.34375,0.01,2.1270526728728756,167.83760484273796,-31.272839096003977,0.0,518235.3920246326,8838.313984163982,428525.95714909316,678.7893072673809,531.0842992931933
1.28125,0.34375,0.03,2.1270526728728756,167.8328792120073,-31.27687765869073,0.0,518262.98013246094,8838.372598881666,428525.465265253,678.8273866875019,531.099195740674
1.28125,0.40625,-0.01,2.2276932784242303,158.73238155605654,-36.55380903893549,0.0,491705.7203671034,8786.502244298375,426284.85958936426,644.7973657846995,517.6158821277206
1.28125,0.40625,0.01,2.2276932784242303,158.73043547583922,-36.54860380974712,0.0,491658.9103266478,8786.401279599928,426285.4463130719,644.7349522011482,517.5908300372226
1.28125,0.40625,0.03,2.2276932784242303,158.73238155605654,-36.55380903893549,0.0,491705.7203671034,8786.502244298375,426284.85958936426,644.7973657846995,517.6158821277206
1.28125,0.46874999999999994,-0.01,2.3885896186431617,142.32593058883234,-40.67637028670896,0.0,454056.1801345402,8708.881847097382,423293.3421721178,597.1705678243945,498.1328280111565
1.28125,0.46874999999999994,0.01,2.3885896186431617,142.31687206455678,-40.669588837919044,0.0,453991.97960701183,8708.734311880313,423294.31613233965,597.086153425565,498.09761941951786
1.28125,0.46874999999999994,0.03,2.3885896186431617,142.32593058883234,-40.67637028670896,0.0,454056.1801345402,8708.881847097382,423293.3421721178,597.1705678243945,498.1328280111565
1.28125,0.53125,-0.01,2.5886924185363576,117.87591072201134,-42.88604099645948,0.0,412906.0898710905,8618.371908441397,419335.87684407586,545.8748227097622,476.2582349234083
1.28125,0.53125,0.01,2.5886924185363576,117.86227152847643,-42.877714840214146,0.0,412835.29886729486,8618.194290087858,419337.40998507134,545.7820648617376,476.21776908400756
1.28125,0.53125,0.03,2.5886924185363576,117.87591072201134,-42.88604099645948,0.0,412906.0898710905,8618.371908441397,419335.87684407586,545.8748227097622,476.2582349234083
1.28125,0.59375,-0.01,2.8331284727461585,86.98602361592053,-42.74581180970155,0.0,369833.2744841271,8514.643629851314,413710.5475278059,492.0975581108316,452.1906427008555
1.28125,0.59375,0.01,2.8331284727461585,86.97307030196608,-42.73679099491116,0.0,369762.25411388976,8514.444427093127,413712.5488542855,492.0038813783598,452.1476006685605
1.28125,0.59375,0.03,2.8331284727461585,86.98602361592053,-42.74581180970155,0.0,369833.2744841271,8514.643629851314,413710.5475278059,492.0975581108316,452.1906427008555
1.28125,0.65625,-0.01,3.221485003383203,54.62101161369009,-40.966101171546946,0.0,316339.4297402684,8364.597003090263,404534.6496362324,423.1921719175447,419.33854017390075
1.28125,0.65625,0.01,3.221485003383203,54.61426582176272,-40.95776555894693,0.0,316266.6056634336,8364.356932155895,404536.66154240764,423.094982975765,419.2903854443718
1.28125,0.65625,0.03,3.221485003383203,54.62101161369009,-40.966101171546946,0.0,316339.4297402684,8364.597003090263,404534.6496362324,423.1921719175447,419.33854017390075
1.28125,0.71875,-0.01,3.84262036521859,28.792915791273447,-39.717023199318774,0.0,254535.4995963629,8152.959386686336,389275.62366616627,341.41814370697244,376.651121162703
1.28125,0.71875,0.01,3.84262036521859,28.794153305244723,-39.71025009891041,0.0,254465.9174578344,8152.673707876397,389277.29219676426,341.3246817305827,376.59956419609904
1.28125,0.71875,0.03,3.84262036521859,28.792915791273447,-39.717023199318774,0.0,254535.4995963629,8152.959386686336,389275.62366616627,341.41814370697244,376.651121162703
1.28125,0.78125,-0.01,4.677577820116263,12.7219811162016,-40.099802366976185,0.0,196696.80341644818,7903.506860300771,366260.5033862746,263.8974150131433,331.14144090744867
1.28125,0.78125,0.01,4.677577820116263,12.72740957239929,-40.09407760095165,0.0,196638.77371356176,7903.198721123842,366261.85121483495,263.8194241334425,331.0925053756548
1.28125,0.78125,0.03,4.677577820116263,12.7219811162016,-40.099802366976185,0.0,196696.80341644818,7903.506860300771,366260.5033862746,263.8974150131433,331.14144090744867
1.28125,0.84375,-0.01,5.592518853823605,3.184933568436459,-40.94509834837459,0.0,151410.56170516319,7655.525533388147,336721.15155987605,202.9208076345909,290.37502301046004
1.28125,0.84375,0.01,5.592518853823605,3.1900562184578893,-40.93952287885529,0.0,151366.66914515872,7655.223082571356,336722.33587576536,202.86193888011599,290.3329000362615
1.28125,0.84375,0.03,5.592518853823605,3.184933568436459,-40.94509834837459,0.0,151410.56170516319,7655.525533388147,336721.15155987605,202.9208076345909,290.37502301046004
1.28125,0.9062500000000001,-0.01,6.408307281017468,-3.7893743744659956,-40.64704967474068,0.0,119993.26667794255,7441.523734599711,305358.3896763476,160.59298608522528,258.3207261876848
1.28125,0.9062500000000001,0.01,6.408307281017468,-3.786177961229286,-40.64126311405689,0.0,119959.44089655053,7441.229911932962,305359.47465869633,160.54773206336986,258.2843271028489
1.28125,0.9062500000000001,0.03,6.408307281017468,-3.7893743744659956,-40.64704967474068,0.0,119993.26667794255,7441.523734599711,305358.3896763476,160.59298608522528,258.3207261876848
1.28125,0.96875,-0.01,7.204768525204428,-9.174729962972576,-36.40409134062134,0.0,98660.02003567634,7261.353882489271,282218.64135876583,132.01523351423373,234.2113785234065
1.28125,0.96875,0.01,7.204768525204428,-9.173003714094408,-36.39896769279743,0.0,98632.56390301834,7261.063842160421,282219.57145097316,131.97850334218094,234.1787943190908
1.28125,0.96875,0.03,7.204768525204428,-9.174729962972576,-36.40409134062134,0.0,98660.02003567634,7261.353882489271,282218.64135876583,132.01523351423373,234.2113785234065
1.28125,1.03125,-0.01,9.544584947205086,2.2491165781366838,8.92419130335535,0.0,97026.0010185306,7170.489006797656,370161.5628326413,130.70572932699474,233.04687221662698
1.28125,1.03125,0.01,11.884401369205744,9.174729962972574,36.40409134062134,0.0,96035.39037477785,7092.660032194927,453048.31725734036,128.47799677447836,231.05232571807463
1.28125,1.03125,0.03,9.544584947205086,2.2491165781366838,8.92419130335535,0.0,97026.0010185306,7170.489006797656,370161.5628326413,130.70572932699474,233.04687221662698
1.34375,-0.03125,-0.01,2.1005323755110914,176.43735652873264,0.0,0.0,545919.1860808552,8880.356663090763,445607.58765595744,714.7629591528727,544.9755084287748
1.34375,-0.03125,0.01,2.1005323755110914,176.43735652873264,2.7463803348343734,0.0,545919.1860808552,8880.351386773862,445604.41897875274,714.757876534986,544.9735707883616
1.34375,-0.03125,0.03,2.1005323755110914,176.43735652873264,0.0,0.0,545919.1860808552,8880.356663090763,445607.58765595744,714.7629591528727,544.9755084287748
1.34375,0.03125,-0.01,2.1005323755110914,176.43735652873264,-2.7463803348343734,0.0,545919.1860808552,8880.351386773862,445604.41897875274,714.757876534986,544.9735707883616
1.34375,0.03125,0.01,2.1005323755110914,176.44950417812743,-2.7460148728760956,0.0,545919.1304486144,8880.34644095514,445605.3807116283,714.7549142687596,544.9724414839295
1.34375,0.03125,0.03,2.1005323755110914,176.43735652873264,-2.7463803348343734,0.0,545919.1860808552,8880.351386773862,445604.41897875274,714.757876534986,544.9735707883616
1.34375,0.09375,-0.01,2.1007789269392876,176.73718055994422,-8.169589996021164,0.0,545611.7635687704,8879.770946116516,445328.7467250267,714.2323139788133,544.773173994899
1.34375,0.09375,0.01,2.1007789269392876,176.7493692939169,-8.168519922763048,0.0,545611.3229403137,8879.765265745522,445329.663639161,714.2288285829524,544.7718447687879
1.34375,0.09375,0.03,2.1007789269392876,176.73718055994422,-8.169589996021164,0.0,545611.7635687704,8879.770946116516,445328.7467250267,714.2323139788133,544.773173994899
1.34375,0.15625,-0.01,2.1027861630002453,177.1641835041037,-13.61399187409123,0.0,544649.2295635573,8877.950056867605,444830.2973373805,712.7533493501959,544.2088493602373
1.34375,0.15625,0.01,2.1027861630002453,177.17623133242606,-13.61222910617409,0.0,544647.5730453766,8877.942096355922,444831.13846576103,712.7482724800219,544.2069111844306
1.34375,0.15625,0.03,2.1027861630002453,177.1641835041037,-13.61399187409123,0.0,544649.2295635573,8877.950056867605,444830.2973373805,712.7533493501959,544.2088493602373
1.34375,0.21875,-0.01,2.1101165546441583,177.30733265410882,-19.087711573234593,0.0,541994.4284080887,8873.022779577812,444040.78562282614,709.0206373788135,542.7819592098143
1.34375,0.21875,0.01,2.1101165546441583,177.318564395414,-19.085285226750752,0.0,541989.5307411273,8873.008785091033,444041.50784684997,709.0114151555373,542.7784292189851
1.34375,0.21875,0.03,2.1101165546441583,177.30733265410882,-19.087711573234593,0.0,541994.4284080887,8873.022779577812,444040.78562282614,709.0206373788135,542.7819592098143
1.34375,0.28125,-0.01,2.1303533332368354,176.2633419567044,-24.57206015757032,0.0,535554.0174574674,8861.146766313237,442860.7358114765,700.4282230840978,539.4830259200972
1.34375,0.28125,0.01,2.1303533332368354,176.27230306567498,-24.56898996276769,0.0,535541.8343056767,8861.119026206166,442861.3057138718,700.4097766276856,539.4759219690309
1.34375,0.28125,0.03,2.1303533332368354,176.2633419567044,-24.57206015757032,0.0,535554.0174574674,8861.146766313237,442860.7358114765,700.4282230840978,539.4830259200972
1.34375,0.34375,-0.01,2.1770189635709407,172.41875621243616,-29.952710009442338,0.0,521961.8457275915,8835.826355632784,441170.68124381034,682.8155654477287,532.6570414017261
1.34375,0.34375,0.01,2.1770189635709407,172.423231963087,-29.948912003385193,0.0,521936.35223097616,8835.772419868874,441171.14970280894,682.7803208970141,532.643294277819
1.34375,0.34375,0.03,2.1770189635709407,172.41875621243616,-29.952710009442338,0.0,521961.8457275915,8835.826355632784,441170.68124381034,682.8155654477287,532.6570414017261
1.34375,0.40625,-0.01,2.268219430779542,163.44979007829392,-34.89834993074008,0.0,497715.17600979994,8789.337021768788,438858.95080188225,651.9519025034183,520.4796389180084
1.34375,0.40625,0.01,2.268219430779542,163.4475842781616,-34.893565651300094,0.0,497671.19579635776,8789.243333223758,438859.50391612947,651.8933408776866,520.4562623328653
1.34375,0.40625,0.03,2.268219430779542,163.44979007829392,-34.89834993074008,0.0,497715.17600979994,8789.337021768788,438858.95080188225,651.9519025034183,520.4796389180084
1.34375,0.46874999999999994,-0.01,2.4127233087646562,146.92541994180365,-38.82730913228498,0.0,463157.57271070196,8720.010106317688,435785.89380340156,608.639155297759,502.89337021810576
1.34375,0.46874999999999994,0.01,2.4127233087646562,146.91585307731165,-38.82119022456136,0.0,463096.41858072934,8719.872591876892,435786.8003500098,608.5589517962079,502.8602347077767
1.34375,0.46874999999999994,0.03,2.4127233087646562,146.92541994180365,-38.82730913228498,0.0,463157.57271070196,8720.010106317688,435785.89380340156,608.639155297759,502.89337021810576
1.34375,0.53125,-0.01,2.5970447810225803,121.85126868886982,-41.08112373824877,0.0,423917.81065265153,8636.601344928335,431713.8276538729,560.1753577470474,482.4562826319636
1.34375,0.53125,0.01,2.5970447810225803,121.83684777490491,-41.07364841454056,0.0,423848.8225459398,8636.433086904468,431715.2634377779,560.0851637615045,482.4174408602786
1.34375,0.53125,0.03,2.5970447810225803,121.85126868886982,-41.08112373824877,0.0,423917.81065265153,8636.601344928335,431713.8276538729,560.1753577470474,482.4562826319636
1.34375,0.59375,-0.01,2.8361326322141895,89.82350129150585,-41.31407458141121,0.0,380339.12572923984,8534.998895353836,425850.7826392305,505.99941867634493,458.53339949058767
1.34375,0.59375,0.01,2.8361326322141895,89.80969290882513,-41.305856479981244,0.0,380267.431577733,8534.80359227008,425852.6367340158,505.90492482179485,458.49058263169616
1.34375,0.59375,0.03,2.8361326322141895,89.82350129150585,-41.31407458141121,0.0,380339.12572923984,8534.998895353836,425850.7826392305,505.99941867634493,458.53339949058767
1.34375,0.65625,-0.01,3.212590213606339,56.44693892728577,-40.278215078106925,0.0,326398.10624695045,8388.644399277295,416247.2340231469,436.6493402761198,425.9536757342672
1.34375,0.65625,0.01,3.212590213606339,56.43965929151774,-40.27035842240782,0.0,326323.6882417294,8388.406813106161,416249.0427278363,436.5500266678213,425.90523251189705
1.34375,0.65625,0.03,3.212590213606339,56.44693892728577,-40.278215078106925,0.0,326398.10624695045,8388.644399277295,416247.2340231469,436.6493402761198,425.9536757342672
1.34375,0.71875,-0.01,3.7877146377277486,30.169286667483227,-39.81343407551426,0.0,265565.7524969231,8188.727536419168,400356.30384303816,356.2238609184204,384.73125514938613
1.34375,0.71875,0.01,3.7877146377277486,30.170387341156058,-39.80667583518252,0.0,265494.9858236246,8188.449224623862,400357.76155945467,356.12880588536814,384.6799207412419
1.34375,0.71875,0.03,3.7877146377277486,30.169286667483227,-39.81343407551426,0.0,265565.7524969231,8188.727536419168,400356.30384303816,356.2238609184204,384.73125514938613
1.34375,0.78125,-0.01,4.524900741341701,14.160471984267756,-40.7216311333331,0.0,209020.1964815811,7958.480687832695,376528.4563464252,280.44583743543507,341.36615879605284
1.34375,0.78125,0.01,4.524900741341701,14.165898714076095,-40.71564491770122,0.0,208961.18740718873,7958.185997942295,376529.6046505185,280.3665353011695,341.3178910463704
1.34375,0.78125,0.03,4.524900741341701,14.160471984267756,-40.7216311333331,0.0,209020.1964815811,7958.480687832695,376528.4563464252,280.44583743543507,341.36615879605284
1.34375,0.84375,-0.01,5.285951051231342,4.970272549787691,-41.905025894847874,0.0,164591.01650539675,7734.307290893972,346028.75558407087,220.6208208937509,302.77444327051677
1.34375,0.84375,0.01,5.285951051231342,4.97528515226147,-41.899191214656845,0.0,164545.52473650716,7734.019134808776,346029.7246111244,220.55980713357516,302.7325735036505
1.34375,0.84375,0.03,5.285951051231342,4.970272549787691,-41.905025894847874,0.0,164591.01650539675,7734.307290893972,346028.75558407087,220.6208208937509,302.77444327051677
1.34375,0.90625,-0.01,5.9415593331997965,-1.5425797220732846,-41.89989317684636,0.0,132879.51578391407,7539.900040129382,313630.4624752015,177.89828232304444,271.8828686601483
1.34375,0.90625,0.01,5.9415593331997965,-1.5396791263882634,-41.894014439551746,0.0,132843.80372204824,7539.62013822259,313631.30352539424,177.85049082643044,271.8463462108667
1.34375,0.90625,0.03,5.9415593331997965,-1.5425797220732846,-41.89989317684636,0.0,132879.51578391407,7539.900040129382,313630.4624752015,177.89828232304444,271.8828686601483
1.34375,0.96875,-0.01,6.548256018883099,-6.612089005945276,-38.178847751156745,0.0,111131.61597106738,7378.321631967558,289043.6419693969,148.7613799228478,248.62286416486663
1.34375,0.96875,0.01,6.548256018883099,-6.610750540793067,-38.17373223401297,0.0,111102.11205376741,7378.045150302727,289044.327136884,148.72189235319948,248.58986445670195
1.34375,0.96875,0.03,6.548256018883099,-6.612089005945276,-38.178847751156745,0.0,111131.61597106738,7378.321631967558,289043.6419693969,148.7613799228478,248.62286416486663
1.34375,1.03125,-0.01,8.486573180191128,1.5101793716241325,8.719923197393891,0.0,110083.97899405364,7299.102993223088,373460.6520136954,148.30838294191665,248.24403171078498
1.34375,1.03125,0.01,10.424890341499157,6.6120890059452755,38.178847751156745,0.0,109425.91785425454,7228.755729936683,453048.31725734036,146.46259539884127,246.69442158291002
1.34375,1.03125,0.03,8.486573180191128,1.5101793716241325,8.719923197393891,0.0,110083.97899405364,7299.102993223088,373460.6520136954,148.30838294191665,248.24403171078498
1.40625,-0.03125,-0.01,2.140565212460365,180.8259051239628,-2.074650449353212e-16,0.0,546924.2442008443,8875.06295330837,454289.0379789481,715.0609706454096,545.0891069564503
1.40625,-0.03125,0.01,2.140565212460365,180.82590512396277,2.655658286128026,0.0,546924.2442008442,8875.058021879682,454286.01872483763,715.0562182728133,545.087295592843
1.40625,-0.03125,0.03,2.140565212460365,180.8259051239628,-2.074650449353212e-16,0.0,546924.2442008443,8875.06295330837,454289.0379789481,715.0609706454096,545.0891069564503
1.40625,0.03125,-0.01,2.140565212460365,180.82590512396283,-2.655658286128026,0.0,546924.2442008442,8875.058021879682,454286.0187248377,715.0562182728133,545.087295592843
1.40625,0.03125,0.01,2.140565212460365,180.83716231084193,-2.6553101383563398,0.0,546923.509470692,8875.051977968375,454286.9701620421,715.0524858469104,545.0858729770092
1.40625,0.03125,0.03,2.140565212460365,180.82590512396283,-2.655658286128026,0.0,546924.2442008442,8875.058021879682,454286.0187248377,715.0562182728133,545.087295592843
1.40625,0.09375,-0.01,2.140639985100271,181.1139106089671,-7.887631838629519,0.0,546649.7690894189,8874.552346860746,453998.362890473,714.5788913926839,544.9053321004375
1.40625,0.09375,0.01,2.140639985100271,181.12522979739447,-7.886613196840945,0.0,546648.6807666778,8874.545624571792,453999.2641186645,714.5746725043664,544.903723531978
1.40625,0.09375,0.03,2.140639985100271,181.1139106089671,-7.887631838629519,0.0,546649.7690894189,8874.552346860746,453998.362890473,714.5788913926839,544.9053321004375
1.40625,0.15625,-0.01,2.1422154987647026,181.52554753036426,-13.112357486278626,0.0,545783.8839116592,8872.94026148044,453478.73902322055,713.2374053222854,544.3936137203632
1.40625,0.15625,0.01,2.1422154987647026,181.53677782512392,-13.110684424730078,0.0,545781.6924407424,8872.931467270086,453479.5549433624,713.2317339166248,544.3914493055856
1.40625,0.15625,0.03,2.1422154987647026,181.52554753036426,-13.112357486278626,0.0,545783.8839116592,8872.94026148044,453478.73902322055,713.2374053222854,544.3936137203632
1.40625,0.21875,-0.01,2.148581800318703,181.66539167827057,-18.32122270266905,0.0,543376.7708293777,8868.527333070531,452663.19456701743,709.8487600564789,543.0988462321276
1.40625,0.21875,0.01,2.148581800318703,181.6759158025344,-18.318933152949405,0.0,543371.638887153,8868.51307245921,452663.8823640722,709.8393235038773,543.0952363097389
1.40625,0.21875,0.03,2.148581800318703,181.66539167827057,-18.32122270266905,0.0,543376.7708293777,8868.527333070531,452663.19456701743,709.8487600564789,543.0988462321276
1.40625,0.28125,-0.01,2.166774656271451,180.64438045991014,-23.48734161117514,0.0,537493.3232661535,8857.803003912752,451458.25983187795,702.0233147739905,540.0969614383037
1.40625,0.28125,0.01,2.166774656271451,180.65280091618195,-23.484476863796676,0.0,537481.5025696043,8857.776183394102,451458.78853305435,702.005424532871,540.0900795255347
1.40625,0.28125,0.03,2.166774656271451,180.64438045991014,-23.48734161117514,0.0,537493.3232661535,8857.803003912752,451458.25983187795,702.0233147739905,540.0969614383037
1.40625,0.34375,-0.01,2.209267460028077,176.82470003476828,-28.51326851336631,0.0,524999.8208036185,8834.837577944187,449748.93072677933,685.9296904201723,533.8703072501692
1.40625,0.34375,0.01,2.209267460028077,176.8287820271571,-28.50979173356835,0.0,524975.5398895317,8834.786471719794,449749.3491325481,685.8961276288165,533.8572458554121
1.40625,0.34375,0.03,2.209267460028077,176.82470003476828,-28.51326851336631,0.0,524999.8208036185,8834.837577944187,449748.93072677933,685.9296904201723,533.8703072501692
1.40625,0.40625,-0.01,2.2920105697362465,167.7789130904907,-33.134371620162455,0.0,502688.37942873494,8792.82972245344,447421.2065196278,657.7689411030864,522.7964713032734
1.40625,0.40625,0.01,2.2920105697362465,167.77628563021204,-33.1300912668948,0.0,502646.393656001,8792.741276417506,447421.6883052425,657.7131417417645,522.7742960939624
1.40625,0.40625,0.03,2.2920105697362465,167.7789130904907,-33.134371620162455,0.0,502688.37942873494,8792.82972245344,447421.2065196278,657.7689411030864,522.7964713032734
1.40625,0.46875,-0.01,2.4223799407057776,150.91162751944125,-36.88630235614883,0.0,470695.1581308581,8730.263366500621,444332.13611659606,618.0966291372238,506.7854687529026
1.40625,0.46875,0.01,2.4223799407057776,150.9014062300462,-36.880922438069305,0.0,470636.3631078836,8730.133597907841,444332.93243436643,618.019736774716,506.75394524821417
1.40625,0.46875,0.03,2.4223799407057776,150.91162751944125,-36.88630235614883,0.0,470695.1581308581,8730.263366500621,444332.13611659606,618.0966291372238,506.7854687529026
1.40625,0.53125,-0.01,2.5938019253783198,125.0206312604529,-39.22377707181941,0.0,432945.74881112087,8652.360577543215,440214.2658331838,571.9156568016843,487.4857882177037
1.40625,0.53125,0.01,2.5938019253783198,125.00528392922737,-39.21720429213077,0.0,432877.8080793195,8652.198712065487,440215.5526910551,571.8270256306746,487.44801332045444
1.40625,0.53125,0.03,2.5938019253783198,125.0206312604529,-39.22377707181941,0.0,432945.74881112087,8652.360577543215,440214.2658331838,571.9156568016843,487.4857882177037
1.40625,0.59375,-0.01,2.8272316306264362,91.79912049080336,-39.899216264028986,0.0,389024.3836800808,8552.664722983867,434197.414268672,517.5402569937955,463.7330348229053
1.40625,0.59375,0.01,2.8272316306264362,91.78433794451587,-39.891844190807795,0.0,388951.5167410521,8552.470935070547,434199.0580673766,517.4442786773903,463.6900329703338
1.40625,0.59375,0.03,2.8272316306264362,91.79912049080336,-39.899216264028986,0.0,389024.3836800808,8552.664722983867,434197.414268672,517.5402569937955,463.7330348229053
1.40625,0.65625,-0.01,3.19177156283446,57.48609492498402,-39.638687266271496,0.0,334847.31053582,8409.600643984095,424292.070601716,447.9910676777104,431.4501691289995
1.40625,0.65625,0.01,3.19177156283446,57.47820155467773,-39.63136612179535,0.0,334771.1371305349,8409.363817741347,424293.61108667834,447.88941066471006,431.4012145548507
1.40625,0.65625,0.03,3.19177156283446,57.48609492498402,-39.638687266271496,0.0,334847.31053582,8409.600643984095,424292.070601716,447.9910676777104,431.4501691289995
1.40625,0.71875,-0.01,3.7318215447679814,30.881373514960835,-39.94380881872568,0.0,274640.74184762454,8218.11305693837,407953.39749207057,368.41800310116673,391.26084476803555
1.40625,0.71875,0.01,3.7318215447679814,30.882249518807075,-39.93714903205288,0.0,274568.8825965616,8217.84000301141,407954.577979109,368.32147977424046,391.2095874027021
1.40625,0.71875,0.03,3.7318215447679814,30.881373514960835,-39.94380881872568,0.0,274640.74184762454,8218.11305693837,407953.39749207057,368.41800310116673,391.26084476803555
1.40625,0.78125,-0.01,4.401096477877827,15.017563678636208,-41.34387841583793,0.0,218910.3926876042,8001.035578129794,383569.4077490723,293.7236805080207,349.3537801780493
1.40625,0.78125,0.01,4.401096477877827,15.02289366474434,-41.33771696726763,0.0,218850.6120828937,8000.750756318805,383570.2841050049,293.6433490482878,349.30600395147025
1.40625,0.78125,0.03,4.401096477877827,15.017563678636208,-41.34387841583793,0.0,218910.3926876042,8001.035578129794,383569.4077490723,293.7236805080207,349.3537801780493
1.40625,0.84375,-0.01,5.062047559617115,6.2074423966876715,-42.78904163851714,0.0,175039.44622703755,7792.870432077883,352435.69238400075,234.64249193303505,312.2477353769195
1.40625,0.84375,0.01,5.062047559617115,6.212301773142133,-42.78301470148693,0.0,174992.69451836502,7792.592242121914,352436.36473705206,234.579791102737,312.2060133934151
1.40625,0.84375,0.03,5.062047559617115,6.2074423966876715,-42.78904163851714,0.0,175039.44622703755,7792.870432077883,352435.69238400075,234.64249193303505,312.2477353769195
1.40625,0.90625,-0.01,5.604137591505715,0.18639571116608883,-42.95521902658936,0.0,143433.44971885602,7614.095911917259,319377.03050761914,192.06314949644783,282.4996989003068
1.40625,0.90625,0.01,5.604137591505715,0.1890292483142809,-42.9492898486346,0.0,143396.33487384513,7613.82670585784,319377.55129786907,192.0134720465845,282.46316203143516
1.40625,0.90625,0.03,5.604137591505715,0.18639571116608883,-42.95521902658936,0.0,143433.44971885602,7614.095911917259,319377.03050761914,192.06314949644783,282.4996989003068
1.40625,0.9687500000000001,-0.01,6.091555503830591,-4.459501039893077,-39.47063447581608,0.0,121436.00966229841,7465.763523286165,293895.72520589246,162.59717061263373,259.9276367240728
1.40625,0.9687500000000001,0.01,6.091555503830591,-4.458475353762889,-39.46556605697969,0.0,121404.9001396362,7465.497011873071,293896.1002735885,162.55551979285335,259.89434311721067
1.40625,0.9687500000000001,0.03,6.091555503830591,-4.459501039893077,-39.47063447581608,0.0,121436.00966229841,7465.763523286165,293895.72520589246,162.59717061263373,259.9276367240728
1.40625,1.03125,-0.01,7.77748802899384,0.9666878442696102,8.556065401051063,0.0,120868.93742890502,7394.382032845259,375810.3844199948,162.84618201972685,260.1265952432333
1.40625,1.03125,0.01,9.46342055415709,4.459501039893093,39.47063447581622,0.0,120503.91560199278,7329.259561422927,453048.31725734036,161.34097915669622,258.9216168248422
1.40625,1.03125,0.03,7.77748802899384,0.9666878442696102,8.556065401051063,0.0,120868.93742890502,7394.382032845259,375810.3844199948,162.84618201972685,260.1265952432333
1.46875,-0.03125,-0.01,2.1644229697840656,185.46365699750044,-2.0517846052785525e-16,0.0,547958.6979941196,8872.032376908826,459512.0322867776,715.310396173418,545.184166881228
1.46875,-0.03125,0.01,2.164422969784066,185.46365699750046,2.5553169459075256,0.0,547958.6979941196,8872.027812691102,459509.20572813647,715.3059961433008,545.1824901053448
1.46875,-0.03125,0.03,2.1644229697840656,185.46365699750044,-2.0517846052785525e-16,0.0,547958.6979941196,8872.032376908826,459512.0322867776,715.310396173418,545.184166881228
1.46875,0.03125,-0.01,2.1644229697840656,185.46365699750046,-2.5553169459075256,0.0,547958.6979941196,8872.027812691102,459509.2057281365,715.3059961433008,545.1824901053448
1.46875,0.03125,0.01,2.1644229697840656,185.47400220645875,-2.554994358090503,0.0,547957.1795849222,8872.020493774113,459510.1243703606,715.301365012933,545.1807252555559
1.46875,0.03125,0.03,2.1644229697840656,185.46365699750046,-2.5553169459075256,0.0,547958.6979941196,8872.027812691102,459509.2057281365,715.3059961433008,545.1824901053448
1.46875,0.09375,-0.01,2.1643613602401257,185.72341101763595,-7.578473425469043,0.0,547710.9846221238,8871.587000381141,459217.6577950795,714.8728777525344,545.0174108812791
1.46875,0.09375,0.01,2.1643613602401257,185.73384016317155,-7.577531302616702,0.0,547709.1357199585,8871.579042537796,459218.52044295036,714.8677850926656,545.0154695618322
1.46875,0.09375,0.03,2.1643613602401257,185.72341101763595,-7.578473425469043,0.0,547710.9846221238,8871.587000381141,459217.6577950795,714.8728777525344,545.0174108812791
1.46875,0.15625,-0.01,2.165596650991494,186.08546358273853,-12.571177905922983,0.0,546920.902561753,8870.14735039521,458692.699137141,713.6495760463347,544.5508900357918
1.46875,0.15625,0.01,2.165596650991494,186.09585479235298,-12.569636280112444,0.0,546918.029397229,8870.137462541059,458693.4656269876,713.6431238998293,544.5484283724057
1.46875,0.15625,0.03,2.165596650991494,186.08546358273853,-12.571177905922983,0.0,546920.902561753,8870.14735039521,458692.699137141,713.6495760463347,544.5508900357918
1.46875,0.21875,-0.01,2.1711888141495836,186.1644004909978,-17.512259434831694,0.0,544706.87236345,8866.14913054194,457874.91457391856,710.5457422413842,543.365408188762
1.46875,0.21875,0.01,2.1711888141495836,186.1741857502955,-17.510163862835796,0.0,544701.2685557491,8866.134166356105,457875.5405378637,710.5357842541839,543.3616006613814
1.46875,0.21875,0.03,2.1711888141495836,186.1644004909978,-17.512259434831694,0.0,544706.87236345,8866.14913054194,457874.91457391856,710.5457422413842,543.365408188762
1.46875,0.28125,-0.01,2.187658461694125,185.07944513137465,-22.370848778809094,0.0,539269.6396106033,8856.366172981576,456676.7138670231,703.3587758328737,540.6104313959135
1.46875,0.28125,0.01,2.187658461694125,185.08727313332184,-22.368257622219534,0.0,539257.7778852793,8856.33949867398,456677.1683182824,703.3409151924362,540.6035673955187
1.46875,0.28125,0.03,2.187658461694125,185.07944513137465,-22.370848778809094,0.0,539269.6396106033,8856.366172981576,456676.7138670231,703.3587758328737,540.6104313959135
1.46875,0.34375,-0.01,2.2263728640759335,181.1701531481693,-27.069263633408315,0.0,527708.2135543415,8835.415405320133,454986.8466918447,688.5856183849708,534.9028847850076
1.46875,0.34375,0.01,2.2263728640759335,181.17376398996387,-27.066178060916503,0.0,527684.5602523723,8835.365940062877,454987.1733043272,688.5529715307466,534.8902043695097
1.46875,0.34375,0.03,2.2263728640759335,181.1701531481693,-27.069263633408315,0.0,527708.2135543415,8835.415405320133,454986.8466918447,688.5856183849708,534.9028847850076
1.46875,0.40625,-0.01,2.301269301799576,171.9213295789999,-31.407727319999292,0.0,507093.19667731464,8797.32181177595,452688.3727534108,662.8322132446162,524.8047648863366
1.46875,0.40625,0.01,2.301269301799576,171.91819020090122,-31.40401284522123,0.0,507052.6061412523,8797.237227050931,452688.7303151127,662.7783936238332,524.7834583126406
1.46875,0.40625,0.03,2.301269301799576,171.9213295789999,-31.407727319999292,0.0,507093.19667731464,8797.32181177595,452688.3727534108,662.8322132446162,524.8047648863366
1.46875,0.46875,-0.01,2.4191405981145526,154.58649978815868,-35.02884593374959,0.0,477278.8267168647,8740.445363337423,449632.0440998432,626.3029969471188,510.1386294836599
1.46875,0.46875,0.01,2.4191405981145526,154.57552530380445,-35.02424279143407,0.0,477221.7195665934,8740.32144052851,449632.67147392227,626.2285367433465,510.10830378224125
1.46875,0.46875,0.03,2.4191405981145526,154.58649978815868,-35.02884593374959,0.0,477278.8267168647,8740.445363337423,449632.0440998432,626.3029969471188,510.1386294836599
1.46875,0.53125,-0.01,2.5790786613335417,127.7888151409593,-37.49534181759333,0.0,440791.9006722224,8667.155553405333,445517.92944554193,582.1077624065337,491.8103470192172
1.46875,0.53125,0.01,2.5790786613335417,127.77240587275703,-37.489679993489,0.0,440724.3111241521,8666.997824178297,445519.0017150807,582.0197833152137,491.77317979240956
1.46875,0.53125,0.03,2.5790786613335417,127.7888151409593,-37.49534181759333,0.0,440791.9006722224,8667.155553405333,445517.92944554193,582.1077624065337,491.8103470192172
1.46875,0.59375,-0.01,2.805758091145184,93.370665851102,-38.63608875174633,0.0,396710.04393510346,8569.44947881803,439416.18086306704,527.7690426379352,468.29327626703633
1.46875,0.59375,0.01,2.805758091145184,93.35476726955524,-38.62956845003923,0.0,396635.60124120384,8569.255673169753,439417.54455697676,527.6710554931391,468.24980189906023
1.46875,0.59375,0.03,2.805758091145184,93.370665851102,-38.63608875174633,0.0,396710.04393510346,8569.44947881803,439416.18086306704,527.7690426379352,468.29327626703633
1.46875,0.65625,-0.01,3.1600098220890995,58.175428808967546,-39.104978535526456,0.0,342184.06735976663,8428.72665264425,429317.62391022284,457.8534736227506,436.1734464175064
1.46875,0.65625,0.01,3.1600098220890995,58.16679134451727,-39.09822920093294,0.0,342105.93999021256,8428.489242365997,429318.82878260326,457.74921350300514,436.1237819642134
1.46875,0.65625,0.03,3.1600098220890995,58.175428808967546,-39.104978535526456,0.0,342184.06735976663,8428.72665264425,429317.62391022284,457.8534736227506,436.1734464175064
1.46875,0.71875,-0.01,3.6785960706318455,31.305942056539745,-40.09902572411631,0.0,281834.3980588088,8241.59753639211,412690.1136927261,378.0867939660018,396.36173456673777
1.46875,0.71875,0.01,3.6785960706318455,31.30645097903285,-40.09255289600525,0.0,281761.4515422047,8241.327692501189,412690.94902521523,377.9888115995874,396.3103720518308
1.46875,0.71875,0.03,3.6785960706318455,31.305942056539745,-40.09902572411631,0.0,281834.3980588088,8241.59753639211,412690.1136927261,378.0867939660018,396.36173456673777
1.46875,0.78125,-0.01,4.307698850261776,15.601382490475423,-41.925761413343885,0.0,226220.55708844514,8031.769925312978,387967.94294163276,303.53095793206694,355.13825989314705
1.46875,0.78125,0.01,4.307698850261776,15.606480559688057,-41.91953758058833,0.0,226160.33859758513,8031.492567413178,387968.47494840965,303.45004536977075,355.0909219510507
1.46875,0.78125,0.03,4.307698850261776,15.601382490475423,-41.925761413343885,0.0,226220.55708844514,8031.769925312978,387967.94294163276,303.53095793206694,355.13825989314705
1.46875,0.84375,-0.01,4.905840515661289,7.133557239872775,-43.57085220290983,0.0,182677.7939868829,7833.867068081701,356469.8708423918,244.88293879594565,318.9886498427355
1.46875,0.84375,0.01,4.905840515661289,7.1381919744936795,-43.56472734484862,0.0,182630.4344898918,7833.59736127451,356470.1750518685,244.81942703941223,318.9472814171906
1.46875,0.84375,0.03,4.905840515661289,7.133557239872775,-43.57085220290983,0.0,182677.7939868829,7833.867068081701,356469.8708423918,244.88293879594565,318.9886498427355
1.46875,0.90625,-0.01,5.374475784445984,1.5382882807436034,-43.81024423092837,0.0,151266.4297631496,7666.025834595916,323044.165125514,202.56816421555985,290.122600972157
1.46875,0.90625,0.01,5.374475784445984,1.5406663355030659,-43.80430824570272,0.0,151228.41274773792,7665.764706462203,323044.29791265144,202.5172738691603,290.08615554368237
1.46875,0.90625,0.03,5.374475784445984,1.5382882807436034,-43.81024423092837,0.0,151266.4297631496,7666.025834595916,323044.165125514,202.56816421555985,290.122600972157
1.46875,0.96875,-0.01,5.79335267767264,-2.7441244782647938,-40.35341434838222,0.0,129044.80355786716,7525.869453082538,297070.86155555537,172.8124520532411,267.9683378258759
1.46875,0.96875,0.01,5.79335267767264,-2.743343806578672,-40.348405659948575,0.0,129012.47287349206,7525.609143662198,297070.873496881,172.76915496795363,267.9347668226057
1.46875,0.96875,0.03,5.79335267767264,-2.7441244782647938,-40.35341434838222,0.0,129044.80355786716,7525.869453082538,297070.86155555537,172.8124520532411,267.9683378258759
1.46875,1.03125,-0.01,7.329415580234941,0.5750994934954228,8.45706101759651,0.0,128779.63511503636,7459.0516611780895,377351.7662979122,173.50904151589614,268.5078712639262
1.46875,1.03125,0.01,8.865478482797242,2.7441244782647933,40.35341434838222,0.0,128606.35455832617,7397.0534397802885,453048.31725734036,172.22155043660905,267.50981035733963
1.46875,1.03125,0.03,7.329415580234941,0.5750994934954228,8.45706101759651,0.0,128779.63511503636,7459.0516611780895,377351.7662979122,173.50904151589614,268.5078712639262
1.53125,-0.03125,-0.01,2.175998164549265,190.28279238503904,0.0,0.0,549047.6074814284,8870.706251865535,462128.59766839776,715.5577317284425,545.2784139206341
1.53125,-0.03125,0.01,2.175998164549265,190.28279238503904,2.4510482607919624,0.0,549047.6074814284,8870.702053983028,462125.98317234794,715.5536834551427,545.2768714600693
1.53125,-0.03125,0.03,2.175998164549265,190.28279238503904,0.0,0.0,549047.6074814284,8870.706251865535,462128.59766839776,715.5577317284425,545.2784139206341
1.53125,0.03125,-0.01,2.175998164549265,190.28279238503904,-2.4510482607919624,0.0,549047.6074814284,8870.702053983028,462125.98317234794,715.5536834551427,545.2768714600693
1.53125,0.03125,0.01,2.175998164549265,190.29222312144955,-2.4507582383030644,0.0,549045.1847481455,8870.693253016532,462126.84124185116,715.5480007411351,545.2747062426025
1.53125,0.03125,0.03,2.175998164549265,190.28279238503904,-2.4510482607919624,0.0,549047.6074814284,8870.702053983028,462125.98317234794,715.5536834551427,545.2768714600693
1.53125,0.09375,-0.01,2.17582662749115,190.5011742983764,-7.2595976684596595,0.0,548823.2280056487,8870.32117873491,461837.53808305756,715.163784935262,545.1282930799869
1.53125,0.09375,0.01,2.17582662749115,190.51071213144752,-7.25875283895529,0.0,548820.4931033053,8870.311768501715,461838.33384907385,715.1576585424542,545.1259581762371
1.53125,0.09375,0.03,2.17582662749115,190.5011742983764,-7.2595976684596595,0.0,548823.2280056487,8870.32117873491,461837.53808305756,715.163784935262,545.1282930799869
1.53125,0.15625,-0.01,2.1767819663475003,190.7875479424043,-12.020756743668318,0.0,548098.1151952837,8869.036034200253,461320.7242915013,714.0511073773594,544.7040628978642
1.53125,0.15625,0.01,2.1767819663475003,190.79709944950648,-12.019380393701885,0.0,548094.41593274,8869.024798653069,461321.4113039482,714.0436881415676,544.7012330595408
1.53125,0.15625,0.03,2.1767819663475003,190.7875479424043,-12.020756743668318,0.0,548098.1151952837,8869.036034200253,461320.7242915013,714.0511073773594,544.7040628978642
1.53125,0.21875,-0.01,2.1817039510736276,190.76446440949888,-16.70525636333533,0.0,546050.7083041507,8865.405711665404,460520.2324093894,711.2070553481761,543.6182076037135
1.53125,0.21875,0.01,2.1817039510736276,190.77350568595222,-16.703399833886998,0.0,546044.4361655364,8865.389688978335,460520.7627156638,711.1963196046858,543.6141046019125
1.53125,0.21875,0.03,2.1817039510736276,190.76446440949888,-16.70525636333533,0.0,546050.7083041507,8865.405711665404,460520.2324093894,711.2070553481761,543.6182076037135
1.53125,0.28125,-0.01,2.196589569149995,189.55885558707158,-21.282233887487703,0.0,541009.5448785255,8856.470381582234,459353.35649376427,704.6048494247499,541.0890934337635
1.53125,0.28125,0.01,2.196589569149995,189.5660749125157,-21.279968079795857,0.0,540997.351210404,8856.443310316825,459353.69641378196,704.5866365374616,541.08210025286
1.53125,0.28125,0.03,2.196589569149995,189.55885558707158,-21.282233887487703,0.0,541009.5448785255,8856.470381582234,459353.35649376427,704.6048494247499,541.0890934337635
1.53125,0.34375,-0.01,2.231673716911622,185.4945536816384,-25.695208690563412,0.0,530302.4017123686,8837.373188505662,457710.9554332123,691.0622171358053,535.8639495844723
1.53125,0.34375,0.01,2.231673716911622,185.49766375147215,-25.692564318896018,0.0,530278.9885819426,8837.324604552883,457711.1402605797,691.0299771195082,535.8514496506452
1.53125,0.34375,0.03,2.231673716911622,185.4945536816384,-25.695208690563412,0.0,530302.4017123686,8837.373188505662,457710.9554332123,691.0622171358053,535.8639495844723
1.53125,0.40625,-0.01,2.299126322515473,175.9839974505121,-29.803638894196055,0.0,511234.3920305449,8802.834483229011,455471.63297101145,667.5270618673128,526.6600846343928
1.53125,0.40625,0.01,2.299126322515473,175.98030815321692,-29.800526671544983,0.0,511194.7518996432,8802.752786444393,455471.80606902845,667.4746385119162,526.6394039515761
1.53125,0.40625,0.03,2.299126322515473,175.9839974505121,-29.803638894196055,0.0,511234.3920305449,8802.834483229011,455471.63297101145,667.5270618673128,526.6600846343928
1.53125,0.46875,-0.01,2.405616092916852,158.13793281888871,-33.342863202981235,0.0,483343.64346651407,8750.944031216288,452476.71592707146,633.8058858559459,513.1851729062938
1.53125,0.46875,0.01,2.405616092916852,158.12614300675173,-33.33904490205928,0.0,483287.64890399494,8750.82448141214,452477.10788852494,633.733105654189,513.1557074236129
1.53125,0.46875,0.03,2.405616092916852,158.13793281888871,-33.342863202981235,0.0,483343.64346651407,8750.944031216288,452476.71592707146,633.8058858559459,513.1851729062938
1.53125,0.53125,-0.01,2.5547245866618913,130.42071747157283,-35.96837687662622,0.0,448008.48139841703,8681.786043755292,448395.79922561586,591.4512635551853,495.74169587845904
1.53125,0.53125,0.01,2.5547245866618913,130.4031316037738,-35.96360883000918,0.0,447940.6883861318,8681.630877925032,448396.58303399896,591.3632202696188,495.70479651344107
1.53125,0.53125,0.03,2.5547245866618913,130.42071747157283,-35.96837687662622,0.0,448008.48139841703,8681.786043755292,448395.79922561586,591.4512635551853,495.74169587845904
1.53125,0.59375,-0.01,2.7742219116768196,94.8362854328032,-37.557265468967394,0.0,403820.5351426967,8585.976150237762,442258.5559520541,537.2214292865192,472.46825109962094
1.53125,0.59375,0.01,2.7742219116768196,94.8191259870521,-37.551582009412925,0.0,403744.18349654286,8585.781278770499,442259.5654533848,537.1210101271747,472.4240913925153
1.53125,0.59375,0.03,2.7742219116768196,94.8362854328032,-37.557265468967394,0.0,403820.5351426967,8585.976150237762,442258.5559520541,537.2214292865192,472.46825109962094
1.53125,0.65625,-0.01,3.122338859635202,58.80064289195535,-38.66963139373293,0.0,348490.56485132227,8445.892090929552,432049.25942751067,466.3263299905727,440.19077300379973
1.53125,0.65625,0.01,3.122338859635202,58.791107845877455,-38.66347555356291,0.0,348410.2626966648,8445.652829337423,432050.059434514,466.2191824054601,440.14019888339755
1.53125,0.65625,0.03,3.122338859635202,58.80064289195535,-38.66963139373293,0.0,348490.56485132227,8445.892090929552,432049.25942751067,466.3263299905727,440.19077300379973
1.53125,0.71875,-0.01,3.633684703940544,31.694311847002794,-40.24729957090152,0.0,287085.759962056,8258.956515575164,415256.75541847624,385.1395858476461,400.041498736586
1.53125,0.71875,0.01,3.633684703940544,31.694283741471466,-40.24109254539366,0.0,287011.7235634966,8258.68796421913,415257.1783588461,385.04014418858577,399.9898507627927
1.53125,0.71875,0.03,3.633684703940544,31.694311847002794,-40.24729957090152,0.0,287085.759962056,8258.956515575164,415256.75541847624,385.1395858476461,400.041498736586
1.53125,0.78125,-0.01,4.244325085008599,16.121045511722752,-42.42882908163648,0.0,231024.23557436295,8051.731650374325,390365.6535194887,309.9652139508733,358.88263499487806
1.53125,0.78125,0.01,4.244325085008599,16.12575531212108,-42.42264757817974,0.0,230963.81086427157,8051.459448734715,390365.7733603539,309.88403013248933,358.8356339616398
1.53125,0.78125,0.03,4.244325085008599,16.121045511722752,-42.42882908163648,0.0,231024.23557436295,8051.731650374325,390365.6535194887,309.9652139508733,358.88263499487806
1.53125,0.84375,-0.01,4.805652837196532,7.911596724505104,-44.22353876954789,0.0,187662.8920113076,7859.9349033881335,358706.1137345474,251.55489843570226,323.30495108798283
1.53125,0.84375,0.01,4.805652837196532,7.915917716438318,-44.217392802739795,0.0,187615.1936700857,7859.670836574979,358705.9878046205,251.49093514865638,323.2638448279821
1.53125,0.84375,0.03,4.805652837196532,7.911596724505104,-44.22353876954789,0.0,187662.8920113076,7859.9349033881335,358706.1137345474,251.55489843570226,323.30495108798283
1.53125,0.90625,-0.01,5.231622558376346,2.6219602157726443,-44.469593192540366,0.0,156395.3683932297,7698.767730664435,325123.76791624544,209.43821926709984,295.0013031663849
1.53125,0.90625,0.01,5.231622558376346,2.6240796135154714,-44.463667411935376,0.0,156356.49765584868,7698.509865775114,325123.4652390097,209.38618045698115,294.9646516169095
1.53125,0.90625,0.03,5.231622558376346,2.6219602157726443,-44.469593192540366,0.0,156395.3683932297,7698.767730664435,325123.76791624544,209.43821926709984,295.0013031663849
1.53125,0.96875,-0.01,5.611202743517776,-1.4296520245018247,-40.932627861363365,0.0,134054.08000421838,7563.668894583303,298925.5809617187,179.53546905652874,273.1310639644799
1.53125,0.96875,0.01,5.611202743517776,-1.429061041101795,-40.92768142729055,0.0,134020.8799310129,7563.411932802757,298925.20259881404,179.49099901587113,273.09723526809046
1.53125,0.96875,0.03,5.611202743517776,-1.4296520245018247,-40.932627861363365,0.0,134054.08000421838,7563.668894583303,298925.5809617187,179.53546905652874,273.1310639644799
1.53125,1.0312499999999998,-0.01,7.0634258385977695,0.2939322854361388,8.415628873319692,0.0,133946.9234007275,7499.223487511796,378256.0292379988,180.47367762529183,273.843792200702
1.53125,1.0312499999999998,0.01,8.515648933677763,1.4296520245018145,40.93262786136308,0.0,133876.31480383198,7438.871107147105,453048.3172573404,179.29589331476814,272.94876733583624
1.53125,1.0312499999999998,0.03,7.0634258385977695,0.2939322854361388,8.415628873319692,0.0,133946.9234007275,7499.223487511796,378256.0292379988,180.47367762529183,273.843792200702
1.59375,-0.03125,-0.01,2.1787154559582502,195.1958255636703,0.0,0.0,550225.7644558852,8870.659368680364,462906.48544064915,715.8693521524846,545.3971334783494
1.59375,-0.03125,0.01,2.17871545595825,195.1958255636703,2.3475638322031758,0.0,550225.7644558852,8870.655519465263,462904.0840632742,715.8656385029252,545.3957188232554
1.59375,-0.03125,0.03,2.1787154559582502,195.1958255636703,0.0,0.0,550225.7644558852,8870.659368680364,462906.48544064915,715.8693521524846,545.3971334783494
1.59375,0.03125,-0.01,2.1787154559582502,195.1958255636703,-2.3475638322031758,0.0,550225.7644558852,8870.655519465263,462904.0840632742,715.8656385029252,545.3957188232554
1.59375,0.03125,0.01,2.1787154559582502,195.20435449805518,-2.347311495701824,0.0,550222.2973333086,8870.644992199479,462904.8512736488,715.8587228978146,545.3930844248943
1.59375,0.03125,0.03,2.1787154559582502,195.1958255636703,-2.3475638322031758,0.0,550225.7644558852,8870.655519465263,462904.0840632742,715.8656385029252,545.3957188232554
1.59375,0.09375,-0.01,2.178451125419334,195.36366627551536,-6.945102826418979,0.0,550022.917751463,8870.33259542832,462623.78267720237,715.519298483184,545.2637700285363
1.59375,0.09375,0.01,2.178451125419334,195.3723263084635,-6.944369905957272,0.0,550019.1542681744,8870.321483335665,462624.48081143486,715.5119530834077,545.2609712286563
1.59375,0.09375,0.03,2.178451125419334,195.36366627551536,-6.945102826418979,0.0,550022.917751463,8870.33259542832,462623.78267720237,715.519298483184,545.2637700285363
1.59375,0.15625,-0.01,2.179161122338555,195.55693379391954,-11.484332696358171,0.0,549357.7141958742,8869.194656153812,462124.65908389026,714.515514918725,544.8811675576874
1.59375,0.15625,0.01,2.179161122338555,195.5656598334236,-11.483144623354987,0.0,549353.0363670478,8869.181804252245,462125.23416641064,714.5069291223531,544.877893833949
1.59375,0.15625,0.03,2.179161122338555,195.55693379391954,-11.484332696358171,0.0,549357.7141958742,8869.194656153812,462124.65908389026,714.515514918725,544.8811675576874
1.59375,0.21875,-0.01,2.1834588544708784,195.40615433931833,-15.93175867245372,0.0,547466.3047181419,8865.9150169144,461354.757245774,711.9240049516204,543.8921423752115
1.59375,0.21875,0.01,2.1834588544708784,195.41446344005152,-15.930170196306626,0.0,547459.1851536785,8865.897616446815,461355.1559177136,711.9122557030392,543.8876542905961
1.59375,0.21875,0.03,2.1834588544708784,195.40615433931833,-15.93175867245372,0.0,547466.3047181419,8865.9150169144,461354.757245774,711.9240049516204,543.8921423752115
1.59375,0.28125,-0.01,2.1967981300396477,194.04836951039192,-20.259423495887408,0.0,542803.3475518513,8857.794994943357,460234.9517444652,705.8904859526111,541.5825096169825
1.59375,0.28125,0.01,2.1967981300396477,194.05498594019056,-20.257513535574503,0.0,542790.5972538429,8857.76711874706,460235.135241916,705.871624046357,541.5752738297256
1.59375,0.28125,0.03,2.1967981300396477,194.04836951039192,-20.259423495887408,0.0,542803.3475518513,8857.794994943357,460234.9517444652,705.8904859526111,541.5825096169825
1.59375,0.34375,-0.01,2.2282936634595116,189.80083539875503,-24.431679192650535,0.0,532917.1194360346,8840.478244826127,458656.4682539003,693.539740435196,536.8236516265213
1.59375,0.34375,0.01,2.2282936634595116,189.8034447855609,-24.429500359048966,0.0,532893.6762615254,8840.430033184899,458656.46071583783,693.5075501231753,536.8111932767254
1.59375,0.34375,0.03,2.2282936634595116,189.80083539875503,-24.431679192650535,0.0,532917.1194360346,8840.478244826127,458656.4682539003,693.539740435196,536.8236516265213
1.59375,0.40625,-0.01,2.2885978446105306,180.01782168800898,-28.359528793412064,0.0,515302.39629342157,8809.26009953605,456491.91544411005,672.0984592912147,528.4603597287933
1.59375,0.40625,0.01,2.2885978446105306,180.01357801081323,-28.357025865471762,0.0,515263.3731088503,8809.180595247537,456491.84467334865,672.0469926101821,528.4401256238807
1.59375,0.40625,0.03,2.2885978446105306,180.01782168800898,-28.359528793412064,0.0,515302.39629342157,8809.26009953605,456491.91544411005,672.0984592912147,528.4603597287933
1.59375,0.46875,-0.01,2.3844866916241862,161.67222652906628,-31.855905409807484,0.0,489173.4011350531,8761.897181531833,453571.11229410913,640.9663711116991,516.0759115908562
1.59375,0.46875,0.01,2.3844866916241862,161.65958863094627,-31.852851736232594,0.0,489118.07352044695,8761.78094448934,453571.2023153682,640.894690216197,516.0470537447474
1.59375,0.46875,0.03,2.3844866916241862,161.67222652906628,-31.855905409807484,0.0,489173.4011350531,8761.897181531833,453571.11229410913,640.9663711116991,516.0759115908562
1.59375,0.53125,-0.01,2.5232445061409825,133.07109107339465,-34.65103881514114,0.0,454917.2355001274,8696.551478050917,449537.96186384454,600.3543539284518,499.4589484075246
1.59375,0.53125,0.01,2.5232445061409825,133.05223712401104,-34.647124788472226,0.0,454848.8300879686,8696.397835823835,449538.38445525,600.2657271672001,499.4220809621006
1.59375,0.53125,0.03,2.5232445061409825,133.07109107339465,-34.65103881514114,0.0,454917.2355001274,8696.551478050917,449537.96186384454,600.3543539284518,499.4589484075246
1.59375,0.59375,-0.01,2.7363287263375624,96.36851490307907,-36.64636246228067,0.0,410494.5192165891,8602.172389956178,443397.4195117416,546.0641454763047,476.34081677756126
1.59375,0.59375,0.01,2.7363287263375624,96.34995869300057,-36.641482537831905,0.0,410415.9686008012,8601.975634825249,443398.00377383176,545.9609328968254,476.2957976271562
1.59375,0.59375,0.03,2.7363287263375624,96.36851490307907,-36.64636246228067,0.0,410494.5192165891,8602.172389956178,443397.4195117416,546.0641454763047,476.34081677756126
1.59375,0.65625,-0.01,3.0841499526407494,59.52824914410328,-38.30412957068716,0.0,353685.07334220136,8460.540447799887,433134.991498518,473.28795680328307,443.4643298066939
1.59375,0.65625,0.01,3.0841499526407494,59.5176587539824,-38.29857234679851,0.0,353602.38003601035,8460.298077822441,433135.3223983116,473.1776467147318,443.4126472744157
1.59375,0.65625,0.03,3.0841499526407494,59.52824914410328,-38.30412957068716,0.0,353685.07334220136,8460.540447799887,433134.991498518,473.28795680328307,443.4643298066939
1.59375,0.71875,-0.01,3.6008258478673976,32.1925731273584,-40.36038325850366,0.0,290416.3795509122,8270.197797226343,416268.2789833725,389.60069865262165,402.351689823887
1.59375,0.71875,0.01,3.6008258478673976,32.19183098446789,-40.35450329113368,0.0,290341.26061534294,8269.92880159666,416268.2302856218,389.49981220530935,402.29959230348487
1.59375,0.71875,0.03,3.6008258478673976,32.1925731273584,-40.36038325850366,0.0,290416.3795509122,8270.197797226343,416268.2789833725,389.60069865262165,402.351689823887
1.59375,0.78125,-0.01,4.208666095394881,16.695907182385795,-42.82922678313647,0.0,233572.2609931411,8062.325232945594,391331.2471294022,313.36349461104976,360.84456387866425
1.59375,0.78125,0.01,4.208666095394881,16.700070984771365,-42.82317692919331,0.0,233511.77889787973,8062.056096026743,391330.89873128984,313.28223783190964,360.79777641209915
1.59375,0.78125,0.03,4.208666095394881,16.695907182385795,-42.82922678313647,0.0,233572.2609931411,8062.325232945594,391331.2471294022,313.36349461104976,360.84456387866425
1.59375,0.84375,-0.01,4.751270241160647,8.63530068410389,-44.733799420064315,0.0,190324.92182855614,7873.7065910514675,359651.8401501881,255.1038830381757,325.57758749647184
1.59375,0.84375,0.01,4.751270241160647,8.639219470632826,-44.72770631505235,0.0,190277.12134905154,7873.4460373118545,359651.23885991756,255.0397836070321,325.53668131931613
1.59375,0.84375,0.03,4.751270241160647,8.63530068410389,-44.733799420064315,0.0,190324.92182855614,7873.7065910514675,359651.8401501881,255.1038830381757,325.57758749647184
1.59375,0.90625,-0.01,5.1540656370465605,3.5106021824465343,-44.95329739316014,0.0,159208.39496884236,7716.396672637467,326052.71347899054,213.19654087835804,297.6364001021638
1.59375,0.90625,0.01,5.1540656370465605,3.512457649274774,-44.94742646820829,0.0,159169.09442176286,7716.140955843558,326051.9444859247,213.1439220611002,297.5996681698895
1.59375,0.90625,0.03,5.1540656370465605,3.5106021824465343,-44.95329739316014,0.0,159208.39496884236,7716.396672637467,326052.71347899054,213.19654087835804,297.6364001021638
1.59375,0.96875,-0.01,5.512167642422584,-0.4523287442484834,-41.295633761341286,0.0,136856.32022627865,7584.323319209755,299796.5809483519,183.29319843902528,275.9746180636614
1.59375,0.96875,0.01,5.512167642422584,-0.45188427082620164,-41.29075410608523,0.0,136822.57392159558,7584.067852996153,299795.7927741669,183.24799007354963,275.9405820740424
1.59375,0.96875,0.03,5.512167642422584,-0.4523287442484834,-41.295633761341286,0.0,136856.32022627865,7584.323319209755,299796.5809483519,183.29319843902528,275.9746180636614
1.59375,1.03125,-0.01,6.922789844815027,0.092168330065132,8.414564962232937,0.0,136822.07446245378,7520.954776219093,378685.2594832732,184.3486088452849,276.7680146754548
1.59375,1.03125,0.01,8.333412047207469,0.45232874424848346,41.295633761341286,0.0,136799.42242433448,7461.341523777685,453048.31725734036,183.21651676524607,275.9168843081102
1.59375,1.03125,0.03,6.922789844815027,0.092168330065132,8.414564962232937,0.0,136822.07446245378,7520.954776219093,378685.2594832732,184.3486088452849,276.7680146754548
1.65625,-0.03125,-0.01,2.1752253565997894,200.12582515776333,-2.0416046225224013e-16,0.0,551530.1667314122,8871.59645938088,462451.2113990441,716.3140077949787,545.566491382095
1.65625,-0.03125,0.01,2.1752253565997894,200.1258251577633,2.2480739110971153,0.0,551530.166731412,8871.592931704283,462449.0127812031,716.3106022449045,545.5651944953992
1.65625,-0.03125,0.03,2.1752253565997894,200.12582515776333,-2.0416046225224013e-16,0.0,551530.1667314122,8871.59645938088,462451.2113990441,716.3140077949787,545.566491382095
1.65625,0.03125,-0.01,2.1752253565997894,200.1258251577633,-2.248073911097115,0.0,551530.166731412,8871.592931704283,462449.01278120314,716.3106022449045,545.5651944953992
1.65625,0.03125,0.01,2.1752253565997894,200.13347562251434,-2.2478621444503837,0.0,551525.493355963,8871.580391337333,462449.65918312815,716.3022410801601,545.5620104201063
1.65625,0.03125,0.03,2.1752253565997894,200.1258251577633,-2.248073911097115,0.0,551530.166731412,8871.592931704283,462449.01278120314,716.3106022449045,545.5651944953992
1.65625,0.09375,-0.01,2.1748770800024637,200.2378355390184,-6.64438585633163,0.0,551347.9721099233,8871.327573781195,462179.7643695567,716.0084943228352,545.4501348070459
1.65625,0.09375,0.01,2.1748770800024637,200.24564112860963,-6.643772409688672,0.0,551343.0170795491,8871.314470804477,462180.33470968285,715.9997154017913,545.4467909372576
1.65625,0.09375,0.03,2.1748770800024637,200.2378355390184,-6.64438585633163,0.0,551347.9721099233,8871.327573781195,462179.7643695567,716.0084943228352,545.4501348070459
1.65625,0.15625,-0.01,2.17535702173459,200.32854382385582,-10.97669516426497,0.0,550740.7121272043,8870.335115905085,461703.69922690967,715.1141583201431,545.1093789921302
1.65625,0.15625,0.01,2.17535702173459,200.33646739163626,-10.975706235973307,0.0,550734.8885077046,8870.320350826074,461704.1309998841,715.1041851220151,545.1055778488235
1.65625,0.15625,0.03,2.17535702173459,200.32854382385582,-10.97669516426497,0.0,550740.7121272043,8870.335115905085,461703.69922690967,715.1141583201431,545.1093789921302
1.65625,0.21875,-0.01,2.1790416094274563,200.0373825854088,-15.210306657450062,0.0,549002.5481012076,8867.403373242245,460971.4432097177,712.7754638424393,544.2172918382972
1.65625,0.21875,0.01,2.1790416094274563,200.044979890243,-15.20899763549637,0.0,548994.4035834316,8867.384279949832,460971.6763033048,712.762466023247,544.212329777615
1.65625,0.21875,0.03,2.1790416094274563,200.0373825854088,-15.210306657450062,0.0,549002.5481012076,8867.403373242245,460971.4432097177,712.7754638424393,544.2172918382972
1.65625,0.28125,-0.01,2.190827501470259,198.51504323821453,-19.32190536703498,0.0,544714.3171871946,8860.092945867349,459906.29501352384,707.3093503743303,542.1265362141404
1.65625,0.28125,0.01,2.190827501470259,198.52107292139073,-19.32035850173779,0.0,544700.818409066,8860.063923905594,459906.283992479,707.289585021318,542.1189614540872
1.65625,0.28125,0.03,2.190827501470259,198.51504323821453,-19.32190536703498,0.0,544714.3171871946,8860.092945867349,459906.29501352384,707.3093503743303,542.1265362141404
1.65625,0.34375,-0.01,2.218751323388514,194.0815147141427,-23.29491317048939,0.0,535634.065263812,8844.518618924083,458398.590226796,696.1306220985626,537.8254327329591
1.65625,0.34375,0.01,2.218751323388514,194.08363757931423,-23.293196312312972,0.0,535610.3859340652,8844.470406011904,458398.34576048504,696.0982078825253,537.8129110939481
1.65625,0.34375,0.03,2.218751323388514,194.0815147141427,-23.29491317048939,0.0,535634.065263812,8844.518618924083,458398.590226796,696.1306220985626,537.8254327329591
1.65625,0.40625,-0.01,2.2721673173178853,184.04546666205016,-27.08351008118623,0.0,519409.5216370385,8816.45339861036,456313.9766479333,676.6932567095062,530.2636910329935
1.65625,0.40625,0.01,2.2721673173178853,184.04068131292334,-27.081592273278766,0.0,519370.8642815054,8816.375585574422,456313.61082019255,676.6424147876209,530.2437705362998
1.65625,0.40625,0.03,2.2721673173178853,184.04546666205016,-27.08351008118623,0.0,519409.5216370385,8816.45339861036,456313.9766479333,676.6932567095062,530.2636910329935
1.65625,0.46875,-0.01,2.3580868362387752,165.24483838817034,-30.563854344573535,0.0,494932.83413633046,8773.293699082531,453469.9442292152,647.9957294247519,518.8980492260238
1.65625,0.46875,0.01,2.3580868362387752,165.23133936662813,-30.5615149070131,0.0,494877.85293019464,8773.180055713929,453469.67440229794,647.9247332601668,518.869622510573
1.65625,0.46875,0.03,2.3580868362387752,165.24483838817034,-30.563854344573535,0.0,494932.83413633046,8773.293699082531,453469.9442292152,647.9957294247519,518.8980492260238
1.65625,0.53125,-0.01,2.487150513749861,135.8214006552462,-33.52408027024258,0.0,461664.35585986904,8711.437705019014,449490.0167315321,609.0009399500129,503.0428118639898
1.65625,0.53125,0.01,2.487150513749861,135.80120897804002,-33.520954130244235,0.0,461595.0481518064,8711.284912221327,449490.01473925106,608.9113703355212,503.00581766199855
1.65625,0.53125,0.03,2.487150513749861,135.8214006552462,-33.52408027024258,0.0,461664.35585986904,8711.437705019014,449490.0167315321,609.0009399500129,503.0428118639898
1.65625,0.59375,-0.01,2.69569965908991,98.05677123954133,-35.873361220175774,0.0,416708.3578488706,8617.660280617092,443365.3546825637,554.2551800987762,479.9001067249762
1.65625,0.59375,0.01,2.69569965908991,98.03669947831344,-35.869227564432535,0.0,416627.35628507246,8617.460938992574,443365.4519670522,554.1488656600231,479.85407850621925
1.65625,0.59375,0.03,2.69569965908991,98.05677123954133,-35.873361220175774,0.0,416708.3578488706,8617.660280617092,443365.3546825637,554.2551800987762,479.9001067249762
1.65625,0.65625,-0.01,3.049559618187338,60.444704293052084,-37.9816052780113,0.0,357673.410308171,8472.179198060046,433087.6569851499,478.6055633421648,445.9486334545004
1.65625,0.65625,0.01,3.049559618187338,60.432910751157365,-37.9766269833504,0.0,357588.1689875695,8471.932593819338,433087.46457887127,478.49189829935915,445.8956756701613
1.65625,0.65625,0.03,3.049559618187338,60.444704293052084,-37.9816052780113,0.0,357673.410308171,8472.179198060046,433087.6569851499,478.6055633421648,445.9486334545004
1.65625,0.71875,-0.01,3.5814715319665518,32.87331269367557,-40.421610837859994,0.0,291963.2353895475,8275.694547979421,416210.6903387079,391.65223010034447,403.40963628958485
1.65625,0.71875,0.01,3.5814715319665518,32.87168885354003,-40.41609081354084,0.0,291887.11065640394,8275.423790598104,416210.1222350427,391.55000875207236,403.3569878366571
1.65625,0.71875,0.03,3.5814715319665518,32.87331269367557,-40.421610837859994,0.0,291963.2353895475,8275.694547979421,416210.6903387079,391.65223010034447,403.40963628958485
1.65625,0.78125,-0.01,4.197177927481766,17.38261111989475,-43.11746243483954,0.0,234220.5625854787,8065.125084146915,391311.7151966421,314.2047536622587,361.32860285582393
1.65625,0.78125,0.01,4.197177927481766,17.386084871828082,-43.11160678121672,0.0,234160.18388235458,8064.857527280106,391310.85701756604,314.12363960800565,361.28196015012776
1.65625,0.78125,0.03,4.197177927481766,17.38261111989475,-43.11746243483954,0.0,234220.5625854787,8065.125084146915,391311.7151966421,314.2047536622587,361.32860285582393
1.65625,0.84375,-0.01,4.733019247885588,9.352312647550498,-45.100798952132884,0.0,191104.74158597097,7877.809032010323,359703.9975335125,256.1239456563097,326.22786806021
1.65625,0.84375,0.01,4.733019247885588,9.355749487857485,-45.09481524119785,0.0,191057.066125748,7877.550611119989,359702.893258437,256.0600133702012,326.18714989341015
1.65625,0.84375,0.03,4.733019247885588,9.352312647550498,-45.100798952132884,0.0,191104.74158597097,7877.809032010323,359703.9975335125,256.1239456563097,326.22786806021
1.65625,0.90625,-0.01,5.1246732211194175,4.253412950848155,-45.28161279384819,0.0,160192.5259144631,7722.612758677747,326174.57024815265,214.49901337599977,298.544184398215
1.65625,0.90625,0.01,5.1246732211194175,4.254995989054067,-45.27582691276434,0.0,160153.08655408034,7722.358113691746,326173.3231025913,214.44620459208838,298.50743195455715
1.65625,0.90625,0.03,5.1246732211194175,4.253412950848155,-45.28161279384819,0.0,160192.5259144631,7722.612758677747,326174.57024815265,214.49901337599977,298.544184398215
1.65625,0.96875,-0.01,5.473859602033501,0.25821760046284986,-41.499416987213046,0.0,137891.9557371419,7591.9762611066,299962.1676021989,184.67765713455253,277.01490951309694
1.65625,0.96875,0.01,5.473859602033501,0.2585460164416456,-41.494606927688956,0.0,137857.94813474402,7591.721125772948,299960.96713995223,184.63209367881532,276.9807350077282
1.65625,0.96875,0.03,5.473859602033501,0.25821760046284986,-41.499416987213046,0.0,137891.9557371419,7591.9762611066,299962.1676021989,184.67765713455253,277.01490951309694
1.65625,1.03125,-0.01,6.870874180576615,-0.052501473544320776,8.437769304468336,0.0,137887.86737742042,7528.946726211256,378773.5456198709,185.7847277948791,277.84396717101515
1.65625,1.03125,0.01,8.267888759119728,-0.2582176004628498,41.49941698721305,0.0,137885.16061881528,7469.541516798198,453048.31725734024,184.668499293142,277.00804108596986
1.65625,1.03125,0.03,6.870874180576615,-0.052501473544320776,8.437769304468336,0.0,137887.86737742042,7528.946726211256,378773.5456198709,185.7847277948791,277.84396717101515
1.71875,-0.03125,-0.01,2.167419189855184,205.01621951497447,2.0489618164564087e-16,0.0,552997.0985462631,8873.328700830165,461203.60363591806,716.9558940891601,545.8108766889204
1.71875,-0.03125,0.01,2.167419189855184,205.0162195149745,2.15434809793291,0.0,552997.0985462631,8873.325464071886,461201.5917742928,716.9527665853009,545.8096862199536
1.71875,-0.03125,0.03,2.167419189855184,205.01621951497447,2.0489618164564087e-16,0.0,552997.0985462631,8873.328700830165,461203.60363591806,716.9558940891601,545.8108766889204
1.71875,0.03125,-0.01,2.167419189855184,205.0162195149745,-2.15434809793291,0.0,552997.0985462631,8873.325464071886,461201.59177429276,716.9527665853009,545.8096862199536
1.71875,0.03125,0.01,2.167419189855184,205.02302135971058,-2.1541774536849747,0.0,552991.0337253697,8873.310578360864,461202.0896830998,716.9427140719492,545.8058597625866
1.71875,0.03125,0.03,2.167419189855184,205.0162195149745,-2.15434809793291,0.0,552997.0985462631,8873.325464071886,461201.59177429276,716.9527665853009,545.8096862199536
1.71875,0.09375,-0.01,2.166989298695935,205.0706137280126,-6.362496623445923,0.0,552835.192107366,8873.118029681904,460944.3971090966,716.6953815610947,545.7117049745827
1.71875,0.09375,0.01,2.166989298695935,205.07759366124571,-6.36200303691666,0.0,552828.8600658067,8873.10260325775,460944.8121700772,716.6849229293022,545.7077232141612
1.71875,0.09375,0.03,2.166989298695935,205.0706137280126,-6.362496623445923,0.0,552835.192107366,8873.118029681904,460944.3971090966,716.6953815610947,545.7117049745827
1.71875,0.15625,-0.01,2.1672414332025665,205.05616412708426,-10.505346149747073,0.0,552285.3826113507,8872.27167278269,460493.0952193344,715.9113022092058,545.4131134231825
1.71875,0.15625,0.01,2.1672414332025665,205.063311822434,-10.5045551026153,0.0,552278.2268652717,8872.254661236908,460493.3558543109,715.8996942028668,545.4086916571601
1.71875,0.15625,0.03,2.1672414332025665,205.05616412708426,-10.505346149747073,0.0,552285.3826113507,8872.27167278269,460493.0952193344,715.9113022092058,545.4131134231825
1.71875,0.21875,-0.01,2.170306974119742,204.62230850432098,-14.549284189424055,0.0,550700.7085578286,8869.689937228333,459800.30140614137,713.8271201533656,544.6186234110311
1.71875,0.21875,0.01,2.170306974119742,204.62921623505437,-14.548248731746998,0.0,550691.3523506899,8869.668819410505,459800.34007844125,713.8126260264462,544.6130941930326
1.71875,0.21875,0.03,2.170306974119742,204.62230850432098,-14.549284189424055,0.0,550700.7085578286,8869.689937228333,459800.30140614137,713.8271201533656,544.6186234110311
1.71875,0.28125,-0.01,2.1805240881526196,202.93681654111865,-18.4765155135057,0.0,546787.580468178,8863.189395383695,458790.96238387196,708.9288597055197,542.74682844291
1.71875,0.28125,0.01,2.1805240881526196,202.94227683524775,-18.47531559301044,0.0,546773.1508251383,8863.15890679915,458790.72711412684,708.9079492162673,542.7388239829019
1.71875,0.28125,0.03,2.1805240881526196,202.93681654111865,-18.4765155135057,0.0,546787.580468178,8863.189395383695,458790.96238387196,708.9288597055197,542.74682844291
1.71875,0.34375,-0.01,2.204913859626451,198.33059674067124,-22.28682980153421,0.0,538501.9731909627,8849.324706368097,457354.083132146,698.903111857016,538.8953711425135
1.71875,0.34375,0.01,2.204913859626451,198.33224851064318,-22.285544599120534,0.0,538477.8805026774,8849.276180269877,457353.56706620613,698.870239021555,538.8826975495099
1.71875,0.34375,0.03,2.204913859626451,198.33059674067124,-22.28682980153421,0.0,538501.9731909627,8849.324706368097,457354.083132146,698.903111857016,538.8953711425135
1.71875,0.40625,-0.01,2.251719559304926,188.07731044947505,-25.969397487250355,0.0,523616.3543703423,8824.269967910008,455348.0753774206,681.3916606663917,532.101365192854
1.71875,0.40625,0.01,2.251719559304926,188.07199962482625,-25.96800945266538,0.0,523577.8676766238,8824.193470944676,455347.37719003094,681.3411865198335,532.0816571004128
1.71875,0.40625,0.03,2.251719559304926,188.07731044947505,-25.969397487250355,0.0,523616.3543703423,8824.269967910008,455348.0753774206,681.3916606663917,532.101365192854
1.71875,0.46875,-0.01,2.328294300917537,168.8818526975499,-29.450453541231308,0.0,500700.56834618293,8785.038410979038,452578.22775408596,654.9950992641674,521.6929783371123
1.71875,0.46875,0.01,2.328294300917537,168.86748951320462,-29.448746183621513,0.0,500645.7120046544,8784.926886484089,452577.5558105656,654.9245056219871,521.66486423378
1.71875,0.46875,0.03,2.328294300917537,168.8818526975499,-29.450453541231308,0.0,500700.56834618293,8785.038410979038,452578.22775408596,654.9950992641674,521.6929783371123
1.71875,0.53125,-0.01,2.448639283188358,138.708195409174,-32.56174760841831,0.0,468279.4772846461,8726.262453658284,448651.93835531786,617.4250159624717,506.5100617290107
1.71875,0.53125,0.01,2.448639283188358,138.68661513402316,-32.55931291912444,0.0,468209.0651108187,8726.110064166196,448651.4645541202,617.3342615542716,506.4728347710575
1.71875,0.53125,0.03,2.448639283188358,138.708195409174,-32.56174760841831,0.0,468279.4772846461,8726.262453658284,448651.93835531786,617.4250159624717,506.5100617290107
1.71875,0.59375,-0.01,2.65527551518225,99.93960508010466,-35.21004451950955,0.0,422368.11423308816,8631.997395773951,442552.99265107233,561.6634478217944,483.0966733883727
1.71875,0.59375,0.01,2.65527551518225,99.9179212052907,-35.20657074340823,0.0,422284.4626929284,8631.794864876447,442552.5565632391,561.5537950029375,483.049513921317
1.71875,0.59375,0.03,2.65527551518225,99.93960508010466,-35.21004451950955,0.0,422368.11423308816,8631.997395773951,442552.99265107233,561.6634478217944,483.0966733883727
1.71875,0.65625,-0.01,3.021098987632541,61.585941073410034,-37.68232720162737,0.0,360413.16770459356,8480.544904636958,432283.663438958,482.2193729703227,447.6290806645927
1.71875,0.65625,0.01,3.021098987632541,61.572816003201964,-37.677878116859546,0.0,360325.3321978064,8480.29321715064,432282.9093613474,482.1023114728163,447.57474511324324
1.71875,0.65625,0.03,3.021098987632541,61.585941073410034,-37.68232720162737,0.0,360413.16770459356,8480.544904636958,432283.663438958,482.2193729703227,447.6290806645927
1.71875,0.71875,-0.01,3.5754206507480175,33.76053297864492,-40.42267127153145,0.0,291945.7648958116,8276.076678659741,415439.5496504756,391.5887896576109,403.37696250347574
1.71875,0.71875,0.01,3.5754206507480175,33.75788108958068,-40.41751111539406,0.0,291868.79102026625,8275.803311756477,415438.4314175006,391.48545303241985,403.32373528473516
1.71875,0.71875,0.03,3.5754206507480175,33.76053297864492,-40.42267127153145,0.0,291945.7648958116,8276.076678659741,415439.5496504756,391.5887896576109,403.37696250347574
1.71875,0.78125,-0.01,4.206179282739626,18.197366755145374,-43.29131879478669,0.0,233338.93567152813,8061.607279449543,390631.5606938898,312.98691974612063,360.62768181728376
1.71875,0.78125,0.01,4.206179282739626,18.20002862742296,-43.28568867931625,0.0,233278.81307155298,8061.340244656669,390630.1701427423,312.9061551594502,360.58114980106035
1.71875,0.78125,0.03,4.206179282739626,18.197366755145374,-43.29131879478669,0.0,233338.93567152813,8061.607279449543,390631.5606938898,312.98691974612063,360.62768181728376
1.71875,0.84375,-0.01,4.74386142591011,10.082758413172744,-45.32727113667668,0.0,190394.85254132748,7874.28450786613,359149.1166388665,255.1438554964546,325.6030940207522
1.71875,0.84375,0.01,4.74386142591011,10.085645739476385,-45.321430894341745,0.0,190347.47625991338,7874.027144289391,359147.50197772105,255.08032356572363,325.56255320295895
1.71875,0.84375,0.03,4.74386142591011,10.082758413172744,-45.32727113667668,0.0,190394.85254132748,7874.28450786613,359149.1166388665,255.1438554964546,325.6030940207522
1.71875,0.90625,-0.01,5.133208967465588,4.886441885781132,-45.467778433564796,0.0,159726.70712466922,7719.890589914384,325738.73823733575,213.8559420885118,298.09632848563973
1.71875,0.90625,0.01,5.133208967465588,4.887742218010202,-45.46209517445203,0.0,159687.3486566922,7719.6361150113125,325737.0201367314,213.80323799982725,298.05959379575125
1.71875,0.90625,0.03,5.133208967465588,4.886441885781132,-45.467778433564796,0.0,159726.70712466922,7719.890589914384,325738.73823733575,213.8559420885118,298.09632848563973
1.71875,0.96875,-0.01,5.4823873546961615,0.7676999917373218,-41.57586600961086,0.0,137531.99893477175,7589.543768982429,299632.90235110273,184.18790826941847,276.6473561126308
1.71875,0.96875,0.01,5.4823873546961615,0.7679325301540844,-41.57112399345267,0.0,137497.962285421,7589.288108590717,299631.30257985473,184.14230222398388,276.61310420894705
1.71875,0.96875,0.03,5.4823873546961615,0.7676999917373218,-41.57586600961086,0.0,137531.99893477175,7589.543768982429,299632.90235110273,184.18790826941847,276.6473561126308
1.71875,1.03125,-0.01,6.885608814823148,-0.1564482892474694,8.47267576031343,0.0,137538.33346633887,7526.425581018266,378622.3976762419,185.3132454326624,277.49118858475464
1.71875,1.03125,0.01,8.288830274950135,-0.7676999917373221,41.57586600961086,0.0,137542.52326280824,7466.914556743198,453048.31725734816,184.20209199992587,276.658007778212
1.71875,1.03125,0.03,6.885608814823148,-0.1564482892474694,8.47267576031343,0.0,137538.33346633887,7526.425581018266,378622.3976762419,185.3132454326624,277.49118858475464
1.78125,-0.03125,-0.01,2.156571025696456,209.83002487727532,0.0,0.0,554661.5913889606,8875.746989321031,459468.6491265761,717.8534659285195,546.1524257591634
1.78125,-0.03125,0.01,2.1565710256964556,209.83002487727532,2.0670231935558827,0.0,554661.5913889606,8875.744013370051,459466.80633218976,717.8505868281942,546.1513305292328
1.78125,-0.03125,0.03,2.156571025696456,209.83002487727532,0.0,0.0,554661.5913889606,8875.746989321031,459468.6491265761,717.8534659285195,546.1524257591634
1.78125,0.03125,-0.01,2.156571025696456,209.83002487727532,-2.0670231935558827,0.0,554661.5913889606,8875.744013370051,459466.80633218976,717.8505868281942,546.1513305292328
1.78125,0.03125,0.01,2.156571025696456,209.83601138392737,-2.0668920414676437,0.0,554653.9261751277,8875.726405079135,459467.13081308827,717.8385637695609,546.1467568497757
1.78125,0.03125,0.03,2.156571025696456,209.83002487727532,-2.0670231935558827,0.0,554661.5913889606,8875.744013370051,459466.80633218976,717.8505868281942,546.1513305292328
1.78125,0.09375,-0.01,2.15605716287386,209.82813454639486,-6.1011581797071655,0.0,554519.9291773783,8875.595075935495,459221.1226499141,717.6379974234519,546.0704539612016
1.78125,0.09375,0.01,2.15605716287386,209.83431983706828,-6.100778214453094,0.0,554512.0113328944,8875.576949629338,459221.358224375,717.6255804511331,546.0657297332025
1.78125,0.09375,0.03,2.15605716287386,209.82813454639486,-6.1011581797071655,0.0,554519.9291773783,8875.595075935495,459221.1226499141,717.6379974234519,546.0704539612016
1.78125,0.15625,-0.01,2.1560759258862783,209.71178680448656,-10.072510200613634,0.0,554027.6554582759,8874.895810912596,458793.38233317534,716.964165721078,545.814025232425
1.78125,0.15625,0.01,2.1560759258862783,209.7181852194362,-10.071904743996246,0.0,554018.9597378075,8874.876179753996,458793.4484218506,716.9506462255449,545.8088791139609
1.78125,0.15625,0.03,2.1560759258862783,209.71178680448656,-10.072510200613634,0.0,554027.6554582759,8874.895810912596,458793.38233317534,716.964165721078,545.814025232425
1.78125,0.21875,-0.01,2.158511653648293,209.14122698610586,-13.950344036208634,0.0,552596.9782657376,8872.665506606372,458137.8712978751,715.1342935360461,545.1170531639034
1.78125,0.21875,0.01,2.158511653648293,209.14746456706362,-13.9495608451269,0.0,552586.2074015917,8872.642003397274,458137.69315557275,715.118034110903,545.1108561877688
1.78125,0.21875,0.03,2.158511653648293,209.14122698610586,-13.950344036208634,0.0,552596.9782657376,8872.665506606372,458137.8712978751,715.1342935360461,545.1170531639034
1.78125,0.28125,-0.01,2.1671570377634,207.30380918242676,-17.722745608591268,0.0,549057.5373398971,8866.969918455832,457180.9001731257,710.799265273816,543.4623360515208
1.78125,0.28125,0.01,2.1671570377634,207.30871166072006,-17.72185906428335,0.0,549041.9867203794,8866.937631586261,457180.4177967982,710.7769590442296,543.4538085449934
1.78125,0.28125,0.03,2.1671570377634,207.30380918242676,-17.722745608591268,0.0,549057.5373398971,8866.969918455832,457180.9001731257,710.799265273816,543.4623360515208
1.78125,0.34375,-0.01,2.188094112102997,202.54759653051983,-21.40267442812526,0.0,541550.698663495,8854.771103254243,455810.56712699385,701.8987830148404,540.0490554739694
1.78125,0.34375,0.01,2.188094112102997,202.54878441420803,-21.40176424036684,0.0,541526.0210969193,8854.721964861264,455809.7601490111,701.8652268285476,540.0361460604263
1.78125,0.34375,0.03,2.188094112102997,202.54759653051983,-21.40267442812526,0.0,541550.698663495,8854.771103254243,455810.56712699385,701.8987830148404,540.0490554739694
1.78125,0.40625,-0.01,2.2286199777515523,192.1194192283871,-25.006452886140703,0.0,527951.1308012948,8832.581359974889,453878.4032369899,686.231177676543,533.9876205944827
1.78125,0.40625,0.01,2.2286199777515523,192.11359144045537,-25.00551049963161,0.0,527912.6497625493,8832.505869531487,453877.35358004185,686.180857111591,533.9680418779838
1.78125,0.40625,0.03,2.2286199777515523,192.1194192283871,-25.006452886140703,0.0,527951.1308012948,8832.581359974889,453878.4032369899,686.231177676543,533.9876205944827
1.78125,0.46875,-0.01,2.2965547161337936,172.59285090426638,-28.49826889892365,0.0,506498.0060332155,8796.995403075403,451178.15537839604,661.9916230141058,524.4718859908711
1.78125,0.46875,0.01,2.2965547161337936,172.57762119960668,-28.497080959577673,0.0,506443.1179542367,8796.885669427997,451177.05944789044,661.9212378344619,524.4440034407635
1.78125,0.46875,0.03,2.2965547161337936,172.59285090426638,-28.49826889892365,0.0,506498.0060332155,8796.995403075403,451178.15537839604,661.9916230141058,524.4718859908711
1.78125,0.53125,-0.01,2.4094861808593455,141.74119624854615,-31.74178516895883,0.0,474723.02648464066,8740.772306737561,447303.4179900349,625.5713917315363,509.8405875293649
1.78125,0.53125,0.01,2.4094861808593455,141.7181912639742,-31.739914911859906,0.0,474651.36895598157,8740.620004125187,447302.4455860841,625.4792924381526,509.8030556929815
1.78125,0.53125,0.03,2.4094861808593455,141.74119624854615,-31.74178516895883,0.0,474723.02648464066,8740.772306737561,447303.4179900349,625.5713917315363,509.8405875293649
1.78125,0.59375,-0.01,2.6172098259487315,102.02492671748982,-34.63619062521398,0.0,427360.614395571,8644.784506476404,441233.5731946239,568.1350926000043,485.87189019036055
1.78125,0.59375,0.01,2.6172098259487315,102.00155994485294,-34.633260819978176,0.0,427274.19007186854,8644.578312597836,441232.5775290999,568.0219670872835,485.82351503823696
1.78125,0.59375,0.03,2.6172098259487315,102.02492671748982,-34.63619062521398,0.0,427360.614395571,8644.784506476404,441233.5731946239,568.1350926000043,485.87189019036055
1.78125,0.65625,-0.01,3.0000889249800435,62.955430304472465,-37.395959606359874,0.0,361914.0710852976,8485.569553873009,430986.76603555575,484.1417103577448,448.52041590974443
1.78125,0.65625,0.01,3.0000889249800435,62.94087247647211,-37.39196071858288,0.0,361823.7376403341,8485.312303793684,430985.43262071337,484.0214037238467,448.464684981251
1.78125,0.65625,0.03,3.0000889249800435,62.955430304472465,-37.395959606359874,0.0,361914.0710852976,8485.569553873009,430986.76603555575,484.1417103577448,448.52041590974443
1.78125,0.71875,-0.01,3.5817649165914762,34.84777328783757,-40.363884641411985,0.0,290603.45362973673,8272.02567121102,414203.2551358069,389.73267976617757,402.41983437256437
1.78125,0.71875,0.01,3.5817649165914762,34.84397742327248,-40.359054125216275,0.0,290525.8628135096,8271.749289861878,414201.5770941217,389.62855095314245,402.36607149715013
1.78125,0.71875,0.03,3.5817649165914762,34.84777328783757,-40.363884641411985,0.0,290603.45362973673,8272.02567121102,414203.2551358069,389.73267976617757,402.41983437256437
1.78125,0.78125,-0.01,4.23256571529867,19.133895695872916,-43.35650284109551,0.0,231252.3781624433,8052.98875501472,389516.3502495545,310.1474824944582,358.9881361912915
1.78125,0.78125,0.01,4.23256571529867,19.135653426126932,-43.35110349079565,0.0,231192.668401563,8052.721561977103,389514.4267742135,310.06728126496716,358.9417177080691
1.78125,0.78125,0.03,4.23256571529867,19.133895695872916,-43.35650284109551,0.0,231252.3781624433,8052.98875501472,389516.3502495545,310.1474824944582,358.9881361912915
1.78125,0.84375,-0.01,4.778601345685595,10.834637127267767,-45.423152223471895,0.0,188526.45120000755,7864.710858193193,358185.8955294646,252.60933307305845,323.9818360317708
1.78125,0.84375,0.01,4.778601345685595,10.836923060614817,-45.41747395511519,0.0,188479.539984264,7864.453877219558,358183.7855616267,252.54642461364057,323.9414921794674
1.78125,0.84375,0.03,4.778601345685595,10.834637127267767,-45.423152223471895,0.0,188526.45120000755,7864.710858193193,358185.8955294646,252.60933307305845,323.9818360317708
1.78125,0.90625,-0.01,5.172018055962864,5.4416698992080335,-45.529171417430774,0.0,158145.49036572376,7710.1972170279805,324919.54755946033,211.7172934704836,296.6020394111533
1.78125,0.90625,0.01,5.172018055962864,5.44267568402255,-45.52360421781464,0.0,158106.43029160125,7709.942510827022,324917.38651108334,211.6649860671299,296.56539752744897
1.78125,0.90625,0.03,5.172018055962864,5.4416698992080335,-45.529171417430774,0.0,158145.49036572376,7710.1972170279805,324919.54755946033,211.7172934704836,296.6020394111533
1.78125,0.96875,-0.01,5.526792156978856,1.1344573938355695,-41.55200993406397,0.0,136128.7655493786,7579.495109427726,298959.8675391569,182.29762437710113,275.2241066497865
1.78125,0.96875,0.01,5.526792156978856,1.1346053016132314,-41.54733833417896,0.0,136094.93598607907,7579.238719557533,298957.8978856715,182.2522933425289,275.1898852241623
1.78125,0.96875,0.03,5.526792156978856,1.1344573938355695,-41.55200993406397,0.0,136128.7655493786,7579.495109427726,298959.8675391569,182.29762437710113,275.2241066497865
1.78125,1.03125,-0.01,6.950671924710745,-0.2323961365763032,8.512022247929634,0.0,136137.3371780658,7516.033574400345,378304.68356507126,183.42464004408217,276.0735525745214
1.78125,1.03125,0.01,8.374551692442633,-1.1344573938355695,41.55200993406397,0.0,136142.99406373664,7456.227749812718,453048.31725604256,182.3168002724624,275.2385816872583
1.78125,1.03125,0.03,6.950671924710745,-0.2323961365763032,8.512022247929634,0.0,136137.3371780658,7516.033574400345,378304.68356507126,183.42464004408217,276.0735525745214
1.84375,-0.03125,-0.01,2.143500186884583,214.54528156687763,0.0,0.0,556557.5977022998,8878.798558978284,457450.3730672756,719.0603218072699,546.6113289325028
1.84375,-0.03125,0.01,2.143500186884583,214.54528156687763,1.985915120339502,0.0,556557.5977022998,8878.795816603246,457448.68236893933,719.0576642204336,546.6103188166818
1.84375,-0.03125,0.03,2.143500186884583,214.54528156687763,0.0,0.0,556557.5977022998,8878.798558978284,457450.3730672756,719.0603218072699,546.6113289325028
1.84375,0.03125,-0.01,2.1435001868845833,214.54528156687763,-1.985915120339502,0.0,556557.5977022998,8878.795816603246,457448.68236893933,719.0576642204336,546.6103188166818
1.84375,0.03125,0.01,2.1435001868845833,214.55048780596272,-1.9858200216288417,0.0,556548.1006417014,8878.775068348068,457448.8102069668,719.0433598278082,546.604881862256
1.84375,0.03125,0.03,2.1435001868845833,214.54528156687763,-1.985915120339502,0.0,556557.5977022998,8878.795816603246,457448.68236893933,719.0576642204336,546.6103188166818
1.84375,0.09375,-0.01,2.142896770608749,214.491330581211,-5.859742670314798,0.0,556436.3893850849,8878.70585400656,457212.75753226475,718.8894280940086,546.5463705502237
1.84375,0.09375,0.01,2.142896770608749,214.49675286041855,-5.85946465569774,0.0,556426.6546276439,8878.684611842116,457212.7917465264,718.874743222084,546.540788325666
1.84375,0.09375,0.03,2.142896770608749,214.491330581211,-5.859742670314798,0.0,556436.3893850849,8878.70585400656,457212.75753226475,718.8894280940086,546.5463705502237
1.84375,0.15625,-0.01,2.1426724330098854,214.2816148001259,-9.676879197091356,0.0,556001.9075314051,8878.153933032061,456805.14456436876,718.3245031202596,546.3315820420142
1.84375,0.15625,0.01,2.1426724330098854,214.28728879649765,-9.676438188069106,0.0,555991.4424089363,8878.131271425866,456804.9963419996,718.3087663221775,546.3255975901103
1.84375,0.15625,0.03,2.1426724330098854,214.2816148001259,-9.676879197091356,0.0,556001.9075314051,8878.153933032061,456805.14456436876,718.3245031202596,546.3315820420142
1.84375,0.21875,-0.01,2.144469747029174,213.5874065774361,-13.41104647122689,0.0,554724.7015890791,8876.272899076112,456181.78682454984,716.7452606214484,545.7306942929124
1.84375,0.21875,0.01,2.144469747029174,213.5929883004667,-13.410482119428785,0.0,554712.2934840808,8876.246616109729,456181.37534392654,716.7269415676296,545.7237201736622
1.84375,0.21875,0.03,2.144469747029174,213.5874065774361,-13.41104647122689,0.0,554724.7015890791,8876.272899076112,456181.78682454984,716.7452606214484,545.7306942929124
1.84375,0.28125,-0.01,2.151562680248007,211.61669580731314,-17.056264650833,0.0,551553.1993772219,8871.366850690827,455270.66568578285,712.9608198424522,544.288048611152
1.84375,0.28125,0.01,2.151562680248007,211.6210417315958,-17.055641340477703,0.0,551536.3212582882,8871.332405991685,455269.9239975731,712.9368479187839,544.2788982196656
1.84375,0.28125,0.03,2.151562680248007,211.61669580731314,-17.056264650833,0.0,551553.1993772219,8871.366850690827,455270.66568578285,712.9608198424522,544.288048611152
1.84375,0.34375,-0.01,2.169179980118639,206.73818580943964,-20.63541799112334,0.0,544800.599640705,8860.771385089774,453959.9487808678,705.1446774487621,541.2963295400308
1.84375,0.34375,0.01,2.169179980118639,206.7389026411555,-20.634808281870768,0.0,544775.1542627955,8860.721316780297,453958.84501565277,705.1102017166387,541.2830969255347
1.84375,0.34375,0.03,2.169179980118639,206.73818580943964,-20.63541799112334,0.0,544800.599640705,8860.771385089774,453959.9487808678,705.1446774487621,541.2963295400308
1.84375,0.40625,-0.01,2.203827606229758,196.17719813243676,-24.183887618316657,0.0,532423.6485118748,8841.280673060672,452095.56496506126,691.2243554826958,535.926808613051
1.84375,0.40625,0.01,2.203827606229758,196.1708450827368,-24.183284400618746,0.0,532385.0145621002,8841.205895161203,452094.16368864616,691.1739874793286,535.9072823515376
1.84375,0.40625,0.03,2.203827606229758,196.17719813243676,-24.183887618316657,0.0,532423.6485118748,8841.280673060672,452095.56496506126,691.2243554826958,535.926808613051
1.84375,0.46875,-0.01,2.2639483758996812,176.37807011380943,-27.69237915043932,0.0,512311.88690334023,8809.01692040724,449460.1657412566,668.9674409208872,527.2279877353317
1.84375,0.46875,0.01,2.2639483758996812,176.36196372332898,-27.691572003899957,0.0,512256.84283138433,8808.908714567075,449458.64654751075,668.8971160743749,527.2002747260516
1.84375,0.46875,0.03,2.2639483758996812,176.37807011380943,-27.69237915043932,0.0,512311.88690334023,8809.01692040724,449460.1657412566,668.9674409208872,527.2279877353317
1.84375,0.53125,-0.01,2.371050597739077,144.9140851764917,-31.046802418406482,0.0,480919.1706576549,8754.700740894948,445633.5696211733,633.3385076094087,512.9959226756695
1.84375,0.53125,0.01,2.371050597739077,144.88963426489218,-31.045341693236853,0.0,480846.1715667416,8754.548278585215,445632.09507277544,633.2449621126812,512.9580359610924
1.84375,0.53125,0.03,2.371050597739077,144.9140851764917,-31.046802418406482,0.0,480919.1706576549,8754.700740894948,445633.5696211733,633.3385076094087,512.9959226756695
1.84375,0.59375,-0.01,2.582965075149071,104.30256224699542,-34.13720735022603,0.0,431578.943006735,8655.702749073253,439591.4674322541,573.5266257388874,488.1718790825856
1.84375,0.59375,0.01,2.582965075149071,104.27747059837333,-34.13467786491607,0.0,431489.72378743766,8655.492591251992,439589.9084156447,573.410027269231,488.12225367310486
1.84375,0.59375,0.03,2.582965075149071,104.30256224699542,-34.13720735022603,0.0,431578.943006735,8655.702749073253,439591.4674322541,573.5266257388874,488.1718790825856
1.84375,0.65625,-0.01,2.987033895506859,64.53574830450017,-37.115963953432015,0.0,362226.22225830134,8487.32331917306,429374.38428942487,484.440691999453,448.6588863932294
1.84375,0.65625,0.01,2.987033895506859,64.51969035065653,-37.11230884908428,0.0,362133.63601577363,8487.060422970428,429372.4765854459,484.3174919949411,448.6018326687241
1.84375,0.65625,0.03,2.987033895506859,64.53574830450017,-37.115963953432015,0.0,362226.22225830134,8487.32331917306,429374.38428942487,484.440691999453,448.6588863932294
1.84375,0.71875,-0.01,3.599326742586188,36.109752217858436,-40.2459241820752,0.0,288166.7040008619,8264.192167216992,412668.36469659023,386.39471656551154,400.6928157919746
1.84375,0.71875,0.01,3.599326742586188,36.1047352819944,-40.241365359522995,0.0,288088.77134251787,8263.912682341608,412666.1391832367,386.2901774186348,400.6386083754175
1.84375,0.71875,0.03,3.599326742586188,36.109752217858436,-40.2459241820752,0.0,288166.7040008619,8264.192167216992,412668.36469659023,386.39471656551154,400.6928157919746
1.84375,0.78125,-0.01,4.273980503647118,20.17328618897284,-43.31585679248384,0.0,228221.56324446716,8040.200572095271,388115.7548209093,306.0376695172541,356.60169999287643
1.84375,0.78125,0.01,4.273980503647118,20.174082703729034,-43.31066936669846,0.0,228162.3975299762,8039.932693599757,388113.3203679155,305.9582125107978,356.55540447802315
1.84375,0.78125,0.03,4.273980503647118,20.17328618897284,-43.31585679248384,0.0,228221.56324446716,8040.200572095271,388115.7548209093,306.0376695172541,356.60169999287643
1.84375,0.84375,-0.01,4.834245023334467,11.61066122742292,-45.39189242256831,0.0,185734.4212764818,7850.109355795117,356945.2872873081,248.83666522986755,321.55343434072444
1.84375,0.84375,0.01,4.834245023334467,11.612311415653439,-45.38637884947895,0.0,185688.1104371388,7849.852205910093,356942.7191299945,248.7745631487836,321.51330684682796
1.84375,0.84375,0.03,4.834245023334467,11.61066122742292,-45.39189242256831,0.0,185734.4212764818,7850.109355795117,356945.2872873081,248.83666522986755,321.55343434072444
1.84375,0.90625,-0.01,5.237588922022585,5.94972759012804,-45.470858165520916,0.0,155659.76144829762,7694.622081603953,323832.07811797416,208.36693038806573,294.2458613385226
1.84375,0.90625,0.01,5.237588922022585,5.950424253808533,-45.465413147409926,0.0,155621.19563665846,7694.36690746851,323829.5220972919,208.315282972946,294.2093920678239
1.84375,0.90625,0.03,5.237588922022585,5.94972759012804,-45.470858165520916,0.0,155659.76144829762,7694.622081603953,323832.07811797416,208.36693038806573,294.2458613385226
1.84375,0.96875,-0.01,5.602718536057142,1.409655645210566,-41.43600704231152,0.0,133882.12669754442,7563.042833295645,298043.26183070807,179.27582451916456,272.93349117358844
1.84375,0.96875,0.01,5.602718536057142,1.4097203080416798,-41.43140628912443,0.0,133848.71774173257,7562.78567622877,298040.9677932374,179.23105575810217,272.8994105684485
1.84375,0.96875,0.03,5.602718536057142,1.409655645210566,-41.43600704231152,0.0,133882.12669754442,7563.042833295645,298043.26183070807,179.27582451916456,272.93349117358844
1.84375,1.03125,-0.01,7.059266996440632,-0.29085161197063686,8.549413810975627,0.0,133889.65508548167,7499.074353895888,377868.77936617396,180.3949683960861,273.7840705153273
1.84375,1.03125,0.01,8.515815456824123,-1.4096556452105657,41.43600704231152,0.0,133894.60819035815,7438.8522921902,453048.317589562,179.292645938051,272.9462955238245
1.84375,1.03125,0.03,7.059266996440632,-0.29085161197063686,8.549413810975627,0.0,133889.65508548167,7499.074353895888,377868.77936617396,180.3949683960861,273.7840705153273
1.90625,-0.03125,-0.01,2.1287115430079977,219.1500338396652,-2.0862363919297346e-16,0.0,558717.985970581,8882.46833376745,455282.1567499248,720.6261688741478,547.206163790747
1.90625,-0.03125,0.01,2.1287115430079977,219.15003383966524,1.910238795828707,0.0,558717.9859705811,8882.465801928724,455280.6032471902,720.6237099710097,547.2052302081496
1.90625,-0.03125,0.03,2.1287115430079977,219.1500338396652,-2.0862363919297346e-16,0.0,558717.985970581,8882.46833376745,455282.1567499248,720.6261688741478,547.206163790747
1.90625,0.03125,-0.01,2.1287115430079977,219.15003383966524,-1.910238795828707,0.0,558717.9859705811,8882.465801928724,455280.60324719024,720.6237099710097,547.2052302081495
1.90625,0.03125,0.01,2.1287115430079977,219.15449649365829,-1.9101750554804264,0.0,558706.4067558458,8882.441466554756,455280.5106713729,720.6067866641239,547.1988048183921
1.90625,0.03125,0.03,2.1287115430079977,219.15003383966524,-1.910238795828707,0.0,558717.9859705811,8882.465801928724,455280.60324719024,720.6237099710097,547.2052302081495
1.90625,0.09375,-0.01,2.1280107538444155,219.05116214847652,-5.635951841280613,0.0,558617.7043420855,8882.434999051668,455051.7004045295,720.4988093614659,547.1578065475044
1.90625,0.09375,0.01,2.1280107538444155,219.05585369696544,-5.63576036435883,0.0,558605.9028298057,8882.41019564687,455051.511487495,720.4815207721161,547.1512418986451
1.90625,0.09375,0.03,2.1280107538444155,219.05116214847652,-5.635951841280613,0.0,558617.7043420855,8882.434999051668,455051.7004045295,720.4988093614659,547.1578065475044
1.90625,0.15625,-0.01,2.1275315630398928,218.7618266779746,-9.314806158608475,0.0,558241.3476180427,8882.029362936999,454659.0063932835,720.0398873388332,546.9835225918895
1.90625,0.15625,0.01,2.1275315630398928,218.76679962699112,-9.31450265135278,0.0,558228.8650726749,8882.003231161867,454658.62559235847,720.0216021338755,546.9765773035149
1.90625,0.15625,0.03,2.1275315630398928,218.7618266779746,-9.314806158608475,0.0,558241.3476180427,8882.029362936999,454659.0063932835,720.0398873388332,546.9835225918895
1.90625,0.21875,-0.01,2.1286872052800545,217.96376195263144,-12.926623576050279,0.0,557115.6942782778,8880.490660234706,454060.44129746704,718.7035643092553,546.4757131307683
1.90625,0.21875,0.01,2.1286872052800545,217.96869700048347,-12.926237169999558,0.0,557101.4076246966,8880.461174187216,454059.7838758527,718.6828670956396,546.4678443747447
1.90625,0.21875,0.03,2.1286872052800545,217.96376195263144,-12.926623576050279,0.0,557115.6942782778,8880.490660234706,454060.44129746704,718.7035643092553,546.4757131307683
1.90625,0.28125,-0.01,2.1342714538983008,215.88471276700793,-16.47137837424515,0.0,554301.3767064566,8876.346613371003,453186.5523750574,715.4482735181077,545.2367069560194
1.90625,0.28125,0.01,2.1342714538983008,215.88849267642377,-16.47095889820884,0.0,554282.9446680577,8876.309619678608,453185.5470828284,715.4223420343601,545.2268257909889
1.90625,0.28125,0.03,2.1342714538983008,215.88471276700793,-16.47137837424515,0.0,554301.3767064566,8876.346613371003,453186.5523750574,715.4482735181077,545.2367069560194
1.90625,0.34375,-0.01,2.1487538192347024,210.91390257472256,-19.978438508036806,0.0,548268.3805349169,8867.270613005641,451927.3133514769,708.6610166882174,542.6442901701704
1.90625,0.34375,0.01,2.1487538192347024,210.914122130774,-19.978043449792175,0.0,548241.9639942558,8867.219263528756,451925.91995907953,708.6253631093223,542.6306394585414
1.90625,0.34375,0.03,2.1487538192347024,210.91390257472256,-19.978438508036806,0.0,548268.3805349169,8867.270613005641,451927.3133514769,708.6610166882174,542.6442901701704
1.90625,0.40625,-0.01,2.178003039365324,200.25694360859706,-23.49377297801342,0.0,537034.6400825708,8850.283032376876,450124.98403237405,696.3709429467265,537.9182597878824
1.90625,0.40625,0.01,2.178003039365324,200.25003269989924,-23.493387472014124,0.0,536995.6832863385,8850.208654042102,450123.24974902486,696.3203178716009,537.8987065256874
1.90625,0.40625,0.03,2.178003039365324,200.25694360859706,-23.49377297801342,0.0,537034.6400825708,8850.283032376876,450124.98403237405,696.3709429467265,537.9182597878824
1.90625,0.46875,-0.01,2.2312720682135354,180.23209913420962,-27.023251077989602,0.0,518109.7256007919,8820.959018971716,447550.9672874869,675.8797746256307,529.9448687858408
1.90625,0.46875,0.01,2.2312720682135354,180.21509036078504,-27.022666602125327,0.0,518054.40818736586,8820.852085240944,447549.0481549817,675.8093753845659,529.9172686937036
1.90625,0.46875,0.03,2.2312720682135354,180.23209913420962,-27.023251077989602,0.0,518109.7256007919,8820.959018971716,447550.9672874869,675.8797746256307,529.9448687858408
1.90625,0.53125,-0.01,2.334352862731246,148.21014998362853,-30.467589275533154,0.0,486774.27842678764,8767.792006861913,443768.5003092222,640.6024489886406,515.9293843189782
1.90625,0.53125,0.01,2.334352862731246,148.18423945612508,-30.466360204982532,0.0,486699.87850592897,8767.639181103785,443766.5434265402,640.5074050434822,515.8911095799847
1.90625,0.53125,0.03,2.334352862731246,148.21014998362853,-30.467589275533154,0.0,486774.27842678764,8767.792006861913,443768.5003092222,640.6024489886406,515.9293843189782
1.90625,0.59375,-0.01,2.5535027259122858,106.75060821343114,-33.709834240233455,0.0,434930.2205246597,8664.506955556992,437749.31252925936,577.7145524062518,489.9509677670264
1.90625,0.59375,0.01,2.5535027259122858,106.72378222062352,-33.7075371438171,0.0,434838.3136475694,8664.292764053027,437747.2090349907,577.5946519833973,489.900122261815
1.90625,0.59375,0.03,2.5535027259122858,106.75060821343114,-33.709834240233455,0.0,434930.2205246597,8664.506955556992,437749.31252925936,577.7145524062518,489.9509677670264
1.90625,0.65625,-0.01,2.981830329238576,66.29782881481508,-36.84995566715352,0.0,361443.68579183077,8486.006794289506,427565.7799833974,483.2439691680806,448.10437854223306
1.90625,0.65625,0.01,2.981830329238576,66.28024239943566,-36.846512737983176,0.0,361349.2566573938,8485.73863862931,427563.3253555183,483.11844830276897,448.04617802048773
1.90625,0.65625,0.03,2.981830329238576,66.29782881481508,-36.84995566715352,0.0,361443.68579183077,8486.006794289506,427565.7799833974,483.2439691680806,448.10437854223306
1.90625,0.71875,-0.01,3.6258985735229596,37.51056984658519,-40.087046271304104,0.0,284924.6213280189,8253.452953622833,410947.68268594524,381.9644397082644,398.38908618030445
1.90625,0.71875,0.01,3.6258985735229596,37.50429999338714,-40.08267474963668,0.0,284846.66729613376,8253.170675525782,410944.943167096,381.85993346306486,398.33458242107565
1.90625,0.71875,0.03,3.6258985735229596,37.51056984658519,-40.087046271304104,0.0,284924.6213280189,8253.452953622833,410947.68268594524,381.9644397082644,398.38908618030445
1.90625,0.78125,-0.01,4.325375400407981,21.29088402496681,-43.19598041677673,0.0,224625.5389846662,8024.748832145964,386531.6460359401,301.1670374006746,353.75263586400075
1.90625,0.78125,0.01,4.325375400407981,21.290700652551024,-43.190961130171,0.0,224567.00492043069,8024.479950589042,386528.7440434375,301.08844796714067,353.70647703895145
1.90625,0.78125,0.03,4.325375400407981,21.29088402496681,-43.19598041677673,0.0,224625.5389846662,8024.748832145964,386531.6460359401,301.1670374006746,353.75263586400075
1.90625,0.84375,-0.01,4.902560263157217,12.41228460075356,-45.26747363927643,0.0,182437.12183667475,7832.557516582601,355517.1738623706,244.38748968642633,318.66579627331186
1.90625,0.84375,0.01,4.902560263157217,12.413282440283194,-45.26210658617905,0.0,182391.44797218853,7832.299635406567,355514.2052283286,244.3262453307386,318.62586439243836
1.90625,0.84375,0.03,4.902560263157217,12.41228460075356,-45.26747363927643,0.0,182437.12183667475,7832.557516582601,355517.1738623706,244.38748968642633,318.66579627331186
1.90625,0.90625,-0.01,5.319092239279019,6.441287301720441,-45.331647407892305,0.0,152687.45575204733,7675.651459647745,322555.76975192764,204.36554114910905,291.4068799089647
1.90625,0.90625,0.01,5.319092239279019,6.4416545964751615,-45.32631470821141,0.0,152649.45708120408,7675.395412147378,322552.8857431299,204.31465258991912,291.37059639600426
1.90625,0.90625,0.03,5.319092239279019,6.441287301720441,-45.331647407892305,0.0,152687.45575204733,7675.651459647745,322555.76975192764,204.36554114910905,291.4068799089647
1.90625,0.96875,-0.01,5.697488989021819,1.641486532345796,-41.268763147806226,0.0,131182.60497880724,7542.889069693506,296948.83336169086,175.64649910231051,270.1566828841961
1.90625,0.96875,0.01,5.697488989021819,1.6414553689559968,-41.264222177218535,0.0,131149.71007390297,7542.630895013441,296946.27742999577,175.60241896238998,270.12278157766013
1.90625,0.96875,0.03,5.697488989021819,1.641486532345796,-41.268763147806226,0.0,131182.60497880724,7542.889069693506,296948.83336169086,175.64649910231051,270.1566828841961
1.90625,1.03125,-0.01,7.194728058454526,-0.34159094337746637,8.587969171781586,0.0,131188.32623979033,7478.303593827425,377346.19573373557,176.7538966177308,271.00697246122564
1.90625,1.03125,0.01,8.691967127887233,-1.641486532345796,41.268763147806226,0.0,131192.07649262025,7417.584770476537,453048.1857930105,175.65926394572426,270.1664993198219
1.90625,1.03125,0.03,7.194728058454526,-0.34159094337746637,8.587969171781586,0.0,131188.32623979033,7478.303593827425,377346.19573373557,176.7538966177308,271.00697246122564
1.96875,-0.03125,-0.01,2.112503547364925,223.63800343856255,0.0,0.0,561173.9587924953,8886.76436530736,453049.74555973057,722.597008762132,547.9539297065411
1.96875,-0.03125,0.01,2.112503547364925,223.63800343856255,1.8386631251105423,0.0,561173.9587924953,8886.76202604538,453048.31725734036,722.5947306744717,547.9530659553394
1.96875,-0.03125,0.03,2.112503547364925,223.63800343856255,0.0,0.0,561173.9587924953,8886.76436530736,453049.74555973057,722.597008762132,547.9539297065411
1.96875,0.03125,-0.01,2.112503547364925,223.63800343856255,-1.8386631251105423,0.0,561173.9587924953,8886.76202604538,453048.31725734036,722.5947306744717,547.9530659553394
1.96875,0.03125,0.01,2.112503547364925,223.64178914851732,-1.838625343925697,0.0,561160.0310665208,8886.733643791391,453047.94667721586,722.574819229337,547.9455163482717
1.96875,0.03125,0.03,2.112503547364925,223.63800343856255,-1.8386631251105423,0.0,561173.9587924953,8886.76202604538,453048.31725734036,722.5947306744717,547.9530659553394
1.96875,0.09375,-0.01,2.1116957771078053,223.50460834537364,-5.426000910312916,0.0,561095.3767385655,8886.790100952157,452822.7713361341,722.5114569000224,547.9214912476945
1.96875,0.09375,0.01,2.1116957771078053,223.5086333633211,-5.4258788880368725,0.0,561081.242375225,8886.761278741584,452822.30135965254,722.4911963617267,547.9138088351348
1.96875,0.09375,0.03,2.1116957771078053,223.50460834537364,-5.426000910312916,0.0,561095.3767385655,8886.790100952157,452822.7713361341,722.5114569000224,547.9214912476945
1.96875,0.15625,-0.01,2.110948689564715,223.15520388129025,-8.980642321157584,0.0,560777.6273177656,8886.52806784533,452438.1496858037,722.1538798380931,547.7858889660489
1.96875,0.15625,0.01,2.110948689564715,223.1595331085697,-8.980447274415472,0.0,560762.8625357692,8886.498014025226,452437.4792223173,722.132681550576,547.7778489843263
1.96875,0.15625,0.03,2.110948689564715,223.15520388129025,-8.980642321157584,0.0,560777.6273177656,8886.52806784533,452438.1496858037,722.1538798380931,547.7858889660489
1.96875,0.21875,-0.01,2.1114649478461813,222.28045493521313,-12.490472553865066,0.0,559800.3831951083,8885.319731951866,451855.0383481986,721.0486211855741,547.3665344858322
1.96875,0.21875,0.01,2.1114649478461813,222.28478482989897,-12.490221334319926,0.0,559783.9584527187,8885.286605066492,451854.084014525,721.0251925266726,547.3576417651287
1.96875,0.21875,0.03,2.1114649478461813,222.28045493521313,-12.490472553865066,0.0,559800.3831951083,8885.319731951866,451855.0383481986,721.0486211855741,547.3665344858322
1.96875,0.28125,-0.01,2.115606487880607,220.12445127874955,-15.96154271958916,0.0,557327.8760961718,8881.898386263387,451008.1236564399,718.2925925172395,546.319446883198
1.96875,0.28125,0.01,2.115606487880607,220.12767485361186,-15.961266045006438,0.0,557307.6427326141,8881.858430601475,451006.8232925821,718.26437346025,546.308715343443
1.96875,0.28125,0.03,2.115606487880607,220.12445127874955,-15.96154271958916,0.0,557327.8760961718,8881.898386263387,451008.1236564399,718.2925925172395,546.319446883198
1.96875,0.34375,-0.01,2.127185463179821,215.0921402985736,-19.425815081311907,0.0,551969.7601456442,8874.237088813741,449791.82390098675,712.4646423055885,544.0986198942413
1.96875,0.34375,0.01,2.127185463179821,215.09181876825937,-19.425546180062884,0.0,551942.1470339515,8874.18407485981,449790.15487212694,712.4275281148728,544.084447932756
1.96875,0.34375,0.03,2.127185463179821,215.0921402985736,-19.425815081311907,0.0,551969.7601456442,8874.237088813741,449791.82390098675,712.4646423055885,544.0986198942413
1.96875,0.40625,-0.01,2.1515930149573808,204.36667137710032,-22.930230829268737,0.0,541780.804033748,8859.52288836493,448047.2344766798,701.6644718408736,539.958907083974
1.96875,0.40625,0.01,2.1515930149573808,204.3590861694801,-22.92993522546923,0.0,541741.3426872013,8859.44856283239,448045.2625666052,701.613387698742,539.9392510797685
1.96875,0.40625,0.03,2.1515930149573808,204.36667137710032,-22.930230829268737,0.0,541780.804033748,8859.52288836493,448047.2344766798,701.6644718408736,539.958907083974
1.96875,0.46875,-0.01,2.1991074124400822,184.14601346977778,-26.48373960836817,0.0,523848.4482346921,8832.688113300272,445532.948493359,682.6723407876876,532.6011744674433
1.96875,0.46875,0.01,2.1991074124400822,184.12791089110723,-26.48320770484022,0.0,523792.7583759149,8832.582173440627,445530.83545253694,682.6017984449921,532.573656210916
1.96875,0.46875,0.03,2.1991074124400822,184.14601346977778,-26.48373960836817,0.0,523848.4482346921,8832.688113300272,445532.948493359,682.6723407876876,532.6011744674433
1.96875,0.53125,-0.01,2.300151951964954,151.60859832752473,-29.99702005458867,0.0,492185.2801182564,8779.806954142356,441788.847702937,647.2274743514288,518.5903587056991
1.96875,0.53125,0.01,2.300151951964954,151.58098600922747,-29.995829296340165,0.0,492109.50717136275,8779.653600586262,441786.72103913565,647.1310439676687,518.5517248929423
1.96875,0.53125,0.03,2.300151951964954,151.60859832752473,-29.99702005458867,0.0,492185.2801182564,8779.806954142356,441788.847702937,647.2274743514288,518.5903587056991
1.96875,0.59375,-0.01,2.5294780086743716,109.345063497772,-33.35223264749549,0.0,437327.80995912605,8670.990154727224,435783.19233561226,580.5841681835225,491.16629929548026
1.96875,0.59375,0.01,2.5294780086743716,109.3162664841589,-33.34998365501394,0.0,437233.5302292909,8670.77212546971,435780.8960570098,580.4614507619651,491.11438791854977
1.96875,0.59375,0.03,2.5294780086743716,109.345063497772,-33.35223264749549,0.0,437327.80995912605,8670.990154727224,435783.19233561226,580.5841681835225,491.16629929548026
1.96875,0.65625,-0.01,2.984323846230168,68.20676517854403,-36.604228074398854,0.0,359646.8982016007,8481.784024364899,425634.9428150115,480.6615660877073,446.90546421000954
1.96875,0.65625,0.01,2.984323846230168,68.18749433867906,-36.600848186280714,0.0,359551.2323747169,8481.511440496235,425632.21019120095,480.534574310843,446.8464236375194
1.96875,0.65625,0.03,2.984323846230168,68.20676517854403,-36.604228074398854,0.0,359646.8982016007,8481.784024364899,425634.9428150115,480.6615660877073,446.90546421000954
1.96875,0.71875,-0.01,3.6602318354828016,39.00803565571549,-39.89839930602873,0.0,281061.388198348,8240.34048338214,409110.8997935384,376.69088091899926,395.6293654918231
1.96875,0.71875,0.01,3.6602318354828016,39.00047270419599,-39.89411243140405,0.0,280983.7951822033,8240.056057272097,409107.78221013077,376.5869361769314,395.5747763953593
1.96875,0.71875,0.03,3.6602318354828016,39.00803565571549,-39.89839930602873,0.0,281061.388198348,8240.34048338214,409110.8997935384,376.69088091899926,395.6293654918231
1.96875,0.78125,-0.01,4.38499494681307,22.45799290118862,-43.00784725908911,0.0,220632.1763908455,8007.247428472303,384826.23791224713,295.76166874035033,350.5636726687327
1.96875,0.78125,0.01,4.38499494681307,22.456851309461697,-43.00293714497151,0.0,220574.3738879909,8006.977451446738,384822.93378406856,295.6840869286739,350.51769113784053
1.96875,0.78125,0.03,4.38499494681307,22.45799290118862,-43.00784725908911,0.0,220632.1763908455,8007.247428472303,384826.23791224713,295.76166874035033,350.5636726687327
1.96875,0.84375,-0.01,4.982158008435074,13.238396966337318,-45.057360730386314,0.0,178757.82727759928,7812.562888113686,353956.43220881774,239.42738116238004,315.41538551661074
1.96875,0.84375,0.01,4.982158008435074,13.238756537037048,-45.05211273258124,0.0,178712.82379354766,7812.303838102659,353953.1211396645,239.36704181319345,315.3756382700131
1.96875,0.84375,0.03,4.982158008435074,13.238396966337318,-45.057360730386314,0.0,178757.82727759928,7812.562888113686,353956.43220881774,239.42738116238004,315.41538551661074
1.96875,0.90625,-0.01,5.416196679151486,6.94486644183552,-45.11339149158212,0.0,149308.69991539893,7653.5948267324375,321139.92983466544,199.82072140770222,288.1484099545379
1.96875,0.90625,0.01,5.416196679151486,6.944885642666261,-45.10815791828831,0.0,149271.32870610623,7653.337518863557,321136.78693390125,199.77067389814113,288.11232257256125
1.96875,0.90625,0.03,5.416196679151486,6.94486644183552,-45.11339149158212,0.0,149308.69991539893,7653.5948267324375,321139.92983466544,199.82072140770222,288.1484099545379
1.96875,0.96875,-0.01,5.8118119361373015,1.8846228863006502,-41.05408195808049,0.0,128077.423940905,7519.1492605453805,295709.6370975349,171.47295042652667,266.9277811716689
1.96875,0.96875,0.01,5.8118119361373015,1.8844680132645486,-41.049587192422145,0.0,128045.12629069577,7518.889798548533,295706.8891613758,171.42967166646238,266.8940935480747
1.96875,0.96875,0.03,5.8118119361373015,1.8846228863006502,-41.05408195808049,0.0,128077.423940905,7519.1492605453805,295709.6370975349,171.47295042652667,266.9277811716689
1.96875,1.03125,-0.01,7.3586758540174815,-0.3961581025450729,8.629793964864612,0.0,128079.40258938208,7453.813581249101,376794.5348699099,172.5634601709204,267.77522097875453
1.96875,1.03125,0.01,8.905539771897661,-1.88462288630065,41.05408195808049,0.0,128080.69387889735,7392.502198290632,453128.79383016936,171.47735735104465,266.93121122586257
1.96875,1.03125,0.03,7.3586758540174815,-0.3961581025450729,8.629793964864612,0.0,128079.40258938208,7453.813581249101,376794.5348699099,172.5634601709204,267.77522097875453
2.03125,-0.03125,-0.01,2.1047555585949405,225.726763134655,-0.5846912925305054,0.0,563621.90866111,8890.588200149403,453053.27439326217,725.2634123066465,548.9639815886446
2.03125,-0.03125,0.01,2.1008815642099483,226.77692206263364,0.045764052754640114,0.0,564852.6564654548,8892.50347662288,453053.8687713915,726.6021148627757,549.4703911656937
2.03125,-0.03125,0.03,2.1047555585949405,225.726763134655,-0.5846912925305054,0.0,563621.90866111,8890.588200149403,453053.27439326217,725.2634123066465,548.9639815886446
2.03125,0.03125,-0.01,2.1008815642099483,226.77692206263364,-1.8030733218769697,0.0,564852.6564654548,8892.50124088486,453052.5036659542,726.5999255237895,549.4695633551006
2.03125,0.03125,0.01,2.089259581054972,229.95077241829355,-1.7670874543923776,0.0,568572.2928485558,8898.25855102955,453048.31725734036,730.6361895978908,550.9936020515262
2.03125,0.03125,0.03,2.1008815642099483,226.77692206263364,-1.8030733218769697,0.0,564852.6564654548,8892.50124088486,453052.5036659542,726.5999255237895,549.4695633551006
2.03125,0.09375,-0.01,2.0999896577226784,226.63443251466933,-5.3216107782673365,0.0,564793.4654191192,8892.57308900169,452826.9361991518,726.5467960213723,549.4494741855711
2.03125,0.09375,0.01,2.0882835383375515,229.7993556096258,-5.21604997934522,0.0,568533.0257391853,8898.374725502385,452822.7713361341,730.6139490986415,550.9852158901067
2.03125,0.09375,0.03,2.0999896577226784,226.63443251466933,-5.3216107782673365,0.0,564793.4654191192,8892.57308900169,452826.9361991518,726.5467960213723,549.4494741855711
2.03125,0.15625,-0.01,2.099053977983695,226.26907739342565,-8.814507455590668,0.0,564518.0277651688,8892.406336568047,452442.2782653713,726.2538171187201,549.3386806781137
2.03125,0.15625,0.01,2.087159266402675,229.41845222835502,-8.646478483706693,0.0,568301.0725791927,8898.304439157844,452438.1496858036,730.387168022481,550.8996969110632
2.03125,0.15625,0.03,2.099053977983695,226.26907739342565,-8.814507455590668,0.0,564518.0277651688,8892.406336568047,452442.2782653713,726.2538171187201,549.3386806781137
2.03125,0.21875,-0.01,2.099180891372435,225.37265569972755,-12.273673483886274,0.0,563626.2479123371,8891.389020092514,451859.11980430735,725.275619155483,548.9686013530157
2.03125,0.21875,0.01,2.086896834898689,228.50126817198947,-12.054321531679854,0.0,567497.1634779986,8897.48049374724,451855.0383481987,729.539212083693,550.5798156534765
2.03125,0.21875,0.03,2.099180891372435,225.37265569972755,-12.273673483886274,0.0,563626.2479123371,8891.389020092514,451859.11980430735,725.275619155483,548.9686013530157
2.03125,0.28125,-0.01,2.102535305786593,223.19051657068246,-15.708209956107655,0.0,561322.2675797534,8888.344213803535,451012.1533823449,722.7653508169766,548.0177538834578
2.03125,0.28125,0.01,2.089464123692579,226.29494965348806,-15.45170706493317,0.0,565366.6436404769,8894.816945641833,451008.1236564399,727.2810834171551,549.727055711738
2.03125,0.28125,0.03,2.102535305786593,223.19051657068246,-15.708209956107655,0.0,561322.2675797534,8888.344213803535,451012.1533823449,722.7653508169766,548.0177538834578
2.03125,0.34375,-0.01,2.11262774896315,218.12535768596544,-19.151407510870236,0.0,556269.2604456568,8881.377757516117,449795.79732195585,717.3807768302127,545.972582084934
2.03125,0.34375,0.01,2.0980700347464785,221.2006707007198,-18.87319165458701,0.0,560628.4301129977,8888.554650345386,449791.8239009868,722.3523761080296,547.8611679252405
2.03125,0.34375,0.03,2.11262774896315,218.12535768596544,-19.151407510870236,0.0,556269.2604456568,8881.377757516117,449795.79732195585,717.3807768302127,545.972582084934
2.03125,0.40625,-0.01,2.134620747919203,207.3430290280901,-22.65069999955366,0.0,546531.0238159626,8867.75571536645,448051.1107215486,707.2492329750079,542.103496839649
2.03125,0.40625,0.01,2.117648480881025,210.36709354084186,-22.36668868052406,0.0,551357.3829957439,8876.041370198334,448047.2344766798,712.9111746523819,544.2690982331789
2.03125,0.40625,0.03,2.134620747919203,207.3430290280901,-22.65069999955366,0.0,546531.0238159626,8867.75571536645,448051.1107215486,707.2492329750079,542.103496839649
2.03125,0.46875,-0.01,2.1792372950865975,186.99398208635338,-26.216443230388236,0.0,528992.2087112837,8842.12196549512,445536.5800304385,688.901864009706,535.0257026847524
2.03125,0.46875,0.01,2.1593671777331123,189.89435822991422,-25.944228138746737,0.0,534230.6232386305,8851.630069547851,445532.94849335897,695.2346874770851,537.4792250315155
2.03125,0.46875,0.03,2.1792372950865975,186.99398208635338,-26.216443230388236,0.0,528992.2087112837,8842.12196549512,445536.5800304385,688.901864009706,535.0257026847524
2.03125,0.53125,-0.01,2.2790341643035705,154.1891638538663,-29.763915520371352,0.0,497026.0848903529,8789.393078088071,441791.96462396317,653.2290976170129,520.9892077978403
2.03125,0.53125,0.01,2.257916376642187,156.81799810777395,-29.52645083364419,0.0,501957.435507676,8799.057920212072,441788.847702937,659.3336760013411,523.4179296241937
2.03125,0.53125,0.03,2.2790341643035705,154.1891638538663,-29.763915520371352,0.0,497026.0848903529,8789.393078088071,441791.96462396317,653.2290976170129,520.9892077978403
2.03125,0.59375,-0.01,2.512868981512605,111.52005966002555,-33.174613838370355,0.0,440412.3242560225,8677.838814871488,435785.61702195957,584.4254513491537,492.7884571949716
2.03125,0.59375,0.01,2.4962599543508386,113.72400340651134,-32.99463105475753,0.0,443537.8911483095,8684.724615201481,435783.19233561226,588.3113124443228,494.4240250502245
2.03125,0.59375,0.03,2.512868981512605,111.52005966002555,-33.174613838370355,0.0,440412.3242560225,8677.838814871488,435785.61702195957,584.4254513491537,492.7884571949716
2.03125,0.65625,-0.01,2.980159065043348,69.96888096841973,-36.48153613930822,0.0,360264.6013880504,8483.239327652098,425636.8072238425,481.33602155865503,447.21889906180434
2.03125,0.65625,0.01,2.9759942838565276,71.73593334172654,-36.358500481644185,0.0,360884.03507560166,8484.69016313514,425634.94281501137,482.0081438419951,447.5310312472486
2.03125,0.65625,0.03,2.980159065043348,69.96888096841973,-36.48153613930822,0.0,360264.6013880504,8483.239327652098,425636.8072238425,481.33602155865503,447.21889906180434
2.03125,0.71875,-0.01,3.6710789106954214,40.44387663641889,-39.80379714072732,0.0,280289.8794504785,8237.269502787087,409112.41068989213,375.57931905441694,395.04521089805826
2.03125,0.71875,0.01,3.681925985908041,41.87125810696392,-39.70975234075337,0.0,279522.9161823505,8234.202109663294,409110.8997935384,374.47154021447227,394.46218372604176
2.03125,0.71875,0.03,3.6710789106954214,40.44387663641889,-39.80379714072732,0.0,280289.8794504785,8237.269502787087,409112.41068989213,375.57931905441694,395.04521089805826
2.03125,0.78125,-0.01,4.407469255538376,23.633819788514344,-42.9133009985022,0.0,219536.81487987735,8001.938974915971,384827.4517637041,294.25439415051926,349.6692520903486
2.03125,0.78125,0.01,4.429943564263683,24.797715528328087,-42.819714101401495,0.0,218452.56803205155,7996.652853436693,384826.23791224713,292.7605670168149,348.78054820592695
2.03125,0.78125,0.03,4.407469255538376,23.633819788514344,-42.9133009985022,0.0,219536.81487987735,8001.938974915971,384827.4517637041,294.25439415051926,349.6692520903486
2.03125,0.84375,-0.01,5.013552227701144,14.189381992562353,-44.95164642070257,0.0,177654.10109643431,7806.039452471815,353957.33859273157,237.92871503747023,314.42668409721466
2.03125,0.84375,0.01,5.044946446967213,15.128531147498506,-44.8472478214962,0.0,176564.11178878281,7799.552950591779,353956.43220881774,236.44749021948923,313.4464246661655
2.03125,0.84375,0.03,5.013552227701144,14.189381992562353,-44.95164642070257,0.0,177654.10109643431,7806.039452471815,353957.33859273157,237.92871503747023,314.42668409721466
2.03125,0.90625,-0.01,5.455393107721914,7.699754351302353,-45.00347948280922,0.0,148244.30944559144,7646.10587543931,321140.55556368385,198.38545788986036,287.11169509860576
2.03125,0.90625,0.01,5.494589536292342,8.443872366953086,-44.89513557527194,0.0,147195.10450491344,7638.667656641925,321139.92983466544,196.96990352490255,286.0855367065373
2.03125,0.90625,0.03,5.455393107721914,7.699754351302353,-45.00347948280922,0.0,148244.30944559144,7646.10587543931,321140.55556368385,198.38545788986036,287.11169509860576
2.03125,0.96875,-0.01,5.858434209629268,2.4950729727619474,-40.94588717502068,0.0,127062.02773542481,7510.850808657754,295710.0802229331,170.10866873663113,265.8637884959984
2.03125,0.96875,0.01,5.905056483121234,3.095884160859843,-40.83940076835474,0.0,126062.66445555189,7502.615917664652,295709.6370975349,168.76542301701343,264.8120249762639
2.03125,0.96875,0.03,5.858434209629268,2.4950729727619474,-40.94588717502068,0.0,127062.02773542481,7510.850808657754,295710.0802229331,170.10866873663113,265.8637884959984
2.03125,1.03125,-0.01,6.874136063718732,0.6037624654396605,-5.535345390338086,0.0,127501.92448684336,7470.802390166763,350457.02394620253,171.81458517249436,267.193556117798
2.03125,1.03125,0.01,7.405298127509448,0.10113852949012693,8.402603571839137,0.0,127276.0920729237,7447.281054641664,376808.7126949381,171.48353785044455,266.9360216374267
2.03125,1.03125,0.03,6.874136063718732,0.6037624654396605,-5.535345390338086,0.0,127501.92448684336,7470.802390166763,350457.02394620253,171.81458517249436,267.193556117798
