# Time [s], Iter[-]
0.023958191770234092,6300
# x [m], y [m], z [m], rho [kg/m3], u [m/s], v [m/s], w [m/s], E [J/kg], s [J/(kg·K)], P [Pa], T [K], sos [m/s]
-0.03125,-0.03125,-0.01,0.4929072479267941,20.1522093361099,0.009027820224070568,0.0,498465.4583400198,9264.277579373955,98242.74132709378,671.512671871571,528.2300118471832
-0.03125,-0.03125,0.01,0.4912501101034944,20.004500613510345,0.02745269154600289,0.0,500148.8083776199,9267.784208979181,98243.78111119992,673.7853342026909,529.1231256219124
-0.03125,-0.03125,0.03,0.4929072479267941,20.1522093361099,0.009027820224070568,0.0,498465.4583400198,9264.277579373955,98242.74132709378,671.512671871571,528.2300118471832
-0.03125,0.03125,-0.01,0.49125011010349434,20.004500613510345,-0.00027785743114946737,0.0,500148.8083776199,9267.78420953839,98243.78118524137,673.7853347104895,529.1231258212994
-0.03125,0.03125,0.01,0.4862786966335951,19.55533327305223,0.027452691546002893,0.0,505267.7062066855,9278.375167714794,98246.87458733434,680.6960920487198,531.8297097455952
-0.03125,0.03125,0.03,0.49125011010349434,20.004500613510345,-0.00027785743114946737,0.0,500148.8083776199,9267.78420953839,98243.78118524137,673.7853347104895,529.1231258212994
-0.03125,0.09375,-0.01,0.4912497374245119,20.004548743698543,-0.0008664341101803329,0.0,500148.86313500063,9267.784648823306,98243.67277600813,673.7854072094416,529.1231542879854
-0.03125,0.09375,0.01,0.48628082187682525,19.550358129311558,0.08564673675821827,0.0,505265.3227847901,9278.37068020389,98246.80135858216,680.693006557434,531.8285043928588
-0.03125,0.09375,0.03,0.4912497374245119,20.004548743698543,-0.0008664341101803329,0.0,500148.86313500063,9267.784648823306,98243.67277600813,673.7854072094416,529.1231542879854
-0.03125,0.15625,-0.01,0.4912568764695884,20.004588972456528,-0.0015486599850378924,0.0,500148.9213750429,9267.780422543487,98245.11122811699,673.7854846143734,529.1231846810008
-0.03125,0.15625,0.01,0.48629026549854176,19.546164451575454,0.15315780608632065,0.0,505262.9814818437,9278.361586837891,98248.26777682696,680.689950782753,531.8273106462751
-0.03125,0.15625,0.03,0.4912568764695884,20.004588972456528,-0.0015486599850378924,0.0,500148.9213750429,9267.780422543487,98245.11122811699,673.7854846143734,529.1231846810008
-0.03125,0.21875,-0.01,0.4912725325951741,20.004619162396274,-0.0023057543663997054,0.0,500148.9830900819,9267.771055901578,98248.25380326922,673.7855669723817,529.1232170188377
-0.03125,0.21875,0.01,0.48630803056044203,19.54297013634313,0.22813629686461784,0.0,505260.7613848279,9278.34755476355,98251.43405538592,680.6870236130294,531.8261671370504
-0.03125,0.21875,0.03,0.4912725325951741,20.004619162396274,-0.0023057543663997054,0.0,500148.9830900819,9267.771055901578,98248.25380326922,673.7855669723817,529.1232170188377
-0.03125,0.28125,-0.01,0.4912970866704996,20.004640676043056,-0.0031189718206297125,0.0,500149.04884878674,9267.75632000531,98253.17681018174,673.7856550129836,529.1232515879404
-0.03125,0.28125,0.01,0.4863344674875357,19.54064436394488,0.3087302951577027,0.0,505258.6949818737,9278.328420437465,98256.37761568783,680.6842707999958,531.8250917386413
-0.03125,0.28125,0.03,0.4912970866704996,20.004640676043056,-0.0031189718206297125,0.0,500149.04884878674,9267.75632000531,98253.17681018174,673.7856550129836,529.1232515879404
-0.03125,0.34375,-0.01,0.49133086989335906,20.00465451340657,-0.003971651041559295,0.0,500149.1191033918,9267.736016141658,98259.94660056682,673.7857493186041,529.1232886169975
-0.03125,0.34375,0.01,0.4863698922726539,19.53909052884888,0.39328957105962986,0.0,505256.8002866685,9278.304019997424,98263.16605188009,680.6817182196465,531.82409456006
-0.03125,0.34375,0.03,0.49133086989335906,20.00465451340657,-0.003971651041559295,0.0,500149.1191033918,9267.736016141658,98259.94660056682,673.7857493186041,529.1232886169975
-0.03125,0.40625,-0.01,0.49137428531941774,20.00466054481514,-0.004847860698112218,0.0,500149.1939755456,9267.709902166362,98268.64381401525,673.7858500566548,529.1233281717422
-0.03125,0.40625,0.01,0.48641470016558164,19.538322897140773,0.4802327562428703,0.0,505255.0852455974,9278.274124355701,98271.88065660244,680.6793758800953,531.8231795114775
-0.03125,0.40625,0.03,0.49137428531941774,20.00466054481514,-0.004847860698112218,0.0,500149.1939755456,9267.709902166362,98268.64381401525,673.7858500566548,529.1233281717422
-0.03125,0.46875,-0.01,0.491427857687724,20.004657176587227,-0.00572991800373762,0.0,500149.2730769519,9267.67766219603,98279.37331544152,673.7859567468455,529.1233700635886
-0.03125,0.46875,0.01,0.48646941466017585,19.538499965411262,0.5678026820303255,0.0,505253.5474508244,9278.23840820462,98282.62617519515,680.6772368738979,531.8223438948781
-0.03125,0.46875,0.03,0.491427857687724,20.004657176587227,-0.00572991800373762,0.0,500149.2730769519,9267.67766219603,98279.37331544152,673.7859567468455,529.1233700635886
-0.03125,0.53125,-0.01,0.49149226171715255,20.00464103213881,-0.006595272555997423,0.0,500149.3552226565,9267.638889204765,98292.26979760127,673.7860678834168,529.1234137013003
-0.03125,0.53125,0.01,0.4865347167933693,19.5399561731447,0.6537585466048319,0.0,505252.1721708268,9278.196428885598,98295.53627716682,680.6752742952613,531.8215771996911
-0.03125,0.53125,0.03,0.49149226171715255,20.00464103213881,-0.006595272555997423,0.0,500149.3552226565,9267.638889204765,98292.26979760127,673.7860678834168,529.1234137013003
-0.03125,0.59375,-0.01,0.4915683355983399,20.004606556126713,-0.007412694473636656,0.0,500149.43800742144,9267.59307640255,98307.50039581422,673.7861803749523,529.1234578710342
-0.03125,0.59375,0.01,0.48661146136986266,19.543241129366592,0.734998958657474,0.0,505250.9285526218,9278.14761062124,98310.77603271477,680.6734357196317,531.8208589461506
-0.03125,0.59375,0.03,0.4915683355983399,20.004606556126713,-0.007412694473636656,0.0,500149.43800742144,9267.59307640255,98307.50039581422,673.7861803749523,529.1234578710342
-0.03125,0.65625,-0.01,0.49165707511042667,20.004545539282763,-0.008137614200416636,0.0,500149.51727664843,9267.539620203763,98325.26340652628,673.7862888442335,529.123500461429
-0.03125,0.65625,0.01,0.48670067646504145,19.54916656507248,0.8071008375178207,0.0,505249.7632563283,9278.091235224709,98328.540508437,680.6716342233864,531.8201551770123
-0.03125,0.65625,0.03,0.49165707511042667,20.004545539282763,-0.008137614200416636,0.0,500149.51727664843,9267.539620203763,98325.26340652628,673.7862888442335,529.123500461429
-0.03125,0.71875,-0.01,0.491759593821127,20.004446638098955,-0.008706531960501333,0.0,500149.5866513373,9267.47784379303,98345.78023146589,673.7863850010607,529.1235382173437
-0.03125,0.71875,0.01,0.4868035338650398,19.558853618795347,0.863766059154283,0.0,505248.58972894534,9278.02644421813,98349.04664276088,680.6697335655014,531.8194126685647
-0.03125,0.71875,0.03,0.491759593821127,20.004446638098955,-0.008706531960501333,0.0,500149.5866513373,9267.47784379303,98345.78023146589,673.7863850010607,529.1235382173437
-0.03125,0.78125,-0.01,0.4918770156728529,20.004295133018275,-0.009030727471427382,0.0,500149.6375130445,9267.407062188355,98369.2738867397,673.7864576285484,529.1235667344769
-0.03125,0.78125,0.01,0.4869212603761714,19.5737563349433,0.8961981757423767,0.0,505247.2709545739,9277.952267687497,98372.51192841928,680.667524798462,531.8185497933076
-0.03125,0.78125,0.03,0.4918770156728529,20.004295133018275,-0.009030727471427382,0.0,500149.6375130445,9267.407062188355,98369.2738867397,673.7864576285484,529.1235667344769
-0.03125,0.84375,-0.01,0.492010250112628,20.00407334044336,-0.008990156018717194,0.0,500149.660294868,9267.326720054605,98395.92426408203,673.7864943117944,529.1235811381277
-0.03125,0.84375,0.01,0.48705494543372563,19.59562051060971,0.8924946861033995,0.0,505245.5924572564,9277.867702346215,98399.11026513434,680.6646900434986,531.8174423680315
-0.03125,0.84375,0.03,0.492010250112628,20.00407334044336,-0.008990156018717194,0.0,500149.660294868,9267.326720054605,98395.92426408203,673.7864943117944,529.1235811381277
-0.03125,0.90625,-0.01,0.4921601564953473,20.003756867111775,-0.00842481750837963,0.0,500149.6498014408,9267.236301519479,98425.90175849947,673.7864887082919,529.1235789379165
-0.03125,0.90625,0.01,0.4872058386957352,19.62685039815029,0.8367922541253275,0.0,505243.12643818784,9277.771317242934,98429.00330165897,680.6606060637113,531.8158469165744
-0.03125,0.90625,0.03,0.4921601564953473,20.003756867111775,-0.00842481750837963,0.0,500149.6498014408,9267.236301519479,98425.90175849947,673.7864887082919,529.1235789379165
-0.03125,0.96875,-0.01,0.4924147407474082,20.00269636556139,-0.006534157729945833,0.0,500150.02081732894,9267.083340337094,98476.91079404997,673.7870173383218,529.1237865040839
-0.03125,0.96875,0.01,0.48749354368885217,19.730240178090554,0.6537144854540032,0.0,505225.4702292259,9277.567290496716,98483.34199355796,680.6342525190955,531.8055515004845
-0.03125,0.96875,0.03,0.4924147407474082,20.00269636556139,-0.006534157729945833,0.0,500150.02081732894,9267.083340337094,98476.91079404997,673.7870173383218,529.1237865040839
-0.03125,1.0312499999999998,-0.01,0.4944568012124658,6.467674954016315,0.21536637599559744,0.0,498490.20453574037,9263.654334332821,98592.38650769182,671.7914635239176,528.3396529917646
-0.03125,1.0312499999999998,0.01,0.49301723291571664,-0.4938381534452981,0.6537144854540032,0.0,500162.3165401333,9267.035412688338,98639.07942849511,674.0727505805364,529.2359675241513
-0.03125,1.0312499999999998,0.03,0.4944568012124658,6.467674954016315,0.21536637599559744,0.0,498490.20453574037,9263.654334332821,98592.38650769182,671.7914635239176,528.3396529917646
0.03125,-0.03125,-0.01,0.49622152357339366,20.44466672694777,0.0,0.0,495132.492275463,9257.299377885045,98240.64885866866,667.0128033378368,526.4571777865109
0.03125,-0.03125,0.01,0.49622152357339366,20.44466672694777,0.027452691546002893,0.0,495132.49227546307,9257.299377320101,98240.64878387014,667.0128028299862,526.4571775860937
0.03125,-0.03125,0.03,0.49622152357339366,20.44466672694777,0.0,0.0,495132.492275463,9257.299377885045,98240.64885866866,667.0128033378368,526.4571777865109
0.03125,0.03125,-0.01,0.4962215235733936,20.44466672694777,-0.027452691546002893,0.0,495132.492275463,9257.299377320101,98240.64878387014,667.0128028299862,526.4571775860937
0.03125,0.03125,0.01,0.4962215235733936,20.444389877546268,-0.027631204104131366,0.0,495132.9423567216,9257.312059484833,98236.76768781799,667.0134170299827,526.4574199726873
0.03125,0.03125,0.03,0.4962215235733936,20.44466672694777,-0.027452691546002893,0.0,495132.492275463,9257.299377320101,98240.64878387014,667.0128028299862,526.4571775860937
0.03125,0.09375,-0.01,0.4962186529721985,20.449641870688446,-0.0856467367582183,0.0,495134.8867283854,9257.304622981434,98240.5030267417,667.015888321272,526.4583952367509
0.03125,0.09375,0.01,0.4962186529721985,20.44936250863941,-0.08565795376174117,0.0,495135.39948167995,9257.317302856056,98236.66627101759,667.0165870613644,526.4586709854233
0.03125,0.09375,0.03,0.4962186529721985,20.449641870688446,-0.0856467367582183,0.0,495134.8867283854,9257.304622981434,98240.5030267417,667.015888321272,526.4583952367509
0.03125,0.15625,-0.01,0.49622348744063505,20.45383554842455,-0.15315780608632065,0.0,495137.24794217513,9257.305132537778,98241.90959982618,667.0189440959531,526.4596011573448
0.03125,0.15625,0.01,0.49622348744063505,20.45355514854011,-0.1531739368982503,0.0,495137.76039612485,9257.317810129072,98238.07334983186,667.0196424607683,526.4598767572876
0.03125,0.15625,0.03,0.49622348744063505,20.45383554842455,-0.15315780608632065,0.0,495137.24794217513,9257.305132537778,98241.90959982618,667.0189440959531,526.4596011573448
0.03125,0.21875,-0.01,0.49623703462990626,20.45702986365687,-0.22813629686461787,0.0,495139.49953763856,9257.300287619928,98245.02228079566,667.0218712656767,526.4607563231224
0.03125,0.21875,0.01,0.49623703462990626,20.456748907054415,-0.22815528329903062,0.0,495140.0116466284,9257.312963134553,98241.18636264198,667.022569179634,526.4610317445362
0.03125,0.21875,0.03,0.49623703462990626,20.45702986365687,-0.22813629686461787,0.0,495139.49953763856,9257.300287619928,98245.02228079566,667.0218712656767,526.4607563231224
0.03125,0.28125,-0.01,0.49625970585346346,20.459355636055122,-0.3087302951577027,0.0,495141.6113401222,9257.289791686148,98249.91581045576,667.0246240787104,526.4618426792067
0.03125,0.28125,0.01,0.49625970585346346,20.459074648121625,-0.30875129321889555,0.0,495142.12306273286,9257.302465415969,98246.08002151562,667.0253214707864,526.4621178941
0.03125,0.28125,0.03,0.49625970585346346,20.459355636055122,-0.3087302951577027,0.0,495141.6113401222,9257.289791686148,98249.91581045576,667.0246240787104,526.4618426792067
0.03125,0.34375,-0.01,0.49629184751406413,20.460909471151115,-0.39328957105962986,0.0,495143.566827559,9257.273409460622,98256.65500400719,667.0271766590596,526.4628500144834
0.03125,0.34375,0.01,0.49629184751406413,20.460629004533388,-0.3933127859303886,0.0,495144.07810068934,9257.286081744447,98252.81910801932,667.0278734280118,526.4631249829446
0.03125,0.34375,0.03,0.49629184751406413,20.460909471151115,-0.39328957105962986,0.0,495143.566827559,9257.273409460622,98256.65500400719,667.0271766590596,526.4628500144834
0.03125,0.40625,-0.01,0.49633387047325384,20.461677102859227,-0.4802327562428703,0.0,495145.35852365027,9257.2508852,98265.31975423313,667.0295189986108,526.4637743798738
0.03125,0.40625,0.01,0.49633387047325384,20.46139777567613,-0.4802595270345353,0.0,495145.86927961104,9257.263556391128,98261.48350246958,667.0302150344164,526.4640490585285
0.03125,0.40625,0.03,0.49633387047325384,20.461677102859227,-0.4802327562428703,0.0,495145.35852365027,9257.2508852,98265.31975423313,667.0295189986108,526.4637743798738
0.03125,0.46875,-0.01,0.4963863007152722,20.461500034588738,-0.5678026820303254,0.0,495146.9879313435,9257.221913611365,98276.0152216607,667.0316580048083,526.4646185017166
0.03125,0.46875,0.01,0.4963863007152722,20.461222576007618,-0.5678356704016042,0.0,495147.4981036001,9257.23458404209,98272.17836664635,667.0323531944383,526.4648928460026
0.03125,0.46875,0.03,0.4963863007152722,20.461500034588738,-0.5678026820303254,0.0,495146.9879313435,9257.221913611365,98276.0152216607,667.0316580048083,526.4646185017166
0.03125,0.53125,-0.01,0.4964498066409358,20.4600438268553,-0.6537585466048319,0.0,495148.4668697333,9257.186127061137,98288.87769257883,667.0336205834449,526.4653929982796
0.03125,0.53125,0.01,0.4964498066409358,20.45976913319381,-0.6538020169753372,0.0,495148.9763974367,9257.198797000885,98285.04000260755,667.0343148145635,526.4656669639031
0.03125,0.53125,0.03,0.4964498066409358,20.4600438268553,-0.6537585466048319,0.0,495148.4668697333,9257.186127061137,98288.87769257883,667.0336205834449,526.4653929982796
0.03125,0.59375,-0.01,0.4965252098268171,20.45675887063341,-0.7349989586574741,0.0,495149.8202995136,9257.143095421314,98304.07752341017,667.0354591590744,526.4661185582398
0.03125,0.59375,0.01,0.4965252098268171,20.45648807666645,-0.7350591748306715,0.0,495150.3291295202,9257.155765024898,98300.23879822546,667.0361523198239,526.4663921010849
0.03125,0.59375,0.03,0.4965252098268171,20.45675887063341,-0.7349989586574741,0.0,495149.8202995136,9257.143095421314,98304.07752341017,667.0354591590744,526.4661185582398
0.03125,0.65625,-0.01,0.49661347375581183,20.45083343492752,-0.8071008375178208,0.0,495151.09140621993,9257.092342974167,98321.81823486103,667.0372606553198,526.4668294845351
0.03125,0.65625,0.01,0.49661347375581183,20.45056800881074,-0.8071866141510143,0.0,495151.59949145745,9257.10501221576,98317.97832325012,667.0379526285725,526.4671025583882
0.03125,0.65625,0.03,0.49661347375581183,20.45083343492752,-0.8071008375178208,0.0,495151.09140621993,9257.092342974167,98321.81823486103,667.0372606553198,526.4668294845351
0.03125,0.71875,-0.01,0.4967156537772142,20.441146381204653,-0.863766059154283,0.0,495152.35097298963,9257.033395016924,98342.32879214978,667.0391613132049,526.4675795420483
0.03125,0.71875,0.01,0.4967156537772142,20.440888251812215,-0.8638895244981477,0.0,495152.85826660553,9257.046063603473,98338.48761350178,667.0398519646747,526.4678520938971
0.03125,0.71875,0.03,0.4967156537772142,20.441146381204653,-0.863766059154283,0.0,495152.35097298963,9257.033395016924,98342.32879214978,667.0391613132049,526.4675795420483
0.03125,0.78125,-0.01,0.4968327709695344,20.4262436650567,-0.8961981757423767,0.0,495153.7139002586,9256.96587946882,98365.84208627531,667.0413700802442,526.4684511874791
0.03125,0.78125,0.01,0.4968327709695344,20.42599539654355,-0.8963758230297632,0.0,495154.2203443628,9256.978546725097,98361.99965866625,667.0420592393326,526.4687231499393
0.03125,0.78125,0.03,0.4968327709695344,20.4262436650567,-0.8961981757423767,0.0,495153.7139002586,9256.96587946882,98365.84208627531,667.0413700802442,526.4684511874791
0.03125,0.84375,-0.01,0.49696555479153043,20.404379489390294,-0.8924946861033995,0.0,495155.36761228007,9256.889721064494,98392.54932928893,667.0442048352076,526.4695698643231
0.03125,0.84375,0.01,0.49696555479153043,20.40414449956427,-0.8927488392879311,0.0,495155.87312998663,9256.902385774009,98388.70581727359,667.0448922821589,526.4698411505475
0.03125,0.84375,0.03,0.49696555479153043,20.404379489390294,-0.8924946861033995,0.0,495155.36761228007,9256.889721064494,98392.54932928893,667.0442048352076,526.4695698643231
0.03125,0.90625,-0.01,0.4971144742949594,20.373149601849715,-0.8367922541253275,0.0,495157.71302371443,9256.80534199396,98422.63496583549,667.048288814995,526.4711815174755
0.03125,0.90625,0.01,0.4971144742949594,20.372931164192334,-0.8371520701091665,0.0,495158.21765651205,9256.818001646117,98418.79104606489,667.0489745048615,526.4714521094758
0.03125,0.90625,0.03,0.4971144742949594,20.373149601849715,-0.8367922541253275,0.0,495157.71302371443,9256.80534199396,98422.63496583549,667.048288814995,526.4711815174755
0.03125,0.96875,-0.01,0.49733593780596425,20.269759821909446,-0.6537144854540031,0.0,495175.0298837644,9256.702435067604,98470.38109536181,667.0746423596106,526.4815812478774
0.03125,0.96875,0.01,0.49733593780596425,20.26949853882306,-0.6539694302757245,0.0,495175.4894920533,9256.715055359007,98466.51768855141,667.0752686907514,526.481828410422
0.03125,0.96875,0.03,0.49733593780596425,20.269759821909446,-0.6537144854540031,0.0,495175.0298837644,9256.702435067604,98470.38109536181,667.0746423596106,526.4815812478774
0.03125,1.03125,-0.01,0.4979384299742726,-0.024498465321776925,0.0007900933110677012,0.0,495193.216949353,9256.678966127778,98634.1220767897,667.3763027613926,526.6006089280697
0.03125,1.03125,0.01,0.49854092214258106,-20.269759821909446,0.6537144854540033,0.0,495211.3601054583,9256.039457065413,98715.94105819525,667.1236049225404,526.5009024848998
0.03125,1.03125,0.03,0.4979384299742726,-0.024498465321776925,0.0007900933110677012,0.0,495193.216949353,9256.678966127778,98634.1220767897,667.3763027613926,526.6006089280697
0.09375,-0.03125,-0.01,0.5084211143093372,21.380317956002685,0.0,0.0,483303.95229288883,9232.111016385403,98246.52400538638,651.0450044406183,520.1175061898664
0.09375,-0.03125,0.01,0.5084211143093372,21.380317956002685,0.06949626590335216,0.0,483303.95229288883,9232.111012676187,98246.52351425779,651.0450011860827,520.117504889848
0.09375,-0.03125,0.03,0.5084211143093372,21.380317956002685,0.0,0.0,483303.95229288883,9232.111016385403,98246.52400538638,651.0450044406183,520.1175061898664
0.09375,0.03125,-0.01,0.5084211143093372,21.380317956002685,-0.06949626590335216,0.0,483303.95229288883,9232.111012676187,98246.52351425779,651.0450011860827,520.117504889848
0.09375,0.03125,0.01,0.5084211143093372,21.380041682254024,-0.06967739589108583,0.0,483305.91599169816,9232.126823291326,98242.69196373079,651.0476556240711,520.118565199238
0.09375,0.03125,0.03,0.5084211143093372,21.380317956002685,-0.06949626590335216,0.0,483303.95229288883,9232.111012676187,98246.52351425779,651.0450011860827,520.117504889848
0.09375,0.09375,-0.01,0.5084004291298322,21.395309811346603,-0.21190441675249982,0.0,483323.1190251117,9232.152102373138,98246.32253604532,651.0703732242707,520.1276396060384
0.09375,0.09375,0.01,0.5084004291298322,21.395028826658194,-0.21193366651732723,0.0,483325.1412486546,9232.167904931383,98242.53534044042,651.0731066866148,520.1287314602243
0.09375,0.09375,0.03,0.5084004291298322,21.395309811346603,-0.21190441675249982,0.0,483323.1190251117,9232.152102373138,98246.32253604532,651.0703732242707,520.1276396060384
0.09375,0.15625,-0.01,0.5083895073680972,21.407611995048434,-0.363751464061024,0.0,483340.07397052797,9232.184051167336,98247.59655969338,651.0928098211574,520.1366016123912
0.09375,0.15625,0.01,0.5083895073680972,21.407327591005597,-0.36379712628189387,0.0,483342.0937846332,9232.199847019243,98243.80981733852,651.0955401255582,520.1376921863786
0.09375,0.15625,0.03,0.5083895073680972,21.407611995048434,-0.363751464061024,0.0,483340.07397052797,9232.184051167336,98247.59655969338,651.0928098211574,520.1366016123912
0.09375,0.21875,-0.01,0.5083895981610695,21.416268674262053,-0.522203218771663,0.0,483354.1011587068,9232.205151756936,98250.41400208428,651.1113699846924,520.1440151112375
0.09375,0.21875,0.01,0.5083895981610695,21.415982478543818,-0.5222627398448629,0.0,483356.11927108275,9232.220942630192,98246.62756562774,651.1140980311823,520.1451047678108
0.09375,0.21875,0.03,0.5083895981610695,21.416268674262053,-0.522203218771663,0.0,483354.1011587068,9232.205151756936,98250.41400208428,651.1113699846924,520.1440151112375
0.09375,0.28125,-0.01,0.5084007658303755,21.42139164122195,-0.6838021346511086,0.0,483365.13513558864,9232.21526163148,98254.77357436971,651.1259613652096,520.1498432821757
0.09375,0.28125,0.01,0.5084007658303755,21.421105327429586,-0.6838743185375786,0.0,483367.1522511769,9232.23104935158,98250.9872617761,651.1286880490708,520.1509323822748
0.09375,0.28125,0.03,0.5084007658303755,21.42139164122195,-0.6838021346511086,0.0,483365.13513558864,9232.21526163148,98254.77357436971,651.1259613652096,520.1498432821757
0.09375,0.34375,-0.01,0.5084231222967973,21.423025401238892,-0.8447695621618346,0.0,483373.0576879817,9232.214135721875,98260.67316141968,651.1364256893584,520.1540229609324
0.09375,0.34375,0.01,0.5084231222967973,21.42274073393824,-0.844854421462439,0.0,483375.07453774905,9232.229922255565,98256.88676122819,651.1391519379722,520.155111878434
0.09375,0.34375,0.03,0.5084231222967973,21.423025401238892,-0.8447695621618346,0.0,483373.0576879817,9232.214135721875,98260.67316141968,651.1364256893584,520.1540229609324
0.09375,0.40625,-0.01,0.5084570704290472,21.420900034516013,-1.0009212368093103,0.0,483377.56905970006,9232.201095314089,98268.13180798931,651.1423728556529,520.1563983735862
0.09375,0.40625,0.01,0.5084570704290472,21.4206189486032,-1.0010200557115947,0.0,483379.5864545514,9232.21688284826,98264.34508958682,651.1450996979846,520.1574875232563
0.09375,0.40625,0.03,0.5084570704290472,21.420900034516013,-1.0009212368093103,0.0,483377.56905970006,9232.201095314089,98268.13180798931,651.1423728556529,520.1563983735862
0.09375,0.46875,-0.01,0.5085034025186613,21.41432192608261,-1.1474420088782546,0.0,483378.13202886283,9232.174889038602,98277.19792979216,651.1431093335632,520.15669253628
0.09375,0.46875,0.01,0.5085034025186613,21.41404662453162,-1.1475574388561263,0.0,483380.1509109277,9232.190680078022,98273.41064515852,651.1458379655943,520.1577824001711
0.09375,0.46875,0.03,0.5085034025186613,21.41432192608261,-1.1474420088782546,0.0,483378.13202886283,9232.174889038602,98277.19792979216,651.1431093335632,520.15669253628
0.09375,0.53125,-0.01,0.5085633830290459,21.402077402229246,-1.278584506988635,0.0,483373.9200147377,9232.133568916466,98287.95522162889,651.1375716536405,520.1544806819611
0.09375,0.53125,0.01,0.5085633830290459,21.401810475882822,-1.2787206697976057,0.0,483375.94151773537,9232.149366406875,98284.16710488468,651.140303515683,520.1555718406145
0.09375,0.53125,0.03,0.5085633830290459,21.402077402229246,-1.278584506988635,0.0,483373.9200147377,9232.133568916466,98287.95522162889,651.1375716536405,520.1544806819611
0.09375,0.59375,-0.01,0.5086388387128142,21.382323247057627,-1.3873030839463036,0.0,483363.75638906204,9232.07434891322,98300.52819303115,651.1242482620185,520.1491590282867
0.09375,0.59375,0.01,0.5086388387128142,21.382067825095767,-1.3874656820417683,0.0,483365.7819115341,9232.090156402577,98296.73895637544,651.1269851331348,520.1502521988432
0.09375,0.59375,0.03,0.5086388387128142,21.382323247057627,-1.3873030839463036,0.0,483363.75638906204,9232.07434891322,98300.52819303115,651.1242482620185,520.1491590282867
0.09375,0.65625,-0.01,0.5087322533726805,21.35246551715734,-1.4648287319541253,0.0,483346.0458339525,9231.993448361192,98315.08688335551,651.1010904050063,520.1399091447303
0.09375,0.65625,0.01,0.5087322533726805,21.352225466720498,-1.465025168310909,0.0,483348.0771308384,9232.009270215744,98311.29620785001,651.1038345219347,520.1410052289228
0.09375,0.65625,0.03,0.5087322533726805,21.35246551715734,-1.4648287319541253,0.0,483346.0458339525,9231.993448361192,98315.08688335551,651.1010904050063,520.1399091447303
0.09375,0.71875,-0.01,0.5088468531872659,21.309051219520263,-1.5002030460247373,0.0,483318.7003244911,9231.885930697583,98331.84829875387,651.0654139999505,520.1256586876477
0.09375,0.71875,0.01,0.5088468531872659,21.308831411873236,-1.500442556912713,0.0,483320.73963145074,9231.901772406976,98328.05581923631,651.0681682202796,520.1267588375844
0.09375,0.71875,0.03,0.5088468531872659,21.309051219520263,-1.5002030460247373,0.0,483318.7003244911,9231.885930697583,98331.84829875387,651.0654139999505,520.1256586876477
0.09375,0.78125,-0.01,0.5089866333032786,21.247750008592703,-1.47982419317622,0.0,483279.0788071092,9231.74559143194,98351.06833999456,651.0138145917438,520.1050473117535
0.09375,0.78125,0.01,0.5089866333032786,21.247556681232062,-1.4801179989149618,0.0,483281.1290196042,9231.761460059302,98347.27362187023,651.0165826313984,520.1061530255132
0.09375,0.78125,0.03,0.5089866333032786,21.247750008592703,-1.47982419317622,0.0,483279.0788071092,9231.74559143194,98351.06833999456,651.0138145917438,520.1050473117535
0.09375,0.84375,-0.01,0.5091562474098605,21.163546326933293,-1.387142340985253,0.0,483223.962880626,9231.56496882478,98373.0127398297,650.9421198815669,520.0764075145004
0.09375,0.84375,0.01,0.5091562474098605,21.16338752172048,-1.387503822650415,0.0,483226.02783774695,9231.580873684105,98369.21525812309,650.9449066962542,520.0775207893796
0.09375,0.84375,0.03,0.5091562474098605,21.163546326933293,-1.387142340985253,0.0,483223.962880626,9231.56496882478,98373.0127398297,650.9421198815669,520.0764075145004
0.09375,0.90625,-0.01,0.5093612277687755,21.049703254858677,-1.2022512264433731,0.0,483149.61516051204,9231.335321832228,98398.01235844693,650.8454817425167,520.0378011006993
0.09375,0.90625,0.01,0.5093612277687755,21.04958550856548,-1.2026951288103325,0.0,483151.69981050293,9231.351274172024,98394.21178088148,650.8482938647913,520.0389245688231
0.09375,0.90625,0.03,0.5093612277687755,21.049703254858677,-1.2022512264433731,0.0,483149.61516051204,9231.335321832228,98398.01235844693,650.8454817425167,520.0378011006993
0.09375,0.96875,-0.01,0.5096601702121124,20.73450128663557,-0.8573417516367035,0.0,483054.67330425675,9231.02590167389,98437.83964360677,650.7268814218521,519.9904169967058
0.09375,0.96875,0.01,0.5096601702121124,20.734218858605562,-0.8576493597090226,0.0,483056.72036313073,9231.04185946388,98434.01177184356,650.7296477979518,519.9915222895513
0.09375,0.96875,0.03,0.5096601702121124,20.73450128663557,-0.8573417516367035,0.0,483054.67330425675,9231.02590167389,98437.83964360677,650.7268814218521,519.9904169967058
0.09375,1.03125,-0.01,0.5103379124839866,-0.02751160489735399,0.0011375652207385146,0.0,483095.5553056423,9231.025453477518,98620.92901905453,651.0721764508772,520.128359887123
0.09375,1.03125,0.01,0.5110156547558609,-20.73450128663557,0.8573417516367035,0.0,483136.328962093,9230.363755293096,98716.10311685034,650.8369294782352,520.0343843793372
0.09375,1.03125,0.03,0.5103379124839866,-0.02751160489735399,0.0011375652207385146,0.0,483095.5553056423,9231.025453477518,98620.92901905453,651.0721764508772,520.128359887123
0.15625,-0.03125,-0.01,0.5217600231908124,22.37974103460154,0.0,0.0,470987.44460343034,9205.22619969487,98249.10391314865,634.4164665755287,513.4323034163936
0.15625,-0.03125,0.01,0.5217600231908124,22.37974103460154,0.09168580470331673,0.0,470987.44460343034,9205.226193069657,98249.10303589648,634.416460910915,513.4323011242119
0.15625,-0.03125,0.03,0.5217600231908124,22.37974103460154,0.0,0.0,470987.44460343034,9205.22619969487,98249.10391314865,634.4164665755287,513.4323034163936
0.15625,0.03125,-0.01,0.5217600231908124,22.37974103460154,-0.09168580470331673,0.0,470987.44460343034,9205.226193069657,98249.10303589648,634.416460910915,513.4323011242119
0.15625,0.03125,0.01,0.5217600231908124,22.37929280216832,-0.09186711102984917,0.0,470990.19658266613,9205.243841599327,98245.27857489373,634.4201832745557,513.43380737369
0.15625,0.03125,0.03,0.5217600231908124,22.37974103460154,-0.09168580470331673,0.0,470987.44460343034,9205.226193069657,98249.10303589648,634.416460910915,513.4323011242119
0.15625,0.09375,-0.01,0.5217063186718919,22.404219429398015,-0.2781222466902084,0.0,471035.03899949935,9205.33094125115,98248.76871315362,634.4798191366399,513.457938343207
0.15625,0.09375,0.01,0.5217063186718919,22.403762907681823,-0.27816520264380146,0.0,471037.8447108706,9205.348575961345,98244.98803056522,634.4836141869524,513.4594739285296
0.15625,0.09375,0.03,0.5217063186718919,22.404219429398015,-0.2781222466902084,0.0,471035.03899949935,9205.33094125115,98248.76871315362,634.4798191366399,513.457938343207
0.15625,0.15625,-0.01,0.5216671543536063,22.423377326414926,-0.47281261925398843,0.0,471075.78540445986,9205.41665232396,98249.7898012457,634.5340562037895,513.4798837674157
0.15625,0.15625,0.01,0.5216671543536063,22.422914564111892,-0.4728805809942197,0.0,471078.58690636157,9205.434276138229,98246.00952982993,634.5378457541304,513.4814170617631
0.15625,0.15625,0.03,0.5216671543536063,22.423377326414926,-0.47281261925398843,0.0,471075.78540445986,9205.41665232396,98249.7898012457,634.5340562037895,513.4798837674157
0.15625,0.21875,-0.01,0.5216452247496811,22.435117890186522,-0.6720034288954873,0.0,471107.6365506802,9205.4787318745,98252.22625702058,634.5764737183323,513.4970461058579
0.15625,0.21875,0.01,0.5216452247496811,22.434651540492865,-0.672093197062676,0.0,471110.43534104235,9205.496348435132,98248.44621763472,634.5802596920994,513.4985779018878
0.15625,0.21875,0.03,0.5216452247496811,22.435117890186522,-0.6720034288954873,0.0,471107.6365506802,9205.4787318745,98252.22625702058,634.5764737183323,513.4970461058579
0.15625,0.28125,-0.01,0.5216407871503114,22.439186657552685,-0.871201162157844,0.0,471130.2909944963,9205.516571238006,98256.06608005957,634.6066751345519,513.5092654002544
0.15625,0.28125,0.01,0.5216407871503114,22.438719498867936,-0.8713107046682855,0.0,471133.0886415726,9205.534184453554,98252.28605672096,634.6104595472049,513.5107965282274
0.15625,0.28125,0.03,0.5216407871503114,22.439186657552685,-0.871201162157844,0.0,471130.2909944963,9205.516571238006,98256.06608005957,634.6066751345519,513.5092654002544
0.15625,0.34375,-0.01,0.5216542816864909,22.435278661757874,-1.0654927244358807,0.0,471143.285497062,9205.529210863962,98261.2986266562,634.6240525544118,513.5162960582743
0.15625,0.34375,0.01,0.5216542816864909,22.434813620218932,-1.0656210232926575,0.0,471146.0836843385,9205.546824991705,98257.5183722272,634.6278375730037,513.5178274104362
0.15625,0.34375,0.03,0.5216542816864909,22.435278661757874,-1.0654927244358807,0.0,471143.285497062,9205.529210863962,98261.2986266562,634.6240525544118,513.5162960582743
0.15625,0.40625,-0.01,0.5216868431754231,22.422609983930933,-1.2494887712206124,0.0,471145.64167194045,9205.514507986434,98267.93932294403,634.627323910512,513.5176195918656
0.15625,0.40625,0.01,0.5216868431754231,22.422150212945958,-1.2496358652851105,0.0,471148.4422695686,9205.532127763985,98264.15856735093,634.6311119468795,513.5191521610147
0.15625,0.40625,0.03,0.5216868431754231,22.422609983930933,-1.2494887712206124,0.0,471145.64167194045,9205.514507986434,98267.93932294403,634.627323910512,513.5176195918656
0.15625,0.46875,-0.01,0.521740527929157,22.399729397860956,-1.417137946000288,0.0,471135.70731527335,9205.468764621593,98276.04009408712,634.6143251169077,513.5123604866562
0.15625,0.46875,0.01,0.521740527929157,22.39927838178873,-1.4173049948163483,0.0,471138.51245414995,9205.486395428405,98272.25854452164,634.6181189237375,513.5138954061432
0.15625,0.46875,0.03,0.521740527929157,22.399729397860956,-1.417137946000288,0.0,471135.70731527335,9205.468764621593,98276.04009408712,634.6143251169077,513.5123604866562
0.15625,0.53125,-0.01,0.5218185199994889,22.36436371740039,-1.5614781413805696,0.0,471111.006794623,9205.386379936986,98285.69744041224,634.5818130800374,513.4992063976508
0.15625,0.53125,0.01,0.5218185199994889,22.36392540040334,-1.5616674887451327,0.0,471113.81895813433,9205.404028000446,98281.91477989341,634.5856158703559,513.5007449911346
0.15625,0.53125,0.03,0.5218185199994889,22.36436371740039,-1.5614781413805696,0.0,471111.006794623,9205.386379936986,98285.69744041224,634.5818130800374,513.4992063976508
0.15625,0.59375,-0.01,0.5219253685702974,22.313255956287207,-1.6743383426973872,0.0,471068.0636751504,9205.259440483454,98297.06026441543,634.5252308288706,513.476312904512
0.15625,0.59375,0.01,0.5219253685702974,22.31283490481939,-1.6745535856010059,0.0,471070.88581823814,9205.277113154807,98293.27614772557,634.5290464321262,513.4778567508798
0.15625,0.59375,0.03,0.5219253685702974,22.313255956287207,-1.6743383426973872,0.0,471068.0636751504,9205.259440483454,98297.06026441543,634.5252308288706,513.476312904512
0.15625,0.65625,-0.01,0.5220672557415464,22.242002103670966,-1.7460004589259028,0.0,471002.19480017433,9205.077246397199,98310.33686601964,634.4384329010553,513.4411919967529
0.15625,0.65625,0.01,0.5220672557415464,22.24160372643074,-1.7462465335303963,0.0,471005.0305086471,9205.094952528965,98306.55091218682,634.4422659730556,513.442743017295
0.15625,0.65625,0.03,0.5220672557415464,22.242002103670966,-1.7460004589259028,0.0,471002.19480017433,9205.077246397199,98310.33686601964,634.4384329010553,513.4411919967529
0.15625,0.71875,-0.01,0.5222522922813506,22.144932919200972,-1.7648411639653894,0.0,470907.2714510375,9204.825764945364,98325.79912488282,634.31336265751,513.390580797358
0.15625,0.71875,0.01,0.5222522922813506,22.14456376011377,-1.7651244699502748,0.0,470910.125174959,9204.843515447541,98322.01090605913,634.3172189901601,513.3921413839438
0.15625,0.71875,0.03,0.5222522922813506,22.144932919200972,-1.7648411639653894,0.0,470907.2714510375,9204.825764945364,98325.79912488282,634.31336265751,513.390580797358
0.15625,0.78125,-0.01,0.5224907599458812,22.01517255605952,-1.7170215772512298,0.0,470775.48791952577,9204.487114340016,98343.77576082775,634.1397303593541,513.3203100978168
0.15625,0.78125,0.01,0.5224907599458812,22.014840700863513,-1.717350158443814,0.0,470778.36533965886,9204.50492304498,98339.98478852687,634.1436173697213,513.3218833144235
0.15625,0.78125,0.03,0.5224907599458812,22.01517255605952,-1.7170215772512298,0.0,470775.48791952577,9204.487114340016,98343.77576082775,634.1397303593541,513.3203100978168
0.15625,0.84375,-0.01,0.5227951949973594,21.845077842245125,-1.5863601013188677,0.0,470597.18671577435,9204.039205125915,98364.62342058067,633.9047503148543,513.2251960405181
0.15625,0.84375,0.01,0.5227951949973594,21.84479338806159,-1.5867439400890342,0.0,470600.09533965203,9204.0570901558,98360.82913894155,633.9086778469039,513.2267859523171
0.15625,0.84375,0.03,0.5227951949973594,21.845077842245125,-1.5863601013188677,0.0,470597.18671577435,9204.039205125915,98364.62342058067,633.9047503148543,513.2251960405181
0.15625,0.90625,-0.01,0.5231808768436,21.624695574559333,-1.3541583818476375,0.0,470360.6803507551,9203.455204268877,98388.77864022239,633.5929241899557,513.0989493844345
0.15625,0.90625,0.01,0.5231808768436,21.624464898303135,-1.3546088815383657,0.0,470363.6294167005,9203.473187279995,98384.98072081775,633.5969045728037,513.1005610872896
0.15625,0.90625,0.03,0.5231808768436,21.624695574559333,-1.3541583818476375,0.0,470360.6803507551,9203.455204268877,98388.77864022239,633.5929241899557,513.0989493844345
0.15625,0.96875,-0.01,0.523721928878481,21.100494004939687,-0.9635550756529261,0.0,470039.2746584474,9202.659313050663,98425.65654154464,633.1754649806322,512.9298872250986
0.15625,0.96875,0.01,0.523721928878481,21.09999187553712,-0.9638654776358011,0.0,470042.17944265605,9202.677302910835,98421.82822532758,633.1793936600438,512.9314785169862
0.15625,0.96875,0.03,0.523721928878481,21.100494004939687,-0.9635550756529261,0.0,470039.2746584474,9202.659313050663,98425.65654154464,633.1754649806322,512.9298872250986
0.15625,1.0312500000000002,-0.01,0.5244230380068059,-0.02818461425889039,0.0012870517684617439,0.0,470103.99706305744,9202.717000448558,98617.67730512767,633.5633378235078,513.0869693652568
0.15625,1.0312500000000002,0.01,0.5251241471351308,-21.100494004939836,0.9635550756529329,0.0,470168.546794682,9202.070558512398,98716.10364222809,633.3496861884955,513.0004499072527
0.15625,1.0312500000000002,0.03,0.5244230380068059,-0.02818461425889039,0.0012870517684617439,0.0,470103.99706305744,9202.717000448558,98617.67730512767,633.5633378235078,513.0869693652568
0.21875,-0.03125,-0.01,0.5352455792114752,23.411812936646946,6.481678658167357e-18,0.0,459158.02605483826,9178.729704633412,98250.69544244323,618.4420074964256,506.92703908443747
0.21875,-0.03125,0.01,0.5352455792114752,23.411812936646943,0.10283249558451586,0.0,459158.0260548382,9178.729696084089,98250.69431039876,618.4420003707369,506.9270361640308
0.21875,-0.03125,0.03,0.5352455792114752,23.411812936646946,6.481678658167357e-18,0.0,459158.02605483826,9178.729704633412,98250.69544244323,618.4420074964256,506.92703908443747
0.21875,0.03125,-0.01,0.5352455792114752,23.411812936646946,-0.10283249558451588,0.0,459158.02605483826,9178.729696084089,98250.69431039874,618.4420003707369,506.9270361640308
0.21875,0.03125,0.01,0.5352455792114752,23.41120078372698,-0.10301259279819525,0.0,459160.9608278527,9178.747904712505,98246.87669378713,618.445974880037,506.9286650823299
0.21875,0.03125,0.03,0.5352455792114752,23.411812936646946,-0.10283249558451588,0.0,459158.02605483826,9178.729696084089,98250.69431039874,618.4420003707369,506.9270361640308
0.21875,0.09375000000000001,-0.01,0.5351479795904173,23.444810145448113,-0.3113302937269077,0.0,459240.84755431284,9178.916506573572,98250.30123388962,618.5525195817504,506.9723295571554
0.21875,0.09375000000000001,0.01,0.5351479795904173,23.444185819246506,-0.31138194083417653,0.0,459243.8337479405,9178.93470046998,98246.52686976144,618.5565638062266,506.9739868994891
0.21875,0.09375000000000001,0.03,0.5351479795904173,23.444810145448113,-0.3113302937269077,0.0,459240.84755431284,9178.916506573572,98250.30123388962,618.5525195817504,506.9723295571554
0.21875,0.15625,-0.01,0.5350722854609123,23.469219533736663,-0.5273495815362391,0.0,459310.65629060194,9179.070272317509,98251.20264517085,618.6457076941373,507.01051711090565
0.21875,0.15625,0.01,0.5350722854609123,23.46858559856855,-0.5274314567613264,0.0,459313.63820545404,9179.088454771336,98247.42865031249,618.649746440006,507.01217208342376
0.21875,0.15625,0.03,0.5350722854609123,23.469219533736663,-0.5273495815362391,0.0,459310.65629060194,9179.070272317509,98251.20264517085,618.6457076941373,507.01051711090565
0.21875,0.21875,-0.01,0.5350234575510524,23.481743764188913,-0.7467085700638266,0.0,459363.5308304786,9179.18212281877,98253.45921483226,618.716382612575,507.03947706581704
0.21875,0.21875,0.01,0.5350234575510524,23.481103714393377,-0.7468168133446721,0.0,459366.51007989445,9179.200297989317,98249.68537663516,618.7204179196697,507.04113053477346
0.21875,0.21875,0.03,0.5350234575510524,23.481743764188913,-0.7467085700638266,0.0,459363.5308304786,9179.18212281877,98253.45921483226,618.716382612575,507.03947706581704
0.21875,0.28125,-0.01,0.5350023557819688,23.48170817169803,-0.9644639860352264,0.0,459398.65071811696,9179.250290531963,98257.06006440877,618.7634640342268,507.05876836467576
0.21875,0.28125,0.01,0.5350023557819688,23.481065707854246,-0.9645957300404777,0.0,459401.6290566541,9179.268463014874,98253.28613252644,618.7674981277688,507.06042127349133
0.21875,0.28125,0.03,0.5350023557819688,23.48170817169803,-0.9644639860352264,0.0,459398.65071811696,9179.250290531963,98257.06006440877,618.7634640342268,507.05876836467576
0.21875,0.34375,-0.01,0.5350101441259876,23.468426630193548,-1.1752472717888411,0.0,459414.9500100489,9179.272449467646,98261.99754466371,618.7855470117594,507.06781646474695
0.21875,0.34375,0.01,0.5350101441259876,23.46778565297443,-1.1754004994419749,0.0,459417.9293661049,9179.290624349445,98258.2232388497,618.7895823466453,507.06946985268013
0.21875,0.34375,0.03,0.5350101441259876,23.468426630193548,-1.1752472717888411,0.0,459414.9500100489,9179.272449467646,98261.99754466371,618.7855470117594,507.06781646474695
0.21875,0.40625,-0.01,0.5350491404384085,23.44059915703883,-1.3732273130726702,0.0,459410.49537391047,9179.24426164732,98268.29310243957,618.780083090112,507.06557773684796
0.21875,0.40625,0.01,0.5350491404384085,23.439963842384405,-1.3734009098338882,0.0,459413.4778865792,9179.262444569185,98264.5181207665,618.7841223976864,507.0672327598054
0.21875,0.40625,0.03,0.5350491404384085,23.44059915703883,-1.3732273130726702,0.0,459410.49537391047,9179.24426164732,98268.29310243957,618.780083090112,507.06557773684796
0.21875,0.46875,-0.01,0.5351232001844201,23.396052936548987,-1.5519466188015154,0.0,459382.20498162403,9179.158719311472,98276.00847485899,618.7430095228641,507.0503873550838
0.21875,0.46875,0.01,0.5351232001844201,23.395427842895533,-1.5521404503984986,0.0,459385.1930325963,9179.176916545515,98272.23249450767,618.7470558499073,507.0520453037868
0.21875,0.46875,0.03,0.5351232001844201,23.396052936548987,-1.5519466188015154,0.0,459382.20498162403,9179.158719311472,98276.00847485899,618.7430095228641,507.0503873550838
0.21875,0.53125,-0.01,0.5352380691256016,23.331538772606148,-1.7040975376202607,0.0,459325.58606414724,9179.005531148345,98285.25431427718,618.6684012657539,507.0198162734334
0.21875,0.53125,0.01,0.5352380691256016,23.330928980491034,-1.704312535781745,0.0,459328.5823218465,9179.02374970766,98281.47699108518,618.6724580292321,507.021478598596
0.21875,0.53125,0.03,0.5352380691256016,23.331538772606148,-1.7040975376202607,0.0,459325.58606414724,9179.005531148345,98285.25431427718,618.6684012657539,507.0198162734334
0.21875,0.59375,-0.01,0.5354017906153767,23.2425274170842,-1.8212522089147656,0.0,459234.42783526256,9178.770403862072,98296.19834161662,618.548061745406,506.97050270844267
0.21875,0.59375,0.01,0.5354017906153767,23.241938712551605,-1.8214904738411897,0.0,459237.435321789,9178.78865167276,98292.41930740925,618.5521328173271,506.9721710589801
0.21875,0.59375,0.03,0.5354017906153767,23.2425274170842,-1.8212522089147656,0.0,459234.42783526256,9178.770403862072,98296.19834161662,618.548061745406,506.97050270844267
0.21875,0.65625,-0.01,0.5356251671642926,23.123016360981676,-1.8935565126693692,0.0,459100.4488727705,9178.434215788062,98309.07212816995,618.3710500698407,506.8979569154133
0.21875,0.65625,0.01,0.5356251671642926,23.12245549231832,-1.893821450440853,0.0,459103.47106664855,9178.452501957412,98305.29098468224,618.375139909445,506.89963319692055
0.21875,0.65625,0.03,0.5356251671642926,23.123016360981676,-1.8935565126693692,0.0,459100.4488727705,9178.434215788062,98309.07212816995,618.3710500698407,506.8979569154133
0.21875,0.71875,-0.01,0.5359222915166081,22.96542001317149,-1.9094053806521067,0.0,458912.8858604949,9177.9720476528,98324.17522533992,618.1231235685314,506.79633020099516
0.21875,0.71875,0.01,0.5359222915166081,22.964895040779947,-1.909701892925042,0.0,458915.9268824595,9177.99038294089,98320.39153569845,618.1272374658793,506.79801668102664
0.21875,0.71875,0.03,0.5359222915166081,22.96542001317149,-1.9094053806521067,0.0,458912.8858604949,9177.9720476528,98324.17522533992,618.1231235685314,506.79633020099516
0.21875,0.78125,-0.01,0.5363110186044623,22.760719182316553,-1.8551838580757851,0.0,458658.09256068704,9177.352242726813,98341.86557750101,617.7861813184167,506.65818266502765
0.21875,0.78125,0.01,0.5363110186044623,22.760239979766858,-1.8555186194427298,0.0,458661.15752166376,9177.370640406718,98338.07885449607,617.7903258558244,506.6598821691058
0.21875,0.78125,0.03,0.5363110186044623,22.760719182316553,-1.8551838580757851,0.0,458658.09256068704,9177.352242726813,98341.86557750101,617.7861813184167,506.65818266502765
0.21875,0.84375,-0.01,0.5368132296308078,22.499175307646055,-1.7151929832185964,0.0,458319.2474365006,9176.535722010723,98362.52686841378,617.337830253711,506.4742986835778
0.21875,0.84375,0.01,0.5368132296308078,22.49875413070449,-1.7155748581386936,0.0,458322.34308076435,9176.55419939977,98358.7365705555,617.3420141691379,506.4760149578262
0.21875,0.84375,0.03,0.5368132296308078,22.499175307646055,-1.7151929832185964,0.0,458319.2474365006,9176.535722010723,98362.52686841378,617.337830253711,506.4742986835778
0.21875,0.90625,-0.01,0.5374554794496186,22.16837223148575,-1.4715527406150273,0.0,457876.0687973572,9175.475178707986,98386.61252513947,616.7510346360189,506.2335329785637
0.21875,0.90625,0.01,0.5374554794496186,22.168015883303944,-1.4719924361603922,0.0,457879.20292635355,9175.49375553895,98382.81833380816,616.7552683037549,506.2352704875236
0.21875,0.90625,0.03,0.5374554794496186,22.16837223148575,-1.4715527406150273,0.0,457876.0687973572,9175.475178707986,98386.61252513947,616.7510346360189,506.2335329785637
0.21875,0.96875,-0.01,0.5383273631796615,21.45209716831945,-1.0737648634283818,0.0,457281.80132069,9174.056044741692,98421.7409029005,615.9718714268726,505.9136606332093
0.21875,0.96875,0.01,0.5383273631796615,21.45138477998545,-1.0740673571311548,0.0,457284.86203375785,9174.074576271541,98417.91384570739,615.9760165349386,505.9153628726821
0.21875,0.96875,0.03,0.5383273631796615,21.45209716831945,-1.0737648634283818,0.0,457281.80132069,9174.056044741692,98421.7409029005,615.9718714268726,505.9136606332093
0.21875,1.03125,-0.01,0.5390220631051397,-0.02762235306611243,0.0013826113099751414,0.0,457375.88995743555,9174.200676276312,98618.65947564019,616.4095546832647,506.09336901602467
0.21875,1.03125,0.01,0.5397167630306178,-21.45209716831945,1.0737648634283818,0.0,457469.73660316796,9173.596748415983,98716.1036448625,616.2251534787296,506.01766349948866
0.21875,1.03125,0.03,0.5390220631051397,-0.02762235306611243,0.0013826113099751414,0.0,457375.88995743555,9174.200676276312,98618.65947564019,616.4095546832647,506.09336901602467
0.28125,-0.03125,-0.01,0.5480668433564343,24.46105379647601,1.2660104672477605e-17,0.0,448459.1538052092,9154.157983906505,98253.04447673123,603.9891943784259,500.9686517618877
0.28125,-0.03125,0.01,0.5480668433564343,24.46105379647601,0.10960982685939724,0.0,448459.15380520927,9154.157973960702,98253.04315974288,603.9891862825269,500.9686484043842
0.28125,-0.03125,0.03,0.5480668433564343,24.46105379647601,1.2660104672477605e-17,0.0,448459.1538052092,9154.157983906505,98253.04447673123,603.9891943784259,500.9686517618877
0.28125,0.03125,-0.01,0.5480668433564343,24.46105379647601,-0.10960982685939723,0.0,448459.15380520927,9154.157973960704,98253.04315974288,603.9891862825269,500.9686484043843
0.28125,0.03125,0.01,0.5480668433564343,24.460282656714373,-0.10978791049722354,0.0,448461.79262514925,9154.175646988382,98249.23202538255,603.9927680385894,500.97013381577415
0.28125,0.03125,0.03,0.5480668433564343,24.46105379647601,-0.10960982685939723,0.0,448459.15380520927,9154.157973960704,98253.04315974288,603.9891862825269,500.9686484043843
0.28125,0.09375000000000001,-0.01,0.5479209346482421,24.50167359296534,-0.33154748214245805,0.0,448577.92386909574,9154.431984064167,98252.65761667977,604.1478475778989,501.0344435521061
0.28125,0.09375000000000001,0.01,0.5479209346482421,24.500886072792277,-0.3316039855580585,0.0,448580.6152870763,9154.44964911829,98248.88928109295,604.1515008049845,501.035958404671
0.28125,0.09375000000000001,0.03,0.5479209346482421,24.50167359296534,-0.33154748214245805,0.0,448577.92386909574,9154.431984064167,98252.65761667977,604.1478475778989,501.0344435521061
0.28125,0.15625,-0.01,0.5478050968694801,24.530217572400577,-0.5606749367620386,0.0,448677.6020821785,9154.658385019342,98253.55175011086,604.2811039311474,501.08969686621015
0.28125,0.15625,0.01,0.5478050968694801,24.52941656504061,-0.5607643688572457,0.0,448680.29153658863,9154.676043749603,98249.783756037,604.2847549457401,501.0912106344053
0.28125,0.15625,0.03,0.5478050968694801,24.530217572400577,-0.5606749367620386,0.0,448677.6020821785,9154.658385019342,98253.55175011086,604.2811039311474,501.08969686621015
0.28125,0.21875,-0.01,0.5477268982397273,24.542182549575475,-0.7927431720729181,0.0,448752.2647106491,9154.82355774984,98255.78552688828,604.3811201181027,501.1311635006089
0.28125,0.21875,0.01,0.5477268982397273,24.541372241417015,-0.792861102440641,0.0,448754.9529185992,9154.841212443382,98252.01763295988,604.3847697149452,501.13267655577397
0.28125,0.21875,0.03,0.5477268982397273,24.542182549575475,-0.7927431720729181,0.0,448752.2647106491,9154.82355774984,98255.78552688828,604.3811201181027,501.1311635006089
0.28125,0.28125,-0.01,0.5476880513695646,24.53646823547794,-1.0227293873453813,0.0,448800.40640197956,9154.9241458011,98259.34886852007,604.445908729844,501.15802297820676
0.28125,0.28125,0.01,0.5476880513695646,24.535653111211516,-1.0228722684694378,0.0,448803.09424305474,9154.941799240567,98255.58079590427,604.4495579143113,501.15953578132644
0.28125,0.28125,0.03,0.5476880513695646,24.53646823547794,-1.0227293873453813,0.0,448800.40640197956,9154.9241458011,98259.34886852007,604.445908729844,501.15802297820676
0.28125,0.34375,-0.01,0.547690628710848,24.51201968706158,-1.2451784018637506,0.0,448820.25389219745,9154.956157614639,98264.23606829804,604.4731254757435,501.1693058215766
0.28125,0.34375,0.01,0.547690628710848,24.51120449554781,-1.2453434423324892,0.0,448822.94241011393,9154.973813058949,98260.46751047813,604.4767754677329,501.17081892539636
0.28125,0.34375,0.03,0.547690628710848,24.51201968706158,-1.2451784018637506,0.0,448820.25389219745,9154.956157614639,98264.23606829804,604.4731254757435,501.1693058215766
0.28125,0.40625,-0.01,0.5477382501653459,24.46705193385985,-1.4541758962641445,0.0,448808.8973168074,9154.912916665151,98270.4722403548,604.4589241076436,501.1634186023637
0.28125,0.40625,0.01,0.5477382501653459,24.466241762266453,-1.4543611295472338,0.0,448811.58767963265,9154.930577740713,98266.70287120216,604.4625762850405,501.16493262992776
0.28125,0.40625,0.03,0.5477382501653459,24.46705193385985,-1.4541758962641445,0.0,448808.8973168074,9154.912916665151,98270.4722403548,604.4589241076436,501.1634186023637
0.28125,0.46875,-0.01,0.5478366179688638,24.398722213750393,-1.6431944381007477,0.0,448761.90104391996,9154.78413935931,98278.12479693815,604.3974422872066,501.13793033373565
0.28125,0.46875,0.01,0.5478366179688638,24.397922603349343,-1.6433988225403915,0.0,448764.5944787188,9154.801809915016,98274.35427169925,604.4010980932536,501.13944594265257
0.28125,0.46875,0.03,0.5478366179688638,24.398722213750393,-1.6431944381007477,0.0,448761.90104391996,9154.78413935931,98278.12479693815,604.3974422872066,501.13793033373565
0.28125,0.53125,-0.01,0.5479940034576734,24.302879926426783,-1.8048792359890518,0.0,448672.9483341945,9154.555089376418,98287.31217646092,604.280329586667,501.08937581019603
0.28125,0.53125,0.01,0.5479940034576734,24.302097030302182,-1.80510277109416,0.0,448675.6460543775,9154.572773327258,98283.54013168537,604.2839904263277,501.0908936529855
0.28125,0.53125,0.03,0.5479940034576734,24.302879926426783,-1.8048792359890518,0.0,448672.9483341945,9154.555089376418,98287.31217646092,604.280329586667,501.08937581019603
0.28125,0.59375,-0.01,0.5482218009426684,24.17382347163987,-1.9307883906144638,0.0,448533.43592084124,9154.205608384797,98298.21181282797,604.09620630501,501.01302941526154
0.28125,0.59375,0.01,0.5482218009426684,24.173064270627666,-1.9310322600867427,0.0,448536.13905310776,9154.223309564415,98294.43786407953,604.0998734396185,501.0145500997254
0.28125,0.59375,0.03,0.5482218009426684,24.17382347163987,-1.9307883906144638,0.0,448533.43592084124,9154.205608384797,98298.21181282797,604.09620630501,501.01302941526154
0.28125,0.65625,-0.01,0.5485351462342105,24.00408239670687,-2.0110960083344787,0.0,448332.02407089603,9153.709030309556,98311.06697836515,603.8300590720547,500.90265136613135
0.28125,0.65625,0.01,0.5485351462342105,24.003355003982254,-2.0113627702360115,0.0,448334.73358927236,9153.726752352994,98307.2907146003,603.8337335221723,500.904175419943
0.28125,0.65625,0.03,0.5485351462342105,24.00408239670687,-2.0110960083344787,0.0,448332.02407089603,9153.709030309556,98311.06697836515,603.8300590720547,500.90265136613135
0.28125,0.71875,-0.01,0.5489536185961787,23.784321241820894,-2.0342888489633526,0.0,448054.12251430756,9153.030928621567,98326.18947114724,603.4625422914822,500.7501927837439
0.28125,0.71875,0.01,0.5489536185961787,23.78363532762449,-2.0345826861794727,0.0,448056.8392320985,9153.048674994066,98322.41044711896,603.4662248167739,500.7517206519273
0.28125,0.71875,0.03,0.5489536185961787,23.784321241820894,-2.0342888489633526,0.0,448054.12251430756,9153.030928621567,98326.18947114724,603.4625422914822,500.7501927837439
0.28125,0.78125,-0.01,0.5495018462233027,23.503587292920347,-1.9869327242363215,0.0,447681.43043046293,9152.127975208195,98343.94842300916,602.9693358110776,500.54552082325034
0.28125,0.78125,0.01,0.5495018462233027,23.502954696232944,-1.9872597998691566,0.0,447684.1551286133,9152.14574957285,98340.166146714,602.9730270729522,500.54705294243126
0.28125,0.78125,0.03,0.5495018462233027,23.503587292920347,-1.9869327242363215,0.0,447681.43043046293,9152.127975208195,98343.94842300916,602.9693358110776,500.54552082325034
0.28125,0.84375,-0.01,0.5502097773343048,23.150320604631357,-1.8536549265021267,0.0,447191.6928098535,9150.94728558688,98364.73346199657,602.3207629643013,500.27624711445816
0.28125,0.84375,0.01,0.5502097773343048,23.14975602028337,-1.8540238861305987,0.0,447194.42665698024,9150.965092844783,98360.9473908884,602.3244640873256,500.2777841535296
0.28125,0.84375,0.03,0.5502097773343048,23.150320604631357,-1.8536549265021267,0.0,447191.6928098535,9150.94728558688,98364.73346199657,602.3207629643013,500.27624711445816
0.28125,0.90625,-0.01,0.5511131518108532,22.710036062001784,-1.617099382224729,0.0,446558.6337356747,9149.426049494046,98388.99662519114,601.4817430747977,499.9276886535091
0.28125,0.90625,0.01,0.5511131518108532,22.70954733461808,-1.617521077539021,0.0,446561.3771449547,9149.443892966878,98385.20642533374,601.4854544308151,499.9292310168433
0.28125,0.90625,0.03,0.5511131518108532,22.710036062001784,-1.617099382224729,0.0,446558.6337356747,9149.426049494046,98388.99662519114,601.4817430747977,499.9276886535091
0.28125,0.96875,-0.01,0.5523103271221727,21.816798491609244,-1.2287596391977818,0.0,445725.65561606025,9147.42985894997,98423.21762708844,600.386677011756,499.4723936634785
0.28125,0.96875,0.01,0.5523103271221727,21.815889165210155,-1.229047200539818,0.0,445728.2757449754,9147.447549114197,98419.39251007474,600.3902344426285,499.47387340640853
0.28125,0.96875,0.03,0.5523103271221727,21.816798491609244,-1.2287596391977818,0.0,445725.65561606025,9147.42985894997,98423.21762708844,600.386677011756,499.4723936634785
0.28125,1.03125,-0.01,0.5529752470420223,-0.02620741128691563,0.0014760465083639058,0.0,445852.55451620993,9147.681871324781,98622.47006791012,600.8794530615987,499.6773262177858
0.28125,1.03125,0.01,0.5536401669618719,-21.816798491609248,1.2287596391977818,0.0,445979.14890775114,9147.138893730606,98716.1036448829,600.7283121757598,499.6144796493309
0.28125,1.03125,0.03,0.5529752470420223,-0.02620741128691563,0.0014760465083639058,0.0,445852.55451620993,9147.681871324781,98622.47006791012,600.8794530615987,499.6773262177858
0.34375,-0.03125,-0.01,0.5596445043336895,25.522502853371684,-1.2398215241726923e-17,0.0,439233.30554030236,9132.47480997621,98257.15251737472,591.5196852619299,495.77036984882136
0.34375,-0.03125,0.01,0.5596445043336895,25.52250285337168,0.11584446971082514,0.0,439233.3055403023,9132.474798632595,98257.15101523031,591.5196762188428,495.7703660591802
0.34375,-0.03125,0.03,0.5596445043336895,25.522502853371684,-1.2398215241726923e-17,0.0,439233.30554030236,9132.47480997621,98257.15251737472,591.5196852619299,495.77036984882136
0.34375,0.03125,-0.01,0.5596445043336895,25.52250285337168,-0.11584446971082514,0.0,439233.3055403023,9132.474798632595,98257.15101523032,591.5196762188428,495.7703660591802
0.34375,0.03125,0.01,0.5596445043336895,25.52157561847137,-0.11602030546744128,0.0,439235.31683631404,9132.49110876544,98253.34598245074,591.5224187263256,495.77151534669963
0.34375,0.03125,0.03,0.5596445043336895,25.52250285337168,-0.11584446971082514,0.0,439233.3055403023,9132.474798632595,98257.15101523032,591.5196762188428,495.7703660591802
0.34375,0.09375,-0.01,0.5594525947751657,25.56976522783105,-0.35021380803951396,0.0,439383.7622287879,9132.828862199836,98256.81606792967,591.7207472466697,495.854620726616
0.34375,0.09375,0.01,0.5594525947751657,25.56881712692208,-0.3502726137212972,0.0,439385.8307335594,9132.845179246115,98253.05347755614,591.723567632712,495.85580244940616
0.34375,0.09375,0.03,0.5594525947751657,25.56976522783105,-0.35021380803951396,0.0,439383.7622287879,9132.828862199836,98256.81606792967,591.7207472466697,495.854620726616
0.34375,0.15625,-0.01,0.559297641184458,25.601543246931058,-0.5916841843641606,0.0,439510.6088891815,9133.123851038972,98257.77363899366,591.8904505873074,495.92572027274207
0.34375,0.15625,0.01,0.559297641184458,25.600577356246134,-0.5917769339537209,0.0,439512.68017507927,9133.140173209293,98254.01137673049,591.8932753296803,495.92690365112156
0.34375,0.15625,0.03,0.559297641184458,25.601543246931058,-0.5916841843641606,0.0,439510.6088891815,9133.123851038972,98257.77363899366,591.8904505873074,495.92572027274207
0.34375,0.21875,-0.01,0.559189675288685,25.612136835838967,-0.8361561102533729,0.0,439606.1617856185,9133.341815930396,98260.08040937838,592.0186272647563,495.9794148964769
0.34375,0.21875,0.01,0.559189675288685,25.611157939411637,-0.8362778700111259,0.0,439608.2348384776,9133.35814145655,98256.31820782478,592.0214547879256,495.9805993115848
0.34375,0.21875,0.03,0.559189675288685,25.612136835838967,-0.8361561102533729,0.0,439606.1617856185,9133.341815930396,98260.08040937838,592.0186272647563,495.9794148964769
0.34375,0.28125,-0.01,0.5591313459121354,25.600014831156997,-1.078746050427474,0.0,439668.2073167934,9133.477704015273,98263.72582223377,592.1023518741171,496.0144849202825
0.34375,0.28125,0.01,0.5591313459121354,25.59902811727612,-1.0788927132921264,0.0,439670.281243073,9133.494031530005,98259.96337740673,592.1051807520955,496.0156698191205
0.34375,0.28125,0.03,0.5591313459121354,25.600014831156997,-1.078746050427474,0.0,439668.2073167934,9133.477704015273,98263.72582223377,592.1023518741171,496.0144849202825
0.34375,0.34375,-0.01,0.559125631396607,25.563760956326064,-1.3141213565222223,0.0,439694.3099381718,9133.525910353701,98268.70444903072,592.1384010021371,496.02958418264535
0.34375,0.34375,0.01,0.559125631396607,25.562771956744225,-1.314289530005022,0.0,439696.38393413456,9133.542238790142,98264.94143150876,592.1412299199377,496.0307690620941
0.34375,0.34375,0.03,0.559125631396607,25.563760956326064,-1.3141213565222223,0.0,439694.3099381718,9133.525910353701,98268.70444903072,592.1384010021371,496.02958418264535
0.34375,0.40625,-0.01,0.5591773008859572,25.5011255099526,-1.5364779598146394,0.0,439680.76376893517,9133.477771131857,98275.04286200849,592.1218728915597,496.0226614015744
0.34375,0.40625,0.01,0.5591773008859572,25.500140176339297,-1.5366650503909105,0.0,439682.8369889865,9133.494099393532,98271.27892437227,592.124700464611,496.0238457343106
0.34375,0.40625,0.03,0.5591773008859572,25.5011255099526,-1.5364779598146394,0.0,439680.76376893517,9133.477771131857,98275.04286200849,592.1218728915597,496.0226614015744
0.34375,0.46875,-0.01,0.5592935629299122,25.40862923242121,-1.7393900353590075,0.0,439622.1322790788,9133.320455965732,98282.81133388651,592.0455799467599,495.9907049325397
0.34375,0.46875,0.01,0.5592935629299122,25.407654064906396,-1.739594369552109,0.0,439624.2036504904,9133.336782490462,98279.04611120907,592.0484044658544,495.9918880623471
0.34375,0.46875,0.03,0.5592935629299122,25.40862923242121,-1.7393900353590075,0.0,439622.1322790788,9133.320455965732,98282.81133388651,592.0455799467599,495.9907049325397
0.34375,0.53125,-0.01,0.5594846406491505,25.281268167129273,-1.915598690818191,0.0,439510.8424113386,9133.035983120464,98292.13261976144,591.8995099623951,495.92951553580116
0.34375,0.53125,0.01,0.5594846406491505,25.280310395533178,-1.9158196606215465,0.0,439512.91041462007,9133.052305365525,98288.36572915856,591.9023290906829,495.9306965532185
0.34375,0.53125,0.03,0.5594846406491505,25.281268167129273,-1.915598690818191,0.0,439510.8424113386,9133.035983120464,98292.13261976144,591.8995099623951,495.92951553580116
0.34375,0.59375,-0.01,0.5597644066049214,25.11223292076016,-2.0567557749224674,0.0,439336.7392607328,9132.600129794084,98303.1897523639,591.6702318294347,495.8334546294418
0.34375,0.59375,0.01,0.5597644066049214,25.11130076134328,-2.056994020949187,0.0,439338.8016771776,9132.616443649387,98299.42079024522,591.6730422533868,495.83463222845506
0.34375,0.59375,0.03,0.5597644066049214,25.11223292076016,-2.0567557749224674,0.0,439336.7392607328,9132.600129794084,98303.1897523639,591.6702318294347,495.8334546294418
0.34375,0.65625,-0.01,0.5601510614612991,24.89267342867578,-2.153132212210373,0.0,439086.6201053297,9131.98127280015,98316.2326566785,591.3402688961653,495.69517703093965
0.34375,0.65625,0.01,0.5601510614612991,24.891776442169355,-2.1533898629954242,0.0,439088.6737345975,9131.997571934307,98312.46119387494,591.3430659345322,495.69634934818396
0.34375,0.65625,0.03,0.5601510614612991,24.89267342867578,-2.153132212210373,0.0,439086.6201053297,9131.98127280015,98316.2326566785,591.3402688961653,495.69517703093965
0.34375,0.71875,-0.01,0.5606678696490106,24.611621218194234,-2.1933300253209196,0.0,438743.73271951807,9131.139117205754,98331.57982955637,590.8874143149919,495.5053363952456
0.34375,0.71875,0.01,0.5606678696490106,24.610770817391156,-2.193611008498155,0.0,438745.7731091834,9131.155392446579,98327.8054029243,590.8901915423745,495.50650085512245
0.34375,0.71875,0.03,0.5606678696490106,24.611621218194234,-2.1933300253209196,0.0,438743.73271951807,9131.139117205754,98331.57982955637,590.8874143149919,495.5053363952456
0.34375,0.78125,-0.01,0.5613436906165173,24.256351232058094,-2.1640806912140826,0.0,438287.4172311072,9130.023735902892,98349.60503281195,590.2842187613768,495.2523584797222
0.34375,0.78125,0.01,0.5613436906165173,24.255561413213044,-2.164391160937167,0.0,438289.43849410815,9130.039974833682,98345.82713173493,590.2869677490892,495.2535116878037
0.34375,0.78125,0.03,0.5613436906165173,24.256351232058094,-2.1640806912140826,0.0,438287.4172311072,9130.023735902892,98349.60503281195,590.2842187613768,495.2523584797222
0.34375,0.84375,-0.01,0.5622129586179578,23.8137153690748,-2.050301211858323,0.0,437693.12987405516,9128.575478763689,98370.6959241624,589.4979534860993,494.92240768886586
0.34375,0.84375,0.01,0.5622129586179578,23.81300352306364,-2.050650132773557,0.0,437695.12475644087,9128.591665889067,98366.91398602878,589.5006638882244,494.9235454682218
0.34375,0.84375,0.03,0.5622129586179578,23.8137153690748,-2.050301211858323,0.0,437693.12987405516,9128.575478763689,98370.6959241624,589.4979534860993,494.92240768886586
0.34375,0.90625,-0.01,0.5633155296028418,23.267476030814176,-1.835075946518743,0.0,436932.9389795825,9126.725883012436,98395.30223146148,588.4913308723658,494.4996641091735
0.34375,0.90625,0.01,0.5633155296028418,23.266851540772546,-1.8354747789675943,0.0,436934.897232193,9126.741995791897,98391.51589154605,588.4939886227096,494.5007807400392
0.34375,0.90625,0.03,0.5633155296028418,23.267476030814176,-1.835075946518743,0.0,436932.9389795825,9126.725883012436,98395.30223146148,588.4913308723658,494.4996641091735
0.34375,0.96875,-0.01,0.5647494620982847,22.209610073733636,-1.4672120870841718,0.0,435950.6459878623,9124.342287973339,98429.4290624622,587.2007226986447,493.9571279936558
0.34375,0.96875,0.01,0.5647494620982847,22.20851704664748,-1.467476779092518,0.0,435952.42190976674,9124.35810679905,98425.60612739375,587.2031483167283,493.95814821558207
0.34375,0.96875,0.03,0.5647494620982847,22.209610073733636,-1.4672120870841718,0.0,435950.6459878623,9124.342287973339,98429.4290624622,587.2007226986447,493.9571279936558
0.34375,1.0312500000000002,-0.01,0.5653649082852397,-0.024150283132220465,0.0015954169028839608,0.0,436110.671350389,9124.713423758261,98628.78718623567,587.7502305357118,494.1881987585286
0.34375,1.0312500000000002,0.01,0.5659803544721946,-22.209610073733792,1.467212087084182,0.0,436270.34907421196,9124.241072184885,98716.10364488314,587.6315893918382,494.1383187166288
0.34375,1.0312500000000002,0.03,0.5653649082852397,-0.024150283132220465,0.0015954169028839608,0.0,436110.671350389,9124.713423758261,98628.78718623567,587.7502305357118,494.1881987585286
0.40625,-0.03125,-0.01,0.5696379855200802,26.59726362848731,1.2180729139116864e-17,0.0,431590.3936586378,9114.139400946697,98263.59589876265,581.1815181164097,491.41890928995656
0.40625,-0.03125,0.01,0.5696379855200802,26.59726362848731,0.12376462424534772,0.0,431590.3936586379,9114.139387768644,98263.59415358353,581.1815077945216,491.41890492611253
0.40625,-0.03125,0.03,0.5696379855200802,26.59726362848731,1.2180729139116864e-17,0.0,431590.3936586378,9114.139400946697,98263.59589876265,581.1815181164097,491.41890928995656
0.40625,0.03125,-0.01,0.5696379855200802,26.59726362848731,-0.12376462424534772,0.0,431590.3936586378,9114.139387768644,98263.5941535835,581.1815077945215,491.41890492611253
0.40625,0.03125,0.01,0.5696379855200802,26.59618193715739,-0.12393837618792654,0.0,431591.58360810165,9114.153799193626,98259.79488037933,581.1831502438326,491.4195993133743
0.40625,0.03125,0.03,0.5696379855200802,26.59726362848731,-0.12376462424534772,0.0,431590.3936586378,9114.139387768644,98263.5941535835,581.1815077945215,491.41890492611253
0.40625,0.09375,-0.01,0.5694077437541563,26.64991968161073,-0.37402668323144406,0.0,431765.19963478943,9114.55765604343,98263.3320888864,581.4151220718211,491.5176614561099
0.40625,0.09375,0.01,0.5694077437541563,26.648812413002894,-0.3740861771829068,0.0,431766.45410617115,9114.572095984016,98259.57501799373,581.4168524722713,491.51839287993914
0.40625,0.09375,0.03,0.5694077437541563,26.64991968161073,-0.37402668323144406,0.0,431765.19963478943,9114.55765604343,98263.3320888864,581.4151220718211,491.5176614561099
0.40625,0.15625,-0.01,0.5692185552426449,26.683966643285668,-0.631522914696571,0.0,431914.27879540995,9114.910859595668,98264.39410544603,581.6146392815417,491.6019883139878
0.40625,0.15625,0.01,0.5692185552426449,26.682836936572272,-0.6316162697336651,0.0,431915.54285191646,9114.925321883306,98260.6373608157,581.6163834081784,491.60272541328163
0.40625,0.15625,0.03,0.5692185552426449,26.683966643285668,-0.631522914696571,0.0,431914.27879540995,9114.910859595668,98264.39410544603,581.6146392815417,491.6019883139878
0.40625,0.21875,-0.01,0.569082422303027,26.69253326554086,-0.892452362462057,0.0,432028.64272122475,9115.177716932802,98266.8315589399,581.7681924791765,491.66687842374273
0.40625,0.21875,0.01,0.569082422303027,26.691386448080006,-0.8925741565729638,0.0,432029.91323950473,9115.19219457186,98263.0748465797,581.7699458759188,491.6676193429478
0.40625,0.21875,0.03,0.569082422303027,26.69253326554086,-0.892452362462057,0.0,432028.64272122475,9115.177716932802,98266.8315589399,581.7681924791765,491.66687842374273
0.40625,0.28125000000000006,-0.01,0.5690028711769196,26.673653387926205,-1.1522297694724402,0.0,432105.4544099135,9115.351635315921,98270.63327372688,581.8720332893032,491.7107557013282
0.40625,0.28125000000000006,0.01,0.5690028711769196,26.672495309721917,-1.1523753866639737,0.0,432106.72829009476,9115.366121471643,98266.87626432133,581.8737915128776,491.71149859387145
0.40625,0.28125000000000006,0.03,0.5690028711769196,26.673653387926205,-1.1522297694724402,0.0,432105.4544099135,9115.351635315921,98270.63327372688,581.8720332893032,491.7107557013282
0.40625,0.34374999999999994,-0.01,0.5689836527374914,26.625555534527507,-1.4058024432925744,0.0,432141.75195754174,9115.425682002719,98275.79394992585,581.9222422015172,491.73196975544965
0.40625,0.34374999999999994,0.01,0.5689836527374914,26.624392481914054,-1.4059679741660065,0.0,432143.0260736542,9115.440169849977,98272.03629082262,581.9240007589843,491.7327127570152
0.40625,0.34374999999999994,0.03,0.5689836527374914,26.625555534527507,-1.4058024432925744,0.0,432141.75195754174,9115.425682002719,98275.79394992585,581.9222422015172,491.73196975544965
0.40625,0.40625000000000006,-0.01,0.5690303709110116,26.54554292458936,-1.6476280822906697,0.0,432133.30820857926,9115.389824074557,98282.34137875486,581.9132317316034,491.72816275775364
0.40625,0.40625000000000006,0.01,0.5690303709110116,26.544381701718006,-1.6478104224383514,0.0,432134.5791966653,9115.404306263294,98278.58270039028,581.9149857912504,491.728903864701
0.40625,0.40625000000000006,0.03,0.5690303709110116,26.54554292458936,-1.6476280822906697,0.0,432133.30820857926,9115.389824074557,98282.34137875486,581.9132317316034,491.72816275775364
0.40625,0.46874999999999994,-0.01,0.5691511894353708,26.429529915024702,-1.8715242225575606,0.0,432074.14357950754,9115.229739568358,98290.34837771974,581.8371054613006,491.695997605512
0.40625,0.46874999999999994,0.01,0.5691511894353708,26.42837798846133,-1.8717212131382022,0.0,432075.40754388785,9115.244207509193,98286.5882930006,581.8388494503872,491.69673450575704
0.40625,0.46874999999999994,0.03,0.5691511894353708,26.429529915024702,-1.8715242225575606,0.0,432074.14357950754,9115.229739568358,98290.34837771974,581.8371054613006,491.695997605512
0.40625,0.53125,-0.01,0.5693574337232726,26.271704001682252,-2.0704559243690817,0.0,431956.11644670204,9114.9258064429,98299.94161154622,581.6831156836369,491.6309268433637
0.40625,0.53125,0.01,0.5693574337232726,26.270569710289475,-2.0706665261422725,0.0,431957.36860578443,9114.940249445146,98296.1797142468,581.6848428024279,491.63165671187693
0.40625,0.53125,0.03,0.5693574337232726,26.271704001682252,-2.0704559243690817,0.0,431956.11644670204,9114.9258064429,98299.94161154622,581.6831156836369,491.6309268433637
0.40625,0.59375,-0.01,0.5696642243866548,26.06421161991576,-2.2362789771069247,0.0,431768.4983736995,9114.452040653206,98311.30927685044,581.4370974908137,491.526950176064
0.40625,0.59375,0.01,0.5696642243866548,26.063104479015326,-2.2365034962263928,0.0,431769.7326440802,9114.466444911759,98307.54513815217,581.4387991409618,491.52766943383
0.40625,0.59375,0.03,0.5696642243866548,26.06421161991576,-2.2362789771069247,0.0,431768.4983736995,9114.452040653206,98311.30927685044,581.4370974908137,491.526950176064
0.40625,0.65625,-0.01,0.5700911013912006,25.796911062878646,-2.359454225745836,0.0,431497.5696747435,9113.775059779366,98324.70681989244,581.0809243294186,491.37637883536894
0.40625,0.65625,0.01,0.5700911013912006,25.795842177506124,-2.3596946043573417,0.0,431498.77819505974,9113.789407207083,98320.93998430182,581.0825894594653,491.37708287240775
0.40625,0.65625,0.03,0.5700911013912006,25.796911062878646,-2.359454225745836,0.0,431497.5696747435,9113.775059779366,98324.70681989244,581.0809243294186,491.37637883536894
0.40625,0.71875,-0.01,0.5706626377889649,25.457326212609374,-2.4287680115417984,0.0,431126.23876339116,9112.853067168826,98340.45836676442,580.5919832579737,491.16960500763196
0.40625,0.71875,0.01,0.5706626377889649,25.45630887635202,-2.42902820560126,0.0,431127.41138837906,9112.867334157307,98336.68834176075,580.593597666527,491.170287886386
0.40625,0.71875,0.03,0.5706626377889649,25.457326212609374,-2.4287680115417984,0.0,431126.23876339116,9112.853067168826,98340.45836676442,580.5919832579737,491.16960500763196
0.40625,0.78125,-0.01,0.5714086802132153,25.03113842306596,-2.431177337093834,0.0,430633.9194236032,9111.635426886636,98358.94012271945,579.9429719226463,490.89500271778894
0.40625,0.78125,0.01,0.5714086802132153,25.03018897645243,-2.4314638272620206,0.0,430635.0432691444,9111.64958317688,98355.1663640898,579.9445176292104,490.8956569020442
0.40625,0.78125,0.03,0.5714086802132153,25.03113842306596,-2.431177337093834,0.0,430633.9194236032,9111.635426886636,98358.94012271945,579.9429719226463,490.89500271778894
0.40625,0.84375,-0.01,0.5723637583342929,24.503877768346495,-2.3519648450779687,0.0,429996.9837287744,9110.063582166087,98380.53386894277,579.1024229738747,490.5391307470836
0.40625,0.84375,0.01,0.5723637583342929,24.503016537551556,-2.3522873159066555,0.0,429998.0429353335,9110.077590203247,98376.7557748611,579.1038778946164,490.5397469550974
0.40625,0.84375,0.03,0.5723637583342929,24.503877768346495,-2.3519648450779687,0.0,429996.9837287744,9110.063582166087,98380.53386894277,579.1024229738747,490.5391307470836
0.40625,0.90625,-0.01,0.5735659787073768,23.85784840187299,-2.1747011022784477,0.0,429190.0287228142,9108.073822882647,98405.69288174015,578.0364765433808,490.08745824934715
0.40625,0.90625,0.01,0.5735659787073768,23.85708668500508,-2.175071939614327,0.0,429191.0025789685,9108.087633182586,98401.91004802583,578.0378124224382,490.0880245606615
0.40625,0.90625,0.03,0.5735659787073768,23.85784840187299,-2.1747011022784477,0.0,429190.0287228142,9108.073822882647,98405.69288174015,578.0364765433808,490.08745824934715
0.40625,0.96875,-0.01,0.5751059118624322,22.645647204943273,-1.8396993327424855,0.0,428164.62764478114,9105.552054374413,98440.6254241776,576.6934268588925,489.5177757021771
0.40625,0.96875,0.01,0.5751059118624322,22.644381978289918,-1.8399300877972344,0.0,428165.3657613257,9105.565434629218,98436.80466981922,576.6944596662698,489.5182140436946
0.40625,0.96875,0.03,0.5751059118624322,22.645647204943273,-1.8396993327424855,0.0,428164.62764478114,9105.552054374413,98440.6254241776,576.6934268588925,489.5177757021771
0.40625,1.03125,-0.01,0.5756561049414941,-0.021616368033907766,0.0017560821948870591,0.0,428354.3297057309,9106.044710505535,98637.7986892601,577.2969399872711,489.7738503671984
0.40625,1.03125,0.01,0.5762062980205561,-22.645647204943273,1.8396993327424855,0.0,428543.6699524234,9105.642411591254,98716.10364488314,577.2042655484373,489.73453668358604
0.40625,1.03125,0.03,0.5756561049414941,-0.021616368033907766,0.0017560821948870591,0.0,428354.3297057309,9106.044710505535,98637.7986892601,577.2969399872711,489.7738503671984
0.46875,-0.03125,-0.01,0.5779216701106306,27.690266671532275,0.0,0.0,425479.3675048385,9099.213212225031,98272.74296489467,572.9056496909274,487.9075276725848
0.46875,-0.03125,0.01,0.5779216701106306,27.690266671532275,0.1348902235925967,0.0,425479.3675048385,9099.213196345128,98272.74086171188,572.9056374298947,487.90752245161156
0.46875,-0.03125,0.03,0.5779216701106306,27.690266671532275,0.0,0.0,425479.3675048385,9099.213212225031,98272.74296489467,572.9056496909274,487.9075276725848
0.46875,0.03125,-0.01,0.5779216701106306,27.690266671532275,-0.1348902235925967,0.0,425479.3675048385,9099.213196345128,98272.74086171188,572.9056374298947,487.90752245161156
0.46875,0.03125,0.01,0.5779216701106306,27.689031452253438,-0.13506232169611054,0.0,425479.6573076752,9099.225446159297,98268.94706940529,572.9060740638515,487.9077083783485
0.46875,0.03125,0.03,0.5779216701106306,27.690266671532275,-0.1348902235925967,0.0,425479.3675048385,9099.213196345128,98272.74086171188,572.9056374298947,487.90752245161156
0.46875,0.09375,-0.01,0.5776639730718575,27.746647871529515,-0.4076193168953312,0.0,425669.9248147267,9099.675330443066,98272.5505788473,573.1602473098645,488.01592798001474
0.46875,0.09375,0.01,0.5776639730718575,27.745382205100256,-0.40767850689124585,0.0,425670.28816716035,9099.687634660728,98268.79888526759,573.1607842984154,488.01615658877273
0.46875,0.09375,0.03,0.5776639730718575,27.746647871529515,-0.4076193168953312,0.0,425669.9248147267,9099.675330443066,98272.5505788473,573.1602473098645,488.01592798001474
0.46875,0.15625,-0.01,0.5774479517395831,27.781758951932748,-0.6880637491212,0.0,425835.2535183336,9100.072756806745,98273.7330915289,573.3815414248523,488.11012906193076
0.46875,0.15625,0.01,0.5774479517395831,27.78046592601911,-0.688155993691505,0.0,425835.6346832493,9100.085104861644,98269.98173266747,573.3821034506468,488.11036828345783
0.46875,0.15625,0.03,0.5774479517395831,27.781758951932748,-0.6880637491212,0.0,425835.2535183336,9100.072756806745,98273.7330915289,573.3815414248523,488.11012906193076
0.46875,0.21875,-0.01,0.5772870248936983,27.787610691661527,-0.972860837776087,0.0,425965.5000045207,9100.381898018042,98276.33332491998,573.556537899515,488.18460916748126
0.46875,0.21875,0.01,0.5772870248936983,27.78629614515742,-0.9729801923151229,0.0,425965.8938681513,9100.394277775644,98272.58197692299,573.5571177846235,488.18485595301576
0.46875,0.21875,0.03,0.5772870248936983,27.787610691661527,-0.972860837776087,0.0,425965.5000045207,9100.381898018042,98276.33332491998,573.556537899515,488.18460916748126
0.46875,0.28125,-0.01,0.5771854320272294,27.76180855291084,-1.2578855650266993,0.0,426057.3580134,9100.594961380777,98280.34083811601,573.6808731378547,488.237520481826
0.46875,0.28125,0.01,0.5771854320272294,27.76047897412626,-1.2580268901168439,0.0,426057.75934179965,9100.607360498987,98276.5891430322,573.6814635168935,488.2377717061018
0.46875,0.28125,0.03,0.5771854320272294,27.76180855291084,-1.2578855650266993,0.0,426057.3580134,9100.594961380777,98280.34083811601,573.6808731378547,488.237520481826
0.46875,0.34375,-0.01,0.5771475046268421,27.702242638091416,-1.5385370877039934,0.0,426107.5058761471,9100.704066228633,98285.75205904077,573.7501552619568,488.2670012548957
0.46875,0.34375,0.01,0.5771475046268421,27.700905053982403,-1.5386959600306285,0.0,426107.90927531134,9100.716472026326,98281.99963732435,573.7507485340669,488.2672536950184
0.46875,0.34375,0.03,0.5771475046268421,27.702242638091416,-1.5385370877039934,0.0,426107.5058761471,9100.704066228633,98285.75205904077,573.7501552619568,488.2670012548957
0.46875,0.40625,-0.01,0.5771793305708471,27.605799219307062,-1.8097128885478022,0.0,426111.46892116696,9100.698464612577,98292.59777823967,573.758478861899,488.2705429745852
0.46875,0.40625,0.01,0.5771793305708471,27.604461284409876,-1.8098857119113534,0.0,426111.868574907,9100.710863398166,98288.84423401927,573.75906683337,488.2707931574465
0.46875,0.40625,0.03,0.5771793305708471,27.605799219307062,-1.8097128885478022,0.0,426111.46892116696,9100.698464612577,98292.59777823967,573.758478861899,488.2705429745852
0.46875,0.46875,-0.01,0.5772894624321314,27.467831656768148,-2.0656547495654074,0.0,426063.14485256537,9100.563370663303,98300.95533915555,573.6978039081278,488.2447249893287
0.46875,0.46875,0.01,0.5772894624321314,27.466501816987417,-2.0658389140142153,0.0,426063.534155302,9100.575746820332,98297.20025811507,573.69837728984,488.24496897712555
0.46875,0.46875,0.03,0.5772894624321314,27.467831656768148,-2.0656547495654074,0.0,426063.14485256537,9100.563370663303,98300.95533915555,573.6978039081278,488.2447249893287
0.46875,0.53125,-0.01,0.5774894902213422,27.28178295329723,-2.2997319535851606,0.0,425954.4268717993,9100.27901807205,98310.95745022008,573.557459093955,488.1850012062232
0.46875,0.53125,0.01,0.5774894902213422,27.280470692842215,-2.299926040504609,0.0,425954.79798147053,9100.291352944416,98307.20039581918,573.5580068880903,488.1852343344064
0.46875,0.53125,0.03,0.5774894902213422,27.28178295329723,-2.2997319535851606,0.0,425954.4268717993,9100.27901807205,98310.95745022008,573.557459093955,488.1850012062232
0.46875,0.59375,-0.01,0.5777946047482588,27.038844598296393,-2.5041805227424936,0.0,425774.8420247762,9099.819739644092,98322.79967767929,573.3236617333226,488.0854924328629
0.46875,0.59375,0.01,0.5777946047482588,27.037560792186024,-2.5043845783998164,0.0,425775.18533870514,9099.832010216003,98319.0401883207,573.3241705132765,488.0857090016841
0.46875,0.59375,0.03,0.5777946047482588,27.038844598296393,-2.5041805227424936,0.0,425774.8420247762,9099.819739644092,98322.79967767929,573.3236617333226,488.0854924328629
0.46875,0.65625,-0.01,0.5782240840886254,26.72770169449436,-2.6698211248872106,0.0,425511.2564443057,9099.153187309868,98336.74528181225,572.979120556538,487.9388119156465
0.46875,0.65625,0.01,0.5782240840886254,26.72645908107596,-2.670037009428951,0.0,425511.55999600224,9099.16536468246,98332.98286522416,572.9795736383828,487.93900483382225
0.46875,0.65625,0.03,0.5782240840886254,26.72770169449436,-2.6698211248872106,0.0,425511.2564443057,9099.153187309868,98336.74528181225,572.979120556538,487.9388119156465
0.46875,0.71875,-0.01,0.5788016665693559,26.33453544239321,-2.7857927457496374,0.0,425147.67695304163,9098.239749641783,98353.12508528098,572.5027530376644,487.73593669342256
0.46875,0.71875,0.01,0.5788016665693559,26.333349325993836,-2.7860245879351315,0.0,425147.9257615958,9098.251797383853,98349.35920624858,572.503129584543,487.73609709039306
0.46875,0.71875,0.03,0.5788016665693559,26.33453544239321,-2.7857927457496374,0.0,425147.67695304163,9098.239749641783,98353.12508528098,572.5027530376644,487.73593669342256
0.46875,0.78125,-0.01,0.5795553800844281,25.84366620147445,-2.8394486974007616,0.0,424665.42314804543,9097.032843073895,98372.31842033968,571.8698711215985,487.4662745754281
0.46875,0.78125,0.01,0.5795553800844281,25.842555442782942,-2.8397035163979023,0.0,424665.59860946547,9097.044715651698,98368.54848402391,571.8701453039463,487.4663914329846
0.46875,0.78125,0.03,0.5795553800844281,25.84366620147445,-2.8394486974007616,0.0,424665.42314804543,9097.032843073895,98372.31842033968,571.8698711215985,487.4662745754281
0.46875,0.84375,-0.01,0.5805162421589459,25.239637064770328,-2.8166624558605275,0.0,424044.05270579463,9095.48100906774,98394.6994076332,571.0533238174106,487.118134657919
0.46875,0.84375,0.01,0.5805162421589459,25.238625151010968,-2.81695096410244,0.0,424044.1322054681,9095.492650766877,98390.92475183617,571.0534642848305,487.1181945684566
0.46875,0.84375,0.03,0.5805162421589459,25.239637064770328,-2.8166624558605275,0.0,424044.05270579463,9095.48100906774,98394.6994076332,571.0533238174106,487.118134657919
0.46875,0.90625,-0.01,0.581716151691847,24.50357869752235,-2.701688002812219,0.0,423263.4208142453,9093.532651658337,98420.73698086999,570.0263592597305,486.67992849469687
0.46875,0.90625,0.01,0.581716151691847,24.502679088815952,-2.7020237001960505,0.0,423263.3758867391,9093.54399197428,98416.95715730698,570.0263271960054,486.67991480693365
0.46875,0.90625,0.03,0.581716151691847,24.50357869752235,-2.701688002812219,0.0,423263.4208142453,9093.532651658337,98420.73698086999,570.0263592597305,486.67992849469687
0.46875,0.96875,-0.01,0.5832357556985708,23.14662532228723,-2.418359775341485,0.0,422286.3637867052,9091.10049091137,98457.57704580392,568.7541191681919,486.1365153912707
0.46875,0.96875,0.01,0.5832357556985708,23.145196491870166,-2.418540014314403,0.0,422286.04619692813,9091.11130128324,98453.75830855482,568.7537351330242,486.1363512662617
0.46875,0.96875,0.03,0.5832357556985708,23.14662532228723,-2.418359775341485,0.0,422286.3637867052,9091.10049091137,98457.57704580392,568.7541191681919,486.1365153912707
0.46875,1.0312499999999998,-0.01,0.5837089737201666,-0.018736531735189854,0.001957593128453325,0.0,422498.362897604,9091.708541335203,98650.07171076766,569.4048015096482,486.4145177965899
0.46875,1.0312499999999998,0.01,0.5841821917417626,-23.146625322287065,2.418359775341468,0.0,422710.01907165645,9091.364497949491,98716.10364488317,569.3250831640831,486.38046687376317
0.46875,1.0312499999999998,0.03,0.5837089737201666,-0.018736531735189854,0.001957593128453325,0.0,422498.362897604,9091.708541335203,98650.07171076766,569.4048015096482,486.4145177965899
0.53125,-0.03125,-0.01,0.5845406122236543,28.809384006492138,-1.1870237172806681e-17,0.0,420750.15123610356,9087.477059648118,98284.84615203516,566.4894352192543,485.1676927849839
0.53125,-0.03125,0.01,0.5845406122236544,28.80938400649214,0.1504381123746974,0.0,420750.1512361037,9087.477039672787,98284.84350611584,566.4894199688327,485.16768625440153
0.53125,-0.03125,0.03,0.5845406122236543,28.809384006492138,-1.1870237172806681e-17,0.0,420750.15123610356,9087.477059648118,98284.84615203516,566.4894352192543,485.1676927849839
0.53125,0.03125,-0.01,0.5845406122236543,28.809384006492138,-0.1504381123746974,0.0,420750.1512361036,9087.477039672787,98284.84350611584,566.4894199688327,485.1676862544015
0.53125,0.03125,0.01,0.5845406122236543,28.80799584786704,-0.15060918741084317,0.0,420749.5497713737,9087.48709276102,98281.05499077476,566.4886632310303,485.16736220170225
0.53125,0.03125,0.03,0.5845406122236543,28.809384006492138,-0.1504381123746974,0.0,420750.1512361036,9087.477039672787,98284.84350611584,566.4894199688327,485.1676862544015
0.53125,0.09375,-0.01,0.5842677047365855,28.867260093723957,-0.45477787842002887,0.0,420947.68251109443,9087.961212482896,98284.68894908713,566.7532611145224,485.2806559696217
0.53125,0.09375,0.01,0.5842677047365855,28.86583655934462,-0.45483617780565727,0.0,420947.164325799,9087.97134735066,98280.94259437613,566.7526180966161,485.28038067853714
0.53125,0.09375,0.03,0.5842677047365855,28.867260093723957,-0.45477787842002887,0.0,420947.68251109443,9087.961212482896,98284.68894908713,566.7532611145224,485.2806559696217
0.53125,0.15625,-0.01,0.5840331985162819,28.9018790566923,-0.7679291647009664,0.0,421123.2100184643,9088.387885027869,98285.97551398992,566.988215437142,485.3812349879641
0.53125,0.15625,0.01,0.5840331985162819,28.900423050851334,-0.768019221665599,0.0,421122.7186758842,9088.398087778383,98282.2295138884,566.987609869087,485.3809757837683
0.53125,0.15625,0.03,0.5840331985162819,28.9018790566923,-0.7679291647009664,0.0,421123.2100184643,9088.387885027869,98285.97551398992,566.988215437142,485.3812349879641
0.53125,0.21875,-0.01,0.5838521282184035,28.9042241421448,-1.0871311618760058,0.0,421265.86738346255,9088.730824387276,98288.74085663026,567.1799856735191,485.4633123595033
0.53125,0.21875,0.01,0.5838521282184035,28.9027419933423,-1.0872464371190056,0.0,421265.39609951247,9088.741078450787,98284.99485340583,567.1794080859003,485.4630651737094
0.53125,0.21875,0.03,0.5838521282184035,28.9042241421448,-1.0871311618760058,0.0,421265.86738346255,9088.730824387276,98288.74085663026,567.1799856735191,485.4633123595033
0.53125,0.28125,-0.01,0.5837291762397369,28.87150245389203,-1.4089260573229223,0.0,421372.1023102477,9088.981561342132,98292.97874149092,567.3238921118026,485.5248949851039
0.53125,0.28125,0.01,0.5837291762397369,28.870001265539486,-1.4090608200871604,0.0,421371.6441903848,9088.991849942875,98289.23234293528,567.3233328539773,485.52465567413225
0.53125,0.28125,0.03,0.5837291762397369,28.87150245389203,-1.4089260573229223,0.0,421372.1023102477,9088.981561342132,98292.97874149092,567.3238921118026,485.5248949851039
0.53125,0.34375,-0.01,0.5836690499056455,28.801306456621408,-1.7293984644260947,0.0,421438.4022391923,9089.1316646,98298.69087788717,567.4152954216491,485.56400561986027
0.53125,0.34375,0.01,0.5836690499056455,28.799793975020307,-1.729547712087746,0.0,421437.9500803239,9089.141970230943,98294.94367098999,567.4147444018569,485.5637698530025
0.53125,0.34375,0.03,0.5836690499056455,28.801306456621408,-1.7293984644260947,0.0,421438.4022391923,9089.1316646,98298.69087788717,567.4152954216491,485.56400561986027
0.53125,0.40625,-0.01,0.5836780285665906,28.690164014810616,-2.044143974156859,0.0,421460.2636953527,9089.170208252914,98305.9150232079,567.4482637162542,485.57811167656433
0.53125,0.40625,0.01,0.5836780285665906,28.688648727776325,-2.0443035529351787,0.0,421459.80971861375,9089.180511979443,98302.16657837683,567.4477100366475,485.57787477852384
0.53125,0.40625,0.03,0.5836780285665906,28.690164014810616,-2.044143974156859,0.0,421460.2636953527,9089.170208252914,98305.9150232079,567.4482637162542,485.57811167656433
0.53125,0.46875,-0.01,0.5837646175038945,28.532946938192868,-2.34810938062789,0.0,421431.7662667657,9089.082713943884,98314.737475322,567.4150201178504,485.5638878246293
0.53125,0.46875,0.01,0.5837646175038945,28.531438261508704,-2.348276161310848,0.0,421431.30172203976,9089.0929944018,98310.98734262647,567.4144515322636,485.5636445417698
0.53125,0.46875,0.03,0.5837646175038945,28.532946938192868,-2.34810938062789,0.0,421431.7662667657,9089.082713943884,98314.737475322,567.4150201178504,485.5638878246293
0.53125,0.53125,-0.01,0.5839400542121884,28.322459247215594,-2.6353693170417487,0.0,421345.24921076425,9088.85033552075,98325.30178367098,567.3055199139359,485.51703331050976
0.53125,0.53125,0.01,0.5839400542121884,28.320967826897324,-2.6355414376369914,0.0,421344.76388818584,9088.860567680813,98321.54948513619,567.3049221556939,485.5167775207505
0.53125,0.53125,0.03,0.5839400542121884,28.322459247215594,-2.6353693170417487,0.0,421345.24921076425,9088.85033552075,98325.30178367098,567.3055199139359,485.51703331050976
0.53125,0.59375,-0.01,0.5842187657454908,28.049076695782112,-2.8988606601257065,0.0,421191.02987657057,9088.449132629228,98337.81596063546,567.1070792833748,485.4321101697207
0.53125,0.59375,0.01,0.5842187657454908,28.047614790728954,-2.89903785064078,0.0,421190.5115438293,9088.459286333507,98334.06099224841,567.1064352909365,485.43183454743667
0.53125,0.59375,0.03,0.5842187657454908,28.049076695782112,-2.8988606601257065,0.0,421191.02987657057,9088.449132629228,98337.81596063546,567.1070792833748,485.4321101697207
0.53125,0.65625,-0.01,0.584618688524144,27.70049211005032,-3.130099867543888,0.0,420957.2298834405,9087.84958804638,98352.55711282013,566.8041408211327,485.3024382732865
0.53125,0.65625,0.01,0.584618688524144,27.699074149582863,-3.130283863352098,0.0,420956.6636296723,9087.859626334926,98348.79893118607,566.8034298339186,485.3021338965963
0.53125,0.65625,0.03,0.584618688524144,27.70049211005032,-3.130099867543888,0.0,420957.2298834405,9087.84958804638,98352.55711282013,566.8041408211327,485.3024382732865
0.53125,0.71875,-0.01,0.5851613584472052,27.261777771419165,-3.3189488371029583,0.0,420629.76044638274,9087.016491414503,98369.8671974267,566.3782351375496,485.12007200728624
0.53125,0.71875,0.01,0.5851613584472052,27.260421166886633,-3.3191439416535653,0.0,420629.1279906433,9087.026368732963,98366.10520577242,566.3774317402864,485.1197279401486
0.53125,0.71875,0.03,0.5851613584472052,27.261777771419165,-3.3189488371029583,0.0,420629.76044638274,9087.016491414503,98369.8671974267,566.3782351375496,485.12007200728624
0.53125,0.78125,-0.01,0.5858713244001805,26.71621255460921,-3.45357754652651,0.0,420192.77044322016,9085.909926574774,98390.13189188945,565.8085294308,484.87602554579456
0.53125,0.78125,0.01,0.5858713244001805,26.714938834043004,-3.453791387649635,0.0,420192.04950293154,9085.919587103714,98386.36542246099,565.8076026779021,484.87562844993755
0.53125,0.78125,0.03,0.5858713244001805,26.71621255460921,-3.45357754652651,0.0,420192.77044322016,9085.909926574774,98390.13189188945,565.8085294308,484.87602554579456
0.53125,0.84375,-0.01,0.5867741818401907,26.047793925027214,-3.520990559811229,0.0,419629.9828560655,9084.4884300426,98413.71962810846,565.0735045614878,484.5609792537874
0.53125,0.84375,0.01,0.5867741818401907,26.0466299326313,-3.521235077050735,0.0,419629.14676340343,9084.497806608226,98409.94793196295,565.0724174524873,484.56051314552815
0.53125,0.84375,0.03,0.5867741818401907,26.047793925027214,-3.520990559811229,0.0,419629.9828560655,9084.4884300426,98413.71962810846,565.0735045614878,484.5609792537874
0.53125,0.90625,-0.01,0.5878936806094373,25.236762469811733,-3.506660240874131,0.0,418927.43657751975,9082.715431220715,98441.13797651598,564.1547724454424,484.16690412143026
0.53125,0.90625,0.01,0.5878936806094373,25.235723932004156,-3.5069500535990206,0.0,418926.4526888333,9082.724441270539,98437.36055538144,564.1534804020321,484.1663496946606
0.53125,0.90625,0.03,0.5878936806094373,25.236762469811733,-3.506660240874131,0.0,418927.43657751975,9082.715431220715,98441.13797651598,564.1547724454424,484.16690412143026
0.53125,0.96875,-0.01,0.5893036595672232,23.745798439083945,-3.306237007392948,0.0,418059.2718729877,9080.53013035923,98481.32357497503,563.0348716976526,483.68610677567386
0.53125,0.96875,0.01,0.5893036595672232,23.744210505739606,-3.306341684656567,0.0,418057.99860892806,9080.538561120897,98477.50654422175,563.0332060579376,483.685391324975
0.53125,0.96875,0.03,0.5893036595672232,23.745798439083945,-3.306237007392948,0.0,418059.2718729877,9080.53013035923,98481.32357497503,563.0348716976526,483.68610677567386
0.53125,1.0312500000000002,-0.01,0.5896916588583179,-0.015594230690185845,0.002171256643232113,0.0,418282.5729648531,9081.241644395237,98666.50618539136,563.723143990439,483.9816533618885
0.53125,1.0312500000000002,0.01,0.5900796581494124,-23.745798439084115,3.306237007392971,0.0,418505.58095868427,9080.932565572333,98716.10364488313,563.6363664223111,483.94440070714603
0.53125,1.0312500000000002,0.03,0.5896916588583179,-0.015594230690185845,0.002171256643232113,0.0,418282.5729648531,9081.241644395237,98666.50618539136,563.723143990439,483.9816533618885
0.59375,-0.03125,-0.01,0.5896567191601094,29.96505334061489,0.0,0.0,417202.35302676965,9078.541441298035,98300.03568978822,561.6622652505614,483.09616481288
0.59375,-0.03125,0.01,0.5896567191601094,29.96505334061489,0.17133085979255097,0.0,417202.35302676965,9078.541415166439,98300.03222787866,561.6622454700604,483.0961563060914
0.59375,-0.03125,0.03,0.5896567191601094,29.96505334061489,0.0,0.0,417202.35302676965,9078.541441298035,98300.03568978822,561.6622652505614,483.09616481288
0.59375,0.03125,-0.01,0.5896567191601093,29.96505334061489,-0.17133085979255097,0.0,417202.35302676965,9078.541415166439,98300.03222787866,561.6622454700604,483.0961563060914
0.59375,0.03125,0.01,0.5896567191601093,29.963512760041926,-0.17150173726200962,0.0,417200.9294484736,9078.549405186488,98296.24885985906,561.6603890749191,483.0953579454168
0.59375,0.03125,0.03,0.5896567191601093,29.96505334061489,-0.17133085979255097,0.0,417202.35302676965,9078.541415166439,98300.03222787866,561.6622454700604,483.0961563060914
0.59375,0.09375,-0.01,0.5893803339665001,30.02147596028946,-0.5184659913180054,0.0,417398.78732851415,9079.027055909737,98299.82083785169,561.9245396436722,483.2089451911447
0.59375,0.09375,0.01,0.5893803339665001,30.019895147975298,-0.5185230842773082,0.0,417397.4560222732,9079.03515255237,98296.07990150231,561.9228093488287,483.20820123485623
0.59375,0.09375,0.03,0.5893803339665001,30.02147596028946,-0.5184659913180054,0.0,417398.78732851415,9079.027055909737,98299.82083785169,561.9245396436722,483.2089451911447
0.59375,0.15625,-0.01,0.5891364563833411,30.053580714732007,-0.8765272599159711,0.0,417578.16511399735,9079.466859749396,98301.14070524894,562.1646524354313,483.3121728034278
0.59375,0.15625,0.01,0.5891364563833411,30.051962261570427,-0.8766144645433643,0.0,417576.869814428,9079.47504892082,98297.40016067847,562.1629721968769,483.3114505236208
0.59375,0.15625,0.03,0.5891364563833411,30.053580714732007,-0.8765272599159711,0.0,417578.16511399735,9079.466859749396,98301.14070524894,562.1646524354313,483.3121728034278
0.59375,0.21875,-0.01,0.588940815161639,30.05148985149628,-1.243549660076008,0.0,417729.2569226272,9079.833556242007,98304.02165458984,562.3678405574142,483.399508800347
0.59375,0.21875,0.01,0.588940815161639,30.04984052671878,-1.2436597364912259,0.0,417727.98993360525,9079.841818850202,98300.28110444313,562.3661996374589,483.39880354977805
0.59375,0.21875,0.03,0.588940815161639,30.05148985149628,-1.243549660076008,0.0,417729.2569226272,9079.833556242007,98304.02165458984,562.3678405574142,483.399508800347
0.59375,0.28125,-0.01,0.5887987472838034,30.01206677330076,-1.617014662245691,0.0,417848.1384273983,9080.117664461222,98308.4663625003,562.5289339396047,483.46874007590657
0.59375,0.28125,0.01,0.5887987472838034,30.010394253158864,-1.617141181793511,0.0,417846.8917218028,9080.125980635312,98304.72537328777,562.5273211150765,483.4680469997336
0.59375,0.28125,0.03,0.5887987472838034,30.01206677330076,-1.617014662245691,0.0,417848.1384273983,9080.117664461222,98308.4663625003,562.5289339396047,483.46874007590657
0.59375,0.34375,-0.01,0.5887152954638413,29.93268537405603,-1.9940257167993807,0.0,417931.1590019421,9080.310311577792,98314.48731974441,562.6431106547321,483.5178025049898
0.59375,0.34375,0.01,0.5887152954638413,29.93099807298331,-1.994162982122496,0.0,417929.9241330611,9080.318660414707,98310.7454365844,562.6415141067909,483.5171164929467
0.59375,0.34375,0.03,0.5887152954638413,29.93268537405603,-1.9940257167993807,0.0,417931.1590019421,9080.310311577792,98314.48731974441,562.6431106547321,483.5178025049898
0.59375,0.40625,-0.01,0.5886968035161854,29.80961998884055,-2.3712710971479374,0.0,417973.89115967683,9080.400643968804,98322.1355541767,562.7045457876402,483.54419949543416
0.59375,0.40625,0.01,0.5886968035161854,29.807927169955597,-2.3714142678337806,0.0,417972.6589834798,9080.4090028031,98318.3923042253,562.7029527218061,483.54351501696806
0.59375,0.40625,0.03,0.5886968035161854,29.80961998884055,-2.3712710971479374,0.0,417973.89115967683,9080.400643968804,98322.1355541767,562.7045457876402,483.54419949543416
0.59375,0.46875,-0.01,0.5887515326721405,29.637396718722115,-2.7448617491288947,0.0,417970.73724717664,9080.374847927595,98331.51359175298,562.705906296542,483.54478405245897
0.59375,0.46875,0.01,0.5887515326721405,29.635708707740484,-2.745007032244469,0.0,417969.4975303564,9080.383191326397,98327.76847880529,562.7043024032988,483.5440949227058
0.59375,0.46875,0.03,0.5887515326721405,29.637396718722115,-2.7448617491288947,0.0,417970.73724717664,9080.374847927595,98331.51359175298,562.705906296542,483.54478405245897
0.59375,0.53125,-0.01,0.5888900951156386,29.408357988355235,-3.1101067547826333,0.0,417914.66090796125,9080.215469273444,98342.78443744351,562.6380037279818,483.51560813385436
0.59375,0.53125,0.01,0.5888900951156386,29.406686588886064,-3.1102516779314424,0.0,417913.40190942667,9080.223767947999,98339.03693431715,562.6363725992022,483.5149072597664
0.59375,0.53125,0.03,0.5888900951156386,29.408357988355235,-3.1101067547826333,0.0,417914.66090796125,9080.215469273444,98342.78443744351,562.6380037279818,483.51560813385436
0.59375,0.59375,-0.01,0.5891257778051043,29.1122869528892,-3.4612469748477346,0.0,417796.9985994749,9079.900921375327,98356.17846673063,562.489549674327,483.4518152625723
0.59375,0.59375,0.01,0.5891257778051043,29.11064573050387,-3.461390731385751,0.0,417795.7065398461,9079.909140817676,98352.42800615245,562.4878720748313,483.4510943255108
0.59375,0.59375,0.03,0.5891257778051043,29.1122869528892,-3.4612469748477346,0.0,417796.9985994749,9079.900921375327,98356.17846673063,562.489549674327,483.4518152625723
0.59375,0.65625,-0.01,0.5894747234969785,28.73616395973744,-3.7911856460989677,0.0,417607.3697798918,9079.405224377793,98371.99561260598,562.2470346038135,483.34758488956635
0.59375,0.65625,0.01,0.5894747234969785,28.734569021824544,-3.7913296219558132,0.0,417606.0281173365,9079.413322971115,98368.24157653614,562.245287464623,483.3468339063577
0.59375,0.65625,0.03,0.5894747234969785,28.73616395973744,-3.7911856460989677,0.0,417607.3697798918,9079.405224377793,98371.99561260598,562.2470346038135,483.34758488956635
0.59375,0.71875,-0.01,0.5899558074736677,28.26430848416452,-4.091308441387986,0.0,417333.80277669395,9078.69824784017,98390.60080440622,561.8948757510357,483.19619076734284
0.59375,0.71875,0.01,0.5899558074736677,28.262779373721255,-4.091456914898796,0.0,417332.39155465976,9078.706175140122,98386.84250915948,561.8930312612569,483.1953976909108
0.59375,0.71875,0.03,0.5899558074736677,28.26430848416452,-4.091308441387986,0.0,417333.80277669395,9078.69824784017,98390.60080440622,561.8948757510357,483.19619076734284
0.59375,0.78125,-0.01,0.5905897034142275,27.679419675764716,-4.351600424011623,0.0,416963.3819649938,9077.747227076079,98412.39631208745,561.4162245486185,482.990341129553
0.59375,0.78125,0.01,0.5905897034142275,27.677980663859323,-4.351761520275102,0.0,416961.8772381753,9077.754922279473,98408.6329846706,561.4142493493208,482.9894914898561
0.59375,0.78125,0.03,0.5905897034142275,27.679419675764716,-4.351600424011623,0.0,416963.3819649938,9077.747227076079,98412.39631208745,561.4162245486185,482.990341129553
0.59375,0.84375,-0.01,0.5913964028268122,26.965556400369643,-4.561526354829613,0.0,416483.8777104267,9076.520697404248,98437.75269209185,560.7950179691279,482.72305296777785
0.59375,0.84375,0.01,0.5913964028268122,26.964237792530405,-4.561713264860785,0.0,416482.25126464746,9076.528088510882,98433.9834644611,560.7928727639163,482.7221296883565
0.59375,0.84375,0.03,0.5913964028268122,26.965556400369643,-4.561526354829613,0.0,416483.8777104267,9076.520697404248,98437.75269209185,560.7950179691279,482.72305296777785
0.59375,0.90625,-0.01,0.5923920064431311,26.10237652625165,-4.7091746318063,0.0,415886.9924901855,9074.996118080802,98467.2617026997,560.0205354409297,482.3896069427855
0.59375,0.90625,0.01,0.5923920064431311,26.101196270740406,-4.709402760134067,0.0,415885.21062187105,9075.003118810118,98463.4860076063,560.018174071847,482.38858992552247
0.59375,0.90625,0.03,0.5923920064431311,26.10237652625165,-4.7091746318063,0.0,415886.9924901855,9074.996118080802,98467.2617026997,560.0205354409297,482.3896069427855
0.59375,0.96875,-0.01,0.593651651391756,24.491847618927043,-4.6444539582420745,0.0,415155.7306982852,9073.13225427305,98512.70680453273,559.0903233451558,481.9888081235695
0.59375,0.96875,0.01,0.593651651391756,24.490099542687588,-4.644446059212009,0.0,415153.6604262674,9073.138673891095,98508.89102609927,559.0875909688187,481.98763033854254
0.59375,0.96875,0.03,0.593651651391756,24.491847618927043,-4.6444539582420745,0.0,415155.7306982852,9073.13225427305,98512.70680453273,559.0903233451558,481.9888081235695
0.59375,1.03125,-0.01,0.5939492866006961,-0.012242244855184027,0.002321529329273023,0.0,415376.4167549434,9073.933720270514,98688.22618917921,559.8064914788574,482.29741170702425
0.59375,1.03125,0.01,0.5942469218096363,-24.491847618927043,4.644453958242074,0.0,415596.8823020656,9073.624176642375,98716.10364488313,559.6848672855606,482.24501661965996
0.59375,1.03125,0.03,0.5939492866006961,-0.012242244855184027,0.002321529329273023,0.0,415376.4167549434,9073.933720270514,98688.22618917921,559.8064914788574,482.29741170702425
0.65625,-0.03125,-0.01,0.5934956755617267,31.16965926536138,-2.338235146079019e-17,0.0,414620.76551132544,9071.939323681723,98318.2131701497,558.1334119703045,481.57615736444103
0.65625,-0.03125,0.01,0.5934956755617267,31.16965926536138,0.1977906808347243,0.0,414620.7655113255,9071.939288635303,98318.20852634759,558.1333856083413,481.57614599144966
0.65625,-0.03125,0.03,0.5934956755617267,31.16965926536138,-2.338235146079019e-17,0.0,414620.76551132544,9071.939323681723,98318.2131701497,558.1334119703045,481.57615736444103
0.65625,0.03125,-0.01,0.5934956755617268,31.16965926536138,-0.1977906808347243,0.0,414620.76551132544,9071.939288635303,98318.20852634759,558.1333856083413,481.5761459914496
0.65625,0.03125,0.01,0.5934956755617268,31.16796697265354,-0.19796246265591913,0.0,414618.6244563315,9071.945456263114,98314.4302523352,558.1305711309419,481.5749317773185
0.65625,0.03125,0.03,0.5934956755617268,31.16965926536138,-0.1977906808347243,0.0,414620.76551132544,9071.939288635303,98318.20852634759,558.1333856083413,481.5761459914496
0.65625,0.09375,-0.01,0.5932253936301766,31.22078304857623,-0.5995773038999425,0.0,414809.4098825009,9072.409312348029,98317.76349109618,558.3852580713557,481.6847957262194
0.65625,0.09375,0.01,0.5932253936301766,31.21904593165055,-0.5996331990613211,0.0,414807.3684336476,9072.415606111523,98314.0281937465,558.382579837223,481.68364055047886
0.65625,0.09375,0.03,0.5932253936301766,31.22078304857623,-0.5995773038999425,0.0,414809.4098825009,9072.409312348029,98317.76349109618,558.3852580713557,481.6847957262194
0.65625,0.15625,-0.01,0.5929800540235397,31.247737237175034,-1.015918780059539,0.0,414986.99259384465,9072.847905269382,98318.95588759461,558.6230000096213,481.7873275253281
0.65625,0.15625,0.01,0.5929800540235397,31.245957400386054,-1.016003001220921,0.0,414984.9950956932,9072.854313114492,98315.22104817608,558.620382800149,481.7861989110085
0.65625,0.15625,0.03,0.5929800540235397,31.247737237175034,-1.015918780059539,0.0,414986.99259384465,9072.847905269382,98318.95588759461,558.6230000096213,481.7873275253281
0.65625,0.21875,-0.01,0.5927760590300992,31.24003551128263,-1.4458542614501908,0.0,415141.91599289747,9073.226762722561,98321.8081996229,558.8314027442743,481.877188159287
0.65625,0.21875,0.01,0.5927760590300992,31.238220135824427,-1.4459587704831864,0.0,415139.9548758564,9073.23326572543,98318.07337883153,558.8288359553184,481.87608149414706
0.65625,0.21875,0.03,0.5927760590300992,31.24003551128263,-1.4458542614501908,0.0,415141.91599289747,9073.226762722561,98321.8081996229,558.8314027442743,481.877188159287
0.65625,0.28125,-0.01,0.5926190651071488,31.194315696737533,-1.888142424946847,0.0,415270.1504051113,9073.536024952178,98326.33762432839,559.0051552537856,481.9520952450077
0.65625,0.28125,0.01,0.5926190651071488,31.192472969944593,-1.8882599963990123,0.0,415268.217380172,9073.542602415493,98322.602343098,559.0026272672163,481.9510054788492
0.65625,0.28125,0.03,0.5926190651071488,31.194315696737533,-1.888142424946847,0.0,415270.1504051113,9073.536024952178,98326.33762432839,559.0051552537856,481.9520952450077
0.65625,0.34375,-0.01,0.5925142840072446,31.107871108940678,-2.34136425608796,0.0,415368.0586598735,9073.766718884614,98332.57466699791,559.1394445338522,482.00998121688957
0.65625,0.34375,0.01,0.5925142840072446,31.106010023635875,-2.3414883779210776,0.0,415366.1448758973,9073.773348708079,98328.83842129048,559.1369429409568,482.0089029580536
0.65625,0.34375,0.03,0.5925142840072446,31.107871108940678,-2.34136425608796,0.0,415368.0586598735,9073.766718884614,98332.57466699791,559.1394445338522,482.00998121688957
0.65625,0.40625,-0.01,0.5924679802200473,30.97689897521566,-2.803888209941168,0.0,415431.4218145826,9073.908359891448,98340.59200525332,559.2287153436323,482.0484579371519
0.65625,0.40625,0.01,0.5924679802200473,30.97502945423844,-2.8040131942890474,0.0,415429.5176304694,9073.915017966143,98336.85426801475,559.2262266315727,482.0473853159574
0.65625,0.40625,0.03,0.5924679802200473,30.97689897521566,-2.803888209941168,0.0,415431.4218145826,9073.908359891448,98340.59200525332,559.2287153436323,482.0484579371519
0.65625,0.46875,-0.01,0.5924880301938931,30.7958043592132,-3.2737234668090873,0.0,415455.0907423236,9073.948083385423,98350.51817854693,559.2662282029507,482.06462548385576
0.65625,0.46875,0.01,0.5924880301938931,30.79393750207024,-3.273844632704033,0.0,415453.1853746433,9073.954742686554,98346.7783914334,559.2637372666617,482.06355194003544
0.65625,0.46875,0.03,0.5924880301938931,30.7958043592132,-3.2737234668090873,0.0,415455.0907423236,9073.948083385423,98350.51817854693,559.2662282029507,482.06462548385576
0.65625,0.53125,-0.01,0.5925842982391079,30.556742018112192,-3.7483180028755,0.0,415432.760837736,9073.870072341566,98362.5472574963,559.2437717687734,482.0549471225876
0.65625,0.53125,0.01,0.5925842982391079,30.554890497811257,-3.7484319344087087,0.0,415430.84192948294,9073.876701796386,98358.80482466242,559.2412613097476,482.0538651431252
0.65625,0.53125,0.03,0.5925842982391079,30.556742018112192,-3.7483180028755,0.0,415432.760837736,9073.870072341566,98362.5472574963,559.2437717687734,482.0549471225876
0.65625,0.59375,-0.01,0.5927689046819901,30.249245073408087,-4.22432656069782,0.0,415356.8208030359,9073.655161510269,98376.9458713344,559.1514688973512,482.0151640314103
0.65625,0.59375,0.01,0.5927689046819901,30.24742367479107,-4.224431510918119,0.0,415354.87391296506,9073.661724702022,98373.20013460948,559.1489187098229,482.01406483867834
0.65625,0.59375,0.03,0.5927689046819901,30.249245073408087,-4.22432656069782,0.0,415356.8208030359,9073.655161510269,98376.9458713344,559.1514688973512,482.0151640314103
0.65625,0.65625,-0.01,0.5930562701340089,29.860034373050635,-4.697415781777588,0.0,415218.34332508856,9073.28078990215,98394.05287553523,558.97776231967,481.94028654914223
0.65625,0.65625,0.01,0.5930562701340089,29.85826073663528,-4.697512287061074,0.0,415216.35137204046,9073.287243578277,98390.30310845119,558.9751485095529,481.939159758459
0.65625,0.65625,0.03,0.5930562701340089,29.860034373050635,-4.697415781777588,0.0,415218.34332508856,9073.28078990215,98394.05287553523,558.97776231967,481.94028654914223
0.65625,0.71875,-0.01,0.5934628372426559,29.373237703139278,-5.162223313734864,0.0,415007.3076871734,9072.721496007089,98414.27432199211,558.709689846119,481.8247091265239
0.65625,0.71875,0.01,0.5934628372426559,29.37153337708998,-5.162315060570242,0.0,415005.2503713106,9072.727788529164,98410.51971346766,558.7069840113982,481.8235423849857
0.65625,0.71875,0.03,0.5934628372426559,29.373237703139278,-5.162223313734864,0.0,415007.3076871734,9072.721496007089,98414.27432199211,558.709689846119,481.8247091265239
0.65625,0.78125,-0.01,0.594005933852549,28.77168559304014,-5.612779152261652,0.0,414713.35014071036,9071.950714948123,98438.05009250491,558.3338188003663,481.6626084594155
0.65625,0.78125,0.01,0.594005933852549,28.77007750254615,-5.612874185657296,0.0,414711.20346941595,9071.956785012111,98434.2897188111,558.3309873468363,481.66138714075623
0.65625,0.78125,0.03,0.594005933852549,28.77168559304014,-5.612779152261652,0.0,414713.35014071036,9071.950714948123,98438.05009250491,558.3338188003663,481.6626084594155
0.65625,0.84375,-0.01,0.594701023725854,28.040399228549322,-6.04402620185539,0.0,414327.533915988,9070.945080092308,98465.77841253491,557.8384592926891,481.44889303569715
0.65625,0.84375,0.01,0.594701023725854,28.03892089953679,-6.044138419249966,0.0,414325.26980806066,9070.950855639448,98462.0112278144,557.8354628852288,481.447599992014
0.65625,0.84375,0.03,0.594701023725854,28.040399228549322,-6.04402620185539,0.0,414327.533915988,9070.945080092308,98465.77841253491,557.8384592926891,481.44889303569715
0.65625,0.90625,-0.01,0.5955596731178704,27.158817482194756,-6.450143722157835,0.0,413845.24915857194,9069.691005294948,98498.2112355424,557.21785215369,481.1810074461598
0.65625,0.90625,0.01,0.5955596731178704,27.15748895944549,-6.450288399639412,0.0,413842.8328604444,9069.69639689813,98494.43657616964,557.2146430551668,481.17962184851814
0.65625,0.90625,0.03,0.5955596731178704,27.158817482194756,-6.450143722157835,0.0,413845.24915857194,9069.691005294948,98498.2112355424,557.21785215369,481.1810074461598
0.65625,0.96875,-0.01,0.5966713643241265,25.450199753391306,-6.609547813903036,0.0,413253.84647795535,9068.15437071012,98551.37110494864,556.4799825917241,480.8623112352571
0.65625,0.96875,0.01,0.5966713643241265,25.448282768270214,-6.609374728671636,0.0,413251.1527374031,9068.15920928081,98547.55598977508,556.47641950448,480.8607717754709
0.65625,0.96875,0.03,0.5966713643241265,25.450199753391306,-6.609547813903036,0.0,413253.84647795535,9068.15437071012,98551.37110494864,556.4799825917241,480.8623112352571
0.65625,1.03125,-0.01,0.5968777174354318,-0.008766768952957084,0.0022767750009620156,0.0,413456.5903319716,9069.037019001466,98716.27603470172,557.2191243813362,481.1815567568367
0.65625,1.03125,0.01,0.5970840705467372,-25.450199753391306,6.609547813903037,0.0,413659.1945567122,9068.677951918959,98716.10364488313,557.0262738029868,481.09828236090914
0.65625,1.03125,0.03,0.5968777174354318,-0.008766768952957084,0.0022767750009620156,0.0,413456.5903319716,9069.037019001466,98716.27603470172,557.2191243813362,481.1815567568367
0.71875,-0.03125,-0.01,0.5963023507193068,32.435921330635495,0.0,0.0,412799.1334388901,9067.196030412382,98338.89898713301,555.6241090870706,480.4923826741269
0.71875,-0.03125,0.01,0.5963023507193068,32.435921330635495,0.2286319483892067,0.0,412799.1334388901,9067.195983372874,98338.89275288329,555.6240738629683,480.49236744358444
0.71875,-0.03125,0.03,0.5963023507193068,32.435921330635495,0.0,0.0,412799.1334388901,9067.196030412382,98338.89898713301,555.6241090870706,480.4923826741269
0.71875,0.03125,-0.01,0.5963023507193069,32.435921330635495,-0.2286319483892067,0.0,412799.13343889016,9067.195983372874,98338.8927528833,555.6240738629683,480.4923674435845
0.71875,0.03125,0.01,0.5963023507193069,32.43407869244054,-0.2288060710502137,0.0,412796.39435493975,9067.20062056591,98335.11951292025,555.6204628686211,480.490806083914
0.71875,0.03125,0.03,0.5963023507193069,32.435921330635495,-0.2286319483892067,0.0,412799.13343889016,9067.195983372874,98338.8927528833,555.6240738629683,480.4923674435845
0.71875,0.09374999999999999,-0.01,0.5960447604033212,32.47681437961006,-0.6947257489721533,0.0,412974.8867611021,9067.637751710241,98337.93066236694,555.858859438066,480.59387560985965
0.71875,0.09374999999999999,0.01,0.5960447604033212,32.47492281634139,-0.6947806913721966,0.0,412972.253125827,9067.642529200957,98334.20130448049,555.8553928029093,480.5923769864279
0.71875,0.09374999999999999,0.03,0.5960447604033212,32.47681437961006,-0.6947257489721533,0.0,412974.8867611021,9067.637751710241,98337.93066236694,555.858859438066,480.59387560985965
0.71875,0.15625,-0.01,0.5958047415797859,32.49514590589727,-1.1809463264355298,0.0,413145.2844033651,9068.0618507791,98338.7035798161,556.0870887230852,480.6925286565378
0.71875,0.15625,0.01,0.5958047415797859,32.49320686756503,-1.1810278673092962,0.0,413142.7012238572,9068.066759992615,98334.97478520402,556.0836921350083,480.6910606157958
0.71875,0.15625,0.03,0.5958047415797859,32.49514590589727,-1.1809463264355298,0.0,413145.2844033651,9068.0618507791,98338.7035798161,556.0870887230852,480.6925286565378
0.71875,0.21875,-0.01,0.5955983702950325,32.48018161333315,-1.6875006731494164,0.0,413299.04076473654,9068.440653549422,98341.2269877951,556.2939836073557,480.7819423278379
0.71875,0.21875,0.01,0.5955983702950325,32.478202618132094,-1.6875999221877669,0.0,413296.5009773382,9068.445676788666,98337.49828022448,556.2906471131229,480.78050052851023
0.71875,0.21875,0.03,0.5955983702950325,32.48018161333315,-1.6875006731494164,0.0,413299.04076473654,9068.440653549422,98341.2269877951,556.2939836073557,480.7819423278379
0.71875,0.28125,-0.01,0.5954314274791759,32.428507822735895,-2.214767416617438,0.0,413432.18167461513,9068.764290949686,98345.53754496056,556.4742924763551,480.8598527739398
0.71875,0.28125,0.01,0.5954314274791759,32.42649746392054,-2.2148763004812757,0.0,413429.6773559793,9068.76940837514,98341.8084032019,556.4710049172198,480.8584323511476
0.71875,0.28125,0.03,0.5954314274791759,32.428507822735895,-2.214767416617438,0.0,413432.18167461513,9068.764290949686,98345.53754496056,556.4742924763551,480.8598527739398
0.71875,0.34375,-0.01,0.5953092046190105,32.337539895027014,-2.7633429303951726,0.0,413541.178713306,9069.023882450072,98351.68973341506,556.6233186495946,480.9242366166209
0.71875,0.34375,0.01,0.5953092046190105,32.33550759309815,-2.763454049219938,0.0,413538.7012297779,9069.029072445364,98347.95960528567,556.6200678773383,480.92283227602286
0.71875,0.34375,0.03,0.5953092046190105,32.337539895027014,-2.7633429303951726,0.0,413541.178713306,9069.023882450072,98351.68973341506,556.6233186495946,480.9242366166209
0.71875,0.40625,-0.01,0.5952378547962479,32.20365834915748,-3.3340436930499764,0.0,413622.08212355914,9069.20940812621,98359.78522808447,556.7358307201494,480.97283954589005
0.71875,0.40625,0.01,0.5952378547962479,32.20161448745121,-3.3341503883899755,0.0,413619.6219591843,9069.21464684061,98356.05352980806,556.7326033584619,480.9714454596115
0.71875,0.40625,0.03,0.5952378547962479,32.20365834915748,-3.3340436930499764,0.0,413622.08212355914,9069.20940812621,98359.78522808447,556.7358307201494,480.97283954589005
0.71875,0.46875,-0.01,0.5952248898720949,32.021482479883545,-3.9278297675431357,0.0,413670.22340374475,9069.308962774887,98369.98809868767,556.8056897712918,481.0030147657779
0.71875,0.46875,0.01,0.5952248898720949,32.01943868225119,-3.9279262608482077,0.0,413667.76985804515,9069.31422335295,98366.25420165958,556.8024707937014,481.0016243883162
0.71875,0.46875,0.03,0.5952248898720949,32.021482479883545,-3.9278297675431357,0.0,413670.22340374475,9069.308962774887,98369.98809868767,556.8056897712918,481.0030147657779
0.71875,0.53125,-0.01,0.5952795046792199,31.78341222564625,-4.545706258649245,0.0,413680.0329109457,9069.308284426292,98382.53590650356,556.8256179809946,481.0116222956186
0.71875,0.53125,0.01,0.5952795046792199,31.78138178133838,-4.545787873746305,0.0,413677.5737128937,9069.313536008774,98378.7991230257,556.8223901687755,481.01022812714655
0.71875,0.53125,0.03,0.5952795046792199,31.78341222564625,-4.545706258649245,0.0,413680.0329109457,9069.308284426292,98382.53590650356,556.8256179809946,481.0116222956186
0.71875,0.59375,-0.01,0.5954127928240335,31.479282992476513,-5.188644232935318,0.0,413644.9297611994,9069.190455381646,98397.74782639195,556.7870567626024,480.9949665287534
0.71875,0.59375,0.01,0.5954127928240335,31.477281531176473,-5.188707797789918,0.0,413642.4506064405,9069.195661917647,98394.00738414594,556.7838000482998,480.99355982806003
0.71875,0.59375,0.03,0.5954127928240335,31.479282992476513,-5.188644232935318,0.0,413644.9297611994,9069.190455381646,98397.74782639195,556.7870567626024,480.9949665287534
0.71875,0.65625,-0.01,0.5956377386661044,31.09625615949992,-5.857627864335081,0.0,413557.35341972683,9068.935947919974,98416.0255715467,556.6802007332338,480.9488091353105
0.71875,0.65625,0.01,0.5956377386661044,31.094302476903803,-5.857672362692775,0.0,413554.8374837221,9068.941066861966,98412.28059991555,556.676891506341,480.947379615187
0.71875,0.65625,0.03,0.5956377386661044,31.09625615949992,-5.857627864335081,0.0,413557.35341972683,9068.935947919974,98416.0255715467,556.6802007332338,480.9488091353105
0.71875,0.71875,-0.01,0.5959688598324815,30.61916499220747,-6.554003182426095,0.0,413409.03811238863,9068.523242168094,98437.84806888588,556.4943315378988,480.86851076009094
0.71875,0.71875,0.01,0.5959688598324815,30.617282244846812,-6.554030761785416,0.0,413406.4655703486,9068.528223155787,98434.09758281094,556.4909419470417,480.8670462797745
0.71875,0.71875,0.03,0.5959688598324815,30.61916499220747,-6.554003182426095,0.0,413409.03811238863,9068.523242168094,98437.84806888588,556.4943315378988,480.86851076009094
0.71875,0.78125,-0.01,0.5964209839659975,30.03212894102255,-7.280611817694433,0.0,413191.81059290544,9067.930725400625,98463.73481782046,556.2187905044747,480.7494480812426
0.71875,0.78125,0.01,0.5964209839659975,30.030346317718116,-7.280629302545756,0.0,413189.15826203313,9067.935509250507,98459.97769217762,556.2152879117674,480.74793440336026
0.71875,0.78125,0.03,0.5964209839659975,30.03212894102255,-7.280611817694433,0.0,413191.81059290544,9067.930725400625,98463.73481782046,556.2187905044747,480.7494480812426
0.71875,0.84375,-0.01,0.5970064275712488,29.322624459826855,-8.044617692558782,0.0,412899.4075223761,9067.141057761446,98494.16751564907,555.8452040874126,480.58797238632775
0.71875,0.84375,0.01,0.5970064275712488,29.32097881006612,-8.044638579386,0.0,412896.64884073864,9067.145576329172,98490.40246445879,555.8415509927383,480.5863931370744
0.71875,0.84375,0.03,0.5970064275712488,29.322624459826855,-8.044617692558782,0.0,412899.4075223761,9067.141057761446,98494.16751564907,555.8452040874126,480.58797238632775
0.71875,0.90625,-0.01,0.5977334513750173,28.4709164244031,-8.85467863932422,0.0,412530.8421527621,9066.148545805227,98530.20825749138,555.372429844793,480.3835468134899
0.71875,0.90625,0.01,0.5977334513750173,28.469429032470668,-8.854715465199506,0.0,412527.94638382044,9066.152719769903,98526.43450074214,555.3685838222616,480.38188345297345
0.71875,0.90625,0.03,0.5977334513750173,28.4709164244031,-8.85467863932422,0.0,412530.8421527621,9066.148545805227,98530.20825749138,555.372429844793,480.3835468134899
0.71875,0.96875,-0.01,0.598720343191771,26.6968518449967,-9.381931242330973,0.0,412074.12236277584,9064.915695912834,98594.05266437397,554.8163761410256,480.1430001719477
0.71875,0.96875,0.01,0.598720343191771,26.694749022786546,-9.381524986321228,0.0,412070.96431559836,9064.919362295954,98590.2378578261,554.8122008050796,480.14119348221584
0.71875,0.96875,0.03,0.598720343191771,26.6968518449967,-9.381931242330973,0.0,412074.12236277584,9064.915695912834,98594.05266437397,554.8163761410256,480.1430001719477
0.71875,1.03125,-0.01,0.5988431519577163,-0.005442228672859198,0.001912533189690281,0.0,412244.9579588585,9065.88401478131,98750.98485872577,555.5861966876288,480.4759894600806
0.71875,1.03125,0.01,0.5989659607236616,-26.696851844996697,9.381931242330971,0.0,412415.72391849913,9065.410135570504,98716.10364488314,555.2767555961782,480.3421670906313
0.71875,1.03125,0.03,0.5988431519577163,-0.005442228672859198,0.001912533189690281,0.0,412244.9579588585,9065.88401478131,98750.98485872577,555.5861966876288,480.4759894600806
0.78125,-0.03125,-0.01,0.5983086375390207,33.77444388672991,0.0,0.0,411554.3790213624,9063.875805915452,98361.1302475845,553.886822764735,479.7406096998697
0.78125,-0.03125,0.01,0.5983086375390206,33.77444388672991,0.26085504451922154,0.0,411554.3790213624,9063.875744490126,98361.12210491033,553.8867769120703,479.74058984257675
0.78125,-0.03125,0.03,0.5983086375390207,33.77444388672991,0.0,0.0,411554.3790213624,9063.875805915452,98361.1302475845,553.886822764735,479.7406096998697
0.78125,0.03125,-0.01,0.5983086375390207,33.77444388672991,-0.26085504451922154,0.0,411554.3790213624,9063.875744490126,98361.12210491033,553.8867769120703,479.74058984257675
0.78125,0.03125,0.01,0.5983086375390207,33.77245261695375,-0.2610333070148675,0.0,411551.160764641,9063.879150314275,98357.35395597965,553.8825302123518,479.73875073193364
0.78125,0.03125,0.03,0.5983086375390207,33.77444388672991,-0.26085504451922154,0.0,411554.3790213624,9063.875744490126,98361.12210491033,553.8867769120703,479.74058984257675
0.78125,0.09375,-0.01,0.5980690212446299,33.79896532883494,-0.7948859289199962,0.0,411712.4926063097,9064.278091593596,98359.27194433266,554.0983715038271,479.83221580805747
0.78125,0.09375,0.01,0.5980690212446299,33.79692180920752,-0.7949402493115106,0.0,411709.38403097086,9064.281645847761,98355.54904456393,554.0942750728867,479.8304421129258
0.78125,0.09375,0.03,0.5980690212446299,33.79896532883494,-0.7948859289199962,0.0,411712.4926063097,9064.278091593596,98359.27194433266,554.0983715038271,479.83221580805747
0.78125,0.15625,-0.01,0.5978398203070867,33.80414257396063,-1.3566674022116898,0.0,411870.5549624815,9064.675617840725,98359.20343612452,554.3103432098126,479.9239875340066
0.78125,0.15625,0.01,0.5978398203070867,33.80204739334115,-1.3567468067019985,0.0,411867.5010001549,9064.679315109852,98355.48124512925,554.3063226620151,479.9222470281207
0.78125,0.15625,0.03,0.5978398203070867,33.80414257396063,-1.3566674022116898,0.0,411870.5549624815,9064.675617840725,98359.20343612452,554.3103432098126,479.9239875340066
0.78125,0.21875,-0.01,0.5976362948992439,33.77941953287171,-1.9476088137448948,0.0,412017.9026990878,9065.042160137029,98360.92201801715,554.5087351981848,480.009864116926
0.78125,0.21875,0.01,0.5976362948992439,33.777280468321244,-1.9477036052764714,0.0,412014.8973374577,9065.04598540444,98357.20003400657,554.504781974222,480.0081530619337
0.78125,0.21875,0.03,0.5976362948992439,33.77941953287171,-1.9476088137448948,0.0,412017.9026990878,9065.042160137029,98360.92201801715,554.5087351981848,480.009864116926
0.78125,0.28124999999999994,-0.01,0.5974642123559601,33.72155211292644,-2.569938949166755,0.0,412150.7108505326,9065.368054723886,98364.48174838819,554.6884595943111,480.08764692567144
0.78125,0.28124999999999994,0.01,0.5974642123559601,33.719378029394846,-2.5700402738413963,0.0,412147.74703419703,9065.371990355243,98360.75942116616,554.684563683757,480.08596095061426
0.78125,0.28124999999999994,0.03,0.5974642123559601,33.72155211292644,-2.569938949166755,0.0,412150.7108505326,9065.368054723886,98364.48174838819,554.6884595943111,480.08764692567144
0.78125,0.34375000000000006,-0.01,0.5973288284834273,33.62834436180176,-3.2267532559805545,0.0,412265.64401204395,9065.644689203538,98369.95881646842,554.8450205815342,480.1553945880845
0.78125,0.34375000000000006,0.01,0.5973288284834273,33.626144916196296,-3.226852887852785,0.0,412262.71383466094,9065.648715438983,98366.23555962255,554.841170800429,480.1537288108823
0.78125,0.34375000000000006,0.03,0.5973288284834273,33.62834436180176,-3.2267532559805545,0.0,412265.64401204395,9065.644689203538,98369.95881646842,554.8450205815342,480.1553945880845
0.78125,0.40624999999999994,-0.01,0.5972361206205979,33.49671286950846,-3.9221250634192972,0.0,412359.07736621576,9065.86259320399,98377.48181832381,554.9735457509137,480.21100334167653
0.78125,0.40624999999999994,0.01,0.5972361206205979,33.494498650976205,-3.9222154038646115,0.0,412356.1719449002,9065.866687829714,98373.75700568092,554.9697295662031,480.2093522926732
0.78125,0.40624999999999994,0.03,0.5972361206205979,33.49671286950846,-3.9221250634192972,0.0,412359.07736621576,9065.86259320399,98377.48181832381,554.9735457509137,480.21100334167653
0.78125,0.46875000000000006,-0.01,0.5971932307638415,33.32196054776681,-4.661210981443773,0.0,412426.85073023813,9066.010805766884,98387.24935826714,555.068478111803,480.25207342084053
0.78125,0.46875000000000006,0.01,0.5971932307638415,33.31974337624061,-4.661285118674164,0.0,412423.95995025104,9066.014943482945,98383.52230440473,555.064681282268,480.25043088622834
0.78125,0.46875000000000006,0.03,0.5971932307638415,33.32196054776681,-4.661210981443773,0.0,412426.85073023813,9066.010805766884,98387.24935826714,555.068478111803,480.25207342084053
0.78125,0.53125,-0.01,0.5972087520164486,33.09735506082927,-5.450424785108132,0.0,412464.13116356765,9066.076492119915,98399.54426265744,555.1233964183116,480.2758308303019
0.78125,0.53125,0.01,0.5972087520164486,33.09514843570071,-5.450476623086873,0.0,412461.24333867466,9066.080643687657,98395.81419919682,555.1196025147906,480.27418964269333
0.78125,0.53125,0.03,0.5972087520164486,33.09735506082927,-5.450424785108132,0.0,412464.13116356765,9066.076492119915,98399.54426265744,555.1233964183116,480.2758308303019
0.78125,0.59375,-0.01,0.5972929095014431,32.813861970043405,-6.297768545976659,0.0,412465.34760326566,9066.04472415891,98414.74459238217,555.1309189895439,480.2790849688702
0.78125,0.59375,0.01,0.5972929095014431,32.81168184988932,-6.29779313019065,0.0,412462.4490627561,9066.048855362838,98411.01063267713,555.127108801471,480.27743674795636
0.78125,0.59375,0.03,0.5972929095014431,32.813861970043405,-6.297768545976659,0.0,412465.34760326566,9066.04472415891,98414.74459238217,555.1309189895439,480.2790849688702
0.78125,0.65625,-0.01,0.5974575371621915,32.46017720948854,-7.213513149252894,0.0,412424.2682329253,9065.898586141226,98433.32985950349,555.0827753298008,480.25825844543147
0.78125,0.65625,0.01,0.5974575371621915,32.458042906219426,-7.213507228984883,0.0,412421.3428876118,9065.902656637238,98429.59097825555,555.0789262394735,480.256593323846
0.78125,0.65625,0.03,0.5974575371621915,32.46017720948854,-7.213513149252894,0.0,412424.2682329253,9065.898586141226,98433.32985950349,555.0827753298008,480.25825844543147
0.78125,0.71875,-0.01,0.5977157003973352,32.02329230061747,-8.211532141075402,0.0,412334.3290382129,9065.61985100607,98455.88028799977,554.9701735623657,480.20954438519254
0.78125,0.71875,0.01,0.5977157003973352,32.021227821054495,-8.211495145560495,0.0,412331.35795718414,9065.62381317073,98452.13529571616,554.9662589155489,480.2078507319397
0.78125,0.71875,0.03,0.5977157003973352,32.02329230061747,-8.211532141075402,0.0,412334.3290382129,9065.61985100607,98455.88028799977,554.9701735623657,480.20954438519254
0.78125,0.78125,-0.01,0.5980804658935926,31.49056267631675,-9.312093554673828,0.0,412189.49141429004,9065.19089689323,98483.04317033406,554.7847791135699,480.12932780373933
0.78125,0.78125,0.01,0.5980804658935926,31.488598610243994,-9.31202922011258,0.0,412186.4525402327,9065.194694987853,98479.29068633083,554.7807677559514,480.1275920189892
0.78125,0.78125,0.03,0.5980804658935926,31.49056267631675,-9.312093554673828,0.0,412189.49141429004,9065.19089689323,98483.04317033406,554.7847791135699,480.12932780373933
0.78125,0.84375,-0.01,0.5985621331307998,30.854524492617347,-10.547486265109654,0.0,411986.1388110265,9064.599011125918,98515.46187554298,554.5209073274087,480.0151324830133
0.78125,0.84375,0.01,0.5985621331307998,30.852699867965455,-10.54740481206088,0.0,411983.00703763403,9064.602581376623,98511.7003117927,554.516763637369,480.01333900903165
0.78125,0.84375,0.03,0.5985621331307998,30.854524492617347,-10.547486265109654,0.0,411986.1388110265,9064.599011125918,98515.46187554298,554.5209073274087,480.0151324830133
0.78125,0.90625,-0.01,0.59916852501693,30.09800197924456,-11.957926827395093,0.0,411726.596174545,9063.843317155752,98554.75970623342,554.1808022991494,479.8679057525545
0.78125,0.90625,0.01,0.59916852501693,30.096336687097583,-11.95783151343761,0.0,411723.3432071913,9063.846586985783,98550.98820655464,554.1764873301183,479.86603757237367
0.78125,0.90625,0.03,0.59916852501693,30.09800197924456,-11.957926827395093,0.0,411726.596174545,9063.843317155752,98554.75970623342,554.1808022991494,479.8679057525545
0.78125,0.96875,-0.01,0.6000607161645266,28.304386511548746,-13.063135871190404,0.0,411399.33765703184,9062.880592921945,98632.19782558609,553.7917058621827,479.6994159052668
0.78125,0.96875,0.01,0.6000607161645266,28.302066993306507,-13.062415590054355,0.0,411395.83736796584,9062.883409009359,98628.38447681945,553.7870896487807,479.69741659806897
0.78125,0.96875,0.03,0.6000607161645266,28.304386511548746,-13.063135871190404,0.0,411399.33765703184,9062.880592921945,98632.19782558609,553.7917058621827,479.6994159052668
0.78125,1.03125,-0.01,0.6001265847817904,-0.0030733714474975495,0.0014184327501645265,0.0,411529.4813208799,9063.959926561529,98790.79279454587,554.6219424732493,480.0588604915907
0.78125,1.03125,0.01,0.6001924533990541,-28.304386511548746,13.063135871190404,0.0,411659.5967250521,9063.285947773535,98716.10364488313,554.1424593231264,479.85130477882984
0.78125,1.03125,0.03,0.6001265847817904,-0.0030733714474975495,0.0014184327501645265,0.0,411529.4813208799,9063.959926561529,98790.79279454587,554.6219424732493,480.0588604915907
0.84375,-0.03125,-0.01,0.5997159768406327,35.191488017610055,0.0,0.0,410733.31995447195,9061.606535672685,98383.71129691656,552.7144198652628,479.23261130938704
0.84375,-0.03125,0.01,0.5997159768406327,35.191488017610055,0.2904595971871824,0.0,410733.31995447195,9061.606459352275,98383.7011773953,552.7143630143345,479.23258666300677
0.84375,-0.03125,0.03,0.5997159768406327,35.191488017610055,0.0,0.0,410733.31995447195,9061.606535672685,98383.71129691656,552.7144198652628,479.23261130938704
0.84375,0.03125,-0.01,0.5997159768406327,35.191488017610055,-0.2904595971871824,0.0,410733.31995447195,9061.606459352275,98383.7011773953,552.7143630143345,479.23258666300677
0.84375,0.03125,0.01,0.5997159768406327,35.189350846953175,-0.2906441405536653,0.0,410729.7308509341,9061.608911278683,98379.93806088723,552.7096272337072,479.23053357246556
0.84375,0.03125,0.03,0.5997159768406327,35.191488017610055,-0.2904595971871824,0.0,410733.31995447195,9061.606459352275,98383.7011773953,552.7143630143345,479.23258666300677
0.84375,0.09375000000000001,-0.01,0.599498405846978,35.19263431238775,-0.887730498241845,0.0,410869.68722093565,9061.960186574473,98380.5966683809,552.8976178346281,479.312025889863
0.84375,0.09375000000000001,0.01,0.599498405846978,35.19044252733806,-0.8877843942330182,0.0,410866.2096222079,9061.962786689368,98376.88073581479,552.8930349312769,479.3100394052311
0.84375,0.09375000000000001,0.03,0.599498405846978,35.19263431238775,-0.887730498241845,0.0,410869.68722093565,9061.960186574473,98380.5966683809,552.8976178346281,479.312025889863
0.84375,0.15625,-0.01,0.5992843676578195,35.179159351500054,-1.5220064337670907,0.0,411010.7570334153,9062.320709460448,98379.23311274491,553.0873479181723,479.3942582123392
0.84375,0.15625,0.01,0.5992843676578195,35.176912518202286,-1.5220841925205444,0.0,411007.33543662564,9062.3234564444,98375.51805664384,553.082842964049,479.39230585025206
0.84375,0.15625,0.03,0.5992843676578195,35.179159351500054,-1.5220064337670907,0.0,411010.7570334153,9062.320709460448,98379.23311274491,553.0873479181723,479.3942582123392
0.84375,0.21875,-0.01,0.5990881549024275,35.1411256844526,-2.1957825784422917,0.0,411146.53908324044,9062.66347432733,98379.59460365865,553.2704568672361,479.4736074462013
0.84375,0.21875,0.01,0.5990881549024275,35.13883174309124,-2.19587388110445,0.0,411143.16888985474,9062.666356800257,98375.87991460436,553.2660231949719,479.4716862943783
0.84375,0.21875,0.03,0.5990881549024275,35.1411256844526,-2.1957825784422917,0.0,411146.53908324044,9062.66347432733,98379.59460365865,553.2704568672361,479.4736074462013
0.84375,0.28125,-0.01,0.5989153230733294,35.0756965493712,-2.9131564754013115,0.0,411273.4440362247,9062.979252527128,98381.7388112855,553.4421139510615,479.5479821550134
0.84375,0.28125,0.01,0.5989153230733294,35.07336448576285,-2.9132518995866064,0.0,411270.1194388669,9062.982256060186,98378.0239319244,553.4377432242264,479.54608857181864
0.84375,0.28125,0.03,0.5989153230733294,35.0756965493712,-2.9131564754013115,0.0,411273.4440362247,9062.979252527128,98381.7388112855,553.4421139510615,479.5479821550134
0.84375,0.34375,-0.01,0.5987709059804317,34.981363596054614,-3.679962592984819,0.0,411388.40591585665,9063.25989293456,98385.74738128259,553.5980956253288,479.61555510037056
0.84375,0.34375,0.01,0.5987709059804317,34.979003097408324,-3.6800533047639474,0.0,411385.12012891815,9063.263000658631,98382.0317164985,553.5937781723865,479.6136848612538
0.84375,0.34375,0.03,0.5987709059804317,34.981363596054614,-3.679962592984819,0.0,411388.40591585665,9063.25989293456,98385.74738128259,553.5980956253288,479.61555510037056
0.84375,0.40625,-0.01,0.5986605514261134,34.855994103178,-4.504086773603766,0.0,411488.1751048608,9063.496585308387,98391.75621605713,553.7339104360757,479.6743837900854
0.84375,0.40625,0.01,0.5986605514261134,34.853615695298195,-4.5041644405707695,0.0,411484.9202762803,9063.499777690444,98388.03912794353,553.7296351268309,479.6725320339917
0.84375,0.40625,0.03,0.5986605514261134,34.855994103178,-4.504086773603766,0.0,411488.1751048608,9063.496585308387,98391.75621605713,553.7339104360757,479.6743837900854
0.84375,0.46875,-0.01,0.5985909122504491,34.69615269341426,-5.39590466563457,0.0,411569.1246628012,9063.679330963108,98399.97477615553,553.8445488724507,479.72230190755226
0.84375,0.46875,0.01,0.5985909122504491,34.69376804298266,-5.3959614151905715,0.0,411565.8916581194,9063.682585293125,98396.25555997905,553.8403028137628,479.72046300441957
0.84375,0.46875,0.03,0.5985909122504491,34.69615269341426,-5.39590466563457,0.0,411569.1246628012,9063.679330963108,98399.97477615553,553.8445488724507,479.72230190755226
0.84375,0.53125,-0.01,0.5985698954794622,34.496777991312676,-6.368969853728382,0.0,411627.1666071955,9063.796646058798,98410.70336402817,553.9243542760183,479.75686309710164
0.84375,0.53125,0.01,0.5985698954794622,34.494400353507906,-6.368998267222872,0.0,411623.9447090452,9063.79993572667,98406.98121724397,553.9201223877454,479.755030463002
0.84375,0.53125,0.03,0.5985698954794622,34.496777991312676,-6.368969853728382,0.0,411627.1666071955,9063.796646058798,98410.70336402817,553.9243542760183,479.75686309710164
0.84375,0.59375,-0.01,0.5986068067111071,34.251090096351646,-7.4411490998246075,0.0,411657.748997048,9063.835424850695,98424.34711264052,553.9669744753245,479.7753195340365
0.84375,0.59375,0.01,0.5986068067111071,34.2487351585413,-7.44114239824394,0.0,411654.52552877105,9063.838718442601,98420.62108757223,553.9627389470289,479.77348539416954
0.84375,0.59375,0.03,0.5986068067111071,34.251090096351646,-7.4411490998246075,0.0,411657.748997048,9063.835424850695,98424.34711264052,553.9669744753245,479.7753195340365
0.84375,0.65625,-0.01,0.5987123150794835,33.950885834929785,-8.636569835330999,0.0,411656.01569737104,9063.781120408701,98441.43015600117,553.965484101917,479.77467414821774
0.84375,0.65625,0.01,0.5987123150794835,33.94857260322484,-8.636522190407248,0.0,411652.77561986016,9063.784380678553,98437.6991307942,553.9612238156187,479.77282928472084
0.84375,0.65625,0.03,0.5987123150794835,33.950885834929785,-8.636569835330999,0.0,411656.01569737104,9063.781120408701,98441.43015600117,553.965484101917,479.77467414821774
0.84375,0.7187499999999999,-0.01,0.598898053245183,33.587516060904335,-9.98896784977316,0.0,411617.25606273214,9063.618513215502,98462.60310503721,553.9128109242714,479.7518641915352
0.84375,0.7187499999999999,0.01,0.598898053245183,33.58526830214777,-9.988875039982991,0.0,411613.98155616916,9063.621696034594,98458.86573497287,553.9085008361499,479.7499976732017
0.84375,0.7187499999999999,0.03,0.598898053245183,33.587516060904335,-9.98896784977316,0.0,411617.25606273214,9063.618513215502,98462.60310503721,553.9128109242714,479.7518641915352
0.84375,0.7812500000000001,-0.01,0.5991753546313674,33.1546992653358,-11.547843744650672,0.0,411537.9598853434,9063.333741763194,98488.6188516737,553.8027850351488,479.70421432149726
0.84375,0.7812500000000001,0.01,0.5991753546313674,33.1525475337006,-11.547704355040633,0.0,411534.6300479609,9063.336795335803,98484.87352010212,553.7983956954689,479.70231329375645
0.84375,0.7812500000000001,0.03,0.5991753546313674,33.1546992653358,-11.547843744650672,0.0,411537.9598853434,9063.333741763194,98488.6188516737,553.8027850351488,479.70421432149726
0.84375,0.84375,-0.01,0.599552445068048,32.654485861907716,-13.389671885429312,0.0,411418.0860635341,9062.918806203937,98520.28143450255,553.6324618375761,479.63044163475445
0.84375,0.84375,0.01,0.599552445068048,32.65246941025583,-13.389488669115833,0.0,411414.6769277011,9062.921671108965,98516.52621825163,553.6279593598341,479.62849130675954
0.84375,0.84375,0.03,0.599552445068048,32.654485861907716,-13.389671885429312,0.0,411418.0860635341,9062.918806203937,98520.28143450255,553.6324618375761,479.63044163475445
0.84375,0.90625,-0.01,0.6000370220008142,32.076504592139614,-15.613706277303969,0.0,411265.24534090306,9062.3784769124,98559.95447501066,553.4082215035326,479.5332983215533
0.84375,0.90625,0.01,0.6000370220008142,32.074637553148314,-15.61346246577214,0.0,411261.7295796905,9062.381084974153,98556.18845927772,553.4035691206501,479.5312826511036
0.84375,0.90625,0.03,0.6000370220008142,32.076504592139614,-15.613706277303969,0.0,411265.24534090306,9062.3784769124,98559.95447501066,553.4082215035326,479.5332983215533
0.84375,0.96875,-0.01,0.600852125333295,30.32161909510722,-17.537161573573787,0.0,411068.17910736,9061.66076444573,98651.96160071941,553.173453904389,479.4315733932755
0.84375,0.96875,0.01,0.600852125333295,30.319037266807673,-17.536046022876466,0.0,411064.42321036395,9061.662964931878,98648.15303210085,553.1685239149765,479.42943699480014
0.84375,0.96875,0.03,0.600852125333295,30.32161909510722,-17.537161573573787,0.0,411068.17910736,9061.66076444573,98651.96160071941,553.173453904389,479.4315733932755
0.84375,1.03125,-0.01,0.6009164936587186,-0.0032142687282982457,0.0018590415588374324,0.0,411158.09015046066,9062.899761325625,98831.49604942546,554.1214152878258,479.8421933098395
0.84375,1.03125,0.01,0.600980861984142,-30.32161909510722,17.537161573573787,0.0,411247.98213339027,9061.922807350287,98716.10364488314,553.4157760418962,479.5365713487645
0.84375,1.03125,0.03,0.6009164936587186,-0.0032142687282982457,0.0018590415588374324,0.0,411158.09015046066,9062.899761325625,98831.49604942546,554.1214152878258,479.8421933098395
0.90625,-0.03125,-0.01,0.6006904449779004,36.68928865474597,0.0,0.0,410214.56385846424,9060.088199225858,98405.91813141691,551.9427384197688,478.8979501607648
0.90625,-0.03125,0.01,0.6006904449779004,36.68928865474597,0.3147184855717329,0.0,410214.56385846424,9060.088109499404,98405.90623166798,551.9426716760187,478.8979212053643
0.90625,-0.03125,0.03,0.6006904449779004,36.68928865474597,0.0,0.0,410214.56385846424,9060.088199225858,98405.91813141691,551.9427384197688,478.8979501607648
0.90625,0.03125,-0.01,0.6006904449779004,36.68928865474597,-0.3147184855717329,0.0,410214.56385846424,9060.088109499404,98405.90623166798,551.9426716760187,478.8979212053643
0.90625,0.03125,0.01,0.6006904449779004,36.68700903726342,-0.31491163640414654,0.0,410210.6956661518,9060.08984525948,98402.14795685338,551.9375711124424,478.89570842579286
0.90625,0.03125,0.03,0.6006904449779004,36.68928865474597,-0.3147184855717329,0.0,410214.56385846424,9060.088109499404,98405.90623166798,551.9426716760187,478.8979212053643
0.90625,0.09375,-0.01,0.6004975093824363,36.66028263899358,-0.9644740306681735,0.0,410326.6184207204,9060.387685576588,98401.34897812965,552.0945622022331,478.9638112491087
0.90625,0.09375,0.01,0.6004975093824363,36.65794700867611,-0.9645272926094308,0.0,410322.86134751164,9060.389561255035,98397.6404620326,552.0896140857371,478.961664901175
0.90625,0.09375,0.03,0.6004975093824363,36.66028263899358,-0.9644740306681735,0.0,410326.6184207204,9060.387685576588,98401.34897812965,552.0945622022331,478.9638112491087
0.90625,0.15625,-0.01,0.6003021656472276,36.62253291325867,-1.6611309655760715,0.0,410447.1261154156,9060.70330251502,98398.40136921172,552.2576030712692,479.03452822126894
0.90625,0.15625,0.01,0.6003021656472276,36.62013976267045,-1.6612071068831848,0.0,410443.4234888902,9060.705321133988,98394.69387929085,552.2527309518131,479.03241515068413
0.90625,0.15625,0.03,0.6003021656472276,36.62253291325867,-1.6611309655760715,0.0,410447.1261154156,9060.70330251502,98398.40136921172,552.2576030712692,479.03452822126894
0.90625,0.21875,-0.01,0.6001173253968467,36.56711524303152,-2.4081718624953856,0.0,410566.98194113624,9061.012583871458,98397.00964452793,552.419818513043,479.10487681565047
0.90625,0.21875,0.01,0.6001173253968467,36.56467257108837,-2.408260255457098,0.0,410563.3307856845,9061.014738224905,98393.30268280575,552.4150179067924,479.1027950666019
0.90625,0.21875,0.03,0.6001173253968467,36.56711524303152,-2.4081718624953856,0.0,410566.98194113624,9061.012583871458,98397.00964452793,552.419818513043,479.10487681565047
0.90625,0.28125,-0.01,0.5999480645427915,36.49181583051988,-3.21144873511453,0.0,410682.924101264,9061.307015346907,98397.2119634597,552.5767400114157,479.1729197372734
0.90625,0.28125,0.01,0.5999480645427915,36.48933259426169,-3.2115397118684887,0.0,410679.32010737696,9061.30929484829,98393.50499005607,552.5720046052952,479.1708665534584
0.90625,0.28125,0.03,0.5999480645427915,36.49181583051988,-3.21144873511453,0.0,410682.924101264,9061.307015346907,98397.2119634597,552.5767400114157,479.1729197372734
0.90625,0.34375,-0.01,0.5997989389725282,36.39610193736974,-4.0794932027657484,0.0,410792.22853623715,9061.579133278803,98399.06762728158,552.7244869079833,479.23697561854016
0.90625,0.34375,0.01,0.5997989389725282,36.39358766192482,-4.079577645793913,0.0,410788.6663155912,9061.581524651403,98395.36006805522,552.7198089316091,479.2349476063512
0.90625,0.34375,0.03,0.5997989389725282,36.39610193736974,-4.0794932027657484,0.0,410792.22853623715,9061.579133278803,98399.06762728158,552.7244869079833,479.23697561854016
0.90625,0.40625,-0.01,0.5996750202275509,36.27921228721774,-5.0241089999103625,0.0,410892.0658385734,9061.82094018372,98402.68431330335,552.8589681682766,479.29527272160976
0.90625,0.40625,0.01,0.5996750202275509,36.2766771917507,-5.024178163394408,0.0,410888.53886284743,9061.823427310264,98398.97555577652,552.8543383095705,479.293265813732
0.90625,0.40625,0.03,0.5996750202275509,36.27921228721774,-5.0241089999103625,0.0,410892.0658385734,9061.82094018372,98402.68431330335,552.8589681682766,479.29527272160976
0.90625,0.46875,-0.01,0.5995822196020271,36.139586993757966,-6.0612628543964995,0.0,410979.3586329383,9062.023472225255,98408.23489063187,552.9756796566085,479.34586095106107
0.90625,0.46875,0.01,0.5995822196020271,36.13704227644182,-6.061308210782538,0.0,410975.859047574,9062.02603572385,98404.52425893673,552.9710868015043,479.3438702933011
0.90625,0.46875,0.03,0.5995822196020271,36.139586993757966,-6.0612628543964995,0.0,410979.3586329383,9062.023472225255,98408.23489063187,552.9756796566085,479.34586095106107
0.90625,0.53125,-0.01,0.599527473554218,35.974726467734264,-7.212485588966383,0.0,411050.758737652,9062.176594959545,98415.9725177909,553.0696203386149,479.3865753680439
0.90625,0.53125,0.01,0.599527473554218,35.97218471927147,-7.2124986592489515,0.0,411047.2770911328,9062.179211561783,98412.25923890868,553.0650511939881,479.3845951552114
0.90625,0.53125,0.03,0.599527473554218,35.974726467734264,-7.212485588966383,0.0,411050.758737652,9062.176594959545,98415.9725177909,553.0696203386149,479.3865753680439
0.90625,0.59375,-0.01,0.5995188059881726,35.781414858394946,-8.507158427286535,0.0,411102.7255688434,9062.268968727027,98426.23968762645,553.1352895848457,479.4150347332623
0.90625,0.59375,0.01,0.5995188059881726,35.77889091259445,-8.507130762470283,0.0,411099.2504627896,9062.271610480502,98422.52283799423,553.1307281784595,479.4130579914501
0.90625,0.59375,0.03,0.5995188059881726,35.781414858394946,-8.507158427286535,0.0,411102.7255688434,9062.268968727027,98426.23968762645,553.1352895848457,479.4150347332623
0.90625,0.65625,-0.01,0.5995652165023371,35.55646869000361,-9.986309701869942,0.0,411131.8129513636,9062.288350797397,98439.48150652359,553.1668713312413,479.4287208496769
0.90625,0.65625,0.01,0.5995652165023371,35.55398038054368,-9.986232753049341,0.0,411128.3306455416,9062.290984123261,98435.7599780838,553.1622984673752,479.4267391991855
0.90625,0.65625,0.03,0.5995652165023371,35.55646869000361,-9.986309701869942,0.0,411131.8129513636,9062.288350797397,98439.48150652359,553.1668713312413,479.4287208496769
0.90625,0.71875,-0.01,0.5996761378805565,35.29844917871776,-11.708986793602902,0.0,411135.3323643013,9062.22255441839,98456.24671264054,553.1587492199778,479.42520112723025
0.90625,0.71875,0.01,0.5996761378805565,35.29601874434976,-11.70885189455959,0.0,411131.8263226283,9062.225139101713,98452.51914353001,553.1541418418909,479.4232045053123
0.90625,0.71875,0.03,0.5996761378805565,35.29844917871776,-11.708986793602902,0.0,411135.3323643013,9062.22255441839,98456.24671264054,553.1587492199778,479.42520112723025
0.90625,0.78125,-0.01,0.5998599210157566,35.011728303750175,-13.76354965050567,0.0,411112.8143573474,9062.061825690835,98477.15298693464,553.1067198766152,479.4026535628804
0.90625,0.78125,0.01,0.5998599210157566,35.009384301432334,-13.763348052415639,0.0,411109.2648433416,9062.064314028534,98473.41769123836,553.1020505039795,479.40062998020096
0.90625,0.78125,0.03,0.5998599210157566,35.011728303750175,-13.76354965050567,0.0,411112.8143573474,9062.061825690835,98477.15298693464,553.1067198766152,479.4026535628804
0.90625,0.84375,-0.01,0.6001205540067829,34.71434472506954,-16.287483213187798,0.0,411069.12859770766,9061.804107983902,98502.83030352053,553.0107071134126,479.36104245105815
0.90625,0.84375,0.01,0.6001205540067829,34.7121235332938,-16.287205136277347,0.0,411065.51244570845,9061.806444514426,98499.08522842884,553.0059436119102,479.3589778961284
0.90625,0.84375,0.03,0.6001205540067829,34.71434472506954,-16.287483213187798,0.0,411069.12859770766,9061.804107983902,98502.83030352053,553.0107071134126,479.36104245105815
0.90625,0.90625,-0.01,0.6004626533346118,34.40950386307145,-19.463950513803837,0.0,411020.28305605386,9061.463035770374,98536.12761203026,552.8825517428578,479.30549537867006
0.90625,0.90625,0.01,0.6004626533346118,34.407406765802264,-19.463545503695226,0.0,411016.5725387717,9061.46515463192,98532.37217757765,552.8776589175346,479.3033745274635
0.90625,0.90625,0.03,0.6004626533346118,34.40950386307145,-19.463950513803837,0.0,411020.28305605386,9061.463035770374,98536.12761203026,552.8825517428578,479.30549537867006
0.90625,0.96875,-0.01,0.6011906415040268,32.75301480295847,-22.342313532433394,0.0,410954.69122093846,9060.976584791624,98638.71751646952,552.7880346962347,479.2645242212065
0.90625,0.96875,0.01,0.6011906415040268,32.75011081653676,-22.340737615730003,0.0,410950.73951622285,9060.978333957117,98634.91982755289,552.7828845800102,479.2622916532093
0.90625,0.96875,0.03,0.6011906415040268,32.75301480295847,-22.342313532433394,0.0,410954.69122093846,9060.976584791624,98638.71751646952,552.7880346962347,479.2645242212065
0.90625,1.03125,-0.01,0.6013399748088575,-0.008099912183803317,0.005525316636786894,0.0,411014.11266939266,9062.430924330885,98866.4698377349,553.9273755004363,479.7581714446782
0.90625,1.03125,0.01,0.6014893081136881,-32.75301480295847,22.34231353243339,0.0,411073.5047349324,9061.044689756132,98716.10364488311,552.948160725876,479.33393343765687
0.90625,1.03125,0.03,0.6013399748088575,-0.008099912183803317,0.005525316636786894,0.0,411014.11266939266,9062.430924330885,98866.4698377349,553.9273755004363,479.7581714446782
0.96875,-0.03125,-0.01,0.6013634374418839,38.270807324310226,0.0,0.0,409907.4614415863,9059.09192839564,98427.98216539342,551.4489677829636,478.68369002210324
0.96875,-0.03125,0.01,0.6013634374418839,38.270807324310226,0.33412509669554813,0.0,409907.4614415863,9059.091827171778,98427.96873781962,551.4488925541359,478.6836573710184
0.96875,-0.03125,0.03,0.6013634374418839,38.270807324310226,0.0,0.0,409907.4614415863,9059.09192839564,98427.98216539342,551.4489677829636,478.68369002210324
0.96875,0.03125,-0.01,0.6013634374418839,38.270807324310226,-0.33412509669554813,0.0,409907.4614415863,9059.091827171778,98427.96873781962,551.4488925541359,478.6836573710184
0.96875,0.03125,0.01,0.6013634374418839,38.26838899855702,-0.334329098347893,0.0,409903.38775020605,9059.093039086922,98424.21497290002,551.4435270403781,478.6813286058042
0.96875,0.03125,0.03,0.6013634374418839,38.270807324310226,-0.33412509669554813,0.0,409907.4614415863,9059.091827171778,98427.96873781962,551.4488925541359,478.6836573710184
0.96875,0.09374999999999999,-0.01,0.6011964288652482,38.20684569419493,-1.0259558027562257,0.0,409994.66492329375,9059.336042426052,98422.05405074634,551.5690796518719,478.7358185648383
0.96875,0.09374999999999999,0.01,0.6011964288652482,38.20437068269546,-1.0260077315146048,0.0,409990.7003267327,9059.33737952392,98418.35325884983,551.563863896455,478.7335550452412
0.96875,0.09374999999999999,0.03,0.6011964288652482,38.20684569419493,-1.0259558027562257,0.0,409994.66492329375,9059.336042426052,98422.05405074634,551.5690796518719,478.7358185648383
0.96875,0.15625,-0.01,0.6010225986203367,38.14076773811783,-1.7738976665732922,0.0,410092.81725206,9059.602440056025,98417.56016010322,551.7033488056168,478.7940846498731
0.96875,0.15625,0.01,0.6010225986203367,38.138233583578355,-1.773971591054533,0.0,410088.90284501074,9059.603909179401,98413.86047833697,551.6982034056198,478.7918519347454
0.96875,0.15625,0.03,0.6010225986203367,38.14076773811783,-1.7738976665732922,0.0,410092.81725206,9059.602440056025,98417.56016010322,551.7033488056168,478.7940846498731
0.96875,0.21875,-0.01,0.6008529878893772,38.06494583759002,-2.582556626938095,0.0,410193.9840006041,9059.87156646278,98414.38446306928,551.841211793031,478.8539029017517
0.96875,0.21875,0.01,0.6008529878893772,38.06236049128685,-2.5826419857355294,0.0,410190.1184512675,9059.873164619092,98410.68542057302,551.8361344856735,478.85170000897676
0.96875,0.21875,0.03,0.6008529878893772,38.06494583759002,-2.582556626938095,0.0,410193.9840006041,9059.87156646278,98414.38446306928,551.841211793031,478.8539029017517
0.96875,0.28125,-0.01,0.6006918960462863,37.97796725847346,-3.4594979289263224,0.0,410295.33833056653,9060.135950628826,98412.5224446015,551.9786944327001,478.91354868146664
0.96875,0.28125,0.01,0.6006918960462863,37.97533951200399,-3.4595851463924285,0.0,410291.5189216268,9060.137671297529,98408.82353970889,551.9736810665877,478.91137380186376
0.96875,0.28125,0.03,0.6006918960462863,37.97796725847346,-3.4594979289263224,0.0,410295.33833056653,9060.135950628826,98412.5224446015,551.9786944327001,478.91354868146664
0.96875,0.34375,-0.01,0.6005431211588526,37.88052559090363,-4.41579145591009,0.0,410394.57662652346,9060.389074244149,98411.98207769236,552.112344892063,478.9715247794487
0.96875,0.34375,0.01,0.6005431211588526,37.877864643074176,-4.41587143459787,0.0,410390.799507479,9060.39090808358,98408.28278149219,552.107389800884,478.9693754407095
0.96875,0.34375,0.03,0.6005431211588526,37.88052559090363,-4.41579145591009,0.0,410394.57662652346,9060.389074244149,98411.98207769236,552.112344892063,478.9715247794487
0.96875,0.40625,-0.01,0.600410868894378,37.77360612855156,-5.4668933698092586,0.0,410489.34249087673,9060.623953416645,98412.80387562116,552.2385126271438,479.0262485154971
0.96875,0.40625,0.01,0.600410868894378,37.77092168991402,-5.466957220208049,0.0,410485.6026301667,9060.625888146595,98409.10363135171,552.2336085672372,479.02412155533295
0.96875,0.40625,0.03,0.600410868894378,37.77360612855156,-5.4668933698092586,0.0,410489.34249087673,9060.623953416645,98412.80387562116,552.2385126271438,479.0262485154971
0.96875,0.46875,-0.01,0.6002999827950736,37.6580807890898,-6.633992346220755,0.0,410577.12939640955,9060.832797599134,98415.06838035196,552.3531791709242,479.0759783260923
0.96875,0.46875,0.01,0.6002999827950736,37.655383324262424,-6.634031111933023,0.0,410573.4204128427,9060.834817628915,98411.3665812614,552.3483170913705,479.07386979233826
0.96875,0.46875,0.03,0.6002999827950736,37.6580807890898,-6.633992346220755,0.0,410577.12939640955,9060.832797599134,98415.06838035196,552.3531791709242,479.0759783260923
0.96875,0.53125,-0.01,0.6002160187776298,37.534831138845114,-7.9461183329138425,0.0,410655.3151968903,9061.006900574765,98418.89860824413,552.4519043454164,479.11879037834393
0.96875,0.53125,0.01,0.6002160187776298,37.532132214042115,-7.946122633476742,0.0,410651.6291074588,9061.008986448367,98415.19456599232,552.4470730468187,479.1166953805869
0.96875,0.53125,0.03,0.6002160187776298,37.534831138845114,-7.9461183329138425,0.0,410655.3151968903,9061.006900574765,98418.89860824413,552.4519043454164,479.11879037834393
0.96875,0.59375,-0.01,0.6001651397766745,37.40543711896095,-9.443576005021404,0.0,410721.3218140175,9061.136722859896,98424.44643820095,552.5298489044553,479.1525882396747
0.96875,0.59375,0.01,0.6001651397766745,37.40275017970223,-9.443535743365345,0.0,410717.6487058811,9061.138850532445,98420.73933670136,552.5250345845151,479.15050075165084
0.96875,0.59375,0.03,0.6001651397766745,37.40543711896095,-9.443576005021404,0.0,410721.3218140175,9061.136722859896,98424.44643820095,552.5298489044553,479.1525882396747
0.96875,0.65625,-0.01,0.6001537920354609,37.27357598274787,-11.183546009084543,0.0,410773.0382403762,9061.212351826169,98431.87869452905,552.5819981892677,479.17519957485746
0.96875,0.65625,0.01,0.6001537920354609,37.2709168417004,-11.183449633302349,0.0,410769.36586761696,9061.214491770947,98428.1675623335,552.5771839267602,479.17311221024016
0.96875,0.65625,0.03,0.6001537920354609,37.27357598274787,-11.183546009084543,0.0,410773.0382403762,9061.212351826169,98431.87869452905,552.5819981892677,479.17519957485746
0.96875,0.71875,-0.01,0.6001877714701593,37.147828173431435,-13.24939511854385,0.0,410809.72183339996,9061.224725708551,98441.32433755064,552.6037304971628,479.18462214075805
0.96875,0.71875,0.01,0.6001877714701593,37.14521618017256,-13.249228649644774,0.0,410806.0351083443,9061.226841898293,98437.60798134483,552.5988956009473,479.1825258709938
0.96875,0.71875,0.03,0.6001877714701593,37.147828173431435,-13.24939511854385,0.0,410809.72183339996,9061.224725708551,98441.32433755064,552.6037304971628,479.18462214075805
0.96875,0.78125,-0.01,0.600270021910452,37.0475674597057,-15.766906135744652,0.0,410833.9414485063,9061.168524028955,98452.75147332513,552.5921599145805,479.1796054588577
0.96875,0.78125,0.01,0.600270021910452,37.04502693077238,-15.766651453987505,0.0,410830.2218809433,9061.170572922285,98449.02842092085,552.5872792746045,479.177489333737
0.96875,0.78125,0.03,0.600270021910452,37.0475674597057,-15.766906135744652,0.0,410833.9414485063,9061.168524028955,98452.75147332513,552.5921599145805,479.1796054588577
0.96875,0.84375,-0.01,0.6003961097601404,37.01354481151362,-18.93212200300338,0.0,410855.7489303784,9061.048568784301,98465.77734690205,552.5492386237911,479.16099552546814
0.96875,0.84375,0.01,0.6003961097601404,37.01110541044437,-18.931752369520794,0.0,410851.97401320783,9061.050498519695,98462.04585933822,552.5442822472585,479.1588464793078
0.96875,0.84375,0.03,0.6003961097601404,37.01354481151362,-18.93212200300338,0.0,410855.7489303784,9061.048568784301,98465.77734690205,552.5492386237911,479.16099552546814
0.96875,0.90625,-0.01,0.6005616868245877,37.06846697978432,-23.002762133581236,0.0,410900.35496755247,9060.889340214926,98482.64293781541,552.4915846530319,479.1359966178995
0.96875,0.90625,0.01,0.6005616868245877,37.06610770890511,-23.002181983029867,0.0,410896.49558233813,9060.891085519816,98478.90361525943,552.4865191698163,479.13380014922984
0.96875,0.90625,0.03,0.6005616868245877,37.06846697978432,-23.002762133581236,0.0,410900.35496755247,9060.889340214926,98482.64293781541,552.4915846530319,479.1359966178995
0.96875,0.9687500000000001,-0.01,0.6011640087807789,35.53862296251029,-26.660615904813266,0.0,410950.6651474971,9060.619019682634,98585.01975146386,552.5118248871283,479.1447729831763
0.96875,0.9687500000000001,0.01,0.6011640087807789,35.5353274537463,-26.658559449399586,0.0,410946.55933786934,9060.620430031031,98581.24038788985,552.5065231715474,479.14247412251126
0.96875,0.9687500000000001,0.03,0.6011640087807789,35.53862296251029,-26.660615904813266,0.0,410950.6651474971,9060.619019682634,98585.01975146386,552.5118248871283,479.1447729831763
0.96875,1.03125,-0.01,0.6015026690684895,-0.0199759412483454,0.014985693101304766,0.0,410992.6298215347,9062.311953366858,98888.01527391959,553.8984225198517,479.74563314891026
0.96875,1.03125,0.01,0.6018413293562002,-35.538622962510416,26.66061590481336,0.0,411034.5473461407,9060.43716661598,98716.10364488311,552.6248736723624,479.1937890961652
0.96875,1.03125,0.03,0.6015026690684895,-0.0199759412483454,0.014985693101304766,0.0,410992.6298215347,9062.311953366858,98888.01527391959,553.8984225198517,479.74563314891026
1.03125,-0.03125,-0.01,0.601834884274469,39.94628399817458,0.0,0.0,409747.910419607,9058.451190219525,98450.9218754005,551.1456302115573,478.55201625894995
1.03125,-0.03125,0.01,0.601834884274469,39.94628399817458,0.3521741335195716,0.0,409747.910419607,9058.451077702412,98450.90694627297,551.1455466356675,478.5519799750624
1.03125,-0.03125,0.03,0.601834884274469,39.94628399817458,0.0,0.0,409747.910419607,9058.451190219525,98450.9218754005,551.1456302115573,478.55201625894995
1.03125,0.03125,-0.01,0.601834884274469,39.94628399817458,-0.3521741335195716,0.0,409747.910419607,9058.451077702412,98450.90694627297,551.1455466356675,478.5519799750624
1.03125,0.03125,0.01,0.601834884274469,39.94373023506891,-0.3523907261606087,0.0,409743.68779824063,9058.451914637926,98447.15732185681,551.1399931483593,478.5495689612584
1.03125,0.03125,0.03,0.601834884274469,39.94628399817458,-0.3521741335195716,0.0,409747.910419607,9058.451077702412,98450.90694627297,551.1455466356675,478.5519799750624
1.03125,0.09375000000000001,-0.01,0.601693704512067,39.84627066969721,-1.082277296877043,0.0,409811.85216917587,9058.643096685468,98444.00598300374,551.236393347656,478.59141881548396
1.03125,0.09375000000000001,0.01,0.601693704512067,39.843659833666244,-1.0823267901466453,0.0,409807.7357432414,9058.644040049345,98440.31306976423,551.2309857319818,478.5890713246105
1.03125,0.09375000000000001,0.03,0.601693704512067,39.84627066969721,-1.082277296877043,0.0,409811.85216917587,9058.643096685468,98444.00598300374,551.236393347656,478.59141881548396
1.03125,0.15625,-0.01,0.6015430982730148,39.75130784917262,-1.8757199768949124,0.0,409887.9662693021,9058.86015744907,98438.31734293913,551.3424849982835,478.6374717533999
1.03125,0.15625,0.01,0.6015430982730148,39.748636841764565,-1.8757904796041012,0.0,409883.8937233435,9058.861216774061,98434.62552773049,551.3371393032244,478.6351513661275
1.03125,0.15625,0.03,0.6015430982730148,39.75130784917262,-1.8757199768949124,0.0,409887.9662693021,9058.86015744907,98438.31734293913,551.3424849982835,478.6374717533999
1.03125,0.21875,-0.01,0.6013918966763403,39.6551980368344,-2.738570768154933,0.0,409969.7230922743,9059.08631877927,98433.69173349984,551.4551291666817,478.6863642003389
1.03125,0.21875,0.01,0.6013918966763403,39.652474652738405,-2.7386521257316914,0.0,409965.6945517201,9059.087494790303,98430.00058313824,551.449845109089,478.6840708021614
1.03125,0.21875,0.03,0.6013918966763403,39.6551980368344,-2.738570768154933,0.0,409969.7230922743,9059.08631877927,98433.69173349984,551.4551291666817,478.6863642003389
1.03125,0.28125,-0.01,0.6012433639483097,39.55747680841274,-3.680168060754482,0.0,410054.8391071649,9059.315469791325,98430.06597012098,551.5709842357992,478.7366451084137
1.03125,0.28125,0.01,0.6012433639483097,39.55470954496423,-3.680251035169828,0.0,410050.85336155636,9059.316759796982,98426.37503527918,551.5657597225365,478.73437779201566
1.03125,0.28125,0.03,0.6012433639483097,39.55747680841274,-3.680168060754482,0.0,410054.8391071649,9059.315469791325,98430.06597012098,551.5709842357992,478.7366451084137
1.03125,0.34375,-0.01,0.6011002872649209,39.46026743561418,-4.713896024450579,0.0,410141.5111305712,9059.542292749631,98427.37358268084,551.6871217919963,478.7870433157213
1.03125,0.34375,0.01,0.6011002872649209,39.45746501558162,-4.713971698751233,0.0,410137.5658469722,9059.543691281218,98423.68239494307,551.6819532475147,478.7848005246274
1.03125,0.34375,0.03,0.6011002872649209,39.46026743561418,-4.713896024450579,0.0,410141.5111305712,9059.542292749631,98427.37358268084,551.6871217919963,478.7870433157213
1.03125,0.40625000000000006,-0.01,0.6009657255962544,39.36658857568447,-5.858268684748293,0.0,410227.9160629995,9059.761042555607,98425.55432800678,551.8003938800059,478.8361929355592
1.03125,0.40625000000000006,0.01,0.6009657255962544,39.36376001587862,-5.858328098993325,0.0,410224.0077357468,9059.762541239497,98421.86240489577,551.7952761865164,478.83397243827767
1.03125,0.40625000000000006,0.03,0.6009657255962544,39.36658857568447,-5.858268684748293,0.0,410227.9160629995,9059.761042555607,98425.55432800678,551.8003938800059,478.8361929355592
1.03125,0.46875,-0.01,0.6008431219451223,39.28014421897434,-7.138556179754121,0.0,410312.14851988433,9059.96529019423,98424.54587509601,551.9072832382572,478.88256841438755
1.03125,0.46875,0.01,0.6008431219451223,39.27729899875219,-7.138589918921902,0.0,410308.2723055588,9059.966877393597,98420.8527039703,551.9022095205185,478.88036721081585
1.03125,0.46875,0.03,0.6008431219451223,39.28014421897434,-7.138556179754121,0.0,410312.14851988433,9059.96529019423,98424.54587509601,551.9072832382572,478.88256841438755
1.03125,0.53125,-0.01,0.600736223764528,39.20574716861668,-8.5892759327792,0.0,410392.29508203705,9060.14790010998,98424.26249654226,552.003857070064,478.92446449283943
1.03125,0.53125,0.01,0.600736223764528,39.2028954919572,-8.58927356604844,0.0,410388.4445506878,9060.14956040004,98420.56750747305,551.9988183733353,478.92227867420024
1.03125,0.53125,0.03,0.600736223764528,39.20574716861668,-8.5892759327792,0.0,410392.29508203705,9060.14790010998,98424.26249654226,552.003857070064,478.92446449283943
1.03125,0.59375,-0.01,0.6006487288168726,39.1505484038783,-10.258192828643693,0.0,410466.6462478046,9060.301221766325,98424.53907793728,552.0857793363712,478.96000149266007
1.03125,0.59375,0.01,0.6006487288168726,39.14770179661923,-10.258142264756707,0.0,410462.8130726226,9060.302935248934,98420.8416208422,552.080764222752,478.9578260659678
1.03125,0.59375,0.03,0.6006487288168726,39.1505484038783,-10.258192828643693,0.0,410466.6462478046,9060.301221766325,98424.53907793728,552.0857793363712,478.96000149266007
1.03125,0.65625,-0.01,0.6005836186819434,39.1261346822435,-12.21262130512174,0.0,410534.200591535,9060.417695415534,98425.05825368171,552.1485166096728,478.98721446574257
1.03125,0.65625,0.01,0.6005836186819434,39.12330609588704,-12.212507355213136,0.0,410530.37412085355,9060.419436838303,98421.35758743586,552.1435106643755,478.9850431394088
1.03125,0.65625,0.03,0.6005836186819434,39.1261346822435,-12.21262130512174,0.0,410534.200591535,9060.417695415534,98425.05825368171,552.1485166096728,478.98721446574257
1.03125,0.71875,-0.01,0.6005415971308529,39.152546781863194,-14.549654254213621,0.0,410595.6880555369,9060.49130393588,98425.18430935236,552.1878448467994,479.00427272702075
1.03125,0.71875,0.01,0.6005415971308529,39.149751332125824,-14.549456619485793,0.0,410591.85474805493,9060.493041625448,98421.47957035845,552.1828300396361,479.0020976343106
1.03125,0.71875,0.03,0.6005415971308529,39.152546781863194,-14.549654254213621,0.0,410595.6880555369,9060.49130393588,98425.18430935236,552.1878448467994,479.00427272702075
1.03125,0.78125,-0.01,0.6005178245771985,39.26612059853216,-17.41350912690997,0.0,410655.7459239932,9060.520866528093,98423.65039126253,552.2011006206297,479.0100221601674
1.03125,0.78125,0.01,0.6005178245771985,39.263376149981376,-17.413198862923196,0.0,410651.88863124157,9060.52256116777,98419.94060368936,552.1960546234153,479.0078335655081
1.03125,0.78125,0.03,0.6005178245771985,39.26612059853216,-17.41350912690997,0.0,410655.7459239932,9060.520866528093,98423.65039126253,552.2011006206297,479.0100221601674
1.03125,0.84375,-0.01,0.6004955949637644,39.532776759507406,-21.02401331010233,0.0,410727.5589129244,9060.517229237072,98418.06128455183,552.1902077168922,479.00529758085463
1.03125,0.84375,0.01,0.6004955949637644,39.53010240980837,-21.02354480492836,0.0,410723.655885822,9060.518832455627,98414.34553505635,552.1851033281328,479.00308363820136
1.03125,0.84375,0.03,0.6004955949637644,39.532776759507406,-21.02401331010233,0.0,410727.5589129244,9060.517229237072,98418.06128455183,552.1902077168922,479.00529758085463
1.03125,0.90625,-0.01,0.6004572712738842,39.990908758669924,-25.645430692961817,0.0,410840.6723502964,9060.51277059429,98408.65927648408,552.1727653651084,478.9977322122828
1.03125,0.90625,0.01,0.6004572712738842,39.9882507633737,-25.64466092134835,0.0,410836.6930154735,9060.514217046839,98404.94040533222,552.1675722358904,478.9954797442844
1.03125,0.90625,0.03,0.6004572712738842,39.990908758669924,-25.645430692961817,0.0,410840.6723502964,9060.51277059429,98408.65927648408,552.1727653651084,478.9977322122828
1.03125,0.9687499999999999,-0.01,0.6008862365351973,38.52607278230055,-29.475832292431647,0.0,410960.91020867217,9060.43153164784,98496.30543502423,552.2700387088851,479.0399215976847
1.03125,0.9687499999999999,0.01,0.6008862365351973,38.52231494624532,-29.473351410079488,0.0,410956.680690867,9060.432676760145,98492.55063229434,552.2646322032169,479.03757678608133
1.03125,0.9687499999999999,0.03,0.6008862365351973,38.52607278230055,-29.475832292431647,0.0,410960.91020867217,9060.43153164784,98496.30543502423,552.2700387088851,479.0399215976847
1.03125,1.03125,-0.01,0.6015072672173917,-0.039745075008117046,0.03040847615092792,0.0,410994.9127893691,9062.313891368547,98889.291329461,553.9014980285657,479.74696503555873
1.03125,1.03125,0.01,0.602128297899586,-38.526072782300396,29.475832292431537,0.0,411028.8452854576,9059.942149771183,98716.10364488314,552.361595416143,479.07962816980205
1.03125,1.03125,0.03,0.6015072672173917,-0.039745075008117046,0.03040847615092792,0.0,410994.9127893691,9062.313891368547,98889.291329461,553.9014980285657,479.74696503555873
1.09375,-0.03125,-0.01,0.6021755896786303,41.73694575868021,0.0,0.0,409692.32013305824,9058.049708175966,98475.62098376725,550.9721479951841,478.4766942443058
1.09375,-0.03125,0.01,0.6021755896786303,41.73694575868021,0.3729886469208183,0.0,409692.32013305824,9058.049581925898,98475.60422830525,550.9720542481957,478.47665353829996
1.09375,-0.03125,0.03,0.6021755896786303,41.73694575868021,0.0,0.0,409692.32013305824,9058.049708175966,98475.62098376725,550.9721479951841,478.4766942443058
1.09375,0.03125,-0.01,0.6021755896786304,41.73694575868021,-0.3729886469208183,0.0,409692.32013305824,9058.049581925898,98475.60422830525,550.9720542481957,478.47665353829996
1.09375,0.03125,0.01,0.6021755896786304,41.73425826230598,-0.37321848629573495,0.0,409687.9907127927,9058.050155336992,98471.8585175836,550.9663704992196,478.474185583544
1.09375,0.03125,0.03,0.6021755896786304,41.73694575868021,-0.3729886469208183,0.0,409692.32013305824,9058.049581925898,98475.60422830525,550.9720542481957,478.47665353829996
1.09375,0.09375,-0.01,0.6020586448809261,41.604320579612505,-1.145719768770416,0.0,409736.27224423527,9058.196064923304,98468.21954603016,551.0379463098319,478.50526376484237
1.09375,0.09375,0.01,0.6020586448809261,41.60157543541181,-1.1457652164681247,0.0,409732.04593990534,9058.196724684896,98464.53455817609,551.0324043282823,478.5028575113088
1.09375,0.09375,0.03,0.6020586448809261,41.604320579612505,-1.145719768770416,0.0,409736.27224423527,9058.196064923304,98468.21954603016,551.0379463098319,478.50526376484237
1.09375,0.15625,-0.01,0.6019312461061667,41.48455493304396,-1.9860183077625309,0.0,409792.55083048006,9058.367615501897,98461.82373557819,551.1187258047496,478.5403357569658
1.09375,0.15625,0.01,0.6019312461061667,41.48174879880412,-1.9860832124714929,0.0,409788.36093669885,9058.36837242234,98458.13973786947,551.1132357570508,478.53795222716633
1.09375,0.15625,0.03,0.6019312461061667,41.48455493304396,-1.9860183077625309,0.0,409792.55083048006,9058.367615501897,98461.82373557819,551.1187258047496,478.5403357569658
1.09375,0.21875,-0.01,0.6017999573071835,41.37282645944168,-2.901582694313574,0.0,409856.1024278904,9058.551973628024,98456.231443668,551.2075976444781,478.57891822899336
1.09375,0.21875,0.01,0.6017999573071835,41.36996683935684,-2.9016574991495343,0.0,409851.95016362757,9058.552831218441,98452.54804451825,551.202160751161,478.5765579667713
1.09375,0.21875,0.03,0.6017999573071835,41.37282645944168,-2.901582694313574,0.0,409856.1024278904,9058.551973628024,98456.231443668,551.2075976444781,478.57891822899336
1.09375,0.28125,-0.01,0.6016668423122519,41.269710978693354,-3.9033233687929116,0.0,409925.24919119664,9058.744584314461,98451.30996597312,551.3019362566083,478.6198706210868
1.09375,0.28125,0.01,0.6016668423122519,41.266805921879445,-3.9033992151571897,0.0,409921.1345919089,9058.745543049099,98447.62677425935,551.2965521478374,478.61753347372195
1.09375,0.28125,0.03,0.6016668423122519,41.269710978693354,-3.9033233687929116,0.0,409925.24919119664,9058.744584314461,98451.30996597312,551.3019362566083,478.6198706210868
1.09375,0.34375,-0.01,0.6015334826568244,41.178863990184155,-5.006255968533616,0.0,409998.73107357486,9058.941505617962,98446.89796175138,551.3993940086286,478.66217335242334
1.09375,0.34375,0.01,0.6015334826568244,41.17592156176343,-5.006324017249402,0.0,409994.6531331637,9058.94256343299,98443.21457489852,551.3940609634103,478.65985857549856
1.09375,0.34375,0.03,0.6015334826568244,41.178863990184155,-5.006255968533616,0.0,409998.73107357486,9058.941505617962,98446.89796175138,551.3993940086286,478.66217335242334
1.09375,0.40625,-0.01,0.6014015440468304,41.10543475039784,-6.230568437161515,0.0,410075.28127851494,9059.138404583573,98442.80182677302,551.4973624042859,478.7046939671982
1.09375,0.40625,0.01,0.6014015440468304,41.10246304431004,-6.230619399949225,0.0,410071.2378835821,9059.139556704524,98439.11784362386,551.4920772781321,478.70240019307346
1.09375,0.40625,0.03,0.6014015440468304,41.10543475039784,-6.230568437161515,0.0,410075.28127851494,9059.138404583573,98442.80182677302,551.4973624042859,478.7046939671982
1.09375,0.46875,-0.01,0.6012727594309474,41.05602468617112,-7.603142472599479,0.0,410153.58049965615,9059.330371543945,98438.76718812418,551.5928275342466,478.7461244720736
1.09375,0.46875,0.01,0.6012727594309474,41.05303188181458,-7.603166047320989,0.0,410149.56825566187,9059.33161010914,98435.0822019674,551.5875855462878,478.74384961709274
1.09375,0.46875,0.03,0.6012727594309474,41.05602468617112,-7.603142472599479,0.0,410153.58049965615,9059.330371543945,98438.76718812418,551.5928275342466,478.7461244720736
1.09375,0.53125,-0.01,0.6011486802996243,41.03935122450671,-9.15977081495271,0.0,410232.3360618863,9059.511957366884,98434.4268408951,551.6823061815778,478.7849536739529
1.09375,0.53125,0.01,0.6011486802996243,41.03634577190778,-9.15975494555967,0.0,410228.35003307764,9059.51327089964,98430.74041692841,551.6771005937876,478.78269479872665
1.09375,0.53125,0.03,0.6011486802996243,41.03935122450671,-9.15977081495271,0.0,410232.3360618863,9059.511957366884,98434.4268408951,551.6823061815778,478.7849536739529
1.09375,0.59375,-0.01,0.6010300575321845,41.06792413089705,-10.948611454888344,0.0,410310.4864182096,9059.677431745939,98429.19296063995,551.7618102097088,478.8194517543519
1.09375,0.59375,0.01,0.6010300575321845,41.064915022281056,-10.948541317610546,0.0,410306.51983403065,9059.678804473167,98425.50465480838,551.7566319846972,478.81720491465353
1.09375,0.59375,0.03,0.6010300575321845,41.06792413089705,-10.948611454888344,0.0,410310.4864182096,9059.677431745939,98429.19296063995,551.7618102097088,478.8194517543519
1.09375,0.65625,-0.01,0.6009158271809157,41.16057161052015,-13.035252884188074,0.0,410387.6692560417,9059.821454461784,98422.11345343651,551.8269730721183,478.84772511825366
1.09375,0.65625,0.01,0.6009158271809157,41.15756806798679,-13.035108903447606,0.0,410383.71304870833,9059.822865414017,98418.42282385511,551.821810393545,478.84548515646026
1.09375,0.65625,0.03,0.6009158271809157,41.16057161052015,-13.035252884188074,0.0,410387.6692560417,9059.821454461784,98422.11345343651,551.8269730721183,478.84772511825366
1.09375,0.71875,-0.01,0.6008009493940595,41.34725470123721,-15.510560335412155,0.0,410465.1344433545,9059.940586911374,98411.57666198767,551.873380009071,478.86785949922466
1.09375,0.71875,0.01,0.6008009493940595,41.34426638153041,-15.510315519235151,0.0,410461.1766559753,9059.942008795035,98407.8833025409,551.8682176966423,478.86561979046775
1.09375,0.71875,0.03,0.6008009493940595,41.34725470123721,-15.510560335412155,0.0,410465.1344433545,9059.940586911374,98411.57666198767,551.873380009071,478.86785949922466
1.09375,0.78125,-0.01,0.600672253733607,41.67799729743796,-18.50335311135233,0.0,410547.67125784355,9060.036619124116,98394.79950973658,551.8975154855783,478.8783307214553
1.09375,0.78125,0.01,0.600672253733607,41.675033878759805,-18.50296860804016,0.0,410543.6962534538,9060.03801692933,98391.10317261229,551.8923343738554,478.8760829056139
1.09375,0.78125,0.03,0.600672253733607,41.67799729743796,-18.50335311135233,0.0,410547.67125784355,9060.036619124116,98394.79950973658,551.8975154855783,478.8783307214553
1.09375,0.84375,-0.01,0.6005009024428122,42.23697010324788,-22.199254646321673,0.0,410647.6581277965,9060.12369673612,98367.0434077375,551.8992909064945,478.8791009821441
1.09375,0.84375,0.01,0.6005009024428122,42.23403745796922,-22.198670183673425,0.0,410643.6454479804,9060.125025903357,98363.3444238473,551.8940673975983,478.8768347759683
1.09375,0.84375,0.03,0.6005009024428122,42.23697010324788,-22.199254646321673,0.0,410647.6581277965,9060.12369673612,98367.0434077375,551.8992909064945,478.8791009821441
1.09375,0.90625,-0.01,0.600259799411924,43.05495987359619,-26.76853928064546,0.0,410790.34193036985,9060.235546569438,98326.55669560534,551.8938002667136,478.8767188816187
1.09375,0.90625,0.01,0.600259799411924,43.051962890591504,-26.7675788109968,0.0,410786.26097208395,9060.236742717343,98322.8609352271,551.888508867946,478.87442321010303
1.09375,0.90625,0.03,0.600259799411924,43.05495987359619,-26.76853928064546,0.0,410790.34193036985,9060.235546569438,98326.55669560534,551.8938002667136,478.8767188816187
1.09375,0.96875,-0.01,0.600487412614033,41.447771284045565,-29.906825639335644,0.0,410916.4200671153,9060.313360886837,98389.07081776603,552.0353801684597,478.9381391866786
1.09375,0.96875,0.01,0.600487412614033,41.44349585686815,-29.904076315755297,0.0,410912.0937733759,9060.314291464154,98385.34333869648,552.0298992032444,478.93576157657316
1.09375,0.96875,0.03,0.600487412614033,41.447771284045565,-29.906825639335644,0.0,410916.4200671153,9060.313360886837,98389.07081776603,552.0353801684597,478.9381391866786
1.09375,1.03125,-0.01,0.6014429086224169,-0.06581818902975592,0.04749141008620156,0.0,410945.6329264056,9062.25674672018,98866.82919384632,553.8350803674817,479.7182012330739
1.09375,1.03125,0.01,0.6023984046308006,-41.447771284045565,29.90682563933564,0.0,410974.75315398094,9059.476397365344,98716.10364488316,552.1139961884943,478.97224104977437
1.09375,1.03125,0.03,0.6014429086224169,-0.06581818902975592,0.04749141008620156,0.0,410945.6329264056,9062.25674672018,98866.82919384632,553.8350803674817,479.7182012330739
1.15625,-0.03125,-0.01,0.6024267505812938,43.66986455084662,-6.910751894423119e-17,0.0,409710.1520503011,9057.80854779363,98501.07958462622,550.8849373522322,478.4388248967673
1.15625,-0.03125,0.01,0.6024267505812938,43.66986455084662,0.39722805272640144,0.0,409710.1520503011,9057.808404578476,98501.0605727046,550.8848310246541,478.438778724472
1.15625,-0.03125,0.03,0.6024267505812938,43.66986455084662,-6.910751894423119e-17,0.0,409710.1520503011,9057.80854779363,98501.07958462622,550.8849373522322,478.4388248967673
1.15625,0.03125,-0.01,0.6024267505812938,43.66986455084662,-0.3972280527264014,0.0,409710.152050301,9057.808404578476,98501.06057270462,550.8848310246541,478.43877872447194
1.15625,0.03125,0.01,0.6024267505812938,43.66704172481255,-0.3974700735903356,0.0,409705.7463490019,9057.808795788815,98497.31881775978,550.8790594222019,478.4362724241477
1.15625,0.03125,0.03,0.6024267505812938,43.66986455084662,-0.3972280527264014,0.0,409710.152050301,9057.808404578476,98501.06057270462,550.8848310246541,478.43877872447194
1.15625,0.09375,-0.01,0.6023311144997038,43.51208113349793,-1.2181395526808514,0.0,409738.2687020601,9057.917963230451,98493.65558679798,550.9310999565917,478.45887038904715
1.15625,0.09375,0.01,0.6023311144997038,43.50919957155395,-1.218178058807548,0.0,409733.96329076035,9057.91842167006,98489.97849898049,550.9254664261322,478.45642414893587
1.15625,0.09375,0.03,0.6023311144997038,43.51208113349793,-1.2181395526808514,0.0,409738.2687020601,9057.917963230451,98493.65558679798,550.9310999565917,478.45887038904715
1.15625,0.15625,-0.01,0.6022247843430525,43.375763219660975,-2.1068505766754457,0.0,409778.08830313315,9058.050681406667,98486.93850093316,550.9907553585077,478.484773703999
1.15625,0.15625,0.01,0.6022247843430525,43.3728196262559,-2.1069052740063645,0.0,409773.81157232897,9058.051217832568,98483.26222886419,550.985163485507,478.48234568424556
1.15625,0.15625,0.03,0.6022247843430525,43.375763219660975,-2.1068505766754457,0.0,409778.08830313315,9058.050681406667,98486.93850093316,550.9907553585077,478.484773703999
1.15625,0.21875,-0.01,0.6021122533150028,43.25714534189407,-3.072102663800528,0.0,409825.8911972951,9058.197664301859,98480.69197122176,551.0587358198674,478.514290181465
1.15625,0.21875,0.01,0.6021122533150028,43.254146717774795,-3.072164565329934,0.0,409821.64500336436,9058.198283879849,98477.01616461018,551.0531877380924,478.5118813247297
1.15625,0.21875,0.03,0.6021122533150028,43.25714534189407,-3.072102663800528,0.0,409825.8911972951,9058.197664301859,98480.69197122176,551.0587358198674,478.514290181465
1.15625,0.28125,-0.01,0.6019943271827377,43.15776058536087,-4.125286164056908,0.0,409880.56341089716,9058.355895790064,98474.69901700756,551.1330973969781,478.5465751945074
1.15625,0.28125,0.01,0.6019943271827377,43.15471429198602,-4.125346607271375,0.0,409876.34865230176,9058.356601219253,98471.02334509275,551.1275939719341,478.5441858880098
1.15625,0.28125,0.03,0.6019943271827377,43.15776058536087,-4.125286164056908,0.0,409880.56341089716,9058.355895790064,98474.69901700756,551.1330973969781,478.5465751945074
1.15625,0.34375,-0.01,0.6018712660393083,43.08262868837629,-5.281227267552445,0.0,409941.3321512388,9058.52281651452,98468.67852051975,551.2120350716477,478.5808445946945
1.15625,0.34375,0.01,0.6018712660393083,43.079541855824495,-5.281277168364825,0.0,409937.14882337535,9058.523608352587,98465.00265044897,551.206576032152,478.57847472789643
1.15625,0.34375,0.03,0.6018712660393083,43.08262868837629,-5.281227267552445,0.0,409941.3321512388,9058.52281651452,98468.67852051975,551.2120350716477,478.5808445946945
1.15625,0.40624999999999994,-0.01,0.6017431729632112,43.038697591884635,-6.558923012709829,0.0,410007.39853587374,9058.695521621237,98462.26758283752,551.2934286457244,478.616177610903
1.15625,0.40624999999999994,0.01,0.6017431729632112,43.03557705870953,-6.558952312825187,0.0,410003.24564603943,9058.69639805206,98458.59120361421,551.288012495863,478.61382653688656
1.15625,0.40624999999999994,0.03,0.6017431729632112,43.038697591884635,-6.558923012709829,0.0,410007.39853587374,9058.695521621237,98462.26758283752,551.2934286457244,478.616177610903
1.15625,0.46875,-0.01,0.6016098672000532,43.03486046723121,-7.982483229519365,0.0,410077.8808663274,9058.870620621594,98454.97386832722,551.3746916972445,478.65145136522784
1.15625,0.46875,0.01,0.6016098672000532,43.03171269250193,-7.982480231696078,0.0,410073.75624829094,9058.871577044734,98451.29669748213,551.3693155045028,478.64911780805676
1.15625,0.46875,0.03,0.6016098672000532,43.03486046723121,-7.982483229519365,0.0,410077.8808663274,9058.870620621594,98454.97386832722,551.3746916972445,478.65145136522784
1.15625,0.53125,-0.01,0.6014705083587638,43.082679035177435,-9.582374160780565,0.0,410151.8536537849,9059.044292160574,98446.09677164837,551.4526739758519,478.6852985944377
1.15625,0.53125,0.01,0.6014705083587638,43.07951028339049,-9.582324771645212,0.0,410147.753694337,9059.045320643923,98442.41853660293,551.4473330420402,478.68298050549964
1.15625,0.53125,0.03,0.6014705083587638,43.082679035177435,-9.582374160780565,0.0,410151.8536537849,9059.044292160574,98446.09677164837,551.4526739758519,478.6852985944377
1.15625,0.59375,-0.01,0.6013228182664185,43.1982149689584,-11.397290332294482,0.0,410228.48007947823,9059.212544608274,98434.58352939456,551.5235688379605,478.7160675427025
1.15625,0.59375,0.01,0.6013228182664185,43.195031081239655,-11.397176873732201,0.0,410224.3994558516,9059.21363319467,98430.90404751757,551.5182564426567,478.7137619883647
1.15625,0.59375,0.03,0.6013228182664185,43.1982149689584,-11.397290332294482,0.0,410228.48007947823,9059.212544608274,98434.58352939456,551.5235688379605,478.7160675427025
1.15625,0.65625,-0.01,0.6011619208269287,43.40439824755984,-13.47647687208643,0.0,410307.3332542699,9059.371849714575,98418.84734387908,551.5829577442203,478.74184129014503
1.15625,0.65625,0.01,0.6011619208269287,43.401204072750495,-13.476276108708124,0.0,410303.2644563363,9059.372981503637,98415.16655182684,551.577664676516,478.73954424758557
1.15625,0.65625,0.03,0.6011619208269287,43.40439824755984,-13.47647687208643,0.0,410307.3332542699,9059.371849714575,98418.84734387908,551.5829577442203,478.74184129014503
1.15625,0.71875,-0.01,0.6009779914689268,43.73576025979947,-15.88310491981092,0.0,410389.03229162784,9059.520552134449,98396.41536634877,551.6259938247028,478.76051732994915
1.15625,0.71875,0.01,0.6009779914689268,43.73255942555101,-15.882785697123174,0.0,410384.9650811364,9059.52170413919,98392.7334300385,551.6207079021984,478.7582234776981
1.15625,0.71875,0.03,0.6009779914689268,43.73576025979947,-15.88310491981092,0.0,410389.03229162784,9059.520552134449,98396.41536634877,551.6259938247028,478.76051732994915
1.15625,0.78125,-0.01,0.6007520398677745,44.24683117694602,-18.699394235573234,0.0,410476.663386949,9059.661983728141,98363.37459555543,551.6481653368728,478.77013864774125
1.15625,0.78125,0.01,0.6007520398677745,44.243624922143454,-18.69891382656498,0.0,410472.5840962829,9059.663125457884,98359.6921418961,551.642870935324,478.7678411621293
1.15625,0.78125,0.03,0.6007520398677745,44.24683117694602,-18.699394235573234,0.0,410476.663386949,9059.661983728141,98363.37459555543,551.6481653368728,478.77013864774125
1.15625,0.84375,-0.01,0.6004488142839715,45.02377733221271,-22.03203808889327,0.0,410578.85034496756,9059.811182510259,98313.63465303145,551.6476748398408,478.7699257988649
1.15625,0.84375,0.01,0.6004488142839715,45.02055865958404,-22.03133411128445,0.0,410574.7409144929,9059.812274066762,98309.95339167686,551.6423527252301,478.7676162862184
1.15625,0.84375,0.03,0.6004488142839715,45.02377733221271,-22.03203808889327,0.0,410578.85034496756,9059.811182510259,98313.63465303145,551.6476748398408,478.7699257988649
1.15625,0.90625,-0.01,0.6000444216389141,46.04882908718772,-25.89836506043349,0.0,410711.8272398693,9059.99966277381,98245.88032436566,551.6391068104001,478.7662077275896
1.15625,0.90625,0.01,0.6000444216389141,46.04545799343551,-25.89725809166421,0.0,410707.6598292897,9060.00064417199,98242.20902571066,551.6337381941291,478.763878017572
1.15625,0.90625,0.03,0.6000444216389141,46.04882908718772,-25.89836506043349,0.0,410711.8272398693,9059.99966277381,98245.88032436566,551.6391068104001,478.7662077275896
1.15625,0.96875,-0.01,0.600075175211638,43.96150351680084,-27.688422324884453,0.0,410800.462948475,9060.228440781573,98283.22701418723,551.8205278804925,478.8449287033353
1.15625,0.96875,0.01,0.600075175211638,43.95669592792994,-27.685649417422212,0.0,410796.0653490362,9060.229193154488,98279.52542529919,551.8149894861908,478.8425257131012
1.15625,0.96875,0.03,0.600075175211638,43.96150351680084,-27.688422324884453,0.0,410800.462948475,9060.228440781573,98283.22701418723,551.8205278804925,478.8449287033353
1.15625,1.03125,-0.01,0.6013636930797646,-0.09416904342886748,0.05931080686064974,0.0,410823.1435786893,9062.074701051537,98824.32031588905,553.6699964769527,479.6467001201023
1.15625,1.03125,0.01,0.6026522109478912,-43.96150351680084,27.68842232488445,0.0,410845.7272491649,9059.038923018732,98716.10364488314,551.8815309811528,478.87139583951824
1.15625,1.03125,0.03,0.6013636930797646,-0.09416904342886748,0.05931080686064974,0.0,410823.1435786893,9062.074701051537,98824.32031588905,553.6699964769527,479.6467001201023
1.21875,-0.03125,-0.01,0.602597860789616,45.75797772707122,0.0,0.0,409775.746228493,9057.673886852397,98522.34716180472,550.8475066922605,478.4225705177046
1.21875,-0.03125,0.01,0.602597860789616,45.75797772707122,0.4177240363213546,0.0,409775.746228493,9057.673728466103,98522.32613136312,550.8473891091268,478.4225194559976
1.21875,-0.03125,0.03,0.602597860789616,45.75797772707122,0.0,0.0,409775.746228493,9057.673886852397,98522.34716180472,550.8475066922605,478.4225705177046
1.21875,0.03125,-0.01,0.602597860789616,45.757977727071214,-0.4177240363213546,0.0,409775.746228493,9057.673728466103,98522.32613136312,550.8473891091268,478.4225194559976
1.21875,0.03125,0.01,0.602597860789616,45.75501217849841,-0.41797531510052927,0.0,409771.2857437468,9057.67399563591,98518.58875367157,550.8415604074628,478.41998827443336
1.21875,0.03125,0.03,0.602597860789616,45.757977727071214,-0.4177240363213546,0.0,409775.746228493,9057.673728466103,98522.32613136312,550.8473891091268,478.4225194559976
1.21875,0.09375,-0.01,0.6025198206724539,45.58480661119247,-1.2776526795846461,0.0,409792.1521790831,9057.755116605424,98515.20767775373,550.8791761240003,478.43632310166896
1.21875,0.09375,0.01,0.6025198206724539,45.581780648401164,-1.277679590517421,0.0,409787.7894857522,9057.755434081217,98511.53852247624,550.8734823310574,478.4338505772777
1.21875,0.09375,0.03,0.6025198206724539,45.58480661119247,-1.2776526795846461,0.0,409792.1521790831,9057.755116605424,98515.20767775373,550.8791761240003,478.43632310166896
1.21875,0.15625,-0.01,0.6024304599658113,45.4419915706811,-2.2005016147961713,0.0,409819.0964560659,9057.856917480289,98508.27478006303,550.9220863253807,478.45495640647533
1.21875,0.15625,0.01,0.6024304599658113,45.43890195202132,-2.2005383154073264,0.0,409814.75517530995,9057.857295211115,98504.60625791096,550.9164246436231,478.4524979221221
1.21875,0.15625,0.03,0.6024304599658113,45.4419915706811,-2.2005016147961713,0.0,409819.0964560659,9057.856917480289,98508.27478006303,550.9220863253807,478.45495640647533
1.21875,0.21875,-0.01,0.6023326484269774,45.326172062464,-3.19444048266782,0.0,409853.8247502845,9057.972799597,98501.27492860517,550.9723606312233,478.4767865732735
1.21875,0.21875,0.01,0.6023326484269774,45.323024965411506,-3.1944784714018324,0.0,409849.5069466264,9057.973243341668,98497.60674094329,550.9667335637015,478.47434323105483
1.21875,0.21875,0.03,0.6023326484269774,45.326172062464,-3.19444048266782,0.0,409853.8247502845,9057.972799597,98501.27492860517,550.9723606312233,478.4767865732735
1.21875,0.28125,-0.01,0.60222601799707,45.239408296842065,-4.2691928926578155,0.0,409895.62598554126,9058.101041749616,98493.89416884343,551.0285861860372,478.50119971847744
1.21875,0.28125,0.01,0.60222601799707,45.23621006289406,-4.269223591585189,0.0,409891.333019895,9058.101555430596,98490.22606085,551.0229953294208,478.4987722233788
1.21875,0.28125,0.03,0.60222601799707,45.239408296842065,-4.2691928926578155,0.0,409895.62598554126,9058.101041749616,98493.89416884343,551.0285861860372,478.50119971847744
1.21875,0.34375,-0.01,0.6021095628464225,45.187436772834815,-5.436532443410821,0.0,409944.0458993773,9058.24027032478,98485.71864226295,551.0893743070399,478.52759252948124
1.21875,0.34375,0.01,0.6021095628464225,45.18419325034689,-5.436546455152424,0.0,409939.7784061444,9058.240856197894,98482.05037340688,551.0838203876314,478.52518120519903
1.21875,0.34375,0.03,0.6021095628464225,45.187436772834815,-5.436532443410821,0.0,409944.0458993773,9058.24027032478,98485.71864226295,551.0893743070399,478.52759252948124
1.21875,0.40625,-0.01,0.6019818997571974,45.178011969710184,-6.710490626077347,0.0,409998.5514134211,9058.388816812414,98476.2087213318,551.1529780167548,478.5552062463869
1.21875,0.40625,0.01,0.6019818997571974,45.17472838812598,-6.710477200553403,0.0,409994.3092067827,9058.389475185944,98472.54010368456,551.1474607980897,478.5528109945883
1.21875,0.40625,0.03,0.6019818997571974,45.178011969710184,-6.710490626077347,0.0,409998.5514134211,9058.388816812414,98476.2087213318,551.1529780167548,478.5552062463869
1.21875,0.46874999999999994,-0.01,0.6018411015628484,45.22081630982252,-8.107511101138524,0.0,410058.4461398581,9058.544598323733,98464.64497314647,551.2171417221929,478.5830614725155
1.21875,0.46874999999999994,0.01,0.6018411015628484,45.21749704636802,-8.107457538692238,0.0,410054.2280292055,9058.545327122658,98460.97589540758,551.2116598056137,478.580681685365
1.21875,0.46874999999999994,0.03,0.6018411015628484,45.22081630982252,-8.107511101138524,0.0,410058.4461398581,9058.544598323733,98464.64497314647,551.2171417221929,478.5830614725155
1.21875,0.53125,-0.01,0.6016843028410497,45.328020862772306,-9.646549481979928,0.0,410122.85184952116,9058.705160705484,98450.04357913649,551.278988077357,478.60990913885536
1.21875,0.53125,0.01,0.6016843028410497,45.32466982784149,-9.646440663270909,0.0,410118.65537127375,9058.705954916386,98446.37398668993,551.2735385647401,478.60754355152073
1.21875,0.53125,0.03,0.6016843028410497,45.328020862772306,-9.646549481979928,0.0,410122.85184952116,9058.705160705484,98450.04357913649,551.278988077357,478.60990913885536
1.21875,0.59375,-0.01,0.6015069776043862,45.515919745599376,-11.349284002923868,0.0,410190.7676438957,9058.867912766567,98431.0217495586,551.3349259367415,478.63419061453897
1.21875,0.59375,0.01,0.6015069776043862,45.51253944822783,-11.3491013803008,0.0,410186.5888567399,9058.868763746208,98427.35179650769,551.3295042886205,478.631837242371
1.21875,0.59375,0.03,0.6015069776043862,45.515919745599376,-11.349284002923868,0.0,410190.7676438957,9058.867912766567,98431.0217495586,551.3349259367415,478.63419061453897
1.21875,0.65625,-0.01,0.6013019381730209,45.806563498734214,-13.23993491945079,0.0,410261.25660444953,9059.030704591623,98405.64517778262,551.3807116392614,478.6540643307502
1.21875,0.65625,0.01,0.6013019381730209,45.80315466178318,-13.239655236643099,0.0,410257.0896381263,9059.03159917072,98401.97524800629,551.375311205186,478.6517202643054
1.21875,0.65625,0.03,0.6013019381730209,45.806563498734214,-13.23993491945079,0.0,410261.25660444953,9059.030704591623,98405.64517778262,551.3807116392614,478.6540643307502
1.21875,0.71875,-0.01,0.6010573154165372,46.23167537725591,-15.345093026268813,0.0,410333.9000976537,9059.193163911445,98371.14232087448,551.4116984549422,478.66751398230235
1.21875,0.71875,0.01,0.6010573154165372,46.22823655844517,-15.344687125565018,0.0,410329.7367409395,9059.194083312828,98367.47318891202,551.4063101102383,478.6651752289968
1.21875,0.71875,0.03,0.6010573154165372,46.23167537725591,-15.345093026268813,0.0,410333.9000976537,9059.193163911445,98371.14232087448,551.4116984549422,478.66751398230235
1.21875,0.78125,-0.01,0.6007531114627229,46.83928135443483,-17.693540667160036,0.0,410409.96856393974,9059.359736848706,98323.51722790349,551.4238257875598,478.67277767933166
1.21875,0.78125,0.01,0.6007531114627229,46.83580750820385,-17.692971708965043,0.0,410405.7977637026,9059.360655380962,98319.8503390367,551.418437610893,478.6704390246783
1.21875,0.78125,0.03,0.6007531114627229,46.83928135443483,-17.693540667160036,0.0,410409.96856393974,9059.359736848706,98323.51722790349,551.4238257875598,478.67277767933166
1.21875,0.84375,-0.01,0.6003552605896842,47.70089129357276,-20.312937728268885,0.0,410496.0295633505,9059.548313890227,98257.32984869838,551.417836022471,478.6701779138295
1.21875,0.84375,0.01,0.6003552605896842,47.6973670467958,-20.312155864940742,0.0,410491.83776909695,9059.54919960986,98253.66803236163,551.4124346624766,478.66783352440996
1.21875,0.84375,0.03,0.6003552605896842,47.70089129357276,-20.312937728268885,0.0,410496.0295633505,9059.548313890227,98257.32984869838,551.417836022471,478.6701779138295
1.21875,0.90625,-0.01,0.5998517236048465,48.70645610538555,-23.090011827690006,0.0,410602.18039453484,9059.792712579016,98174.28037517407,551.414348569084,478.6686642317688
1.21875,0.90625,0.01,0.5998517236048465,48.70269869425595,-23.088862190853934,0.0,410597.9411202461,9059.793507026863,98170.63341576915,551.4089176705662,478.6663070140551
1.21875,0.90625,0.03,0.5998517236048465,48.70645610538555,-23.090011827690006,0.0,410602.18039453484,9059.792712579016,98174.28037517407,551.414348569084,478.6686642317688
1.21875,0.96875,-0.01,0.5997170426283442,45.794861434723,-23.46721348410768,0.0,410653.1247439038,9060.185231614047,98195.36071652254,551.6565835884591,478.77379169361024
1.21875,0.96875,0.01,0.5997170426283442,45.78956261377455,-23.46467412010522,0.0,410648.6760326883,9060.185832006164,98191.68063591055,551.650995343297,478.771366713849
1.21875,0.96875,0.03,0.5997170426283442,45.794861434723,-23.46721348410768,0.0,410653.1247439038,9060.185231614047,98195.36071652254,551.6565835884591,478.77379169361024
1.21875,1.03125,-0.01,0.601287328696426,-0.1195728767776448,0.061274172217983286,0.0,410666.87329539313,9061.830144140198,98774.16583439072,553.4593858076745,479.5554649785621
1.21875,1.03125,0.01,0.6028576147645078,-45.79486143472301,23.467213484107685,0.0,410680.5502374255,9058.685019298526,98716.10364488313,551.6935451700247,478.789830603208
1.21875,1.03125,0.03,0.601287328696426,-0.1195728767776448,0.061274172217983286,0.0,410666.87329539313,9061.830144140198,98774.16583439072,553.4593858076745,479.5554649785621
1.28125,-0.03125,-0.01,0.6026765887084926,47.970606327456885,-4.6052593311378064e-17,0.0,409863.7373123031,9057.606643803942,98531.42125146856,550.8263447123869,478.4133806185724
1.28125,-0.03125,0.01,0.6026765887084926,47.97060632745688,0.4208263294205615,0.0,409863.73731230304,9057.606483050175,98531.39990470934,550.8262253762684,478.4133287946178
1.28125,-0.03125,0.03,0.6026765887084926,47.970606327456885,-4.6052593311378064e-17,0.0,409863.7373123031,9057.606643803942,98531.42125146856,550.8263447123869,478.4133806185724
1.28125,0.03125,-0.01,0.6026765887084926,47.97060632745688,-0.4208263294205615,0.0,409863.73731230304,9057.606483050175,98531.39990470935,550.8262253762684,478.4133287946178
1.28125,0.03125,0.01,0.6026765887084926,47.96748337145816,-0.4210831593964131,0.0,409859.2369012829,9057.606666386153,98527.66808937553,550.8203618804228,478.4107824543185
1.28125,0.03125,0.03,0.6026765887084926,47.97060632745688,-0.4208263294205615,0.0,409863.73731230304,9057.606483050175,98531.39990470935,550.8262253762684,478.4133287946178
1.28125,0.09375,-0.01,0.6026122218515175,47.79179619926747,-1.2831782352610415,0.0,409871.9363515101,9057.667419465406,98524.69247607977,550.8478237012697,478.42270818215934
1.28125,0.09375,0.01,0.6026122218515175,47.78861060336014,-1.2831892793170174,0.0,409867.5316777331,9057.667639339741,98521.0318330159,550.8420926397168,478.4202194030423
1.28125,0.09375,0.03,0.6026122218515175,47.79179619926747,-1.2831782352610415,0.0,409871.9363515101,9057.667419465406,98524.69247607977,550.8478237012697,478.42270818215934
1.28125,0.15625,-0.01,0.602534895725043,47.65095492442901,-2.1984833935475665,0.0,409889.0583761423,9057.745885224682,98517.41669514547,550.8778099176837,478.4357298289876
1.28125,0.15625,0.01,0.602534895725043,47.64770340370319,-2.1984949924820847,0.0,409884.66877038334,9057.746150039586,98513.75657333605,550.8721027768783,478.43325150521093
1.28125,0.15625,0.03,0.602534895725043,47.65095492442901,-2.1984833935475665,0.0,409889.0583761423,9057.745885224682,98517.41669514547,550.8778099176837,478.4357298289876
1.28125,0.21875,-0.01,0.6024464574234623,47.544123058255586,-3.1724284245663155,0.0,409912.8998765976,9057.837197738918,98509.30193449208,550.9132694162449,478.4511278154103
1.28125,0.21875,0.01,0.6024464574234623,47.54081064486541,-3.1724327587134478,0.0,409908.5273490706,9057.837513130635,98505.6421207742,550.907588741079,478.448661063748
1.28125,0.21875,0.03,0.6024464574234623,47.544123058255586,-3.1724284245663155,0.0,409912.8998765976,9057.837197738918,98509.30193449208,550.9132694162449,478.4511278154103
1.28125,0.28125,-0.01,0.6023456920854747,47.47312764175302,-4.2109758155720876,0.0,409942.9567267884,9057.940547955766,98499.96151143414,550.9531558545601,478.4684475706698
1.28125,0.28125,0.01,0.6023456920854747,47.46975938945279,-4.210964804038696,0.0,409938.60279997555,9057.940918213182,98496.30186763038,550.9475035841492,478.4659932422426
1.28125,0.28125,0.03,0.6023456920854747,47.47312764175302,-4.2109758155720876,0.0,409942.9567267884,9057.940547955766,98499.96151143414,550.9531558545601,478.4684475706698
1.28125,0.34375,-0.01,0.6022307073970411,47.44337381416514,-5.320597146360217,0.0,409978.91835556534,9058.055427673646,98488.8934680663,550.9963977346805,478.487223639999
1.28125,0.34375,0.01,0.6022307073970411,47.4399540875113,-5.320561801567434,0.0,409974.5840198749,9058.055855890882,98485.2338921229,550.9907752143127,478.48478232546876
1.28125,0.34375,0.03,0.6022307073970411,47.44337381416514,-5.320597146360217,0.0,409978.91835556534,9058.055427673646,98488.8934680663,550.9963977346805,478.487223639999
1.28125,0.40625,-0.01,0.6020991495062488,47.46198726761515,-6.508068619524221,0.0,410020.3516779882,9058.181098416284,98475.45927695787,551.0415823203696,478.5068424649328
1.28125,0.40625,0.01,0.6020991495062488,47.45851959516183,-6.507998664755284,0.0,410016.03730830265,9058.181586195104,98471.79975441194,551.0359902209032,478.504414458832
1.28125,0.40625,0.03,0.6020991495062488,47.46198726761515,-6.508068619524221,0.0,410020.3516779882,9058.181098416284,98475.45927695787,551.0415823203696,478.5068424649328
1.28125,0.46874999999999994,-0.01,0.6019480857467975,47.53749635641128,-7.780090606208926,0.0,410066.60479918955,9058.316490423358,98458.8435516209,551.0868370813357,478.52649095325603
1.28125,0.46874999999999994,0.01,0.6019480857467975,47.533983087730505,-7.779974110987292,0.0,410062.30998878554,9058.317037439843,98455.18419369511,551.0812752238669,478.52407617696855
1.28125,0.46874999999999994,0.03,0.6019480857467975,47.53749635641128,-7.780090606208926,0.0,410066.60479918955,9058.316490423358,98458.8435516209,551.0868370813357,478.52649095325603
1.28125,0.53125,-0.01,0.601773638664179,47.680177180517866,-9.14271756381724,0.0,410116.8428521301,9058.460410941023,98437.99803454289,551.1298498139101,478.54516526099803
1.28125,0.53125,0.01,0.601773638664179,47.676620518982276,-9.142540884946222,0.0,410112.56660686317,9058.461015397424,98434.33907605082,551.1243173960796,478.54276336020274
1.28125,0.53125,0.03,0.601773638664179,47.680177180517866,-9.14271756381724,0.0,410116.8428521301,9058.460410941023,98437.99803454289,551.1298498139101,478.54516526099803
1.28125,0.59375,-0.01,0.6015703692043993,47.903217211539584,-10.600650844900215,0.0,410170.1157531418,9058.611871449568,98411.54322303386,551.1678837525149,478.5616773800895
1.28125,0.59375,0.01,0.6015703692043993,47.89961687765076,-10.600397837305538,0.0,410165.8553918417,9058.61252738733,98407.8851228636,551.1623780676201,478.5592871679093
1.28125,0.59375,0.03,0.6015703692043993,47.903217211539584,-10.600650844900215,0.0,410170.1157531418,9058.611871449568,98411.54322303386,551.1678837525149,478.5616773800895
1.28125,0.65625,-0.01,0.6013310164755417,48.2234396452437,-12.156010002416346,0.0,410225.20613775786,9058.769892583354,98377.68323684492,551.1975360950931,478.5745503035374
1.28125,0.65625,0.01,0.6013310164755417,48.21979372066145,-12.155661968259883,0.0,410220.95729954296,9058.770589687627,98374.02676165527,551.1920525436226,478.57216976431675
1.28125,0.65625,0.03,0.6013310164755417,48.2234396452437,-12.156010002416346,0.0,410225.20613775786,9058.769892583354,98377.68323684492,551.1975360950931,478.5745503035374
1.28125,0.71875,-0.01,0.6010447054366848,48.66437579383664,-13.807020807760308,0.0,410281.3997744872,9058.935547372483,98334.06615624102,551.2155958584801,478.5823903896963
1.28125,0.71875,0.01,0.6010447054366848,48.660680284465364,-13.806556320332913,0.0,410277.1562487943,9058.936270443213,98330.41250142324,551.2101278264252,478.5800166267248
1.28125,0.71875,0.03,0.6010447054366848,48.66437579383664,-13.807020807760308,0.0,410281.3997744872,9058.935547372483,98334.06615624102,551.2155958584801,478.5823903896963
1.28125,0.78125,-0.01,0.6006942802000502,49.26100286752757,-15.546322065402046,0.0,410339.8423743954,9059.11536228511,98277.62311098033,551.2205863985948,478.5845568552585
1.28125,0.78125,0.01,0.6006942802000502,49.25724985595333,-15.545716596990042,0.0,410335.59560597845,9059.116089871717,98273.97412063848,551.215124827541,478.5821859078541
1.28125,0.78125,0.03,0.6006942802000502,49.26100286752757,-15.546322065402046,0.0,410339.8423743954,9059.11536228511,98277.62311098033,551.2205863985948,478.5845568552585
1.28125,0.84375,-0.01,0.6002541207700717,50.05720390634245,-17.353397526835597,0.0,410406.6723954974,9059.32852394072,98205.01937275402,551.2173050689684,478.5831323837665
1.28125,0.84375,0.01,0.6002541207700717,50.05337222052343,-17.352619538888685,0.0,410402.41141738073,9059.329227269933,98201.37839821822,551.2118391908716,478.580759559545
1.28125,0.84375,0.03,0.6002541207700717,50.05720390634245,-17.353397526835597,0.0,410406.6723954974,9059.32852394072,98205.01937275402,551.2173050689684,478.5831323837665
1.28125,0.9062500000000001,-0.01,0.5997201273675147,50.84300388545347,-19.06669973953053,0.0,410491.8199534256,9059.618678360403,98121.07016918444,551.2365834392165,478.5915013355996
1.28125,0.9062500000000001,0.01,0.5997201273675147,50.838887792416486,-19.06564119199751,0.0,410487.5225125407,9059.61931000028,98117.44578928294,551.2311009697097,478.58912135038526
1.28125,0.9062500000000001,0.03,0.5997201273675147,50.84300388545347,-19.06669973953053,0.0,410491.8199534256,9059.618678360403,98121.07016918444,551.2365834392165,478.5915013355996
1.28125,0.96875,-0.01,0.5994570642754844,46.898204995147374,-18.46839214778502,0.0,410530.833194792,9060.189604306177,98136.31730478066,551.5641127016796,478.73366302131075
1.28125,0.96875,0.01,0.5994570642754844,46.892498546270296,-18.466261051107146,0.0,410526.34442288196,9060.190070446673,98132.65358963072,551.558476838709,478.73121717308175
1.28125,0.96875,0.03,0.5994570642754844,46.898204995147374,-18.46839214778502,0.0,410530.833194792,9060.189604306177,98136.31730478066,551.5641127016796,478.73366302131075
1.28125,1.03125,-0.01,0.6012204486355771,-0.13753351184720897,0.05416034218194856,0.0,410536.0411399086,9061.626774431117,98731.69889740393,553.2830595896277,479.4790682821118
1.28125,1.03125,0.01,0.6029838329956698,-46.898204995147374,18.468392147785025,0.0,410541.2186287381,9058.467638854552,98716.10364488314,551.5781092433859,478.73973717753125
1.28125,1.03125,0.03,0.6012204486355771,-0.13753351184720897,0.05416034218194856,0.0,410536.0411399086,9061.626774431117,98731.69889740393,553.2830595896277,479.4790682821118
1.34375,-0.03125,-0.01,0.6026581742762798,50.22048068963736,0.0,0.0,409952.9587103587,9057.577188324536,98523.28023739376,550.7977228706327,478.40095088451204
1.34375,-0.03125,0.01,0.6026581742762799,50.22048068963736,0.39621959743570917,0.0,409952.9587103587,9057.577045813066,98523.26131462288,550.7976170822436,478.40090494272044
1.34375,-0.03125,0.03,0.6026581742762798,50.22048068963736,0.0,0.0,409952.9587103587,9057.577188324536,98523.28023739376,550.7977228706327,478.40095088451204
1.34375,0.03125,-0.01,0.6026581742762798,50.22048068963736,-0.39621959743570917,0.0,409952.9587103587,9057.577045813066,98523.26131462288,550.7976170822436,478.40090494272044
1.34375,0.03125,0.01,0.6026581742762798,50.217180346790364,-0.39647911351452053,0.0,409948.42927148606,9057.577172604248,98519.53734330375,550.7917359469692,478.3983508757996
1.34375,0.03125,0.03,0.6026581742762798,50.22048068963736,-0.39621959743570917,0.0,409952.9587103587,9057.577045813066,98523.26131462288,550.7976170822436,478.40090494272044
1.34375,0.09375,-0.01,0.6026036114386856,50.04384114276746,-1.2045540646627186,0.0,409955.87752077746,9057.624270028999,98516.97370088228,550.8126132444322,478.40741743343244
1.34375,0.09375,0.01,0.6026036114386856,50.04047572587869,-1.2045487060472586,0.0,409951.44221177715,9057.624422966053,98513.32314894165,550.8068627190678,478.40492012209387
1.34375,0.09375,0.03,0.6026036114386856,50.04384114276746,-1.2045540646627186,0.0,409955.87752077746,9057.624270028999,98516.97370088228,550.8126132444322,478.40741743343244
1.34375,0.15625,-0.01,0.6025342636843108,49.90963320961918,-2.053201253851204,0.0,409965.6779154059,9057.685878414708,98509.28480907196,550.8329977818761,478.4162698302861
1.34375,0.15625,0.01,0.6025342636843108,49.90619921158169,-2.0531870396308474,0.0,409961.25266187877,9057.686064231186,98505.63477041737,550.8272648429862,478.4137802024077
1.34375,0.15625,0.03,0.6025342636843108,49.90963320961918,-2.053201253851204,0.0,409965.6779154059,9057.685878414708,98509.28480907196,550.8329977818761,478.4162698302861
1.34375,0.21875,-0.01,0.6024512616324417,49.812172404840375,-2.944368826647659,0.0,409980.59862622584,9057.758622510695,98499.94832794255,550.8566545990395,478.4265430753115
1.34375,0.21875,0.01,0.6024512616324417,49.80867371595838,-2.9443390855490863,0.0,409976.1852097272,9057.758846121178,98496.2987153339,550.8509415831945,478.4240621526565
1.34375,0.21875,0.03,0.6024512616324417,49.812172404840375,-2.944368826647659,0.0,409980.59862622584,9057.758622510695,98499.94832794255,550.8566545990395,478.4265430753115
1.34375,0.28125,-0.01,0.6023530283742892,49.7522990289316,-3.879612451340109,0.0,410000.25788409804,9057.842315227645,98488.57744130518,550.8828659816436,478.437925412161
1.34375,0.28125,0.01,0.6023530283742892,49.74873943809636,-3.8795603541110366,0.0,409995.8578490678,9057.842580761982,98484.92826830035,550.877174955468,478.43545409751573
1.34375,0.28125,0.03,0.6023530283742892,49.7522990289316,-3.879612451340109,0.0,410000.25788409804,9057.842315227645,98488.57744130518,550.8828659816436,478.437925412161
1.34375,0.34375,-0.01,0.6022373937308191,49.734141446891186,-4.8599566923771444,0.0,410024.43684640346,9057.937038395345,98474.68507203259,550.9108960163717,478.4500972021249
1.34375,0.34375,0.01,0.6022373937308191,49.73052400161798,-4.859874750185605,0.0,410020.05138406967,9057.937349191403,98471.03640155372,550.9052286846874,478.4476362393918
1.34375,0.34375,0.03,0.6022373937308191,49.734141446891186,-4.8599566923771444,0.0,410024.43684640346,9057.937038395345,98474.68507203259,550.9108960163717,478.4500972021249
1.34375,0.40625,-0.01,0.6021017986611765,49.76303766286526,-5.885552055156132,0.0,410052.7987655004,9058.042726942354,98457.67527904912,550.9397559909507,478.4626290624586
1.34375,0.40625,0.01,0.6021017986611765,49.75936455750865,-5.885431921653236,0.0,410048.4286441525,9058.043085243999,98454.0272806478,550.9341136241464,478.46017900459105
1.34375,0.40625,0.03,0.6021017986611765,49.76303766286526,-5.885552055156132,0.0,410052.7987655004,9058.042726942354,98457.67527904912,550.9397559909507,478.4626290624586
1.34375,0.46874999999999994,-0.01,0.6019432883653456,49.844970094378574,-6.955172497300681,0.0,410084.7831072255,9058.159041891911,98436.8247647611,550.9681069718828,478.4749395830013
1.34375,0.46874999999999994,0.01,0.6019432883653456,49.84124221187047,-6.955004872044915,0.0,410080.42834240495,9058.159448004893,98433.17774619939,550.9624900045937,478.4725006170248
1.34375,0.46874999999999994,0.03,0.6019432883653456,49.844970094378574,-6.955172497300681,0.0,410084.7831072255,9058.159041891911,98436.8247647611,550.9681069718828,478.4749395830013
1.34375,0.53125,-0.01,0.6017585372069768,49.9864581972515,-8.065522962210519,0.0,410119.5132593361,9058.285219200046,98411.26868195241,550.9941562364639,478.4862503765134
1.34375,0.53125,0.01,0.6017585372069768,49.982676135810486,-8.065297656093419,0.0,410115.1733356571,9058.28567178128,98407.62314670038,550.988564508986,478.4838224274399
1.34375,0.53125,0.03,0.6017585372069768,49.9864581972515,-8.065522962210519,0.0,410119.5132593361,9058.285219200046,98411.26868195241,550.9941562364639,478.4862503765134
1.34375,0.59375,-0.01,0.6015429268252109,50.195731315052356,-9.210533628442562,0.0,410156.3099392764,9058.421377709354,98379.96311373352,551.016290098773,478.4958608617656
1.34375,0.59375,0.01,0.6015429268252109,50.19189419002232,-9.210239595610153,0.0,410151.9836261396,9058.42187361337,98376.31972557124,551.0107227065282,478.49344352772124
1.34375,0.59375,0.03,0.6015429268252109,50.195731315052356,-9.210533628442562,0.0,410156.3099392764,9058.421377709354,98379.96311373352,551.016290098773,478.4958608617656
1.34375,0.65625,-0.01,0.6012904438376819,50.482915195841706,-10.380359189344983,0.0,410194.5911942985,9058.56841294809,98341.64695084952,551.0329553942227,478.5030967772386
1.34375,0.65625,0.01,0.6012904438376819,50.47902059818497,-10.379984852640911,0.0,410190.2757811354,9058.568944934497,98338.00666854293,551.027409673974,478.5006888895038
1.34375,0.65625,0.03,0.6012904438376819,50.482915195841706,-10.380359189344983,0.0,410194.5911942985,9058.56841294809,98341.64695084952,551.0329553942227,478.5030967772386
1.34375,0.71875,-0.01,0.6009927606970409,50.86231319425981,-11.56044756259699,0.0,410234.5332063905,9058.729488295856,98294.82911921242,551.043428275918,478.5076439485679
1.34375,0.71875,0.01,0.6009927606970409,50.85835748513137,-11.559981264818056,0.0,410230.2244152213,9058.730044682496,98291.1932512568,551.0378996883518,478.50524352247584
1.34375,0.71875,0.03,0.6009927606970409,50.86231319425981,-11.56044756259699,0.0,410234.5332063905,9058.729488295856,98294.82911921242,551.043428275918,478.5076439485679
1.34375,0.78125,-0.01,0.6006370022900901,51.35611014023823,-12.730538239060376,0.0,410278.7196068632,9058.913835294145,98237.77943522132,551.0498130465861,478.5104161009637
1.34375,0.78125,0.01,0.6006370022900901,51.35208762618677,-12.729968856414978,0.0,410274.41133737884,9058.914399280675,98234.14973030548,551.0442949219033,478.50802023158326
1.34375,0.78125,0.03,0.6006370022900901,51.35611014023823,-12.730538239060376,0.0,410278.7196068632,9058.913835294145,98237.77943522132,551.0498130465861,478.5104161009637
1.34375,0.84375,-0.01,0.6002035043612511,51.98618698898455,-13.858967881715877,0.0,410335.2981845252,9059.144508389958,98169.03767003168,551.0619688279313,478.515693877831
1.34375,0.84375,0.01,0.6002035043612511,51.982076430501024,-13.858281816456259,0.0,410330.9819294887,9059.145056682917,98165.4169354512,551.0564525701121,478.5132988454271
1.34375,0.84375,0.03,0.6002035043612511,51.98618698898455,-13.858967881715877,0.0,410335.2981845252,9059.144508389958,98169.03767003168,551.0619688279313,478.515693877831
1.34375,0.90625,-0.01,0.5996860098635932,52.455678503260444,-14.797370179724533,0.0,410416.68520369567,9059.479358455752,98094.799044501,551.1204919379501,478.5411025294034
1.34375,0.90625,0.01,0.5996860098635932,52.451259471255426,-14.796499186287367,0.0,410412.3417333584,9059.47985460701,98091.19383874575,551.1149679638988,478.53870427412573
1.34375,0.90625,0.03,0.5996860098635932,52.455678503260444,-14.797370179724533,0.0,410416.68520369567,9059.479358455752,98094.799044501,551.1204919379501,478.5411025294034
1.34375,0.96875,-0.01,0.5993155366143657,47.439042936714294,-13.774130594647943,0.0,410468.54669180495,9060.237766635653,98110.22426339138,551.5477789186117,478.72657446214697
1.34375,0.96875,0.01,0.5993155366143657,47.43301074564611,-13.772451735665248,0.0,410464.02512962965,9060.23812205177,98106.57243975399,551.5421019703849,478.7241107472386
1.34375,0.96875,0.03,0.5993155366143657,47.439042936714294,-13.774130594647943,0.0,410468.54669180495,9060.237766635653,98110.22426339138,551.5477789186117,478.72657446214697
1.34375,1.03125,-0.01,0.6011667527943647,-0.14606570219997517,0.042410806225274364,0.0,410468.22848189605,9061.530745797087,98706.56112537876,553.1916670012979,479.43946591032665
1.34375,1.03125,0.01,0.6030179689743637,-47.43904293671429,13.774130594647943,0.0,410467.9122255208,9058.408904997174,98716.10364488314,551.5469238427571,478.72620337218063
1.34375,1.03125,0.03,0.6011667527943647,-0.14606570219997517,0.042410806225274364,0.0,410468.22848189605,9061.530745797087,98706.56112537876,553.1916670012979,479.43946591032665
1.40625,-0.03125,-0.01,0.602569004645322,52.38885851769635,0.0,0.0,410033.3741413571,9057.565158762214,98501.26022386069,550.7561696670665,478.3829048158593
1.40625,-0.03125,0.01,0.602569004645322,52.38885851769635,0.3453214307149539,0.0,410033.3741413571,9057.565050504778,98501.24585257648,550.756089312019,478.3828699179457
1.40625,-0.03125,0.03,0.602569004645322,52.38885851769635,0.0,0.0,410033.3741413571,9057.565158762214,98501.26022386069,550.7561696670665,478.3829048158593
1.40625,0.03125,-0.01,0.602569004645322,52.38885851769635,-0.3453214307149539,0.0,410033.3741413571,9057.565050504778,98501.24585257648,550.756089312019,478.3828699179457
1.40625,0.03125,0.01,0.602569004645322,52.385361235402996,-0.34558244430077967,0.0,410028.824485117,9057.56513926944,98497.53275120954,550.7502044954476,478.3803141559531
1.40625,0.03125,0.03,0.602569004645322,52.38885851769635,-0.3453214307149539,0.0,410033.3741413571,9057.565050504778,98501.24585257648,550.756089312019,478.3828699179457
1.40625,0.09375,-0.01,0.6025215866346693,52.219953657575175,-1.0473407385921885,0.0,410033.0855345603,9057.603192053344,98495.38469915591,550.7669478345676,478.3875857129024
1.40625,0.09375,0.01,0.6025215866346693,52.21638907898379,-1.0473232120552314,0.0,410028.62863511103,9057.603299250392,98491.74657518674,550.7611921131156,478.3850860414043
1.40625,0.09375,0.03,0.6025215866346693,52.219953657575175,-1.0473407385921885,0.0,410033.0855345603,9057.603192053344,98495.38469915591,550.7669478345676,478.3875857129024
1.40625,0.15625,-0.01,0.6024581910323396,52.093589716902706,-1.7778816607964696,0.0,410037.7832598294,9057.653037977723,98487.49503812222,550.7807705976184,478.39358879349794
1.40625,0.15625,0.01,0.6024581910323396,52.08995417164162,-1.7778488553276606,0.0,410033.3325705558,9057.65316874159,98483.85748568605,550.7750276744981,478.3910947115419
1.40625,0.15625,0.03,0.6024581910323396,52.093589716902706,-1.7778816607964696,0.0,410037.7832598294,9057.653037977723,98487.49503812222,550.7807705976184,478.39358879349794
1.40625,0.21875,-0.01,0.6023797580891258,52.00178468331079,-2.536037090157965,0.0,410045.94120816374,9057.71219066168,98477.3986002165,550.7960008908054,478.400203062402
1.40625,0.21875,0.01,0.6023797580891258,51.998081144386084,-2.5359838667970687,0.0,410041.49825595727,9057.712348965591,98473.76167240422,550.7902728133716,478.3977154621584
1.40625,0.21875,0.03,0.6023797580891258,52.00178468331079,-2.536037090157965,0.0,410045.94120816374,9057.71219066168,98477.3986002165,550.7960008908054,478.400203062402
1.40625,0.28125,-0.01,0.6022849701085174,51.94399817800865,-3.319892413587709,0.0,410057.187806843,9057.780593725345,98464.78547185805,550.8121125211126,478.4071999821624
1.40625,0.28125,0.01,0.6022849701085174,51.940229503361195,-3.3198137487166646,0.0,410052.7539866536,9057.780782969416,98461.14932926613,550.8064011921286,478.40471969176195
1.40625,0.28125,0.03,0.6022849701085174,51.94399817800865,-3.319892413587709,0.0,410057.187806843,9057.780593725345,98464.78547185805,550.8121125211126,478.4071999821624
1.40625,0.34375,-0.01,0.6021718939879259,51.92263950036234,-4.126665644530444,0.0,410071.436146374,9057.858740760648,98449.27781644798,550.8287617457692,478.4144302595836
1.40625,0.34375,0.01,0.6021718939879259,51.91880790305637,-4.126556253837035,0.0,410067.01272673835,9057.858964086878,98445.64266452957,550.8230689844245,478.4119580700383
1.40625,0.34375,0.03,0.6021718939879259,51.92263950036234,-4.126665644530444,0.0,410071.436146374,9057.858740760648,98449.27781644798,550.8287617457692,478.4144302595836
1.40625,0.40625,-0.01,0.602038375243631,51.94085792771713,-4.952437661505242,0.0,410088.53149041085,9057.947060274395,98430.4381476553,550.8454741373067,478.42168785866477
1.40625,0.40625,0.01,0.602038375243631,51.93696493489403,-4.95229192942284,0.0,410084.11945542874,9057.947320016652,98426.80429273601,550.8398014749694,478.41922443488755
1.40625,0.40625,0.03,0.602038375243631,51.94085792771713,-4.952437661505242,0.0,410088.53149041085,9057.947060274395,98430.4381476553,550.8454741373067,478.42168785866477
1.40625,0.46875,-0.01,0.6018820418528185,52.00186707542633,-5.791789127053906,0.0,410108.1931993851,9058.045884030962,98407.76605379066,550.8616222359484,478.42870030076716
1.40625,0.46875,0.01,0.6018820418528185,51.99791329124298,-5.79160122605423,0.0,410103.79308766307,9058.046181310116,98404.13391402611,550.8559707169277,478.4262460947328
1.40625,0.46875,0.03,0.6018820418528185,52.00186707542633,-5.791789127053906,0.0,410108.1931993851,9058.045884030962,98407.76605379066,550.8616222359484,478.42870030076716
1.40625,0.53125,-0.01,0.6017003154125338,52.108683472027714,-6.6373760885964534,0.0,410129.99244197767,9058.155442039542,98380.69999595397,550.8764253567558,478.43512858509786
1.40625,0.53125,0.01,0.6017003154125338,52.10466907632039,-6.637140104812171,0.0,410125.60419712885,9058.155776126456,98377.0701650499,550.8707953004945,478.43268373226914
1.40625,0.53125,0.03,0.6017003154125338,52.108683472027714,-6.6373760885964534,0.0,410129.99244197767,9058.155442039542,98380.69999595397,550.8764253567558,478.43512858509786
1.40625,0.59375,-0.01,0.6014900807201177,52.264981776609766,-7.479492216310737,0.0,410153.67916269175,9058.27655756661,98348.63406207439,550.8893444753775,478.44073866719253
1.40625,0.59375,0.01,0.6014900807201177,52.26090648447541,-7.479202419540324,0.0,410149.3022751388,9058.276926398716,98345.0072623012,550.8837356703947,478.43830307131805
1.40625,0.59375,0.03,0.6014900807201177,52.264981776609766,-7.479492216310737,0.0,410153.67916269175,9058.27655756661,98348.63406207439,550.8893444753775,478.44073866719253
1.40625,0.65625,-0.01,0.6012470736400267,52.47542698678577,-8.30558964561398,0.0,410179.54554362164,9058.41160079445,98310.90367620227,550.9005645757657,478.44561090318524
1.40625,0.65625,0.01,0.6012470736400267,52.471289584790824,-8.30524089303993,0.0,410175.1785706898,9058.411999629794,98307.28082577129,550.8949756633402,478.4431839702925
1.40625,0.65625,0.03,0.6012470736400267,52.47542698678577,-8.30558964561398,0.0,410179.54554362164,9058.41160079445,98310.90367620227,550.9005645757657,478.44561090318524
1.40625,0.71875,-0.01,0.6009652226330073,52.74754864833217,-9.099982596674518,0.0,410209.1041518878,9058.56588557363,98266.81941467697,550.9117889030374,478.4504849250235
1.40625,0.71875,0.01,0.6009652226330073,52.743347664488475,-9.099570889153656,0.0,410204.74435945635,9058.566305958351,98263.20165055578,550.9062168501945,478.448065337914
1.40625,0.71875,0.03,0.6009652226330073,52.74754864833217,-9.099982596674518,0.0,410209.1041518878,9058.56588557363,98266.81941467697,550.9117889030374,478.4504849250235
1.40625,0.78125,-0.01,0.600634697618303,53.09502053646026,-9.843672283189974,0.0,410246.7705541195,9058.751380798027,98215.71044184211,550.9282762927579,478.45764427498364
1.40625,0.78125,0.01,0.600634697618303,53.090753758225354,-9.843195329499451,0.0,410242.4136862496,9058.751810057789,98212.09914809585,550.922716134493,478.4552298890718
1.40625,0.78125,0.03,0.600634697618303,53.09502053646026,-9.843672283189974,0.0,410246.7705541195,9058.751380798027,98215.71044184211,550.9282762927579,478.45764427498364
1.40625,0.84375,-0.01,0.6002387616175534,53.52545518191426,-10.510660874027003,0.0,410303.07858495123,9058.995343008559,98157.34206512551,550.9640895050285,478.4731951438131
1.40625,0.84375,0.01,0.6002387616175534,53.52110402508869,-10.510115850275584,0.0,410298.7181788786,9058.995763724224,98153.73920205083,550.9585345326863,478.47078308818584
1.40625,0.84375,0.03,0.6002387616175534,53.52545518191426,-10.510660874027003,0.0,410303.07858495123,9058.995343008559,98157.34206512551,550.9640895050285,478.4731951438131
1.40625,0.90625,-0.01,0.5997585873979803,53.677863643952584,-10.988792011515958,0.0,410393.9151192688,9059.373601018415,98097.40782836813,551.0685738836161,478.51856162548194
1.40625,0.90625,0.01,0.5997585873979803,53.673197538563464,-10.988137517805388,0.0,410389.5347003247,9059.373989010428,98093.81781235947,551.0630175879551,478.51614922398085
1.40625,0.90625,0.03,0.5997585873979803,53.677863643952584,-10.988792011515958,0.0,410393.9151192688,9059.373601018415,98097.40782836813,551.0685738836161,478.51856162548194
1.40625,0.9687500000000001,-0.01,0.5992833598647866,47.6784702691196,-9.93740101698196,0.0,410471.0874858933,9060.320174294848,98113.72667373797,551.5971607180664,478.7480049269877
1.40625,0.9687500000000001,0.01,0.5992833598647866,47.67217468898321,-9.936127702080698,0.0,410466.5394859548,9060.320447185566,98110.08309605338,551.5914528966445,478.7455279244013
1.40625,0.9687500000000001,0.03,0.5992833598647866,47.6784702691196,-9.93740101698196,0.0,410471.0874858933,9060.320174294848,98113.72667373797,551.5971607180664,478.7480049269877
1.40625,1.03125,-0.01,0.6011269229435214,-0.1462077482522131,0.030473398537562375,0.0,410468.5662070634,9061.551050377997,98700.09325442728,553.19212271482,479.43966338890027
1.40625,1.03125,0.01,0.6029704860222563,-47.678470269119764,9.937401016981994,0.0,410466.060344145,9058.490758937316,98716.10364488314,551.5903855944165,478.74506474969735
1.40625,1.03125,0.03,0.6011269229435214,-0.1462077482522131,0.030473398537562375,0.0,410468.5662070634,9061.551050377997,98700.09325442728,553.19212271482,479.43966338890027
1.46875,-0.03125,-0.01,0.6024595923136444,54.37248173269635,-2.3034598072397297e-17,0.0,410106.24486710894,9057.559140198722,98475.40663388981,550.7116731566342,478.3635797487562
1.46875,-0.03125,0.01,0.6024595923136444,54.37248173269634,0.27935569244396846,0.0,410106.24486710894,9057.559069345305,98475.39723049542,550.7116205693007,478.3635569093405
1.46875,-0.03125,0.03,0.6024595923136444,54.37248173269635,-2.3034598072397297e-17,0.0,410106.24486710894,9057.559140198722,98475.40663388981,550.7116731566342,478.3635797487562
1.46875,0.03125,-0.01,0.6024595923136443,54.37248173269635,-0.27935569244396846,0.0,410106.24486710894,9057.559069345305,98475.39723049544,550.7116205693007,478.3635569093405
1.46875,0.03125,0.01,0.6024595923136443,54.368774087321654,-0.2796182179779384,0.0,410101.68223826756,9057.559132811512,98471.69776998059,550.705743055545,478.36100421589555
1.46875,0.03125,0.03,0.6024595923136443,54.37248173269635,-0.27935569244396846,0.0,410106.24486710894,9057.559069345305,98475.39723049544,550.7116205693007,478.3635569093405
1.46875,0.09375,-0.01,0.6024177846768609,54.21509658076027,-0.8460818017863826,0.0,410104.3050638756,9057.59124069404,98470.02549349704,550.7200927062497,478.3672364630556
1.46875,0.09375,0.01,0.6024177846768609,54.21131990961361,-0.8460586539494758,0.0,410099.833962382,9057.591316988437,98466.40197043883,550.714342926668,478.36473926585467
1.46875,0.09375,0.03,0.6024177846768609,54.21509658076027,-0.8460818017863826,0.0,410104.3050638756,9057.59124069404,98470.02549349704,550.7200927062497,478.3672364630556
1.46875,0.15625,-0.01,0.6023601413043933,54.096608772640934,-1.4326792918459337,0.0,410105.86927567126,9057.632916129507,98462.36653166586,550.7299480462863,478.3715167233443
1.46875,0.15625,0.01,0.6023601413043933,54.09275952186366,-1.4326387133956027,0.0,410101.4015071798,9057.633008984116,98458.74363795415,550.7242074986428,478.3690235580018
1.46875,0.15625,0.03,0.6023601413043933,54.096608772640934,-1.4326792918459337,0.0,410105.86927567126,9057.632916129507,98462.36653166586,550.7299480462863,478.3715167233443
1.46875,0.21875,-0.01,0.602287765463655,54.00662187651411,-2.0363087137101643,0.0,410109.4941130771,9057.682087657799,98452.33035500314,550.7399774032774,478.37587252139906
1.46875,0.21875,0.01,0.602287765463655,54.002702493701264,-2.036247108425508,0.0,410105.03099118447,9057.68220017088,98448.70825144331,550.7342478459965,478.37338415192846
1.46875,0.21875,0.03,0.602287765463655,54.00662187651411,-2.0363087137101643,0.0,410109.4941130771,9057.682087657799,98452.33035500314,550.7399774032774,478.37587252139906
1.46875,0.28125,-0.01,0.6021996018851381,53.94330576328362,-2.6531872061231665,0.0,410114.9726837762,9057.739058088466,98439.71500652934,550.7500173372846,478.3802328733792
1.46875,0.28125,0.01,0.6021996018851381,53.93931867990332,-2.653101375765351,0.0,410110.5154820993,9057.73919299511,98436.09395234313,550.7443004835823,478.3777500437683
1.46875,0.28125,0.03,0.6021996018851381,53.94330576328362,-2.6531872061231665,0.0,410114.9726837762,9057.739058088466,98439.71500652934,550.7500173372846,478.3802328733792
1.46875,0.34375,-0.01,0.602094274782118,53.90764079749597,-3.2788124001731997,0.0,410122.31509570254,9057.80442298868,98424.28400244811,550.7600039382058,478.38457002332683
1.46875,0.34375,0.01,0.602094274782118,53.903587981789705,-3.278699229972249,0.0,410117.8650296719,9057.804582928964,98420.6642819225,550.7543014780273,478.38209346729303
1.46875,0.34375,0.03,0.602094274782118,53.90764079749597,-3.2788124001731997,0.0,410122.31509570254,9057.80442298868,98424.28400244811,550.7600039382058,478.38457002332683
1.46875,0.40625,-0.01,0.6019702469885692,53.900983917510494,-3.9078103100537667,0.0,410131.58041243436,9057.878933150854,98405.78424535893,550.769928420602,478.3888801564357
1.46875,0.40625,0.01,0.6019702469885692,53.89686689656595,-3.9076667378100645,0.0,410127.1385425114,9057.87912027052,98402.16621934439,550.7642418897726,478.38641054072417
1.46875,0.40625,0.03,0.6019702469885692,53.900983917510494,-3.9078103100537667,0.0,410131.58041243436,9057.878933150854,98405.78424535893,550.769928420602,478.3888801564357
1.46875,0.46875,-0.01,0.6018258836387367,53.92441509890339,-4.533740681408157,0.0,410142.81047655275,9057.96341370843,98383.94988325976,550.7798002727629,478.3931673940781
1.46875,0.46875,0.01,0.6018258836387367,53.920234858563475,-4.533563851794772,0.0,410138.37758257106,9057.963629338225,98380.33399235936,550.7741308872918,478.3907052465458
1.46875,0.46875,0.03,0.6018258836387367,53.92441509890339,-4.533740681408157,0.0,410142.81047655275,9057.96341370843,98383.94988325976,550.7798002727629,478.3931673940781
1.46875,0.53125,-0.01,0.6016594137646584,53.97846032935135,-5.148910496712038,0.0,410156.07168988575,9058.058893720672,98358.51059094802,550.7897290572377,478.3974793180493
1.46875,0.53125,0.01,0.6016594137646584,53.97421754993331,-5.148697904305556,0.0,410151.6481096103,9058.059137824865,98354.89738835723,550.7840774723605,478.39502492324823
1.46875,0.53125,0.03,0.6016594137646584,53.97846032935135,-5.148910496712038,0.0,410156.07168988575,9058.058893720672,98358.51059094802,550.7897290572377,478.3974793180493
1.46875,0.59375,-0.01,0.6014687996711009,54.06376362734433,-5.744197362746554,0.0,410171.6902765422,9058.167039639316,98329.21916387593,550.8001982561918,478.4020258939262
1.46875,0.59375,0.01,0.6014687996711009,54.05945925728837,-5.743947096208524,0.0,410167.2758947654,9058.167310788476,98325.60928768787,550.7945645054556,478.39957926748525
1.46875,0.59375,0.03,0.6014687996711009,54.06376362734433,-5.744197362746554,0.0,410171.6902765422,9058.167039639316,98329.21916387593,550.8001982561918,478.4020258939262
1.46875,0.65625,-0.01,0.6012510595390615,54.18168801833384,-6.308921593687251,0.0,410190.73463027197,9058.291313343125,98295.84960700013,550.8126761808304,478.40744476508587
1.46875,0.65625,0.01,0.6012510595390615,54.17732270651917,-6.308632631844569,0.0,410186.3287343799,9058.291608401723,98292.24379132681,550.8070595198313,478.40500558802717
1.46875,0.65625,0.03,0.6012510595390615,54.18168801833384,-6.308921593687251,0.0,410190.73463027197,9058.291313343125,98295.84960700013,550.8126761808304,478.40744476508587
1.46875,0.71875,-0.01,0.6010013824579892,54.33604273445074,-6.830891168305547,0.0,410215.85233809444,9058.438761186511,98258.23083139786,550.8306186401586,478.4152366484148
1.46875,0.71875,0.01,0.6010013824579892,54.33161757329655,-6.830563783633413,0.0,410211.45329053374,9058.439074397915,98254.62991338017,550.8250170561549,478.41280405855935
1.46875,0.71875,0.03,0.6010013824579892,54.33604273445074,-6.830891168305547,0.0,410215.85233809444,9058.438761186511,98258.23083139786,550.8306186401586,478.4152366484148
1.46875,0.78125,-0.01,0.6007111513064451,54.536223464745724,-7.2965909821188655,0.0,410252.9609107809,9058.623743117425,98216.28642542426,550.8615107222403,478.42865187539223
1.46875,0.78125,0.01,0.6007111513064451,54.53173961501836,-7.296227063215278,0.0,410248.5658551804,9058.624065545595,98212.69133684039,550.8559205900016,478.4262243267581
1.46875,0.78125,0.03,0.6007111513064451,54.536223464745724,-7.2965909821188655,0.0,410252.9609107809,9058.623743117425,98216.28642542426,550.8615107222403,478.42865187539223
1.46875,0.84375,-0.01,0.6003634525668999,54.782644114255,-7.688992816829772,0.0,410314.54440996004,9058.877598194593,98170.28226525676,550.9223922595913,478.45508925259156
1.46875,0.84375,0.01,0.6003634525668999,54.77808585935389,-7.688594252048468,0.0,410310.14869357296,9058.877918165776,98166.69420149723,550.9168087703223,478.45266472269157
1.46875,0.84375,0.03,0.6003634525668999,54.782644114255,-7.688992816829772,0.0,410314.54440996004,9058.877598194593,98170.28226525676,550.9223922595913,478.45508925259156
1.46875,0.90625,-0.01,0.5999215769747632,54.67314895559511,-7.932403053096891,0.0,410420.1672171878,9059.295267947504,98124.34924711978,551.0702548513867,478.51929145630925
1.46875,0.90625,0.01,0.5999215769747632,54.66827840525998,-7.9319452058378195,0.0,410415.75751589116,9059.295574515929,98120.77087760846,551.0646756153899,478.51686909837025
1.46875,0.90625,0.03,0.5999215769747632,54.67314895559511,-7.932403053096891,0.0,410420.1672171878,9059.295267947504,98124.34924711978,551.0702548513867,478.51929145630925
1.46875,0.96875,-0.01,0.5993357394327582,47.85049753492529,-7.051185089777038,0.0,410525.9436962606,9060.423251818185,98139.3513670152,551.693057996638,478.7896192053072
1.46875,0.96875,0.01,0.5993357394327582,47.84397623247231,-7.050233058168804,0.0,410521.3772209633,9060.423473854577,98135.71375424897,551.6873332843791,478.7871350885748
1.46875,0.96875,0.03,0.5993357394327582,47.85049753492529,-7.051185089777038,0.0,410525.9436962606,9060.423251818185,98139.3513670152,551.693057996638,478.7896192053072
1.46875,1.03125,-0.01,0.6011009413095374,-0.1405054389193185,0.020704692886784323,0.0,410523.26847819437,9061.66277751791,98708.97433565519,553.2658468907856,479.4716098999598
1.46875,1.03125,0.01,0.6028661431863166,-47.850497534925296,7.051185089777038,0.0,410520.60892484285,9058.670564151726,98716.10364488314,551.6858682777462,478.78649937813526
1.46875,1.03125,0.03,0.6011009413095374,-0.1405054389193185,0.020704692886784323,0.0,410523.26847819437,9061.66277751791,98708.97433565519,553.2658468907856,479.4716098999598
1.53125,-0.03125,-0.01,0.6023793855457521,56.11560105445231,0.0,0.0,410178.0508977612,9057.554219910317,98456.38309166294,550.6786665187464,478.34924428901263
1.53125,-0.03125,0.01,0.6023793855457521,56.11560105445231,0.21135092016985607,0.0,410178.05089776125,9057.554179351988,98456.37770995645,550.6786364181997,478.34923121553186
1.53125,-0.03125,0.03,0.6023793855457521,56.11560105445231,0.0,0.0,410178.0508977612,9057.554219910317,98456.38309166294,550.6786665187464,478.34924428901263
1.53125,0.03125,-0.01,0.6023793855457521,56.11560105445231,-0.21135092016985607,0.0,410178.0508977612,9057.554179351988,98456.37770995643,550.6786364181996,478.34923121553186
1.53125,0.03125,0.01,0.6023793855457521,56.11167787271933,-0.21161525357304828,0.0,410173.48080066853,9057.554226322662,98452.69358168941,550.6727738723919,478.3466849466569
1.53125,0.03125,0.03,0.6023793855457521,56.11560105445231,-0.21135092016985607,0.0,410178.0508977612,9057.554179351988,98456.37770995643,550.6786364181996,478.34923121553186
1.53125,0.09375,-0.01,0.6023423390537586,55.972476464970406,-0.6399897074868913,0.0,410175.6294331211,9057.582432401765,98451.5742638816,550.685937437867,478.3524022351957
1.53125,0.09375,0.01,0.6023423390537586,55.96848309004763,-0.6399666255986547,0.0,410171.149755774,9057.582488242295,98447.96656996042,550.6802013846799,478.3499109222894
1.53125,0.09375,0.03,0.6023423390537586,55.972476464970406,-0.6399897074868913,0.0,410175.6294331211,9057.582432401765,98451.5742638816,550.685937437867,478.3524022351957
1.53125,0.15625,-0.01,0.6022908316062582,55.862449687161956,-1.0832800061134369,0.0,410175.72730027244,9057.6184672769,98444.57011521884,550.6938462398398,478.3558372065488
1.53125,0.15625,0.01,0.6022908316062582,55.85838295261669,-1.0832408077622202,0.0,410171.24886574654,9057.618534651674,98440.96305996043,550.6881168293559,478.35334879661286
1.53125,0.15625,0.03,0.6022908316062582,55.862449687161956,-1.0832800061134369,0.0,410175.72730027244,9057.6184672769,98444.57011521884,550.6938462398398,478.3558372065488
1.53125,0.21875,-0.01,0.6022260892199375,55.77293054842173,-1.5376612977846436,0.0,410176.96835875337,9057.660616065974,98435.3481280164,550.7014504941244,478.3591398827021
1.53125,0.21875,0.01,0.6022260892199375,55.76879279658343,-1.537603616500634,0.0,410172.49227929645,9057.660697287372,98431.74192485226,550.6957291669291,478.3566550006829
1.53125,0.21875,0.03,0.6022260892199375,55.77293054842173,-1.5376612977846436,0.0,410176.96835875337,9057.660616065974,98435.3481280164,550.7014504941244,478.3591398827021
1.53125,0.28125,-0.01,0.6021473868683997,55.70124211009056,-1.9988661176267453,0.0,410179.25175568834,9057.709324161855,98423.80101430113,550.7088137958311,478.36233788671507
1.53125,0.28125,0.01,0.6021473868683997,55.697035777138474,-1.9987881763725803,0.0,410174.7791822951,9057.709421377498,98420.19596048314,550.7031020323827,478.3598571750098
1.53125,0.28125,0.03,0.6021473868683997,55.70124211009056,-1.9988661176267453,0.0,410179.25175568834,9057.709324161855,98423.80101430113,550.7088137958311,478.36233788671507
1.53125,0.34375,-0.01,0.6020538323130641,55.647425459842026,-2.462188147357618,0.0,410182.70227964944,9057.765267469054,98409.81379712031,550.7161093184077,478.36550643204276
1.53125,0.34375,0.01,0.6020538323130641,55.64315270165537,-2.4620884497481117,0.0,410178.23430491355,9057.765382747519,98406.21019032845,550.7104085496716,478.363030511932
1.53125,0.34375,0.03,0.6020538323130641,55.647425459842026,-2.462188147357618,0.0,410182.70227964944,9057.765267469054,98409.81379712031,550.7161093184077,478.36550643204276
1.53125,0.40625,-0.01,0.6019444187048427,55.611719756593736,-2.922418516415401,0.0,410187.5554336625,9057.829377053991,98393.27890959065,550.7236569831898,478.36878446409423
1.53125,0.40625,0.01,0.6019444187048427,55.60738251056561,-2.9222957990960943,0.0,410183.0930828793,9057.829512212364,98389.67709513626,550.7179685736824,478.36631392870515
1.53125,0.40625,0.03,0.6019444187048427,55.611719756593736,-2.922418516415401,0.0,410187.5554336625,9057.829377053991,98393.27890959065,550.7236569831898,478.36878446409423
1.53125,0.46875,-0.01,0.6018180565923885,55.5939554898025,-3.373768760009566,0.0,410194.12304180115,9057.90282477605,98374.10159115987,550.7319244480822,478.3723750873027
1.53125,0.46875,0.01,0.6018180565923885,55.589555457520795,-3.3736221144117113,0.0,410189.6671601664,9057.902981094187,98370.50195999378,550.726249540564,478.36991043448285
1.53125,0.46875,0.03,0.6018180565923885,55.5939554898025,-3.373768760009566,0.0,410194.12304180115,9057.90282477605,98374.10159115987,550.7319244480822,478.3723750873027
1.53125,0.53125,-0.01,0.601673500199217,55.59332399925333,-3.809820733025431,0.0,410202.8603259131,9057.987206965554,98352.20726521594,550.7416362833708,478.3765929771922
1.53125,0.53125,0.01,0.601673500199217,55.58886272923666,-3.80964971453442,0.0,410198.41145333473,9057.98738481048,98348.6102657688,550.73597561738,478.37413453126175
1.53125,0.53125,0.03,0.601673500199217,55.59332399925333,-3.809820733025431,0.0,410202.8603259131,9057.987206965554,98352.20726521594,550.7416362833708,478.3765929771922
1.53125,0.59375,-0.01,0.601509214748647,55.60891255727648,-4.223485271499939,0.0,410214.58486247796,9058.084955169339,98327.56551739665,550.7540301491335,478.38197562990183
1.53125,0.59375,0.01,0.601509214748647,55.60439224394432,-4.223290039368023,0.0,410210.1431483346,9058.08515369571,98323.97164458781,550.7483838821388,478.3795234651106
1.53125,0.59375,0.03,0.601509214748647,55.60891255727648,-4.223485271499939,0.0,410214.58486247796,9058.084955169339,98327.56551739665,550.7540301491335,478.38197562990183
1.53125,0.65625,-0.01,0.6013227649025923,55.640548846387276,-4.607011035875404,0.0,410230.9430463556,9058.200400202215,98300.19090772023,550.7714224165088,478.3895289850184
1.53125,0.65625,0.01,0.6013227649025923,55.635971876891304,-4.606792518494129,0.0,410226.5081787034,9058.200617310818,98296.60068370133,550.765790062946,478.38708290144643
1.53125,0.65625,0.03,0.6013227649025923,55.640548846387276,-4.607011035875404,0.0,410230.9430463556,9058.200400202215,98300.19090772023,550.7714224165088,478.3895289850184
1.53125,0.71875,-0.01,0.6011097244175735,55.690484268235416,-4.952113017656292,0.0,410255.33232190204,9058.341812975214,98270.16309785488,550.798322899214,478.40121146489736
1.53125,0.71875,0.01,0.6011097244175735,55.68585384455949,-4.951873144587881,0.0,410250.9033953265,9058.34204493599,98266.57707449731,550.7927031163174,478.39877090027335
1.53125,0.71875,0.03,0.6011097244175735,55.690484268235416,-4.952113017656292,0.0,410255.33232190204,9058.341812975214,98270.16309785488,550.798322899214,478.40121146489736
1.53125,0.78125,-0.01,0.6008614944313773,55.76646721570611,-5.250207597256813,0.0,410294.66150179115,9058.525360711581,98237.6500373338,550.8435710633742,478.42086142668705
1.53125,0.78125,0.01,0.6008614944313773,55.76178701592382,-5.2499494399349285,0.0,410290.2367820005,9058.525601808982,98234.06877506289,550.837961390613,478.4184253527737
1.53125,0.78125,0.03,0.6008614944313773,55.76646721570611,-5.250207597256813,0.0,410294.66150179115,9058.525360711581,98237.6500373338,550.8435710633742,478.42086142668705
1.53125,0.84375,-0.01,0.6005595024864815,55.86631251206385,-5.491258959452181,0.0,410362.8093408074,9058.78581710226,98202.9946286782,550.9261589507811,478.4567248636271
1.53125,0.84375,0.01,0.6005595024864815,55.86156922376392,-5.490985731367425,0.0,410358.3858947758,9058.786061027482,98199.41876772126,550.9205565694797,478.454292138497
1.53125,0.84375,0.03,0.6005595024864815,55.86631251206385,-5.491258959452181,0.0,410362.8093408074,9058.78581710226,98202.9946286782,550.9261589507811,478.4567248636271
1.53125,0.90625,-0.01,0.6001487048966446,55.567965041960605,-5.62868266678835,0.0,410482.91275533504,9059.235663271133,98168.45783884531,551.1093967002708,478.5362854757166
1.53125,0.90625,0.01,0.6001487048966446,55.562916761597705,-5.628380359753095,0.0,410478.4809332029,9059.235912686132,98164.88876223013,551.1038042330696,478.5338574593495
1.53125,0.90625,0.03,0.6001487048966446,55.567965041960605,-5.62868266678835,0.0,410482.91275533504,9059.235663271133,98168.45783884531,551.1093967002708,478.5362854757166
1.53125,0.96875,-0.01,0.5994486536327499,48.110187171732036,-4.977119019796545,0.0,410615.93080641923,9060.53047772476,98179.41515884902,551.814352957818,478.84224953635044
1.53125,0.96875,0.01,0.5994486536327499,48.10345929807818,-4.97640240277035,0.0,410611.35493836243,9060.530680190715,98175.78255593356,551.8086270211647,478.83976516141007
1.53125,0.96875,0.03,0.5994486536327499,48.110187171732036,-4.977119019796545,0.0,410615.93080641923,9060.53047772476,98179.41515884902,551.814352957818,478.84224953635044
1.53125,1.0312499999999998,-0.01,0.601090229220786,-0.1313772888416407,0.013591308650056975,0.0,410613.87570299173,9061.831828704673,98728.99823182652,553.387960890342,479.52452023765676
1.53125,1.0312499999999998,0.01,0.602731804808822,-48.110187171731695,4.977119019796509,0.0,410611.83179297886,9058.9020673347,98716.10364488313,551.8088286809442,478.8398526579695
1.53125,1.0312499999999998,0.03,0.601090229220786,-0.1313772888416407,0.013591308650056975,0.0,410613.87570299173,9061.831828704673,98728.99823182652,553.387960890342,479.52452023765676
1.59375,-0.03125,-0.01,0.602359604056124,57.61186412705259,2.303842733250569e-17,0.0,410254.8040240155,9057.548876336763,98451.13064728079,550.6674401346609,478.3443683422585
1.59375,-0.03125,0.01,0.602359604056124,57.61186412705259,0.15039825098547646,0.0,410254.8040240155,9057.548855798384,98451.12792217743,550.66742489232,478.34436172203056
1.59375,-0.03125,0.03,0.602359604056124,57.61186412705259,2.303842733250569e-17,0.0,410254.8040240155,9057.548876336763,98451.13064728079,550.6674401346609,478.3443683422585
1.59375,0.03125,-0.01,0.602359604056124,57.6118641270526,-0.15039825098547646,0.0,410254.8040240156,9057.548855798384,98451.12792217745,550.6674248923201,478.34436172203067
1.59375,0.03125,0.01,0.602359604056124,57.60772696371713,-0.15066442459296867,0.0,410250.23018997704,9057.548892320841,98447.45958897404,550.6615818559695,478.34182390085067
1.59375,0.03125,0.03,0.602359604056124,57.6118641270526,-0.15039825098547646,0.0,410254.8040240156,9057.548855798384,98451.12792217745,550.6674248923201,478.34436172203067
1.59375,0.09375,-0.01,0.6023267357540871,57.48508274444744,-0.45600032544785607,0.0,410252.71673530823,9057.574505009386,98446.93448261447,550.6743199435198,478.3473564502383
1.59375,0.09375,0.01,0.6023267357540871,57.480874688729756,-0.45598062676664664,0.0,410248.2323377132,9057.574547693668,98443.34276089375,550.6686022925288,478.34487310369656
1.59375,0.09375,0.03,0.6023267357540871,57.48508274444744,-0.45600032544785607,0.0,410252.71673530823,9057.574505009386,98446.93448261447,550.6743199435198,478.3473564502383
1.59375,0.15625,-0.01,0.6022814392972413,57.38505824478264,-0.7735614374774927,0.0,410252.5919990188,9057.606675828636,98440.83850304596,550.6816311933845,478.3505319255694
1.59375,0.15625,0.01,0.6022814392972413,57.380776684287206,-0.7735287580676653,0.0,410248.1073410172,9057.606726576338,98437.247372549,550.67591833046,478.3480506751049
1.59375,0.15625,0.03,0.6022814392972413,57.38505824478264,-0.7735614374774927,0.0,410252.5919990188,9057.606675828636,98440.83850304596,550.6816311933845,478.3505319255694
1.59375,0.21875,-0.01,0.6022249795945223,57.297405780025905,-1.099627711192963,0.0,410253.07797143393,9057.643953323288,98432.86517955395,550.6886482834525,478.3535796194486
1.59375,0.21875,0.01,0.6022249795945223,57.29305324110344,-1.0995805054513543,0.0,410248.5939859809,9057.644013804753,98429.2748590725,550.6829413375914,478.3511009547234
1.59375,0.21875,0.03,0.6022249795945223,57.297405780025905,-1.099627711192963,0.0,410253.07797143393,9057.643953323288,98432.86517955395,550.6886482834525,478.3535796194486
1.59375,0.28125,-0.01,0.6021568912732378,57.21899030304606,-1.4302668027819023,0.0,410254.1334710917,9057.68682059117,98422.9717651946,550.6955582397277,478.35658076352587
1.59375,0.28125,0.01,0.6021568912732378,57.2145694780666,-1.4302041994349681,0.0,410249.6511742548,9057.686892436222,98419.38254335769,550.6898584258064,478.3541052119142
1.59375,0.28125,0.03,0.6021568912732378,57.21899030304606,-1.4302668027819023,0.0,410254.1334710917,9057.68682059117,98422.9717651946,550.6955582397277,478.35658076352587
1.59375,0.34375,-0.01,0.6020765840653692,57.149389384799264,-1.761337497385443,0.0,410255.9742960441,9057.736015201956,98411.12069889026,550.7026910884454,478.3596786948821
1.59375,0.34375,0.01,0.6020765840653692,57.144902823910904,-1.761258974089017,0.0,410251.49463934515,9057.736099970763,98407.53284387769,550.6969995463356,478.35720675191396
1.59375,0.34375,0.03,0.6020765840653692,57.149389384799264,-1.761337497385443,0.0,410255.9742960441,9057.736015201956,98411.12069889026,550.7026910884454,478.3596786948821
1.59375,0.40625,-0.01,0.6019833788574683,57.088314147804375,-2.0884785180445626,0.0,410258.95050555497,9057.792559182515,98397.29165608223,550.7105550244953,478.3630941280674
1.59375,0.40625,0.01,0.6019833788574683,57.083764338347,-2.088383820090745,0.0,410254.47441679455,9057.792658324113,98393.70546024894,550.7048728676367,478.3606262789199
1.59375,0.40625,0.03,0.6019833788574683,57.088314147804375,-2.0884785180445626,0.0,410258.95050555497,9057.792559182515,98397.29165608223,550.7105550244953,478.3630941280674
1.59375,0.46875,-0.01,0.6018764748249205,57.035050398347764,-2.4070884507692853,0.0,410263.5522436006,9057.857844431217,98381.48532602724,550.7198877617581,478.3671474534656
1.59375,0.46875,0.01,0.6018764748249205,57.03043978645426,-2.4069776673486607,0.0,410259.0805411369,9057.857959069514,98377.90110165735,550.7142159558936,478.3646841208001
1.59375,0.46875,0.03,0.6018764748249205,57.035050398347764,-2.4070884507692853,0.0,410263.5522436006,9057.857844431217,98381.48532602724,550.7198877617581,478.3671474534656
1.59375,0.53125,-0.01,0.6017548444348563,56.988281854243475,-2.712330334897332,0.0,410270.4893692509,9057.933847529574,98363.72777173789,550.7317774487582,478.3723112446079
1.59375,0.53125,0.01,0.6017548444348563,56.98361285482282,-2.7122039666458493,0.0,410266.02266347397,9057.933978202958,98360.14585168925,550.7261166729128,478.3698527289619
1.59375,0.53125,0.03,0.6017548444348563,56.988281854243475,-2.712330334897332,0.0,410270.4893692509,9057.933847529574,98363.72777173789,550.7317774487582,478.3723112446079
1.59375,0.59375,-0.01,0.6016170475145807,56.94651532767713,-2.999137562529519,0.0,410280.9113137959,9058.02357638928,98344.08694327789,550.7479260064065,478.37932460985604
1.59375,0.59375,0.01,0.6016170475145807,56.9417910948543,-2.9989965732647534,0.0,410276.4499324411,9058.023722748741,98340.50768159932,550.7422764901249,478.3768710203041
1.59375,0.59375,0.03,0.6016170475145807,56.94651532767713,-2.999137562529519,0.0,410280.9113137959,9058.02357638928,98344.08694327789,550.7479260064065,478.37932460985604
1.59375,0.65625,-0.01,0.6014606725290157,56.90906591570089,-3.2622436211775936,0.0,410296.8521592496,9058.132051354356,98322.67463983379,550.7711727100117,478.3894205398611
1.59375,0.65625,0.01,0.6014606725290157,56.904290121263486,-3.262089506179811,0.0,410292.39605987753,9058.132212084027,98319.09838273065,550.7655341358515,478.3869717541741
1.59375,0.65625,0.03,0.6014606725290157,56.90906591570089,-3.2622436211775936,0.0,410296.8521592496,9058.132051354356,98322.67463983379,550.7711727100117,478.3894205398611
1.59375,0.71875,-0.01,0.6012811806504553,56.877736341370465,-3.496280707746926,0.0,410322.1489684016,9058.268368146613,98299.6547388422,550.8066017969657,478.404806809751
1.59375,0.71875,0.01,0.6012811806504553,56.87291361917772,-3.4961156099844524,0.0,410317.69774163776,9058.268540969397,98296.0818256559,550.8009732852981,478.4023624727485
1.59375,0.71875,0.03,0.6012811806504553,56.877736341370465,-3.496280707746926,0.0,410322.1489684016,9058.268368146613,98299.6547388422,550.8066017969657,478.404806809751
1.59375,0.78125,-0.01,0.6010695527479101,56.859840063570836,-3.6959500674181487,0.0,410364.2614422553,9058.449848293987,98275.25323607247,550.8637610684331,478.42962909831925
1.59375,0.78125,0.01,0.6010695527479101,56.854975715702324,-3.6957768310874988,0.0,410359.8142465096,9058.450030060449,98271.68397724855,550.8581411475745,478.42718861874914
1.59375,0.78125,0.03,0.6010695527479101,56.859840063570836,-3.6959500674181487,0.0,410364.2614422553,9058.449848293987,98275.25323607247,550.8637610684331,478.42962909831925
1.59375,0.84375,-0.01,0.6008054803940148,56.85322410933463,-3.855589960452024,0.0,410437.9188832626,9058.713566009958,98249.72329676198,550.9627244615605,478.4726024217767
1.59375,0.84375,0.01,0.6008054803940148,56.8483068998429,-3.855411687202873,0.0,410433.47437243495,9058.71375507205,98246.15797885279,550.9571122292541,478.47016549989786
1.59375,0.84375,0.03,0.6008054803940148,56.85322410933463,-3.855589960452024,0.0,410437.9188832626,9058.713566009958,98249.72329676198,550.9627244615605,478.4726024217767
1.59375,0.90625,-0.01,0.6004184627157194,56.43517142952573,-3.949777877327613,0.0,410569.3006363513,9059.185534548253,98223.58754417046,551.1712075155945,478.5631203372025
1.59375,0.90625,0.01,0.6004184627157194,56.42995972953589,-3.949587616342649,0.0,410564.85315447726,9059.185746784651,98220.02662767375,551.1656109916024,478.56069069578905
1.59375,0.90625,0.03,0.6004184627157194,56.43517142952573,-3.949777877327613,0.0,410569.3006363513,9059.185534548253,98223.58754417046,551.1712075155945,478.5631203372025
1.59375,0.96875,-0.01,0.599607991728881,48.53607017648599,-3.516488831503713,0.0,410725.7494836196,9060.624548797365,98228.3994518187,551.9429805696496,478.89805521248553
1.59375,0.96875,0.01,0.599607991728881,48.529144681656234,-3.515935544437351,0.0,410721.17285865237,9060.624758610576,98224.77189615622,551.9372682149722,478.8955770193386
1.59375,0.96875,0.03,0.599607991728881,48.53607017648599,-3.516488831503713,0.0,410725.7494836196,9060.624548797365,98228.3994518187,551.9429805696496,478.89805521248553
1.59375,1.03125,-0.01,0.6010986292498095,-0.12035254000473018,0.00871966686282679,0.0,410724.39542105864,9062.027373738238,98756.95153971053,553.5369112408023,479.58905049925625
1.59375,1.03125,0.01,0.6025892667707381,-48.53607017648599,3.5164888315037133,0.0,410723.04805709404,9059.147730230188,98716.10364488313,551.9393398330923,478.89647575175
1.59375,1.03125,0.03,0.6010986292498095,-0.12035254000473018,0.00871966686282679,0.0,410724.39542105864,9062.027373738238,98756.95153971053,553.5369112408023,479.58905049925625
1.65625,-0.03125,-0.01,0.6024115787558453,58.88760460557669,-5.759110601704373e-18,0.0,410339.87996541226,9057.542851439443,98462.2075567688,550.6819474087881,478.35066926607266
1.65625,-0.03125,0.01,0.6024115787558453,58.88760460557668,0.10053424678160103,0.0,410339.8799654123,9057.542842262515,98462.20633900548,550.6819405980505,478.3506663079941
1.65625,-0.03125,0.03,0.6024115787558453,58.88760460557669,-5.759110601704373e-18,0.0,410339.87996541226,9057.542851439443,98462.2075567688,550.6819474087881,478.35066926607266
1.65625,0.03125,-0.01,0.6024115787558453,58.88760460557669,-0.10053424678160103,0.0,410339.8799654123,9057.542842262515,98462.2063390055,550.6819405980505,478.3506663079941
1.65625,0.03125,0.01,0.6024115787558453,58.883258756888026,-0.10080195287760782,0.0,410335.3046495575,9057.542872440908,98458.5533700572,550.6761192562335,478.3481379428064
1.65625,0.03125,0.03,0.6024115787558453,58.88760460557669,-0.10053424678160103,0.0,410339.8799654123,9057.542842262515,98462.2063390055,550.6819405980505,478.3506663079941
1.65625,0.09375,-0.01,0.6023823758306951,58.77860752297603,-0.305796693691883,0.0,410338.63130018266,9057.56669550393,98458.61327538727,550.6888439261504,478.35366459158024
1.65625,0.09375,0.01,0.6023823758306951,58.7741903869303,-0.305781471431412,0.0,410334.14456539036,9057.56673006062,98455.03689718367,550.6831470167339,478.35119028637655
1.65625,0.09375,0.03,0.6023823758306951,58.77860752297603,-0.305796693691883,0.0,410338.63130018266,9057.56669550393,98458.61327538727,550.6888439261504,478.35366459158024
1.65625,0.15625,-0.01,0.6023428892006483,58.69058889185935,-0.5217373633159186,0.0,410339.072766548,9057.59617777116,98453.490007905,550.6962857808263,478.3568967493298
1.65625,0.15625,0.01,0.6023428892006483,58.68609846710745,-0.5217126913938154,0.0,410334.5846974504,9057.596218079765,98449.91413688313,550.6905923567906,478.3544239746233
1.65625,0.15625,0.03,0.6023428892006483,58.69058889185935,-0.5217373633159186,0.0,410339.072766548,9057.59617777116,98453.490007905,550.6962857808263,478.3568967493298
1.65625,0.21875,-0.01,0.6022943519594108,58.607731294372336,-0.745415497172189,0.0,410339.8391124866,9057.630052637413,98446.87814361145,550.7036768283263,478.3601068188129
1.65625,0.21875,0.01,0.6022943519594108,58.603170414275745,-0.7453803021527348,0.0,410335.35049327754,9057.630099880855,98443.30297560277,550.69798774404,478.3576359455376
1.65625,0.21875,0.03,0.6022943519594108,58.607731294372336,-0.745415497172189,0.0,410339.8391124866,9057.630052637413,98446.87814361145,550.7036768283263,478.3601068188129
1.65625,0.28125,-0.01,0.6022364460480788,58.52671048436959,-0.9735746490911222,0.0,410340.9153572005,9057.668802815599,98438.76868037708,550.7112581042333,478.3633994856536
1.65625,0.28125,0.01,0.6022364460480788,58.522082181581276,-0.9735285411371573,0.0,410336.4270708111,9057.668858189993,98435.1944707334,550.7055743132977,478.36093092837496
1.65625,0.28125,0.03,0.6022364460480788,58.52671048436959,-0.9735746490911222,0.0,410340.9153572005,9057.668802815599,98438.76868037708,550.7112581042333,478.3633994856536
1.65625,0.34375,-0.01,0.6021687264474116,58.446961116375874,-1.2028883562183352,0.0,410342.5715971657,9057.713201868297,98429.16217615067,550.7194400203467,478.3669529945129
1.65625,0.34375,0.01,0.6021687264474116,58.442268366590994,-1.2028312857340329,0.0,410338.0844644607,9057.713266527691,98425.58914571152,550.7137623948696,478.3644871333116
1.65625,0.34375,0.03,0.6021687264474116,58.446961116375874,-1.2028883562183352,0.0,410342.5715971657,9057.713201868297,98429.16217615067,550.7194400203467,478.3669529945129
1.65625,0.40625,-0.01,0.6020906618800557,58.3680411855981,-1.429972429488678,0.0,410345.21935947944,9057.764315312705,98418.07804475314,550.7288178342088,478.371025864308
1.65625,0.40625,0.01,0.6020906618800557,58.36328699153182,-1.4299045764741478,0.0,410340.73419424146,9057.764390366747,98414.50642341719,550.7231472324319,478.3685630745608
1.65625,0.40625,0.03,0.6020906618800557,58.3680411855981,-1.429972429488678,0.0,410345.21935947944,9057.764315312705,98418.07804475314,550.7288178342088,478.371025864308
1.65625,0.46875,-0.01,0.6020015518795954,58.28910916672023,-1.6513852097511235,0.0,410349.4450719114,9057.8236577691,98405.556406374,550.7402579671575,478.37599437107343
1.65625,0.46875,0.01,0.6020015518795954,58.284296591804086,-1.6513070249293875,0.0,410344.96262891457,9057.82374415645,98401.98642851206,550.7345951575047,478.37353499106365
1.65625,0.46875,0.03,0.6020015518795954,58.28910916672023,-1.6513852097511235,0.0,410349.4450719114,9057.8236577691,98405.556406374,550.7402579671575,478.37599437107343
1.65625,0.53125,-0.01,0.6019003906476154,58.20878724691555,-1.8636447441373323,0.0,410356.1028386509,9057.893442593635,98391.65995332133,550.7550334183373,478.38241134680896
1.65625,0.53125,0.01,0.6019003906476154,58.20391940294474,-1.8635569852531026,0.0,410351.62373888824,9057.893540902423,98388.09185390755,550.7493789752524,478.3799556333823
1.65625,0.53125,0.03,0.6019003906476154,58.20878724691555,-1.8636447441373323,0.0,410356.1028386509,9057.893442593635,98391.65995332133,550.7550334183373,478.38241134680896
1.65625,0.59375,-0.01,0.6017856337369949,58.12550027083064,-2.063242606285731,0.0,410366.5350461245,9057.977060963469,98376.48393475814,550.77509389519,478.39112347046046
1.65625,0.59375,0.01,0.6017856337369949,58.12058094121532,-2.0631463401656194,0.0,410362.05973190384,9057.977171211021,98372.91795576346,550.7694480876295,478.3886715520882
1.65625,0.59375,0.03,0.6017856337369949,58.12550027083064,-2.063242606285731,0.0,410366.5350461245,9057.977060963469,98376.48393475814,550.77509389519,478.39112347046046
1.65625,0.65625,-0.01,0.6016546632403608,58.03849921446081,-2.2466570485288226,0.0,410383.01045131823,9058.080032258924,98360.15956545851,550.8035755011291,478.403492558561
1.65625,0.65625,0.01,0.6016546632403608,58.0335328810038,-2.2465536614519146,0.0,410378.5391007805,9058.080153779247,98356.59592917506,550.7979381802941,478.40104438919843
1.65625,0.65625,0.03,0.6016546632403608,58.03849921446081,-2.2466570485288226,0.0,410383.01045131823,9058.080032258924,98360.15956545851,550.8035755011291,478.403492558561
1.65625,0.71875,-0.01,0.6015026491246938,57.94955332597422,-2.41039845853502,0.0,410409.6042315456,9058.211984982701,98342.85551557178,550.845854253155,478.4218529282196
1.65625,0.71875,0.01,0.6015026491246938,57.94454547336049,-2.41028970782002,0.0,410405.13680421014,9058.2121165719,98339.29442329859,550.8402249068936,478.41940831587556
1.65625,0.71875,0.03,0.6015026491246938,57.94955332597422,-2.41039845853502,0.0,410409.6042315456,9058.211984982701,98342.85551557178,550.845854253155,478.4218529282196
1.65625,0.78125,-0.01,0.6013201542124462,57.865941896056654,-2.551105495418603,0.0,410454.01282820053,9058.390818767819,98324.78026368801,550.9117589525837,478.4504719194847
1.65625,0.78125,0.01,0.6013201542124462,57.86089878878438,-2.5509935355952327,0.0,410449.5491665492,9058.390959185877,98321.22187657516,550.9061368978662,478.4480306196289
1.65625,0.78125,0.03,0.6013201542124462,57.865941896056654,-2.551105495418603,0.0,410454.01282820053,9058.390818767819,98324.78026368801,550.9117589525837,478.4504719194847
1.65625,0.84375,-0.01,0.6010857899479799,57.786957812123525,-2.6655947501665223,0.0,410531.30204531143,9058.654547450107,98306.06758524339,551.0216753383223,478.4981990943955
1.65625,0.84375,0.01,0.6010857899479799,57.781870218283366,-2.6654821248643543,0.0,410526.8421360536,9058.65469870733,98302.51198366207,551.0160612878884,478.49576151345735
1.65625,0.84375,0.03,0.6010857899479799,57.786957812123525,-2.6655947501665223,0.0,410531.30204531143,9058.654547450107,98306.06758524339,551.0216753383223,478.4981990943955
1.65625,0.90625,-0.01,0.6007183528153041,57.30583177008531,-2.7430329104875866,0.0,410669.65819724335,9059.136922438356,98285.82528371706,551.2451710310493,478.59522925622815
1.65625,0.90625,0.01,0.6007183528153041,57.3004631433174,-2.7429174815434827,0.0,410665.20028165437,9059.137112177314,98282.27226730717,551.2395780933688,478.5928013346592
1.65625,0.90625,0.03,0.6007183528153041,57.30583177008531,-2.7430329104875866,0.0,410669.65819724335,9059.136922438356,98285.82528371706,551.2451710310493,478.59522925622815
1.65625,0.96875,-0.01,0.5998096261229671,49.15256868809749,-2.4898463038562384,0.0,410844.0662528379,9060.69014193793,98283.33111314852,552.06600954341,478.95142581004785
1.65625,0.96875,0.01,0.5998096261229671,49.145450366696856,-2.4894012262615837,0.0,410839.4956514757,9060.69037892845,98279.70922109685,552.0603227040029,478.94895896114787
1.65625,0.96875,0.03,0.5998096261229671,49.15256868809749,-2.4898463038562384,0.0,410844.0662528379,9060.69014193793,98283.33111314852,552.06600954341,478.95142581004785
1.65625,1.03125,-0.01,0.6011314930776818,-0.10807667961301967,0.005474674639591849,0.0,410843.253783637,9062.225841209729,98790.93271098261,553.6970996339171,479.6584397671798
1.65625,1.03125,0.01,0.6024533600323965,-49.152568688097496,2.4898463038562384,0.0,410842.44487951195,9059.38199508949,98716.10364488313,552.0638244041568,478.95047793734915
1.65625,1.03125,0.03,0.6011314930776818,-0.10807667961301967,0.005474674639591849,0.0,410843.253783637,9062.225841209729,98790.93271098261,553.6970996339171,479.6584397671798
1.71875,-0.03125,-0.01,0.602533284444148,59.98300363189684,0.0,0.0,410434.31139236834,9057.536181255196,98489.15671473605,550.7214703908573,478.36783480582073
1.71875,-0.03125,0.01,0.6025332844441479,59.98300363189684,0.06217782116766933,0.0,410434.31139236834,9057.536177745182,98489.1562488352,550.7214677856812,478.3678336743664
1.71875,-0.03125,0.03,0.602533284444148,59.98300363189684,0.0,0.0,410434.31139236834,9057.536181255196,98489.15671473605,550.7214703908573,478.36783480582073
1.71875,0.03125,-0.01,0.602533284444148,59.98300363189684,-0.06217782116766933,0.0,410434.31139236834,9057.536177745182,98489.1562488352,550.7214677856812,478.3678336743664
1.71875,0.03125,0.01,0.602533284444148,59.97845552975146,-0.06244655468154351,0.0,410429.7358052628,9057.536204340562,98485.51775890656,550.7156688566164,478.36531513405237
1.71875,0.03125,0.03,0.602533284444148,59.98300363189684,-0.06217782116766933,0.0,410434.31139236834,9057.536177745182,98489.1562488352,550.7214677856812,478.3678336743664
1.71875,0.09375,-0.01,0.6025072840296888,59.892469272462954,-0.1903099505817634,0.0,410434.16244895244,9057.558702322438,98486.120057267,550.7285584935811,478.3709132307825
1.71875,0.09375,0.01,0.6025072840296888,59.88784965519081,-0.19029889301854544,0.0,410429.674708092,9057.558732171357,98482.55802708377,550.7228831982428,478.3684484019968
1.71875,0.09375,0.03,0.6025072840296888,59.892469272462954,-0.1903099505817634,0.0,410434.16244895244,9057.558702322438,98486.120057267,550.7285584935811,478.3709132307825
1.71875,0.15625,-0.01,0.6024729230926577,59.81821241316794,-0.32840345522470177,0.0,410435.5904887936,9057.586227037962,98481.91028762651,550.7364249275274,478.374329668604
1.71875,0.15625,0.01,0.6024729230926577,59.81351984451514,-0.3283860342793717,0.0,410431.10065484716,9057.586261166676,98478.34866910113,550.7307522345798,478.3718659876567
1.71875,0.15625,0.03,0.6024729230926577,59.81821241316794,-0.32840345522470177,0.0,410435.5904887936,9057.586227037962,98481.91028762651,550.7364249275274,478.374329668604
1.71875,0.21875,-0.01,0.6024313576509341,59.74325947640077,-0.47415115040811767,0.0,410437.1924972692,9057.617642228923,98476.56781679452,550.7445438829919,478.37785575239667
1.71875,0.21875,0.01,0.6024313576509341,59.73849710816267,-0.4741265261463057,0.0,410432.70123799896,9057.617681466412,98473.00677183033,550.7388744227042,478.3753934935638
1.71875,0.21875,0.03,0.6024313576509341,59.74325947640077,-0.47415115040811767,0.0,410437.1924972692,9057.617642228923,98476.56781679452,550.7445438829919,478.37785575239667
1.71875,0.28125,-0.01,0.6023823247325313,59.66424567858352,-0.6250322421428166,0.0,410438.9615427118,9057.6534267362,98470.09580184436,550.7531739944241,478.38160380407925
1.71875,0.28125,0.01,0.6023823247325313,59.65941686142482,-0.6250002285634112,0.0,410434.4696243336,9057.65347193602,98466.53554552021,550.7475084926792,478.3791432837328
1.71875,0.28125,0.03,0.6023823247325313,59.66424567858352,-0.6250322421428166,0.0,410438.9615427118,9057.6534267362,98470.09580184436,550.7531739944241,478.38160380407925
1.71875,0.34375,-0.01,0.6023254280337723,59.58062860652322,-0.7785220412059973,0.0,410441.1902355248,9057.694364187058,98462.50737794534,550.7627513944287,478.38576322818494
1.71875,0.34375,0.01,0.6023254280337723,59.575736678199924,-0.7784827510039356,0.0,410436.69837068784,9057.694416196098,98458.94808291383,550.7570905021777,478.38330473111716
1.71875,0.34375,0.03,0.6023254280337723,59.58062860652322,-0.7785220412059973,0.0,410441.1902355248,9057.694364187058,98462.50737794534,550.7627513944287,478.38576322818494
1.71875,0.40625,-0.01,0.6022601719952217,59.49199702071454,-0.9321109932670897,0.0,410444.315851257,9057.741538163655,98453.83265127226,550.7738983572084,478.3906042611908
1.71875,0.40625,0.01,0.6022601719952217,59.487045389633906,-0.9320647080481735,0.0,410439.8247519923,9057.74159781614,98450.27449116847,550.768242715752,478.38814806937813
1.71875,0.40625,0.03,0.6022601719952217,59.49199702071454,-0.9321109932670897,0.0,410444.315851257,9057.741538163655,98453.83265127226,550.7738983572084,478.3906042611908
1.71875,0.46875,-0.01,0.6021858557480907,59.39757063381655,-1.0833087026642398,0.0,410448.965106342,9057.79651973611,98444.1193120299,550.7875237585844,478.3965215928801
1.71875,0.46875,0.01,0.6021858557480907,59.392562811542085,-1.0832558930591536,0.0,410444.4754594014,9057.7965877967,98440.56245740007,550.7818739610174,478.3940679693697
1.71875,0.46875,0.03,0.6021858557480907,59.39757063381655,-1.0833087026642398,0.0,410448.965106342,9057.79651973611,98444.1193120299,550.7875237585844,478.3965215928801
1.71875,0.53125,-0.01,0.6021014108968934,59.296087972738654,-1.2296579519072828,0.0,410456.0598209485,9057.861650878012,98433.43303635452,550.804974079749,478.4040999297741
1.71875,0.53125,0.01,0.6021014108968934,59.291027565282405,-1.2295992949663783,0.0,410451.5722383927,9057.861727931733,98429.87764982267,550.7993306014905,478.4016490894773
1.71875,0.53125,0.03,0.6021014108968934,59.296087972738654,-1.2296579519072828,0.0,410456.0598209485,9057.861650878012,98433.43303635452,550.804974079749,478.4040999297741
1.71875,0.59375,-0.01,0.6020051356149065,59.18608235613099,-1.368744247234383,0.0,410467.0375837252,9057.940545767931,98421.86299562693,550.8283081953969,478.41423329720374
1.71875,0.59375,0.01,0.6020051356149065,59.18097351514908,-1.368680609187012,0.0,410462.5525821021,9057.940632083975,98418.30923960227,550.8226713284321,478.41178537990686
1.71875,0.59375,0.03,0.6020051356149065,59.18608235613099,-1.368744247234383,0.0,410467.0375837252,9057.940545767931,98421.86299562693,550.8283081953969,478.41423329720374
1.71875,0.65625,-0.01,0.6018941700742392,59.06687203934053,-1.4981898806616643,0.0,410484.2871536618,9058.039032880628,98409.52656712595,550.8608048260734,478.4283453364046
1.71875,0.65625,0.01,0.6018941700742392,59.06171968614384,-1.4981222980681503,0.0,410479.8050984733,9058.039128326298,98405.97458455626,550.8551745918072,478.42590037161204
1.71875,0.65625,0.03,0.6018941700742392,59.06687203934053,-1.4981898806616643,0.0,410484.2871536618,9058.039032880628,98409.52656712595,550.8608048260734,478.4283453364046
1.71875,0.71875,-0.01,0.60176340124339,58.940268247977045,-1.6156563531880344,0.0,410511.9900254496,9058.167040023896,98396.56822600935,550.9079612427923,478.44882281766047
1.71875,0.71875,0.01,0.60176340124339,58.935078314516666,-1.615586051231036,0.0,410507.5111783804,9058.167144235253,98393.01813598622,550.9023374545374,478.4463807566207
1.71875,0.71875,0.03,0.60176340124339,58.940268247977045,-1.6156563531880344,0.0,410511.9900254496,9058.167040023896,98396.56822600935,550.9079612427923,478.44882281766047
1.71875,0.78125,-0.01,0.6016031374597159,58.81355966137907,-1.7188847373319414,0.0,410557.8723578266,9058.342603962908,98383.1580105789,550.9796195086726,478.47993844908865
1.71875,0.78125,0.01,0.6016031374597159,58.80833895718751,-1.718813154335936,0.0,410553.3970762066,9058.342717075144,98379.60989236778,550.9740020908692,478.477499312975
1.71875,0.78125,0.03,0.6016031374597159,58.81355966137907,-1.7188847373319414,0.0,410557.8723578266,9058.342603962908,98383.1580105789,550.9796195086726,478.47993844908865
1.71875,0.84375,-0.01,0.6013917491290872,58.688161328732804,-1.806030922001846,0.0,410636.8944970447,9058.603406778193,98369.33400285043,551.0958402737538,478.530399818601
1.71875,0.84375,0.01,0.6013917491290872,58.68290267731765,-1.8059599986147472,0.0,410632.42376369913,9058.603533328458,98365.78782715139,551.0902311113517,478.527964523902
1.71875,0.84375,0.03,0.6013917491290872,58.688161328732804,-1.806030922001846,0.0,410636.8944970447,9058.603406778193,98369.33400285043,551.0958402737538,478.530399818601
1.71875,0.90625,-0.01,0.6010428809916303,58.186339664004485,-1.8757868528123167,0.0,410777.84534698224,9059.08429771938,98353.18151526777,551.3251495917468,478.6299469928335
1.71875,0.90625,0.01,0.6010428809916303,58.180816166321165,-1.8757176757073968,0.0,410773.3807054511,9059.084474457839,98349.6366213554,551.3195658519702,478.62752323995187
1.71875,0.90625,0.03,0.6010428809916303,58.186339664004485,-1.8757868528123167,0.0,410777.84534698224,9059.08429771938,98353.18151526777,551.3251495917468,478.6299469928335
1.71875,0.96875,-0.01,0.6000557949494617,49.951261914779444,-1.7595189599082186,0.0,410963.4012113052,9060.71563279151,98343.18188023554,552.1755916096772,478.99895806322274
1.71875,0.96875,0.01,0.6000557949494617,49.943954369243976,-1.7591420567470653,0.0,410958.8407841633,9060.715908607655,98339.56651074164,552.1699382813432,478.99650599421255
1.71875,0.96875,0.03,0.6000557949494617,49.951261914779444,-1.7595189599082186,0.0,410963.4012113052,9060.71563279151,98343.18188023554,552.1755916096772,478.99895806322274
1.71875,1.03125,-0.01,0.601194256020058,-0.09458499653245858,0.0033317295367962583,0.0,410962.94502533384,9062.41098743951,98830.03325792318,553.8584104401923,479.7283050916515
1.71875,1.03125,0.01,0.6023327170906543,-49.951261914779444,1.7595189599082186,0.0,410962.4905637153,9059.58997352752,98716.10364488311,552.1743643218202,478.99842574167474
1.71875,1.03125,0.03,0.601194256020058,-0.09458499653245858,0.0033317295367962583,0.0,410962.94502533384,9062.41098743951,98830.03325792318,553.8584104401923,479.7283050916515
1.78125,-0.03125,-0.01,0.6027165038328353,60.93927110311582,0.0,0.0,410537.7955160672,9057.528893931856,98530.10462254564,550.7830163541475,478.39456409482267
1.78125,-0.03125,0.01,0.6027165038328354,60.93927110311582,0.0339442118914734,0.0,410537.7955160672,9057.52889288588,98530.10448365085,550.7830155777261,478.3945637576338
1.78125,-0.03125,0.03,0.6027165038328353,60.93927110311582,0.0,0.0,410537.7955160672,9057.528893931856,98530.10462254564,550.7830163541475,478.39456409482267
1.78125,0.03125,-0.01,0.6027165038328353,60.93927110311582,-0.0339442118914734,0.0,410537.7955160672,9057.52889288588,98530.10448365085,550.7830155777261,478.3945637576338
1.78125,0.03125,0.01,0.6027165038328353,60.93452675095793,-0.0342134336915975,0.0,410533.2202121964,9057.528917755195,98526.47946552745,550.777239018511,478.3920550730036
1.78125,0.03125,0.03,0.6027165038328353,60.93927110311582,-0.0339442118914734,0.0,410537.7955160672,9057.52889288588,98530.10448365085,550.7830155777261,478.3945637576338
1.78125,0.09375,-0.01,0.6026933344239837,60.86701715494548,-0.10519003002074305,0.0,410538.83481840865,9057.55033317811,98527.57290443455,550.7903401580419,478.3977447088035
1.78125,0.09375,0.01,0.6026933344239837,60.86220112259521,-0.10518221400952323,0.0,410534.346732355,9057.550360635323,98524.02416053586,550.784686574073,478.395289447188
1.78125,0.09375,0.03,0.6026933344239837,60.86701715494548,-0.10519003002074305,0.0,410538.83481840865,9057.55033317811,98527.57290443455,550.7903401580419,478.3977447088035
1.78125,0.15625,-0.01,0.6026633802891103,60.80752834951966,-0.1857378072287556,0.0,410541.4138551546,9057.57631597665,98524.16759754345,550.7986777006727,478.40136554799204
1.78125,0.15625,0.01,0.6026633802891103,60.80263968082422,-0.1857259481980411,0.0,410536.9231468982,9057.576346830994,98520.61917554462,550.7930261506147,478.3989111882503
1.78125,0.15625,0.03,0.6026633802891103,60.80752834951966,-0.1857378072287556,0.0,410541.4138551546,9057.57631597665,98524.16759754345,550.7986777006727,478.40136554799204
1.78125,0.21875,-0.01,0.6026276875278292,60.742879772390296,-0.2738904540574154,0.0,410544.08552153123,9057.60584097994,98519.91892730273,550.8075462156593,478.4052169484889
1.78125,0.21875,0.01,0.6026276875278292,60.73792188173043,-0.2738738049775489,0.0,410539.5927718311,9057.605875810574,98516.3709556332,550.8018971578771,478.40276369084773
1.78125,0.21875,0.03,0.6026276875278292,60.742879772390296,-0.2738904540574154,0.0,410544.08552153123,9057.60584097994,98519.91892730273,550.8075462156593,478.4052169484889
1.78125,0.28125,-0.01,0.6025859976319327,60.66973196993777,-0.36780065917453897,0.0,410546.83933213115,9057.639380650078,98514.83028317263,550.817201488971,478.4094099855241
1.78125,0.28125,0.01,0.6025859976319327,60.66470845579076,-0.3677790833417512,0.0,410542.345215181,9057.639420056765,98511.28293984158,550.8115554695968,478.4069580688881
1.78125,0.28125,0.03,0.6025859976319327,60.66973196993777,-0.36780065917453897,0.0,410546.83933213115,9057.639380650078,98514.83028317263,550.817201488971,478.4094099855241
1.78125,0.34375,-0.01,0.6025379142501165,60.58762508473012,-0.4656390563868839,0.0,410549.97041073063,9057.677712258228,98508.91403140646,550.8280752616728,478.4141321415268
1.78125,0.34375,0.01,0.6025379142501165,60.582539551028546,-0.46561266766940657,0.0,410545.47555594455,9057.677756863612,98505.36744828611,550.8224327616446,478.41168177744004
1.78125,0.34375,0.03,0.6025379142501165,60.58762508473012,-0.4656390563868839,0.0,410549.97041073063,9057.677712258228,98508.91403140646,550.8280752616728,478.4141321415268
1.78125,0.40625,-0.01,0.6024829253561562,60.4962401240949,-0.5656126093009816,0.0,410553.9199360864,9057.721920391616,98502.1967564968,550.8407849632052,478.41965152772633
1.78125,0.40625,0.01,0.6024829253561562,60.491096263165716,-0.5655816322812992,0.0,410549.42497765255,9057.721970826846,98498.651062967,550.8351464593009,478.4172029272868
1.78125,0.40625,0.03,0.6024829253561562,60.4962401240949,-0.5656126093009816,0.0,410553.9199360864,9057.721920391616,98502.1967564968,550.8407849632052,478.41965152772633
1.78125,0.46875,-0.01,0.6024202911192923,60.394909925660606,-0.6659665707761309,0.0,410559.321964923,9057.773590833556,98494.71934758525,550.8562367071722,478.4263616028743
1.78125,0.46875,0.01,0.6024202911192923,60.38971154394928,-0.6659313505268485,0.0,410554.8275330689,9057.77364772167,98491.17466721557,550.8506026558035,478.423914970332
1.78125,0.46875,0.03,0.6024202911192923,60.394909925660606,-0.6659665707761309,0.0,410559.321964923,9057.773590833556,98494.71934758525,550.8562367071722,478.4263616028743
1.78125,0.53125,-0.01,0.6023488658768121,60.28252109795891,-0.7649917464638158,0.0,410567.11740824697,9057.835115508371,98486.53666653938,550.875786559431,478.4348511878862
1.78125,0.53125,0.01,0.6023488658768121,60.27727212112349,-0.764952756130823,0.0,410562.62410421326,9057.835179414222,98482.99311274532,550.8701573593956,478.4324067054573
1.78125,0.53125,0.03,0.6023488658768121,60.28252109795891,-0.7649917464638158,0.0,410567.11740824697,9057.835115508371,98486.53666653938,550.875786559431,478.4348511878862
1.78125,0.59375,-0.01,0.6022668121434209,60.15774729932214,-0.8610281358359831,0.0,410578.7746611335,9057.910207751012,98477.7203587595,550.9015184586839,478.44602511668165
1.78125,0.59375,0.01,0.6022668121434209,60.15245207500844,-0.8609859571363563,0.0,410574.2830538142,9057.910279115884,98474.1780413805,550.8958944206021,478.44358293287684
1.78125,0.59375,0.03,0.6022668121434209,60.15774729932214,-0.8610281358359831,0.0,410578.7746611335,9057.910207751012,98477.7203587595,550.9015184586839,478.44602511668165
1.78125,0.65625,-0.01,0.6021710828761182,60.019968132770025,-0.9524470088569791,0.0,410596.71948009037,9058.00483692309,98468.36420364447,550.9367488074239,478.4613232691445
1.78125,0.65625,0.01,0.6021710828761182,60.014631774745396,-0.952402302136818,0.0,410592.23008937866,9058.004916035166,98464.8232176804,550.9311301088637,478.45888348199264
1.78125,0.65625,0.03,0.6021710828761182,60.019968132770025,-0.9524470088569791,0.0,410596.71948009037,9058.00483692309,98468.36420364447,550.9367488074239,478.4613232691445
1.78125,0.71875,-0.01,0.6020563734030787,59.87098641359135,-1.0376268348274573,0.0,410625.14496141806,9058.129028708316,98458.58271584159,550.986979945587,478.48313440182017
1.78125,0.71875,0.01,0.6020563734030787,59.86561505322767,-1.0375803410663895,0.0,410620.65830652777,9058.129115882783,98455.04313437565,550.9813666943328,478.4806970911461
1.78125,0.71875,0.03,0.6020563734030787,59.87098641359135,-1.0376268348274573,0.0,410625.14496141806,9058.129028708316,98458.58271584159,550.986979945587,478.48313440182017
1.78125,0.78125,-0.01,0.6019129239582416,59.718026076723724,-1.1149577693460928,0.0,410671.6720136954,9058.300638957342,98448.50798563217,551.0618990957297,478.515663601786
1.78125,0.78125,0.01,0.6019129239582416,59.71262682871061,-1.1149103396286162,0.0,410667.1888461763,9058.300735329298,98444.96984644832,551.0562916876698,478.51322899378715
1.78125,0.78125,0.03,0.6019129239582416,59.718026076723724,-1.1149577693460928,0.0,410671.6720136954,9058.300638957342,98448.50798563217,551.0618990957297,478.515663601786
1.78125,0.84375,-0.01,0.601719582702506,59.5648208381895,-1.1833071563017714,0.0,410750.8281305329,9058.55605206584,98438.11875614869,551.1807871723407,478.567279163391
1.78125,0.84375,0.01,0.601719582702506,59.55938861343453,-1.1832602107875463,0.0,410746.35009499604,9058.556163659829,98434.58198128032,551.1751882164821,478.564848487342
1.78125,0.84375,0.03,0.601719582702506,59.5648208381895,-1.1833071563017714,0.0,410750.8281305329,9058.55605206584,98438.11875614869,551.1807871723407,478.567279163391
1.78125,0.90625,-0.01,0.6013903846992442,59.071393165974676,-1.2470359990438786,0.0,410890.49723063083,9059.02475665201,98424.8907650742,551.4083624473783,478.66606602529765
1.78125,0.90625,0.01,0.6013903846992442,59.065714292929684,-1.2469926047685878,0.0,410886.0281560876,9059.024925703281,98421.354408951,551.4027915880624,478.66364804596526
1.78125,0.90625,0.03,0.6013903846992442,59.071393165974676,-1.2470359990438786,0.0,410890.49723063083,9059.02475665201,98424.8907650742,551.4083624473783,478.66606602529765
1.78125,0.96875,-0.01,0.6003520077640074,50.904252889099965,-1.2277754306538073,0.0,411079.13724071597,9060.69316049602,98408.1688708544,552.2678733738046,479.038982489195
1.78125,0.96875,0.01,0.6003520077640074,50.89675920781461,-1.227438547222934,0.0,411074.58837236953,9060.693478896388,98404.56090376775,552.2622574403595,479.03654684336783
1.78125,0.96875,0.03,0.6003520077640074,50.904252889099965,-1.2277754306538073,0.0,411079.13724071597,9060.69316049602,98408.1688708544,552.2678733738046,479.038982489195
1.78125,1.03125,-0.01,0.6012917043532164,-0.0795493963136498,0.0019186765107824088,0.0,411078.89480704744,9062.572198795555,98873.94359637695,554.0146787616623,479.79597676413033
1.78125,1.03125,0.01,0.6022314009424256,-50.90425288909997,1.2277754306538076,0.0,411078.65312991134,9059.764649036993,98716.10364488864,552.2672209333672,479.0386995246133
1.78125,1.03125,0.03,0.6012917043532164,-0.0795493963136498,0.0019186765107824088,0.0,411078.89480704744,9062.572198795555,98873.94359637695,554.0146787616623,479.79597676413033
1.84375,-0.03125,-0.01,0.6029515967334356,61.79251170246526,0.0,0.0,410649.5266264855,9057.520965693968,98582.8460241548,550.8630315030131,478.4293122814822
1.84375,-0.03125,0.01,0.6029515967334356,61.79251170246526,0.013919610414356418,0.0,410649.5266264855,9057.520965518102,98582.84600078914,550.86303137245,478.42931222478467
1.84375,-0.03125,0.03,0.6029515967334356,61.79251170246526,0.0,0.0,410649.5266264855,9057.520965693968,98582.8460241548,550.8630315030131,478.4293122814822
1.84375,0.03125,-0.01,0.6029515967334356,61.79251170246526,-0.013919610414356418,0.0,410649.5266264856,9057.520965518102,98582.84600078916,550.8630313724501,478.42931222478467
1.84375,0.03125,0.01,0.6029515967334356,61.787576040739346,-0.014188853461828306,0.0,410644.9517845927,9057.520989922295,98579.23351212386,550.8572768294282,478.42681328303917
1.84375,0.03125,0.03,0.6029515967334356,61.79251170246526,-0.013919610414356418,0.0,410649.5266264856,9057.520965518102,98582.84600078916,550.8630313724501,478.42931222478467
1.84375,0.09375,-0.01,0.6029310135770916,61.73746089307764,-0.044593342254815316,0.0,410651.72570496856,9057.541423315086,98580.77679111566,550.870576377255,478.4325886645651
1.84375,0.09375,0.01,0.6029310135770916,61.732453386432695,-0.044587759037400844,0.0,410647.2375401941,9057.541449953616,98577.2403677634,550.8649442663151,478.4301429065055
1.84375,0.09375,0.03,0.6029310135770916,61.73746089307764,-0.044593342254815316,0.0,410651.72570496856,9057.541423315086,98580.77679111566,550.870576377255,478.4325886645651
1.84375,0.15625,-0.01,0.6029048853503045,61.692761972456104,-0.08370773976850349,0.0,410655.4520249055,9057.566052494632,98578.06827886631,550.8793127783254,478.43638244352803
1.84375,0.15625,0.01,0.6029048853503045,61.68768205353924,-0.0836996717606619,0.0,410650.96087230515,9057.566082043606,98574.53210189969,550.8736823597282,478.4339374397621
1.84375,0.15625,0.03,0.6029048853503045,61.692761972456104,-0.08370773976850349,0.0,410655.4520249055,9057.566052494632,98578.06827886631,550.8793127783254,478.43638244352803
1.84375,0.21875,-0.01,0.602874105891774,61.63970895486939,-0.13010389157142038,0.0,410659.22959938616,9057.593991704707,98574.7345801565,550.8888063016904,478.44050496846353
1.84375,0.21875,0.01,0.602874105891774,61.63456021850868,-0.13009260917162768,0.0,410654.7359796376,9057.594024579743,98571.19874973876,550.883177912304,478.43806086694286
1.84375,0.21875,0.03,0.602874105891774,61.63970895486939,-0.13010389157142038,0.0,410659.22959938616,9057.593991704707,98574.7345801565,550.8888063016904,478.44050496846353
1.84375,0.28125,-0.01,0.6028383973650637,61.57500094362087,-0.18251785959449546,0.0,410663.0393622347,9057.625708648557,98570.77407913606,550.8993023386073,478.4450627895936
1.84375,0.28125,0.01,0.6028383973650637,61.56978715405346,-0.18250320147325447,0.0,410658.5438824592,9057.625745272228,98567.2387434174,550.8936763930622,478.4426197725755
1.84375,0.28125,0.03,0.6028383973650637,61.57500094362087,-0.18251785959449546,0.0,410663.0393622347,9057.625708648557,98570.77407913606,550.8993023386073,478.4450627895936
1.84375,0.34375,-0.01,0.6027973481200267,61.49826291311119,-0.23970223438682153,0.0,410667.16570019425,9057.661959046864,98566.19285743013,550.911211322033,478.4502341190055
1.84375,0.34375,0.01,0.6027973481200267,61.49298784667019,-0.23968424746029532,0.0,410662.6689301112,9057.661999885517,98562.65811722956,550.9055881788228,478.4477923452719
1.84375,0.34375,0.03,0.6027973481200267,61.49826291311119,-0.23970223438682153,0.0,410667.16570019425,9057.661959046864,98566.19285743013,550.911211322033,478.4502341190055
1.84375,0.40625,-0.01,0.6027504267103259,61.40926681874489,-0.3004411085840876,0.0,410672.03372637584,9057.703796197493,98561.00900647166,550.9251207120458,478.45627402958075
1.84375,0.40625,0.01,0.6027504267103259,61.40393434762666,-0.30041990328132456,0.0,410667.53624568135,9057.703841740074,98557.47495944859,550.9195007317227,478.4538336600987
1.84375,0.40625,0.03,0.6027504267103259,61.40926681874489,-0.3004411085840876,0.0,410672.03372637584,9057.703796197493,98561.00900647166,550.9251207120458,478.45627402958075
1.84375,0.46875,-0.01,0.6026968466077823,61.30744345460347,-0.3635490090682196,0.0,410678.2686491673,9057.75279968713,98555.25206127674,550.9419154363295,478.4635667447456
1.84375,0.46875,0.01,0.6026968466077823,61.30205756189666,-0.36352476501849285,0.0,410673.7710489798,9057.752850456098,98551.71879886361,550.9362989800421,478.4611279426857
1.84375,0.46875,0.03,0.6026968466077823,61.30744345460347,-0.3635490090682196,0.0,410678.2686491673,9057.75279968713,98555.25206127674,550.9419154363295,478.4635667447456
1.84375,0.53125,-0.01,0.6026353990458285,61.191794806458276,-0.4278731384033563,0.0,410686.80275321193,9057.81136124915,98548.96264853471,550.962929029222,478.4726912481237
1.84375,0.53125,0.01,0.6026353990458285,61.18635960781786,-0.4278461084576218,0.0,410682.30562892277,9057.811417790896,98545.43025259905,550.957316444404,478.4702541736306
1.84375,0.53125,0.03,0.6026353990458285,61.191794806458276,-0.4278731384033563,0.0,410686.80275321193,9057.81136124915,98548.96264853471,550.962929029222,478.4726912481237
1.84375,0.59375,-0.01,0.6025641599773308,61.06109990322694,-0.49229225499499074,0.0,410699.0932084294,9057.883200943534,98542.19385504167,550.9902197734517,478.4845411507718
1.84375,0.59375,0.01,0.6025641599773308,61.05561984079391,-0.49226275067390446,0.0,410694.5971705771,9057.883263821752,98538.66240251994,550.9846113911016,478.48210596137295
1.84375,0.59375,0.03,0.6025641599773308,61.06109990322694,-0.49229225499499074,0.0,410699.0932084294,9057.883200943534,98542.19385504167,550.9902197734517,478.4845411507718
1.84375,0.65625,-0.01,0.6024799768591185,60.914750438553256,-0.5556937459971656,0.0,410717.54372492543,9057.974292110688,98535.01640518174,551.0270699685445,478.5005413929326
1.84375,0.65625,0.01,0.6024799768591185,60.90923067413494,-0.5556621071263742,0.0,410713.0494173822,9057.974361937673,98531.48596305925,551.0214661004528,478.49810824501714
1.84375,0.65625,0.03,0.6024799768591185,60.914750438553256,-0.5556937459971656,0.0,410717.54372492543,9057.974292110688,98535.01640518174,551.0270699685445,478.5005413929326
1.84375,0.71875,-0.01,0.6023774666642384,60.75446726921011,-0.6169376641431287,0.0,410746.28646907036,9058.09458481762,98527.51777318105,551.0788996178528,478.5230447629562
1.84375,0.71875,0.01,0.6023774666642384,60.748913997126046,-0.6169042540706597,0.0,410741.79462938895,9058.094662458569,98523.98838998534,551.0733006307876,478.52061384866676
1.84375,0.71875,0.03,0.6023774666642384,60.75446726921011,-0.6169376641431287,0.0,410746.28646907036,9058.09458481762,98527.51777318105,551.0788996178528,478.5230447629562
1.84375,0.78125,-0.01,0.6022469638963552,60.58732356608564,-0.6748416019761184,0.0,410792.74589128443,9058.261524295995,98519.7987671975,551.1551297806465,478.55614041244337
1.84375,0.78125,0.01,0.6022469638963552,60.581744077257255,-0.6748068404388421,0.0,410788.2575843479,9058.261611640548,98516.27046169367,551.1495364481007,478.5537121211315
1.84375,0.78125,0.03,0.6022469638963552,60.58732356608564,-0.6748416019761184,0.0,410792.74589128443,9058.261524295995,98519.7987671975,551.1551297806465,478.55614041244337
1.84375,0.84375,-0.01,0.6020682841570051,60.41923949959952,-0.7286614547356165,0.0,410870.81639101065,9058.509605908073,98511.8122175992,551.2740008981102,478.60774424698013
1.84375,0.84375,0.01,0.6020682841570051,60.41363071528642,-0.7286263403280483,0.0,410866.33365956106,9058.509709683312,98508.28490189576,551.2684162038915,478.60531996734113
1.84375,0.84375,0.03,0.6020682841570051,60.41923949959952,-0.7286614547356165,0.0,410870.81639101065,9058.509605908073,98511.8122175992,551.2740008981102,478.60774424698013
1.84375,0.90625,-0.01,0.6017607841391671,59.95173113702709,-0.7854549215384966,0.0,411006.13879253354,9058.957589207546,98500.84047773002,551.4942389348428,478.7033383654284
1.84375,0.90625,0.01,0.6017607841391671,59.94589459880797,-0.7854234492026246,0.0,411001.6665131041,9058.957753111956,98497.3130926397,551.4886831920229,478.70092713504255
1.84375,0.90625,0.03,0.6017607841391671,59.95173113702709,-0.7854549215384966,0.0,411006.13879253354,9058.957589207546,98500.84047773002,551.4942389348428,478.7033383654284
1.84375,0.96875,-0.01,0.6007056937540985,51.96996390615385,-0.8281091051743225,0.0,411188.27108314907,9060.617459240337,98479.29065116205,552.3416302245289,479.0709698895314
1.84375,0.96875,0.01,0.6007056937540985,51.96228617618064,-0.8277929105675652,0.0,411183.7326790071,9060.617817214186,98475.69084612881,552.3360518411428,479.06855069085015
1.84375,0.96875,0.03,0.6007056937540985,51.96996390615385,-0.8281091051743225,0.0,411188.27108314907,9060.617459240337,98479.29065116205,552.3416302245289,479.0709698895314
1.84375,1.03125,-0.01,0.6014281401066337,-0.06242642810433249,0.000994726369447913,0.0,411188.1493065524,9062.702037906392,98922.66446177776,554.1619236624367,479.8597321303546
1.84375,1.03125,0.01,0.6021505864591689,-51.96996390615384,0.8281091051743223,0.0,411188.02782216144,9059.903984932233,98716.10364347298,552.3413023795321,479.070827712086
1.84375,1.03125,0.03,0.6014281401066337,-0.06242642810433249,0.000994726369447913,0.0,411188.1493065524,9062.702037906392,98922.66446177776,554.1619236624367,479.8597321303546
1.90625,-0.03125,-0.01,0.6032298316846789,62.57208051468084,-2.2466020019372352e-20,0.0,410768.6744593207,9057.512350421815,98645.38073616245,550.9582773980495,478.4706714360218
1.90625,-0.03125,0.01,0.6032298316846788,62.572080514680856,0.0003257603411043907,0.0,410768.6744593208,9057.512350421719,98645.38073614964,550.9582773979781,478.47067143599077
1.90625,-0.03125,0.03,0.6032298316846789,62.57208051468084,-2.2466020019372352e-20,0.0,410768.6744593207,9057.512350421815,98645.38073616245,550.9582773980495,478.4706714360218
1.90625,0.03125,-0.01,0.6032298316846789,62.57208051468085,-0.00032576034110439064,0.0,410768.6744593208,9057.512350421719,98645.38073614966,550.9582773979781,478.47067143599077
1.90625,0.03125,0.01,0.6032298316846789,62.566957357469065,-0.0005946949673452509,0.0,410764.10003572697,9057.512375233693,98641.77995684024,550.9525444192242,478.4681820738721
1.90625,0.03125,0.03,0.6032298316846789,62.57208051468085,-0.00032576034110439064,0.0,410768.6744593208,9057.512350421719,98645.38073614966,550.9582773979781,478.47067143599077
1.90625,0.09375,-0.01,0.6032117210322588,62.532263163994834,-0.0031337341266017673,0.0,410771.92972213856,9057.531852523085,98643.75161670464,550.9660212250981,478.4740339239453
1.90625,0.09375,0.01,0.6032117210322588,62.52706794373386,-0.0031295565757964647,0.0,410767.44151874236,9057.53187942678,98640.22669786269,550.960410243969,478.4715975526384
1.90625,0.09375,0.03,0.6032117210322588,62.532263163994834,-0.0031337341266017673,0.0,410771.92972213856,9057.531852523085,98643.75161670464,550.9660212250981,478.4740339239453
1.90625,0.15625,-0.01,0.6031890213645639,62.501329279364164,-0.013199950621382756,0.0,410776.70837073866,9057.555204149668,98641.65928846771,550.9750676587271,478.47796199360556
1.90625,0.15625,0.01,0.6031890213645639,62.49606174578103,-0.01319424704291955,0.0,410772.21693042206,9057.555233742785,98638.13455558437,550.9694581893688,478.4755262987298
1.90625,0.15625,0.03,0.6031890213645639,62.501329279364164,-0.013199950621382756,0.0,410776.70837073866,9057.555204149668,98641.65928846771,550.9750676587271,478.47796199360556
1.90625,0.21875,-0.01,0.6031624536727016,62.45996929530162,-0.029834639999828688,0.0,410781.5161178627,9057.581691968357,98639.09811674307,550.9850293674187,478.48228744933687
1.90625,0.21875,0.01,0.6031624536727016,62.45463315454828,-0.02982666033737195,0.0,410777.02191981813,9057.581724559395,98635.5736483246,550.9794216627608,478.47985254272766
1.90625,0.21875,0.03,0.6031624536727016,62.45996929530162,-0.029834639999828688,0.0,410781.5161178627,9057.581691968357,98639.09811674307,550.9850293674187,478.48228744933687
1.90625,0.28125,-0.01,0.6031317118815392,62.404906778590664,-0.05228252821909535,0.0,410786.323599543,9057.611781815242,98636.05982059705,550.9961402126539,478.4871118234659
1.90625,0.28125,0.01,0.6031317118815392,62.39950589036892,-0.05227205580019612,0.0,410781.8272052158,9057.611817710329,98632.53574273638,550.9905345975077,478.4846778486814
1.90625,0.28125,0.03,0.6031317118815392,62.404906778590664,-0.05228252821909535,0.0,410786.323599543,9057.611781815242,98636.05982059705,550.9961402126539,478.4871118234659
1.90625,0.34375,-0.01,0.6030963681221129,62.33582585458224,-0.07979224061720236,0.0,410791.397471769,9057.64619932737,98632.5428445513,551.0087826090049,478.4926011441491
1.90625,0.34375,0.01,0.6030963681221129,62.33036409151036,-0.07977923347836731,0.0,410786.89940952434,9057.646238886557,98629.0192361335,551.0031793575082,478.49016822358203
1.90625,0.34375,0.03,0.6030963681221129,62.33582585458224,-0.07979224061720236,0.0,410791.397471769,9057.64619932737,98632.5428445513,551.0087826090049,478.4926011441491
1.90625,0.40625,-0.01,0.6030558646998522,62.25254954209279,-0.11162775285866951,0.0,410797.1455783774,9057.685973489952,98628.55614412602,551.0235166923914,478.4989985945868
1.90625,0.40625,0.01,0.6030558646998522,62.24703086826304,-0.11161219706849719,0.0,410792.6463949641,9057.686017115991,98625.03308148326,551.0179160921367,478.49656685769924
1.90625,0.40625,0.03,0.6030558646998522,62.25254954209279,-0.11162775285866951,0.0,410797.1455783774,9057.685973489952,98628.55614412602,551.0235166923914,478.4989985945868
1.90625,0.46875,-0.01,0.6030093838898885,62.15456860396528,-0.14706528709443747,0.0,410804.1709977955,9057.732651926986,98624.11801765555,551.0411927015142,478.50667329864183
1.90625,0.46875,0.01,0.6030093838898885,62.14899709440097,-0.14704720171217756,0.0,410799.67126106843,9057.732700079241,98620.59557142678,551.0355950535156,478.50424288258597
1.90625,0.46875,0.03,0.6030093838898885,62.15456860396528,-0.14706528709443747,0.0,410804.1709977955,9057.732651926986,98624.11801765555,551.0411927015142,478.50667329864183
1.90625,0.53125,-0.01,0.6029556843707026,62.0409494159441,-0.18539284747124485,0.0,410813.37725981994,9057.788582357503,98619.2560206044,551.0631002322776,478.51618510612155
1.90625,0.53125,0.01,0.6029556843707026,62.035329287505675,-0.18537228828771304,0.0,410808.87756595126,9057.78863557457,98615.73425334564,551.0575058552613,478.51375615856455
1.90625,0.53125,0.03,0.6029556843707026,62.0409494159441,-0.18539284747124485,0.0,410813.37725981994,9057.788582357503,98619.2560206044,551.0631002322776,478.51618510612155
1.90625,0.59375,-0.01,0.6028927992302754,61.910520842242796,-0.22590659528682075,0.0,410826.1876680215,9057.857437594414,98614.00750765919,551.0912477838916,478.5284059271326
1.90625,0.59375,0.01,0.6028927992302754,61.904856575462354,-0.2258836466892833,0.0,410821.68866144895,9057.857496527073,98610.48647663664,551.0856570295466,478.52597861445014
1.90625,0.59375,0.03,0.6028927992302754,61.910520842242796,-0.22590659528682075,0.0,410826.1876680215,9057.857437594414,98614.00750765919,551.0912477838916,478.5284059271326
1.90625,0.65625,-0.01,0.6028175334103453,61.76263365341407,-0.2678890740177921,0.0,410844.9521088484,9057.945115260936,98608.42398280436,551.1288473971258,478.54473006235656
1.90625,0.65625,0.01,0.6028175334103453,61.756930385954284,-0.26786382449860474,0.0,410840.4545370259,9057.94518078375,98604.90373850708,551.1232606956385,478.5423045920305
1.90625,0.65625,0.03,0.6028175334103453,61.76263365341407,-0.2678890740177921,0.0,410844.9521088484,9057.945115260936,98608.42398280436,551.1288473971258,478.54473006235656
1.90625,0.71875,-0.01,0.6027245391021531,61.59887314425604,-0.31057153937080956,0.0,410873.68202868116,9058.061335118942,98602.57132938085,551.1811633625599,478.5674424784984
1.90625,0.71875,0.01,0.6027245391021531,61.5931370686712,-0.31054407573786075,0.0,410869.18681296817,9058.061408544414,98599.05190739142,551.1755813034723,478.56501913869425
1.90625,0.71875,0.03,0.6027245391021531,61.59887314425604,-0.31057153937080956,0.0,410873.68202868116,9058.061335118942,98602.57132938085,551.1811633625599,478.5674424784984
1.90625,0.78125,-0.01,0.6026044134299928,61.42610817663258,-0.35310945216490935,0.0,410919.5174199669,9058.222899523771,98596.52673248493,551.2572394797311,478.6004681867935
1.90625,0.78125,0.01,0.6026044134299928,61.42034669338948,-0.3530798903776449,0.0,410915.0258799475,9058.222983327636,98593.0081440745,551.2516631445752,478.5980474989779
1.90625,0.78125,0.03,0.6026044134299928,61.42610817663258,-0.35310945216490935,0.0,410919.5174199669,9058.222899523771,98596.52673248493,551.2572394797311,478.6004681867935
1.90625,0.84375,-0.01,0.6024381823133494,61.252087894654025,-0.39500034206608703,0.0,410995.642907893,9058.462193270303,98590.24305092338,551.3741991368336,478.6512375679573
1.90625,0.84375,0.01,0.6024381823133494,61.24629970619754,-0.39496932754671915,0.0,410991.1573167929,9058.462294405199,98586.72522319233,551.3686316746055,478.6488209882399
1.90625,0.84375,0.03,0.6024381823133494,61.252087894654025,-0.39500034206608703,0.0,410995.642907893,9058.462193270303,98590.24305092338,551.3741991368336,478.6512375679573
1.90625,0.90625,-0.01,0.6021544219484383,60.818221333559,-0.4436522628034517,0.0,411124.4993474675,9058.883644455314,98581.22198466948,551.5835214430099,478.74208591892096
1.90625,0.90625,0.01,0.6021544219484383,60.81222313692087,-0.44362376846190954,0.0,411120.02441891,9058.88380436424,98577.70391819881,551.5779821785155,478.73968203483696
1.90625,0.90625,0.03,0.6021544219484383,60.818221333559,-0.4436522628034517,0.0,411124.4993474675,9058.883644455314,98581.22198466948,551.5835214430099,478.74208591892096
1.90625,0.96875,-0.01,0.60112624379579,53.093435284826086,-0.5165268677176702,0.0,411288.18647068786,9060.484179590376,98558.11452067974,552.3970305060824,479.09499487668137
1.90625,0.96875,0.01,0.60112624379579,53.08557399511656,-0.5162183508365017,0.0,411283.65541082824,9060.48456876301,98554.52337831727,552.3914866400805,479.0925907678872
1.90625,0.96875,0.03,0.60112624379579,53.093435284826086,-0.5165268677176702,0.0,411288.18647068786,9060.484179590376,98558.11452067974,552.3970305060824,479.09499487668137
1.90625,1.03125,-0.01,0.6016081050511817,-0.04252773045294926,0.00041373693911805795,0.0,411288.1312550627,9062.793638508161,98976.32638203469,554.2966716316348,479.91806904551623
1.90625,1.03125,0.01,0.6020899663065734,-53.09343528482607,0.5165268677176702,0.0,411288.07612782187,9060.008507379202,98716.1042027139,552.3968817960205,479.0949303884173
1.90625,1.03125,0.03,0.6016081050511817,-0.04252773045294926,0.00041373693911805795,0.0,411288.1312550627,9062.793638508161,98976.32638203469,554.2966716316348,479.91806904551623
1.96875,-0.03125,-0.01,0.6035441432415695,63.30124471063731,0.0,0.0,410894.6011573503,9057.502991153759,98716.10365307615,551.066142003224,478.51750576669565
1.96875,-0.03125,0.01,0.6035441432415695,63.30124471063731,-0.008238465190970311,0.0,410894.6011573503,9057.502991092177,98716.10364488314,551.0661419574878,478.51750574683825
1.96875,-0.03125,0.03,0.6035441432415695,63.30124471063731,0.0,0.0,410894.6011573503,9057.502991153759,98716.10365307615,551.066142003224,478.51750576669565
1.96875,0.03125,-0.01,0.6035441432415695,63.30124471063731,0.008238465190970311,0.0,410894.6011573503,9057.502991092177,98716.10364488314,551.0661419574878,478.51750574683825
1.96875,0.03125,0.01,0.6035441432415695,63.29599386671763,0.007970747191542242,0.0,410890.0122386179,9057.503016966823,98712.49837387899,551.0604053734011,478.51501506301304
1.96875,0.03125,0.03,0.6035441432415695,63.30124471063731,0.008238465190970311,0.0,410894.6011573503,9057.502991092177,98716.10364488314,551.0661419574878,478.51750574683825
1.96875,0.09375,-0.01,0.603528529957562,63.27380317738226,0.023398204010164198,0.0,410898.74456474016,9057.52149997186,98714.9159353983,551.0740663163572,478.52094628738325
1.96875,0.09375,0.01,0.603528529957562,63.268480536122524,0.023401481542717435,0.0,410894.2409737042,9057.521527933717,98711.38587657364,551.0684506539279,478.5185081224342
1.96875,0.09375,0.03,0.603528529957562,63.27380317738226,0.023398204010164198,0.0,410898.74456474016,9057.52149997186,98714.9159353983,551.0740663163572,478.52094628738325
1.96875,0.15625,-0.01,0.6035090649831032,63.25460072901975,0.032858322346488396,0.0,410904.41710990533,9057.543569957339,98713.39481803983,551.0833481312354,478.52497616685685
1.96875,0.15625,0.01,0.6035090649831032,63.24920492785091,0.032862599081396986,0.0,410899.9103507164,9057.54360055856,98709.86514155733,551.0777342974911,478.52253881640047
1.96875,0.15625,0.03,0.6035090649831032,63.25460072901975,0.032858322346488396,0.0,410904.41710990533,9057.543569957339,98713.39481803983,551.0833481312354,478.52497616685685
1.96875,0.21875,-0.01,0.6034862792734083,63.22390569526644,0.0368830077388195,0.0,410910.1186496227,9057.568643909544,98711.51280821927,551.0936480374157,478.5294480306379
1.96875,0.21875,0.01,0.6034862792734083,63.21844061363427,0.036889023230599054,0.0,410905.6091215281,9057.568677392124,98707.98352755929,551.0880361513722,478.5270115485836
1.96875,0.21875,0.03,0.6034862792734083,63.22390569526644,0.0368830077388195,0.0,410910.1186496227,9057.568643909544,98711.51280821927,551.0936480374157,478.5294480306379
1.96875,0.28125,-0.01,0.6034598379905838,63.178436968818126,0.03576151029580413,0.0,410915.80824282527,9057.597186851937,98709.25493813097,551.1051888874271,478.5344586197567
1.96875,0.28125,0.01,0.6034598379905838,63.172906539624364,0.035769548297047996,0.0,410911.2964670725,9057.597223453227,98705.72615346225,551.0995792008221,478.53202311812487
1.96875,0.28125,0.03,0.6034598379905838,63.178436968818126,0.03576151029580413,0.0,410915.80824282527,9057.597186851937,98709.25493813097,551.1051888874271,478.5344586197567
1.96875,0.34375,-0.01,0.6034293001727825,63.117899476031454,0.02979733489614347,0.0,410921.73208269733,9057.629892492432,98706.61247792841,551.1183248269857,478.5401616710024
1.96875,0.34375,0.01,0.6034293001727825,63.11230764770187,0.02980753143436208,0.0,410917.21854908176,9057.62993250688,98703.0842422141,551.1127175424907,478.5377272412863
1.96875,0.34375,0.03,0.6034293001727825,63.117899476031454,0.02979733489614347,0.0,410921.73208269733,9057.629892492432,98706.61247792841,551.1183248269857,478.5401616710024
1.96875,0.40625,-0.01,0.6033940910975298,63.04212778120291,0.01929818664958877,0.0,410928.2750144162,9057.667755728278,98703.58605228897,551.1335847582417,478.5467867813392
1.96875,0.40625,0.01,0.6033940910975298,63.036478592557174,0.0193106764573472,0.0,410923.7602384451,9057.667799510185,98700.05841630841,551.1279801015079,478.54435352616855
1.96875,0.40625,0.03,0.6033940910975298,63.04212778120291,0.01929818664958877,0.0,410928.2750144162,9057.667755728278,98703.58605228897,551.1335847582417,478.5467867813392
1.96875,0.46875,-0.01,0.6033533773151606,62.95062522662622,0.004579864530970472,0.0,410936.0122242268,9057.712280470729,98700.1846962093,551.1517811395249,478.5546866337174
1.96875,0.46875,0.01,0.6033533773151606,62.94492282956083,0.004594775152511329,0.0,410931.49675110524,9057.712328450285,98696.65770558636,551.1461793605653,478.5522546680792
1.96875,0.46875,0.03,0.6033533773151606,62.95062522662622,0.004579864530970472,0.0,410936.0122242268,9057.712280470729,98700.1846962093,551.1517811395249,478.5546866337174
1.96875,0.53125,-0.01,0.6033059102547188,62.84246877924211,-0.014031503906624675,0.0,410945.8088662187,9057.765747805519,98696.42567221506,551.1741520574691,478.5643986580276
1.96875,0.53125,0.01,0.6033059102547188,62.83671747785593,-0.014014056115227163,0.0,410941.29328621685,9057.765800529694,98692.89936531831,551.1685534451805,478.5619681165036
1.96875,0.53125,0.03,0.6033059102547188,62.84246877924211,-0.014031503906624675,0.0,410945.8088662187,9057.765747805519,98696.42567221506,551.1741520574691,478.5643986580276
1.96875,0.59375,-0.01,0.6032497303321837,62.71648837862438,-0.036195632548740565,0.0,410959.0327116722,9057.831726278995,98692.3345072747,551.2026322093492,478.5767626364957
1.96875,0.59375,0.01,0.6032497303321837,62.710692706802725,-0.036175539257875,0.0,410954.5176892075,9057.83178447889,98688.80891642379,551.1970371226267,478.5743336882933
1.96875,0.59375,0.03,0.6032497303321837,62.71648837862438,-0.036195632548740565,0.0,410959.0327116722,9057.831726278995,98692.3345072747,551.2026322093492,478.5767626364957
1.96875,0.65625,-0.01,0.6031816869089089,62.57196663426307,-0.061541629408107076,0.0,410977.93716264167,9057.91592270654,98687.94808367494,551.2403096559511,478.59311891025015
1.96875,0.65625,0.01,0.6031816869089089,62.56613173878788,-0.06151877456695654,0.0,410973.42350930773,9057.915987455404,98684.42323344066,551.234718593868,478.59069179218693
1.96875,0.65625,0.03,0.6031816869089089,62.57196663426307,-0.061541629408107076,0.0,410977.93716264167,9057.91592270654,98687.94808367494,551.2403096559511,478.59311891025015
1.96875,0.71875,-0.01,0.6030965474862929,62.410321046735,-0.08963685880545856,0.0,411006.37579651905,9058.027726059225,98683.31566429613,551.2922475640936,478.61566492106397
1.96875,0.71875,0.01,0.6030965474862929,62.40445316047089,-0.08961111526581124,0.0,411001.86456525564,9058.027799030062,98679.79156364725,551.286661270958,478.61323998747514
1.96875,0.71875,0.03,0.6030965474862929,62.410321046735,-0.08963685880545856,0.0,411006.37579651905,9058.027726059225,98683.31566429613,551.2922475640936,478.61566492106397
1.96875,0.78125,-0.01,0.6029852304132911,62.23818140672369,-0.1199633480708869,0.0,411051.1841022445,9058.183237917894,98678.49648504127,551.3670906930375,478.6481521167411
1.96875,0.78125,0.01,0.6029852304132911,62.232288074521314,-0.11993460036275241,0.0,411046.6768056885,9058.183322075463,98674.97311902838,551.3615104771416,478.6457299856146
1.96875,0.78125,0.03,0.6029852304132911,62.23818140672369,-0.1199633480708869,0.0,411051.1841022445,9058.183237917894,98678.49648504127,551.3670906930375,478.6481521167411
1.96875,0.84375,-0.01,0.6028300792116841,62.06462836987165,-0.1522269770409752,0.0,411124.80766298855,9058.412680470003,98673.46081529636,551.4808450527183,478.6975253083157
1.96875,0.84375,0.01,0.6028300792116841,62.05870968242146,-0.15219553129798438,0.0,411120.306732379,9058.412782835709,98669.93813533803,551.4752741602634,478.6951074735072
1.96875,0.84375,0.03,0.6028300792116841,62.06462836987165,-0.1522269770409752,0.0,411124.80766298855,9058.412680470003,98673.46081529636,551.4808450527183,478.6975253083157
1.96875,0.90625,-0.01,0.6025714442000027,61.66382671527024,-0.19234158951814062,0.0,411246.0067407857,9058.804701624917,98666.3196601298,551.6775936395642,478.7829087479123
1.96875,0.90625,0.01,0.6025714442000027,61.657710509893676,-0.1923104780999342,0.0,411241.51622179645,9058.80485875575,98662.79733091587,551.6720499965976,478.7805031688177
1.96875,0.90625,0.03,0.6025714442000027,61.66382671527024,-0.19234158951814062,0.0,411246.0067407857,9058.804701624917,98666.3196601298,551.6775936395642,478.7829087479123
1.96875,0.96875,-0.01,0.6016269672767838,54.20304871233711,-0.26433795673657523,0.0,411374.9662633386,9060.286568580588,98646.79140102625,552.433889597311,479.11097859000756
1.96875,0.96875,0.01,0.6016269672767838,54.19503085354266,-0.26402863945326077,0.0,411370.4302503052,9060.286975896259,98643.20148564724,552.42836214304,479.1085816781786
1.96875,0.96875,0.03,0.6016269672767838,54.20304871233711,-0.26433795673657523,0.0,411374.9662633386,9060.286568580588,98646.79140102625,552.433889597311,479.11097859000756
1.96875,1.03125,-0.01,0.6018381359837695,-0.019021910544772182,9.276623891241471e-05,0.0,411374.3616599495,9062.835725662948,99034.93116908094,554.4128860903351,479.96837648771816
1.96875,1.03125,0.01,0.6020493046907551,-54.20304871233711,0.26433795673657523,0.0,411373.7574807683,9060.076063657089,98715.76242046946,552.4322605102891,479.1102721579191
1.96875,1.03125,0.03,0.6018381359837695,-0.019021910544772182,9.276623891241471e-05,0.0,411374.3616599495,9062.835725662948,99034.93116908094,554.4128860903351,479.96837648771816
2.03125,-0.03125,-0.01,0.6037755629915915,63.4440316769157,0.005605189625970986,0.0,410746.97631547664,9057.104866000247,98716.10857633495,550.85499153916,478.42582087963416
2.03125,-0.03125,0.01,0.6038912728666026,63.51538412911765,0.0042893085355369676,0.0,410673.20631567785,9056.905846792919,98716.10919596924,550.7494667061239,478.3799937348223
2.03125,-0.03125,0.03,0.6037755629915915,63.4440316769157,0.005605189625970986,0.0,410746.97631547664,9057.104866000247,98716.10857633495,550.85499153916,478.42582087963416
2.03125,0.03125,-0.01,0.6038912728666026,63.51538412911765,0.012523038953340386,0.0,410673.20631567785,9056.905846667247,98716.10917924967,550.7494666128433,478.3799936943106
2.03125,0.03125,0.01,0.6042384024916359,63.72927755051504,0.016802690723045015,0.0,410452.0658059057,9056.308962157593,98716.10364488316,550.4330933371766,478.2425733280797
2.03125,0.03125,0.03,0.6038912728666026,63.51538412911765,0.012523038953340386,0.0,410673.20631567785,9056.905846667247,98716.10917924967,550.7494666128433,478.3799936943106
2.03125,0.09375,-0.01,0.6038803526218302,63.49139716841645,0.036671900533213196,0.0,410674.3770394846,9056.916263592397,98714.92166854322,550.7530965092608,478.3815701524548
2.03125,0.09375,0.01,0.6042321752860984,63.70873780912001,0.04993014214693016,0.0,410450.2707511614,9056.311293499404,98714.91593539828,550.4324364798331,478.2422879734708
2.03125,0.09375,0.03,0.6038803526218302,63.49139716841645,0.036671900533213196,0.0,410674.3770394846,9056.916263592397,98714.92166854322,550.7530965092608,478.3815701524548
2.03125,0.15625,-0.01,0.6038656136389878,63.47559265359325,0.05590105390987935,0.0,410677.05261880683,9056.930185784186,98713.4007735316,550.7580534029385,478.3837229149723
2.03125,0.15625,0.01,0.6042221622948725,63.696323810230865,0.07891659531435956,0.0,410449.95641519956,9056.317074105993,98713.39481803983,550.4330761021779,478.2425658407843
2.03125,0.15625,0.03,0.6038656136389878,63.47559265359325,0.05590105390987935,0.0,410677.05261880683,9056.930185784186,98713.4007735316,550.7580534029385,478.3837229149723
2.03125,0.21875,-0.01,0.6038473814884429,63.44811478088052,0.07026177689297884,0.0,410679.8578900977,9056.94740485778,98711.51900656232,550.7641830015027,478.38638496594405
2.03125,0.21875,0.01,0.6042084837034774,63.67205591688541,0.10360065547746769,0.0,410449.87231246545,9056.326443978456,98711.51280821927,550.4350425789432,478.24342012452456
2.03125,0.21875,0.03,0.6038473814884429,63.44811478088052,0.07026177689297884,0.0,410679.8578900977,9056.94740485778,98711.51900656232,550.7641830015027,478.38638496594405
2.03125,0.28125,-0.01,0.6038253127264113,63.405675338812216,0.07981017011840522,0.0,410682.7560131248,9056.968400211223,98709.26140076664,550.7717156276383,478.38965632379245
2.03125,0.28125,0.01,0.6041907874622388,63.63263884193747,0.12380554881070359,0.0,410449.98568272084,9056.339896844604,98709.25493813097,550.4385736601341,478.24495410538196
2.03125,0.28125,0.03,0.6038253127264113,63.405675338812216,0.07981017011840522,0.0,410682.7560131248,9056.968400211223,98709.26140076664,550.7717156276383,478.38965632379245
2.03125,0.34375,-0.01,0.6037989742295069,63.34797809315499,0.084625665049564,0.0,410685.9870640191,9056.993851493748,98706.61922541712,550.7809977345308,478.3936874360408
2.03125,0.34375,0.01,0.6041686482862312,63.57777519930649,0.1393869104094893,0.0,410450.53048939613,9056.358098311992,98706.61247792841,550.4440081204768,478.2473149472149
2.03125,0.34375,0.03,0.6037989742295069,63.34797809315499,0.084625665049564,0.0,410685.9870640191,9056.993851493748,98706.61922541712,550.7809977345308,478.3936874360408
2.03125,0.40625,-0.01,0.603767795148866,63.27485334422454,0.08480166829867668,0.0,410689.93214652606,9057.024746183319,98703.59310201206,550.7925539326117,478.39870611246306
2.03125,0.40625,0.01,0.6041414992002021,63.50729103999618,0.15022412615784705,0.0,410451.8840941477,9056.382028483895,98703.58605228897,550.4518663111646,478.2507286869672
2.03125,0.40625,0.03,0.603767795148866,63.27485334422454,0.08480166829867668,0.0,410689.93214652606,9057.024746183319,98703.59310201206,550.7925539326117,478.39870611246306
2.03125,0.46875,-0.01,0.6037309474944097,63.18579984475556,0.08044985171064414,0.0,410695.16130241443,9057.06257773519,98700.19206034938,550.8071905866768,478.40506250726065
2.03125,0.46875,0.01,0.6041085176736589,63.42068054033299,0.15622501615637843,0.0,410454.6113974301,9056.413170439208,98700.18469620933,550.4629485636154,478.2555429758797
2.03125,0.46875,0.03,0.6037309474944097,63.18579984475556,0.08044985171064414,0.0,410695.16130241443,9057.06257773519,98700.19206034938,550.8071905866768,478.40506250726065
2.03125,0.53125,-0.01,0.603687192395014,63.07988881436984,0.07170327416181264,0.0,410702.53112747864,9057.109608988458,98696.43335593623,550.8261352700567,478.4132896642964
2.03125,0.53125,0.01,0.6040684745353092,63.31700918309284,0.15732983965799555,0.0,410459.56044860947,9056.4537688882,98696.42567221509,550.4784720300864,478.26228651017584
2.03125,0.53125,0.03,0.603687192395014,63.07988881436984,0.07170327416181264,0.0,410702.53112747864,9057.109608988458,98696.43335593623,550.8261352700567,478.4132896642964
2.03125,0.59375,-0.01,0.6036345852729739,62.95594096948349,0.0587203155408922,0.0,410713.3963135725,9057.169380231695,98692.34250709119,550.8513063852535,478.42422057124213
2.03125,0.59375,0.01,0.6040194402137642,63.19508847119376,0.15351533018933963,0.0,410468.07288347755,9056.50733601808,98692.33450727469,550.5003389441484,478.2717855342008
2.03125,0.59375,0.03,0.6036345852729739,62.95594096948349,0.0587203155408922,0.0,410713.3963135725,9057.169380231695,98692.34250709119,550.8513063852535,478.42422057124213
2.03125,0.65625,-0.01,0.6035699893257405,62.81321023742657,0.041698458541873165,0.0,410729.9957708433,9057.247570599346,98687.95638520281,550.8857752173813,478.4391887359629
2.03125,0.65625,0.01,0.603958291742572,63.0541436841832,0.14480581520157793,0.0,410482.37314650713,9056.579523473532,98687.94808367494,550.5316039680217,478.2853667851363
2.03125,0.65625,0.03,0.6035699893257405,62.81321023742657,0.041698458541873165,0.0,410729.9957708433,9057.247570599346,98687.95638520281,550.8857752173813,478.4391887359629
2.03125,0.71875,-0.01,0.6034881908332208,62.65305902831895,0.02090215990694607,0.0,410756.16222444316,9057.353530434864,98683.32423988152,550.9345810016036,478.46038195213856
2.03125,0.71875,0.01,0.6038798341801488,62.89548220563635,0.13129782175989238,0.0,410506.2731516465,9056.679643212985,98683.31566429611,550.5772826026248,478.30520848830685
2.03125,0.71875,0.03,0.6034881908332208,62.65305902831895,0.02090215990694607,0.0,410756.16222444316,9057.353530434864,98683.32423988152,550.9345810016036,478.46038195213856
2.03125,0.78125,-0.01,0.6033802069729599,62.48204317951916,-0.0033139982252010187,0.0,410798.6527037465,9057.503180385707,98678.50529220814,551.0062666284521,478.49150871196707
2.03125,0.78125,0.01,0.6037751835326288,62.72558594296793,0.11318275602313554,0.0,410546.45165582193,9056.823435404553,98678.49648504125,550.6458162866703,478.33497633294314
2.03125,0.78125,0.03,0.6033802069729599,62.48204317951916,-0.0033139982252010187,0.0,410798.6527037465,9057.503180385707,98678.50529220814,551.0062666284521,478.49150871196707
2.03125,0.84375,-0.01,0.6032294328456851,62.30959151298093,-0.030759945545752298,0.0,410869.2081768006,9057.72491196383,98673.46982322229,551.11585593862,478.53908979268914
2.03125,0.84375,0.01,0.6036287864796862,62.554230575735275,0.09054638798413661,0.0,410613.94684259396,9057.037463128905,98673.46081529636,550.7512491399036,478.3807678435796
2.03125,0.84375,0.03,0.6032294328456851,62.30959151298093,-0.030759945545752298,0.0,410869.2081768006,9057.72491196383,98673.46982322229,551.11585593862,478.53908979268914
2.03125,0.90625,-0.01,0.6029917571725609,61.91857036709473,-0.06659867912893372,0.0,410976.4845018332,9058.080545046694,98666.32937978422,551.2931638894725,478.6160626842287
2.03125,0.90625,0.01,0.603412070145119,62.17295918609514,0.05896908376717044,0.0,410707.33768082137,9057.356746845166,98666.3196601298,550.9091610716536,478.4493438270069
2.03125,0.90625,0.03,0.6029917571725609,61.91857036709473,-0.06659867912893372,0.0,410976.4845018332,9058.080545046694,98666.32937978422,551.2931638894725,478.6160626842287
2.03125,0.96875,-0.01,0.6021675922692269,54.52703257105044,-0.13813030538252732,0.0,411024.63920162193,9059.353721144305,98646.8059349704,551.938047198287,478.8959149667412
2.03125,0.96875,0.01,0.60270821726167,54.85043526638334,-0.012149045755480259,0.0,410674.9405578154,9058.421492211704,98646.79140102626,551.4429317514283,478.6810702350298
2.03125,0.96875,0.03,0.6021675922692269,54.52703257105044,-0.13813030538252732,0.0,411024.63920162193,9059.353721144305,98646.8059349704,551.938047198287,478.8959149667412
2.03125,1.03125,-0.01,0.6021281630764029,18.28841344169387,-0.003991768094258305,0.0,411140.996737639,9061.969841866743,98986.16109819993,553.8729968956396,479.7346221298565
2.03125,1.03125,0.01,0.6023787609762126,0.35350681243812515,0.12601886822144018,0.0,411024.1579735561,9061.937198416379,99039.48290948533,553.9408188000608,479.7639930505428
2.03125,1.03125,0.03,0.6021281630764029,18.28841344169387,-0.003991768094258305,0.0,411140.996737639,9061.969841866743,98986.16109819993,553.8729968956396,479.7346221298565
