# Time [s], Iter[-]
0.0014206587968713545,7100
# x [m], y [m], z [m], rho [kg/m3], u [m/s], v [m/s], w [m/s], E [J/kg], s [J/(kg·K)], P [Pa], T [K], sos [m/s]
-0.006625550537411362,-0.016666666666666666,-0.005,261.27909951936556,42.72681178518912,-0.006445464669480753,0.0,262235.94215573446,6291.055074123495,19732422.772372536,399.75857983619727,312.0069901036217
-0.006625550537411362,-0.016666666666666666,0.005,261.5106428230552,42.72681178518912,-5.117191896292362e-05,0.0,262395.02562722133,6291.285584329375,19761929.583729383,400.0019374969131,312.10194458724663
-0.006625550537411362,-0.016666666666666666,0.015,261.27909951936556,42.72681178518912,-0.006445464669480753,0.0,262235.94215573446,6291.055074123495,19732422.772372536,399.75857983619727,312.0069901036217
-0.006625550537411362,0.016666666666666666,-0.005,261.5106428230552,42.72681178518912,-0.019268104328950632,0.0,262395.02562722133,6291.285583865306,19761929.56970021,400.0019372129481,312.10194447646467
-0.006625550537411362,0.016666666666666666,0.005,262.20527273412404,42.72681178518912,-0.019268104328950632,0.0,262870.59055276256,6291.9723449768,19850449.999028325,400.7294317264005,312.38562973929794
-0.006625550537411362,0.016666666666666666,0.015,261.5106428230552,42.72681178518912,-0.019268104328950632,0.0,262395.02562722133,6291.285583865306,19761929.56970021,400.0019372129481,312.10194447646467
-0.006625550537411362,0.05,-0.005,261.53921156915,42.53183529708918,-0.05282020906903652,0.0,262386.71452021657,6291.264943254255,19764088.5911668,400.00193629423046,312.1019441180494
-0.006625550537411362,0.05,0.005,262.25301998501266,42.53183529708918,-0.05282020906903651,0.0,262849.2950255569,6291.905537698788,19853081.017934106,400.70956791631045,312.3778873010955
-0.006625550537411362,0.05,0.015,261.53921156915,42.53183529708918,-0.05282020906903652,0.0,262386.71452021657,6291.264943254255,19764088.5911668,400.00193629423046,312.1019441180494
-0.006625550537411362,0.08333333333333333,-0.005,261.5684804430465,42.33034707419663,-0.07934616556429487,0.0,262378.13671264856,6291.243725513097,19766298.25412182,400.0018901029845,312.10192609766403
-0.006625550537411362,0.08333333333333333,0.005,262.28948720736275,42.33034707419664,-0.07934616556429487,0.0,262825.2088929878,6291.840486846748,19854664.236660313,400.68579789526717,312.36862206304255
-0.006625550537411362,0.08333333333333333,0.015,261.5684804430465,42.33034707419663,-0.07934616556429487,0.0,262378.13671264856,6291.243725513097,19766298.25412182,400.0018901029845,312.10192609766403
-0.006625550537411362,0.11666666666666667,-0.005,261.59821335624633,42.12400320016751,-0.10151959137662198,0.0,262369.3708811063,6291.222114468456,19768541.117717706,400.0018067044227,312.10189356175135
-0.006625550537411362,0.11666666666666667,0.005,262.31574398694687,42.124003200167515,-0.10151959137662199,0.0,262798.8391992228,6291.777499591319,19855313.5916528,400.65878502294726,312.3580924710673
-0.006625550537411362,0.11666666666666667,0.015,261.59821335624633,42.12400320016751,-0.10151959137662198,0.0,262369.3708811063,6291.222114468456,19768541.117717706,400.0018067044227,312.10189356175135
-0.006625550537411362,0.15,-0.005,261.6285315969552,41.911992568854366,-0.12251899445793103,0.0,262360.39177212224,6291.200036746056,19770826.774409495,400.00169472829737,312.10184987699466
-0.006625550537411362,0.15,0.005,262.3334259283759,41.91199256885437,-0.12251899445793103,0.0,262770.5295281691,6291.716329187786,19855181.407299362,400.62910215735485,312.34652170892264
-0.006625550537411362,0.15,0.015,261.6285315969552,41.911992568854366,-0.12251899445793103,0.0,262360.39177212224,6291.200036746056,19770826.774409495,400.00169472829737,312.10184987699466
-0.006625550537411362,0.18333333333333332,-0.005,261.6596333047654,41.69291656271673,-0.14594147982444775,0.0,262351.1499816666,6291.177361584295,19773170.564420804,400.00156161013007,312.1017979441776
-0.006625550537411362,0.18333333333333332,0.005,262.34395627883515,41.69291656271674,-0.14594147982444775,0.0,262740.507400652,6291.65665156561,19854396.91445023,400.5971803592661,312.3340777037723
-0.006625550537411362,0.18333333333333332,0.015,261.6596333047654,41.69291656271673,-0.14594147982444775,0.0,262351.1499816666,6291.177361584295,19773170.564420804,400.00156161013007,312.1017979441776
-0.006625550537411362,0.2166666666666667,-0.005,261.6918122445675,41.464623325111155,-0.1758080226661437,0.0,262341.5652642344,6291.153885801699,19775594.947317626,400.0014126582593,312.10173983421566
-0.006625550537411362,0.2166666666666667,0.005,262.348304496846,41.464623325111155,-0.1758080226661437,0.0,262708.7973087297,6291.598036859987,19853041.83732422,400.56318515910175,312.3208248836313
-0.006625550537411362,0.2166666666666667,0.015,261.6918122445675,41.464623325111155,-0.1758080226661437,0.0,262341.5652642344,6291.153885801699,19775594.947317626,400.0014126582593,312.10173983421566
-0.006625550537411362,0.25,-0.005,261.72548766444345,41.22394927568832,-0.21667258125852204,0.0,262331.5167712601,6291.129311369785,19778131.72870304,400.00125048134277,312.1016765648104
-0.006625550537411362,0.25,0.005,262.34673087735393,41.22394927568832,-0.21667258125852204,0.0,262675.1204655601,6291.539906073011,19851124.182775818,400.52687755975,312.3066699677896
-0.006625550537411362,0.25,0.015,261.72548766444345,41.22394927568832,-0.21667258125852204,0.0,262331.5167712601,6291.129311369785,19778131.72870304,400.00125048134277,312.1016765648104
-0.006625550537411362,0.2833333333333333,-0.005,261.76124586301404,40.966357857105145,-0.2738248958985228,0.0,262320.83034773025,6291.103215593493,19780825.202982847,400.00107504806454,312.1016081237416
-0.006625550537411362,0.2833333333333333,0.005,262.3385645825277,40.966357857105145,-0.2738248958985228,0.0,262638.7950940173,6291.481473439248,19848554.86826294,400.48748099596287,312.2913100594974
-0.006625550537411362,0.2833333333333333,0.015,261.76124586301404,40.966357857105145,-0.2738248958985228,0.0,262320.83034773025,6291.103215593493,19780825.202982847,400.00107504806454,312.1016081237416
-0.006625550537411362,0.31666666666666665,-0.005,261.79989595721923,40.685450634382256,-0.3535146210607158,0.0,262309.2626721319,6291.075012764982,19783736.420616,400.0008847772713,312.10153389415655
-0.006625550537411362,0.31666666666666665,0.005,262.3221073241477,40.685450634382256,-0.3535146210607158,0.0,262598.6625382063,6291.421672443616,19845136.12270456,400.44359365560877,312.27419840037265
-0.006625550537411362,0.31666666666666665,0.015,261.79989595721923,40.685450634382256,-0.3535146210607158,0.0,262309.2626721319,6291.075012764982,19783736.420616,400.0008847772713,312.10153389415655
-0.006625550537411362,0.35,-0.005,261.84253616432443,40.37236647933274,-0.46303983692799217,0.0,262296.4839984348,6291.043910742933,19786948.325476576,400.0006791313175,312.10145366630167
-0.006625550537411362,0.35,0.005,262.294791088136,40.37236647933273,-0.46303983692799217,0.0,262553.0802814043,6291.35907207394,19840574.38008311,400.3932067926461,312.2545514232687
-0.006625550537411362,0.35,0.015,261.84253616432443,40.37236647933274,-0.46303983692799217,0.0,262296.4839984348,6291.043910742933,19786948.325476576,400.0006791313175,312.10145366630167
-0.006625550537411362,0.38333333333333336,-0.005,261.89061525547453,40.015166480862554,-0.6104632729570353,0.0,262282.064618514,6291.008873997008,19790570.617358446,400.0004629834965,312.10136934137205
-0.006625550537411362,0.38333333333333336,0.005,262.253730637021,40.01516648086255,-0.6104632729570352,0.0,262500.0363269912,6291.291805621676,19834532.06127978,400.33390477764175,312.23142664308017
-0.006625550537411362,0.38333333333333336,0.015,261.89061525547453,40.015166480862554,-0.6104632729570353,0.0,262282.064618514,6291.008873997008,19790570.617358446,400.0004629834965,312.10136934137205
-0.006625550537411362,0.41666666666666663,-0.005,261.94595815455875,39.59842147213158,-0.8036997646568209,0.0,262265.47415437613,6290.968614551607,19794741.966352955,400.00025216067877,312.1012870938438
-0.006625550537411362,0.41666666666666663,0.005,262.19676589464603,39.59842147213158,-0.8036997646568209,0.0,262437.439048041,6291.217554728013,19826728.788997427,400.2633151199692,312.2038980214482
-0.006625550537411362,0.41666666666666663,0.015,261.94595815455875,39.59842147213158,-0.8036997646568209,0.0,262265.47415437613,6290.968614551607,19794741.966352955,400.00025216067877,312.1012870938438
-0.006625550537411362,0.45000000000000007,-0.005,262.01071089174815,39.1033415581254,-1.0488302055861574,0.0,262246.1053755504,6290.921639234371,19799626.075924028,400.00007776399684,312.10121905709315
-0.006625550537411362,0.45000000000000007,0.005,262.1239498867721,39.1033415581254,-1.0488302055861574,0.0,262363.6069245827,6291.13364790455,19817089.445398908,400.1798255285021,312.1713355378272
-0.006625550537411362,0.45000000000000007,0.015,262.01071089174815,39.1033415581254,-1.0488302055861574,0.0,262246.1053755504,6290.921639234371,19799626.075924028,400.00007776399684,312.10121905709315
-0.006625550537411362,0.48333333333333334,-0.005,262.08715909996914,38.50883817973732,-1.3477905113943727,0.0,262223.33246699034,6290.866378841253,19805397.90765919,399.9999847487959,312.101182769401
-0.006625550537411362,0.48333333333333334,0.005,262.03919508540906,38.50883817973732,-1.347790511394373,0.0,262277.9115190406,6291.037330998402,19805912.70493628,400.0834769467766,312.13375358827807
-0.006625550537411362,0.48333333333333334,0.015,262.08715909996914,38.50883817973732,-1.3477905113943727,0.0,262223.33246699034,6290.866378841253,19805397.90765919,399.9999847487959,312.101182769401
-0.006625550537411362,0.5166666666666667,-0.005,262.17739781070554,37.79378847942882,-1.6960223162728123,0.0,262196.6053943118,6290.801407286476,19812218.146582697,400.00001998847983,312.10119651733504
-0.006625550537411362,0.5166666666666667,0.005,261.9515024724835,37.79378847942881,-1.6960223162728125,0.0,262181.4215467216,6290.926232529673,19794004.504538268,399.97679252736634,312.0921347382277
-0.006625550537411362,0.5166666666666667,0.015,262.17739781070554,37.79378847942882,-1.6960223162728123,0.0,262196.6053943118,6290.801407286476,19812218.146582697,400.00001998847983,312.10119651733504
-0.006625550537411362,0.55,-0.005,262.28288272646193,36.94040852999054,-2.0810720867815946,0.0,262165.56821168755,6290.725728315455,19820198.171809398,400.00020962421877,312.1012704992489
-0.006625550537411362,0.55,0.005,261.87501397176067,36.94040852999055,-2.081072086781594,0.0,262077.29696828584,6290.798976157199,19782701.01699849,399.8651768625043,312.048586209555
-0.006625550537411362,0.55,0.015,262.28288272646193,36.94040852999054,-2.0810720867815946,0.0,262165.56821168755,6290.725728315455,19820198.171809398,400.00020962421877,312.1012704992489
-0.006625550537411362,0.5833333333333334,-0.005,262.4039632589189,35.938075254233986,-2.4831914614209802,0.0,262130.17436292523,6290.639072295702,19829363.56811048,400.0005350422078,312.1013974533663
-0.006625550537411362,0.5833333333333334,0.005,261.8272782424274,35.93807525423398,-2.4831914614209802,0.0,261970.66675120045,6290.655801352006,19773717.78624896,399.7565285855676,312.00618961379087
-0.006625550537411362,0.5833333333333334,0.015,262.4039632589189,35.938075254233986,-2.4831914614209802,0.0,262130.17436292523,6290.639072295702,19829363.56811048,400.0005350422078,312.1013974533663
-0.006625550537411362,0.6166666666666667,-0.005,262.53955346498697,34.7863966147618,-2.878464454975555,0.0,262090.76282943448,6290.5421184159095,19839628.830544528,400.00092472928577,312.10154948047796
-0.006625550537411362,0.6166666666666667,0.005,261.8256851399464,34.786396614761806,-2.878464454975555,0.0,261867.84437928046,6290.498981250476,19768814.84356682,399.65991566674865,311.96848460084135
-0.006625550537411362,0.6166666666666667,0.015,262.53955346498697,34.7863966147618,-2.878464454975555,0.0,262090.76282943448,6290.5421184159095,19839628.830544528,400.00092472928577,312.10154948047796
-0.006625550537411362,0.65,-0.005,262.687101823576,33.49615753856785,-3.243883972861421,0.0,262048.05992633625,6290.436547519215,19850796.069671836,400.00127487926846,312.1016860830725
-0.006625550537411362,0.65,0.005,261.88295357931656,33.49615753856784,-3.2438839728614206,0.0,261775.00647437127,6290.332818145155,19769357.77641851,399.5835718959005,311.93868678142064
-0.006625550537411362,0.65,0.015,262.687101823576,33.49615753856785,-3.243883972861421,0.0,262048.05992633625,6290.436547519215,19850796.069671836,400.00127487926846,312.1016860830725
-0.006625550537411362,0.6833333333333333,-0.005,262.8429485379717,32.087230435964514,-3.562622306554148,0.0,262003.08569571548,6290.324852015028,19862584.114674047,400.0014923001292,312.1017709045621
-0.006625550537411362,0.6833333333333333,0.005,262.00334823222795,32.087230435964514,-3.5626223065541476,0.0,261696.7551990407,6290.163090197989,19775933.93117321,399.53288382278953,311.91890109259487
-0.006625550537411362,0.6833333333333333,0.015,262.8429485379717,32.087230435964514,-3.562622306554148,0.0,262003.08569571548,6290.324852015028,19862584.114674047,400.0014923001292,312.1017709045621
-0.006625550537411362,0.7166666666666667,-0.005,263.0030195549107,30.58357088330154,-3.827240702017206,0.0,261956.97270835037,6290.209898379703,19874682.90186281,400.0015336650169,312.1017870420698
-0.006625550537411362,0.7166666666666667,0.005,262.18135563956713,30.583570883301533,-3.8272407020172055,0.0,261635.12041626088,6289.996018477522,19788193.534011472,399.509180751541,311.9096483553403
-0.006625550537411362,0.7166666666666667,0.015,263.0030195549107,30.58357088330154,-3.827240702017206,0.0,261956.97270835037,6290.209898379703,19874682.90186281,400.0015336650169,312.1017870420698
-0.006625550537411362,0.75,-0.005,263.1636606523266,29.0065317229458,-4.039231274400119,0.0,261910.74154041888,6290.094343635464,19886817.037770886,400.0014158527104,312.10174108045345
-0.006625550537411362,0.75,0.005,262.4036284666473,29.006531722945805,-4.039231274400119,0.0,261589.41143792603,6289.837046456604,19805002.445849176,399.5098617577473,311.9099141969355
-0.006625550537411362,0.75,0.015,263.1636606523266,29.0065317229458,-4.039231274400119,0.0,261910.74154041888,6290.094343635464,19886817.037770886,400.0014158527104,312.10174108045345
-0.006625550537411362,0.7833333333333332,-0.005,263.3223524664423,27.368231183292824,-4.20485939975878,0.0,261865.10026677896,6289.980087998031,19898798.807916872,400.0011946541485,312.1016547851766
-0.006625550537411362,0.7833333333333332,0.005,262.6535038793564,27.36823118329283,-4.204859399758781,0.0,261556.94149688963,6289.68983487333,19824851.00643717,399.52978937943953,311.91769316043553
-0.006625550537411362,0.7833333333333332,0.015,263.3223524664423,27.368231183292824,-4.20485939975878,0.0,261865.10026677896,6289.980087998031,19898798.807916872,400.0011946541485,312.1016547851766
-0.006625550537411362,0.8166666666666665,-0.005,263.4781282896854,25.666084490733226,-4.32885077952453,0.0,261820.32129386204,6289.867923411101,19910558.132988296,400.0009316389713,312.1015521761262
-0.006625550537411362,0.8166666666666665,0.005,262.91621402506684,25.666084490733226,-4.32885077952453,0.0,261534.23177611193,6289.555762663805,19846345.141105272,399.56328675949965,311.9307687893347
-0.006625550537411362,0.8166666666666665,0.015,263.4781282896854,25.666084490733226,-4.32885077952453,0.0,261820.32129386204,6289.867923411101,19910558.132988296,400.0009316389713,312.1015521761262
-0.006625550537411362,0.8500000000000001,-0.005,263.63172077676904,23.877671986350474,-4.407942162991597,0.0,261776.19432235966,6289.757394421074,19922152.53864069,400.00067137188614,312.10145063914456
-0.006625550537411362,0.8500000000000001,0.005,263.1828102596567,23.877671986350474,-4.407942162991597,0.0,261518.1020385088,6289.433919980782,19868587.42776614,399.60585520613927,311.9473844983894
-0.006625550537411362,0.8500000000000001,0.015,263.63172077676904,23.877671986350474,-4.407942162991597,0.0,261776.19432235966,6289.757394421074,19922152.53864069,400.00067137188614,312.10145063914456
-0.006625550537411362,0.8833333333333333,-0.005,263.7857298592918,21.9513595892796,-4.424953438883385,0.0,261731.9755381645,6289.6466737648725,19933779.611230273,400.00043671194453,312.10135909214955
-0.006625550537411362,0.8833333333333333,0.005,263.45194360631405,21.951359589279598,-4.424953438883384,0.0,261506.17160730198,6289.3212225168245,19891353.64527795,399.6550135909448,311.9665713518646
-0.006625550537411362,0.8833333333333333,0.015,263.7857298592918,21.9513595892796,-4.424953438883385,0.0,261731.9755381645,6289.6466737648725,19933779.611230273,400.00043671194453,312.10135909214955
-0.006625550537411362,0.9166666666666666,-0.005,263.94552734381216,19.778156919510145,-4.339922414964472,0.0,261686.12838473695,6289.531930699125,19945845.70919454,400.0002360672836,312.101280815386
-0.006625550537411362,0.9166666666666666,0.005,263.73059281081834,19.77815691951015,-4.339922414964472,0.0,261496.57373828738,6289.211861652206,19915146.932268232,399.71026521812036,311.9881350310527
-0.006625550537411362,0.9166666666666666,0.015,263.94552734381216,19.778156919510145,-4.339922414964472,0.0,261686.12838473695,6289.531930699125,19945845.70919454,400.0002360672836,312.101280815386
-0.006625550537411362,0.95,-0.005,264.1233002298928,17.082671202948404,-4.060137260373609,0.0,261635.16781107176,6289.4044611919635,19959271.984355357,400.0000730729122,312.1012172269769
-0.006625550537411362,0.95,0.005,264.0384353346235,17.082671202948404,-4.060137260373608,0.0,261486.63876497778,6289.093820410335,19941517.066560995,399.7728610555442,312.0125632178625
-0.006625550537411362,0.95,0.015,264.1233002298928,17.082671202948404,-4.060137260373609,0.0,261635.16781107176,6289.4044611919635,19959271.984355357,400.0000730729122,312.1012172269769
-0.006625550537411362,0.9833333333333333,-0.005,264.36374754363896,12.66177530791484,-3.229890998335175,0.0,261566.31431435904,6289.232352958875,19977436.575760383,399.9999527022143,312.1011702671803
-0.006625550537411362,0.9833333333333333,0.005,264.4457512820335,12.661775307914843,-3.2298909983351756,0.0,261466.55794022718,6288.9243874015265,19976002.641053796,399.847350584259,312.0416304564112
-0.006625550537411362,0.9833333333333333,0.015,264.36374754363896,12.66177530791484,-3.229890998335175,0.0,261566.31431435904,6289.232352958875,19977436.575760383,399.9999527022143,312.1011702671803
-0.006625550537411362,1.0166666666666668,-0.005,264.334770997858,4.222440508329463,-1.0771019274314593,0.0,261598.5232986018,6289.5232110587385,19983506.496860497,400.16530436572566,312.1656716692216
-0.006625550537411362,1.0166666666666668,0.005,264.36128459416483,0.004041240505717442,-0.0010308796368678121,0.0,261564.72884424316,6289.443557361991,19983652.049836233,400.1281316614058,312.15117227161966
-0.006625550537411362,1.0166666666666668,0.015,264.334770997858,4.222440508329463,-1.0771019274314593,0.0,261598.5232986018,6289.5232110587385,19983506.496860497,400.16530436572566,312.1656716692216
-0.005900292110927969,-0.016666666666666666,-0.005,260.8160129119864,42.72681178518912,0.0,0.0,261916.9279800873,6290.591650070173,19673409.154364116,399.27056855756655,311.8164883413532
-0.005900292110927969,-0.016666666666666666,0.005,260.8160129119864,42.72681178518912,0.019268104328950632,0.0,261916.9279800873,6290.5916496052505,19673409.1403721,399.27056827359957,311.81648823046896
-0.005900292110927969,-0.016666666666666666,0.015,260.8160129119864,42.72681178518912,0.0,0.0,261916.9279800873,6290.591650070173,19673409.154364116,399.27056855756655,311.8164883413532
-0.005900292110927969,0.016666666666666666,-0.005,260.8160129119864,42.72681178518912,-0.019268104328950632,0.0,261916.9279800873,6290.5916496052505,19673409.1403721,399.27056827359957,311.81648823046896
-0.005900292110927969,0.016666666666666666,0.005,260.8160129119864,42.7266023952021,-0.019275910627857402,0.0,261916.92577523465,6290.591726310943,19673403.418986253,399.2705785864595,311.81649225746224
-0.005900292110927969,0.016666666666666666,0.015,260.8160129119864,42.72681178518912,-0.019268104328950632,0.0,261916.9279800873,6290.5916496052505,19673409.1403721,399.27056827359957,311.81648823046896
-0.005900292110927969,0.05,-0.005,260.82540315328737,42.531835297089174,-0.05282020906903651,0.0,261921.60249441938,6290.617369761821,19675096.164399497,399.29043208368955,311.82424460792663
-0.005900292110927969,0.05,0.005,260.82540315328737,42.53164050270791,-0.05284290913438753,0.0,261921.6011510634,6290.617446233257,19675090.533659928,399.29044270073496,311.82424875359584
-0.005900292110927969,0.05,0.015,260.82540315328737,42.531835297089174,-0.05282020906903651,0.0,261921.60249441938,6290.617369761821,19675096.164399497,399.29043208368955,311.82424460792663
-0.005900292110927969,0.08333333333333333,-0.005,260.84747367873024,42.33034707419664,-0.07934616556429487,0.0,261928.59340251127,6290.640299834447,19677932.271583322,399.31420210473294,311.8335260205934
-0.005900292110927969,0.08333333333333333,0.005,260.84747367873024,42.330164313222554,-0.07938245028681139,0.0,261928.5929594379,6290.640375926578,19677926.79707565,399.3142132571556,311.83353037518333
-0.005900292110927969,0.08333333333333333,0.015,260.84747367873024,42.33034707419664,-0.07934616556429487,0.0,261928.59340251127,6290.640299834447,19677932.271583322,399.31420210473294,311.8335260205934
-0.005900292110927969,0.11666666666666665,-0.005,260.88068272554585,42.124003200167515,-0.10151959137662198,0.0,261937.54046887538,6290.660471872073,19681768.643782612,399.3412149770527,311.8440733248527
-0.005900292110927969,0.11666666666666665,0.005,260.88068272554585,42.12383006246469,-0.1015680889845093,0.0,261937.54108147876,6290.6605474504895,19681763.426873732,399.3412270634648,311.8440780439699
-0.005900292110927969,0.11666666666666665,0.015,260.88068272554585,42.124003200167515,-0.10151959137662198,0.0,261937.54046887538,6290.660471872073,19681768.643782612,399.3412149770527,311.8440733248527
-0.005900292110927969,0.15,-0.005,260.9236372655346,41.911992568854366,-0.12251899445793103,0.0,261948.03832008966,6290.677959101835,19686472.141519643,399.37089784264515,311.85566272931055
-0.005900292110927969,0.15,0.005,260.9236372655346,41.91182667581057,-0.12257856308033668,0.0,261948.04026525357,6290.678034044309,19686467.32234902,399.37091144326496,311.85566803945
-0.005900292110927969,0.15,0.015,260.9236372655346,41.911992568854366,-0.12251899445793103,0.0,261948.03832008966,6290.677959101835,19686472.141519643,399.37089784264515,311.85566272931055
-0.005900292110927969,0.18333333333333332,-0.005,260.9753103306957,41.69291656271674,-0.14594147982444775,0.0,261959.75090603228,6290.692802285376,19691944.214391384,399.4028196407339,311.8681258239352
-0.005900292110927969,0.18333333333333332,0.005,260.9753103306957,41.69275547129838,-0.1460115282788591,0.0,261959.75460237078,6290.692876478378,19691939.980298992,399.40283555389385,311.8681320367197
-0.005900292110927969,0.18333333333333332,0.015,260.9753103306957,41.69291656271674,-0.14594147982444775,0.0,261959.75090603228,6290.692802285376,19691944.214391384,399.4028196407339,311.8681258239352
-0.005900292110927969,0.21666666666666667,-0.005,261.03531999228886,41.464623325111155,-0.1758080226661437,0.0,261972.4863034875,6290.705010228578,19698148.057311036,399.43681484089825,311.8813978806817
-0.005900292110927969,0.21666666666666667,0.005,261.03531999228886,41.46446433631956,-0.17588889266473523,0.0,261972.4923320542,6290.705083562195,19698144.652873706,399.43683412603946,311.8814054096281
-0.005900292110927969,0.21666666666666667,0.015,261.03531999228886,41.464623325111155,-0.1758080226661437,0.0,261972.4863034875,6290.705010228578,19698148.057311036,399.43681484089825,311.8813978806817
-0.005900292110927969,0.25,-0.005,261.104244451533,41.22394927568832,-0.21667258125852204,0.0,261986.2781915949,6290.714559462787,19705139.274630263,399.47312244025,311.895572096864
-0.005900292110927969,0.25,0.005,261.104244451533,41.2237891183635,-0.21676593921219486,0.0,261986.28730985365,6290.714631823631,19705137.0112514,399.4731464578004,311.8955814729235
-0.005900292110927969,0.25,0.015,261.104244451533,41.22394927568832,-0.21667258125852204,0.0,261986.2781915949,6290.714559462787,19705139.274630263,399.47312244025,311.895572096864
-0.005900292110927969,0.2833333333333333,-0.005,261.1839271435004,40.966357857105145,-0.2738248958985228,0.0,262001.46007839573,6290.721391838502,19713095.537702754,399.5125190040371,311.9109514930869
-0.005900292110927969,0.2833333333333333,0.005,261.1839271435004,40.96619223842405,-0.27393403158584356,0.0,262001.47321131636,6290.721463100281,19713094.797354527,399.51254942737705,311.9109633692764
-0.005900292110927969,0.2833333333333333,0.015,261.1839271435004,40.966357857105145,-0.2738248958985228,0.0,262001.46007839573,6290.721391838502,19713095.537702754,399.5125190040371,311.9109514930869
-0.005900292110927969,0.31666666666666665,-0.005,261.2776845902908,40.685450634382256,-0.3535146210607158,0.0,262018.7060439668,6290.725408812103,19722336.71852744,399.55640634439123,311.9280830791044
-0.005900292110927969,0.31666666666666665,0.005,261.2776845902908,40.68527369064927,-0.3536444903944213,0.0,262018.72422513235,6290.725478823848,19722337.94188874,399.55644509943545,311.92809820686387
-0.005900292110927969,0.31666666666666665,0.015,261.2776845902908,40.685450634382256,-0.3535146210607158,0.0,262018.7060439668,6290.725408812103,19722336.71852744,399.55640634439123,311.9280830791044
-0.005900292110927969,0.35,-0.005,261.3902812405128,40.37236647933273,-0.46303983692799217,0.0,262038.9998158909,6290.726461542367,19733322.270870052,399.606793207354,311.9477506177168
-0.005900292110927969,0.35,0.005,261.3902812405128,40.37217023377483,-0.4631966415455779,0.0,262039.02404382135,6290.726530114873,19733325.9164139,399.60684227890187,311.9477697712432
-0.005900292110927969,0.35,0.015,261.3902812405128,40.37236647933273,-0.46303983692799217,0.0,262038.9998158909,6290.726461542367,19733322.270870052,399.606793207354,311.9477506177168
-0.005900292110927969,0.38333333333333336,-0.005,261.52749987392804,40.01516648086255,-0.6104632729570352,0.0,262063.4876031706,6290.724336803344,19746609.173437115,399.66609522235825,311.9708964253345
-0.005900292110927969,0.38333333333333336,0.005,261.52749987392804,40.01494051337855,-0.610653383925253,0.0,262063.51858352413,6290.724403695332,19746615.634437636,399.6661562690659,311.97092025121765
-0.005900292110927969,0.38333333333333336,0.015,261.52749987392804,40.01516648086255,-0.6104632729570352,0.0,262063.4876031706,6290.724336803344,19746609.173437115,399.66609522235825,311.9708964253345
-0.005900292110927969,0.4166666666666667,-0.005,261.6951504144715,39.59842147213158,-0.8036997646568209,0.0,262093.17958461828,6290.718740161112,19762755.143708482,399.7366848800308,311.99844560544386
-0.005900292110927969,0.4166666666666667,0.005,261.6951504144715,39.59815309926337,-0.8039279253832485,0.0,262093.21735930073,6290.718805067836,19762764.61913973,399.7367586420179,311.99847439142366
-0.005900292110927969,0.4166666666666667,0.015,261.6951504144715,39.59842147213158,-0.8036997646568209,0.0,262093.17958461828,6290.718740161112,19762755.143708482,399.7366848800308,311.99844560544386
-0.005900292110927969,0.45000000000000007,-0.005,261.8974718967242,39.1033415581254,-1.0488302055861574,0.0,262128.50215749192,6290.709279602478,19782162.70644914,399.8201744714979,312.0310261312635
-0.005900292110927969,0.45000000000000007,0.005,261.8974718967242,39.103016848639996,-1.0490972249926949,0.0,262128.5456826651,6290.709342150443,19782175.042242475,399.82026004904947,312.0310595248383
-0.005900292110927969,0.45000000000000007,0.015,261.8974718967242,39.1033415581254,-1.0488302055861574,0.0,262128.50215749192,6290.709279602478,19782162.70644914,399.8201744714979,312.0310261312635
-0.005900292110927969,0.48333333333333334,-0.005,262.1351231145292,38.50883817973732,-1.347790511394373,0.0,262168.77335443825,6290.695454368461,19804883.110382106,399.9165230532234,312.0686204521244
-0.005900292110927969,0.48333333333333334,0.005,262.1351231145292,38.50844401113404,-1.3480910451478643,0.0,262168.8201685029,6290.695514120428,19804897.656505384,399.916617267132,312.0686572112992
-0.005900292110927969,0.48333333333333334,0.015,262.1351231145292,38.50883817973732,-1.347790511394373,0.0,262168.77335443825,6290.695454368461,19804883.110382106,399.9165230532234,312.0686204521244
-0.005900292110927969,0.5166666666666667,-0.005,262.40329314892756,37.79378847942882,-1.6960223162728125,0.0,262211.7631088666,6290.676654656619,19830431.788627125,400.02320747263366,312.1102424377257
-0.005900292110927969,0.5166666666666667,0.005,262.40329314892756,37.79331551752529,-1.696343671547424,0.0,262211.8092895581,6290.6767111306535,19830447.34235218,400.0233046277341,312.11028033940175
-0.005900292110927969,0.5166666666666667,0.015,262.40329314892756,37.79378847942882,-1.6960223162728125,0.0,262211.7631088666,6290.676654656619,19830431.788627125,400.02320747263366,312.1102424377257
-0.005900292110927969,0.55,-0.005,262.69075148116315,36.94040852999055,-2.081072086781594,0.0,262253.56539137015,6290.652177750352,19857695.3266203,400.1348231374957,312.15378236474703
-0.005900292110927969,0.55,0.005,262.69075148116315,36.93985452996257,-2.0813950062578184,0.0,262253.605979204,6290.652230455211,19857710.232093666,400.13491550459554,312.1538183935257
-0.005900292110927969,0.55,0.015,262.69075148116315,36.94040852999055,-2.081072086781594,0.0,262253.56539137015,6290.652177750352,19857695.3266203,400.1348231374957,312.15378236474703
-0.005900292110927969,0.5833333333333334,-0.005,262.9806482754105,35.938075254233986,-2.4831914614209807,0.0,262288.9824578756,6290.621264603702,19885009.34997201,400.24347141443235,312.1961589172473
-0.005900292110927969,0.5833333333333334,0.005,262.9806482754105,35.93744762320361,-2.4834933291904924,0.0,262289.01237902016,6290.621313090016,19885021.78105772,400.2435505439506,312.19618977837587
-0.005900292110927969,0.5833333333333334,0.015,262.9806482754105,35.938075254233986,-2.4831914614209807,0.0,262288.9824578756,6290.621264603702,19885009.34997201,400.24347141443235,312.1961589172473
-0.005900292110927969,0.6166666666666667,-0.005,263.25342179002746,34.786396614761806,-2.878464454975555,0.0,262312.47228404065,6290.583157365612,19910442.817522228,400.34008433325135,312.23383643649925
-0.005900292110927969,0.6166666666666667,0.005,263.25342179002746,34.78571306421085,-2.878724337883125,0.0,262312.4875742647,6290.583201287776,19910451.19184251,400.34014295343115,312.2338592960675
-0.005900292110927969,0.6166666666666667,0.015,263.25342179002746,34.786396614761806,-2.878464454975555,0.0,262312.47228404065,6290.583157365612,19910442.817522228,400.34008433325135,312.23383643649925
-0.005900292110927969,0.65,-0.005,263.49125006783544,33.49615753856784,-3.2438839728614206,0.0,262319.4465949697,6290.5371721123,19932234.362925157,400.4164281040995,312.26360609120417
-0.005900292110927969,0.65,0.005,263.49125006783544,33.49544410402113,-3.2440878179047252,0.0,262319.44549755275,6290.537211290232,19932237.748491332,400.41646197023385,312.26361929640785
-0.005900292110927969,0.65,0.015,263.49125006783544,33.49615753856784,-3.2438839728614206,0.0,262319.4465949697,6290.5371721123,19932234.362925157,400.4164281040995,312.26360609120417
-0.005900292110927969,0.6833333333333333,-0.005,263.6825488437155,32.087230435964514,-3.5626223065541476,0.0,262307.4651519722,6290.482772921272,19949234.298174888,400.46711617721047,312.28336994016826
-0.005900292110927969,0.6833333333333333,0.005,263.6825488437155,32.08651711019889,-3.562766181559772,0.0,262307.44862112013,6290.482807386351,19949232.64541817,400.4671251185252,312.28337342637695
-0.005900292110927969,0.6833333333333333,0.015,263.6825488437155,32.087230435964514,-3.5626223065541476,0.0,262307.4651519722,6290.482772921272,19949234.298174888,400.46711617721047,312.28336994016826
-0.005900292110927969,0.7166666666666667,-0.005,263.8246834702542,30.583570883301537,-3.8272407020172055,0.0,262276.81987936725,6290.41962582467,19961172.269714154,400.490819248459,312.2926116046422
-0.005900292110927969,0.7166666666666667,0.005,263.8246834702542,30.58288615845187,-3.827330635638132,0.0,262276.791232485,6290.419655832941,19961166.361499198,400.49080693400657,312.29260680339286
-0.005900292110927969,0.7166666666666667,0.015,263.8246834702542,30.583570883301537,-3.8272407020172055,0.0,262276.81987936725,6290.41962582467,19961172.269714154,400.490819248459,312.2926116046422
-0.005900292110927969,0.75,-0.005,263.9236928380058,29.006531722945805,-4.039231274400119,0.0,262230.2205502194,6290.3476080189,19968631.6296926,400.4901382422528,312.2923460888216
-0.005900292110927969,0.75,0.005,263.9236928380058,29.005897874245324,-4.039279804275118,0.0,262230.1843980451,6290.347634020441,19968622.770508252,400.49011076392827,312.292335375361
-0.005900292110927969,0.75,0.015,263.9236928380058,29.006531722945805,-4.039231274400119,0.0,262230.2205502194,6290.3476080189,19968631.6296926,400.4901382422528,312.2923460888216
-0.005900292110927969,0.7833333333333333,-0.005,263.9912010535282,27.368231183292828,-4.204859399758781,0.0,262171.6971400473,6290.266752551144,19972746.609396573,400.4702106205605,312.28457645787176
-0.005900292110927969,0.7833333333333333,0.005,263.9912010535282,27.36766179298845,-4.204880504204591,0.0,262171.65806255763,6290.266775118001,19972736.19861558,400.47017454422524,312.28456239180264
-0.005900292110927969,0.7833333333333333,0.015,263.9912010535282,27.368231183292828,-4.204859399758781,0.0,262171.6971400473,6290.266752551144,19972746.609396573,400.4702106205605,312.28457645787176
-0.005900292110927969,0.8166666666666667,-0.005,264.04004255430397,25.666084490733226,-4.3288507795245295,0.0,262105.19278230797,6290.17711964969,19974771.124871314,400.43671324050035,312.2715156438297
-0.005900292110927969,0.8166666666666667,0.005,264.04004255430397,25.665584663922225,-4.32885549453848,0.0,262105.15430080213,6290.1771393806275,19974760.300795317,400.43667396659936,312.2715003303975
-0.005900292110927969,0.8166666666666667,0.015,264.04004255430397,25.666084490733226,-4.3288507795245295,0.0,262105.19278230797,6290.17711964969,19974771.124871314,400.43671324050035,312.2715156438297
-0.005900292110927969,0.85,-0.005,264.08063129388137,23.87767198635047,-4.407942162991597,0.0,262033.40885135427,6290.078587913333,19975717.64951523,400.39414479386073,312.2549171824424
-0.005900292110927969,0.85,0.005,264.08063129388137,23.877240554408402,-4.407936523228631,0.0,262033.37302908927,6290.07860534037,19975707.128036603,400.39410579154554,312.2549019740969
-0.005900292110927969,0.85,0.015,264.08063129388137,23.87767198635047,-4.407942162991597,0.0,262033.40885135427,6290.078587913333,19975717.64951523,400.39414479386073,312.2549171824424
-0.005900292110927969,0.8833333333333333,-0.005,264.1195161122695,21.951359589279598,-4.424953438883384,0.0,261957.2085097152,6289.970514096504,19976205.57718259,400.3449864090552,312.23574804778826
-0.005900292110927969,0.8833333333333333,0.005,264.1195161122695,21.950991976508465,-4.424938948728269,0.0,261957.1761511039,6289.970529607613,19976195.689663496,400.34494935096916,312.2357335966775
-0.005900292110927969,0.8833333333333333,0.015,264.1195161122695,21.951359589279598,-4.424953438883384,0.0,261957.2085097152,6289.970514096504,19976205.57718259,400.3449864090552,312.23574804778826
-0.005900292110927969,0.9166666666666667,-0.005,264.160461876806,19.77815691951015,-4.339922414964472,0.0,261875.37439567636,6289.851010597957,19976544.48612085,400.2897347818797,312.21420147047377
-0.005900292110927969,0.9166666666666667,0.005,264.160461876806,19.77784752745808,-4.339898047621607,0.0,261875.3455445673,6289.851024362138,19976535.326399524,400.2897001694941,312.2141879721529
-0.005900292110927969,0.9166666666666667,0.015,264.160461876806,19.77815691951015,-4.339922414964472,0.0,261875.37439567636,6289.851010597957,19976544.48612085,400.2897347818797,312.21420147047377
-0.005900292110927969,0.9499999999999998,-0.005,264.20816512516205,17.082671202948404,-4.060137260373608,0.0,261783.60132128632,6289.714671899866,19977026.902149715,400.22713894445576,312.1897890614286
-0.005900292110927969,0.9499999999999998,0.005,264.20816512516205,17.08241495708569,-4.0601017292402775,0.0,261783.5757167461,6289.714683716148,19977018.472555604,400.2271066928564,312.1897764827961
-0.005900292110927969,0.9499999999999998,0.015,264.20816512516205,17.082671202948404,-4.060137260373608,0.0,261783.60132128632,6289.714671899866,19977026.902149715,400.22713894445576,312.1897890614286
-0.005900292110927969,0.9833333333333333,-0.005,264.2817438052444,12.661775307914843,-3.2298909983351756,0.0,261666.13252584508,6289.54039604382,19978870.51046697,400.152649415741,312.16073561885463
-0.005900292110927969,0.9833333333333333,0.005,264.2817438052444,12.661569722027293,-3.2298449769585997,0.0,261666.10973216346,6289.540404568339,19978862.781488758,400.1526187565652,312.16072366017954
-0.005900292110927969,0.9833333333333333,0.015,264.2817438052444,12.661775307914843,-3.2298909983351756,0.0,261666.13252584508,6289.54039604382,19978870.51046697,400.152649415741,312.16073561885463
-0.005900292110927969,1.0166666666666668,-0.005,264.27928085577025,0.00011804217501946144,-3.0111366633020866e-05,0.0,261664.54749489817,6289.751522201396,19985083.964128602,400.2808290600435,312.21072835081145
-0.005900292110927969,1.0166666666666668,0.005,264.2768179062962,-12.661775307914928,3.2298909983351973,0.0,261662.9624343975,6289.535996286699,19978255.880163472,400.14779997455764,312.15884407856896
-0.005900292110927969,1.0166666666666668,0.015,264.27928085577025,0.00011804217501946144,-3.0111366633020866e-05,0.0,261664.54749489817,6289.751522201396,19985083.964128602,400.2808290600435,312.21072835081145
-0.0051750336844445756,-0.016666666666666666,-0.005,261.3229541513742,46.59981478250976,-6.797547772042252e-18,0.0,261682.801976516,6289.204276709358,19680913.36559548,398.6477971924952,311.5732120047973
-0.0051750336844445756,-0.016666666666666666,0.005,261.3229541513742,46.59981478250976,-0.03191161764864798,0.0,261682.80197651594,6289.204275432101,19680913.327141307,398.6477964135846,311.5732117004087
-0.0051750336844445756,-0.016666666666666666,0.015,261.3229541513742,46.59981478250976,-6.797547772042252e-18,0.0,261682.801976516,6289.204276709358,19680913.36559548,398.6477971924952,311.5732120047973
-0.0051750336844445756,0.016666666666666666,-0.005,261.3229541513742,46.59981478250975,0.03191161764864798,0.0,261682.80197651597,6289.204275432102,19680913.327141304,398.6477964135846,311.57321170040876
-0.0051750336844445756,0.016666666666666666,0.005,261.3229541513742,46.59958217253739,0.031903832638866106,0.0,261682.73261473636,6289.204296096276,19680891.4615724,398.6477068897055,311.57317671558707
-0.0051750336844445756,0.016666666666666666,0.015,261.3229541513742,46.59981478250975,0.03191161764864798,0.0,261682.80197651597,6289.204275432102,19680913.327141304,398.6477964135846,311.57321170040876
-0.0051750336844445756,0.05,-0.005,261.32605061223614,46.18958684646597,0.0927021955420716,0.0,261671.14204339456,6289.220523787812,19681702.72846653,398.65906863977597,311.5776167152138
-0.0051750336844445756,0.05,0.005,261.32605061223614,46.18935121455665,0.09268066583861319,0.0,261671.0744443461,6289.220546033304,19681681.307074346,398.65898188265504,311.5775828120864
-0.0051750336844445756,0.05,0.015,261.32605061223614,46.18958684646597,0.0927021955420716,0.0,261671.14204339456,6289.220523787812,19681702.72846653,398.65906863977597,311.5776167152138
-0.0051750336844445756,0.08333333333333333,-0.005,261.3381389324021,45.78843683690645,0.14224718678594195,0.0,261662.572262985,6289.2365549862625,19683358.282788727,398.67417167674404,311.5835186550738
-0.0051750336844445756,0.08333333333333333,0.005,261.3381389324021,45.7881993440708,0.14221384599297937,0.0,261662.50735958206,6289.236578778771,19683337.60499202,398.67408903323303,311.58348636008316
-0.0051750336844445756,0.08333333333333333,0.015,261.3381389324021,45.78843683690645,0.14224718678594195,0.0,261662.572262985,6289.2365549862625,19683358.282788727,398.67417167674404,311.5835186550738
-0.0051750336844445756,0.11666666666666667,-0.005,261.3577840884587,45.39725390363225,0.17770465205681293,0.0,261656.6623998904,6289.252259165441,19685737.4346404,398.69240567305377,311.5906439571028
-0.0051750336844445756,0.11666666666666667,0.005,261.3577840884587,45.39701574469985,0.17766094507679972,0.0,261656.60117906495,6289.25228445784,19685717.819418076,398.6923285717236,311.59061382854514
-0.0051750336844445756,0.11666666666666667,0.015,261.3577840884587,45.39725390363225,0.17770465205681293,0.0,261656.6623998904,6289.252259165441,19685737.4346404,398.69240567305377,311.5906439571028
-0.0051750336844445756,0.15,-0.005,261.3843251179038,45.01375762627275,0.19639047119665365,0.0,261653.08318330345,6289.267580764772,19688774.41357182,398.71344495788315,311.59886527977017
-0.0051750336844445756,0.15,0.005,261.3843251179038,45.01351974472182,0.19633676687708307,0.0,261653.02667353273,6289.267607505454,19688756.198510002,398.7133749087149,311.59883790767805
-0.0051750336844445756,0.15,0.015,261.3843251179038,45.01375762627275,0.19639047119665365,0.0,261653.08318330345,6289.267580764772,19688774.41357182,398.71344495788315,311.59886527977017
-0.0051750336844445756,0.18333333333333332,-0.005,261.4181622240129,44.63520701968726,0.19551908695837036,0.0,261651.79464122842,6289.282464186244,19692506.46124179,398.7374313515677,311.60823795172564
-0.0051750336844445756,0.18333333333333332,0.005,261.4181622240129,44.63496996505354,0.1954542266823152,0.0,261651.74398090536,6289.282492318998,19692490.02756429,398.73737005962835,311.6082140022887
-0.0051750336844445756,0.18333333333333332,0.015,261.4181622240129,44.63520701968726,0.19551908695837036,0.0,261651.79464122842,6289.282464186244,19692506.46124179,398.7374313515677,311.60823795172564
-0.0051750336844445756,0.21666666666666667,-0.005,261.4611138279214,44.25839487693961,0.17177344348960266,0.0,261653.14910235416,6289.296852194035,19697108.475916646,398.7651303712052,311.6190609797794
-0.0051750336844445756,0.21666666666666667,0.005,261.4611138279214,44.2581586006556,0.17169424043865217,0.0,261653.1056323088,6289.296881657912,19697094.2824395,398.7650798906483,311.61904125550683
-0.0051750336844445756,0.21666666666666667,0.015,261.4611138279214,44.25839487693961,0.17177344348960266,0.0,261653.14910235416,6289.296852194035,19697108.475916646,398.7651303712052,311.6190609797794
-0.0051750336844445756,0.25,-0.005,261.5168295549187,43.879513536157575,0.12071621579765099,0.0,261658.0051849749,6289.310685306984,19702933.154756144,398.798112433383,311.63194779704315
-0.0051750336844445756,0.25,0.005,261.5168295549187,43.87927711004428,0.1206169829284986,0.0,261657.97054756587,6289.310716036352,19702921.774950445,398.7980753351572,311.6319333022496
-0.0051750336844445756,0.25,0.015,261.5168295549187,43.879513536157575,0.12071621579765099,0.0,261658.0051849749,6289.310685306984,19702933.154756144,398.798112433383,311.63194779704315
-0.0051750336844445756,0.2833333333333333,-0.005,261.59119540565035,43.49389760413561,0.03613232895546187,0.0,261667.8351898784,6289.32390191798,19710550.464697886,398.83893059026093,311.6478956110685
-0.0051750336844445756,0.2833333333333333,0.005,261.59119540565035,43.493658863980315,0.03600460737221972,0.0,261667.81139318485,6289.323933842873,19710542.61270048,398.8389100788249,311.64788759737496
-0.0051750336844445756,0.2833333333333333,0.015,261.59119540565035,43.49389760413561,0.03613232895546187,0.0,261667.8351898784,6289.32390191798,19710550.464697886,398.83893059026093,311.6478956110685
-0.0051750336844445756,0.31666666666666665,-0.005,261.69257671921656,43.095633678211705,-0.09049331249654739,0.0,261684.7817884173,6289.336439179107,19720771.49438579,398.8912264040286,311.6683265981788
-0.0051750336844445756,0.31666666666666665,0.005,261.69257671921656,43.09538882673534,-0.09066053428250453,0.0,261684.7711657722,6289.336472225829,19720768.01580193,398.8912262727884,311.6683265469074
-0.0051750336844445756,0.31666666666666665,0.015,261.69257671921656,43.095633678211705,-0.09049331249654739,0.0,261684.7817884173,6289.336439179107,19720771.49438579,398.8912264040286,311.6683265981788
-0.0051750336844445756,0.35,-0.005,261.83163265579043,42.67706976880408,-0.2700232086300102,0.0,261711.58951853376,6289.34823442814,19734630.869430427,398.9596459874538,311.69505481546423
-0.0051750336844445756,0.35,0.005,261.83163265579043,42.676813026158534,-0.27024240208112477,0.0,261711.59449219008,6289.348268519357,19734632.664878145,398.9596702667517,311.6950642998031
-0.0051750336844445756,0.35,0.015,261.83163265579043,42.67706976880408,-0.2700232086300102,0.0,261711.58951853376,6289.34823442814,19734630.869430427,398.9596459874538,311.69505481546423
-0.0051750336844445756,0.38333333333333336,-0.005,262.02034491840783,42.228327062341435,-0.5147905696627026,0.0,261751.3127858506,6289.359226049565,19753293.005110133,399.0494078664281,311.7301169583842
-0.0051750336844445756,0.38333333333333336,0.005,262.02034491840783,42.22805052072384,-0.5150733473047102,0.0,261751.33535089775,6289.359261101683,19753300.856254257,399.0494600266869,311.7301373317048
-0.0051750336844445756,0.38333333333333336,0.015,262.02034491840783,42.228327062341435,-0.5147905696627026,0.0,261751.3127858506,6289.359226049565,19753293.005110133,399.0494078664281,311.7301169583842
-0.0051750336844445756,0.4166666666666667,-0.005,262.2699236523545,41.73700358912573,-0.8363759316450774,0.0,261806.70993640664,6289.3693509633285,19777849.241956312,399.1653734177958,311.7754087546194
-0.0051750336844445756,0.4166666666666667,0.005,262.2699236523545,41.73669748337051,-0.8367294191292659,0.0,261806.75084461426,6289.36938687741,19777863.530935057,399.16545508857604,311.77544064984534
-0.0051750336844445756,0.4166666666666667,0.015,262.2699236523545,41.73700358912573,-0.8363759316450774,0.0,261806.70993640664,6289.3693509633285,19777849.241956312,399.1653734177958,311.7754087546194
-0.0051750336844445756,0.45000000000000007,-0.005,262.5874953403739,41.18832812915757,-1.241910797536098,0.0,261879.30291671978,6289.378534340843,19808996.087601095,399.3105788132392,311.8321112620907
-0.0051750336844445756,0.45000000000000007,0.005,262.5874953403739,41.18798172694506,-1.2423331963625763,0.0,261879.36067670136,6289.378570983739,19809016.44743085,399.3106881947809,311.8321539715461
-0.0051750336844445756,0.45000000000000007,0.015,262.5874953403739,41.18832812915757,-1.241910797536098,0.0,261879.30291671978,6289.378534340843,19808996.087601095,399.3105788132392,311.8321112620907
-0.0051750336844445756,0.4833333333333334,-0.005,262.9720098187052,40.56601253044449,-1.7294273272550291,0.0,261968.23285380032,6289.3866684751365,19846636.243424043,399.48442572849075,311.8999846848658
-0.0051750336844445756,0.4833333333333334,0.005,262.9720098187052,40.56561571876922,-1.7299039633203883,0.0,261968.30285232925,6289.386705653118,19846661.242166933,399.4845561717837,311.9000356070734
-0.0051750336844445756,0.4833333333333334,0.015,262.9720098187052,40.56601253044449,-1.7294273272550291,0.0,261968.23285380032,6289.3866684751365,19846636.243424043,399.48442572849075,311.8999846848658
-0.0051750336844445756,0.5166666666666667,-0.005,263.4105378044014,39.85389796322883,-2.2836491839986417,0.0,262069.24853710926,6289.393585095399,19889515.67169751,399.6810560398912,311.97673541947876
-0.0051750336844445756,0.5166666666666667,0.005,263.4105378044014,39.85344334610221,-2.284150971173031,0.0,262069.32274133217,6289.393622533094,19889542.687906012,399.68119551673766,311.9767898547926
-0.0051750336844445756,0.5166666666666667,0.015,263.4105378044014,39.85389796322883,-2.2836491839986417,0.0,262069.24853710926,6289.393585095399,19889515.67169751,399.6810560398912,311.97673541947876
-0.0051750336844445756,0.55,-0.005,263.876725830984,39.0381827096212,-2.8743005353397946,0.0,262174.3307112719,6289.3990367952965,19935068.948258262,399.8886973631833,312.057763591685
-0.0051750336844445756,0.55,0.005,263.876725830984,39.03766771202544,-2.8747866735164287,0.0,262174.3983945659,6289.399074139158,19935094.39222014,399.8888295185851,312.0578151561778
-0.0051750336844445756,0.55,0.015,263.876725830984,39.0381827096212,-2.8743005353397946,0.0,262174.3307112719,6289.3990367952965,19935068.948258262,399.8886973631833,312.057763591685
-0.0051750336844445756,0.5833333333333334,-0.005,264.33310196434013,38.10965005020663,-3.458865197817314,0.0,262272.4281324514,6289.402707435743,19979639.676201466,400.09072122820396,312.13657946668667
-0.0051750336844445756,0.5833333333333334,0.005,264.33310196434013,38.10907831776306,-3.4592906469183786,0.0,262272.4777660369,6289.402744290958,19979659.6123248,400.0908282345137,312.13662120794623
-0.0051750336844445756,0.5833333333333334,0.015,264.33310196434013,38.10965005020663,-3.458865197817314,0.0,262272.4281324514,6289.402707435743,19979639.676201466,400.09072122820396,312.13657946668667
-0.0051750336844445756,0.6166666666666667,-0.005,264.73779342384216,37.06508576477281,-3.9903348089047554,0.0,262351.44849767216,6289.404256351198,20019133.488947194,400.2686359362809,312.2059731230248
-0.0051750336844445756,0.6166666666666667,0.005,264.73779342384216,37.06446724856248,-3.9906608852852687,0.0,262351.4704115487,6289.404292334196,20019144.533117972,400.268702538198,312.205999097475
-0.0051750336844445756,0.6166666666666667,0.015,264.73779342384216,37.06508576477281,-3.9903348089047554,0.0,262351.44849767216,6289.404256351198,20019133.488947194,400.2686359362809,312.2059731230248
-0.0051750336844445756,0.65,-0.005,265.0542333538979,35.90718735239125,-4.428164994367234,0.0,262401.07081218617,6289.403373552558,20049966.774845317,400.40635397799866,312.25967792728505
-0.0051750336844445756,0.65,0.005,265.0542333538979,35.90653690814555,-4.428369430452197,0.0,262401.05971516453,6289.403408323808,20049966.96343308,400.40637134536985,312.2596846993175
-0.0051750336844445756,0.65,0.015,265.0542333538979,35.90718735239125,-4.428164994367234,0.0,262401.07081218617,6289.403373552558,20049966.774845317,400.40635397799866,312.25967792728505
-0.0051750336844445756,0.6833333333333333,-0.005,265.2605677754702,34.6427387285169,-4.74859201664277,0.0,262415.41313954734,6289.399811616581,20069989.41178749,400.4942769585877,312.2939597191853
-0.0051750336844445756,0.6833333333333333,0.005,265.2605677754702,34.6420736485668,-4.748674389974257,0.0,262415.36945994507,6289.399844874648,20069978.687736046,400.494244786773,312.29394717585546
-0.0051750336844445756,0.6833333333333333,0.015,265.2605677754702,34.6427387285169,-4.74859201664277,0.0,262415.41313954734,6289.399811616581,20069989.41178749,400.4942769585877,312.2939597191853
-0.0051750336844445756,0.7166666666666667,-0.005,265.3549803124122,33.27943508572877,-4.950036110709683,0.0,262394.46884175256,6289.393383151397,20079009.36893057,400.5315693246468,312.30849913989056
-0.0051750336844445756,0.7166666666666667,0.005,265.3549803124122,33.27877239734806,-4.950016283262763,0.0,262394.39828456374,6289.393414606496,20078989.469082866,400.5314952766313,312.3084702709731
-0.0051750336844445756,0.7166666666666667,0.015,265.3549803124122,33.27943508572877,-4.950036110709683,0.0,262394.46884175256,6289.393383151397,20079009.36893057,400.5315693246468,312.30849913989056
-0.0051750336844445756,0.75,-0.005,265.35463875932754,31.82212790008746,-5.051086949000769,0.0,262343.67937417806,6289.383947785683,20078692.481187392,400.52566711194197,312.30619805038424
-0.0051750336844445756,0.75,0.005,265.35463875932754,31.821482271475546,-5.050997269461051,0.0,262343.5908932106,6289.383977146545,20078666.278659035,400.5255638800704,312.30615780333136
-0.0051750336844445756,0.75,0.015,265.35463875932754,31.82212790008746,-5.051086949000769,0.0,262343.67937417806,6289.383947785683,20078692.481187392,400.52566711194197,312.30619805038424
-0.0051750336844445756,0.7833333333333333,-0.005,265.28880346755255,30.26913197716097,-5.0817199200654875,0.0,262271.83715794113,6289.371418501903,20071889.866245024,400.48928407632565,312.29201305986766
-0.0051750336844445756,0.7833333333333333,0.005,265.28880346755255,30.268514694930055,-5.081594694234341,0.0,262271.7402503207,6289.37144548681,20071860.46781775,400.4891653879802,312.29196678469066
-0.0051750336844445756,0.7833333333333333,0.015,265.28880346755255,30.26913197716097,-5.0817199200654875,0.0,262271.83715794113,6289.371418501903,20071889.866245024,400.48928407632565,312.29201305986766
-0.0051750336844445756,0.8166666666666667,-0.005,265.18925343500854,28.608501494197444,-5.071167990350911,0.0,262188.2439831837,6289.355788828951,20061702.523298834,400.43627431094916,312.2713444991403
-0.0051750336844445756,0.8166666666666667,0.005,265.18925343500854,28.60792046488657,-5.071034576361386,0.0,262188.1464196976,6289.355813181848,20061672.50040808,400.4361515261492,312.2712966236356
-0.0051750336844445756,0.8166666666666667,0.015,265.18925343500854,28.608501494197444,-5.071167990350911,0.0,262188.2439831837,6289.355788828951,20061702.523298834,400.43627431094916,312.2713444991403
-0.0051750336844445756,0.85,-0.005,265.08208916989327,26.812763743257868,-5.036582644354788,0.0,262100.26982320668,6289.337156661033,20050680.564122785,400.37808523352487,312.24865494430435
-0.0051750336844445756,0.85,0.005,265.08208916989327,26.812224123999243,-5.036457119848318,0.0,262100.1765504459,6289.337178150536,20050651.572700176,400.37796565003646,312.24860831364754
-0.0051750336844445756,0.85,0.015,265.08208916989327,26.812763743257868,-5.036582644354788,0.0,262100.26982320668,6289.337156661033,20050680.564122785,400.37808523352487,312.24865494430435
-0.0051750336844445756,0.8833333333333333,-0.005,264.98375039567867,24.827628454689197,-4.974466435888356,0.0,262012.0529463651,6289.315724692912,20040434.181724586,400.32202093123624,312.226792339303
-0.0051750336844445756,0.8833333333333333,0.005,264.98375039567867,24.827133483443998,-4.974354142823924,0.0,262011.9662174261,6289.315743089395,20040406.994965486,400.32190791114476,312.22674826490635
-0.0051750336844445756,0.8833333333333333,0.015,264.98375039567867,24.827628454689197,-4.974466435888356,0.0,262012.0529463651,6289.315724692912,20040434.181724586,400.32202093123624,312.226792339303
-0.0051750336844445756,0.9166666666666667,-0.005,264.9017225102803,22.540584422581738,-4.851386651242932,0.0,261924.28044144643,6289.291788697971,20031702.433213953,400.2715373662785,312.20710466576014
-0.0051750336844445756,0.9166666666666667,0.005,264.9017225102803,22.540136235810063,-4.851285756843519,0.0,261924.20068543006,6289.291803730501,20031677.222553752,400.27143156239885,312.2070634028648
-0.0051750336844445756,0.9166666666666667,0.015,264.9017225102803,22.540584422581738,-4.851386651242932,0.0,261924.28044144643,6289.291788697971,20031702.433213953,400.2715373662785,312.20710466576014
-0.0051750336844445756,0.95,-0.005,264.838777283607,19.66606028780134,-4.574357024166082,0.0,261833.97877705534,6289.265908184067,20024772.383097988,400.22819340904425,312.19020031897287
-0.0051750336844445756,0.95,0.005,264.838777283607,19.66566090830567,-4.574262753365536,0.0,261833.90558872244,6289.265919445488,20024749.03303011,400.22809412385675,312.19016159623294
-0.0051750336844445756,0.95,0.015,264.838777283607,19.66606028780134,-4.574357024166082,0.0,261833.97877705534,6289.265908184067,20024772.383097988,400.22819340904425,312.19020031897287
-0.0051750336844445756,0.9833333333333332,-0.005,264.80243044796555,14.958247761928869,-3.776173540492321,0.0,261729.93606269723,6289.2438569447895,20020552.850802556,400.1988104507577,312.1787403067197
-0.0051750336844445756,0.9833333333333332,0.005,264.80243044796555,14.957902270082485,-3.776082156187412,0.0,261729.86894844292,6289.243863441274,20020531.135951344,400.19871621631637,312.17870355249886
-0.0051750336844445756,0.9833333333333332,0.015,264.80243044796555,14.958247761928869,-3.776173540492321,0.0,261729.93606269723,6289.2438569447895,20020552.850802556,400.1988104507577,312.1787403067197
-0.0051750336844445756,1.0166666666666668,-0.005,264.79041559726954,0.0006788390319628379,-0.0001713712750012745,0.0,261727.4541828139,6289.543526956409,20028561.135857295,400.37706044231624,312.24825533466907
-0.0051750336844445756,1.0166666666666668,0.005,264.77840074657354,-14.958247761928867,3.776173540492321,0.0,261724.97207765383,6289.2486002611995,20018355.928341582,400.19121680435956,312.17577854602683
-0.0051750336844445756,1.0166666666666668,0.015,264.79041559726954,0.0006788390319628379,-0.0001713712750012745,0.0,261727.4541828139,6289.543526956409,20028561.135857295,400.37706044231624,312.24825533466907
-0.0044497752579611815,-0.016666666666666666,-0.005,262.9932916556316,48.31924557246262,0.0,0.0,262177.92764030927,6289.037062118744,19838140.559597366,399.28038210012375,311.82032033626683
-0.0044497752579611815,-0.016666666666666666,0.005,262.9932916556316,48.31924557246262,-0.051586778476196325,0.0,262177.92764030927,6289.037058786254,19838140.458465103,399.2803800646443,311.82031954145714
-0.0044497752579611815,-0.016666666666666666,0.015,262.9932916556316,48.31924557246262,0.0,0.0,262177.92764030927,6289.037062118744,19838140.559597366,399.28038210012375,311.82032033626683
-0.0044497752579611815,0.016666666666666666,-0.005,262.9932916556316,48.31924557246262,0.051586778476196325,0.0,262177.92764030927,6289.037058786254,19838140.458465103,399.2803800646443,311.82031954145714
-0.0044497752579611815,0.016666666666666666,0.005,262.9932916556316,48.31904142152075,0.05158832000094908,0.0,262177.85252427816,6289.03706192106,19838118.00905254,399.2802802459657,311.8202805644678
-0.0044497752579611815,0.016666666666666666,0.015,262.9932916556316,48.31924557246262,0.051586778476196325,0.0,262177.92764030927,6289.037058786254,19838140.458465103,399.2803800646443,311.82031954145714
-0.0044497752579611815,0.05,-0.005,262.9801670458889,47.926861636579005,0.14655391210451546,0.0,262156.42328669754,6289.039899839041,19836950.233951338,399.27635522280616,311.8187479257536
-0.0044497752579611815,0.05,0.005,262.9801670458889,47.92664320404613,0.14655899418996418,0.0,262156.3486735776,6289.039903418026,19836928.11414312,399.2762570969607,311.8187096095852
-0.0044497752579611815,0.05,0.015,262.9801670458889,47.926861636579005,0.14655391210451546,0.0,262156.42328669754,6289.039899839041,19836950.233951338,399.27635522280616,311.8187479257536
-0.0044497752579611815,0.08333333333333333,-0.005,262.96324096259684,47.52825119353013,0.22110295308712688,0.0,262133.73563446355,6289.042855500116,19835393.617804784,399.2707308684599,311.81655172094037
-0.0044497752579611815,0.08333333333333333,0.005,262.96324096259684,47.52802039455748,0.2211103796022436,0.0,262133.66239901975,6289.042859529987,19835372.088469625,399.27063561465815,311.8165145259854
-0.0044497752579611815,0.08333333333333333,0.015,262.96324096259684,47.52825119353013,0.22110295308712688,0.0,262133.73563446355,6289.042855500116,19835393.617804784,399.2707308684599,311.81655172094037
-0.0044497752579611815,0.11666666666666667,-0.005,262.9440790478933,47.125576768480116,0.27422220476861214,0.0,262110.40630312444,6289.0458962468065,19833621.932288844,399.2641756699964,311.81399201944913
-0.0044497752579611815,0.11666666666666667,0.005,262.9440790478933,47.12533566574539,0.2742299612947178,0.0,262110.33538414608,6289.0459007297995,19833601.275002647,399.26408455968834,311.8139564421644
-0.0044497752579611815,0.11666666666666667,0.015,262.9440790478933,47.125576768480116,0.27422220476861214,0.0,262110.40630312444,6289.0458962468065,19833621.932288844,399.2641756699964,311.81399201944913
-0.0044497752579611815,0.15,-0.005,262.92505165622174,46.71822233216924,0.3049725878657367,0.0,262087.07995230507,6289.0490031383415,19831865.038771432,399.25771797309136,311.8114703702304
-0.0044497752579611815,0.15,0.005,262.92505165622174,46.71797276561019,0.3049773851473669,0.0,262087.01237776282,6289.049008075191,19831845.569758076,399.25763243458243,311.8114369683844
-0.0044497752579611815,0.15,0.015,262.92505165622174,46.71822233216924,0.3049725878657367,0.0,262087.07995230507,6289.0490031383415,19831865.038771432,399.25771797309136,311.8114703702304
-0.0044497752579611815,0.18333333333333332,-0.005,262.9095507065108,46.305323602817055,0.3119087632721679,0.0,262064.6857219105,6289.052158799415,19830452.10999912,399.2528354489843,311.8095637925903
-0.0044497752579611815,0.18333333333333332,0.005,262.9095507065108,46.305067025567,0.311905654471083,0.0,262064.62273122446,6289.05216419045,19830434.223808672,399.2527572653108,311.80953326254
-0.0044497752579611815,0.18333333333333332,0.015,262.9095507065108,46.305323602817055,0.3119087632721679,0.0,262064.6857219105,6289.052158799415,19830452.10999912,399.2528354489843,311.8095637925903
-0.0044497752579611815,0.21666666666666667,-0.005,262.90234944063855,45.885707736121205,0.29238084323445607,0.0,262044.53820011546,6289.055347234021,19829846.591556016,399.25161285633357,311.80908638036044
-0.0044497752579611815,0.21666666666666667,0.005,262.90234944063855,45.885445027374054,0.292362708437918,0.0,262044.4813986491,6289.0553530805355,19829830.815785192,399.251544412925,311.8090596537588
-0.0044497752579611815,0.21666666666666667,0.015,262.90234944063855,45.885707736121205,0.29238084323445607,0.0,262044.53820011546,6289.055347234021,19829846.591556016,399.25161285633357,311.80908638036044
-0.0044497752579611815,0.25,-0.005,262.9100993019259,45.457713965787825,0.241707448732694,0.0,262028.47310803767,6289.058554567027,19830694.556210805,399.2569603165262,311.81117451355806
-0.0044497752579611815,0.25,0.005,262.9100993019259,45.457445202457166,0.24166442842336672,0.0,262028.42463077238,6289.058560873345,19830681.609595284,399.25690486386736,311.81115285988517
-0.0044497752579611815,0.25,0.015,262.9100993019259,45.457713965787825,0.241707448732694,0.0,262028.47310803767,6289.058554567027,19830694.556210805,399.2569603165262,311.81117451355806
-0.0044497752579611815,0.2833333333333333,-0.005,262.9418834469108,45.01891678213195,0.1523191918962872,0.0,262018.99658606978,6289.061771257622,19833878.69016369,399.27285674544675,311.81738183782323
-0.0044497752579611815,0.2833333333333333,0.005,262.9418834469108,45.018640968979916,0.15223828314097712,0.0,262018.95921816913,6289.061778034432,19833869.526132517,399.27281859535304,311.8173669409145
-0.0044497752579611815,0.2833333333333333,0.015,262.9418834469108,45.01891678213195,0.1523191918962872,0.0,262018.99658606978,6289.061771257622,19833878.69016369,399.27285674544675,311.81738183782323
-0.0044497752579611815,0.31666666666666665,-0.005,263.0096303606611,44.565758244818426,0.013108501985796748,0.0,262019.39314410207,6289.064996421061,19840558.906058628,399.3045318657048,311.82975014313314
-0.0044497752579611815,0.31666666666666665,0.005,263.0096303606611,44.56547303234779,0.012973696790076488,0.0,262019.3703075095,6289.065003690326,19840554.710344683,399.30451637828287,311.8297440958202
-0.0044497752579611815,0.31666666666666665,0.015,263.0096303606611,44.565758244818426,0.013108501985796748,0.0,262019.39314410207,6289.064996421061,19840558.906058628,399.3045318657048,311.82975014313314
-0.0044497752579611815,0.35,-0.005,263.1280339436672,44.0931336226993,-0.19059800222832657,0.0,262033.6938008746,6289.068244435166,19852165.316798404,399.3584306510379,311.85079508038416
-0.0044497752579611815,0.35,0.005,263.1280339436672,44.092835090184785,-0.1908045137611108,0.0,262033.68928335022,6289.068252235688,19852167.41611132,399.3584438164826,311.8508002206968
-0.0044497752579611815,0.35,0.015,263.1280339436672,44.0931336226993,-0.19059800222832657,0.0,262033.6938008746,6289.068244435166,19852165.316798404,399.3584306510379,311.85079508038416
-0.0044497752579611815,0.38333333333333336,-0.005,263.3134935304434,43.594033251548545,-0.47587376602185116,0.0,262066.36922274943,6289.0715522771,19870296.29445689,399.4417448696708,311.8833225649667
-0.0044497752579611815,0.38333333333333336,0.005,263.3134935304434,43.59371588858527,-0.4761688076753101,0.0,262066.3865262671,6289.071560666885,19870305.933147732,399.4417922890343,311.88334107743873
-0.0044497752579611815,0.38333333333333336,0.015,263.3134935304434,43.594033251548545,-0.47587376602185116,0.0,262066.36922274943,6289.0715522771,19870296.29445689,399.4417448696708,311.8833225649667
-0.0044497752579611815,0.4166666666666667,-0.005,263.58158809968336,43.059409369540454,-0.8592691920214037,0.0,262121.6127937035,6289.074982550584,19896474.113625426,399.5612964032077,311.92999187343423
-0.0044497752579611815,0.4166666666666667,0.005,263.58158809968336,43.059066423845934,-0.8596640214246987,0.0,262121.65405087222,6289.074991598581,19896492.079995353,399.56138158693096,311.9300251240981
-0.0044497752579611815,0.4166666666666667,0.015,263.58158809968336,43.059409369540454,-0.8592691920214037,0.0,262121.6127937035,6289.074982550584,19896474.113625426,399.5612964032077,311.92999187343423
-0.0044497752579611815,0.45,-0.005,263.94288697169515,42.47847272678305,-1.3519198042836127,0.0,262202.15814405674,6289.078613471005,19931738.130956534,399.72168547325197,311.9925919576827
-0.0044497752579611815,0.45,0.005,263.94288697169515,42.47809705119695,-1.3524142750991217,0.0,262202.22272308375,6289.0786232303735,19931764.2743363,399.7218076518943,311.99263963939444
-0.0044497752579611815,0.45,0.015,263.94288697169515,42.47847272678305,-1.3519198042836127,0.0,262202.15814405674,6289.078613471005,19931738.130956534,399.72168547325197,311.9925919576827
-0.0044497752579611815,0.48333333333333334,-0.005,264.3975820150929,41.839573177004276,-1.953296651625832,0.0,262307.7660717623,6289.082508398769,19976121.310179044,399.922923014534,312.071117497122
-0.0044497752579611815,0.48333333333333334,0.005,264.3975820150929,41.839158561839604,-1.9538737252240375,0.0,262307.84924499935,6289.082518863107,19976154.07768835,399.92307506094966,312.071176820166
-0.0044497752579611815,0.48333333333333334,0.015,264.3975820150929,41.839573177004276,-1.953296651625832,0.0,262307.7660717623,6289.082508398769,19976121.310179044,399.922923014534,312.071117497122
-0.0044497752579611815,0.5166666666666667,-0.005,264.93040942261564,41.13163418873182,-2.6453722165993008,0.0,262433.79388728103,6289.086670188666,20028151.725920107,400.15820710318025,312.16290339879816
-0.0044497752579611815,0.5166666666666667,0.005,264.93040942261564,41.13117691597574,-2.6459953593864096,0.0,262433.8861717404,6289.0866812522845,20028187.927638084,400.1583745250653,312.16296870159005
-0.0044497752579611815,0.5166666666666667,0.015,264.93040942261564,41.13163418873182,-2.6453722165993008,0.0,262433.79388728103,6289.086670188666,20028151.725920107,400.15820710318025,312.16290339879816
-0.0044497752579611815,0.55,-0.005,265.5081739683492,40.345812932133214,-3.389927918714608,0.0,262570.5051195509,6289.091007084944,20084604.583053555,400.4128761590163,312.2622211010262
-0.0044497752579611815,0.55,0.005,265.5081739683492,40.345313041697004,-3.3905439119150147,0.0,262570.5929228086,6289.091018543139,20084639.602365546,400.4130381337206,312.26228425905487
-0.0044497752579611815,0.55,0.015,265.5081739683492,40.345812932133214,-3.389927918714608,0.0,262570.5051195509,6289.091007084944,20084604.583053555,400.4128761590163,312.2622211010262
-0.0044497752579611815,0.5833333333333334,-0.005,266.0821819916932,39.47677780796701,-4.131618084070672,0.0,262703.7833575775,6289.095346931307,20140732.47029583,400.66554957984107,312.36072932223374
-0.0044497752579611815,0.5833333333333334,0.005,266.0821819916932,39.476239506996514,-4.132166199714493,0.0,262703.851210108,6289.0953585408715,20140761.016282663,400.6656824201301,312.36078110368356
-0.0044497752579611815,0.5833333333333334,0.015,266.0821819916932,39.47677780796701,-4.131618084070672,0.0,262703.7833575775,6289.095346931307,20140732.47029583,400.66554957984107,312.36072932223374
-0.0044497752579611815,0.6166666666666667,-0.005,266.5964837603302,38.52294211414235,-4.807641778563458,0.0,262817.51342395984,6289.099510968112,20191066.418362632,400.89181147534197,312.448914288136
-0.0044497752579611815,0.6166666666666667,0.005,266.5964837603302,38.52237302507636,-4.8080674183994585,0.0,262817.5473805012,6289.099522539181,20191083.680992607,400.89189382619196,312.4489463796275
-0.0044497752579611815,0.6166666666666667,0.015,266.5964837603302,38.52294211414235,-4.807641778563458,0.0,262817.51342395984,6289.099510968112,20191066.418362632,400.89181147534197,312.448914288136
-0.0044497752579611815,0.65,-0.005,267.00027123961365,37.485300867737614,-5.361874946573586,0.0,262897.15004988416,6289.103406098308,20230629.505517595,401.06964947049477,312.51820870374576
-0.0044497752579611815,0.65,0.005,267.00027123961365,37.48471033070577,-5.362143155429702,0.0,262897.1411349911,6289.103417549747,20230632.334595654,401.06966749590225,312.51821572655086
-0.0044497752579611815,0.65,0.015,267.00027123961365,37.485300867737614,-5.361874946573586,0.0,262897.15004988416,6289.103406098308,20230629.505517595,401.06964947049477,312.51820870374576
-0.0044497752579611815,0.6833333333333333,-0.005,267.2603382440983,36.36508459905031,-5.758638866621314,0.0,262933.2818561332,6289.107067339649,20256161.838481545,401.18482404534114,312.56307817734086
-0.0044497752579611815,0.6833333333333333,0.005,267.2603382440983,36.36448172311289,-5.758742442474761,0.0,262933.22819516755,6289.10707867309,20256149.484290052,401.18477458250743,312.56305890909454
-0.0044497752579611815,0.6833333333333333,0.015,267.2603382440983,36.36508459905031,-5.758638866621314,0.0,262933.2818561332,6289.107067339649,20256161.838481545,401.18482404534114,312.56307817734086
-0.0044497752579611815,0.7166666666666667,-0.005,267.3687925510137,35.16093273202923,-5.990697920159712,0.0,262923.7978625869,6289.110620601124,20266881.666172124,401.2341076781227,312.5822760257979
-0.0044497752579611815,0.7166666666666667,0.005,267.3687925510137,35.160325005004076,-5.990656909784956,0.0,262923.7046293752,6289.110631819937,20266855.779816344,401.2339981183827,312.58223334942204
-0.0044497752579611815,0.7166666666666667,0.015,267.3687925510137,35.16093273202923,-5.990697920159712,0.0,262923.7978625869,6289.110620601124,20266881.666172124,401.2341076781227,312.5822760257979
-0.0044497752579611815,0.75,-0.005,267.3429572696868,33.86634515954298,-6.078218689349311,0.0,262873.7888633893,6289.114207067592,20264478.761374585,401.22514914994343,312.5787864262033
-0.0044497752579611815,0.75,0.005,267.3429572696868,33.86573808760467,-6.078071849073552,0.0,262873.66615531594,6289.114218111263,20264442.683272984,401.2249942531129,312.57872608917296
-0.0044497752579611815,0.75,0.015,267.3429572696868,33.86634515954298,-6.078218689349311,0.0,262873.7888633893,6289.114207067592,20264478.761374585,401.22514914994343,312.5787864262033
-0.0044497752579611815,0.7833333333333333,-0.005,267.21780805868366,32.467659871964436,-6.059211144962362,0.0,262793.3091338242,6289.117938571597,20252373.6697415,401.1731772150169,312.5585411219236
-0.0044497752579611815,0.7833333333333333,0.005,267.21780805868366,32.46705754850722,-6.059003331464005,0.0,262793.1687820622,6289.117949308466,20252331.34502251,401.1729943539139,312.55846988734294
-0.0044497752579611815,0.7833333333333333,0.015,267.21780805868366,32.467659871964436,-6.059211144962362,0.0,262793.3091338242,6289.117938571597,20252373.6697415,401.1731772150169,312.5585411219236
-0.0044497752579611815,0.8166666666666667,-0.005,267.03448645812887,30.941836862622583,-5.975318398580503,0.0,262694.0236708768,6289.121914024635,20234591.985076696,401.0960705349616,312.5285023369937
-0.0044497752579611815,0.8166666666666667,0.005,267.03448645812887,30.941242927601838,-5.975089046155033,0.0,262693.87631126685,6289.121924286844,20234546.960915364,401.0958753208794,312.52842628293007
-0.0044497752579611815,0.8166666666666667,0.015,267.03448645812887,30.941836862622583,-5.975318398580503,0.0,262694.0236708768,6289.121914024635,20234591.985076696,401.0960705349616,312.5285023369937
-0.0044497752579611815,0.85,-0.005,266.8296828621929,29.251940250815395,-5.857843948573453,0.0,262586.0852483604,6289.126274906803,20214725.18284683,401.0098191406129,312.49489758443326
-0.0044497752579611815,0.85,0.005,266.8296828621929,29.251358652867005,-5.857620384637426,0.0,262585.9386128183,6289.126284525292,20214680.021107987,401.0096228536468,312.49482110415784
-0.0044497752579611815,0.85,0.015,266.8296828621929,29.251940250815395,-5.857843948573453,0.0,262586.0852483604,6289.126274906803,20214725.18284683,401.0098191406129,312.49489758443326
-0.0044497752579611815,0.8833333333333333,-0.005,266.6294928840906,27.335459460481736,-5.7167562478445735,0.0,262476.19245323667,6289.131276793177,20195331.307420768,400.92590948364904,312.4622017373143
-0.0044497752579611815,0.8833333333333333,0.005,266.6294928840906,27.33489475926307,-5.716552695680496,0.0,262476.0510958268,6289.131285608771,20195287.487653,400.9257186360088,312.4621273686098
-0.0044497752579611815,0.8833333333333333,0.015,266.6294928840906,27.335459460481736,-5.7167562478445735,0.0,262476.19245323667,6289.131276793177,20195331.307420768,400.92590948364904,312.4622017373143
-0.0044497752579611815,0.9166666666666666,-0.005,266.44871808470685,25.071083960932455,-5.52961778886858,0.0,262366.90493216005,6289.137440368077,20177871.76772315,400.8511030298298,312.4330501171182
-0.0044497752579611815,0.9166666666666666,0.005,266.44871808470685,25.070541370215743,-5.529438344942987,0.0,262366.77095477155,6289.137448218667,20177829.927177597,400.85092040551325,312.43297894620423
-0.0044497752579611815,0.9166666666666666,0.015,266.44871808470685,25.071083960932455,-5.52961778886858,0.0,262366.90493216005,6289.137440368077,20177871.76772315,400.8511030298298,312.4330501171182
-0.0044497752579611815,0.95,-0.005,266.29445247180354,22.159099103181376,-5.2105165997301,0.0,262256.1183347107,6289.14630700977,20163085.820496485,400.7894446784138,312.4090201874213
-0.0044497752579611815,0.95,0.005,266.29445247180354,22.15858495285697,-5.21035965615356,0.0,262255.9924695688,6289.146313689904,20163046.09522522,400.7892708157854,312.40895242583224
-0.0044497752579611815,0.95,0.015,266.29445247180354,22.159099103181376,-5.2105165997301,0.0,262256.1183347107,6289.14630700977,20163085.820496485,400.7894446784138,312.4090201874213
-0.0044497752579611815,0.9833333333333334,-0.005,266.1743652736368,17.310541314584945,-4.3900628707932965,0.0,262131.5783372259,6289.169364803491,20152074.929812714,400.7513292228225,312.3941646374397
-0.0044497752579611815,0.9833333333333334,0.005,266.1743652736368,17.310066958915762,-4.3899257369129785,0.0,262131.46107715563,6289.169369887985,20152037.179457106,400.7511633265236,312.39409997759043
-0.0044497752579611815,0.9833333333333334,0.015,266.1743652736368,17.310541314584945,-4.3900628707932965,0.0,262131.5783372259,6289.169364803491,20152074.929812714,400.7513292228225,312.3941646374397
-0.0044497752579611815,1.0166666666666666,-0.005,266.1576301069509,0.0010885413442569573,-0.00027606097648277654,0.0,262127.0598115043,6289.567766841028,20162726.118271634,400.9883563695877,312.48653482639287
-0.0044497752579611815,1.0166666666666666,0.005,266.14089494026496,-17.310541314584945,4.3900628707932965,0.0,262122.54071746866,6289.170572493401,20148845.510340035,400.73750394169906,312.3887760409682
-0.0044497752579611815,1.0166666666666666,0.015,266.1576301069509,0.0010885413442569573,-0.00027606097648277654,0.0,262127.0598115043,6289.567766841028,20162726.118271634,400.9883563695877,312.48653482639287
-0.0037245168314777883,-0.016666666666666666,-0.005,264.13608680337836,49.28471598981225,0.0,0.0,262545.8947318298,6289.0210725218585,19948828.242620286,399.7712021000181,312.0119158308668
-0.0037245168314777883,-0.016666666666666666,0.005,264.1360868033784,49.28471598981225,-0.02476716309641118,0.0,262545.8947318298,6289.021071754655,19948828.21920776,399.7712016308349,312.0119156477737
-0.0037245168314777883,-0.016666666666666666,0.015,264.13608680337836,49.28471598981225,0.0,0.0,262545.8947318298,6289.0210725218585,19948828.242620286,399.7712021000181,312.0119158308668
-0.0037245168314777883,0.016666666666666666,-0.005,264.13608680337836,49.28471598981225,0.02476716309641118,0.0,262545.8947318298,6289.021071754655,19948828.21920776,399.7712016308349,312.0119156477737
-0.0037245168314777883,0.016666666666666666,0.005,264.13608680337836,49.28459498595079,0.02477183847295132,0.0,262545.85269075737,6289.021072282766,19948815.880063392,399.7711464412664,312.0118941107001
-0.0037245168314777883,0.016666666666666666,0.015,264.13608680337836,49.28471598981225,0.02476716309641118,0.0,262545.8947318298,6289.021071754655,19948828.21920776,399.7712016308349,312.0119156477737
-0.0037245168314777883,0.05,-0.005,264.1227170874934,48.96186533340549,0.06974690620077124,0.0,262526.38394608465,6289.021495850258,19947539.582878023,399.7656128115255,312.0097346698713
-0.0037245168314777883,0.05,0.005,264.1227170874934,48.96173077161393,0.06976037171980834,0.0,262526.34139702405,6289.021496480944,19947527.273001302,399.7655577993191,312.00971320186113
-0.0037245168314777883,0.05,0.015,264.1227170874934,48.96186533340549,0.06974690620077124,0.0,262526.38394608465,6289.021495850258,19947539.582878023,399.7656128115255,312.0097346698713
-0.0037245168314777883,0.08333333333333333,-0.005,264.10285297352254,48.62238264660526,0.10273811982730943,0.0,262504.33342832525,6289.021973972352,19945620.322204776,399.75721559366036,312.00645771533493
-0.0037245168314777883,0.08333333333333333,0.005,264.10285297352254,48.62223463382611,0.10275789027577062,0.0,262504.29059878574,6289.02197471215,19945608.11297565,399.7571610813216,312.00643644217007
-0.0037245168314777883,0.08333333333333333,0.015,264.10285297352254,48.62238264660526,0.10273811982730943,0.0,262504.33342832525,6289.021973972352,19945620.322204776,399.75721559366036,312.00645771533493
-0.0037245168314777883,0.11666666666666667,-0.005,264.0788651772158,48.26825577470898,0.12331702725097135,0.0,262480.53143345483,6289.022503866193,19943301.132416364,399.7470450156128,312.00248867351456
-0.0037245168314777883,0.11666666666666667,0.005,264.0788651772158,48.268094633486484,0.1233398614323487,0.0,262480.4887183844,6289.022504720031,19943289.14882039,399.7469915663787,312.0024678149556
-0.0037245168314777883,0.11666666666666667,0.015,264.0788651772158,48.26825577470898,0.12331702725097135,0.0,262480.53143345483,6289.022503866193,19943301.132416364,399.7470450156128,312.00248867351456
-0.0037245168314777883,0.15,-0.005,264.0537719362733,47.89930460214502,0.1305450646321759,0.0,262455.84572048,6289.023082989491,19940875.68866074,399.73641928879886,311.99834195713186
-0.0037245168314777883,0.15,0.005,264.0537719362733,47.89913061652739,0.13056660180006968,0.0,262455.8037510536,6289.0230839612,19940864.1367264,399.73636783042554,311.99832187523924
-0.0037245168314777883,0.15,0.015,264.0537719362733,47.89930460214502,0.1305450646321759,0.0,262455.84572048,6289.023082989491,19940875.68866074,399.73641928879886,311.99834195713186
-0.0037245168314777883,0.18333333333333332,-0.005,264.03150160409683,47.515355467542776,0.12243663825481094,0.0,262431.4057698471,6289.023708190935,19938726.16104778,399.72705457375,311.9946873080436
-0.0037245168314777883,0.18333333333333332,0.005,264.03150160409683,47.515168794282026,0.12245096007976397,0.0,262431.3655523369,6289.023709283834,19938715.376340244,399.72700661701344,311.99466859246337
-0.0037245168314777883,0.18333333333333332,0.015,264.03150160409683,47.515355467542776,0.12243663825481094,0.0,262431.4057698471,6289.023708190935,19938726.16104778,399.72705457375,311.9946873080436
-0.0037245168314777883,0.21666666666666667,-0.005,264.01733331911163,47.1161056213342,0.0953074787860401,0.0,262408.7229234906,6289.024376353273,19937366.111706533,399.7212582136976,311.9924252143507
-0.0037245168314777883,0.21666666666666667,0.005,264.01733331911163,47.11590616878119,0.09530648967222434,0.0,262408.6860095657,6289.024377571343,19937356.618814137,399.7212161205034,311.99240878695554
-0.0037245168314777883,0.21666666666666667,0.015,264.01733331911163,47.1161056213342,0.0953074787860401,0.0,262408.7229234906,6289.024376353273,19937366.111706533,399.7212582136976,311.9924252143507
-0.0037245168314777883,0.25,-0.005,264.0185013659658,46.70090338579849,0.04297624291243956,0.0,262389.8544247003,6289.025085881718,19937499.383804385,399.7221938617899,311.99279036248913
-0.0037245168314777883,0.25,0.005,264.0185013659658,46.700690647231106,0.04294896234238426,0.0,262389.82309259527,6289.025087231898,19937491.95987323,399.7221611314961,311.9927775890979
-0.0037245168314777883,0.25,0.015,264.0185013659658,46.70090338579849,0.04297624291243956,0.0,262389.8544247003,6289.025085881718,19937499.383804385,399.7221938617899,311.99279036248913
-0.0037245168314777883,0.2833333333333333,-0.005,264.0448785664384,46.268468135155764,-0.04409200980878157,0.0,262377.5891997546,6289.025839754176,19940086.816365454,399.7341814924805,311.99746864451333
-0.0037245168314777883,0.2833333333333333,0.005,264.0448785664384,46.26824098282679,-0.044160011053453005,0.0,262377.5665932646,6289.0258412505045,19940082.540310666,399.73416298325407,311.9974614211732
-0.0037245168314777883,0.2833333333333333,0.015,264.0448785664384,46.268468135155764,-0.04409200980878157,0.0,262377.5891997546,6289.025839754176,19940086.816365454,399.7341814924805,311.99746864451333
-0.0037245168314777883,0.31666666666666665,-0.005,264.1095253811362,45.81656230830295,-0.17945869762223188,0.0,262375.5960797116,6289.026651017742,19946400.14561185,399.76293866022604,312.00869110508484
-0.0037245168314777883,0.31666666666666665,0.005,264.1095253811362,45.81631878455825,-0.17958530286028032,0.0,262375.5862085232,6289.02665268795,19946400.399402853,399.76294059302336,312.00869185934386
-0.0037245168314777883,0.31666666666666665,0.015,264.1095253811362,45.81656230830295,-0.17945869762223188,0.0,262375.5960797116,6289.026651017742,19946400.14561185,399.76293866022604,312.00869110508484
-0.0037245168314777883,0.35,-0.005,264.2287218854147,45.34166200218776,-0.38075622637483736,0.0,262388.4281594859,6289.027551212773,19958025.983054314,399.8155944681033,312.0292389437442
-0.0037245168314777883,0.35,0.005,264.2287218854147,45.34139918777661,-0.3809616398618408,0.0,262388.4356245811,6289.027553106494,19958032.357511934,399.8156239972417,312.0292504664994
-0.0037245168314777883,0.35,0.015,264.2287218854147,45.34166200218776,-0.38075622637483736,0.0,262388.4281594859,6289.027551212773,19958025.983054314,399.8155944681033,312.0292389437442
-0.0037245168314777883,0.38333333333333336,-0.005,264.42094479510064,44.838725084768555,-0.6684767928510826,0.0,262421.233762509,6289.028600224743,19976767.591206253,399.9002387666952,312.06226679295816
-0.0037245168314777883,0.38333333333333336,0.005,264.42094479510064,44.83843916933687,-0.6687806683338752,0.0,262421.2630639033,6289.028602419067,19976781.64653008,399.90030289106676,312.0622918126931
-0.0037245168314777883,0.38333333333333336,0.015,264.42094479510064,44.838725084768555,-0.6684767928510826,0.0,262421.233762509,6289.028600224743,19976767.591206253,399.9002387666952,312.06226679295816
-0.0037245168314777883,0.4166666666666667,-0.005,264.7042333414823,44.30120831345189,-1.0628626185598449,0.0,262479.01813175704,6289.029891783027,20004390.049579762,400.0247603582124,312.11084824135787
-0.0037245168314777883,0.4166666666666667,0.005,264.7042333414823,44.300895008321305,-1.0632791592577597,0.0,262479.0724847767,6289.029894376351,20004412.905154146,400.024864059762,312.11088869682425
-0.0037245168314777883,0.4166666666666667,0.015,264.7042333414823,44.30120831345189,-1.0628626185598449,0.0,262479.01813175704,6289.029891783027,20004390.049579762,400.0247603582124,312.11084824135787
-0.0037245168314777883,0.45,-0.005,265.0916769621013,43.72149930281355,-1.5786097823035536,0.0,262565.3777759043,6289.031543852561,20042181.886132557,400.19485649493146,312.1771981432179
-0.0037245168314777883,0.45,0.005,265.0916769621013,43.72115467677336,-1.5791413052994154,0.0,262565.457541992,6289.031546936225,20042213.677152306,400.19500028266066,312.17725422495613
-0.0037245168314777883,0.45,0.015,265.0916769621013,43.72149930281355,-1.5786097823035536,0.0,262565.3777759043,6289.031543852561,20042181.886132557,400.19485649493146,312.1771981432179
-0.0037245168314777883,0.48333333333333334,-0.005,265.58548515025353,43.091851573875815,-2.2179725139274957,0.0,262680.82978356286,6289.033663729351,20090376.354794964,400.411421740614,312.2616539859805
-0.0037245168314777883,0.48333333333333334,0.005,265.58548515025353,43.09147322600973,-2.218603150692287,0.0,262680.93090067117,6289.033667336564,20090415.69003305,400.41159922475515,312.26172319165534
-0.0037245168314777883,0.48333333333333334,0.015,265.58548515025353,43.091851573875815,-2.2179725139274957,0.0,262680.82978356286,6289.033663729351,20090376.354794964,400.411421740614,312.2616539859805
-0.0037245168314777883,0.5166666666666667,-0.005,266.17118245168103,42.4057057917841,-2.9641306064990323,0.0,262821.1634697353,6289.036292064598,20147581.06415684,400.6680098158346,312.3616883264835
-0.0037245168314777883,0.5166666666666667,0.005,266.17118245168103,42.405294028687265,-2.964822889804913,0.0,262821.2765400234,6289.036296120094,20147624.71209195,400.6682063564101,312.36176493821307
-0.0037245168314777883,0.5166666666666667,0.015,266.17118245168103,42.4057057917841,-2.9641306064990323,0.0,262821.1634697353,6289.036292064598,20147581.06415684,400.6680098158346,312.3616883264835
-0.0037245168314777883,0.5499999999999999,-0.005,266.8144449966246,41.65898797138937,-3.7777768760824957,0.0,262976.5259785745,6289.0393567264455,20210461.370289605,400.94949270639546,312.47139141197687
-0.0037245168314777883,0.5499999999999999,0.005,266.8144449966246,41.65854645578082,-3.7784740677335886,0.0,262976.6367330806,6289.03936104126,20210504.419639125,400.9496862400589,312.47146682512357
-0.0037245168314777883,0.5499999999999999,0.015,266.8144449966246,41.65898797138937,-3.7777768760824957,0.0,262976.5259785745,6289.0393567264455,20210461.370289605,400.94949270639546,312.47139141197687
-0.0037245168314777883,0.5833333333333334,-0.005,267.4631713873448,40.85074963445774,-4.599851569351259,0.0,263131.99077412405,6289.042682901148,20273933.817643788,401.2330545193157,312.58186579273627
-0.0037245168314777883,0.5833333333333334,0.005,267.4631713873448,40.85028500709707,-4.60048697947011,0.0,263132.0822868076,6289.042687242603,20273970.43753607,401.2332190742475,312.5819298912467
-0.0037245168314777883,0.5833333333333334,0.015,267.4631713873448,40.85074963445774,-4.599851569351259,0.0,263131.99077412405,6289.042682901148,20273933.817643788,401.2330545193157,312.58186579273627
-0.0037245168314777883,0.6166666666666667,-0.005,268.0559270163244,39.982566120453825,-5.361514516581971,0.0,263269.9525911759,6289.046078945123,20331986.574947674,401.4919755293236,312.68270613820766
-0.0037245168314777883,0.6166666666666667,0.005,268.0559270163244,39.982086474925154,-5.362025992796666,0.0,263270.00886928407,6289.046083153887,20332011.246084213,401.49208676194536,312.6827494522923
-0.0037245168314777883,0.6166666666666667,0.015,268.0559270163244,39.982566120453825,-5.361514516581971,0.0,263269.9525911759,6289.046078945123,20331986.574947674,401.4919755293236,312.68270613820766
-0.0037245168314777883,0.6499999999999999,-0.005,268.53514893903895,39.056535881614266,-5.999217471829251,0.0,263373.8962112872,6289.04945382566,20378973.498626057,401.701424857556,312.76425526951016
-0.0037245168314777883,0.6499999999999999,0.005,268.53514893903895,39.0560485601278,-5.99956225408428,0.0,263373.905998274,6289.049457898554,20378982.319081206,401.70146578057097,312.76427120081536
-0.0037245168314777883,0.6499999999999999,0.015,268.53514893903895,39.056535881614266,-5.999217471829251,0.0,263373.8962112872,6289.04945382566,20378973.498626057,401.701424857556,312.76425526951016
-0.0037245168314777883,0.6833333333333333,-0.005,268.86081071308945,38.07235596075892,-6.469804077219648,0.0,263432.2972105408,6289.052881977294,20410960.09416606,401.84433617647056,312.8198856142323
-0.0037245168314777883,0.6833333333333333,0.005,268.86081071308945,38.071865583174194,-6.4699683317320265,0.0,263432.25653380953,6289.052886051877,20410951.65886403,401.8443008855971,312.81987187795903
-0.0037245168314777883,0.6833333333333333,0.015,268.86081071308945,38.07235596075892,-6.469804077219648,0.0,263432.2972105408,6289.052881977294,20410960.09416606,401.84433617647056,312.8198856142323
-0.0037245168314777883,0.7166666666666667,-0.005,269.01937849688164,37.02439399724053,-6.759856200243216,0.0,263441.1590125443,6289.056568807836,20426609.53246893,401.9151519233304,312.8474480257867
-0.0037245168314777883,0.7166666666666667,0.005,269.01937849688164,37.0239016051563,-6.75985563019948,0.0,263441.07148400816,6289.056573066794,20426585.043065555,401.915045920533,312.84740676993124
-0.0037245168314777883,0.7166666666666667,0.015,269.01937849688164,37.02439399724053,-6.759856200243216,0.0,263441.1590125443,6289.056568807836,20426609.53246893,401.9151519233304,312.8474480257867
-0.0037245168314777883,0.7499999999999999,-0.005,269.02465914863114,35.89957973053534,-6.885701494611083,0.0,263404.21479723265,6289.060754885218,20427270.09081526,401.920062618142,312.8493592421714
-0.0037245168314777883,0.7499999999999999,0.005,269.02465914863114,35.899083395307166,-6.8855733840580315,0.0,263404.08969452104,6289.060759460557,20427232.698587168,401.91989984914767,312.84929589352885
-0.0037245168314777883,0.7499999999999999,0.015,269.02465914863114,35.89957973053534,-6.885701494611083,0.0,263404.21479723265,6289.060754885218,20427270.09081526,401.920062618142,312.8493592421714
-0.0037245168314777883,0.7833333333333333,-0.005,268.91069217146713,34.67622744886376,-6.884436419876474,0.0,263330.854573596,6289.06564121716,20416277.803109452,401.87389179925634,312.8313893430521
-0.0037245168314777883,0.7833333333333333,0.005,268.91069217146713,34.67572397051899,-6.8842270356744795,0.0,263330.7036856456,6289.0656461553135,20416231.518996976,401.8736898910597,312.83131075716875
-0.0037245168314777883,0.7833333333333333,0.015,268.91069217146713,34.67622744886376,-6.884436419876474,0.0,263330.854573596,6289.06564121716,20416277.803109452,401.87389179925634,312.8313893430521
-0.0037245168314777883,0.8166666666666667,-0.005,268.72018919935095,33.32276999892498,-6.799796822204042,0.0,263232.7822597441,6289.071384084579,20397820.72229834,401.79514599188605,312.80073872392717
-0.0037245168314777883,0.8166666666666667,0.005,268.72018919935095,33.32225684642121,-6.799549414027883,0.0,263232.6168448765,6289.071389368348,20397769.36095677,401.7949216802776,312.8006514097233
-0.0037245168314777883,0.8166666666666667,0.015,268.72018919935095,33.32276999892498,-6.799796822204042,0.0,263232.7822597441,6289.071384084579,20397820.72229834,401.79514599188605,312.80073872392717
-0.0037245168314777883,0.8500000000000001,-0.005,268.4933960020428,31.79392646985195,-6.667813992202087,0.0,263120.7577569777,6289.078149124379,20375846.019601654,401.70128197367524,312.76419964489475
-0.0037245168314777883,0.8500000000000001,0.005,268.4933960020428,31.793403148770274,-6.66756130186031,0.0,263120.58662359265,6289.078154709262,20375792.531409513,401.7010482125257,312.76410864178774
-0.0037245168314777883,0.8500000000000001,0.015,268.4933960020428,31.79392646985195,-6.667813992202087,0.0,263120.7577569777,6289.078149124379,20375846.019601654,401.70128197367524,312.76419964489475
-0.0037245168314777883,0.8833333333333333,-0.005,268.2611394719615,30.01908032744402,-6.50510598929665,0.0,263002.4011218714,6289.086206263068,20353380.295775533,401.60577876777046,312.72701808650373
-0.0037245168314777883,0.8833333333333333,0.005,268.2611394719615,30.01854885123601,-6.504868326185216,0.0,263002.2301100356,6289.086212096142,20353326.58474609,401.60554393377066,312.72692665486716
-0.0037245168314777883,0.8833333333333333,0.015,268.2611394719615,30.01908032744402,-6.50510598929665,0.0,263002.4011218714,6289.086206263068,20353380.295775533,401.60577876777046,312.72701808650373
-0.0037245168314777883,0.9166666666666666,-0.005,268.0432204934892,27.86802932283074,-6.296878567004747,0.0,262881.1460790289,6289.096143905084,20332379.021434516,401.51756872588726,312.69267199421597
-0.0037245168314777883,0.9166666666666666,0.005,268.0432204934892,27.86749410394632,-6.2966659451193765,0.0,262880.97857274336,6289.096149919749,20332326.115291007,401.5173373482811,312.692581898417
-0.0037245168314777883,0.9166666666666666,0.015,268.0432204934892,27.86802932283074,-6.296878567004747,0.0,262881.1460790289,6289.096143905084,20332379.021434516,401.51756872588726,312.69267199421597
-0.0037245168314777883,0.9500000000000001,-0.005,267.8511084350595,25.027777665149422,-5.964602873263118,0.0,262755.095535617,6289.109817767285,20314020.55539386,401.4427720846502,312.6635456834985
-0.0037245168314777883,0.9500000000000001,0.005,267.8511084350595,25.027245771817324,-5.964418818398487,0.0,262754.93341863283,6289.109823850715,20313968.903804094,401.4425461298193,312.6634576910704
-0.0037245168314777883,0.9500000000000001,0.015,267.8511084350595,25.027777665149422,-5.964602873263118,0.0,262755.095535617,6289.109817767285,20314020.55539386,401.4427720846502,312.6635456834985
-0.0037245168314777883,0.9833333333333333,-0.005,267.69494521598625,20.171384307605496,-5.14129763958846,0.0,262608.79850262887,6289.140354330382,20299702.467969544,401.3938617488292,312.64449820537055
-0.0037245168314777883,0.9833333333333333,0.005,267.69494521598625,20.17086981230802,-5.141143331525847,0.0,262608.64333254285,6289.140360181957,20299652.15111065,401.39364146694044,312.6444124169012
-0.0037245168314777883,0.9833333333333333,0.015,267.69494521598625,20.171384307605496,-5.14129763958846,0.0,262608.79850262887,6289.140354330382,20299702.467969544,401.3938617488292,312.64449820537055
-0.0037245168314777883,1.0166666666666666,-0.005,267.6799641825974,0.0011289788526376288,-0.0002877549811005838,0.0,262604.64881305856,6289.680141494906,20315006.00636236,401.71894720928316,312.77107663631
-0.0037245168314777883,1.0166666666666666,0.005,267.6649831492086,-20.17138430760536,5.1412976395884264,0.0,262600.4986589516,6289.140823899724,20296788.236537054,401.38116507921916,312.6395534669621
-0.0037245168314777883,1.0166666666666666,0.015,267.6799641825974,0.0011289788526376288,-0.0002877549811005838,0.0,262604.64881305856,6289.680141494906,20315006.00636236,401.71894720928316,312.77107663631
-0.0029992584049943955,-0.016666666666666666,-0.005,264.7213785883324,49.654572360728814,0.0,0.0,262730.7150862412,6289.019403533271,20005764.101799507,400.0259413907181,312.1113089788191
-0.0029992584049943955,-0.016666666666666666,0.005,264.72137858833247,49.654572360728814,0.005467969409222381,0.0,262730.7150862412,6289.0194034959,20005764.100655816,400.0259413678494,312.1113089698977
-0.0029992584049943955,-0.016666666666666666,0.015,264.7213785883324,49.654572360728814,0.0,0.0,262730.7150862412,6289.019403533271,20005764.101799507,400.0259413907181,312.1113089788191
-0.0029992584049943955,0.016666666666666666,-0.005,264.7213785883324,49.654572360728814,-0.005467969409222381,0.0,262730.7150862412,6289.0194034959,20005764.100655816,400.0259413678494,312.1113089698977
-0.0029992584049943955,0.016666666666666666,0.005,264.7213785883324,49.65451497445425,-0.005465922919005073,0.0,262730.7062059738,6289.019403581341,20005762.033754308,400.02593214229546,312.1113053708815
-0.0029992584049943955,0.016666666666666666,0.015,264.7213785883324,49.654572360728814,-0.005467969409222381,0.0,262730.7150862412,6289.0194034959,20005764.100655816,400.0259413678494,312.1113089698977
-0.0029992584049943955,0.05,-0.005,264.71710075964893,49.376879241213295,-0.01652667409427747,0.0,262715.7677268242,6289.019462678368,20005349.28552343,400.0241097933748,312.11059444653563
-0.0029992584049943955,0.05,0.005,264.71710075964893,49.376813742100694,-0.016521174230273012,0.0,262715.7582040381,6289.019462785194,20005347.128428083,400.02410017346915,312.11059069366877
-0.0029992584049943955,0.05,0.015,264.71710075964893,49.376879241213295,-0.01652667409427747,0.0,262715.7677268242,6289.019462678368,20005349.28552343,400.0241097933748,312.11059444653563
-0.0029992584049943955,0.08333333333333333,-0.005,264.71093259561644,49.08308630400357,-0.030303371919948235,0.0,262699.57369433163,6289.019536862387,20004750.807048604,400.0214619007281,312.10956146290374
-0.0029992584049943955,0.08333333333333333,0.005,264.71093259561644,49.08301182598189,-0.03029618219965682,0.0,262699.5634411876,6289.019536994813,20004748.541939195,400.02145180849413,312.1095575257615
-0.0029992584049943955,0.08333333333333333,0.015,264.71093259561644,49.08308630400357,-0.030303371919948235,0.0,262699.57369433163,6289.019536862387,20004750.807048604,400.0214619007281,312.10956146290374
-0.0029992584049943955,0.11666666666666667,-0.005,264.70440035420677,48.774647746584165,-0.04741031737284504,0.0,262682.65490093734,6289.019628865248,20004117.367466867,400.01866566058453,312.1084706029209
-0.0029992584049943955,0.11666666666666667,0.005,264.70440035420677,48.774563547461355,-0.04740384268866903,0.0,262682.6440211473,6289.019629027828,20004115.039378162,400.0186553000537,312.10846656109766
-0.0029992584049943955,0.11666666666666667,0.015,264.70440035420677,48.774647746584165,-0.04741031737284504,0.0,262682.65490093734,6289.019628865248,20004117.367466867,400.01866566058453,312.1084706029209
-0.0029992584049943955,0.15,-0.005,264.69958778633617,48.450946227233764,-0.06927467090315421,0.0,262665.590785646,6289.019740963297,20003651.92090131,400.0166320828851,312.10767726790084
-0.0029992584049943955,0.15,0.005,264.69958778633617,48.45085152531352,-0.06927231865138486,0.0,262665.57966590807,6289.019741160931,20003649.671550304,400.0166220918225,312.1076733702037
-0.0029992584049943955,0.15,0.015,264.69958778633617,48.450946227233764,-0.06927467090315421,0.0,262665.590785646,6289.019740963297,20003651.92090131,400.0166320828851,312.10767726790084
-0.0029992584049943955,0.18333333333333332,-0.005,264.6994735977371,48.11136841422105,-0.09856955563347061,0.0,262649.21815362637,6289.019875416571,20003644.54908105,400.0166628603517,312.10768927475584
-0.0029992584049943955,0.18333333333333332,0.005,264.6994735977371,48.1112623577084,-0.09857626442928615,0.0,262649.20760044456,6289.019875654734,20003642.663884256,400.01665452119823,312.107686021499
-0.0029992584049943955,0.18333333333333332,0.015,264.6994735977371,48.11136841422105,-0.09856955563347061,0.0,262649.21815362637,6289.019875416571,20003644.54908105,400.0166628603517,312.10768927475584
-0.0029992584049943955,0.2166666666666667,-0.005,264.70843651991305,47.755205218571945,-0.1397903889257634,0.0,262634.7711751357,6289.0200349326005,20004521.673338003,400.0206710777504,312.1092529500384
-0.0029992584049943955,0.2166666666666667,0.005,264.70843651991305,47.75508681990701,-0.13981332823025988,0.0,262634.7625848219,6289.020035218083,20004520.640166823,400.0206665812469,312.10925119587864
-0.0029992584049943955,0.2166666666666667,0.015,264.70843651991305,47.755205218571945,-0.1397903889257634,0.0,262634.7711751357,6289.0200349326005,20004521.673338003,400.0206710777504,312.1092529500384
-0.0029992584049943955,0.25,-0.005,264.73291174283725,47.38148065666717,-0.20000153046345684,0.0,262624.0620541564,6289.02022387041,20006910.068134222,400.0314682038996,312.113465057663
-0.0029992584049943955,0.25,0.005,264.73291174283725,47.3813486865625,-0.2000508774689332,0.0,262624.0575969464,6289.020224213094,20006910.64124805,400.0314709357995,312.11346612340753
-0.0029992584049943955,0.25,0.015,264.73291174283725,47.38148065666717,-0.20000153046345684,0.0,262624.0620541564,6289.02022387041,20006910.068134222,400.0314682038996,312.113465057663
-0.0029992584049943955,0.2833333333333333,-0.005,264.78211618694166,46.988735921885585,-0.28966622583503393,0.0,262619.68087394437,6289.020450901769,20011707.713309154,400.0530813556869,312.12189647508615
-0.0029992584049943955,0.2833333333333333,0.005,264.78211618694166,46.988588776273694,-0.2897557910358938,0.0,262619.6836398001,6289.020451318237,20011710.964172564,400.0530961240018,312.1219022362146
-0.0029992584049943955,0.2833333333333333,0.015,264.78211618694166,46.988735921885585,-0.28966622583503393,0.0,262619.68087394437,6289.020450901769,20011707.713309154,400.0530813556869,312.12189647508615
-0.0029992584049943955,0.3166666666666666,-0.005,264.86863429768255,46.574785326406754,-0.4233174973064674,0.0,262625.1569705774,6289.020734054644,20020141.31715413,400.0910096054079,312.1366919574957
-0.0029992584049943955,0.3166666666666666,0.005,264.86863429768255,46.57462090869115,-0.42346478992172537,0.0,262625.1709805099,6289.020734574249,20020148.63846959,400.09104265603725,312.1367048499547
-0.0029992584049943955,0.3166666666666666,0.015,264.86863429768255,46.574785326406754,-0.4233174973064674,0.0,262625.1569705774,6289.020734054644,20020141.31715413,400.0910096054079,312.1366919574957
-0.0029992584049943955,0.35,-0.005,265.00848664574215,46.13649484082787,-0.6196245895891661,0.0,262644.97736624297,6289.02110871753,20033773.86920435,400.15225347088347,312.1605811797065
-0.0029992584049943955,0.35,0.005,265.00848664574215,46.13631054020726,-0.6198497478480184,0.0,262645.0073125698,6289.021109390298,20033786.884315196,400.152312075157,312.16060403843505
-0.0029992584049943955,0.35,0.015,265.00848664574215,46.13649484082787,-0.6196245895891661,0.0,262644.97736624297,6289.02110871753,20033773.86920435,400.15225347088347,312.1605811797065
-0.0029992584049943955,0.38333333333333336,-0.005,265.22014697734926,45.66968037764903,-0.9002264268957073,0.0,262684.31404530705,6289.021637275634,20054410.239965968,400.24488226606536,312.196709159917
-0.0029992584049943955,0.38333333333333336,0.005,265.22014697734926,45.669473257477456,-0.9005494137848299,0.0,262684.3646164299,6289.021638177916,20054430.567213215,400.2449736522954,312.19674480119556
-0.0029992584049943955,0.38333333333333336,0.015,265.22014697734926,45.66968037764903,-0.9002264268957073,0.0,262684.31404530705,6289.021637275634,20054410.239965968,400.24488226606536,312.196709159917
-0.0029992584049943955,0.4166666666666667,-0.005,265.521950583501,45.16926260869664,-1.2866845030663667,0.0,262748.3038617142,6289.022414798241,20083846.28949307,400.3768933300908,312.2481901704633
-0.0029992584049943955,0.4166666666666667,0.005,265.521950583501,45.16902991564249,-1.287120266631525,0.0,262748.37857334106,6289.022416027267,20083875.134840567,400.3770228406837,312.24824067218515
-0.0029992584049943955,0.4166666666666667,0.015,265.521950583501,45.16926260869664,-1.2866845030663667,0.0,262748.3038617142,6289.022414798241,20083846.28949307,400.3768933300908,312.2481901704633
-0.0029992584049943955,0.45,-0.005,265.9276181094602,44.62980954785515,-1.7952532768484226,0.0,262840.79947524704,6289.023560088044,20123433.6828578,400.5542417888304,312.3173382721865
-0.0029992584049943955,0.45,0.005,265.9276181094602,44.62954957236834,-1.7958053408089305,0.0,262840.89910580707,6289.023561734712,20123471.296237983,400.5544104312156,312.31740401850726
-0.0029992584049943955,0.45,0.015,265.9276181094602,44.62980954785515,-1.7952532768484226,0.0,262840.79947524704,6289.023560088044,20123433.6828578,400.5542417888304,312.3173382721865
-0.0029992584049943955,0.48333333333333334,-0.005,266.44033530040093,44.04649893102636,-2.4300250720604777,0.0,262962.7054570318,6289.025181540341,20173501.691667978,400.7782395118941,312.404653032039
-0.0029992584049943955,0.48333333333333334,0.005,266.44033530040093,44.046212070271736,-2.430679184554923,0.0,262962.82646003366,6289.025183638939,20173546.818462707,400.7784415127503,312.4047317613626
-0.0029992584049943955,0.48333333333333334,0.015,266.44033530040093,44.04649893102636,-2.4300250720604777,0.0,262962.7054570318,6289.025181540341,20173501.691667978,400.7782395118941,312.404653032039
-0.0029992584049943955,0.5166666666666667,-0.005,267.0469012858718,43.41631670241058,-3.1762658070352474,0.0,263110.3141943408,6289.027321054524,20232781.810716223,401.04300168221994,312.50782639558105
-0.0029992584049943955,0.5166666666666667,0.005,267.0469012858718,43.41600634165761,-3.176986349892311,0.0,263110.4477321396,6289.02732353167,20232831.362622887,401.04322307282706,312.5079126535229
-0.0029992584049943955,0.5166666666666667,0.015,267.0469012858718,43.41631670241058,-3.1762658070352474,0.0,263110.3141943408,6289.027321054524,20232781.810716223,401.04300168221994,312.50782639558105
-0.0029992584049943955,0.55,-0.005,267.71442924242984,42.739032627831925,-3.9968485042443658,0.0,263274.3395031145,6289.02990573152,20298077.54681392,401.33404858460926,312.62120318868494
-0.0029992584049943955,0.55,0.005,267.71442924242984,42.73870530316901,-3.997580493568448,0.0,263274.47181502345,6289.029908398158,20298126.736824695,401.33426791296364,312.6212886121432
-0.0029992584049943955,0.55,0.015,267.71442924242984,42.739032627831925,-3.9968485042443658,0.0,263274.3395031145,6289.02990573152,20298077.54681392,401.33404858460926,312.62120318868494
-0.0029992584049943955,0.5833333333333334,-0.005,268.39217547090135,42.01732237221466,-4.8346861459013395,0.0,263440.3900112825,6289.032753719475,20364434.14609476,401.62919140627605,312.7361335652958
-0.0029992584049943955,0.5833333333333334,0.005,268.39217547090135,42.0169867884482,-4.835364108049988,0.0,263440.504497578,6289.032756337686,20364477.215285618,401.6293830968714,312.7362081970329
-0.0029992584049943955,0.5833333333333334,0.015,268.39217547090135,42.01732237221466,-4.8346861459013395,0.0,263440.3900112825,6289.032753719475,20364434.14609476,401.62919140627605,312.7361335652958
-0.0029992584049943955,0.6166666666666668,-0.005,269.01965599124503,41.255537021255044,-5.622286084137676,0.0,263591.23498118453,6289.035656138789,20425927.26991562,401.9021673517902,312.84239444313357
-0.0029992584049943955,0.6166666666666668,0.005,269.01965599124503,41.25520195115339,-5.622848089886543,0.0,263591.31565966824,6289.035658539173,20425958.684702404,401.9023070820503,312.8424488264498
-0.0029992584049943955,0.6166666666666668,0.015,269.01965599124503,41.255537021255044,-5.622286084137676,0.0,263591.23498118453,6289.035656138789,20425927.26991562,401.9021673517902,312.84239444313357
-0.0029992584049943955,0.65,-0.005,269.539506432352,40.45711826662403,-6.29639027756628,0.0,263710.43914782786,6289.038495080042,20476924.04110145,402.12827544779003,312.93038383177475
-0.0029992584049943955,0.65,0.005,269.539506432352,40.45678997371541,-6.296792482071376,0.0,263710.47436327656,6289.03849725143,20476939.77553903,402.12834576214243,312.93041119057744
-0.0029992584049943955,0.65,0.015,269.539506432352,40.45711826662403,-6.29639027756628,0.0,263710.43914782786,6289.038495080042,20476924.04110145,402.12827544779003,312.93038383177475
-0.0029992584049943955,0.6833333333333333,-0.005,269.9108923778389,39.62130667458808,-6.812779758374214,0.0,263786.16766324616,6289.041315880761,20513405.248918943,402.2901366112162,312.99335649894186
-0.0029992584049943955,0.6833333333333333,0.005,269.9108923778389,39.62098690026593,-6.81300590315844,0.0,263786.15262340434,6289.04131796665,20513403.6618304,402.290130628805,312.9933541716975
-0.0029992584049943955,0.6833333333333333,0.015,269.9108923778389,39.62130667458808,-6.812779758374214,0.0,263786.16766324616,6289.041315880761,20513405.248918943,402.2901366112162,312.99335649894186
-0.0029992584049943955,0.7166666666666667,-0.005,270.1184152932709,38.7401791555585,-7.155611050820379,0.0,263813.7061524537,6289.044304113833,20533847.76866335,402.38141257600915,313.0288621547781
-0.0029992584049943955,0.7166666666666667,0.005,270.1184152932709,38.73986457690999,-7.155673397359261,0.0,263813.64331801777,6289.044306326906,20533829.738149382,402.38133441539657,313.0288317526173
-0.0029992584049943955,0.7166666666666667,0.015,270.1184152932709,38.7401791555585,-7.155611050820379,0.0,263813.7061524537,6289.044304113833,20533847.76866335,402.38141257600915,313.0288621547781
-0.0029992584049943955,0.75,-0.005,270.1731883694547,37.79684477784768,-7.3377867601852005,0.0,263795.74480087264,6289.047698424136,20539335.290921815,402.4071406110561,313.03886943711365
-0.0029992584049943955,0.75,0.005,270.1731883694547,37.79652819552978,-7.337718773649118,0.0,263795.6421438137,6289.047700952245,20539303.606242597,402.40700263936617,313.0388157719308
-0.0029992584049943955,0.75,0.015,270.1731883694547,37.79684477784768,-7.3377867601852005,0.0,263795.74480087264,6289.047698424136,20539335.290921815,402.4071406110561,313.03886943711365
-0.0029992584049943955,0.7833333333333333,-0.005,270.1062237560368,36.764801672349044,-7.392693130533373,0.0,263740.4747822361,6289.051716466434,20532909.64499384,402.3808304734932,313.02863573408814
-0.0029992584049943955,0.7833333333333333,0.005,270.1062237560368,36.764474392947314,-7.392537687221605,0.0,263740.3428516212,6289.051719430389,20532867.978287566,402.38064881717753,313.0285650751119
-0.0029992584049943955,0.7833333333333333,0.015,270.1062237560368,36.764801672349044,-7.392693130533373,0.0,263740.4747822361,6289.051716466434,20532909.64499384,402.3808304734932,313.02863573408814
-0.0029992584049943955,0.8166666666666667,-0.005,269.95751962751433,35.60725066596376,-7.360989193688602,0.0,263658.45561628224,6289.056544151714,20518497.72342729,402.319796402505,313.0048943738255
-0.0029992584049943955,0.8166666666666667,0.005,269.95751962751433,35.606905059688074,-7.3607873257797145,0.0,263658.3046977739,6289.056547616296,20518449.630452767,402.31958663343113,313.0048127736209
-0.0029992584049943955,0.8166666666666667,0.015,269.95751962751433,35.60725066596376,-7.360989193688602,0.0,263658.45561628224,6289.056544151714,20518497.72342729,402.319796402505,313.0048943738255
-0.0029992584049943955,0.85,-0.005,269.7655251727047,34.273677584223805,-7.277144110504593,0.0,263559.53718149563,6289.062386002659,20499876.40793577,402.24069450099466,312.9741222123801
-0.0029992584049943955,0.85,0.005,269.7655251727047,34.27330888474303,-7.276927978077444,0.0,263559.37550346396,6289.062390005142,20499824.694643572,402.24046891117877,312.9740344492753
-0.0029992584049943955,0.85,0.015,269.7655251727047,34.273677584223805,-7.277144110504593,0.0,263559.53718149563,6289.062386002659,20499876.40793577,402.24069450099466,312.9741222123801
-0.0029992584049943955,0.8833333333333332,-0.005,269.560539894823,32.68825951075608,-7.158322809069649,0.0,263450.733193865,6289.069568486862,20480026.522941887,402.15676482192896,312.9414686440496
-0.0029992584049943955,0.8833333333333332,0.005,269.560539894823,32.687866491326886,-7.158113833681538,0.0,263450.566429134,6289.069573054269,20479973.06673924,402.1565316549855,312.9413779236855
-0.0029992584049943955,0.8833333333333332,0.015,269.560539894823,32.68825951075608,-7.158322809069649,0.0,263450.733193865,6289.069568486862,20480026.522941887,402.15676482192896,312.9414686440496
-0.0029992584049943955,0.9166666666666666,-0.005,269.36307837056023,30.714893089940215,-6.992518690439113,0.0,263335.0414439447,6289.078788279964,20460979.952590924,402.0772794351525,312.91054102445304
-0.0029992584049943955,0.9166666666666666,0.005,269.36307837056023,30.714477961671754,-6.9923293684080114,0.0,263334.8731478229,6289.078793427734,20460925.84782049,402.0770435147055,312.91044922368576
-0.0029992584049943955,0.9166666666666666,0.015,269.36307837056023,30.714893089940215,-6.992518690439113,0.0,263335.0414439447,6289.078788279964,20460979.952590924,402.0772794351525,312.91054102445304
-0.0029992584049943955,0.95,-0.005,269.1861120441714,28.031181980411763,-6.705684929679193,0.0,263209.7094077844,6289.092163882293,20444072.704920568,402.00914639193945,312.88402814777027
-0.0029992584049943955,0.95,0.005,269.1861120441714,28.03075054029953,-6.705522049953716,0.0,263209.5418486195,6289.092169590567,20444018.522564784,402.0089102397246,312.88393624903154
-0.0029992584049943955,0.95,0.015,269.1861120441714,28.031181980411763,-6.705684929679193,0.0,263209.7094077844,6289.092163882293,20444072.704920568,402.00914639193945,312.88402814777027
-0.0029992584049943955,0.9833333333333333,-0.005,269.040995453037,23.279068522342314,-5.932826140268499,0.0,263054.6437646362,6289.123722865439,20430853.608779415,401.96590701568437,312.86720107537093
-0.0029992584049943955,0.9833333333333333,0.005,269.040995453037,23.27863440203717,-5.932694023278357,0.0,263054.4789667898,6289.123728956965,20430799.575535793,401.9656715749079,312.86710944856094
-0.0029992584049943955,0.9833333333333333,0.015,269.040995453037,23.279068522342314,-5.932826140268499,0.0,263054.6437646362,6289.123722865439,20430853.608779415,401.96590701568437,312.86720107537093
-0.0029992584049943955,1.0166666666666668,-0.005,269.03061168643524,0.0008984894975057745,-0.0002289860512438427,0.0,263051.74841663404,6289.841289073896,20452275.254994947,402.4028969525884,313.0372188282933
-0.0029992584049943955,1.0166666666666668,0.005,269.0202279198335,-23.279068522342467,5.9328261402685385,0.0,263048.8528451229,6289.123899496666,20428826.32599056,401.9570483679005,312.86375352477086
-0.0029992584049943955,1.0166666666666668,0.015,269.03061168643524,0.0008984894975057745,-0.0002289860512438427,0.0,263051.74841663404,6289.841289073896,20452275.254994947,402.4028969525884,313.0372188282933
-0.002273999978511002,-0.016666666666666666,-0.005,265.0397736386957,49.647333701713926,0.0,0.0,262821.17704583175,6289.019357816285,20036778.178543784,400.16487519734414,312.1655042738095
-0.002273999978511002,-0.016666666666666666,0.005,265.0397736386957,49.647333701713926,0.020262442509871033,0.0,262821.17704583175,6289.019357303288,20036778.162819806,400.16487488331245,312.1655041513227
-0.002273999978511002,-0.016666666666666666,0.015,265.0397736386957,49.647333701713926,0.0,0.0,262821.17704583175,6289.019357816285,20036778.178543784,400.16487519734414,312.1655042738095
-0.002273999978511002,0.016666666666666666,-0.005,265.03977363869564,49.647333701713926,-0.020262442509871033,0.0,262821.17704583175,6289.019357303288,20036778.162819806,400.16487488331245,312.1655041513227
-0.002273999978511002,0.016666666666666666,0.005,265.03977363869564,49.64729821237937,-0.02026286262799062,0.0,262821.18643963506,6289.019357332968,20036781.97087887,400.1648919487915,312.16551080764634
-0.002273999978511002,0.016666666666666666,0.015,265.03977363869564,49.647333701713926,-0.020262442509871033,0.0,262821.17704583175,6289.019357303288,20036778.162819806,400.16487488331245,312.1655041513227
-0.002273999978511002,0.05,-0.005,265.0414589384319,49.38775872748118,-0.059005436005697826,0.0,262808.80808634724,6289.019362565849,20036942.622583095,400.16561378337525,312.1657923562835
-0.002273999978511002,0.05,0.005,265.0414589384319,49.387720285722196,-0.05900726358095388,0.0,262808.817138125,6289.019362596972,20036946.360298622,400.16563053445515,312.1657988899709
-0.002273999978511002,0.05,0.015,265.0414589384319,49.38775872748118,-0.059005436005697826,0.0,262808.80808634724,6289.019362565849,20036942.622583095,400.16561378337525,312.1657923562835
-0.002273999978511002,0.08333333333333333,-0.005,265.0449271005809,49.117021643564875,-0.09663911666490864,0.0,262796.4685500033,6289.019368855933,20037280.85728317,400.16713126805706,312.1663842441703
-0.002273999978511002,0.08333333333333333,0.005,265.0449271005809,49.11697965656311,-0.0966434693709142,0.0,262796.4772121677,6289.019368889568,20037284.517500713,400.1671476731047,312.1663906428771
-0.002273999978511002,0.08333333333333333,0.015,265.0449271005809,49.117021643564875,-0.09663911666490864,0.0,262796.4685500033,6289.019368855933,20037280.85728317,400.16713126805706,312.1663842441703
-0.002273999978511002,0.11666666666666667,-0.005,265.0511622982814,48.836261813617604,-0.13399636108330865,0.0,262784.50444147596,6289.019378074153,20037888.782151002,400.16985767240016,312.1674476627641
-0.002273999978511002,0.11666666666666667,0.005,265.0511622982814,48.8362156966108,-0.13400495423782627,0.0,262784.5128175186,6289.0193781118605,20037892.408900652,400.16987392914325,312.167454003604
-0.002273999978511002,0.11666666666666667,0.015,265.0511622982814,48.836261813617604,-0.13399636108330865,0.0,262784.50444147596,6289.019378074153,20037888.782151002,400.16985767240016,312.1674476627641
-0.002273999978511002,0.15,-0.005,265.0616465326643,48.5444849577856,-0.17265502170757902,0.0,262773.29920798517,6289.0193917864935,20038910.784811158,400.17444012933714,312.16923501601354
-0.002273999978511002,0.15,0.005,265.0616465326643,48.544433997775386,-0.17267048235054963,0.0,262773.30764884216,6289.019391830465,20038914.508394074,400.1744568219687,312.1692415268316
-0.002273999978511002,0.15,0.015,265.0616465326643,48.5444849577856,-0.17265502170757902,0.0,262773.29920798517,6289.0193917864935,20038910.784811158,400.17444012933714,312.16923501601354
-0.002273999978511002,0.18333333333333332,-0.005,265.0786940718,48.24062685835474,-0.215350843499568,0.0,262763.47226679546,6289.019412018118,20040572.34021829,400.18188884850287,312.1721403116925
-0.002273999978511002,0.18333333333333332,0.005,265.0786940718,48.24057019953445,-0.21537722977024124,0.0,262763.48149838217,6289.019412071516,20040576.420836084,400.18190714300357,312.1721474472395
-0.002273999978511002,0.18333333333333332,0.015,265.0786940718,48.24062685835474,-0.215350843499568,0.0,262763.47226679546,6289.019412018118,20040572.34021829,400.18188884850287,312.1721403116925
-0.002273999978511002,0.21666666666666667,-0.005,265.10593674498324,47.923502323555645,-0.2665281789828104,0.0,262756.0156764983,6289.019441760317,20043227.32770124,400.1937888830793,312.17678174069096
-0.002273999978511002,0.21666666666666667,0.005,265.10593674498324,47.923438933863764,-0.2665716518497146,0.0,262756.0269604365,6289.019441828031,20043232.210622076,400.1938107740866,312.17679027888465
-0.002273999978511002,0.21666666666666667,0.015,265.10593674498324,47.923502323555645,-0.2665281789828104,0.0,262756.0156764983,6289.019441760317,20043227.32770124,400.1937888830793,312.17678174069096
-0.002273999978511002,0.25,-0.005,265.1489459624603,47.59169726851887,-0.33305006708155677,0.0,262752.46770818176,6289.019486055606,20047418.727665387,400.2125715917825,312.1841075125047
-0.002273999978511002,0.25,0.005,265.1489459624603,47.59162588504107,-0.3331196269720177,0.0,262752.4830163687,6289.019486145862,20047425.103258807,400.21260017095744,312.18411865903613
-0.002273999978511002,0.25,0.015,265.1489459624603,47.59169726851887,-0.33305006708155677,0.0,262752.46770818176,6289.019486055606,20047418.727665387,400.2125715917825,312.1841075125047
-0.002273999978511002,0.2833333333333333,-0.005,265.21591402498746,47.243432567218214,-0.4249826212211559,0.0,262755.10322802345,6289.0195542811325,20053945.219691705,400.2418120218866,312.19551174052503
-0.002273999978511002,0.2833333333333333,0.005,265.21591402498746,47.24335163846493,-0.42509069724117043,0.0,262755.12538122776,6289.019554408622,20053954.070883777,400.24185168919695,312.1955272111175
-0.002273999978511002,0.2833333333333333,0.015,265.21591402498746,47.243432567218214,-0.4249826212211559,0.0,262755.10322802345,6289.0195542811325,20053945.219691705,400.2418120218866,312.19551174052503
-0.002273999978511002,0.31666666666666665,-0.005,265.3182000842131,46.87642068128579,-0.5562262385241498,0.0,262767.08719774056,6289.019664435819,20063914.821558047,400.28646710109444,312.21292712049615
-0.002273999978511002,0.31666666666666665,0.005,265.3182000842131,46.876328348559,-0.5563887525405792,0.0,262767.1198783812,6289.019664626842,20063927.427201,400.2865235770307,312.2129491453686
-0.002273999978511002,0.31666666666666665,0.015,265.3182000842131,46.87642068128579,-0.5562262385241498,0.0,262767.08719774056,6289.019664435819,20063914.821558047,400.28646710109444,312.21292712049615
-0.002273999978511002,0.35,-0.005,265.47039052940494,46.487765572622486,-0.7445815820277731,0.0,262792.49457780365,6289.01984995303,20078751.56483311,400.35290116270545,312.23883445688097
-0.002273999978511002,0.35,0.005,265.47039052940494,46.487659761845904,-0.7448169610384652,0.0,262792.5420912326,6289.0198502521525,20078769.414942987,400.35298110281514,312.2388656298853
-0.002273999978511002,0.35,0.015,265.47039052940494,46.487765572622486,-0.7445815820277731,0.0,262792.49457780365,6289.01984995303,20078751.56483311,400.35290116270545,312.23883445688097
-0.002273999978511002,0.38333333333333336,-0.005,265.68938347624015,46.07399217569757,-1.010675199967605,0.0,262836.0606617846,6289.020167948922,20100107.46850543,400.44848341391776,312.27610496189493
-0.002273999978511002,0.38333333333333336,0.005,265.68938347624015,46.07387088931187,-1.0110017955074282,0.0,262836.1273156354,6289.020168423672,20100132.045896053,400.4485934209387,312.27614785450544
-0.002273999978511002,0.38333333333333336,0.015,265.68938347624015,46.07399217569757,-1.010675199967605,0.0,262836.0606617846,6289.020167948922,20100107.46850543,400.44848341391776,312.27610496189493
-0.002273999978511002,0.4166666666666667,-0.005,265.99199408053477,45.63131395719374,-1.3751597769678343,0.0,262902.5204622283,6289.020704217289,20129630.511507496,400.580535810033,312.3275889986719
-0.002273999978511002,0.4166666666666667,0.005,265.99199408053477,45.63117583468274,-1.3755914324686118,0.0,262902.6094970215,6289.020704953459,20129662.91725779,400.58068074418605,312.32764550033187
-0.002273999978511002,0.4166666666666667,0.015,265.99199408053477,45.63131395719374,-1.3751597769678343,0.0,262902.5204622283,6289.020704217289,20129630.511507496,400.580535810033,312.3275889986719
-0.002273999978511002,0.45000000000000007,-0.005,266.3908444787537,45.156221572236205,-1.8539267921164926,0.0,262995.4662541672,6289.021565954865,20168564.765667677,400.75452787646293,312.3954113441443
-0.002273999978511002,0.45000000000000007,0.005,266.3908444787537,45.156066695950585,-1.8544670023168301,0.0,262995.5784204511,6289.021567033452,20168605.223406896,400.7547086288048,312.39548179399816
-0.002273999978511002,0.45000000000000007,0.015,266.3908444787537,45.156221572236205,-1.8539267921164926,0.0,262995.4662541672,6289.021565954865,20168564.765667677,400.75452787646293,312.3954113441443
-0.002273999978511002,0.48333333333333334,-0.005,266.8889613533952,44.64636520136976,-2.4518521497723618,0.0,263115.8317799056,6289.022853249944,20217222.508151513,400.9717084531525,312.48004797505035
-0.002273999978511002,0.48333333333333334,0.005,266.8889613533952,44.646195954823796,-2.452488303143154,0.0,263115.9639053373,6289.022854704618,20217269.869047526,400.9719197445589,312.4801303054726
-0.002273999978511002,0.48333333333333334,0.015,266.8889613533952,44.64636520136976,-2.4518521497723618,0.0,263115.8317799056,6289.022853249944,20217222.508151513,400.9717084531525,312.48004797505035
-0.002273999978511002,0.5166666666666667,-0.005,267.4744734461714,44.10150311050917,-3.1567269195788388,0.0,263260.3823944812,6289.024611759761,20274462.725833315,401.22679641141957,312.57942808396797
-0.002273999978511002,0.5166666666666667,0.005,267.4744734461714,44.10132470226591,-3.1574270626051897,0.0,263260.5265225414,6289.024613533242,20274514.17776431,401.2270255458169,312.5795173385856
-0.002273999978511002,0.5166666666666667,0.015,267.4744734461714,44.10150311050917,-3.1567269195788388,0.0,263260.3823944812,6289.024611759761,20274462.725833315,401.22679641141957,312.57942808396797
-0.002273999978511002,0.55,-0.005,268.11765619240686,43.5240579262482,-3.9359937022033606,0.0,263420.83902377594,6289.0267909591075,20337395.388950966,401.50672890275735,312.6884510629297
-0.002273999978511002,0.55,0.005,268.11765619240686,43.523878105106505,-3.936708354059867,0.0,263420.9827574167,6289.026792894709,20337446.5880561,401.50695644826544,312.68853966772417
-0.002273999978511002,0.55,0.015,268.11765619240686,43.5240579262482,-3.9359937022033606,0.0,263420.83902377594,6289.0267909591075,20337395.388950966,401.50672890275735,312.6884510629297
-0.002273999978511002,0.5833333333333334,-0.005,268.77263637408686,42.91873479794179,-4.738890127756179,0.0,263584.29991378833,6289.029246369741,20401540.189497184,401.7914781677938,312.7993110054551
-0.002273999978511002,0.5833333333333334,0.005,268.77263637408686,42.918562469112125,-4.73956026513579,0.0,263584.4282937425,6289.029248264667,20401585.92386807,401.7916810126024,312.7993899639594
-0.002273999978511002,0.5833333333333334,0.015,268.77263637408686,42.91873479794179,-4.738890127756179,0.0,263584.29991378833,6289.029246369741,20401540.189497184,401.7914781677938,312.7993110054551
-0.002273999978511002,0.6166666666666667,-0.005,269.3847589001107,42.29085359889534,-5.504997509783478,0.0,263735.2673738072,6289.031804758292,20461542.613128413,402.0573395818376,312.9027819841319
-0.002273999978511002,0.6166666666666667,0.005,269.3847589001107,42.29069651677906,-5.505567150067323,0.0,263735.36596869276,6289.031806459792,20461577.882398903,402.05749577214067,312.9028427619996
-0.002273999978511002,0.6166666666666667,0.015,269.3847589001107,42.29085359889534,-5.504997509783478,0.0,263735.2673738072,6289.031804758292,20461542.613128413,402.0573395818376,312.9027819841319
-0.002273999978511002,0.65,-0.005,269.9021834868162,41.64355295563992,-6.177366039196909,0.0,263858.89390546014,6289.034361121504,20512311.08864201,402.2820052669489,312.9901932724989
-0.002273999978511002,0.65,0.005,269.9021834868162,41.64341522452711,-6.177795240212006,0.0,263858.9521068381,6289.0343626029935,20512332.249263484,402.28209901841046,312.9902297435391
-0.002273999978511002,0.65,0.015,269.9021834868162,41.64355295563992,-6.177366039196909,0.0,263858.89390546014,6289.034361121504,20512311.08864201,402.2820052669489,312.9901932724989
-0.002273999978511002,0.6833333333333333,-0.005,270.28791059002396,40.97460310695811,-6.715803775343413,0.0,263944.3728063804,6289.036941786257,20550202.576307468,402.4497291641242,313.0554341528376
-0.002273999978511002,0.6833333333333333,0.005,270.28791059002396,40.97448350739891,-6.716077089441488,0.0,263944.386058932,6289.036943149944,20550208.11301356,402.4497541258303,313.0554438613765
-0.002273999978511002,0.6833333333333333,0.015,270.28791059002396,40.97460310695811,-6.715803775343413,0.0,263944.3728063804,6289.036941786257,20550202.576307468,402.4497291641242,313.0554341528376
-0.002273999978511002,0.7166666666666667,-0.005,270.52768898394277,40.2738310480409,-7.105274119598172,0.0,263987.17351480195,6289.039692834387,20573806.25501544,402.55463557468477,313.0962335118706
-0.002273999978511002,0.7166666666666667,0.005,270.52768898394277,40.27372296571041,-7.105401364692998,0.0,263987.1436270435,6289.039694248179,20573796.881501965,402.55459512968525,313.09621778335054
-0.002273999978511002,0.7166666666666667,0.015,270.52768898394277,40.2738310480409,-7.105274119598172,0.0,263987.17351480195,6289.039692834387,20573806.25501544,402.55463557468477,313.0962335118706
-0.002273999978511002,0.75,-0.005,270.63085213175293,39.52184124769358,-7.356265937549639,0.0,263989.27668120223,6289.042817282378,20584030.735494286,402.60097327682354,313.1142531062882
-0.002273999978511002,0.75,0.005,270.63085213175293,39.52173429263643,-7.356275624228142,0.0,263989.2102500464,6289.04281890826,20584008.834001783,402.6008780112156,313.1142160608966
-0.002273999978511002,0.75,0.015,270.63085213175293,39.52184124769358,-7.356265937549639,0.0,263989.27668120223,6289.042817282378,20584030.735494286,402.60097327682354,313.1142531062882
-0.002273999978511002,0.7833333333333333,-0.005,270.6242875570635,38.68984156853178,-7.497459777102886,0.0,263957.4627020532,6289.046521756402,20583513.198073547,402.6004737239448,313.1140588479711
-0.002273999978511002,0.7833333333333333,0.005,270.6242875570635,38.68972421861948,-7.497388640854116,0.0,263957.36851064186,6289.046523717499,20583481.89699472,402.6003373961188,313.1140058349156
-0.002273999978511002,0.7833333333333333,0.015,270.6242875570635,38.68984156853178,-7.497459777102886,0.0,263957.4627020532,6289.046521756402,20583513.198073547,402.6004737239448,313.1140588479711
-0.002273999978511002,0.8166666666666667,-0.005,270.54267139705206,37.739211209330044,-7.564026897434853,0.0,263900.52191172243,6289.051013302214,20575659.656248353,402.56817431588763,313.10149850308187
-0.002273999978511002,0.8166666666666667,0.005,270.54267139705206,37.73907342275033,-7.563910058618832,0.0,263900.40845778136,6289.051015689957,20575621.953001533,402.5680100664907,313.1014346297545
-0.002273999978511002,0.8166666666666667,0.015,270.54267139705206,37.739211209330044,-7.564026897434853,0.0,263900.52191172243,6289.051013302214,20575659.656248353,402.56817431588763,313.10149850308187
-0.002273999978511002,0.8499999999999999,-0.005,270.4192057835458,36.618046342388425,-7.5857378672871345,0.0,263826.5291685523,6289.056548123926,20563735.00730286,402.5184975398371,313.0821795977636
-0.002273999978511002,0.8499999999999999,0.005,270.4192057835458,36.61788126465338,-7.5856028669781495,0.0,263826.4031591217,6289.056551018483,20563693.233050343,402.51831559076015,313.08210883701554
-0.002273999978511002,0.8499999999999999,0.015,270.4192057835458,36.618046342388425,-7.5857378672871345,0.0,263826.5291685523,6289.056548123926,20563735.00730286,402.5184975398371,313.0821795977636
-0.002273999978511002,0.8833333333333333,-0.005,270.2799889796453,35.24920537373056,-7.576997501739634,0.0,263740.9389643148,6289.063535126063,20550312.13380957,402.46291181787143,313.06056133680426
-0.002273999978511002,0.8833333333333333,0.005,270.2799889796453,35.24900986977158,-7.576862915024068,0.0,263740.80496348074,6289.063538608929,20550267.826395843,402.4627189323389,313.06048631764276
-0.002273999978511002,0.8833333333333333,0.015,270.2799889796453,35.24920537373056,-7.576997501739634,0.0,263740.9389643148,6289.063535126063,20550312.13380957,402.46291181787143,313.06056133680426
-0.002273999978511002,0.9166666666666666,-0.005,270.14280386420353,33.49444013041939,-7.525393965601867,0.0,263645.3674017333,6289.072796086003,20537160.641078774,402.4095734591874,313.0398157111736
-0.002273999978511002,0.9166666666666666,0.005,270.14280386420353,33.494214543047065,-7.525271124953635,0.0,263645.2282736317,6289.07280023971,20537114.69609909,402.40937360099025,313.03973797497514
-0.002273999978511002,0.9166666666666666,0.015,270.14280386420353,33.49444013041939,-7.525393965601867,0.0,263645.3674017333,6289.072796086003,20537160.641078774,402.4095734591874,313.0398157111736
-0.002273999978511002,0.95,-0.005,270.01920875209413,31.025680503072127,-7.358225794908863,0.0,263535.27298677835,6289.086654647982,20525486.185326584,402.3648925069141,313.0224362720851
-0.002273999978511002,0.95,0.005,270.01920875209413,31.025428623076976,-7.3581215053809546,0.0,263535.13062927325,6289.0866595393345,20525439.09268987,402.36468786424547,313.02235667051445
-0.002273999978511002,0.95,0.015,270.01920875209413,31.025680503072127,-7.358225794908863,0.0,263535.27298677835,6289.086654647982,20525486.185326584,402.3648925069141,313.0224362720851
-0.002273999978511002,0.9833333333333333,-0.005,269.9198842370281,26.456355888051394,-6.708223146843614,0.0,263384.7310854575,6289.119759499536,20516794.499667294,402.3424920317245,313.0137228517025
-0.002273999978511002,0.9833333333333333,0.005,269.9198842370281,26.456088645066103,-6.708142071512747,0.0,263384.5872576063,6289.11976507014,20516746.502252452,402.34228365901754,313.0136417969711
-0.002273999978511002,0.9833333333333333,0.015,269.9198842370281,26.456355888051394,-6.708223146843614,0.0,263384.7310854575,6289.119759499536,20516794.499667294,402.3424920317245,313.0137228517025
-0.002273999978511002,1.0166666666666666,-0.005,269.91606598912074,0.00037417741715232246,-9.487571233847041e-05,0.0,263383.45745135465,6290.044367804701,20545459.79385897,402.9103281993434,313.23452707709015
-0.002273999978511002,1.0166666666666666,0.005,269.9122477412134,-26.456355888051217,6.70822314684357,0.0,263382.18378122477,6289.118772150201,20516015.45988669,402.3385952980634,313.0122070609425
-0.002273999978511002,1.0166666666666666,0.015,269.91606598912074,0.00037417741715232246,-9.487571233847041e-05,0.0,263383.45745135465,6290.044367804701,20545459.79385897,402.9103281993434,313.23452707709015
-0.0015487415520276087,-0.016666666666666666,-0.005,264.78198378397235,48.646511575660234,-1.6771883894895894e-18,0.0,262780.56578068645,6289.224627768595,20017946.032123413,400.1779944120945,312.1706213305235
-0.0015487415520276087,-0.016666666666666666,0.005,264.7819837839723,48.646511575660234,0.025869449045029528,0.0,262780.56578068645,6289.224626932432,20017946.006518066,400.1779939002191,312.1706211308717
-0.0015487415520276087,-0.016666666666666666,0.015,264.78198378397235,48.646511575660234,-1.6771883894895894e-18,0.0,262780.56578068645,6289.224627768595,20017946.032123413,400.1779944120945,312.1706213305235
-0.0015487415520276087,0.016666666666666666,-0.005,264.78198378397235,48.646511575660234,-0.025869449045029524,0.0,262780.56578068645,6289.224626932432,20017946.00651807,400.1779939002191,312.1706211308717
-0.0015487415520276087,0.016666666666666666,0.005,264.78198378397235,48.646453039939686,-0.025871549088428793,0.0,262780.5783716601,6289.224640370389,20017949.851846226,400.1780175171978,312.17063034243125
-0.0015487415520276087,0.016666666666666666,0.015,264.78198378397235,48.646511575660234,-0.025869449045029524,0.0,262780.56578068645,6289.224626932432,20017946.00651807,400.1779939002191,312.1706211308717
-0.0015487415520276087,0.05,-0.005,264.78805764994746,48.460859596023376,-0.07535820161572421,0.0,262772.2192024486,6289.221955140917,20018456.084264945,400.17901119000146,312.17101791403604
-0.0015487415520276087,0.05,0.005,264.78805764994746,48.460806417789634,-0.07536490177701703,0.0,262772.2319689166,6289.221968293138,20018459.927376296,400.1790346609632,312.17102706863153
-0.0015487415520276087,0.05,0.015,264.78805764994746,48.460859596023376,-0.07535820161572421,0.0,262772.2192024486,6289.221955140917,20018456.084264945,400.17901119000146,312.17101791403604
-0.0015487415520276087,0.08333333333333333,-0.005,264.7983269373566,48.2610240002563,-0.12223029438469413,0.0,262764.4231934641,6289.219285595956,20019375.04293396,400.1818620252979,312.17212984962805
-0.0015487415520276087,0.08333333333333333,0.005,264.7983269373566,48.260975117284985,-0.12224225677710943,0.0,262764.43619029026,6289.219298464747,20019378.920137316,400.18188551382184,312.1721390110408
-0.0015487415520276087,0.08333333333333333,0.015,264.7983269373566,48.2610240002563,-0.12223029438469413,0.0,262764.4231934641,6289.219285595956,20019375.04293396,400.1818620252979,312.17212984962805
-0.0015487415520276087,0.11666666666666667,-0.005,264.81339042707936,48.04876451968111,-0.1674274792540762,0.0,262757.4470022813,6289.2166324808,20020761.641721986,400.18681626088323,312.1740621829427
-0.0015487415520276087,0.11666666666666667,0.005,264.81339042707936,48.048719000358965,-0.16744588765479826,0.0,262757.4603996158,6289.216645070982,20020765.626103356,400.18684009649695,312.17407147967606
-0.0015487415520276087,0.11666666666666667,0.015,264.81339042707936,48.04876451968111,-0.1674274792540762,0.0,262757.4470022813,6289.2166324808,20020761.641721986,400.18681626088323,312.1740621829427
-0.0015487415520276087,0.15,-0.005,264.83427982605684,47.8238450963522,-0.21248601631174696,0.0,262751.5816420537,6289.213996140599,20022716.386767402,400.19432409084817,312.1769904887871
-0.0015487415520276087,0.15,0.005,264.83427982605684,47.82380202159333,-0.21251283787922973,0.0,262751.5958058128,6289.214008457611,20022720.61772769,400.1943489003925,312.1770001652971
-0.0015487415520276087,0.15,0.015,264.83427982605684,47.8238450963522,-0.21248601631174696,0.0,262751.5816420537,6289.213996140599,20022716.386767402,400.19432409084817,312.1769904887871
-0.0015487415520276087,0.18333333333333332,-0.005,264.86274128467903,47.585826995976745,-0.2598971966551606,0.0,262747.3133575935,6289.211376834222,20025409.390015062,400.2051472599718,312.1812118399122
-0.0015487415520276087,0.18333333333333332,0.005,264.86274128467903,47.58578543224217,-0.25993562025615813,0.0,262747.3289551894,6289.211388884386,20025414.109691348,400.2051741306888,312.18122232020323
-0.0015487415520276087,0.18333333333333332,0.015,264.86274128467903,47.585826995976745,-0.2598971966551606,0.0,262747.3133575935,6289.211376834222,20025409.390015062,400.2051472599718,312.1812118399122
-0.0015487415520276087,0.21666666666666667,-0.005,264.9016396723242,47.334066628811584,-0.31358042961098176,0.0,262745.4396820858,6289.2087753966125,20029119.80055956,400.2205357069474,312.18721368406506
-0.0015487415520276087,0.21666666666666667,0.005,264.9016396723242,47.33402559999767,-0.31363542918986986,0.0,262745.45781667635,6289.208787187789,20029125.39991684,400.22056639277827,312.1872256521214
-0.0015487415520276087,0.21666666666666667,0.015,264.9016396723242,47.334066628811584,-0.31358042961098176,0.0,262745.4396820858,6289.2087753966125,20029119.80055956,400.2205357069474,312.18721368406506
-0.0015487415520276087,0.25,-0.005,264.95547478321134,47.06767823722573,-0.3794914563566906,0.0,262747.21613670915,6289.206194215149,20034286.18733075,400.24245298625823,312.1957617220536
-0.0015487415520276087,0.25,0.005,264.95547478321134,47.067636699958136,-0.37957040611627774,0.0,262747.23849321454,6289.206205758066,20034293.25608255,400.2424901309935,312.1957762088085
-0.0015487415520276087,0.25,0.015,264.95547478321134,47.06767823722573,-0.3794914563566906,0.0,262747.21613670915,6289.206194215149,20034286.18733075,400.24245298625823,312.1957617220536
-0.0015487415520276087,0.2833333333333333,-0.005,265.03094393580193,46.78549223121745,-0.46629313017875,0.0,262754.51677210146,6289.203639101115,20041561.541573413,400.2738219281523,312.2079956302227
-0.0015487415520276087,0.2833333333333333,0.005,265.03094393580193,46.78544907265395,-0.4664062950698888,0.0,262754.54573284904,6289.203650411837,20041570.90716433,400.2738692389253,312.2080140810935
-0.0015487415520276087,0.2833333333333333,0.015,265.03094393580193,46.78549223121745,-0.46629313017875,0.0,262754.51677210146,6289.203639101115,20041561.541573413,400.2738219281523,312.2079956302227
-0.0015487415520276087,0.31666666666666665,-0.005,265.137388872288,46.48603156642171,-0.5858996605250624,0.0,262769.96386379,6289.201122647863,20051857.179870315,400.3187196406148,312.2255049338488
-0.0015487415520276087,0.31666666666666665,0.005,265.137388872288,46.485985659943715,-0.5860602516508976,0.0,262770.0025192766,6289.2011337517715,20051869.909446783,400.31878189431154,312.2255292109937
-0.0015487415520276087,0.31666666666666665,0.015,265.137388872288,46.48603156642171,-0.5858996605250624,0.0,262769.96386379,6289.201122647863,20051857.179870315,400.3187196406148,312.2255049338488
-0.0015487415520276087,0.35,-0.005,265.2868395072306,46.16754827157077,-0.7535568175268401,0.0,262796.9471932468,6289.198669486176,20066347.620067127,400.38239594348204,312.25033586767734
-0.0015487415520276087,0.35,0.005,265.2868395072306,46.167498640281465,-0.7537801853047417,0.0,262796.99914553,6289.198680423096,20066364.949685555,400.3824786650535,312.2503681241369
-0.0015487415520276087,0.35,0.015,265.2868395072306,46.16754827157077,-0.7535568175268401,0.0,262796.9471932468,6289.198669486176,20066347.620067127,400.38239594348204,312.25033586767734
-0.0015487415520276087,0.38333333333333336,-0.005,265.49325797052995,45.828180476347825,-0.9869926923321564,0.0,262839.42242480366,6289.196322763303,20086397.805929232,400.47094123575084,312.2848613226946
-0.0015487415520276087,0.38333333333333336,0.005,265.49325797052995,45.828126613299226,-0.9872942256138041,0.0,262839.4912794601,6289.196333591421,20086420.96103309,400.4710498867845,312.28490368540713
-0.0015487415520276087,0.38333333333333336,0.015,265.49325797052995,45.828180476347825,-0.9869926923321564,0.0,262839.42242480366,6289.196322763303,20086397.805929232,400.47094123575084,312.2848613226946
-0.0015487415520276087,0.4166666666666667,-0.005,265.770583529139,45.46628995347037,-1.3041713696241488,0.0,262901.3754660238,6289.194148725892,20113373.563177895,400.5904283084625,312.33144550296043
-0.0015487415520276087,0.4166666666666667,0.005,265.770583529139,45.46623231070848,-1.3045629030321872,0.0,262901.46396263357,6289.194159519364,20113403.4539222,400.59056691389554,312.3314995367421
-0.0015487415520276087,0.4166666666666667,0.015,265.770583529139,45.46628995347037,-1.3041713696241488,0.0,262901.3754660238,6289.194148725892,20113373.563177895,400.5904283084625,312.33144550296043
-0.0015487415520276087,0.45,-0.005,266.12940102343896,45.080997193509006,-1.7194440293225597,0.0,262985.89813973877,6289.192233271026,20148317.41500759,400.74545063202066,312.3918733859034
-0.0015487415520276087,0.45,0.005,266.12940102343896,45.080937763231596,-1.7199291241794306,0.0,262986.00700220384,6289.192244104992,20148354.236702107,400.7456199864924,312.3919393940827
-0.0015487415520276087,0.45,0.015,266.12940102343896,45.080997193509006,-1.7194440293225597,0.0,262985.89813973877,6289.192233271026,20148317.41500759,400.74545063202066,312.3918733859034
-0.0015487415520276087,0.48333333333333334,-0.005,266.5725840106109,44.672824650501596,-2.238511588580384,0.0,263093.9640954397,6289.19066403326,20191522.99669332,400.93721411816745,312.46660684809535
-0.0015487415520276087,0.48333333333333334,0.005,266.5725840106109,44.67276742907401,-2.2390808752198303,0.0,263094.09087888186,6289.190674954832,20191565.834108584,400.9374100256051,312.4666831873857
-0.0015487415520276087,0.48333333333333334,0.015,266.5725840106109,44.672824650501596,-2.238511588580384,0.0,263093.9640954397,6289.19066403326,20191522.99669332,400.93721411816745,312.46660684809535
-0.0015487415520276087,0.5166666666666667,-0.005,267.0910249537316,44.24420336903604,-2.853499486850868,0.0,263223.20612458745,6289.189498605552,20242115.57338573,401.16167730941356,312.5540612368242
-0.0015487415520276087,0.5166666666666667,0.005,267.0910249537316,44.244154380788615,-2.8541279914089226,0.0,263223.34451970516,6289.189509601977,20242162.170525916,401.1618895909087,312.5541439334505
-0.0015487415520276087,0.5166666666666667,0.015,267.0910249537316,44.24420336903604,-2.853499486850868,0.0,263223.20612458745,6289.189498605552,20242115.57338573,401.16167730941356,312.5540612368242
-0.0015487415520276087,0.55,-0.005,267.66123500929535,43.79946877056272,-3.540199988329394,0.0,263367.1911950145,6289.188733686344,20297812.601965833,401.4085294247355,312.65021045799597
-0.0015487415520276087,0.55,0.005,267.66123500929535,43.7994353393249,-3.5408484286803783,0.0,263367.33128525486,6289.1887446736955,20297859.467809957,401.4087424554461,312.6502934209661
-0.0015487415520276087,0.55,0.015,267.66123500929535,43.79946877056272,-3.540199988329394,0.0,263367.1911950145,6289.188733686344,20297812.601965833,401.4085294247355,312.65021045799597
-0.0015487415520276087,0.5833333333333334,-0.005,268.24662156714754,43.343972569784036,-4.259537235276564,0.0,263515.71096937876,6289.188300081573,20355042.75917788,401.6617963566476,312.74882753699103
-0.0015487415520276087,0.5833333333333334,0.005,268.24662156714754,43.343961743774244,-4.260158189404368,0.0,263515.84069488256,6289.1883109328255,20355085.692784436,401.66199147536156,312.748903500329
-0.0015487415520276087,0.5833333333333334,0.015,268.24662156714754,43.343972569784036,-4.259537235276564,0.0,263515.71096937876,6289.188300081573,20355042.75917788,401.6617963566476,312.74882753699103
-0.0015487415520276087,0.6166666666666667,-0.005,268.8032516320906,42.88218346720913,-4.964100704880453,0.0,263656.3376085606,6289.1880982863,20409505.789000705,401.90240502549466,312.8424869462423
-0.0015487415520276087,0.6166666666666667,0.005,268.8032516320906,42.882199916085334,-4.964648481867295,0.0,263656.4451921567,6289.188108890192,20409540.7331432,401.90256436230993,312.84254896045275
-0.0015487415520276087,0.6166666666666667,0.015,268.8032516320906,42.88218346720913,-4.964100704880453,0.0,263656.3376085606,6289.1880982863,20409505.789000705,401.90240502549466,312.8424869462423
-0.0015487415520276087,0.65,-0.005,269.28900563328835,42.415091648754164,-5.608411391632483,0.0,263776.95906440984,6289.188058885247,20457068.918684933,402.11218900305124,312.9241246503413
-0.0015487415520276087,0.65,0.005,269.28900563328835,42.415135754368,-5.608852377378324,0.0,263777.0356204487,6289.188069198647,20457092.867644615,402.1122994691671,312.92416763276157
-0.0015487415520276087,0.65,0.015,269.28900563328835,42.415091648754164,-5.608411391632483,0.0,263776.95906440984,6289.188058885247,20457068.918684933,402.11218900305124,312.9241246503413
-0.0015487415520276087,0.6833333333333333,-0.005,269.6731555455126,41.93764471589277,-6.159524274870258,0.0,263868.4672464021,6289.18818865648,20494709.612548284,402.278017406726,312.9886419177044
-0.0015487415520276087,0.6833333333333333,0.005,269.6731555455126,41.937711682635104,-6.159843842515115,0.0,263868.50857965276,6289.1881987155575,20494721.22861842,402.27807332878467,312.98866367252054
-0.0015487415520276087,0.6833333333333333,0.015,269.6731555455126,41.93764471589277,-6.159524274870258,0.0,263868.4672464021,6289.18818865648,20494709.612548284,402.278017406726,312.9886419177044
-0.0015487415520276087,0.7166666666666667,-0.005,269.9427679806813,41.437016895951075,-6.6039593310350435,0.0,263926.57766341505,6289.1885749844405,20521149.210920345,402.39449851831034,313.0339521566983
-0.0015487415520276087,0.7166666666666667,0.005,269.9427679806813,41.43709736126925,-6.604162749595233,0.0,263926.58457285113,6289.18858487517,20521148.91312417,402.3945019324043,313.03395348465796
-0.0015487415520276087,0.7166666666666667,0.015,269.9427679806813,41.437016895951075,-6.6039593310350435,0.0,263926.57766341505,6289.1885749844405,20521149.210920345,402.39449851831034,313.0339521566983
-0.0015487415520276087,0.75,-0.005,270.10353708069044,40.892084606445664,-6.948351450456627,0.0,263952.0896839517,6289.189358598259,20536939.16197715,402.46427072254625,313.0610898564376
-0.0015487415520276087,0.75,0.005,270.10353708069044,40.89216659675994,-6.948458938898565,0.0,263952.06677172094,6289.1893684177485,20536928.68998417,402.46422940120283,313.0610737853152
-0.0015487415520276087,0.75,0.015,270.10353708069044,40.892084606445664,-6.948351450456627,0.0,263952.0896839517,6289.189358598259,20536939.16197715,402.46427072254625,313.0610898564376
-0.0015487415520276087,0.7833333333333333,-0.005,270.1751437327235,40.27363493161825,-7.213904325540078,0.0,263949.59267037135,6289.190708464139,20544007.662155576,402.495968676043,313.07341790790286
-0.0015487415520276087,0.7833333333333333,0.005,270.1751437327235,40.27370639150352,-7.213942915420931,0.0,263949.54632071074,6289.190718300543,20543989.351746645,402.49589294434105,313.0733884547086
-0.0015487415520276087,0.7833333333333333,0.015,270.1751437327235,40.27363493161825,-7.213904325540078,0.0,263949.59267037135,6289.190708464139,20544007.662155576,402.495968676043,313.07341790790286
-0.0015487415520276087,0.8166666666666667,-0.005,270.18360358372513,39.54380049445551,-7.427149994727537,0.0,263925.27497796813,6289.192822652479,20544908.901835214,402.5009372876064,313.07535026937336
-0.0015487415520276087,0.8166666666666667,0.005,270.18360358372513,39.54385143459961,-7.427145789501798,0.0,263925.21142057667,6289.1928325855115,20544884.996034816,402.5008370271139,313.0753112768049
-0.0015487415520276087,0.8166666666666667,0.015,270.18360358372513,39.54380049445551,-7.427149994727537,0.0,263925.27497796813,6289.192822652479,20544908.901835214,402.5009372876064,313.07535026937336
-0.0015487415520276087,0.85,-0.005,270.1539798898471,38.65200641059639,-7.610192788756375,0.0,263884.7188945426,6289.195956801897,20542107.702141378,402.4901295518311,313.07114697682897
-0.0015487415520276087,0.85,0.005,270.1539798898471,38.652030035347046,-7.61016623390825,0.0,263884.6430234395,6289.195966909398,20542079.93500552,402.49001240042156,313.0711014145578
-0.0015487415520276087,0.85,0.015,270.1539798898471,38.65200641059639,-7.610192788756375,0.0,263884.7188945426,6289.195956801897,20542107.702141378,402.4901295518311,313.07114697682897
-0.0015487415520276087,0.8833333333333333,-0.005,270.1059741974966,37.52206872984669,-7.7718318981425005,0.0,263831.2423805537,6289.200481644563,20537547.509254955,402.4722564293218,313.0641957242712
-0.0015487415520276087,0.8833333333333333,0.005,270.1059741974966,37.52206149735732,-7.77179664476226,0.0,263831.1574830075,6289.200492002685,20537517.014590673,402.4721273917312,313.0641455381377
-0.0015487415520276087,0.8833333333333333,0.015,270.1059741974966,37.52206872984669,-7.7718318981425005,0.0,263831.2423805537,6289.200481644563,20537547.509254955,402.4722564293218,313.0641957242712
-0.0015487415520276087,0.9166666666666666,-0.005,270.05305695438346,36.01484097110516,-7.895862590430685,0.0,263764.5392598362,6289.207028964947,20532569.0052113,402.45350734410715,313.0569036245669
-0.0015487415520276087,0.9166666666666666,0.005,270.05305695438346,36.0148020716118,-7.895826787079566,0.0,263764.44736886636,6289.207039635451,20532536.444459613,402.4533693496455,313.0568499536189
-0.0015487415520276087,0.9166666666666666,0.015,270.05305695438346,36.01484097110516,-7.895862590430685,0.0,263764.5392598362,6289.207028964947,20532569.0052113,402.45350734410715,313.0569036245669
-0.0015487415520276087,0.95,-0.005,270.0043875760251,33.795909702633615,-7.905791524136234,0.0,263677.54534924834,6289.2171641969735,20528119.273117755,402.43879158311665,313.0511800905442
-0.0015487415520276087,0.95,0.005,270.0043875760251,33.795840833869256,-7.9057598467434715,0.0,263677.44780699303,6289.217175184039,20528085.02826183,402.43864631160227,313.05112358825863
-0.0015487415520276087,0.95,0.015,270.0043875760251,33.795909702633615,-7.905791524136234,0.0,263677.54534924834,6289.2171641969735,20528119.273117755,402.43879158311665,313.0511800905442
-0.0015487415520276087,0.9833333333333333,-0.005,269.9704555020469,29.441517943472185,-7.422051732816392,0.0,263536.8043958611,6289.242504155679,20525591.039077178,402.43978080595946,313.05156484121255
-0.0015487415520276087,0.9833333333333333,0.005,269.9704555020469,29.441426765215983,-7.422027227840768,0.0,263536.70240192517,6289.242515188015,20525555.34480811,402.439629165651,313.0515058619036
-0.0015487415520276087,0.9833333333333333,0.015,269.9704555020469,29.441517943472185,-7.422051732816392,0.0,263536.8043958611,6289.242504155679,20525591.039077178,402.43978080595946,313.05156484121255
-0.0015487415520276087,1.0166666666666668,-0.005,269.9742814238531,-0.0004173506653014853,0.00010521190634697473,0.0,263537.8816463953,6290.3868720617975,20561930.21020563,403.1465583092392,313.3263397940912
-0.0015487415520276087,1.0166666666666668,0.005,269.97810734565934,-29.441517943472384,7.422051732816441,0.0,263538.95886638877,6289.242501554447,20526341.0716772,402.4430766030296,313.052846712895
-0.0015487415520276087,1.0166666666666668,0.015,269.9742814238531,-0.0004173506653014853,0.00010521190634697473,0.0,263537.8816463953,6290.3868720617975,20561930.21020563,403.1465583092392,313.3263397940912
-0.0008234831255442155,-0.016666666666666666,-0.005,264.5818051807947,49.40138448748791,0.0,0.0,262698.65440338274,6289.070255283145,19993721.509384345,399.99607948616637,312.0996592192672
-0.0008234831255442155,-0.016666666666666666,0.005,264.5818051807947,49.40138448748791,0.014547929067246284,0.0,262698.65440338274,6289.07025501859,19993721.501292825,399.9960793242867,312.0996591561134
-0.0008234831255442155,-0.016666666666666666,0.015,264.5818051807947,49.40138448748791,0.0,0.0,262698.65440338274,6289.070255283145,19993721.509384345,399.99607948616637,312.0996592192672
-0.0008234831255442155,0.016666666666666666,-0.005,264.5818051807947,49.40138448748791,-0.014547929067246284,0.0,262698.65440338274,6289.07025501859,19993721.501292825,399.9960793242867,312.0996591561134
-0.0008234831255442155,0.016666666666666666,0.005,264.5818051807947,49.401352444918054,-0.014550218027795929,0.0,262698.65591129,6289.070259169858,19993722.116068892,399.9960840524638,312.0996610007095
-0.0008234831255442155,0.016666666666666666,0.015,264.5818051807947,49.40138448748791,-0.014547929067246284,0.0,262698.65440338274,6289.07025501859,19993721.501292825,399.9960793242867,312.0996591561134
-0.0008234831255442155,0.05,-0.005,264.585822787612,49.15916312139745,-0.042776662248119414,0.0,262688.08098293573,6289.070793051812,19994129.24031446,399.99816361470505,312.1004722959357
-0.0008234831255442155,0.05,0.005,264.585822787612,49.159132429226425,-0.04278362270959682,0.0,262688.0827660783,6289.070797280692,19994129.915375285,399.99816865009376,312.10047426037863
-0.0008234831255442155,0.05,0.015,264.585822787612,49.15916312139745,-0.042776662248119414,0.0,262688.08098293573,6289.070793051812,19994129.24031446,399.99816361470505,312.1004722959357
-0.0008234831255442155,0.08333333333333333,-0.005,264.5936863636942,48.910545755910874,-0.07090340952307508,0.0,262678.33568911284,6289.071289352012,19994910.26335982,400.00190235529493,312.10193087760354
-0.0008234831255442155,0.08333333333333333,0.005,264.5936863636942,48.91051648071167,-0.07091532522711226,0.0,262678.3379470283,6289.071293652817,19994911.066324387,400.00190799843756,312.1019330791377
-0.0008234831255442155,0.08333333333333333,0.015,264.5936863636942,48.910545755910874,-0.07090340952307508,0.0,262678.33568911284,6289.071289352012,19994910.26335982,400.00190235529493,312.10193087760354
-0.0008234831255442155,0.11666666666666668,-0.005,264.60569977026927,48.656321285058354,-0.09971493853049099,0.0,262669.5487117176,6289.071744713396,19996094.18163347,400.00742858124687,312.1040867921416
-0.0008234831255442155,0.11666666666666668,0.005,264.60569977026927,48.65629356106088,-0.09973249884254881,0.0,262669.5517124795,6289.071749080627,19996095.202374514,400.0074352325272,312.1040893869581
-0.0008234831255442155,0.11666666666666668,0.015,264.60569977026927,48.656321285058354,-0.09971493853049099,0.0,262669.5487117176,6289.071744713396,19996094.18163347,400.00742858124687,312.1040867921416
-0.0008234831255442155,0.15,-0.005,264.6225147796646,48.3958793313537,-0.13032641971350484,0.0,262661.8810496306,6289.072159532681,19997744.472375624,400.0150269152308,312.10705106187515
-0.0008234831255442155,0.15,0.005,264.6225147796646,48.39585328329555,-0.1303509225407804,0.0,262661.88518139464,6289.072163961133,19997745.841854457,400.0150351593317,312.10705427805686
-0.0008234831255442155,0.15,0.015,264.6225147796646,48.3958793313537,-0.13032641971350484,0.0,262661.8810496306,6289.072159532681,19997744.472375624,400.0150269152308,312.10705106187515
-0.0008234831255442155,0.18333333333333332,-0.005,264.6453338477893,48.12852975202666,-0.1644462305955392,0.0,262655.64798359544,6289.072534298149,19999978.245733704,400.0252223574185,312.1110284738544
-0.0008234831255442155,0.18333333333333332,0.005,264.6453338477893,48.12850550655636,-0.16447988728205587,0.0,262655.65382913314,6289.072538783087,19999980.161185414,400.0252330762115,312.1110326554076
-0.0008234831255442155,0.18333333333333332,0.015,264.6453338477893,48.12852975202666,-0.1644462305955392,0.0,262655.64798359544,6289.072534298149,19999978.245733704,400.0252223574185,312.1110284738544
-0.0008234831255442155,0.21666666666666667,-0.005,264.67618171423186,47.85352224012436,-0.20471775504314502,0.0,262651.3979226044,6289.072869845977,20002992.71654474,400.03889891415236,312.1163638470573
-0.0008234831255442155,0.21666666666666667,0.005,264.67618171423186,47.85349994863714,-0.20476408004739016,0.0,262651.40635417553,6289.072874383517,20002995.47338185,400.03891342964465,312.11636950965993
-0.0008234831255442155,0.21666666666666667,0.015,264.67618171423186,47.85352224012436,-0.20471775504314502,0.0,262651.3979226044,6289.072869845977,20002992.71654474,400.03889891415236,312.1163638470573
-0.0008234831255442155,0.25,-0.005,264.7182503583365,47.57006419644805,-0.25516001620731366,0.0,262650.0122963303,6289.073167866011,20007098.84919941,400.05745027061624,312.1236007867811
-0.0008234831255442155,0.25,0.005,264.7182503583365,47.57004407619004,-0.2552242515572557,0.0,262650.0245795922,6289.0731724538655,20007102.875648275,400.0574704999911,312.12360867822923
-0.0008234831255442155,0.25,0.015,264.7182503583365,47.57006419644805,-0.25516001620731366,0.0,262650.0122963303,6289.073167866011,20007098.84919941,400.05745027061624,312.1236007867811
-0.0008234831255442155,0.2833333333333333,-0.005,264.7762727436268,47.277357308719616,-0.32165658724966173,0.0,262652.8149239572,6289.073431908882,20012757.862612773,400.08294305705573,312.1335453254182
-0.0008234831255442155,0.2833333333333333,0.005,264.7762727436268,47.27733971419149,-0.32174604245318594,0.0,262652.8328022991,6289.073436547753,20012763.747099187,400.08297163487043,312.1335564732247
-0.0008234831255442155,0.2833333333333333,0.015,264.7762727436268,47.277357308719616,-0.32165658724966173,0.0,262652.8149239572,6289.073431908882,20012757.862612773,400.08294305705573,312.1335453254182
-0.0008234831255442155,0.31666666666666665,-0.005,264.85681684506426,46.97466641487493,-0.41236313227890325,0.0,262661.6607480401,6289.07366922249,20020610.066919956,400.1182452798387,312.1473159260965
-0.0008234831255442155,0.31666666666666665,0.005,264.85681684506426,46.97465195373141,-0.4124872317504801,0.0,262661.68645698135,6289.073673918315,20020618.560769103,400.118285568915,312.1473316416092
-0.0008234831255442155,0.31666666666666665,0.015,264.85681684506426,46.97466641487493,-0.41236313227890325,0.0,262661.6607480401,6289.07366922249,20020610.066919956,400.1182452798387,312.1473159260965
-0.0008234831255442155,0.35,-0.005,264.96831016376433,46.66143726438074,-0.5378047812965151,0.0,262678.95074541855,6289.073893693732,20031477.58849797,400.16703687000035,312.1663474246772
-0.0008234831255442155,0.35,0.005,264.96831016376433,46.661426968541086,-0.5379745355459121,0.0,262678.9868883803,6289.0738984607315,20031489.56035811,400.1670927548649,312.1663692222915
-0.0008234831255442155,0.35,0.015,264.96831016376433,46.66143726438074,-0.5378047812965151,0.0,262678.95074541855,6289.073893693732,20031477.58849797,400.16703687000035,312.1663474246772
-0.0008234831255442155,0.38333333333333336,-0.005,265.12053621216864,46.33747632454419,-0.7103505260085798,0.0,262707.4997730063,6289.0741297063305,20046315.813420117,400.23358909911167,312.1923047133077
-0.0008234831255442155,0.38333333333333336,0.005,265.12053621216864,46.3374718719998,-0.7105771414078077,0.0,262707.5489894167,6289.074134569846,20046332.1320679,400.23366445714356,312.19233410389006
-0.0008234831255442155,0.38333333333333336,0.015,265.12053621216864,46.33747632454419,-0.7103505260085798,0.0,262707.4997730063,6289.0741297063305,20046315.813420117,400.23358909911167,312.1923047133077
-0.0008234831255442155,0.4166666666666667,-0.005,265.32334576811587,46.00318854783219,-0.9427507395997209,0.0,262750.18289876217,6289.0744155982475,20066088.402694885,400.32220008024024,312.22686220195067
-0.0008234831255442155,0.4166666666666667,0.005,265.32334576811587,46.003192498820034,-0.9430432339598254,0.0,262750.2472915055,6289.074420595042,20066109.737902995,400.3222978849769,312.22690034280845
-0.0008234831255442155,0.4166666666666667,0.015,265.32334576811587,46.00318854783219,-0.9427507395997209,0.0,262750.18289876217,6289.0744155982475,20066088.402694885,400.32220008024024,312.22686220195067
-0.0008234831255442155,0.45,-0.005,265.5844698853491,45.659834089239006,-1.2455928426000291,0.0,262809.32399613736,6289.074803882543,20091554.58638565,400.4362369681556,312.2713299386654
-0.0008234831255442155,0.45,0.005,265.5844698853491,45.65985005305648,-1.2459548936199538,0.0,262809.4043705153,6289.074809055358,20091581.147541065,400.4363581156934,312.27137717577386
-0.0008234831255442155,0.45,0.015,265.5844698853491,45.659834089239006,-1.2455928426000291,0.0,262809.32399613736,6289.074803882543,20091554.58638565,400.4362369681556,312.2713299386654
-0.0008234831255442155,0.48333333333333334,-0.005,265.90665723793904,45.30970038337198,-1.6239225766316983,0.0,262885.8820411629,6289.07535480065,20122989.93206637,400.57688350780603,312.3261651684467
-0.0008234831255442155,0.48333333333333334,0.005,265.90665723793904,45.30973298248963,-1.6243493505482318,0.0,262885.9771316235,6289.075360185405,20123021.20724752,400.57702565239924,312.3262205828673
-0.0008234831255442155,0.48333333333333334,0.015,265.90665723793904,45.30970038337198,-1.6239225766316983,0.0,262885.8820411629,6289.07535480065,20122989.93206637,400.57688350780603,312.3261651684467
-0.0008234831255442155,0.5166666666666667,-0.005,266.2848323052869,44.956035945847425,-2.0738394941901435,0.0,262978.62422272476,6289.076122223305,20159907.958993938,400.7419008390632,312.3904898032251
-0.0008234831255442155,0.5166666666666667,0.005,266.2848323052869,44.95609043249596,-2.0743156708889514,0.0,262978.7301983371,6289.076127832489,20159942.55583211,400.7420576971017,312.390550941023
-0.0008234831255442155,0.5166666666666667,0.015,266.2848323052869,44.956035945847425,-2.0738394941901435,0.0,262978.62422272476,6289.076122223305,20159907.958993938,400.7419008390632,312.3904898032251
-0.0008234831255442155,0.55,-0.005,266.70438679791204,44.602569335491886,-2.5803681157165306,0.0,263083.5966976235,6289.07713681524,20200890.961393774,400.92489192871244,312.46180522058876
-0.0008234831255442155,0.55,0.005,266.70438679791204,44.60265078578422,-2.5808683995435775,0.0,263083.7072615503,6289.0771426269175,20200926.657057896,400.9250535312797,312.46186819326243
-0.0008234831255442155,0.55,0.015,266.70438679791204,44.602569335491886,-2.5803681157165306,0.0,263083.5966976235,6289.07713681524,20200890.961393774,400.92489192871244,312.46180522058876
-0.0008234831255442155,0.5833333333333334,-0.005,267.14176340659276,44.25249822582402,-3.1179560364938514,0.0,263194.22639797995,6289.078396748086,20243643.87323854,401.11557627845264,312.53610154717654
-0.0008234831255442155,0.5833333333333334,0.005,267.14176340659276,44.25261037411871,-3.118448816871478,0.0,263194.33365689806,6289.078402709951,20243677.930471584,401.11573041507086,312.5361615962696
-0.0008234831255442155,0.5833333333333334,0.015,267.14176340659276,44.25249822582402,-3.1179560364938514,0.0,263194.22639797995,6289.078396748086,20243643.87323854,401.11557627845264,312.53610154717654
-0.0008234831255442155,0.6166666666666667,-0.005,267.5678979553135,43.906996210059695,-3.6542573541122185,0.0,263302.2294372894,6289.079874218319,20285328.006963946,401.30131324871957,312.60845325029857
-0.0008234831255442155,0.6166666666666667,0.005,267.5678979553135,43.90714021023382,-3.654710913609907,0.0,263302.32540996635,6289.079880266771,20285357.705676183,401.301447855113,312.6085056786006
-0.0008234831255442155,0.6166666666666667,0.015,267.5678979553135,43.906996210059695,-3.6542573541122185,0.0,263302.2294372894,6289.079874218319,20285328.006963946,401.30131324871957,312.60845325029857
-0.0008234831255442155,0.65,-0.005,267.9539293158504,43.56351024628258,-4.156525021220141,0.0,263399.1779969982,6289.081535105896,20323118.542730443,401.46959999490116,312.6739929626484
-0.0008234831255442155,0.65,0.005,267.9539293158504,43.56368379078548,-4.156914359388268,0.0,263399.2562990253,6289.081541187929,20323141.763167202,401.46970573634,312.674034139609
-0.0008234831255442155,0.65,0.015,267.9539293158504,43.56351024628258,-4.156525021220141,0.0,263399.1779969982,6289.081535105896,20323118.542730443,401.46959999490116,312.6739929626484
-0.0008234831255442155,0.6833333333333333,-0.005,268.2773988381827,43.21426008172951,-4.598575507529918,0.0,263478.2341310655,6289.083358436164,20354812.424721617,401.6107569005534,312.7289562954127
-0.0008234831255442155,0.6833333333333333,0.005,268.2773988381827,43.21445725397725,-4.598887276796556,0.0,263478.2912146674,6289.083364519896,20354828.066960465,401.6108289963342,312.7289843654243
-0.0008234831255442155,0.6833333333333333,0.015,268.2773988381827,43.21426008172951,-4.598575507529918,0.0,263478.2341310655,6289.083358436164,20354812.424721617,401.6107569005534,312.7289562954127
-0.0008234831255442155,0.7166666666666667,-0.005,268.52666688402314,42.84524819475882,-4.965731104468045,0.0,263535.40389446483,6289.085343959098,20379263.4258211,401.71981640133373,312.7714150046996
-0.0008234831255442155,0.7166666666666667,0.005,268.52666688402314,42.84546019907701,-4.965964842892797,0.0,263535.43937923486,6289.085350030045,20379271.507503614,401.7198550131846,312.77143003592585
-0.0008234831255442155,0.7166666666666667,0.015,268.52666688402314,42.84524819475882,-4.965731104468045,0.0,263535.40389446483,6289.085343959098,20379263.4258211,401.71981640133373,312.7714150046996
-0.0008234831255442155,0.75,-0.005,268.7019193112014,42.43595400910486,-5.25588752892302,0.0,263569.8423856522,6289.087507391091,20396483.444823086,401.7969281044972,312.8014324176275
-0.0008234831255442155,0.75,0.005,268.7019193112014,42.43617080524054,-5.2560530670447925,0.0,263569.8584386595,6289.087513441459,20396484.86384561,401.7969372569332,312.8014359802419
-0.0008234831255442155,0.75,0.015,268.7019193112014,42.43595400910486,-5.25588752892302,0.0,263569.8423856522,6289.087507391091,20396483.444823086,401.7969281044972,312.8014324176275
-0.0008234831255442155,0.7833333333333333,-0.005,268.8126578864667,41.9589354898262,-5.476471805533145,0.0,263583.14268506086,6289.0898751714585,20407398.5148467,401.8462556977078,312.82063274893443
-0.0008234831255442155,0.7833333333333333,0.005,268.8126578864667,41.95914730140607,-5.476584315712243,0.0,263583.1428053471,6289.089881195755,20407394.612788264,401.8462413436388,312.82062716191086
-0.0008234831255442155,0.7833333333333333,0.015,268.8126578864667,41.9589354898262,-5.476471805533145,0.0,263583.14268506086,6289.0898751714585,20407398.5148467,401.8462556977078,312.82063274893443
-0.0008234831255442155,0.8166666666666667,-0.005,268.8731111273258,41.37815358589051,-5.6387258509674645,0.0,263577.97670504113,6289.092486974703,20413399.992576096,401.8739940280309,312.8314291321106
-0.0008234831255442155,0.8166666666666667,0.005,268.8731111273258,41.3783521833065,-5.638800879839973,0.0,263577.9645025753,6289.092492970003,20413392.12099848,401.87396214326293,312.83141672205437
-0.0008234831255442155,0.8166666666666667,0.015,268.8731111273258,41.37815358589051,-5.6387258509674645,0.0,263577.97670504113,6289.092486974703,20413399.992576096,401.8739940280309,312.8314291321106
-0.0008234831255442155,0.85,-0.005,268.8977018457242,40.643741803158164,-5.751351212445162,0.0,263556.62460493343,6289.095407262954,20415900.643052667,401.886423869273,312.8362669855059
-0.0008234831255442155,0.85,0.005,268.8977018457242,40.64392112877688,-5.751401474514053,0.0,263556.6030174144,6289.095413229644,20415889.889370542,401.8863792540562,312.8362496208259
-0.0008234831255442155,0.85,0.015,268.8977018457242,40.643741803158164,-5.751351212445162,0.0,263556.62460493343,6289.095407262954,20415900.643052667,401.886423869273,312.8362669855059
-0.0008234831255442155,0.8833333333333333,-0.005,268.89825690919474,39.67799305409977,-5.814503671412448,0.0,263519.71030498686,6289.098748822328,20416061.456720382,401.88872736608556,312.83716352774826
-0.0008234831255442155,0.8833333333333333,0.005,268.89825690919474,39.678149201078824,-5.814538116648881,0.0,263519.681378694,6289.09875476055,20416048.571972556,401.88867333204024,312.83714249722806
-0.0008234831255442155,0.8833333333333333,0.015,268.89825690919474,39.67799305409977,-5.814503671412448,0.0,263519.71030498686,6289.098748822328,20416061.456720382,401.88872736608556,312.83716352774826
-0.0008234831255442155,0.9166666666666666,-0.005,268.8835315359476,38.336350892458476,-5.811858389249275,0.0,263464.81203994254,6289.102739771054,20414746.61843259,401.8848277002313,312.8356457402602
-0.0008234831255442155,0.9166666666666666,0.005,268.8835315359476,38.336481800131274,-5.811882892367152,0.0,263464.7771143391,6289.102745669396,20414732.0874224,401.88476637792,312.8356218729675
-0.0008234831255442155,0.9166666666666666,0.015,268.8835315359476,38.336350892458476,-5.811858389249275,0.0,263464.81203994254,6289.102739771054,20414746.61843259,401.8848277002313,312.8356457402602
-0.0008234831255442155,0.95,-0.005,268.8609807704683,36.27050153922035,-5.687323993368691,0.0,263382.8058732349,6289.108057668578,20412707.05418588,401.87836162977277,312.83312906716833
-0.0008234831255442155,0.95,0.005,268.8609807704683,36.27060695392659,-5.6873425892879075,0.0,263382.7659016839,6289.108063473462,20412691.212639607,401.8782944726681,312.833102928702
-0.0008234831255442155,0.95,0.015,268.8609807704683,36.27050153922035,-5.687323993368691,0.0,263382.8058732349,6289.108057668578,20412707.05418588,401.87836162977277,312.83312906716833
-0.0008234831255442155,0.9833333333333333,-0.005,268.84179355706164,32.005081398802744,-5.187907384343746,0.0,263234.77365838515,6289.122268127858,20411274.061421957,401.8788135846838,312.83330497416256
-0.0008234831255442155,0.9833333333333333,0.005,268.84179355706164,32.00516585935323,-5.187923400221373,0.0,263234.72949432256,6289.122273764158,20411257.182433218,401.87874176252075,312.8332770200071
-0.0008234831255442155,0.9833333333333333,0.015,268.84179355706164,32.005081398802744,-5.187907384343746,0.0,263234.77365838515,6289.122268127858,20411274.061421957,401.8788135846838,312.83330497416256
-0.0008234831255442155,1.0166666666666668,-0.005,268.85054299170685,-0.001041654209796623,0.0001688483619083618,0.0,263237.38413361605,6290.429201589562,20452980.760424428,402.6868728268798,313.14765458906334
-0.0008234831255442155,1.0166666666666668,0.005,268.85929242635206,-32.00508139880296,5.18790738434378,0.0,263239.9944389288,6289.122961551945,20413008.393449236,401.88680006349557,312.83641340394865
-0.0008234831255442155,1.0166666666666668,0.015,268.85054299170685,-0.001041654209796623,0.0001688483619083618,0.0,263237.38413361605,6290.429201589562,20452980.760424428,402.6868728268798,313.14765458906334
-9.822469906082144e-05,-0.016666666666666666,-0.005,264.45496970925706,49.496780626941124,-2.0990774818893662e-19,0.0,262673.73807807843,6289.086735443326,19981873.914104555,399.95074757997196,312.081973454235
-9.822469906082144e-05,-0.016666666666666666,0.005,264.45496970925706,49.496780626941124,0.0017855454659559415,0.0,262673.7380780785,6289.08673543934,19981873.913982727,399.9507475775335,312.0819734532837
-9.822469906082144e-05,-0.016666666666666666,0.015,264.45496970925706,49.496780626941124,-2.0990774818893662e-19,0.0,262673.73807807843,6289.086735443326,19981873.914104555,399.95074757997196,312.081973454235
-9.822469906082144e-05,0.016666666666666666,-0.005,264.45496970925706,49.496780626941124,-0.0017855454659559417,0.0,262673.73807807843,6289.08673543934,19981873.913982727,399.95074757753343,312.08197345328364
-9.822469906082144e-05,0.016666666666666666,0.005,264.45496970925706,49.496762850012715,-0.001785964483044931,0.0,262673.7335775309,6289.086740143395,19981872.182224464,399.9507420388546,312.0819712923653
-9.822469906082144e-05,0.016666666666666666,0.015,264.45496970925706,49.496780626941124,-0.0017855454659559417,0.0,262673.73807807843,6289.08673543934,19981873.913982727,399.95074757753343,312.08197345328364
-9.822469906082144e-05,0.05,-0.005,264.45541736447063,49.25637070962162,-0.005528398680717226,0.0,262661.8733108096,6289.086430370229,19981908.17076533,399.9507565074645,312.0819769373008
-9.822469906082144e-05,0.05,0.005,264.45541736447063,49.25635365434827,-0.005529656292557551,0.0,262661.86889474996,6289.086435057264,19981906.456028797,399.9507510371071,312.08197480303807
-9.822469906082144e-05,0.05,0.015,264.45541736447063,49.25637070962162,-0.005528398680717226,0.0,262661.8733108096,6289.086430370229,19981908.17076533,399.9507565074645,312.0819769373008
-9.822469906082144e-05,0.08333333333333333,-0.005,264.45647337648904,49.00925920181655,-0.009842249725898557,0.0,262649.90779413586,6289.086115632463,19982001.365306847,399.9510253364506,312.08208182104704
-9.822469906082144e-05,0.08333333333333333,0.005,264.45647337648904,49.009243017282586,-0.009844502567794287,0.0,262649.90352136915,6289.0861203018885,19981999.685282964,399.9510200135439,312.08207974431303
-9.822469906082144e-05,0.08333333333333333,0.015,264.45647337648904,49.00925920181655,-0.009842249725898557,0.0,262649.90779413586,6289.086115632463,19982001.365306847,399.9510253364506,312.08208182104704
-9.822469906082144e-05,0.11666666666666667,-0.005,264.45829341305523,48.75531239809153,-0.014868299368122045,0.0,262637.88432958507,6289.085790948629,19982168.643521566,399.9516218977841,312.08231456958583
-9.822469906082144e-05,0.11666666666666667,0.005,264.45829341305523,48.75529728445981,-0.014871793239306463,0.0,262637.88028194977,6289.085795599903,19982167.022940077,399.9516168330674,312.0823125935862
-9.822469906082144e-05,0.11666666666666667,0.015,264.45829341305523,48.75531239809153,-0.014868299368122045,0.0,262637.88432958507,6289.085790948629,19982168.643521566,399.9516218977841,312.08231456958583
-9.822469906082144e-05,0.15,-0.005,264.4611058587879,48.49403706285831,-0.02081422700676409,0.0,262625.84920683433,6289.085455739837,19982432.22138295,399.95264560419014,312.0827139684665
-9.822469906082144e-05,0.15,0.005,264.4611058587879,48.49402325539294,-0.020819360799898583,0.0,262625.8454979915,6289.085460372456,19982430.695289828,399.9526409547197,312.0827121544775
-9.822469906082144e-05,0.15,0.015,264.4611058587879,48.49403706285831,-0.02081422700676409,0.0,262625.84920683433,6289.085455739837,19982432.22138295,399.95264560419014,312.0827139684665
-9.822469906082144e-05,0.18333333333333332,-0.005,264.4652681774323,48.22491537655762,-0.028030035053254368,0.0,262613.8850775159,6289.08510945453,19982826.881582852,399.95425226527846,312.08334080598695
-9.822469906082144e-05,0.18333333333333332,0.005,264.4652681774323,48.2249031704987,-0.02803743385908106,0.0,262613.88187290414,6289.085114068103,19982825.501740992,399.95424826317753,312.0833392445721
-9.822469906082144e-05,0.18333333333333332,0.015,264.4652681774323,48.22491537655762,-0.028030035053254368,0.0,262613.8850775159,6289.08510945453,19982826.881582852,399.95425226527846,312.08334080598695
-9.822469906082144e-05,0.21666666666666667,-0.005,264.4713303296437,47.94742324757397,-0.03709105114426186,0.0,262602.1300494716,6289.084751630631,19983406.150988664,399.9566818270598,312.0842886951538
-9.822469906082144e-05,0.21666666666666667,0.005,264.4713303296437,47.94741303670408,-0.03710166216419669,0.0,262602.1275920191,6289.084756224992,19983404.99402321,399.95667881611587,312.08428752044125
-9.822469906082144e-05,0.21666666666666667,0.015,264.4713303296437,47.94742324757397,-0.03709105114426186,0.0,262602.1300494716,6289.084751630631,19983406.150988664,399.9566818270598,312.0842886951538
-9.822469906082144e-05,0.25,-0.005,264.4801163442516,47.66106000132944,-0.04890318536375146,0.0,262590.80251531344,6289.084382016591,19984250.2496495,399.96029407582915,312.08569800220334
-9.822469906082144e-05,0.25,0.005,264.4801163442516,47.66105233390144,-0.04891838554139385,0.0,262590.8011546078,6289.084386592008,19984249.426099747,399.9602925521827,312.08569740775897
-9.822469906082144e-05,0.25,0.015,264.4801163442516,47.66106000132944,-0.04890318536375146,0.0,262590.80251531344,6289.084382016591,19984250.2496495,399.96029407582915,312.08569800220334
-9.822469906082144e-05,0.2833333333333333,-0.005,264.49281399856034,47.36539507277039,-0.06481871450848317,0.0,262580.2291123702,6289.084000798635,19985474.836760756,399.9656079418824,312.0877711781068
-9.822469906082144e-05,0.2833333333333333,0.005,264.49281399856034,47.36539072684109,-0.06484040254297356,0.0,262580.22933084617,6289.084005356158,19985474.49881486,399.9656085888383,312.0877714305123
-9.822469906082144e-05,0.2833333333333333,0.015,264.49281399856034,47.36539507277039,-0.06481871450848317,0.0,262580.2291123702,6289.084000798635,19985474.836760756,399.9656079418824,312.0877711781068
-9.822469906082144e-05,0.31666666666666665,-0.005,264.5110479643607,47.060133628086085,-0.08673233422699543,0.0,262570.8688621036,6289.083609005602,19987238.158809226,399.9733336679918,312.09078530351064
-9.822469906082144e-05,0.31666666666666665,0.005,264.5110479643607,47.06013370337688,-0.0867629586928634,0.0,262570.8712864626,6289.083613547647,19987238.502755683,399.9733373671661,312.0907867467046
-9.822469906082144e-05,0.31666666666666665,0.015,264.5110479643607,47.060133628086085,-0.08673233422699543,0.0,262570.8688621036,6289.083609005602,19987238.158809226,399.9733336679918,312.09078530351064
-9.822469906082144e-05,0.35,-0.005,264.5368933799227,46.74519735856853,-0.11710428940108118,0.0,262563.3210169401,6289.083209187231,19989742.414376568,399.98437907586305,312.09509452356104
-9.822469906082144e-05,0.35,0.005,264.5368933799227,46.7452033730813,-0.11714674636663772,0.0,262563.3263982479,6289.083213718463,19989743.67232129,399.984386870213,312.09509756440275
-9.822469906082144e-05,0.35,0.015,264.5368933799227,46.74519735856853,-0.11710428940108118,0.0,262563.3210169401,6289.083209187231,19989742.414376568,399.98437907586305,312.09509452356104
-9.822469906082144e-05,0.38333333333333336,-0.005,264.57277120188695,46.42080654147702,-0.1588381788551236,0.0,262558.29921105545,6289.0828064622365,19993223.62828967,399.9998043424104,312.1011123880826
-9.822469906082144e-05,0.38333333333333336,0.005,264.57277120188695,46.420820508657755,-0.15889551044171055,0.0,262558.3083560956,6289.082810990805,19993226.04358583,399.999817326245,312.1011174534215
-9.822469906082144e-05,0.38333333333333336,0.015,264.57277120188695,46.42080654147702,-0.1588381788551236,0.0,262558.29921105545,6289.0828064622365,19993223.62828967,399.9998043424104,312.1011123880826
-9.822469906082144e-05,0.4166666666666667,-0.005,264.6211664415542,46.08753507478643,-0.2149405630067612,0.0,262556.5537587082,6289.082409960993,19997924.29560825,400.0206995656749,312.1092640636449
-9.822469906082144e-05,0.4166666666666667,0.005,264.6211664415542,46.08755952373679,-0.21501542001957447,0.0,262556.5674024104,6289.082414499978,19997928.079125777,400.02071868877584,312.10927152388
-9.822469906082144e-05,0.4166666666666667,0.015,264.6211664415542,46.08753507478643,-0.2149405630067612,0.0,262556.5537587082,6289.082409960993,19997924.29560825,400.0206995656749,312.1092640636449
-9.822469906082144e-05,0.45,-0.005,264.6841409995192,45.746293363200074,-0.2879257989454574,0.0,262558.7318712105,6289.082034494252,20004046.020643763,400.0479727214521,312.1199035874288
-9.822469906082144e-05,0.45,0.005,264.6841409995192,45.74633125674997,-0.2880197074752436,0.0,262558.75049814885,6289.082039062939,20004051.291325722,400.04799852280223,312.11991365261514
-9.822469906082144e-05,0.45,0.015,264.6841409995192,45.746293363200074,-0.2879257989454574,0.0,262558.7318712105,6289.082034494252,20004046.020643763,400.0479727214521,312.1199035874288
-9.822469906082144e-05,0.48333333333333334,-0.005,264.76268277646744,45.39817336376063,-0.3790145339153373,0.0,262565.1845537612,6289.081701946117,20011686.16731397,400.0820660830078,312.1332032298934
-9.822469906082144e-05,0.48333333333333334,0.005,264.76268277646744,45.398227815522446,-0.37912711799240867,0.0,262565.2082012831,6289.081706570331,20011692.889678877,400.08209841091707,312.13321584057326
-9.822469906082144e-05,0.48333333333333334,0.015,264.76268277646744,45.39817336376063,-0.3790145339153373,0.0,262565.1845537612,6289.081701946117,20011686.16731397,400.0820660830078,312.1332032298934
-9.822469906082144e-05,0.5166666666666667,-0.005,264.8560349030806,45.044114617725505,-0.4872959163472952,0.0,262575.75927564886,6289.0814415729365,20020772.47253449,400.12266370032984,312.14903940947386
-9.822469906082144e-05,0.5166666666666667,0.005,264.8560349030806,45.04418863603382,-0.487424338182624,0.0,262575.7873914762,6289.081446283725,20020780.412410684,400.1227015143977,312.14905415948147
-9.822469906082144e-05,0.5166666666666667,0.015,264.8560349030806,45.044114617725505,-0.4872959163472952,0.0,262575.75927564886,6289.0814415729365,20020772.47253449,400.12266370032984,312.14903940947386
-9.822469906082144e-05,0.55,-0.005,264.9612402509833,44.684511055942025,-0.6091362894001199,0.0,262589.650951085,6289.081288255382,20031018.480987728,400.1684922704251,312.16691509589907
-9.822469906082144e-05,0.55,0.005,264.9612402509833,44.684607082133006,-0.6092751963026738,0.0,262589.68236426,6289.081293085074,20031027.203207787,400.16853363123886,312.1669312284502
-9.822469906082144e-05,0.55,0.015,264.9612402509833,44.684511055942025,-0.6091362894001199,0.0,262589.650951085,6289.081288255382,20031018.480987728,400.1684922704251,312.16691509589907
-9.822469906082144e-05,0.5833333333333334,-0.005,265.0731589970432,44.31844137561967,-0.738139119116615,0.0,262605.37077690696,6289.081277770334,20041924.90822099,400.2173272827221,312.1859623351996
-9.822469906082144e-05,0.5833333333333334,0.005,265.0731589970432,44.318560665814815,-0.7382812793222787,0.0,262605.40382921475,6289.081282746198,20041933.831400607,400.2173695964724,312.1859788384312
-9.822469906082144e-05,0.5833333333333334,0.015,265.0731589970432,44.31844137561967,-0.738139119116615,0.0,262605.37077690696,6289.081277770334,20041924.90822099,400.2173272827221,312.1859623351996
-9.822469906082144e-05,0.6166666666666667,-0.005,265.18510870600664,43.94291612420803,-0.8658427413546078,0.0,262620.8946877475,6289.081439782019,20052841.59843265,400.26626954887024,312.20505024110264
-9.822469906082144e-05,0.6166666666666667,0.005,265.18510870600664,43.94305844431951,-0.8659803071325067,0.0,262620.92752779333,6289.081444919302,20052850.100166183,400.2663100366431,312.20506603120015
-9.822469906082144e-05,0.6166666666666667,0.015,265.18510870600664,43.94291612420803,-0.8658427413546078,0.0,262620.8946877475,6289.081439782019,20052841.59843265,400.26626954887024,312.20505024110264
-9.822469906082144e-05,0.65,-0.005,265.29004336072643,43.552177539103255,-0.9830747109894804,0.0,262633.97052113013,6289.081790181136,20063082.091772784,400.3122557817458,312.22298420518064
-9.822469906082144e-05,0.65,0.005,265.29004336072643,43.552341067791694,-0.983200756721856,0.0,262634.00147115684,6289.081795477624,20063089.635105073,400.3122920429891,312.22299834613324
-9.822469906082144e-05,0.65,0.015,265.29004336072643,43.552177539103255,-0.9830747109894804,0.0,262633.97052113013,6289.081790181136,20063082.091772784,400.3122557817458,312.22298420518064
-9.822469906082144e-05,0.6833333333333333,-0.005,265.38195068323387,43.13708061115048,-1.0815707747345005,0.0,262642.4950088526,6289.082325045585,20072059.693177998,400.3526641227176,312.23874202205633
-9.822469906082144e-05,0.6833333333333333,0.005,265.38195068323387,43.13726212954387,-1.081680575995225,0.0,262642.5228804041,6289.082330479712,20072065.93088996,400.35269459927224,312.2387539065293
-9.822469906082144e-05,0.6833333333333333,0.015,265.38195068323387,43.13708061115048,-1.0815707747345005,0.0,262642.4950088526,6289.082325045585,20072059.693177998,400.3526641227176,312.23874202205633
-9.822469906082144e-05,0.7166666666666667,-0.005,265.45694944529805,42.684598496576335,-1.155303542580059,0.0,262644.81594831456,6289.0830193147185,20079394.598568138,400.3857906045547,312.251659579489
-9.822469906082144e-05,0.7166666666666667,0.005,265.45694944529805,42.684793897080354,-1.1553951503671236,0.0,262644.8401906139,6289.0830248491875,20079399.415264446,400.38581476822407,312.2516690018335
-9.822469906082144e-05,0.7166666666666667,0.015,265.45694944529805,42.684598496576335,-1.155303542580059,0.0,262644.81594831456,6289.0830193147185,20079394.598568138,400.3857906045547,312.251659579489
-9.822469906082144e-05,0.75,-0.005,265.5137437080061,42.177184880015275,-1.2010523344410895,0.0,262639.8506078382,6289.083830497685,20084958.53023821,400.41104792493854,312.26150822549266
-9.822469906082144e-05,0.75,0.005,265.5137437080061,42.17738975273454,-1.201126296662315,0.0,262639.87125571846,6289.083836086388,20084962.015003018,400.411066156582,312.26151533448785
-9.822469906082144e-05,0.75,0.015,265.5137437080061,42.177184880015275,-1.2010523344410895,0.0,262639.8506078382,6289.083830497685,20084958.53023821,400.41104792493854,312.26150822549266
-9.822469906082144e-05,0.7833333333333333,-0.005,265.5532941475,41.591457487845446,-1.2180502137177536,0.0,262626.95929769764,6289.084705102175,20088843.062767938,400.4288250110852,312.26843990001686
-9.822469906082144e-05,0.7833333333333333,0.005,265.5532941475,41.5916676554929,-1.2181086691693086,0.0,262626.97676508746,6289.084710698036,20088845.430316687,400.42883825103246,312.2684450625044
-9.822469906082144e-05,0.7833333333333333,0.015,265.5532941475,41.591457487845446,-1.2180502137177536,0.0,262626.95929769764,6289.084705102175,20088843.062767938,400.4288250110852,312.26843990001686
-9.822469906082144e-05,0.8166666666666667,-0.005,265.57795987934804,40.89530260858268,-1.20694539752786,0.0,262605.614854604,6289.08558389135,20091276.163177818,400.4401157780756,312.27284233700425
-9.822469906082144e-05,0.8166666666666667,0.005,265.57795987934804,40.89551449046612,-1.2069910149986645,0.0,262605.6296898749,6289.085589451868,20091277.665249202,400.44012513281507,312.27284598452974
-9.822469906082144e-05,0.8166666666666667,0.015,265.57795987934804,40.89530260858268,-1.20694539752786,0.0,262605.614854604,6289.08558389135,20091276.163177818,400.4401157780756,312.27284233700425
-9.822469906082144e-05,0.85,-0.005,265.5905403997094,40.0413689310955,-1.168542329552957,0.0,262574.92426155537,6289.086400148584,20092528.680586953,400.4461006033002,312.27517588367857
-9.822469906082144e-05,0.85,0.005,265.5905403997094,40.04157959308195,-1.1685775248007553,0.0,262574.93695728993,6289.086405637225,20092529.541336622,400.4461070579042,312.2751784003875
-9.822469906082144e-05,0.85,0.015,265.5905403997094,40.0413689310955,-1.168542329552957,0.0,262574.92426155537,6289.086400148584,20092528.680586953,400.4461006033002,312.27517588367857
-9.822469906082144e-05,0.8833333333333333,-0.005,265.5936403430711,38.95186784346835,-1.1026697939311003,0.0,262532.96780642815,6289.087063408488,20092851.825544365,400.44785975054384,312.27586179048444
-9.822469906082144e-05,0.8833333333333333,0.005,265.5936403430711,38.95207496352588,-1.1026963943721133,0.0,262532.9787242236,6289.0870687920615,20092852.21864394,400.4478640655486,312.27586347294044
-9.822469906082144e-05,0.8833333333333333,0.015,265.5936403430711,38.95186784346835,-1.1026697939311003,0.0,262532.96780642815,6289.087063408488,20092851.825544365,400.44785975054384,312.27586179048444
-9.822469906082144e-05,0.9166666666666666,-0.005,265.58953283464996,37.47854381864037,-1.0069920206863656,0.0,262475.53366981755,6289.087411011416,20092462.29568188,400.44628436725213,312.27524753491167
-9.822469906082144e-05,0.9166666666666666,0.005,265.58953283464996,37.47874564000895,-1.007011279759123,0.0,262475.54304182524,6289.087416252855,20092462.350557946,400.4462871033937,312.27524860175794
-9.822469906082144e-05,0.9166666666666666,0.015,265.58953283464996,37.47854381864037,-1.0069920206863656,0.0,262475.53366981755,6289.087411011416,20092462.29568188,400.44628436725213,312.27524753491167
-9.822469906082144e-05,0.95,-0.005,265.5805696238245,35.26130491349546,-0.8740646942861179,0.0,262392.0731902288,6289.087056056499,20091577.562936995,400.4421622372188,312.27364027503756
-9.822469906082144e-05,0.95,0.005,265.5805696238245,35.26150034758776,-0.8740774466438166,0.0,262392.0811366976,6289.087061098159,20091577.384168647,400.4421638343402,312.2736408977728
-9.822469906082144e-05,0.95,0.015,265.5805696238245,35.26130491349546,-0.8740646942861179,0.0,262392.0731902288,6289.087056056499,20091577.562936995,400.4421622372188,312.27364027503756
-9.822469906082144e-05,0.9833333333333333,-0.005,265.5703220036976,30.803089223379875,-0.6731838051747046,0.0,262240.7826322125,6289.084679295596,20090505.350787118,400.4362413589896,312.2713316507128
-9.822469906082144e-05,0.9833333333333333,0.005,265.5703220036976,30.803280878346765,-0.6731905843960501,0.0,262240.7890842463,6289.0846839876995,20090505.03799365,400.4362421909992,312.2713319751249
-9.822469906082144e-05,0.9833333333333333,0.015,265.5703220036976,30.803089223379875,-0.6731838051747046,0.0,262240.7826322125,6289.084679295596,20090505.350787118,400.4362413589896,312.2713316507128
-9.822469906082144e-05,1.0166666666666666,-0.005,265.5720661969277,-0.0002023080213913782,4.421325493439763e-06,0.0,262241.2990514896,6290.268964136851,20127105.846634682,401.1631136241508,312.5546207688383
-9.822469906082144e-05,1.0166666666666666,0.005,265.57381039015786,-30.80308922337967,0.6731838051747001,0.0,262241.81546398316,6289.084776985656,20090848.52339822,400.43782133136796,312.2719477033335
-9.822469906082144e-05,1.0166666666666666,0.015,265.5720661969277,-0.0002023080213913782,4.421325493439763e-06,0.0,262241.2990514896,6290.268964136851,20127105.846634682,401.1631136241508,312.5546207688383
0.0006270337274225718,-0.016666666666666666,-0.005,264.68776114462645,50.742315457178876,0.0,0.0,262716.11628828634,6288.870388240847,19997929.101049762,399.920080059285,312.07000827613564
0.0006270337274225718,-0.016666666666666666,0.005,264.68776114462645,50.742315457178876,-0.0034576396611968505,0.0,262716.11628828634,6288.870388225901,19997929.100592505,399.9200800501407,312.07000827256786
0.0006270337274225718,-0.016666666666666666,0.015,264.68776114462645,50.742315457178876,0.0,0.0,262716.11628828634,6288.870388240847,19997929.101049762,399.920080059285,312.07000827613564
0.0006270337274225718,0.016666666666666666,-0.005,264.68776114462645,50.742315457178876,0.0034576396611968505,0.0,262716.1162882863,6288.870388225901,19997929.100592498,399.92008005014065,312.07000827256775
0.0006270337274225718,0.016666666666666666,0.005,264.68776114462645,50.74235417617114,0.003458198034418888,0.0,262716.11152323015,6288.870378468942,19997927.837331872,399.92006975531854,312.0700042558837
0.0006270337274225718,0.016666666666666666,0.015,264.68776114462645,50.742315457178876,0.0034576396611968505,0.0,262716.1162882863,6288.870388225901,19997929.100592498,399.92008005014065,312.07000827256775
0.0006270337274225718,0.05,-0.005,264.687147812116,50.51730114215695,0.010613009861010892,0.0,262704.54104078654,6288.870368521257,19997868.795720015,399.9198003109204,312.06989912796564
0.0006270337274225718,0.05,0.005,264.687147812116,50.517342171992546,0.01061487449624972,0.0,262704.5362767742,6288.8703587088685,19997867.501822766,399.91978985241616,312.069895047417
0.0006270337274225718,0.05,0.015,264.687147812116,50.51730114215695,0.010613009861010892,0.0,262704.54104078654,6288.870368521257,19997868.795720015,399.9198003109204,312.06989912796564
0.0006270337274225718,0.08333333333333333,-0.005,264.68533773505317,50.285575264312044,0.01908008132090574,0.0,262692.3490792694,6288.870377741683,19997692.872640736,399.9190159024583,312.06959307861587
0.0006270337274225718,0.08333333333333333,0.005,264.68533773505317,50.28561874922033,0.01908367041791076,0.0,262692.34419158474,6288.870367875765,19997691.503329296,399.9190050803816,312.06958885620963
0.0006270337274225718,0.08333333333333333,0.015,264.68533773505317,50.285575264312044,0.01908008132090574,0.0,262692.3490792694,6288.870377741683,19997692.872640736,399.9190159024583,312.06959307861587
0.0006270337274225718,0.11666666666666665,-0.005,264.68190666611423,50.04658059611212,0.029362215533270685,0.0,262679.3970336278,6288.870418022779,19997360.099676855,399.91754295467,312.0690183839629
0.0006270337274225718,0.11666666666666665,0.005,264.68190666611423,50.04662668065197,0.0293682845228253,0.0,262679.3918431376,6288.870408105406,19997358.591636647,399.9175314860831,312.0690139093021
0.0006270337274225718,0.11666666666666665,0.015,264.68190666611423,50.04658059611212,0.029362215533270685,0.0,262679.3970336278,6288.870418022779,19997360.099676855,399.91754295467,312.0690183839629
0.0006270337274225718,0.15,-0.005,264.67614513237555,49.79965347705558,0.04223933048159684,0.0,262665.4557357489,6288.870491899276,19996801.4972618,399.9150733486678,312.0680548244438
0.0006270337274225718,0.15,0.005,264.67614513237555,49.799702297742435,0.04224911066360447,0.0,262665.4499623689,6288.8704819327795,19996799.752899326,399.91506079701225,312.0680499271906
0.0006270337274225718,0.15,0.015,264.67614513237555,49.79965347705558,0.04223933048159684,0.0,262665.4557357489,6288.870491899276,19996801.4972618,399.9150733486678,312.0680548244438
0.0006270337274225718,0.18333333333333332,-0.005,264.6669200586947,49.54405466225139,0.058950242804414424,0.0,262650.1724467166,6288.870602260718,19995906.86667154,399.9111142574967,312.0665101103022
0.0006270337274225718,0.18333333333333332,0.005,264.6669200586947,49.54410634330944,0.05896566362582947,0.0,262650.1656516895,6288.870592247782,19995904.73447507,399.91109994452125,312.06650452581084
0.0006270337274225718,0.18333333333333332,0.015,264.6669200586947,49.54405466225139,0.058950242804414424,0.0,262650.1724467166,6288.870602260718,19995906.86667154,399.9111142574967,312.0665101103022
0.0006270337274225718,0.21666666666666667,-0.005,264.65247077418314,49.278949999664306,0.08144660209600964,0.0,262633.011957472,6288.870752505471,19994504.938693345,399.90489912250183,312.06408514266025
0.0006270337274225718,0.21666666666666667,0.005,264.65247077418314,49.27900464467307,0.08147057579105763,0.0,262633.0034716869,6288.8707424493405,19994502.18887933,399.90488201901906,312.0640784693452
0.0006270337274225718,0.21666666666666667,0.015,264.65247077418314,49.278949999664306,0.08144660209600964,0.0,262633.011957472,6288.870752505471,19994504.938693345,399.90489912250183,312.06408514266025
0.0006270337274225718,0.25,-0.005,264.6301500844967,49.00338235853291,0.11270943454585397,0.0,262613.18172660517,6288.870946842546,19992338.181347884,399.8952746353635,312.06032990628825
0.0006270337274225718,0.25,0.005,264.6301500844967,49.003440036173544,0.11274616212768386,0.0,262613.17057383485,6288.870936747431,19992334.479833353,399.8952532444198,312.0603215600218
0.0006270337274225718,0.25,0.015,264.6301500844967,49.00338235853291,0.11270943454585397,0.0,262613.18172660517,6288.870946842546,19992338.181347884,399.8952746353635,312.06032990628825
0.0006270337274225718,0.2833333333333333,-0.005,264.5961466228182,48.716231491934,0.15708610783654325,0.0,262589.5513348556,6288.87119086747,19989035.80112163,399.8805795052278,312.0545961435026
0.0006270337274225718,0.2833333333333333,0.005,264.5961466228182,48.71629221448443,0.15714131524014957,0.0,262589.53617135895,6288.8711807393065,19989030.68913412,399.8805517703662,312.0545853217827
0.0006270337274225718,0.2833333333333333,0.015,264.5961466228182,48.716231491934,0.15708610783654325,0.0,262589.5513348556,6288.87119086747,19989035.80112163,399.8805795052278,312.0545961435026
0.0006270337274225718,0.31666666666666665,-0.005,264.5452702192181,48.4161588849765,0.22054911145615985,0.0,262560.58959979983,6288.871492573982,19984092.912059937,399.85855062373616,312.0460006918289
0.0006270337274225718,0.31666666666666665,0.005,264.5452702192181,48.41622257981866,0.2206300651678087,0.0,262560.56870650157,6288.871482421645,19984085.803706806,399.8585139174052,312.0459863691841
0.0006270337274225718,0.31666666666666665,0.015,264.5452702192181,48.4161588849765,0.22054911145615985,0.0,262560.58959979983,6288.871492573982,19984092.912059937,399.85855062373616,312.0460006918289
0.0006270337274225718,0.35,-0.005,264.4709361639974,48.101536784079954,0.31071213686094584,0.0,262524.3582586275,6288.871863892078,19976869.123336453,399.8263157865585,312.0334225504589
0.0006270337274225718,0.35,0.005,264.4709361639974,48.10160326155804,0.31082724475046286,0.0,262524.3296328954,6288.87185372896,19976859.33711802,399.82626705004765,312.0334035329253
0.0006270337274225718,0.35,0.015,264.4709361639974,48.101536784079954,0.31071213686094584,0.0,262524.3582586275,6288.871863892078,19976869.123336453,399.8263157865585,312.0334225504589
0.0006270337274225718,0.38333333333333336,-0.005,264.36552447181145,47.770364725882516,0.43639080690691756,0.0,262478.6126678399,6288.87232251617,19966623.7044759,399.7805495636518,312.01556354607595
0.0006270337274225718,0.38333333333333336,0.005,264.36552447181145,47.770433650911365,0.4365486231757753,0.0,262478.5742586437,6288.872312361477,19966610.543636423,399.78048566507505,312.01553861070676
0.0006270337274225718,0.38333333333333336,0.015,264.36552447181145,47.770364725882516,0.43639080690691756,0.0,262478.6126678399,6288.87232251617,19966623.7044759,399.7805495636518,312.01556354607595
0.0006270337274225718,0.4166666666666667,-0.005,264.22127964514357,47.420182312080875,0.606508987604615,0.0,262421.05677727,6288.872893096386,19952603.41323522,399.71786420480475,311.99110065718526
0.0006270337274225718,0.4166666666666667,0.005,264.22127964514357,47.42025319029817,0.6067165544201719,0.0,262421.00687956886,6288.872882974759,19952586.300396826,399.71778253970376,311.9910687862229
0.0006270337274225718,0.4166666666666667,0.015,264.22127964514357,47.420182312080875,0.606508987604615,0.0,262421.05677727,6288.872893096386,19952603.41323522,399.71786420480475,311.99110065718526
0.0006270337274225718,0.45,-0.005,264.03181529479855,47.04799147254759,0.8282735021368496,0.0,262349.7702729965,6288.873606017334,19934189.139284797,399.6354635590142,311.95894098215615
0.0006270337274225718,0.45,0.005,264.03181529479855,47.04806366184049,0.8285341925712882,0.0,262349.70804046287,6288.87359595497,19934167.79158025,399.63536283297714,311.95890166834056
0.0006270337274225718,0.45,0.015,264.03181529479855,47.04799147254759,0.8282735021368496,0.0,262349.7702729965,6288.873606017334,19934189.139284797,399.6354635590142,311.95894098215615
0.0006270337274225718,0.48333333333333334,-0.005,263.7940790510224,46.650201364532,1.1047900805540602,0.0,262263.76553406403,6288.8744917684035,19911087.07784208,399.5319976828291,311.91855518370085
0.0006270337274225718,0.48333333333333334,0.005,263.7940790510224,46.65027411679988,1.1051014161793422,0.0,262263.69149457663,6288.874481784842,19911061.68334286,399.53187870299314,311.9185087393341
0.0006270337274225718,0.48333333333333334,0.015,263.7940790510224,46.650201364532,1.1047900805540602,0.0,262263.76553406403,6288.8744917684035,19911087.07784208,399.5319976828291,311.91855518370085
0.0006270337274225718,0.5166666666666667,-0.005,263.5103521127637,46.222600377271775,1.4326293380848816,0.0,262163.5517455274,6288.875570457804,19883522.763487156,399.40843462448305,311.87031800713686
0.0006270337274225718,0.5166666666666667,0.005,263.5103521127637,46.22267290296194,1.4329815220390474,0.0,262163.46814095817,6288.875560555392,19883494.098082956,399.408300830411,311.87026577188135
0.0006270337274225718,0.5166666666666667,0.015,263.5103521127637,46.222600377271775,1.4326293380848816,0.0,262163.5517455274,6288.875570457804,19883522.763487156,399.40843462448305,311.87031800713686
0.0006270337274225718,0.55,-0.005,263.1896094303648,45.76034109916784,1.800150469743036,0.0,262051.513853443,6288.876839663751,19852372.29741328,399.2686585392593,311.8157425113817
0.0006270337274225718,0.55,0.005,263.1896094303648,45.760412622189364,1.8005264333681799,0.0,262051.42461456844,6288.876829820443,19852341.717379995,399.26851598409417,311.81568684591974
0.0006270337274225718,0.55,0.015,263.1896094303648,45.76034109916784,1.800150469743036,0.0,262051.513853443,6288.876839663751,19852372.29741328,399.2686585392593,311.8157425113817
0.0006270337274225718,0.5833333333333334,-0.005,262.8475036385227,45.25772028952555,2.187461263830219,0.0,261931.8905919297,6288.878268235563,19819159.39678609,399.1194749124447,311.7574833061617
0.0006270337274225718,0.5833333333333334,0.005,262.8475036385227,45.257789662983626,2.1878387099434953,0.0,261931.80081708872,6288.878258408952,19819128.66747952,399.1193315134839,311.7574273007474
0.0006270337274225718,0.5833333333333334,0.015,262.8475036385227,45.25772028952555,2.187461263830219,0.0,261931.8905919297,6288.878268235563,19819159.39678609,399.1194749124447,311.7574833061617
0.0006270337274225718,0.6166666666666667,-0.005,262.50449867560934,44.708236012321386,2.5686236642183125,0.0,261810.24455183477,6288.879801038629,19785872.79624976,398.96981198032347,311.6990259809083
0.0006270337274225718,0.6166666666666667,0.005,262.50449867560934,44.70830273810579,2.568979041625208,0.0,261810.15961926393,6288.879791176409,19785843.772314727,398.9696760948561,311.6989728999857
0.0006270337274225718,0.6166666666666667,0.015,262.50449867560934,44.708236012321386,2.5686236642183125,0.0,261810.24455183477,6288.879801038629,19785872.79624976,398.96981198032347,311.6990259809083
0.0006270337274225718,0.65,-0.005,262.18228259678637,44.10465893381672,2.915963162032834,0.0,261692.4541544979,6288.881376157983,19754617.37898897,398.82916665424443,311.64408087722165
0.0006270337274225718,0.65,0.005,262.18228259678637,44.104722439311644,2.91627643036062,0.0,261692.37856641764,6288.881366219058,19754591.617734782,398.8290453414028,311.64403348044743
0.0006270337274225718,0.65,0.015,262.18228259678637,44.10465893381672,2.915963162032834,0.0,261692.4541544979,6288.881376157983,19754617.37898897,398.82916665424443,311.64408087722165
0.0006270337274225718,0.6833333333333333,-0.005,261.89935710130607,43.43793565885385,3.2053500263326287,0.0,261583.43230794903,6288.882949722757,19727186.659870543,398.705678940346,311.59583065168516
0.0006270337274225718,0.6833333333333333,0.005,261.89935710130607,43.43799495417307,3.2056087244462996,0.0,261583.3687340719,6288.882939690955,19727165.096133634,398.70557647966314,311.5957906142273
0.0006270337274225718,0.6833333333333333,0.015,261.89935710130607,43.43793565885385,3.2053500263326287,0.0,261583.43230794903,6288.882949722757,19727186.659870543,398.705678940346,311.59583065168516
0.0006270337274225718,0.7166666666666667,-0.005,261.6672622132708,42.696472917621925,3.420761842889922,0.0,261486.05045983207,6288.884511934068,19704697.724066183,398.60446653861084,311.5562784634799
0.0006270337274225718,0.7166666666666667,0.005,261.6672622132708,42.696526647674915,3.4209629323267596,0.0,261485.99932948296,6288.884501818034,19704680.52768001,398.6043837603745,311.5562461130138
0.0006270337274225718,0.7166666666666667,0.015,261.6672622132708,42.696472917621925,3.420761842889922,0.0,261486.05045983207,6288.884511934068,19704697.724066183,398.60446653861084,311.5562784634799
0.0006270337274225718,0.75,-0.005,261.48885939156617,41.86489806574426,3.556336560132794,0.0,261400.62735873973,6288.88609106902,19687426.043449037,398.5268524688597,311.52594472417456
0.0006270337274225718,0.75,0.005,261.48885939156617,41.8649444545976,3.5564853383865906,0.0,261400.58712960288,6288.886080892824,19687412.71137748,398.5267871481301,311.52591919377085
0.0006270337274225718,0.75,0.015,261.48885939156617,41.86489806574426,3.556336560132794,0.0,261400.62735873973,6288.88609106902,19687426.043449037,398.5268524688597,311.52594472417456
0.0006270337274225718,0.7833333333333333,-0.005,261.359295390867,40.92209525080329,3.6151043931791773,0.0,261325.15342086187,6288.887751307461,19674899.970774386,398.47077380601763,311.5040257832969
0.0006270337274225718,0.7833333333333333,0.005,261.359295390867,40.92213214915098,3.615211115987155,0.0,261325.12138143435,6288.887741100635,19674889.60124872,398.4707218937032,311.5040054921031
0.0006270337274225718,0.7833333333333333,0.015,261.359295390867,40.92209525080329,3.6151043931791773,0.0,261325.15342086187,6288.887751307461,19674899.970774386,398.47077380601763,311.5040257832969
0.0006270337274225718,0.8166666666666667,-0.005,261.2690686384712,39.837848646504,3.6050184147960262,0.0,261256.07349375947,6288.889596911132,19666198.813193977,398.43212981789964,311.4889204725261
0.0006270337274225718,0.8166666666666667,0.005,261.2690686384712,39.83787365846059,3.605094250328823,0.0,261256.0467214701,6288.889586704863,19666190.431741934,398.43208692054657,311.48890370423663
0.0006270337274225718,0.8166666666666667,0.015,261.2690686384712,39.837848646504,3.6050184147960262,0.0,261256.07349375947,6288.889596911132,19666198.813193977,398.43212981789964,311.4889204725261
0.0006270337274225718,0.85,-0.005,261.2076981117786,38.5662636125911,3.5339276371311907,0.0,261189.16134775017,6288.891796257572,19660309.48211413,398.40641530170143,311.4788686775876
0.0006270337274225718,0.85,0.005,261.2076981117786,38.566274197766596,3.5339816272067686,0.0,261189.1374273041,6288.891786087745,19660302.2848278,398.40637779308213,311.4788540152452
0.0006270337274225718,0.85,0.015,261.2076981117786,38.5662636125911,3.5339276371311907,0.0,261189.16134775017,6288.891796257572,19660309.48211413,398.40641530170143,311.4788686775876
0.0006270337274225718,0.8833333333333333,-0.005,261.1664495959755,37.03095509312814,3.4049244487422885,0.0,261119.9288627474,6288.894647581681,19656392.773448013,398.3899668526001,311.47243881476163
0.0006270337274225718,0.8833333333333333,0.005,261.1664495959755,37.03094863693832,3.4049623055148093,0.0,261119.90617820295,6288.894637498639,19656386.22303376,398.3899323195083,311.47242531529196
0.0006270337274225718,0.8833333333333333,0.015,261.1664495959755,37.03095509312814,3.4049244487422885,0.0,261119.9288627474,6288.894647581681,19656392.773448013,398.3899668526001,311.47243881476163
0.0006270337274225718,0.9166666666666666,-0.005,261.13930820790694,35.08566926955875,3.211566102004462,0.0,261042.96199939377,6288.898763088271,19653883.0830038,398.38050771217337,311.46874108229883
0.0006270337274225718,0.9166666666666666,0.005,261.13930820790694,35.085643116124615,3.2115905770065516,0.0,261042.9396646468,6288.898753177968,19653876.878349558,398.38047482910724,311.46872822769467
0.0006270337274225718,0.9166666666666666,0.015,261.13930820790694,35.08566926955875,3.211566102004462,0.0,261042.96199939377,6288.898763088271,19653883.0830038,398.38050771217337,311.46874108229883
0.0006270337274225718,0.9499999999999998,-0.005,261.1221835833061,32.37434676654861,2.9260352633319098,0.0,260948.48254351877,6288.905755992072,19652431.83616626,398.3772183119762,311.4674551917577
0.0006270337274225718,0.9499999999999998,0.005,261.1221835833061,32.37429830411054,2.926047215786553,0.0,260948.4601994405,6288.905746435832,19652425.825851515,398.37718647774653,311.467442747112
0.0006270337274225718,0.9499999999999998,0.015,261.1221835833061,32.37434676654861,2.9260352633319098,0.0,260948.48254351877,6288.905755992072,19652431.83616626,398.3772183119762,311.4674551917577
0.0006270337274225718,0.9833333333333332,-0.005,261.1094441989451,27.44381367989584,2.422884923714343,0.0,260802.59440781656,6288.922316476687,19651693.73050148,398.38169317597396,311.4692045018635
0.0006270337274225718,0.9833333333333332,0.005,261.1094441989451,27.44374178306931,2.4228844555509745,0.0,260802.57223356905,6288.92230786666,19651687.8274134,398.3816622750747,311.46919242214335
0.0006270337274225718,0.9833333333333332,0.015,261.1094441989451,27.44381367989584,2.422884923714343,0.0,260802.59440781656,6288.922316476687,19651693.73050148,398.38169317597396,311.4692045018635
0.0006270337274225718,1.0166666666666668,-0.005,261.10526704244086,0.0004390440815060178,3.8761132047321804e-05,0.0,260801.38194637944,6289.874252043549,19679925.970302712,398.9604032525703,311.6953506294423
0.0006270337274225718,1.0166666666666668,0.005,261.10108988593663,-27.44381367989584,-2.422884923714343,0.0,260800.16944614798,6288.922274073567,19650881.9845836,398.3779835956107,311.46775435649494
0.0006270337274225718,1.0166666666666668,0.015,261.10526704244086,0.0004390440815060178,3.8761132047321804e-05,0.0,260801.38194637944,6289.874252043549,19679925.970302712,398.9604032525703,311.6953506294423
0.001352292153905964,-0.016666666666666666,-0.005,264.69602247271007,50.040527663628474,0.0,0.0,262739.547813814,6289.01149777523,20003050.534468394,400.01002252865123,312.1050987486897
0.001352292153905964,-0.016666666666666666,0.005,264.69602247271007,50.040527663628474,-0.01141343190869224,0.0,262739.547813814,6289.0114976124005,20003050.529485885,400.01002242901376,312.105098709819
0.001352292153905964,-0.016666666666666666,0.015,264.69602247271007,50.040527663628474,0.0,0.0,262739.547813814,6289.01149777523,20003050.534468394,400.01002252865123,312.1050987486897
0.001352292153905964,0.016666666666666666,-0.005,264.69602247271007,50.040527663628474,0.01141343190869224,0.0,262739.5478138141,6289.0114976124005,20003050.52948589,400.0100224290139,312.10509870981906
0.001352292153905964,0.016666666666666666,0.005,264.69602247271007,50.04054447968513,0.011415003885453412,0.0,262739.5470368348,6289.0114965691855,20003050.087727796,400.0100199531447,312.10509774392904
0.001352292153905964,0.016666666666666666,0.015,264.69602247271007,50.040527663628474,0.01141343190869224,0.0,262739.5478138141,6289.0114976124005,20003050.52948589,400.0100224290139,312.10509870981906
0.001352292153905964,0.05,-0.005,264.6926335753215,49.78884964097912,0.03355026877301325,0.0,262726.2148031831,6289.011988393602,20002735.480532967,400.0088428736983,312.10463853947465
0.001352292153905964,0.05,0.005,264.6926335753215,49.78886612907102,0.0335551239445038,0.0,262726.2139021796,6289.011987414313,20002734.99666186,400.00884023933503,312.1046375117511
0.001352292153905964,0.05,0.015,264.6926335753215,49.78884964097912,0.03355026877301325,0.0,262726.2148031831,6289.011988393602,20002735.480532967,400.0088428736983,312.10463853947465
0.001352292153905964,0.08333333333333333,-0.005,264.6863139374794,49.52928359675374,0.055263648148715254,0.0,262711.7178701477,6289.012478118003,20002134.97389737,400.0063829015093,312.1036788483016
0.001352292153905964,0.08333333333333333,0.005,264.6863139374794,49.5292997025148,0.05527214869600658,0.0,262711.71668443986,6289.012477202963,20002134.3939153,400.0063798666657,312.1036776643382
0.001352292153905964,0.08333333333333333,0.015,264.6863139374794,49.52928359675374,0.055263648148715254,0.0,262711.7178701477,6289.012478118003,20002134.97389737,400.0063829015093,312.1036788483016
0.001352292153905964,0.11666666666666668,-0.005,264.67671542180324,49.2612041068963,0.07714014047798698,0.0,262695.93281136383,6289.012966367467,20001215.109636936,400.00249022008467,312.10216021859856
0.001352292153905964,0.11666666666666668,0.005,264.67671542180324,49.26121975615829,0.07715294960517859,0.0,262695.9311240467,6289.012965516973,20001214.3606765,400.0024864581177,312.10215875096014
0.001352292153905964,0.11666666666666668,0.015,264.67671542180324,49.2612041068963,0.07714014047798698,0.0,262695.93281136383,6289.012966367467,20001215.109636936,400.00249022008467,312.10216021859856
0.001352292153905964,0.15,-0.005,264.6632337525562,48.98392275141937,0.10000711020944683,0.0,262678.66017214436,6289.013452740862,19999917.05737082,399.9969006834179,312.09997959147074
0.001352292153905964,0.15,0.005,264.6632337525562,48.98393784369637,0.10002531956931295,0.0,262678.6576687036,6289.013451955216,19999916.033664607,399.9968957200876,312.0999776551366
0.001352292153905964,0.15,0.015,264.6632337525562,48.98392275141937,0.10000711020944683,0.0,262678.66017214436,6289.013452740862,19999917.05737082,399.9969006834179,312.09997959147074
0.001352292153905964,0.18333333333333332,-0.005,264.6448848842167,48.69667851858606,0.1251012475913835,0.0,262659.5896795208,6289.013936901865,19998145.022712585,399.9891842941015,312.0969691974417
0.001352292153905964,0.18333333333333332,0.005,264.6448848842167,48.69669291901454,0.1251265695214402,0.0,262659.58589577506,6289.0139361814545,19998143.567935705,399.98917742833686,312.09696651888885
0.001352292153905964,0.18333333333333332,0.015,264.6448848842167,48.69667851858606,0.1251012475913835,0.0,262659.5896795208,6289.013936901865,19998145.022712585,399.9891842941015,312.0969691974417
0.001352292153905964,0.21666666666666667,-0.005,264.62012954339167,48.39861733416842,0.15429266380776382,0.0,262638.2494217498,6289.0144186797115,19995749.171158485,399.97866855169565,312.092866645381
0.001352292153905964,0.21666666666666667,0.005,264.62012954339167,48.39863086210549,0.15432766984716584,0.0,262638.2436817259,6289.014418025154,19995747.05737392,399.9786587610646,312.0928628256946
0.001352292153905964,0.21666666666666667,0.015,264.62012954339167,48.39861733416842,0.15429266380776382,0.0,262638.2494217498,6289.0144186797115,19995749.171158485,399.97866855169565,312.092866645381
0.001352292153905964,0.25,-0.005,264.58665723532715,48.088764654956314,0.19035388206288112,0.0,262613.94323779485,6289.014898274874,19992504.611851327,399.96434405033983,312.08727807895235
0.001352292153905964,0.25,0.005,264.58665723532715,48.08877706946528,0.19040224445565584,0.0,262613.9345915491,6289.014897687321,19992501.51846017,399.96432989642045,312.0872725568874
0.001352292153905964,0.25,0.015,264.58665723532715,48.088764654956314,0.19035388206288112,0.0,262613.94323779485,6289.014898274874,19992504.611851327,399.96434405033983,312.08727807895235
0.001352292153905964,0.2833333333333333,-0.005,264.5411678617488,47.76599094970975,0.2372292510878464,0.0,262585.68726389937,6289.01537664671,19988090.16250671,399.94476893832467,312.07964087545133
0.001352292153905964,0.2833333333333333,0.005,264.5411678617488,47.766001934218195,0.23729589911743096,0.0,262585.67444682843,6289.015376128362,19988085.662503112,399.9447485046081,312.0796329031667
0.001352292153905964,0.2833333333333333,0.015,264.5411678617488,47.76599094970975,0.2372292510878464,0.0,262585.68726389937,6289.01537664671,19988090.16250671,399.94476893832467,312.07964087545133
0.001352292153905964,0.31666666666666665,-0.005,264.4792297295684,47.42897225399215,0.30021106514262186,0.0,262552.1683197993,6289.015856166265,19982074.577823944,399.9180065663011,312.069199269732
0.001352292153905964,0.31666666666666665,0.005,264.4792297295684,47.42898140566598,0.30030211877999513,0.0,262552.14976748027,6289.015855721126,19982068.142869785,399.9179774801108,312.06918792127544
0.001352292153905964,0.31666666666666665,0.015,264.4792297295684,47.42897225399215,0.30021106514262186,0.0,262552.1683197993,6289.015856166265,19982074.577823944,399.9180065663011,312.069199269732
0.001352292153905964,0.35,-0.005,264.3953375209822,47.07615175103536,0.38587561324939296,0.0,262511.7597669519,6289.016341537577,19973922.28659775,399.8816501661973,312.0550138987899
0.001352292153905964,0.35,0.005,264.3953375209822,47.07615858423761,0.3859979271778986,0.0,262511.73372688645,6289.01634117229,19973913.324898474,399.881609767155,312.05499813572106
0.001352292153905964,0.35,0.015,264.3953375209822,47.07615175103536,0.38587561324939296,0.0,262511.7597669519,6289.016341537577,19973922.28659775,399.8816501661973,312.0550138987899
0.001352292153905964,0.38333333333333336,-0.005,264.28332076645006,46.7057126431821,0.5016013485692359,0.0,262462.63824891846,6289.016840737357,19963033.298074447,399.83300014773545,312.0360308522338
0.001352292153905964,0.38333333333333336,0.005,264.28332076645006,46.70571661897349,0.501761526940953,0.0,262462.6030235609,6289.016840461563,19963021.236668594,399.83294585482315,312.03600966670706
0.001352292153905964,0.38333333333333336,0.015,264.28332076645006,46.7057126431821,0.5016013485692359,0.0,262462.63824891846,6289.016840737357,19963033.298074447,399.83300014773545,312.0360308522338
0.001352292153905964,0.4166666666666667,-0.005,264.13722940548234,46.31557522218841,0.654520632870151,0.0,262403.03770052583,6289.01736526917,19948829.56979732,399.76944920928764,312.0112317853532
0.001352292153905964,0.4166666666666667,0.005,264.13722940548234,46.315575814306065,0.6547234943970146,0.0,262402.9920259762,6289.017365094415,19948813.982748605,399.7693790936356,312.0112044234926
0.001352292153905964,0.4166666666666667,0.015,264.13722940548234,46.31557522218841,0.654520632870151,0.0,262403.03770052583,6289.01736526917,19948829.56979732,399.76944920928764,312.0112317853532
0.001352292153905964,0.45,-0.005,263.9527162964857,45.9034285635586,0.8498824217799145,0.0,262331.6459840809,6289.01792860446,19930889.675503734,399.6890842160354,311.9798686573068
0.001352292153905964,0.45,0.005,263.9527162964857,45.90342536285295,0.8501291133594918,0.0,262331.58949432126,6289.017928540632,19930870.441078886,399.68899770492015,311.97983489390305
0.001352292153905964,0.45,0.015,263.9527162964857,45.9034285635586,0.8498824217799145,0.0,262331.6459840809,6289.01792860446,19930889.675503734,399.6890842160354,311.9798686573068
0.001352292153905964,0.4833333333333333,-0.005,263.7287399151832,45.46679619788872,1.0890336137765038,0.0,262248.09259979497,6289.018541874407,19909114.409615,399.59142872254296,311.94175351928243
0.001352292153905964,0.4833333333333333,0.005,263.7287399151832,45.46678904120036,1.08931983993937,0.0,262248.0262600857,6289.018541923836,19909091.857091475,399.5913272603696,311.9417139159676
0.001352292153905964,0.4833333333333333,0.015,263.7287399151832,45.46679619788872,1.0890336137765038,0.0,262248.09259979497,6289.018541874407,19909114.409615,399.59142872254296,311.94175351928243
0.001352292153905964,0.5166666666666667,-0.005,263.46916699822845,45.003114385875186,1.367511938819901,0.0,262153.4059332126,6289.019207312522,19883882.278046127,399.47814462662564,311.8975326702814
0.001352292153905964,0.5166666666666667,0.005,263.46916699822845,45.00310347574965,1.3678269793878928,0.0,262153.3322772261,6289.019207464002,19883857.268068574,399.47803204349015,311.8974887199363
0.001352292153905964,0.5166666666666667,0.015,263.46916699822845,45.003114385875186,1.367511938819901,0.0,262153.4059332126,6289.019207312522,19883882.278046127,399.47814462662564,311.8975326702814
0.001352292153905964,0.55,-0.005,263.1836669941195,44.5097751973666,1.6739651867479077,0.0,262050.26525405562,6289.019912402143,19856135.700607073,399.35342946034666,311.8488424107314
0.001352292153905964,0.55,0.005,263.1836669941195,44.50976116503822,1.674292366811993,0.0,262050.188264247,6289.019912629126,19856109.584491387,399.3533118028746,311.84879647228877
0.001352292153905964,0.55,0.015,263.1836669941195,44.5097751973666,1.6739651867479077,0.0,262050.26525405562,6289.019912402143,19856135.700607073,399.35342946034666,311.8488424107314
0.001352292153905964,0.5833333333333334,-0.005,262.88729374875817,43.984044887461,1.9906112018155506,0.0,261942.87401204676,6289.020629362033,19827339.390277926,399.2238452884584,311.79824317993416
0.001352292153905964,0.5833333333333334,0.005,262.88729374875817,43.98402861806677,1.9909301400792758,0.0,261942.79856076883,6289.02062962869,19827313.822062183,399.2237299904043,311.79819815540253
0.001352292153905964,0.5833333333333334,0.015,262.88729374875817,43.984044887461,1.9906112018155506,0.0,261942.87401204676,6289.020629362033,19827339.390277926,399.2238452884584,311.79824317993416
0.001352292153905964,0.6166666666666667,-0.005,262.5984474798889,43.42269269906477,2.295605411802796,0.0,261836.3638310708,6289.021323013652,19799281.573268574,399.0974409306203,311.74887767055367
0.001352292153905964,0.6166666666666667,0.005,262.5984474798889,43.42267526879365,2.295895768123697,0.0,261836.29477625692,6289.021323286849,19799258.200863805,399.0973354322649,311.74883646633555
0.001352292153905964,0.6166666666666667,0.015,262.5984474798889,43.42269269906477,2.295605411802796,0.0,261836.3638310708,6289.021323013652,19799281.573268574,399.0974409306203,311.74887767055367
0.001352292153905964,0.65,-0.005,262.3354838482145,42.82185632894511,2.5670438576710057,0.0,261735.8304351456,6289.0219635271305,19773744.419388052,398.98227550142065,311.703894566112
0.001352292153905964,0.65,0.005,262.3354838482145,42.82183926394952,2.567289583082277,0.0,261735.77162471728,6289.021963787848,19773724.53911304,398.98218568916093,311.70385948330954
0.001352292153905964,0.65,0.015,262.3354838482145,42.82185632894511,2.5670438576710057,0.0,261735.8304351456,6289.0219635271305,19773744.419388052,398.98227550142065,311.703894566112
0.001352292153905964,0.6833333333333333,-0.005,262.1128892182443,42.17624071602593,2.7874744469958594,0.0,261645.22297665573,6289.022538107104,19752133.122620262,398.88473944084893,311.6657923369003
0.001352292153905964,0.6833333333333333,0.005,262.1128892182443,42.17622512162464,2.7876670152129734,0.0,261645.17644091015,6289.022538355297,19752117.414788537,398.88466843785363,311.66576459805304
0.001352292153905964,0.6833333333333333,0.015,262.1128892182443,42.17624071602593,2.7874744469958594,0.0,261645.22297665573,6289.022538107104,19752133.122620262,398.88473944084893,311.6657923369003
0.001352292153905964,0.7166666666666667,-0.005,261.9383313011791,41.47784160866126,2.9473570142267658,0.0,261566.4655628094,6289.023053519934,19735190.382960908,398.808246079758,311.63590712859286
0.001352292153905964,0.7166666666666667,0.005,261.9383313011791,41.47782811655652,2.9474964968352557,0.0,261566.43126810848,6289.023053768676,19735178.827904448,398.8081938446871,311.6358867198822
0.001352292153905964,0.7166666666666667,0.015,261.9383313011791,41.47784160866126,2.9473570142267658,0.0,261566.4655628094,6289.023053519934,19735190.382960908,398.808246079758,311.63590712859286
0.001352292153905964,0.75,-0.005,261.81170522335276,40.714736395076564,3.0461445580635087,0.0,261499.15142336197,6289.023528978675,19722904.494712923,398.75279364838747,311.61424061382814
0.001352292153905964,0.75,0.005,261.81170522335276,40.714725247981114,3.0462381399920635,0.0,261499.12763857885,6289.02352924389,19722896.497207113,398.75275752185684,311.6142264978873
0.001352292153905964,0.75,0.015,261.81170522335276,40.714736395076564,3.0461445580635087,0.0,261499.15142336197,6289.023528978675,19722904.494712923,398.75279364838747,311.61424061382814
0.001352292153905964,0.7833333333333333,-0.005,261.7264981039697,39.869156852394234,3.0905233492155846,0.0,261440.87215702102,6289.023986382564,19714642.120094977,398.71555133649133,311.59968835750385
0.001352292153905964,0.7833333333333333,0.005,261.7264981039697,39.86914807623209,3.0905820484615774,0.0,261440.85624593613,6289.023986675405,19714636.778525736,398.71552725428006,311.5996789472744
0.001352292153905964,0.7833333333333333,0.015,261.7264981039697,39.869156852394234,3.0905233492155846,0.0,261440.87215702102,6289.023986382564,19714642.120094977,398.71555133649133,311.59968835750385
0.001352292153905964,0.8166666666666667,-0.005,261.6727638793047,38.91419112785694,3.0905830524311884,0.0,261387.96636799152,6289.024444899831,19709437.070772734,398.6921641276715,311.5905495694351
0.001352292153905964,0.8166666666666667,0.005,261.6727638793047,38.91418477981651,3.0906181514102404,0.0,261387.95565034702,6289.024445224384,19709433.468625233,398.69214794432537,311.59054324553637
0.001352292153905964,0.8166666666666667,0.015,261.6727638793047,38.91419112785694,3.0905830524311884,0.0,261387.96636799152,6289.024444899831,19709437.070772734,398.6921641276715,311.5905495694351
0.001352292153905964,0.85,-0.005,261.64033989409035,37.807208134334076,3.0553841981762373,0.0,261336.24755675544,6289.024922589327,19706302.517425988,398.6781730465431,311.5850822850274
0.001352292153905964,0.85,0.005,261.64033989409035,37.807204518717214,3.055404773287459,0.0,261336.23990460765,6289.024922943513,19706299.924660116,398.6781614536283,311.5850777548329
0.001352292153905964,0.85,0.015,261.64033989409035,37.807208134334076,3.0553841981762373,0.0,261336.24755675544,6289.024922589327,19706302.517425988,398.6781730465431,311.5850822850274
0.001352292153905964,0.8833333333333332,-0.005,261.62104825861337,36.47490582160421,2.9889777787554332,0.0,261281.21722708805,6289.025446012093,19704444.850085776,398.6699942159943,311.5818862050411
0.001352292153905964,0.8833333333333332,0.005,261.62104825861337,36.474905600753445,2.9889898852290573,0.0,261281.21126062187,6289.025446388548,19704442.789266217,398.6699850457717,311.58188262153175
0.001352292153905964,0.8833333333333332,0.015,261.62104825861337,36.47490582160421,2.9889777787554332,0.0,261281.21722708805,6289.025446012093,19704444.850085776,398.6699942159943,311.5818862050411
0.001352292153905964,0.9166666666666666,-0.005,261.6093587741361,34.77329496404343,2.8860105892298535,0.0,261217.18314770525,6289.026080160669,19703328.850855988,398.665231715906,311.58002512543413
0.001352292153905964,0.9166666666666666,0.005,261.6093587741361,34.773299148358234,2.8860177379314025,0.0,261217.17811451195,6289.026080545618,19703327.057419524,398.6652237622457,311.58002201731045
0.001352292153905964,0.9166666666666666,0.015,261.6093587741361,34.77329496404343,2.8860105892298535,0.0,261217.18314770525,6289.026080160669,19703328.850855988,398.665231715906,311.58002512543413
0.001352292153905964,0.95,-0.005,261.60171322811476,32.3460031210367,2.7198118094275348,0.0,261133.4547610933,6289.027078619641,19702616.56691394,398.6624728400712,311.57894701274614
0.001352292153905964,0.95,0.005,261.60171322811476,32.346012936355784,2.7198159361097898,0.0,261133.45028354457,6289.0270789874385,19702614.907863293,398.662465487706,311.57894413958604
0.001352292153905964,0.95,0.015,261.60171322811476,32.3460031210367,2.7198118094275348,0.0,261133.4547610933,6289.027078619641,19702616.56691394,398.6624728400712,311.57894701274614
0.001352292153905964,0.9833333333333332,-0.005,261.59420326111956,27.718366867128044,2.3641327315527993,0.0,260992.3725533784,6289.029492396693,19701960.178664535,398.6606370608873,311.5782296254292
0.001352292153905964,0.9833333333333332,0.005,261.59420326111956,27.718383420477046,2.3641350054899255,0.0,260992.3683660915,6289.029492694471,19701958.57914973,398.6606299452723,311.57822684478003
0.001352292153905964,0.9833333333333332,0.015,261.59420326111956,27.718366867128044,2.3641327315527993,0.0,260992.3725533784,6289.029492396693,19701960.178664535,398.6606370608873,311.5782296254292
0.001352292153905964,1.0166666666666668,-0.005,261.59474456177753,-5.735131390122153e-05,-4.891562300088551e-06,0.0,260992.57497539683,6289.999509896748,19731269.895684116,399.25288041440393,311.8095813511977
0.001352292153905964,1.0166666666666668,0.005,261.5952858624355,-27.718366867128044,-2.3641327315527993,0.0,260992.77739657767,6289.02972612584,19702072.314973745,398.6612563689785,311.578471639345
0.001352292153905964,1.0166666666666668,0.015,261.59474456177753,-5.735131390122153e-05,-4.891562300088551e-06,0.0,260992.57497539683,6289.999509896748,19731269.895684116,399.25288041440393,311.8095813511977
0.002077550580389358,-0.016666666666666666,-0.005,264.6069877851468,49.917438812029296,0.0,0.0,262710.94538106606,6289.018922469893,19994605.87033174,399.9756788023064,312.0917002316764
0.002077550580389358,-0.016666666666666666,0.005,264.6069877851468,49.917438812029296,-0.009619973434174846,0.0,262710.94538106606,6289.018922354207,19994605.86679326,399.97567873152195,312.0917002040607
0.002077550580389358,-0.016666666666666666,0.015,264.6069877851468,49.917438812029296,0.0,0.0,262710.94538106606,6289.018922469893,19994605.87033174,399.9756788023064,312.0917002316764
0.002077550580389358,0.016666666666666666,-0.005,264.6069877851468,49.917438812029296,0.009619973434174846,0.0,262710.94538106606,6289.018922354207,19994605.86679326,399.97567873152195,312.0917002040607
0.002077550580389358,0.016666666666666666,0.005,264.6069877851468,49.91744503543519,0.00962141603339307,0.0,262710.94255837926,6289.01892229804,19994604.804017194,399.97567393827495,312.09169833403126
0.002077550580389358,0.016666666666666666,0.015,264.6069877851468,49.917438812029296,0.009619973434174846,0.0,262710.94538106606,6289.018922354207,19994605.86679326,399.97567873152195,312.0917002040607
0.002077550580389358,0.05,-0.005,264.60406264756614,49.66795270130167,0.028130400599784364,0.0,262697.70155953604,6289.018956395682,19994322.04065729,399.9744219136137,312.0912098708144
0.002077550580389358,0.05,0.005,264.60406264756614,49.66795842036833,0.028134838941600966,0.0,262697.698583468,6289.018956346352,19994320.933890324,399.9744169262568,312.0912079250522
0.002077550580389358,0.05,0.015,264.60406264756614,49.66795270130167,0.028130400599784364,0.0,262697.70155953604,6289.018956395682,19994322.04065729,399.9744219136137,312.0912098708144
0.002077550580389358,0.08333333333333333,-0.005,264.5986125067461,49.41071814005518,0.046131632093944,0.0,262683.41564629367,6289.0189883345465,19993792.26748316,399.97206097324886,312.0902887746369
0.002077550580389358,0.08333333333333333,0.005,264.5986125067461,49.41072331642537,0.0461393297792512,0.0,262683.4123599238,6289.018988291668,19993791.063791316,399.9720555541269,312.0902866604201
0.002077550580389358,0.08333333333333333,0.015,264.5986125067461,49.41071814005518,0.046131632093944,0.0,262683.41564629367,6289.0189883345465,19993792.26748316,399.97206097324886,312.0902887746369
0.002077550580389358,0.11666666666666667,-0.005,264.5903535135517,49.145231073582124,0.06420767365335661,0.0,262667.9878399663,6289.019018228461,19992988.92435293,399.9684719722345,312.0888885582406
0.002077550580389358,0.11666666666666667,0.005,264.5903535135517,49.14523566295169,0.06421919829815685,0.0,262667.9840341975,6289.019018191679,19992987.553085208,399.9684658042071,312.0888861518349
0.002077550580389358,0.11666666666666667,0.015,264.5903535135517,49.145231073582124,0.06420767365335661,0.0,262667.9878399663,6289.019018228461,19992988.92435293,399.9684719722345,312.0888885582406
0.002077550580389358,0.15,-0.005,264.5787492933516,48.870924192770055,0.08318974916745671,0.0,262651.2439643393,6289.01904619251,19991859.812200595,399.96342071104976,312.0869178435759
0.002077550580389358,0.15,0.005,264.5787492933516,48.87092814114053,0.083206097186727,0.0,262651.2393358765,6289.01904616154,19991858.17070608,399.96341333340615,312.0869149652301
0.002077550580389358,0.15,0.015,264.5787492933516,48.870924192770055,0.08318974916745671,0.0,262651.2439643393,6289.01904619251,19991859.812200595,399.96342071104976,312.0869178435759
0.002077550580389358,0.18333333333333332,-0.005,264.56288373103104,48.58715237000328,0.10432397738101386,0.0,262632.8986123263,6289.019072446118,19990315.773087,399.95650715937234,312.08422054896516
0.002077550580389358,0.18333333333333332,0.005,264.56288373103104,48.58715560746162,0.10434677016092204,0.0,262632.89271215134,6289.01907242083,19990313.709222715,399.9564978893257,312.08421693227785
0.002077550580389358,0.18333333333333332,0.015,264.56288373103104,48.58715237000328,0.10432397738101386,0.0,262632.8986123263,6289.019072446118,19990315.773087,399.95650715937234,312.08422054896516
0.002077550580389358,0.21666666666666667,-0.005,264.54128178593004,48.293172069610314,0.12949509548255164,0.0,262612.50323388475,6289.019097412234,19988213.25136206,399.9470871732499,312.08054534143105
0.002077550580389358,0.21666666666666667,0.005,264.54128178593004,48.293174500766646,0.12952682294818257,0.0,262612.4954053634,6289.019097392804,19988210.542504385,399.94707501169376,312.080540596572
0.002077550580389358,0.21666666666666667,0.015,264.54128178593004,48.293172069610314,0.12949509548255164,0.0,262612.50323388475,6289.019097412234,19988213.25136206,399.9470871732499,312.08054534143105
0.002077550580389358,0.25,-0.005,264.51168891510844,47.988114049692214,0.16149674175289125,0.0,262589.38219637075,6289.0191219197,19985332.830793466,399.93417609308915,312.07550801326227
0.002077550580389358,0.25,0.005,264.51168891510844,47.988115540936334,0.161541010460193,0.0,262589.3715128003,6289.019121906922,19985329.16268478,399.93415962950826,312.0755015898547
0.002077550580389358,0.25,0.015,264.51168891510844,47.988114049692214,0.16149674175289125,0.0,262589.38219637075,6289.0191219197,19985332.830793466,399.93417609308915,312.07550801326227
0.002077550580389358,0.2833333333333333,-0.005,264.47084687607105,47.67094906955785,0.2043046806225362,0.0,262562.5676584411,6289.019147588588,19981357.431786012,399.9163506809285,312.06855319810137
0.002077550580389358,0.2833333333333333,0.005,264.47084687607105,47.67094943522208,0.20436637862333318,0.0,262562.5528813414,6289.01914758439,19981352.38443285,399.9163280297376,312.06854436034763
0.002077550580389358,0.2833333333333333,0.015,264.47084687607105,47.67094906955785,0.2043046806225362,0.0,262562.5676584411,6289.019147588588,19981357.431786012,399.9163506809285,312.06855319810137
0.002077550580389358,0.31666666666666665,-0.005,264.4143442622308,47.340448441773525,0.26326001771344193,0.0,262530.75581504183,6289.019177487932,19975857.808872353,399.89168355058274,312.0589287424232
0.002077550580389358,0.31666666666666665,0.005,264.4143442622308,47.3404474343182,0.2633452588545592,0.0,262530.73540702515,6289.0191774961595,19975850.860941023,399.89165237008405,312.05891657643724
0.002077550580389358,0.31666666666666665,0.015,264.4143442622308,47.340448441773525,0.26326001771344193,0.0,262530.75581504183,6289.019177487932,19975857.808872353,399.89168355058274,312.0589287424232
0.002077550580389358,0.35,-0.005,264.336665063502,46.9951446494376,0.34501582070281295,0.0,262492.3200533851,6289.019217080869,19968297.36642304,399.85776382362127,312.04569368582696
0.002077550580389358,0.35,0.005,264.336665063502,46.995141962272925,0.34513150098360273,0.0,262492.2922869416,6289.019217108169,19968287.93210384,399.8577214800761,312.0456771635502
0.002077550580389358,0.35,0.015,264.336665063502,46.9951446494376,0.34501582070281295,0.0,262492.3200533851,6289.019217080869,19968297.36642304,399.85776382362127,312.04569368582696
0.002077550580389358,0.38333333333333336,-0.005,264.231586080664,46.63330109698652,0.457068315533062,0.0,262445.4244823877,6289.019275221156,19958070.98204653,399.8118697240499,312.02778548398027
0.002077550580389358,0.38333333333333336,0.005,264.231586080664,46.633296390787365,0.45722114030218425,0.0,262445.3876792348,6289.019275277429,19958058.492100496,399.811813653353,312.02776360416965
0.002077550580389358,0.38333333333333336,0.015,264.231586080664,46.63330109698652,0.457068315533062,0.0,262445.4244823877,6289.019275221156,19958070.98204653,399.8118697240499,312.02778548398027
0.002077550580389358,0.41666666666666663,-0.005,264.09305119088685,46.25290232431787,0.606721257105703,0.0,262388.27457322046,6289.0193645053205,19944590.270219658,399.7513488990434,312.00416825907206
0.002077550580389358,0.41666666666666663,0.005,264.09305119088685,46.25289528599221,0.6069162156023239,0.0,262388.22747927235,6289.01936460274,19944574.298946455,399.7512771741912,312.0041402686051
0.002077550580389358,0.41666666666666663,0.015,264.09305119088685,46.25290232431787,0.606721257105703,0.0,262388.27457322046,6289.0193645053205,19944590.270219658,399.7513488990434,312.00416825907206
0.002077550580389358,0.44999999999999996,-0.005,263.9165452926105,45.8516735060737,0.7994559167163512,0.0,262319.5110385919,6289.019499836858,19927417.417858154,399.67421664834,311.9740661158623
0.002077550580389358,0.44999999999999996,0.005,263.9165452926105,45.85166394134029,0.7996943976952682,0.0,262319.4532854808,6289.019499986455,19927397.839455534,399.67412867981847,311.9740317830261
0.002077550580389358,0.44999999999999996,0.015,263.9165452926105,45.8516735060737,0.7994559167163512,0.0,262319.5110385919,6289.019499836858,19927417.417858154,399.67421664834,311.9740661158623
0.002077550580389358,0.4833333333333333,-0.005,263.7007955491417,45.4271276327957,1.0369080361117533,0.0,262238.69655263156,6289.019694206921,19906430.658540495,399.57989775191663,311.9372526505347
0.002077550580389358,0.4833333333333333,0.005,263.7007955491417,45.427115578208536,1.0371860471215277,0.0,262238.62909056904,6289.019694412717,19906407.793930985,399.57979494861416,311.9372125231634
0.002077550580389358,0.4833333333333333,0.015,263.7007955491417,45.4271276327957,1.0369080361117533,0.0,262238.69655263156,6289.019694206921,19906430.658540495,399.57989775191663,311.9372526505347
0.002077550580389358,0.5166666666666667,-0.005,263.4493843573481,44.97661954430682,1.3149386164784989,0.0,262146.77502495795,6289.019952093702,19881980.789568514,399.4699323330704,311.8943267286097
0.002077550580389358,0.5166666666666667,0.005,263.4493843573481,44.97660536644562,1.315245776298404,0.0,262146.7003623553,6289.019952346622,19881955.48791612,399.4698184756462,311.8942822803492
0.002077550580389358,0.5166666666666667,0.015,263.4493843573481,44.97661954430682,1.3149386164784989,0.0,262146.77502495795,6289.019952093702,19881980.789568514,399.4699323330704,311.8943267286097
0.002077550580389358,0.55,-0.005,263.17166869768994,44.4973617253987,1.6225106064197288,0.0,262046.32943394783,6289.0202633475965,19854979.822276518,399.34838348406265,311.8468722425574
0.002077550580389358,0.55,0.005,263.17166869768994,44.497346162585515,1.622830576208721,0.0,262046.25152324745,6289.020263623335,19854953.42255837,399.34826456542424,311.8468258114089
0.002077550580389358,0.55,0.015,263.17166869768994,44.4973617253987,1.6225106064197288,0.0,262046.32943394783,6289.0202633475965,19854979.822276518,399.34838348406265,311.8468722425574
0.002077550580389358,0.5833333333333334,-0.005,262.8823996280463,43.98633345331862,1.9420903937629752,0.0,261941.46514559703,6289.020602179791,19826863.055710163,399.22168204035904,311.7973984184318
0.002077550580389358,0.5833333333333334,0.005,262.8823996280463,43.98631750581993,1.9424030844857776,0.0,261941.3888351575,6289.020602444255,19826837.20163953,399.22156544863833,311.79735288859274
0.002077550580389358,0.5833333333333334,0.015,262.8823996280463,43.98633345331862,1.9420903937629752,0.0,261941.46514559703,6289.020602179791,19826863.055710163,399.22168204035904,311.7973984184318
0.002077550580389358,0.6166666666666667,-0.005,262.5997269800397,43.439880086245054,2.2519502658786226,0.0,261837.2242205305,6289.020934505979,19799394.449774176,399.0977670441864,311.7490050398463
0.002077550580389358,0.6166666666666667,0.005,262.5997269800397,43.43986469552969,2.252235534327788,0.0,261837.15434586446,6289.02093472738,19799370.783452153,399.0976601935094,311.74896330747237
0.002077550580389358,0.6166666666666667,0.015,262.5997269800397,43.439880086245054,2.2519502658786226,0.0,261837.2242205305,6289.020934505979,19799394.449774176,399.0977670441864,311.7490050398463
0.002077550580389358,0.65,-0.005,262.3418433836743,42.85346471916651,2.5301132776572834,0.0,261738.62613263863,6289.021230826244,19774340.444613837,398.9846248708519,311.7048122842269
0.002077550580389358,0.65,0.005,262.3418433836743,42.85345117451109,2.530355164138443,0.0,261738.5665306211,6289.021230986492,19774320.262211815,398.98453364645127,311.70477664991347
0.002077550580389358,0.65,0.015,262.3418433836743,42.85346471916651,2.5301132776572834,0.0,261738.62613263863,6289.021230826244,19774340.444613837,398.9846248708519,311.7048122842269
0.002077550580389358,0.6833333333333333,-0.005,262.1231725926992,42.221068170030314,2.758853265115248,0.0,261649.56970673797,6289.02147798822,19753100.27700577,398.8886165001689,311.6673069897677
0.002077550580389358,0.6833333333333333,0.005,262.1231725926992,42.221057410134755,2.759043243562236,0.0,261649.52241229586,6289.021478087866,19753084.263289172,398.8885440447412,311.66727868363404
0.002077550580389358,0.6833333333333333,0.015,262.1231725926992,42.221068170030314,2.758853265115248,0.0,261649.56970673797,6289.02147798822,19753100.27700577,398.8886165001689,311.6673069897677
0.002077550580389358,0.7166666666666667,-0.005,261.95140363077525,41.53383883037146,2.9281670347008415,0.0,261571.94746621145,6289.021682413927,19736418.83801423,398.81316279285136,311.63782812651294
0.002077550580389358,0.7166666666666667,0.005,261.95140363077525,41.533831145047756,2.928305104318993,0.0,261571.9124475643,6289.02168246691,19736406.9795082,398.81310909296377,311.63780714561454
0.002077550580389358,0.7166666666666667,0.015,261.95140363077525,41.53383883037146,2.9281670347008415,0.0,261571.94746621145,6289.021682413927,19736418.83801423,398.81316279285136,311.63782812651294
0.002077550580389358,0.75,-0.005,261.8264987297289,40.77887059498468,3.0368969545059,0.0,261505.33003045656,6289.021864041662,19724291.059271246,398.7582907524367,311.6163885235451
0.002077550580389358,0.75,0.005,261.8264987297289,40.77886577333351,3.036990192813374,0.0,261505.3055492215,6289.021864065519,19724282.765294224,398.758253169934,311.6163738388045
0.002077550580389358,0.75,0.015,261.8264987297289,40.77887059498468,3.0368969545059,0.0,261505.33003045656,6289.021864041662,19724291.059271246,398.7582907524367,311.6163885235451
0.002077550580389358,0.7833333333333333,-0.005,261.7420173493416,39.93729634441474,3.091015794386781,0.0,261447.28679084434,6289.02204749832,19716090.766509328,398.7212024188084,311.60189653479176
0.002077550580389358,0.7833333333333333,0.005,261.7420173493416,39.937293820650744,3.091075093090586,0.0,261447.27018726038,6289.022047506848,19716085.135975692,398.7211768933,311.60188656065833
0.002077550580389358,0.7833333333333333,0.015,261.7420173493416,39.93729634441474,3.091015794386781,0.0,261447.28679084434,6289.02204749832,19716090.766509328,398.7212024188084,311.60189653479176
0.002077550580389358,0.8166666666666667,-0.005,261.6880700180238,38.98098151546975,3.0998146396750363,0.0,261394.13072321264,6289.02225766466,19710857.46046096,398.697570956706,311.59266236631214
0.002077550580389358,0.8166666666666667,0.005,261.6880700180238,38.98098058107325,3.099851123727521,0.0,261394.11927561855,6289.022257665908,19710853.57301245,398.69755332748434,311.59265547746134
0.002077550580389358,0.8166666666666667,0.015,261.6880700180238,38.98098151546975,3.0998146396750363,0.0,261394.13072321264,6289.02225766466,19710857.46046096,398.697570956706,311.59266236631214
0.002077550580389358,0.8499999999999999,-0.005,261.6545450458604,37.865941904837356,3.071452425952205,0.0,261341.65229863056,6289.022522840579,19707609.56981073,398.6829661042892,311.58695527545495
0.002077550580389358,0.8499999999999999,0.005,261.6545450458604,37.86594188610042,3.071474947324762,0.0,261341.6438237992,6289.022522838338,19707606.688623924,398.6829530351997,311.58695016844234
0.002077550580389358,0.8499999999999999,0.015,261.6545450458604,37.865941904837356,3.071452425952205,0.0,261341.65229863056,6289.022522840579,19707609.56981073,398.6829661042892,311.58695527545495
0.002077550580389358,0.8833333333333333,-0.005,261.63334598071754,36.51741174243826,3.0089360094721744,0.0,261285.34950643638,6289.022887538568,19705561.924703408,398.6738508984133,311.58339330300913
0.002077550580389358,0.8833333333333333,0.005,261.63334598071754,36.51741207960135,3.0089502882810932,0.0,261285.3425628951,6289.022887534462,19705559.564812534,398.6738401919856,311.5833891192069
0.002077550580389358,0.8833333333333333,0.015,261.63334598071754,36.51741174243826,3.0089360094721744,0.0,261285.34950643638,6289.022887538568,19705561.924703408,398.6738508984133,311.58339330300913
0.002077550580389358,0.9166666666666665,-0.005,261.6191030372773,34.789926624058666,2.9056977473468883,0.0,261219.57626995398,6289.0234500392835,19704195.875341374,398.6679204548869,311.5810758264736
0.002077550580389358,0.9166666666666665,0.005,261.6191030372773,34.789926851096354,2.9057068124358856,0.0,261219.57004737822,6289.023450034121,19704193.765912745,398.66791088353665,311.5810720862032
0.002077550580389358,0.9166666666666665,0.015,261.6191030372773,34.789926624058666,2.9056977473468883,0.0,261219.57626995398,6289.0234500392835,19704195.875341374,398.6679204548869,311.5810758264736
0.002077550580389358,0.95,-0.005,261.6085490975895,32.32589730858268,2.7337140742254205,0.0,261133.79781999832,6289.024535867371,19703203.889368724,398.66393419502833,311.5795180810715
0.002077550580389358,0.95,0.005,261.6085490975895,32.32589696793614,2.733719214508376,0.0,261133.79190429012,6289.024535861725,19703201.894075964,398.6639251408343,311.5795145428766
0.002077550580389358,0.95,0.015,261.6085490975895,32.32589730858268,2.7337140742254205,0.0,261133.79781999832,6289.024535867371,19703203.889368724,398.66393419502833,311.5795180810715
0.002077550580389358,0.9833333333333332,-0.005,261.598371351323,27.653332377974458,2.3658096099493067,0.0,260990.93887045313,6289.02738997684,19702301.80072833,398.66119218563574,311.5784465577145
0.002077550580389358,0.9833333333333332,0.005,261.598371351323,27.653331208037375,2.3658112414419996,0.0,260990.933046981,6289.027389971809,19702299.84718433,398.6611833207775,311.5784430934962
0.002077550580389358,0.9833333333333332,0.015,261.598371351323,27.653332377974458,2.3658096099493067,0.0,260990.93887045313,6289.02738997684,19702301.80072833,398.66119218563574,311.5784465577145
0.002077550580389358,1.0166666666666668,-0.005,261.59837405084636,-2.857863588893957e-07,-2.4449715717917143e-08,0.0,260990.93867934035,6289.99278774284,19731420.22092343,399.25037729371877,311.8086039027251
0.002077550580389358,1.0166666666666668,0.005,261.59837675036965,-27.653332377974458,-2.3658096099493067,0.0,260990.9384882275,6289.02738511324,19702302.179062482,398.6611916009268,311.5784463292214
0.002077550580389358,1.0166666666666668,0.015,261.59837405084636,-2.857863588893957e-07,-2.4449715717917143e-08,0.0,260990.93867934035,6289.99278774284,19731420.22092343,399.25037729371877,311.8086039027251
0.0028028090068727514,-0.016666666666666666,-0.005,264.58723998689146,49.88648455378537,0.0,0.0,262703.8697083011,6289.0191919265235,19992690.92088313,399.9672177742166,312.0883992427074
0.0028028090068727514,-0.016666666666666666,0.005,264.58723998689146,49.88648455378537,-0.008657340183385551,0.0,262703.8697083011,6289.019191832828,19992690.918017592,399.9672177168896,312.0883992203417
0.0028028090068727514,-0.016666666666666666,0.015,264.58723998689146,49.88648455378537,0.0,0.0,262703.8697083011,6289.0191919265235,19992690.92088313,399.9672177742166,312.0883992427074
0.0028028090068727514,0.016666666666666666,-0.005,264.58723998689146,49.88648455378537,0.008657340183385551,0.0,262703.8697083011,6289.019191832828,19992690.918017592,399.9672177168896,312.0883992203417
0.0028028090068727514,0.016666666666666666,0.005,264.58723998689146,49.886486106610825,0.008658643154778076,0.0,262703.8659450177,6289.019191831128,19992689.608295053,399.967211841495,312.0883969281007
0.0028028090068727514,0.016666666666666666,0.015,264.58723998689146,49.88648455378537,0.008657340183385551,0.0,262703.8697083011,6289.019191832828,19992690.918017592,399.9672177168896,312.0883992203417
0.0028028090068727514,0.05,-0.005,264.58469041440134,49.63903551396617,0.025396965053010433,0.0,262690.8290260539,6289.019193769399,19992442.693703752,399.96610525338696,312.0879652007774
0.0028028090068727514,0.05,0.005,264.58469041440134,49.63903680700487,0.02540099900377294,0.0,262690.82512553764,6289.019193768129,19992441.3416429,399.96609918823594,312.08796283450107
0.0028028090068727514,0.05,0.015,264.58469041440134,49.63903551396617,0.025396965053010433,0.0,262690.8290260539,6289.019193769399,19992442.693703752,399.96610525338696,312.0879652007774
0.0028028090068727514,0.08333333333333333,-0.005,264.5798312672399,49.383905147993474,0.04192168130829432,0.0,262676.8110505685,6289.019195727892,19991969.57351293,399.96398402497505,312.08713761722987
0.0028028090068727514,0.08333333333333333,0.005,264.5798312672399,49.38390615575532,0.04192872462957164,0.0,262676.80685963645,6289.019195727069,19991968.127236784,399.96397753732197,312.0871350861106
0.0028028090068727514,0.08333333333333333,0.015,264.5798312672399,49.383905147993474,0.04192168130829432,0.0,262676.8110505685,6289.019195727892,19991969.57351293,399.96398402497505,312.08713761722987
0.0028028090068727514,0.11666666666666667,-0.005,264.57236183648126,49.12058821621999,0.05880067926838465,0.0,262661.7110353662,6289.019197771867,19991242.291971836,399.9607227325322,312.0858652407924
0.0028028090068727514,0.11666666666666667,0.005,264.57236183648126,49.12058891011189,0.058811320833647256,0.0,262661.7063499181,6289.0191977715385,19991240.682273135,399.9607155118793,312.08586242368614
0.0028028090068727514,0.11666666666666667,0.015,264.57236183648126,49.12058821621999,0.05880067926838465,0.0,262661.7110353662,6289.019197771867,19991242.291971836,399.9607227325322,312.0858652407924
0.0028028090068727514,0.15,-0.005,264.56172511512557,48.84851047453865,0.07685191682115623,0.0,262645.34848714503,6289.019200013273,19990206.640045755,399.9560781620001,312.08405317658344
0.0028028090068727514,0.15,0.005,264.56172511512557,48.848510818116125,0.07686717895597736,0.0,262645.34300941264,6289.019200013563,19990204.76587481,399.9560697549811,312.08404989660255
0.0028028090068727514,0.15,0.015,264.56172511512557,48.84851047453865,0.07685191682115623,0.0,262645.34848714503,6289.019200013273,19990206.640045755,399.9560781620001,312.08405317658344
0.0028028090068727514,0.18333333333333332,-0.005,264.5469802309868,48.56701401547419,0.09730906850529708,0.0,262627.43021047977,6289.019202659395,19988771.04803655,399.94963945940304,312.08154112013443
0.0028028090068727514,0.18333333333333332,0.005,264.5469802309868,48.5670139569054,0.0973306034418443,0.0,262627.42349724995,6289.019202660581,19988768.758947745,399.9496291909982,312.08153711390554
0.0028028090068727514,0.18333333333333332,0.015,264.5469802309868,48.56701401547419,0.09730906850529708,0.0,262627.43021047977,6289.019202659395,19988771.04803655,399.94963945940304,312.08154112013443
0.0028028090068727514,0.2166666666666667,-0.005,264.5266231527394,48.275337125717236,0.12204461269895125,0.0,262607.4983938033,6289.019206112516,19986789.13622277,399.94074980027506,312.078072791046
0.0028028090068727514,0.2166666666666667,0.005,264.5266231527394,48.27533658675293,0.12207494617002389,0.0,262607.48979421554,6289.019206115186,19986786.211306628,399.94073667921066,312.07806767179204
0.0028028090068727514,0.2166666666666667,0.015,264.5266231527394,48.275337125717236,0.12204461269895125,0.0,262607.4983938033,6289.019206112516,19986789.13622277,399.94074980027506,312.078072791046
0.0028028090068727514,0.25,-0.005,264.4983662883883,47.97258745199273,0.15383967612400917,0.0,262584.86675134685,6289.019211173626,19984038.269070376,399.9284100655867,312.0732583399967
0.0028028090068727514,0.25,0.005,264.4983662883883,47.972586313645934,0.15388245510594262,0.0,262584.8553440766,6289.019211178973,19984034.395702384,399.9283926888072,312.07325156024797
0.0028028090068727514,0.25,0.015,264.4983662883883,47.97258745199273,0.15383967612400917,0.0,262584.86675134685,6289.019211173626,19984038.269070376,399.9284100655867,312.0732583399967
0.0028028090068727514,0.2833333333333333,-0.005,264.45891481868307,47.65770814154201,0.19665700048638207,0.0,262558.55558184173,6289.019219430109,19980197.804032914,399.9111810145366,312.06653615688464
0.0028028090068727514,0.2833333333333333,0.005,264.45891481868307,47.65770622861479,0.1967171572388593,0.0,262558.5401329925,6289.019219440468,19980192.56366051,399.9111575030503,312.0665269834125
0.0028028090068727514,0.2833333333333333,0.015,264.45891481868307,47.65770814154201,0.19665700048638207,0.0,262558.55558184173,6289.019219430109,19980197.804032914,399.9111810145366,312.06653615688464
0.0028028090068727514,0.31666666666666665,-0.005,264.4038181554482,47.329438762493055,0.25582397465407186,0.0,262527.2483123621,6289.019233917509,19974834.678691085,399.88711812438066,312.0571474024569
0.0028028090068727514,0.31666666666666665,0.005,264.4038181554482,47.329435832124254,0.2559076696576908,0.0,262527.22728794377,6289.019233937128,19974827.551116902,399.88708614172367,312.05713492341414
0.0028028090068727514,0.31666666666666665,0.015,264.4038181554482,47.329438762493055,0.25582397465407186,0.0,262527.2483123621,6289.019233917509,19974834.678691085,399.88711812438066,312.0571474024569
0.0028028090068727514,0.35,-0.005,264.3275198171151,46.986276223876786,0.33797896529564925,0.0,262489.3050679364,6289.019260069951,19967408.354227237,399.8537928290595,312.04414421631395
0.0028028090068727514,0.35,0.005,264.3275198171151,46.98627196679279,0.3380931417086873,0.0,262489.2767423261,6289.019260105888,19967398.754378613,399.8537497449579,312.0441274049917
0.0028028090068727514,0.35,0.015,264.3275198171151,46.986276223876786,0.33797896529564925,0.0,262489.3050679364,6289.019260069951,19967408.354227237,399.8537928290595,312.04414421631395
0.0028028090068727514,0.38333333333333336,-0.005,264.2237565208835,46.626444818122565,0.45060190060527394,0.0,262442.87672179524,6289.019306721573,19957309.802017115,399.8084658533917,312.0264572286624
0.0028028090068727514,0.38333333333333336,0.005,264.2237565208835,46.62643888353803,0.45075330908561567,0.0,262442.83941689105,6289.019306784149,19957297.160936747,399.80840910519737,312.0264350843857
0.0028028090068727514,0.38333333333333336,0.015,264.2237565208835,46.626444818122565,0.45060190060527394,0.0,262442.87672179524,6289.019306721573,19957309.802017115,399.8084658533917,312.0264572286624
0.0028028090068727514,0.4166666666666667,-0.005,264.0864344378765,46.24788684530884,0.6009775424657356,0.0,262386.15614940564,6289.019386459858,19943946.961113915,399.7484684024609,312.00304414959515
0.0028028090068727514,0.4166666666666667,0.005,264.0864344378765,46.247878898762245,0.6011712130047866,0.0,262386.10860958096,6289.019386561674,19943930.852927975,399.74839606262776,312.00301591903155
0.0028028090068727514,0.4166666666666667,0.015,264.0864344378765,46.24788684530884,0.6009775424657356,0.0,262386.15614940564,6289.019386459858,19943946.961113915,399.7484684024609,312.00304414959515
0.0028028090068727514,0.45,-0.005,263.91100535872624,45.84828285312706,0.7945638747263697,0.0,262317.7727904035,6289.0195141822915,19926878.790575236,399.67180134779125,311.9731234577672
0.0028028090068727514,0.45,0.005,263.91100535872624,45.848272668372594,0.7948012294619101,0.0,262317.7146442042,6289.019514334807,19926859.088915154,399.6717128245342,311.97308890832136
0.0028028090068727514,0.45,0.015,263.91100535872624,45.84828285312706,0.7945638747263697,0.0,262317.7727904035,6289.0195141822915,19926878.790575236,399.67180134779125,311.9731234577672
0.0028028090068727514,0.4833333333333334,-0.005,263.6961702494795,45.425100168418645,1.0329671716722597,0.0,262237.2800821572,6289.019702857714,19905980.969638046,399.5778780376657,311.9364642914177
0.0028028090068727514,0.4833333333333334,0.005,263.6961702494795,45.42508773940976,1.0332442415658063,0.0,262237.21227550076,6289.019703065356,19905957.99458191,399.57777473636577,311.9364239695604
0.0028028090068727514,0.4833333333333334,0.015,263.6961702494795,45.425100168418645,1.0329671716722597,0.0,262237.2800821572,6289.019702857714,19905980.969638046,399.5778780376657,311.9364642914177
0.0028028090068727514,0.5166666666666667,-0.005,263.44549439035495,44.97564918846477,1.3120110830068212,0.0,262145.6154195678,6289.0199568970165,19881602.626737475,399.4682310738183,311.89366258140984
0.0028028090068727514,0.5166666666666667,0.005,263.44549439035495,44.97563482934218,1.3123174982769072,0.0,262145.5404557907,6289.019957151066,19881577.226467296,399.46811677099333,311.8936179591764
0.0028028090068727514,0.5166666666666667,0.015,263.44549439035495,44.97564918846477,1.3120110830068212,0.0,262145.6154195678,6289.0199568970165,19881602.626737475,399.4682310738183,311.89366258140984
0.0028028090068727514,0.55,-0.005,263.16832841498035,44.49710257654671,1.6206124628129963,0.0,262045.3585665891,6289.020266011405,19854655.15428714,399.34692065026695,311.8463010864185
0.0028028090068727514,0.55,0.005,263.16832841498035,44.497086965123984,1.6209318830687491,0.0,262045.28039270057,6289.020266287852,19854628.666790485,399.3468013346114,311.8462545001715
0.0028028090068727514,0.55,0.015,263.16832841498035,44.49710257654671,1.6206124628129963,0.0,262045.3585665891,6289.020266011405,19854655.15428714,399.34692065026695,311.8463010864185
0.0028028090068727514,0.5833333333333334,-0.005,262.87942862390827,43.986409130793554,1.9411835569806641,0.0,261940.61536388838,6289.020604193388,19826574.36125831,399.2203796897642,311.79688984152233
0.0028028090068727514,0.5833333333333334,0.005,262.87942862390827,43.986393202466324,1.9414958789570933,0.0,261940.53882284169,6289.020604458361,19826548.429338273,399.2202627455134,311.7968441739435
0.0028028090068727514,0.5833333333333334,0.015,262.87942862390827,43.986409130793554,1.9411835569806641,0.0,261940.61536388838,6289.020604193388,19826574.36125831,399.2203796897642,311.79688984152233
0.0028028090068727514,0.6166666666666667,-0.005,262.5969613099899,43.43989754604927,2.251937147556694,0.0,261836.43210266376,6289.0209370879365,19799125.808806513,399.09655418838213,311.7485313377754
0.0028028090068727514,0.6166666666666667,0.005,262.5969613099899,43.439882172097406,2.2522222024648824,0.0,261836.36202459867,6289.0209373098305,19799102.07375156,399.0964470261837,311.7484894836678
0.0028028090068727514,0.6166666666666667,0.015,262.5969613099899,43.43989754604927,2.251937147556694,0.0,261836.43210266376,6289.0209370879365,19799125.808806513,399.09655418838213,311.7485313377754
0.0028028090068727514,0.65,-0.005,262.3391452013778,42.853035171923864,2.530836277312311,0.0,261737.8361242484,6289.021234926789,19774078.474369965,398.98344171717065,311.70435011733304
0.0028028090068727514,0.65,0.005,262.3391452013778,42.85302157720072,2.5310780714045173,0.0,261737.7763411741,6289.021235087695,19774058.231624857,398.98335021916216,311.70431437608926
0.0028028090068727514,0.65,0.015,262.3391452013778,42.853035171923864,2.530836277312311,0.0,261737.8361242484,6289.021234926789,19774078.474369965,398.98344171717065,311.70435011733304
0.0028028090068727514,0.6833333333333333,-0.005,262.120437490986,42.2198383533831,2.760100968865953,0.0,261648.73759974804,6289.021484347971,19752834.844043303,398.88741774893737,311.66683867376
0.0028028090068727514,0.6833333333333333,0.005,262.120437490986,42.21982742084131,2.7602909365609385,0.0,261648.69014231506,6289.021484448639,19752818.77770487,398.8873450549877,311.66681027440035
0.0028028090068727514,0.6833333333333333,0.015,262.120437490986,42.2198383533831,2.760100968865953,0.0,261648.73759974804,6289.021484347971,19752834.844043303,398.88741774893737,311.66683867376
0.0028028090068727514,0.7166666666666667,-0.005,261.94856521252575,41.53152364904836,2.929687444549318,0.0,261571.04318149126,6289.021691655604,19736143.501168475,398.8119197468191,311.6373424599104
0.0028028090068727514,0.7166666666666667,0.005,261.94856521252575,41.53151562522346,2.929825543040106,0.0,261571.00801443876,6289.0216917102,19736131.597154602,398.8118658409369,311.63732139849577
0.0028028090068727514,0.7166666666666667,0.015,261.94856521252575,41.53152364904836,2.929687444549318,0.0,261571.04318149126,6289.021691655604,19736143.501168475,398.8119197468191,311.6373424599104
0.0028028090068727514,0.75,-0.005,261.82353094717433,40.7752920346509,3.0384178074922654,0.0,261504.34000488024,6289.021876740753,19724003.296015542,398.75699242137335,311.6158812217838
0.0028028090068727514,0.75,0.005,261.82353094717433,40.775286685318974,3.0385110726269855,0.0,261504.31538770068,6289.021876767035,19723994.963179894,398.7569546634563,311.61586646847906
0.0028028090068727514,0.75,0.015,261.82353094717433,40.7752920346509,3.0384178074922654,0.0,261504.34000488024,6289.021876740753,19724003.296015542,398.75699242137335,311.6158812217838
0.0028028090068727514,0.7833333333333333,-0.005,261.73893525334245,39.932427445878886,3.0922714700244915,0.0,261446.21598952296,6289.022064189312,19715792.044557344,398.719855866306,311.6013703668011
0.0028028090068727514,0.7833333333333333,0.005,261.73893525334245,39.93242420984863,3.092330755336218,0.0,261446.19926233543,6289.022064201255,19715786.381612733,398.7198301951558,311.60136033574105
0.0028028090068727514,0.7833333333333333,0.015,261.73893525334245,39.932427445878886,3.0922714700244915,0.0,261446.21598952296,6289.022064189312,19715792.044557344,398.719855866306,311.6013703668011
0.0028028090068727514,0.8166666666666667,-0.005,261.684928866182,38.974994246195024,3.100579832554069,0.0,261393.0040894388,6289.022278766946,19710553.148835648,398.696200861869,311.59212698323506
0.0028028090068727514,0.8166666666666667,0.005,261.684928866182,38.9749924570527,3.1006162328651325,0.0,261392.992533049,6289.022278772704,19710549.23557848,398.6961831175249,311.5921200493867
0.0028028090068727514,0.8166666666666667,0.015,261.684928866182,38.974994246195024,3.100579832554069,0.0,261393.0040894388,6289.022278766946,19710553.148835648,398.696200861869,311.59212698323506
0.0028028090068727514,0.85,-0.005,261.6514365404517,37.859257069927764,3.0715837246025246,0.0,261340.5150771321,6289.0225485109495,19707308.56940046,398.6816130122279,311.58642652676343
0.0028028090068727514,0.85,0.005,261.6514365404517,37.85925614452304,3.0716060766055904,0.0,261340.5065136538,6289.022548514319,19707305.669516217,398.68159986083185,311.58642138757915
0.0028028090068727514,0.85,0.015,261.6514365404517,37.859257069927764,3.0715837246025246,0.0,261340.5150771321,6289.0225485109495,19707308.56940046,398.6816130122279,311.58642652676343
0.0028028090068727514,0.8833333333333332,-0.005,261.63038932496477,36.510746218810986,3.008422681136922,0.0,261284.2653859303,6289.0229174492015,19705275.79327035,398.67256714822196,311.5828916453736
0.0028028090068727514,0.8833333333333332,0.005,261.63038932496477,36.510745747648876,3.0084367137762267,0.0,261284.2583818999,6289.02291745168,19705273.42252576,398.67255639555543,311.5828874434956
0.0028028090068727514,0.8833333333333332,0.015,261.63038932496477,36.510746218810986,3.008422681136922,0.0,261284.2653859303,6289.0229174492015,19705275.79327035,398.67256714822196,311.5828916453736
0.0028028090068727514,0.9166666666666666,-0.005,261.61642783304666,34.784326349639976,2.9047211869463787,0.0,261218.62161514338,6289.023483017777,19703937.156079933,398.66676243524694,311.5806232978793
0.0028028090068727514,0.9166666666666666,0.005,261.61642783304666,34.78432608573314,2.9047299730515954,0.0,261218.61536997042,6289.023483019861,19703935.044332232,398.6667528567076,311.58061955479417
0.0028028090068727514,0.9166666666666666,0.015,261.61642783304666,34.784326349639976,2.9047211869463787,0.0,261218.62161514338,6289.023483017777,19703937.156079933,398.66676243524694,311.5806232978793
0.0028028090068727514,0.95,-0.005,261.6062665434285,32.32272770231351,2.732709947687947,0.0,261133.04871813924,6289.024569109898,19702983.29092174,398.662949187167,311.57913315979073
0.0028028090068727514,0.95,0.005,261.6062665434285,32.32272747679076,2.7327148664493324,0.0,261133.04282683917,6289.024569111509,19702981.302071035,398.6629401655511,311.5791296343223
0.0028028090068727514,0.95,0.015,261.6062665434285,32.32272770231351,2.732709947687947,0.0,261133.04871813924,6289.024569109898,19702983.29092174,398.662949187167,311.57913315979073
0.0028028090068727514,0.9833333333333334,-0.005,261.5965082182405,27.65394594344288,2.365471606241052,0.0,260990.42897242628,6289.027416011793,19702121.696667377,398.66038743758554,311.57813207730004
0.0028028090068727514,0.9833333333333334,0.005,261.5965082182405,27.65394578222606,2.365473210023588,0.0,260990.42322016894,6289.027416012564,19702119.75716212,398.6603786390978,311.57812863901466
0.0028028090068727514,0.9833333333333334,0.015,261.5965082182405,27.65394594344288,2.365471606241052,0.0,260990.42897242628,6289.027416011793,19702121.696667377,398.66038743758554,311.57813207730004
0.0028028090068727514,1.0166666666666666,-0.005,261.5965062787459,2.050509195397803e-07,1.753970785574769e-08,0.0,260990.4284267206,6289.992858685504,19731240.754736643,399.2495967357731,311.80829910050556
0.0028028090068727514,1.0166666666666666,0.005,261.5965043392512,-27.65394594344288,-2.365471606241052,0.0,260990.42788101485,6289.027416075738,19702121.321977086,398.66038576800105,311.5781314248575
0.0028028090068727514,1.0166666666666666,0.015,261.5965062787459,2.050509195397803e-07,1.753970785574769e-08,0.0,260990.4284267206,6289.992858685504,19731240.754736643,399.2495967357731,311.80829910050556
0.0035280674333561446,-0.016666666666666666,-0.005,264.5834987984711,49.88052011593351,-8.392231339035209e-19,0.0,262702.5070033303,6289.019199541713,19992326.835478283,399.96558832037755,312.08776352290886
0.0035280674333561446,-0.016666666666666666,0.005,264.5834987984711,49.88052011593351,-0.00842000731817461,0.0,262702.5070033303,6289.019199453083,19992326.832767747,399.9655882661507,312.0877635017526
0.0035280674333561446,-0.016666666666666666,0.015,264.5834987984711,49.88052011593351,-8.392231339035209e-19,0.0,262702.5070033303,6289.019199541713,19992326.835478283,399.96558832037755,312.08776352290886
0.0035280674333561446,0.016666666666666666,-0.005,264.5834987984711,49.88052011593351,0.00842000731817461,0.0,262702.5070033303,6289.019199453083,19992326.832767747,399.9655882661507,312.0877635017526
0.0035280674333561446,0.016666666666666666,0.005,264.5834987984711,49.88052039656336,0.00842126090298939,0.0,262702.5029732895,6289.019199453423,19992325.453516323,399.9655820797742,312.0877610881795
0.0035280674333561446,0.016666666666666666,0.015,264.5834987984711,49.88052011593351,0.00842000731817461,0.0,262702.5070033303,6289.019199453083,19992326.832767747,399.9655882661507,312.0877635017526
0.0035280674333561446,0.05000000000000001,-0.005,264.58107488534466,49.63364436749757,0.024742205327648693,0.0,262689.53159281326,6289.01920009118,19992090.80730523,399.9645298881865,312.0873505824416
0.0035280674333561446,0.05000000000000001,0.005,264.58107488534466,49.63364449893773,0.024746101191262283,0.0,262689.52743554726,6289.019200091606,19992089.387187663,399.96452351848967,312.0873480973439
0.0035280674333561446,0.05000000000000001,0.015,264.58107488534466,49.63364436749757,0.024742205327648693,0.0,262689.53159281326,6289.01920009118,19992090.80730523,399.9645298881865,312.0873505824416
0.0035280674333561446,0.08333333333333333,-0.005,264.5764024864123,49.3791013422573,0.04095641928772549,0.0,262675.5968302615,6289.019200911923,19991635.840912912,399.96248952055566,312.0865545446774
0.0035280674333561446,0.08333333333333333,0.005,264.5764024864123,49.379101301630435,0.04096325125366014,0.0,262675.59239471,6289.019200912488,19991634.32874589,399.9624827379202,312.0865518984676
0.0035280674333561446,0.08333333333333333,0.015,264.5764024864123,49.3791013422573,0.04095641928772549,0.0,262675.5968302615,6289.019200911923,19991635.840912912,399.96248952055566,312.0865545446774
0.0035280674333561446,0.11666666666666668,-0.005,264.56916854438066,49.11637253042767,0.057620770597248766,0.0,262660.5937689755,6289.01920196735,19990931.46492654,399.959330463517,312.085322052632
0.0035280674333561446,0.11666666666666668,0.005,264.56916854438066,49.11637229052494,0.057631143465002414,0.0,262660.58885314135,6289.0192019681435,19990929.79221184,399.9593229606401,312.08531912541224
0.0035280674333561446,0.11666666666666668,0.015,264.56916854438066,49.11637253042767,0.057620770597248766,0.0,262660.5937689755,6289.01920196735,19990931.46492654,399.959330463517,312.085322052632
0.0035280674333561446,0.15,-0.005,264.55880361529194,48.844871407999925,0.07554180136305169,0.0,262644.33774990693,6289.019203357688,19989922.258562956,399.95480406384064,312.08355608945794
0.0035280674333561446,0.15,0.005,264.55880361529194,48.844870932231345,0.07555675307467341,0.0,262644.3320578761,6289.019203358871,19989920.324902073,399.95479539028923,312.0835527054846
0.0035280674333561446,0.15,0.015,264.55880361529194,48.844871407999925,0.07554180136305169,0.0,262644.33774990693,6289.019203357688,19989922.258562956,399.95480406384064,312.08355608945794
0.0035280674333561446,0.18333333333333332,-0.005,264.54435455658694,48.56392896146156,0.09594147711651493,0.0,262626.5315276506,6289.019205278411,19988515.456642576,399.94849410096896,312.0810942570223
0.0035280674333561446,0.18333333333333332,0.005,264.54435455658694,48.5639281960893,0.09596267494452002,0.0,262626.52461773733,6289.019205280294,19988513.11216013,399.9484835842911,312.0810901539235
0.0035280674333561446,0.18333333333333332,0.015,264.54435455658694,48.56392896146156,0.09594147711651493,0.0,262626.5315276506,6289.019205278411,19988515.456642576,399.94849410096896,312.0810942570223
0.0035280674333561446,0.21666666666666667,-0.005,264.52430555012114,48.27277374783029,0.12068040852548781,0.0,262606.713456247,6289.019208120117,19986563.53111269,399.9397385949859,312.07767826360976
0.0035280674333561446,0.21666666666666667,0.005,264.52430555012114,48.27277261080621,0.12071039233166161,0.0,262606.7046787207,6289.019208123314,19986560.555366114,399.93972524600986,312.07767305542825
0.0035280674333561446,0.21666666666666667,0.015,264.52430555012114,48.27277374783029,0.12068040852548781,0.0,262606.713456247,6289.019208120117,19986563.53111269,399.9397385949859,312.07767826360976
0.0035280674333561446,0.25,-0.005,264.49635805530704,47.97050522929129,0.15252789715700782,0.0,262584.1937400192,6289.019212672566,19983842.77979698,399.92753363783896,312.07291639153055
0.0035280674333561446,0.25,0.005,264.49635805530704,47.97050359591314,0.15257032675614798,0.0,262584.18217423157,6289.019212678303,19983838.86050569,399.92751605505833,312.0729095314006
0.0035280674333561446,0.25,0.015,264.49635805530704,47.97050522929129,0.15252789715700782,0.0,262584.1937400192,6289.019212672566,19983842.77979698,399.92753363783896,312.07291639153055
0.0035280674333561446,0.2833333333333333,-0.005,264.45720750635843,47.65606004442113,0.19543514086904623,0.0,262557.9896018874,6289.019220512484,19980031.61059431,399.9104357255128,312.066245367475
0.0035280674333561446,0.2833333333333333,0.005,264.45720750635843,47.65605773195163,0.19549495968154523,0.0,262557.9740141301,6289.019220523116,19980026.329412233,399.91041203086803,312.06623612253134
0.0035280674333561446,0.2833333333333333,0.015,264.45720750635843,47.65606004442113,0.19543514086904623,0.0,262557.9896018874,6289.019220512484,19980031.61059431,399.9104357255128,312.066245367475
0.0035280674333561446,0.31666666666666665,-0.005,264.4023951077298,47.32817302293974,0.25471850882922115,0.0,262526.7819275686,6289.019234665571,19974696.16139941,399.8864967458382,312.05690495192283
0.0035280674333561446,0.31666666666666665,0.005,264.4023951077298,47.3281697793629,0.25480188646770385,0.0,262526.76078354655,6289.019234685371,19974688.99819166,399.88646460315357,312.05689241043046
0.0035280674333561446,0.31666666666666665,0.015,264.4023951077298,47.32817302293974,0.25471850882922115,0.0,262526.7819275686,6289.019234665571,19974696.16139941,399.8864967458382,312.05690495192283
0.0035280674333561446,0.35,-0.005,264.3263579827481,46.985338171099244,0.33700608959672496,0.0,262488.92891567084,6289.019260557058,19967295.270118456,399.8532853370431,312.0439461939805
0.0035280674333561446,0.35,0.005,264.3263579827481,46.98533367669035,0.33711997605495114,0.0,262488.90048899234,6289.019260593106,19967285.6397339,399.85324211570395,312.0439293290977
0.0035280674333561446,0.35,0.015,264.3263579827481,46.985338171099244,0.33700608959672496,0.0,262488.92891567084,6289.019260557058,19967295.270118456,399.8532853370431,312.0439461939805
0.0035280674333561446,0.3833333333333333,-0.005,264.2228284428938,46.62577876098759,0.4497684501722481,0.0,262442.58017924044,6289.019307012706,19957219.478463538,399.808060299298,312.02629897333526
0.0035280674333561446,0.3833333333333333,0.005,264.2228284428938,46.625772653630705,0.44991960050332447,0.0,262442.54279063427,6289.0193070753385,19957206.811738886,399.80800343574856,312.02627678403337
0.0035280674333561446,0.3833333333333333,0.015,264.2228284428938,46.62577876098759,0.4497684501722481,0.0,262442.58017924044,6289.019307012706,19957219.478463538,399.808060299298,312.02629897333526
0.0035280674333561446,0.4166666666666667,-0.005,264.08571030259895,46.24743799188482,0.6002820429776901,0.0,262385.9280156029,6289.019386611472,19943876.49524442,399.74815180941124,312.0029205993847
0.0035280674333561446,0.4166666666666667,0.005,264.08571030259895,46.247429925403914,0.6004754891363276,0.0,262385.88040796475,6289.01938671331,19943860.365994938,399.7480793747323,312.0028923317964
0.0035280674333561446,0.4166666666666667,0.015,264.08571030259895,46.24743799188482,0.6002820429776901,0.0,262385.9280156029,6289.019386611472,19943876.49524442,399.74815180941124,312.0029205993847
0.0035280674333561446,0.44999999999999996,-0.005,263.9104549784386,45.84799925917086,0.7939977074062788,0.0,262317.6019455698,6289.01951424108,19926825.242276113,399.671560576338,311.9730294878732
0.0035280674333561446,0.44999999999999996,0.005,263.9104549784386,45.84798899577178,0.7942348712321186,0.0,262317.5437457702,6289.019514393593,19926805.523746423,399.6714719770349,311.9729949087372
0.0035280674333561446,0.44999999999999996,0.015,263.9104549784386,45.84799925917086,0.7939977074062788,0.0,262317.6019455698,6289.01951424108,19926825.242276113,399.671560576338,311.9730294878732
0.0035280674333561446,0.48333333333333334,-0.005,263.69576485520116,45.42493469571604,1.032515858403317,0.0,262237.15608628787,6289.019702858552,19905941.53615905,399.57770056673246,311.9363950187369
0.0035280674333561446,0.48333333333333334,0.005,263.69576485520116,45.42492221854491,1.0327927686223188,0.0,262237.08823848655,6289.019703066178,19905918.547996018,399.57759720627826,311.93635467378084
0.0035280674333561446,0.48333333333333334,0.015,263.69576485520116,45.42493469571604,1.032515858403317,0.0,262237.15608628787,6289.019702858552,19905941.53615905,399.57770056673246,311.9363950187369
0.0035280674333561446,0.5166666666666667,-0.005,263.44520812223556,44.97556142740566,1.3116557237334823,0.0,262145.52901547676,6289.01995686116,19881574.78795666,399.46810564853405,311.89361361712264
0.0035280674333561446,0.5166666666666667,0.005,263.44520812223556,44.975547041101585,1.3119620068440359,0.0,262145.45402127784,6289.019957115185,19881549.377896506,399.4679913014714,311.89356897761246
0.0035280674333561446,0.5166666666666667,0.015,263.44520812223556,44.97556142740566,1.3116557237334823,0.0,262145.52901547676,6289.01995686116,19881574.78795666,399.46810564853405,311.89361361712264
0.0035280674333561446,0.55,-0.005,263.168139414576,44.497060645199845,1.6203313665295525,0.0,262045.30205750972,6289.0202659466095,19854636.779301118,399.3468377566653,311.84626872099506
0.0035280674333561446,0.55,0.005,263.168139414576,44.49704501989455,1.6206506774807603,0.0,262045.2238623053,6289.020266223025,19854610.28489577,399.34671840975415,311.84622212253953
0.0035280674333561446,0.55,0.015,263.168139414576,44.497060645199845,1.6203313665295525,0.0,262045.30205750972,6289.0202659466095,19854636.779301118,399.3468377566653,311.84626872099506
0.0035280674333561446,0.5833333333333334,-0.005,262.8793196561063,43.986391253876405,1.9409540924981283,0.0,261940.58284382336,6289.020604097386,19826563.76922898,399.22033182652183,311.7968711505796
0.0035280674333561446,0.5833333333333334,0.005,262.8793196561063,43.98637531992382,1.941266323036503,0.0,261940.50628914774,6289.020604362321,19826537.832873613,399.22021486218154,311.79682547515284
0.0035280674333561446,0.5833333333333334,0.015,262.8793196561063,43.986391253876405,1.9409540924981283,0.0,261940.58284382336,6289.020604097386,19826563.76922898,399.22033182652183,311.7968711505796
0.0035280674333561446,0.6166666666666667,-0.005,262.59691987490436,43.43989322062921,2.251737789935208,0.0,261836.41952279018,6289.0209369550375,19799121.78015586,399.09653591851435,311.7485242021531
0.0035280674333561446,0.6166666666666667,0.005,262.59691987490436,43.43987784596246,2.252022766479233,0.0,261836.34943754654,6289.020937176891,19799098.042768557,399.0964287457388,311.7484823439135
0.0035280674333561446,0.6166666666666667,0.015,262.59691987490436,43.43989322062921,2.251737789935208,0.0,261836.41952279018,6289.0209369550375,19799121.78015586,399.09653591851435,311.7485242021531
0.0035280674333561446,0.65,-0.005,262.3391631402393,42.85304504664059,2.5306487153527253,0.0,261737.84116045368,6289.0212347559345,19774080.21269147,398.98344950009215,311.70435315752246
0.0035280674333561446,0.65,0.005,262.3391631402393,42.85303145540728,2.530890440127991,0.0,261737.78137564735,6289.0212349168005,19774059.96938767,398.98335799954333,311.7043174152867
0.0035280674333561446,0.65,0.015,262.3391631402393,42.85304504664059,2.5306487153527253,0.0,261737.84116045368,6289.0212347559345,19774080.21269147,398.98344950009215,311.70435315752246
0.0035280674333561446,0.6833333333333333,-0.005,262.120510135893,42.219874003921454,2.7599121643784166,0.0,261648.75938576672,6289.021484146939,19752841.893493604,398.88744957069446,311.6668511055714
0.0035280674333561446,0.6833333333333333,0.005,262.120510135893,42.219863081533944,2.7601020690109688,0.0,261648.71193129022,6289.021484247569,19752825.828079727,398.8873768809334,311.6668227078492
0.0035280674333561446,0.6833333333333333,0.015,262.120510135893,42.219874003921454,2.7599121643784166,0.0,261648.75938576672,6289.021484146939,19752841.893493604,398.88744957069446,311.6668511055714
0.0035280674333561446,0.7166666666666667,-0.005,261.9486901640621,41.53160560977388,2.929491297362955,0.0,261571.08185786716,6289.021691439913,19736155.627527192,398.8119745837728,311.63736388509994
0.0035280674333561446,0.7166666666666667,0.005,261.9486901640621,41.53159760673435,2.929629337695592,0.0,261571.04669785424,6289.021691494476,19736143.725663286,398.8119206876419,311.63734282749664
0.0035280674333561446,0.7166666666666667,0.015,261.9486901640621,41.53160560977388,2.929491297362955,0.0,261571.08185786716,6289.021691439913,19736155.627527192,398.8119745837728,311.63736388509994
0.0035280674333561446,0.75,-0.005,261.8237066087583,40.77544607932319,3.0382160965690175,0.0,261504.39612093524,6289.021876527096,19724020.34395074,398.75706959362583,311.61591137561027
0.0035280674333561446,0.75,0.005,261.8237066087583,40.775440766448966,3.0383093086555895,0.0,261504.37151437378,6289.021876553349,19724012.01425524,398.7570318499543,311.61589662787316
0.0035280674333561446,0.75,0.015,261.8237066087583,40.77544607932319,3.0382160965690175,0.0,261504.39612093524,6289.021876527096,19724020.34395074,398.75706959362583,311.61591137561027
0.0035280674333561446,0.7833333333333333,-0.005,261.7391592545726,39.932679262531046,3.09207373527632,0.0,261446.28980723507,6289.0220639874005,19715813.78405675,398.7199543414806,311.6014088461959
0.0035280674333561446,0.7833333333333333,0.005,261.7391592545726,39.932676083519006,3.092132974288127,0.0,261446.27309374404,6289.022063999315,19715808.12501565,398.7199286880378,311.60139882205624
0.0035280674333561446,0.7833333333333333,0.015,261.7391592545726,39.932679262531046,3.09207373527632,0.0,261446.28980723507,6289.0220639874005,19715813.78405675,398.7199543414806,311.6014088461959
0.0035280674333561446,0.8166666666666665,-0.005,261.68519652551856,38.975362303130744,3.100401831370499,0.0,261393.09483404623,6289.022278574514,19710579.125555474,398.6963185781435,311.5921729824966
0.0035280674333561446,0.8166666666666665,0.005,261.68519652551856,38.975360594636626,3.1004381947954425,0.0,261393.08329381733,6289.022278580236,19710575.216730077,398.69630085389895,311.59216605650346
0.0035280674333561446,0.8166666666666665,0.015,261.68519652551856,38.975362303130744,3.100401831370499,0.0,261393.09483404623,6289.022278574514,19710579.125555474,398.6963185781435,311.5921729824966
0.0035280674333561446,0.8500000000000001,-0.005,261.65173957769633,37.85974384725371,3.0714441040765323,0.0,261340.62021736655,6289.022548314521,19707337.97948386,398.681746314372,311.5864786173714
0.0035280674333561446,0.8500000000000001,0.005,261.65173957769633,37.85974302527882,3.071466431519713,0.0,261340.61167166123,6289.022548317843,19707335.084301557,398.6817331842947,311.5864734865188
0.0035280674333561446,0.8500000000000001,0.015,261.65173957769633,37.85974384725371,3.0714441040765323,0.0,261340.62021736655,6289.022548314521,19707337.97948386,398.681746314372,311.5864786173714
0.0035280674333561446,0.8833333333333333,-0.005,261.63071513996255,36.51132841732023,3.0083375466496185,0.0,261284.38007984761,6289.022917230617,19705307.413389355,398.67271047546,311.5829476541324
0.0035280674333561446,0.8833333333333333,0.005,261.63071513996255,36.51132806517649,3.0083515689678726,0.0,261284.37309401168,6289.022917233033,19705305.04732978,398.67269974402865,311.58294346055334
0.0035280674333561446,0.8833333333333333,0.015,261.63071513996255,36.51132841732023,3.0083375466496185,0.0,261284.38007984761,6289.022917230617,19705307.413389355,398.67271047546,311.5829476541324
0.0035280674333561446,0.9166666666666666,-0.005,261.61675980768973,34.78494556645257,2.904696440785488,0.0,261218.73854020552,6289.023482765251,19703969.37303165,398.66690846149356,311.5806803617595
0.0035280674333561446,0.9166666666666666,0.005,261.61675980768973,34.78494542117694,2.904705229974424,0.0,261218.732312089,6289.0234827672575,19703967.265646625,398.66689890272056,311.58067662639934
0.0035280674333561446,0.9166666666666666,0.015,261.61675980768973,34.78494556645257,2.904696440785488,0.0,261218.73854020552,6289.023482765251,19703969.37303165,398.66690846149356,311.5806803617595
0.0035280674333561446,0.9499999999999998,-0.005,261.60658600867276,32.32328517196546,2.732731879382109,0.0,261133.15864939816,6289.024568835601,19703014.29308486,398.6630896979368,311.57918806860545
0.0035280674333561446,0.9499999999999998,0.005,261.60658600867276,32.32328503829477,2.732736808920091,0.0,261133.1527722129,6289.02456883713,19703012.307988897,398.6630806933263,311.57918454978295
0.0035280674333561446,0.9499999999999998,0.015,261.60658600867276,32.32328517196546,2.732731879382109,0.0,261133.15864939816,6289.024568835601,19703014.29308486,398.6630896979368,311.57918806860545
0.0035280674333561446,0.9833333333333334,-0.005,261.59680024691517,27.65431846597292,2.365500006008503,0.0,260990.52335248317,6289.0274158701595,19702150.039819308,398.6605159533865,311.5781822988812
0.0035280674333561446,0.9833333333333334,0.005,261.59680024691517,27.65431833813397,2.3655016163086806,0.0,260990.51761003598,6289.027415870855,19702148.103311103,398.6605071684702,311.5781788658998
0.0035280674333561446,0.9833333333333334,0.015,261.59680024691517,27.65431846597292,2.365500006008503,0.0,260990.52335248317,6289.0274158701595,19702150.039819308,398.6605159533865,311.5781822988812
0.0035280674333561446,1.0166666666666666,-0.005,261.59680059132353,-3.640516515352048e-08,-3.1140313687148074e-09,0.0,260990.5234515533,6289.992884169447,19731270.135327,399.2497420998248,311.8083558641366
0.0035280674333561446,1.0166666666666666,0.005,261.5968009357319,-27.654318465972924,-2.365500006008503,0.0,260990.52355062347,6289.027415869772,19702150.106672283,398.66051625649123,311.5781824173289
0.0035280674333561446,1.0166666666666666,0.015,261.59680059132353,-3.640516515352048e-08,-3.1140313687148074e-09,0.0,260990.5234515533,6289.992884169447,19731270.135327,399.2497420998248,311.8083558641366
0.004253325859839538,-0.016666666666666666,-0.005,264.582884515769,49.87955163623035,8.392250818323453e-19,0.0,262702.2833785329,6289.019199714875,19992267.02568644,399.9653201295478,312.0876588900445
0.004253325859839538,-0.016666666666666666,0.005,264.582884515769,49.879551636230346,-0.008376181910764962,0.0,262702.28337853285,6289.019199627166,19992267.023004044,399.9653200758838,312.0876588691079
0.004253325859839538,-0.016666666666666666,0.015,264.582884515769,49.87955163623035,8.392250818323453e-19,0.0,262702.2833785329,6289.019199714875,19992267.02568644,399.9653201295478,312.0876588900445
0.004253325859839538,0.016666666666666666,-0.005,264.582884515769,49.87955163623035,0.008376181910764962,0.0,262702.28337853285,6289.019199627166,19992267.023004048,399.9653200758838,312.0876588691078
0.004253325859839538,0.016666666666666666,0.005,264.582884515769,49.87955164947276,0.008377423552127462,0.0,262702.27929038735,6289.019199627563,19992265.628482107,399.9653138210249,312.08765642881593
0.004253325859839538,0.016666666666666666,0.015,264.582884515769,49.87955163623035,0.008376181910764962,0.0,262702.28337853285,6289.019199627166,19992267.023004048,399.9653200758838,312.0876588691078
0.004253325859839538,0.05,-0.005,264.5804899462139,49.632789830271065,0.024623873208711337,0.0,262689.3222222302,6289.019200227611,19992033.85402111,399.9642744902793,312.08725094051965
0.004253325859839538,0.05,0.005,264.5804899462139,49.63278972361973,0.024627736495761728,0.0,262689.31800997286,6289.019200228079,19992032.41917818,399.96426805453893,312.0872484296547
0.004253325859839538,0.05,0.015,264.5804899462139,49.632789830271065,0.024623873208711337,0.0,262689.3222222302,6289.019200227611,19992033.85402111,399.9642744902793,312.08725094051965
0.004253325859839538,0.08333333333333333,-0.005,264.57585976406307,49.37836329521381,0.04078773514409438,0.0,262675.4054651452,6289.019201016922,19991582.998005442,399.9622525405641,312.0864620881572
0.004253325859839538,0.08333333333333333,0.005,264.57585976406307,49.378363046313176,0.04079451916219195,0.0,262675.4009784187,6289.01920101752,19991581.471893687,399.96224569538083,312.08645941754384
0.004253325859839538,0.08333333333333333,0.015,264.57585976406307,49.37836329521381,0.04078773514409438,0.0,262675.4054651452,6289.019201016922,19991582.998005442,399.9622525405641,312.0864620881572
0.004253325859839538,0.11666666666666667,-0.005,264.5686769235791,49.1157485938443,0.057422395901092396,0.0,262660.4227760968,6289.019202046404,19990883.59780962,399.95911578454974,312.0852382964117
0.004253325859839538,0.11666666666666667,0.005,264.5686769235791,49.11574817513277,0.057432710409084556,0.0,262660.41781345865,6289.019202047223,19990881.91213068,399.95910822351743,312.0852353465019
0.004253325859839538,0.11666666666666667,0.015,264.5686769235791,49.1157485938443,0.057422395901092396,0.0,262660.4227760968,6289.019202046404,19990883.59780962,399.95911578454974,312.0852382964117
0.004253325859839538,0.15,-0.005,264.558368333303,48.84435539362826,0.07533077796156618,0.0,262644.1882683172,6289.019203415598,19989879.877390206,399.9546139755922,312.0834819267988
0.004253325859839538,0.15,0.005,264.558368333303,48.844354767383415,0.07534566534317805,0.0,262644.1825342258,6289.0192034168,19989877.931896366,399.9546052489542,312.083478522113
0.004253325859839538,0.15,0.015,264.558368333303,48.84435539362826,0.07533077796156618,0.0,262644.1882683172,6289.019203415598,19989879.877390206,399.9546139755922,312.0834819267988
0.004253325859839538,0.18333333333333332,-0.005,264.5439776258766,48.56351190591061,0.09573125423440434,0.0,262626.40364343725,6289.019205319261,19988478.75748235,399.9483294843276,312.08103003156873
0.004253325859839538,0.18333333333333332,0.005,264.5439776258766,48.56351101659892,0.09575238561177356,0.0,262626.3966964,6289.019205321156,19988476.40239881,399.94831892008295,312.0810259099109
0.004253325859839538,0.18333333333333332,0.015,264.5439776258766,48.56351190591061,0.09573125423440434,0.0,262626.40364343725,6289.019205319261,19988478.75748235,399.9483294843276,312.08103003156873
0.004253325859839538,0.21666666666666667,-0.005,264.52398624998045,48.27244485147008,0.12048101111581123,0.0,262606.6063914165,6289.019208147479,19986532.443842687,399.93959913688013,312.0776238532055
0.004253325859839538,0.21666666666666667,0.005,264.52398624998045,48.27244361471983,0.1205109295492355,0.0,262606.59758172533,6289.019208150684,19986529.458777666,399.9395857460849,312.07761862870717
0.004253325859839538,0.21666666666666667,0.015,264.52398624998045,48.27244485147008,0.12048101111581123,0.0,262606.6063914165,6289.019208147479,19986532.443842687,399.93959913688013,312.0776238532055
0.004253325859839538,0.25,-0.005,264.49609347189386,47.97025268866411,0.15234621548788474,0.0,262584.10604896053,6289.019212689406,19983817.020701516,399.9274180670662,312.07287130022314
0.004253325859839538,0.25,0.005,264.49609347189386,47.970250977070094,0.15238858330433996,0.0,262584.0944558338,6289.019212695146,19983813.093377788,399.92740044822887,312.0728644260243
0.004253325859839538,0.25,0.015,264.49609347189386,47.97025268866411,0.15234621548788474,0.0,262584.10604896053,6289.019212689406,19983817.020701516,399.9274180670662,312.07287130022314
0.004253325859839538,0.2833333333333333,-0.005,264.4569930942617,47.65587176868922,0.19527531397611653,0.0,262557.91936764395,6289.019220521359,19980010.73706003,399.9103420581857,312.06620882127595
0.004253325859839538,0.2833333333333333,0.005,264.4569930942617,47.65586939658632,0.1953350764169529,0.0,262557.9037571053,6289.019220531992,19980005.44909195,399.9103183330695,312.06619956444206
0.004253325859839538,0.2833333333333333,0.015,264.4569930942617,47.65587176868922,0.19527531397611653,0.0,262557.91936764395,6289.019220521359,19980010.73706003,399.9103420581857,312.06620882127595
0.004253325859839538,0.31666666666666665,-0.005,264.40222524299213,47.32803722867686,0.2545823698339783,0.0,262526.7269490218,6289.019234668679,19974679.625767555,399.886422527062,312.05687599310215
0.004253325859839538,0.31666666666666665,0.005,264.40222524299213,47.3280339410487,0.254665697670422,0.0,262526.7057864002,6289.019234688477,19974672.456944168,399.8863903591501,312.0568634417655
0.004253325859839538,0.31666666666666665,0.015,264.40222524299213,47.32803722867686,0.2545823698339783,0.0,262526.7269490218,6289.019234668679,19974679.625767555,399.886422527062,312.05687599310215
0.004253325859839538,0.35,-0.005,264.3262264770305,46.985243853977536,0.33689363982971116,0.0,262488.8868770714,6289.01926055629,19967282.46974787,399.85322786564507,312.0439237687521
0.004253325859839538,0.35,0.005,264.3262264770305,46.985239328168134,0.33700748361383787,0.0,262488.8584355226,6289.019260592335,19967272.83481361,399.8531846238559,312.04390689588854
0.004253325859839538,0.35,0.015,264.3262264770305,46.985243853977536,0.33689363982971116,0.0,262488.8868770714,6289.01926055629,19967282.46974787,399.85322786564507,312.0439237687521
0.004253325859839538,0.38333333333333336,-0.005,264.22272899207525,46.625716046652634,0.44967833168690075,0.0,262442.54879463895,6289.019307009733,19957209.799409527,399.808016823904,312.0262820083613
0.004253325859839538,0.38333333333333336,0.005,264.22272899207525,46.62570991780704,0.4498294465203915,0.0,262442.5113943943,6289.019307072362,19957197.12907732,399.8079599441281,312.0262598127263
0.004253325859839538,0.38333333333333336,0.015,264.22272899207525,46.625716046652634,0.44967833168690075,0.0,262442.54879463895,6289.019307009733,19957209.799409527,399.808016823904,312.0262820083613
0.004253325859839538,0.4166666666666667,-0.005,264.0856368498043,46.24739837094564,0.6002119845368974,0.0,262385.90514267463,6289.019386607722,19943869.347608093,399.7481196869821,312.00290806362705
0.004253325859839538,0.4166666666666667,0.005,264.0856368498043,46.24739029043908,0.6004054020239726,0.0,262385.85752611986,6289.019386709556,19943853.21555929,399.7480472397018,312.0028797911199
0.004253325859839538,0.4166666666666667,0.015,264.0856368498043,46.24739837094564,0.6002119845368974,0.0,262385.90514267463,6289.019386607722,19943869.347608093,399.7481196869821,312.00290806362705
0.004253325859839538,0.45,-0.005,263.9104019800242,45.84797571247491,0.7939449257876156,0.0,262317.5856658969,6289.019514237624,19926820.08611288,399.6715373881155,311.973020437817
0.004253325859839538,0.45,0.005,263.9104019800242,45.84796544042254,0.7941820671385295,0.0,262317.5274594066,6289.019514390135,19926800.365456562,399.6714487792304,311.97298585494025
0.004253325859839538,0.45,0.015,263.9104019800242,45.84797571247491,0.7939449257876156,0.0,262317.5856658969,6289.019514237624,19926820.08611288,399.6715373881155,311.973020437817
0.004253325859839538,0.48333333333333334,-0.005,263.69572744718795,45.424921716393634,1.032477403141707,0.0,262237.14475189993,6289.019702856116,19905937.89770877,399.5776841906294,311.93638862661015
0.004253325859839538,0.48333333333333334,0.005,263.69572744718795,45.42490923424399,1.0327542962925353,0.0,262237.07689917425,6289.01970306374,19905914.90796172,399.57758082303116,311.93634827886467
0.004253325859839538,0.48333333333333334,0.015,263.69572744718795,45.424921716393634,1.032477403141707,0.0,262237.14475189993,6289.019702856116,19905937.89770877,399.5776841906294,311.93638862661015
0.004253325859839538,0.5166666666666667,-0.005,263.4451821930774,44.97555494623463,1.311628757912256,0.0,262145.52126387507,6289.019956860157,19881572.26676079,399.46809429055577,311.8936091831255
0.004253325859839538,0.5166666666666667,0.005,263.4451821930774,44.97554055732395,1.3119350285173328,0.0,262145.4462661084,6289.019957114182,19881546.855539817,399.4679799382523,311.8935645415688
0.004253325859839538,0.5166666666666667,0.015,263.4451821930774,44.97555494623463,1.311628757912256,0.0,262145.52126387507,6289.019956860157,19881572.26676079,399.46809429055577,311.8936091831255
0.004253325859839538,0.55,-0.005,263.16812159699197,44.49705786680881,1.6203133784982604,0.0,262045.29679955216,6289.020265947215,19854635.047437128,399.3468299470248,311.84626567175684
0.004253325859839538,0.55,0.005,263.16812159699197,44.49704224033033,1.6206326806944853,0.0,262045.218601785,6289.0202662236325,19854608.55218863,399.3467105963035,311.84621907181327
0.004253325859839538,0.55,0.015,263.16812159699197,44.49705786680881,1.6203133784982604,0.0,262045.29679955216,6289.020265947215,19854635.047437128,399.3468299470248,311.84626567175684
0.004253325859839538,0.5833333333333334,-0.005,262.87930725601836,43.9863904158604,1.9409430340138139,0.0,261940.57923064957,6289.020604099751,19826562.56441398,399.22032638849925,311.7968690269922
0.004253325859839538,0.5833333333333334,0.005,262.87930725601836,43.986374481552055,1.9412552588283405,0.0,261940.50267412327,6289.020604364688,19826536.627442826,399.2202094213741,311.7968233504777
0.004253325859839538,0.5833333333333334,0.015,262.87930725601836,43.9863904158604,1.9409430340138139,0.0,261940.57923064957,6289.020604099751,19826562.56441398,399.22032638849925,311.7968690269922
0.004253325859839538,0.6166666666666667,-0.005,262.5969107594953,43.43989328535113,2.2517321360053946,0.0,261836.41689874427,6289.020936959381,19799120.894850925,399.09653191955977,311.74852264029016
0.004253325859839538,0.6166666666666667,0.005,262.5969107594953,43.439877910714024,2.2520171092591004,0.0,261836.34681212087,6289.020937181236,19799097.156999856,399.0964247446854,311.7484807812306
0.004253325859839538,0.6166666666666667,0.015,262.5969107594953,43.43989328535113,2.2517321360053946,0.0,261836.41689874427,6289.020936959381,19799120.894850925,399.09653191955977,311.74852264029016
0.004253325859839538,0.65,-0.005,262.3391556084219,42.85304534131077,2.530647441932302,0.0,261737.8390094871,6289.021234762408,19774079.481472418,398.9834461952681,311.70435186658165
0.004253325859839538,0.65,0.005,262.3391556084219,42.85303175020647,2.5308891653806653,0.0,261737.7792235778,6289.021234923277,19774059.237795353,398.98335469302907,311.7043161236855
0.004253325859839538,0.65,0.015,262.3391556084219,42.85304534131077,2.530647441932302,0.0,261737.8390094871,6289.021234762408,19774079.481472418,398.9834461952681,311.70435186658165
0.004253325859839538,0.6833333333333333,-0.005,262.1205027968092,42.21987389524775,2.7599146476573644,0.0,261648.75728245318,6289.0214841553925,19752841.181190286,398.8874463496891,311.6668498472207
0.004253325859839538,0.6833333333333333,0.005,262.1205027968092,42.21986297285954,2.7601045525620056,0.0,261648.70982699477,6289.021484256025,19752825.115444463,398.88737365842417,311.66682144891087
0.004253325859839538,0.6833333333333333,0.015,262.1205027968092,42.21987389524775,2.7599146476573644,0.0,261648.75728245318,6289.0214841553925,19752841.181190286,398.8874463496891,311.6668498472207
0.004253325859839538,0.7166666666666666,-0.005,261.948681844351,41.531604188686046,2.9294971410468573,0.0,261571.07942785387,6289.021691449657,19736154.820158288,398.8119709305627,311.63736245776477
0.004253325859839538,0.7166666666666666,0.005,261.948681844351,41.53159618521893,2.9296351829487044,0.0,261571.0442668533,6289.021691504222,19736142.91796523,398.81191703293985,311.6373413995784
0.004253325859839538,0.7166666666666666,0.015,261.948681844351,41.531604188686046,2.9294971410468573,0.0,261571.07942785387,6289.021691449657,19736154.820158288,398.8119709305627,311.63736245776477
0.004253325859839538,0.7499999999999999,-0.005,261.8236963051136,40.77544195414273,3.0382249124188565,0.0,261504.39301988474,6289.021876536955,19724019.344073713,398.75706506613926,311.6159096065672
0.004253325859839538,0.7499999999999999,0.005,261.8236963051136,40.77543664000927,3.0383181270820443,0.0,261504.36841222708,6289.021876563209,19724011.014022835,398.75702732085614,311.6158948582003
0.004253325859839538,0.7499999999999999,0.015,261.8236963051136,40.77544195414273,3.0382249124188565,0.0,261504.39301988474,6289.021876536955,19724019.344073713,398.75706506613926,311.6159096065672
0.004253325859839538,0.7833333333333334,-0.005,261.7391461417781,39.932670532848775,3.09208491647145,0.0,261446.2857241187,6289.022063996085,19715812.511527993,398.7199485757227,311.60140659321326
0.004253325859839538,0.7833333333333334,0.005,261.7391461417781,39.93266735122683,3.0921441587395653,0.0,261446.2690093429,6289.022064008,19715806.85208515,398.71992292045746,311.60139656836134
0.004253325859839538,0.7833333333333334,0.015,261.7391461417781,39.932670532848775,3.09208491647145,0.0,261446.2857241187,6289.022063996085,19715812.511527993,398.7199485757227,311.60140659321326
0.004253325859839538,0.8166666666666668,-0.005,261.6851800207342,38.97534677732225,3.1004143744399784,0.0,261393.089521162,6289.022278581074,19710577.523768242,398.6963113169666,311.5921701450916
0.004253325859839538,0.8166666666666668,0.005,261.6851800207342,38.975345064295695,3.1004507414004165,0.0,261393.07797940628,6289.022278586796,19710573.6144837,398.6962935906391,311.5921632182844
0.004253325859839538,0.8166666666666668,0.015,261.6851800207342,38.97534677732225,3.1004143744399784,0.0,261393.089521162,6289.022278581074,19710577.523768242,398.6963113169666,311.5921701450916
0.004253325859839538,0.8500000000000001,-0.005,261.65171945022223,37.85971955718706,3.07145654990282,0.0,261340.61354529267,6289.022548318699,19707336.02602893,398.68173745608266,311.58647515580935
0.004253325859839538,0.8500000000000001,0.005,261.65171945022223,37.85971872827771,3.071478880685323,0.0,261340.6049978,6289.022548322021,19707333.130328927,398.6817243236566,311.5864700240389
0.004253325859839538,0.8500000000000001,0.015,261.65171945022223,37.85971955718706,3.07145654990282,0.0,261340.61354529267,6289.022548318699,19707336.02602893,398.68173745608266,311.58647515580935
0.004253325859839538,0.8833333333333334,-0.005,261.63069163972233,36.51129444089673,3.0083481192815533,0.0,261284.37210854283,6289.022917232854,19705305.1325276,398.67270013040564,311.58294361154
0.004253325859839538,0.8833333333333334,0.005,261.63069163972233,36.511294079264324,3.0083621442433404,0.0,261284.36512068837,6289.02291723527,19705302.765901554,398.672689396404,311.58293941695644
0.004253325859839538,0.8833333333333334,0.015,261.63069163972233,36.51129444089673,3.0083481192815533,0.0,261284.37210854283,6289.022917232854,19705305.1325276,398.67270013040564,311.58294361154
0.004253325859839538,0.9166666666666667,-0.005,261.6167337636503,34.78490307643787,2.9047034551265605,0.0,261218.7295870422,6289.023482766406,19703966.845239766,398.6668969952275,311.58067588099254
0.004253325859839538,0.9166666666666667,0.005,261.6167337636503,34.784902919600405,2.9047122458608916,0.0,261218.72335676572,6289.0234827684135,19703964.737260584,398.6668874337585,311.5806721445787
0.004253325859839538,0.9166666666666667,0.015,261.6167337636503,34.78490307643787,2.9047034551265605,0.0,261218.7295870422,6289.023482766406,19703966.845239766,398.6668969952275,311.58067588099254
0.004253325859839538,0.9500000000000001,-0.005,261.60655881858054,32.32323841989304,2.7327344403213853,0.0,261133.1493193987,6289.024568836455,19703011.65404459,398.6630777264065,311.57918339036985
0.004253325859839538,0.9500000000000001,0.005,261.60655881858054,32.32323827400423,2.7327393702000937,0.0,261133.14344006556,6289.024568837983,19703009.668357346,398.66306871911297,311.5791798704989
0.004253325859839538,0.9500000000000001,0.015,261.60655881858054,32.32323841989304,2.7327344403213853,0.0,261133.1493193987,6289.024568836455,19703011.65404459,398.6630777264065,311.57918339036985
0.004253325859839538,0.9833333333333334,-0.005,261.5967736033588,27.654274844336157,2.3654988233365235,0.0,260990.51447110888,6289.027415862385,19702147.453560144,398.66050421677556,311.57817771243253
0.004253325859839538,0.9833333333333334,0.005,261.5967736033588,27.654274705860587,2.3655004331717935,0.0,260990.50872671424,6289.027415863084,19702145.51649483,398.6604954293318,311.57817427846345
0.004253325859839538,0.9833333333333334,0.015,261.5967736033588,27.654274844336157,2.3654988233365235,0.0,260990.51447110888,6289.027415862385,19702147.453560144,398.66050421677556,311.57817771243253
0.004253325859839538,1.0166666666666666,-0.005,261.5967735692284,3.6072875944591666e-09,3.0856098498047147e-10,0.0,260990.51446128072,6289.992881162175,19731267.41790947,399.2497283469729,311.808350493746
0.004253325859839538,1.0166666666666666,0.005,261.59677353509795,-27.654274844336157,-2.3654988233365235,0.0,260990.51445145262,6289.027415862367,19702147.446934123,398.6605041867064,311.57817770068215
0.004253325859839538,1.0166666666666666,0.015,261.5967735692284,3.6072875944591666e-09,3.0856098498047147e-10,0.0,260990.51446128072,6289.992881162175,19731267.41790947,399.2497283469729,311.808350493746
0.004978584286322931,-0.016666666666666666,-0.005,264.5827949717391,49.8794130214384,0.0,0.0,262702.2509010237,6289.019199717229,19992258.307083253,399.96528102387174,312.0876436332228
0.004978584286322931,-0.016666666666666666,0.005,264.58279497173913,49.8794130214384,-0.008369401935946286,0.0,262702.2509010237,6289.019199629662,19992258.304405205,399.9652809702947,312.08764361232005
0.004978584286322931,-0.016666666666666666,0.015,264.5827949717391,49.8794130214384,0.0,0.0,262702.2509010237,6289.019199717229,19992258.307083253,399.96528102387174,312.0876436332228
0.004978584286322931,0.016666666666666666,-0.005,264.5827949717391,49.8794130214384,0.008369401935946286,0.0,262702.2509010237,6289.019199629662,19992258.304405205,399.9652809702947,312.08764361232005
0.004978584286322931,0.016666666666666666,0.005,264.5827949717391,49.879412987602414,0.008370641285310619,0.0,262702.2468023277,6289.019199630059,19992256.907086298,399.96527470288845,312.08764116713274
0.004978584286322931,0.016666666666666666,0.015,264.5827949717391,49.8794130214384,0.008369401935946286,0.0,262702.2509010237,6289.019199629662,19992258.304405205,399.9652809702947,312.08764361232005
0.004978584286322931,0.05,-0.005,264.5804058673338,49.63266979627429,0.02460588755985417,0.0,262689.29226071975,6289.019200229477,19992025.66758489,399.9642377710444,312.08723661473346
0.004978584286322931,0.05,0.005,264.5804058673338,49.63266964848317,0.024609744717953054,0.0,262689.2880386226,6289.019200229946,19992024.230082985,399.9642313233754,312.0872340992145
0.004978584286322931,0.05,0.015,264.5804058673338,49.63266979627429,0.02460588755985417,0.0,262689.29226071975,6289.019200229477,19992025.66758489,399.9642377710444,312.08723661473346
0.004978584286322931,0.08333333333333333,-0.005,264.5757833748085,49.378262278067844,0.04076281186221688,0.0,262675.37866761716,6289.019201018204,19991575.560352195,399.962219179122,312.08644907236055
0.004978584286322931,0.08333333333333333,0.005,264.5757833748085,49.37826199408173,0.0407695871406043,0.0,262675.3741719296,6289.019201018802,19991574.03177579,399.9622123228815,312.08644639743324
0.004978584286322931,0.08333333333333333,0.015,264.5757833748085,49.378262278067844,0.04076281186221688,0.0,262675.37866761716,6289.019201018204,19991575.560352195,399.962219179122,312.08644907236055
0.004978584286322931,0.11666666666666667,-0.005,264.56860953986813,49.11566586635816,0.057394041049826164,0.0,262660.39947345393,6289.019202047196,19990877.037079416,399.95908635556884,312.0852268147998
0.004978584286322931,0.11666666666666667,0.005,264.56860953986813,49.115665418440564,0.05740434529824232,0.0,262660.3945028411,6289.019202048014,19990875.349170763,399.95907878453295,312.08522386098707
0.004978584286322931,0.11666666666666667,0.015,264.56860953986813,49.11566586635816,0.057394041049826164,0.0,262660.39947345393,6289.019202047196,19990877.037079416,399.95908635556884,312.0852268147998
0.004978584286322931,0.15,-0.005,264.55831050138323,48.84428944001358,0.07530171337249318,0.0,262644.16853346484,6289.019203415983,19989874.246769458,399.9545887176107,312.083472072432
0.004978584286322931,0.15,0.005,264.55831050138323,48.84428879004797,0.07531658988583412,0.0,262644.16279243364,6289.019203417183,19989872.29930499,399.9545799821307,312.08346866429645
0.004978584286322931,0.15,0.015,264.55831050138323,48.84428944001358,0.07530171337249318,0.0,262644.16853346484,6289.019203415983,19989874.246769458,399.9545887176107,312.083472072432
0.004978584286322931,0.18333333333333332,-0.005,264.5439292727636,48.563460735360465,0.09570345269733652,0.0,262626.38735030114,6289.019205319311,19988474.049855795,399.9483083654603,312.081021792007
0.004978584286322931,0.18333333333333332,0.005,264.5439292727636,48.5634598272672,0.09572457332001716,0.0,262626.3803973569,6289.019205321207,19988471.69306998,399.94829779357707,312.0810176673688
0.004978584286322931,0.18333333333333332,0.015,264.5439292727636,48.563460735360465,0.09570345269733652,0.0,262626.38735030114,6289.019205319311,19988474.049855795,399.9483083654603,312.081021792007
0.004978584286322931,0.21666666666666665,-0.005,264.5239468364404,48.27240625187314,0.1204557733057472,0.0,262606.59327143437,6289.01920814727,19986528.606693026,399.9395819216378,312.07761713657635
0.004978584286322931,0.21666666666666665,0.005,264.5239468364404,48.27240500064358,0.12048568163290027,0.0,262606.5844568252,6289.019208150475,19986525.62019055,399.93956852439146,312.0776119095609
0.004978584286322931,0.21666666666666665,0.015,264.5239468364404,48.27240625187314,0.1204557733057472,0.0,262606.59327143437,6289.01920814727,19986528.606693026,399.9395819216378,312.07761713657635
0.004978584286322931,0.25,-0.005,264.4960621392766,47.97022442297033,0.15232427347559319,0.0,262584.095742746,6289.019212688998,19983813.970408577,399.92740438047184,312.0728659602356
0.004978584286322931,0.25,0.005,264.4960621392766,47.970222700525255,0.1523666321928933,0.0,262584.08414561464,6289.019212694738,19983810.041898254,399.9273867563082,312.0728590839585
0.004978584286322931,0.25,0.015,264.4960621392766,47.97022442297033,0.15232427347559319,0.0,262584.095742746,6289.019212688998,19983813.970408577,399.92740438047184,312.0728659602356
0.004978584286322931,0.2833333333333333,-0.005,264.4569687975084,47.65585171814439,0.19525694742457786,0.0,262557.9114699412,6289.019220520825,19980008.371854283,399.91033144389064,312.0662046798941
0.004978584286322931,0.2833333333333333,0.005,264.4569687975084,47.6558493381524,0.19531670197554715,0.0,262557.8958562135,6289.019220531458,19980003.082928725,399.9103077144751,312.0661954213827
0.004978584286322931,0.2833333333333333,0.015,264.4569687975084,47.65585171814439,0.19525694742457786,0.0,262557.9114699412,6289.019220520825,19980008.371854283,399.91033144389064,312.0662046798941
0.004978584286322931,0.31666666666666665,-0.005,264.40220686395884,47.32802348860914,0.2545675230017374,0.0,262526.72104556474,6289.019234668077,19974677.83676362,399.88641449682234,312.0568728598481
0.004978584286322931,0.31666666666666665,0.005,264.40220686395884,47.328020195430234,0.2546508442289323,0.0,262526.6998804599,6289.019234687875,19974670.667184982,399.88638232551807,312.0568603071876
0.004978584286322931,0.31666666666666665,0.015,264.40220686395884,47.32802348860914,0.2545675230017374,0.0,262526.72104556474,6289.019234668077,19974677.83676362,399.88641449682234,312.0568728598481
0.004978584286322931,0.35,-0.005,264.3262129143914,46.98523478888311,0.3368820301202712,0.0,262488.88257271616,6289.019260555687,19967281.149698764,399.85322193860804,312.0439214560337
0.004978584286322931,0.35,0.005,264.3262129143914,46.985230259305034,0.33699586854535873,0.0,262488.854129276,6289.019260591731,19967271.514182027,399.8531786942013,312.04390458214857
0.004978584286322931,0.35,0.015,264.3262129143914,46.98523478888311,0.3368820301202712,0.0,262488.88257271616,6289.019260555687,19967281.149698764,399.85322193860804,312.0439214560337
0.004978584286322931,0.38333333333333336,-0.005,264.22271922654977,46.62571031190108,0.4496695434004826,0.0,262442.54573275906,6289.019307009177,19957208.849056657,399.8080125550792,312.0262803425798
0.004978584286322931,0.38333333333333336,0.005,264.22271922654977,46.62570418059468,0.449820654022738,0.0,262442.5083311047,6289.019307071806,19957196.178285,399.80795567332706,312.02625814617363
0.004978584286322931,0.38333333333333336,0.015,264.22271922654977,46.62571031190108,0.4496695434004826,0.0,262442.54573275906,6289.019307009177,19957208.849056657,399.8080125550792,312.0262803425798
0.004978584286322931,0.41666666666666674,-0.005,264.0856299856532,46.247394908462596,0.6002055443486356,0.0,262385.90301651024,6289.019386607256,19943868.679722268,399.74811668535926,312.0029068922456
0.004978584286322931,0.41666666666666674,0.005,264.0856299856532,46.24738682641674,0.600398958625735,0.0,262385.8553989261,6289.01938670909,19943852.547348823,399.748044236618,312.0028786191682
0.004978584286322931,0.41666666666666674,0.015,264.0856299856532,46.247394908462596,0.6002055443486356,0.0,262385.90301651024,6289.019386607256,19943868.679722268,399.74811668535926,312.0029068922456
0.004978584286322931,0.45,-0.005,263.91039726560547,45.84797372744544,0.7939403589700974,0.0,262317.5842230028,6289.019514237287,19926819.627496827,399.67153532561935,311.9730196328521
0.004978584286322931,0.45,0.005,263.91039726560547,45.84796345447471,0.7941774979456244,0.0,262317.52601577505,6289.019514389797,19926799.90660535,399.6714467156751,311.9729850495618
0.004978584286322931,0.45,0.015,263.91039726560547,45.84797372744544,0.7939403589700974,0.0,262317.5842230028,6289.019514237287,19926819.627496827,399.67153532561935,311.9730196328521
0.004978584286322931,0.48333333333333334,-0.005,263.6957242785527,45.42492064144688,1.032474271474302,0.0,262237.1437931593,6289.0197028559005,19905937.589547753,399.57768280364064,311.93638808522326
0.004978584286322931,0.48333333333333334,0.005,263.6957242785527,45.42490815877725,1.032751162916464,0.0,262237.0759399144,6289.019703063527,19905914.599633425,399.57757943528827,311.9363477371834
0.004978584286322931,0.48333333333333334,0.015,263.6957242785527,45.42492064144688,1.032474271474302,0.0,262237.1437931593,6289.0197028559005,19905937.589547753,399.57768280364064,311.93638808522326
0.004978584286322931,0.5166666666666667,-0.005,263.4451801050938,44.975554398916124,1.311626681513064,0.0,262145.52063870674,6289.01995686005,19881572.06376052,399.46809337602815,311.8936088261066
0.004978584286322931,0.5166666666666667,0.005,263.4451801050938,44.9755400097276,1.3119329509205027,0.0,262145.4456405803,6289.0199571140765,19881546.652422562,399.46797902319685,311.89356418434375
0.004978584286322931,0.5166666666666667,0.015,263.4451801050938,44.975554398916124,1.311626681513064,0.0,262145.52063870674,6289.01995686005,19881572.06376052,399.46809337602815,311.8936088261066
0.004978584286322931,0.55,-0.005,263.1681202465304,44.49705760545884,1.6203120445400756,0.0,262045.29639883488,6289.020265947176,19854634.91618651,399.34682935512467,311.8462654406522
0.004978584286322931,0.55,0.005,263.1681202465304,44.49704197884118,1.6206313459141934,0.0,262045.21820082248,6289.020266223592,19854608.420857653,399.3467100040404,311.84621884056685
0.004978584286322931,0.55,0.015,263.1681202465304,44.49705760545884,1.6203120445400756,0.0,262045.29639883488,6289.020265947176,19854634.91618651,399.34682935512467,311.8462654406522
0.004978584286322931,0.5833333333333334,-0.005,262.87930640125956,43.986390298507246,1.94094219560017,0.0,261940.57897877783,6289.020604099727,19826562.48136983,399.2203260135848,311.79686888058546
0.004978584286322931,0.5833333333333334,0.005,262.87930640125956,43.9863743641354,1.9412544198562491,0.0,261940.5024220881,6289.020604364663,19826536.544344794,399.2202090462159,311.79682320397575
0.004978584286322931,0.5833333333333334,0.015,262.87930640125956,43.986390298507246,1.94094219560017,0.0,261940.57897877783,6289.020604099727,19826562.48136983,399.2203260135848,311.79686888058546
0.004978584286322931,0.6166666666666667,-0.005,262.5969102387555,43.439893235050974,2.2517316044887172,0.0,261836.41674592168,6289.020936959312,19799120.844274286,399.09653169095316,311.74852255100376
0.004978584286322931,0.6166666666666667,0.005,262.5969102387555,43.43987786038691,2.2520165773589,0.0,261836.34665919366,6289.020937181168,19799097.106388576,399.0964245159221,311.748480691883
0.004978584286322931,0.6166666666666667,0.015,262.5969102387555,43.439893235050974,2.2517316044887172,0.0,261836.41674592168,6289.020936959312,19799120.844274286,399.09653169095316,311.74852255100376
0.004978584286322931,0.65,-0.005,262.3391553209768,42.853045319696065,2.530647075791895,0.0,261737.8389250511,6289.021234762273,19774079.453560635,398.9834460689366,311.7043518172336
0.004978584286322931,0.65,0.005,262.3391553209768,42.853031728580966,2.5308887989636237,0.0,261737.77913908017,6289.021234923141,19774059.20986321,398.9833545666053,311.70431607430146
0.004978584286322931,0.65,0.015,262.3391553209768,42.853045319696065,2.530647075791895,0.0,261737.8389250511,6289.021234762273,19774079.453560635,398.9834460689366,311.7043518172336
0.004978584286322931,0.6833333333333333,-0.005,262.12050268731514,42.21987389007957,2.7599143411963682,0.0,261648.75724985098,6289.021484155173,19752841.170557212,398.8874463014437,311.6668498283726
0.004978584286322931,0.6833333333333333,0.005,262.12050268731514,42.2198629676906,2.760104245880376,0.0,261648.70979436414,6289.021484255807,19752825.10480202,398.88737361013625,311.6668214300462
0.004978584286322931,0.6833333333333333,0.015,262.12050268731514,42.21987389007957,2.7599143411963682,0.0,261648.75724985098,6289.021484155173,19752841.170557212,398.8874463014437,311.6668498283726
0.004978584286322931,0.7166666666666668,-0.005,261.94868189109286,41.53160421007487,2.92949681541253,0.0,261571.07944111753,6289.021691449367,19736154.824689373,398.81197095095325,311.6373624657315
0.004978584286322931,0.7166666666666668,0.005,261.94868189109286,41.53159620661949,2.9296348571124975,0.0,261571.04428011557,6289.021691503932,19736142.922495905,398.8119170533284,311.63734140754434
0.004978584286322931,0.7166666666666668,0.015,261.94868189109286,41.53160421007487,2.92949681541253,0.0,261571.07944111753,6289.021691449367,19736154.824689373,398.81197095095325,311.6373624657315
0.004978584286322931,0.7499999999999999,-0.005,261.8236965113557,40.77544203946321,3.0382245112844495,0.0,261504.3930813308,6289.021876536621,19724019.364083234,398.7570651566786,311.615909641944
0.004978584286322931,0.7499999999999999,0.005,261.8236965113557,40.77543672536707,3.038317725738987,0.0,261504.36847369597,6289.021876562875,19724011.034039784,398.75702741142914,311.6158948935902
0.004978584286322931,0.7499999999999999,0.015,261.8236965113557,40.77544203946321,3.0382245112844495,0.0,261504.3930813308,6289.021876536621,19724019.364083234,398.7570651566786,311.615909641944
0.004978584286322931,0.7833333333333332,-0.005,261.73914652853466,39.93267075569723,3.092084407575453,0.0,261446.28584257176,6289.02206399575,19715812.54905539,398.71994874572,311.60140665964
0.004978584286322931,0.7833333333333332,0.005,261.73914652853466,39.93266757416392,3.0921436496141754,0.0,261446.26912784268,6289.022064007665,19715806.889627345,398.71992309052195,311.6013966348144
0.004978584286322931,0.7833333333333332,0.015,261.73914652853466,39.93267075569723,3.092084407575453,0.0,261446.28584257176,6289.02206399575,19715812.54905539,398.71994874572,311.60140665964
0.004978584286322931,0.8166666666666667,-0.005,261.68518061874323,38.975347252177066,3.1004137563038006,0.0,261393.0897097027,6289.022278580793,19710577.58179821,398.69631158000607,311.59217024787785
0.004978584286322931,0.8166666666666667,0.005,261.68518061874323,38.97534553932931,3.1004501230130304,0.0,261393.07816801858,6289.022278586516,19710573.67253574,398.6962938537786,311.59216332110987
0.004978584286322931,0.8166666666666667,0.015,261.68518061874323,38.975347252177066,3.1004137563038006,0.0,261393.0897097027,6289.022278580793,19710577.58179821,398.69631158000607,311.59217024787785
0.004978584286322931,0.85,-0.005,261.6517202891814,37.85972042990094,3.0714558604392037,0.0,261340.61381755598,6289.0225483185095,19707336.107445206,398.6817378252724,311.586475300078
0.004978584286322931,0.85,0.005,261.6517202891814,37.85971960130873,3.0714781909621123,0.0,261340.60527016144,6289.022548321832,19707333.211774535,398.68172469297946,311.5864701683595
0.004978584286322931,0.85,0.015,261.6517202891814,37.85972042990094,3.0714558604392037,0.0,261340.61381755598,6289.0225483185095,19707336.107445206,398.6817378252724,311.586475300078
0.004978584286322931,0.8833333333333333,-0.005,261.63069273394086,36.51129585522099,3.0083474399501036,0.0,261284.37247298926,6289.022917232752,19705305.23871929,398.6727006120488,311.5829437997542
0.004978584286322931,0.8833333333333333,0.005,261.63069273394086,36.51129549408967,3.0083614646715624,0.0,261284.36548525994,6289.022917235168,19705302.872129522,398.67268987821177,311.5829396052351
0.004978584286322931,0.8833333333333333,0.015,261.63069273394086,36.51129585522099,3.0083474399501036,0.0,261284.37247298926,6289.022917232752,19705305.23871929,398.6727006120488,311.5829437997542
0.004978584286322931,0.9166666666666666,-0.005,261.6167350954674,34.78490511116595,2.9047029018515467,0.0,261218.73003948343,6289.023482766362,19703966.974492405,398.6668975815348,311.5806761101087
0.004978584286322931,0.9166666666666666,0.005,261.6167350954674,34.78490495503496,2.904711692401837,0.0,261218.72380935607,6289.02348276837,19703964.866555404,398.6668880202572,311.5806723737697
0.004978584286322931,0.9166666666666666,0.015,261.6167350954674,34.78490511116595,2.9047029018515467,0.0,261218.73003948343,6289.023482766362,19703966.974492405,398.6668975815348,311.5806761101087
0.004978584286322931,0.95,-0.005,261.60656032425914,32.32324100519464,2.732734132790989,0.0,261133.1498354618,6289.024568836444,19703011.800171968,398.66307838930476,311.57918364941725
0.004978584286322931,0.95,0.005,261.60656032425914,32.32324086018597,2.732739062576481,0.0,261133.14395629324,6289.024568837974,19703009.81453071,398.6630693822199,311.57918012962784
0.004978584286322931,0.95,0.015,261.60656032425914,32.32324100519464,2.732734132790989,0.0,261133.1498354618,6289.024568836444,19703011.800171968,398.66307838930476,311.57918364941725
0.004978584286322931,0.9833333333333333,-0.005,261.59677517058816,27.65427768769705,2.36549883094071,0.0,260990.5150010654,6289.027415862972,19702147.605679158,398.6605049071622,311.57817798222277
0.004978584286322931,0.9833333333333333,0.005,261.59677517058816,27.654277550175017,2.365500440787676,0.0,260990.50925683582,6289.0274158636685,19702145.668660603,398.6604961199306,311.5781745483366
0.004978584286322931,0.9833333333333333,0.015,261.59677517058816,27.65427768769705,2.36549883094071,0.0,260990.5150010654,6289.027415862972,19702147.605679158,398.6605049071622,311.57817798222277
0.004978584286322931,1.0166666666666666,-0.005,261.59677517264186,-2.1693939474299855e-10,-1.8556474598807844e-11,0.0,260990.51500165678,6289.992881358055,19731267.57966525,399.24972917361214,311.8083508165427
0.004978584286322931,1.0166666666666666,0.005,261.59677517469555,-27.654277687696865,-2.365498830940694,0.0,260990.5150022481,6289.027415862973,19702147.606077824,398.66050490897146,311.57817798292984
0.004978584286322931,1.0166666666666666,0.015,261.59677517264186,-2.1693939474299855e-10,-1.8556474598807844e-11,0.0,260990.51500165678,6289.992881358055,19731267.57966525,399.24972917361214,311.8083508165427
0.005703842712806326,-0.016666666666666666,-0.005,264.5827831413215,49.87939506271608,0.0,0.0,262702.2466278892,6289.019199717086,19992257.15525764,399.96527585735566,312.0876416175405
0.005703842712806326,-0.016666666666666666,0.005,264.5827831413215,49.87939506271608,-0.008368478883332123,0.0,262702.2466278892,6289.019199629539,19992257.152580183,399.9652758037904,312.0876415966424
0.005703842712806326,-0.016666666666666666,0.015,264.5827831413215,49.87939506271608,0.0,0.0,262702.2466278892,6289.019199717086,19992257.15525764,399.96527585735566,312.0876416175405
0.005703842712806326,0.016666666666666666,-0.005,264.5827831413215,49.87939506271608,0.008368478883332123,0.0,262702.2466278892,6289.019199629539,19992257.152580183,399.9652758037904,312.0876415966424
0.005703842712806326,0.016666666666666666,0.005,264.5827831413215,49.87939502162648,0.00836971785943361,0.0,262702.2425275235,6289.019199629935,19992255.75481529,399.9652695343833,312.0876391506745
0.005703842712806326,0.016666666666666666,0.015,264.5827831413215,49.87939506271608,0.008368478883332123,0.0,262702.2466278892,6289.019199629539,19992257.152580183,399.9652758037904,312.0876415966424
0.005703842712806326,0.05000000000000001,-0.005,264.58039490381793,49.63265448044484,0.024603475814153054,0.0,262689.28837062884,6289.0192002293925,19992024.60017131,399.96423298313766,312.08723474676077
0.005703842712806326,0.05000000000000001,0.005,264.58039490381793,49.63265432640965,0.02460733199069345,0.0,262689.28414699476,6289.019200229862,19992023.162251033,399.9642265335918,312.0872322305096
0.005703842712806326,0.05000000000000001,0.015,264.58039490381793,49.63265448044484,0.024603475814153054,0.0,262689.28837062884,6289.0192002293925,19992024.60017131,399.96423298313766,312.08723474676077
0.005703842712806326,0.08333333333333333,-0.005,264.57577361007577,49.378249674003264,0.04075955185948712,0.0,262675.37525747274,6289.019201018142,19991574.6096654,399.9622149147278,312.0864474086289
0.005703842712806326,0.08333333333333333,0.005,264.57577361007577,49.378249384806836,0.04076632577570809,0.0,262675.37076041335,6289.01920101874,19991573.08070895,399.9622080567824,312.08644473303633
0.005703842712806326,0.08333333333333333,0.015,264.57577361007577,49.378249674003264,0.04075955185948712,0.0,262675.37525747274,6289.019201018142,19991574.6096654,399.9622149147278,312.0864474086289
0.005703842712806326,0.11666666666666668,-0.005,264.5686011395702,49.11565582835021,0.05739044022610594,0.0,262660.39658207784,6289.019202047145,19990876.219247594,399.95908268700964,312.08522538352446
0.005703842712806326,0.11666666666666668,0.005,264.5686011395702,49.11565537621149,0.05740074292538714,0.0,262660.3916102747,6289.0192020479635,19990874.531003814,399.9590751144702,312.08522242912517
0.005703842712806326,0.11666666666666668,0.015,264.5686011395702,49.11565582835021,0.05739044022610594,0.0,262660.39658207784,6289.019202047145,19990876.219247594,399.95908268700964,312.08522538352446
0.005703842712806326,0.15,-0.005,264.5583034995279,48.84428169197363,0.07529814368491823,0.0,262644.1661557918,6289.019203415912,19989873.56510141,399.95458565971046,312.08347087939643
0.005703842712806326,0.15,0.005,264.5583034995279,48.84428103868579,0.07531301861424769,0.0,262644.16041375493,6289.019203417112,19989871.617349453,399.9545769229406,312.08346747075757
0.005703842712806326,0.15,0.015,264.5583034995279,48.84428169197363,0.07529814368491823,0.0,262644.1661557918,6289.019203415912,19989873.56510141,399.95458565971046,312.08347087939643
0.005703842712806326,0.18333333333333332,-0.005,264.5439236064187,48.563454936351164,0.09570016166096515,0.0,262626.38545064104,6289.019205319248,19988473.498222884,399.9483058907483,312.0810208264939
0.005703842712806326,0.18333333333333332,0.005,264.5439236064187,48.56345402571778,0.09572128077556617,0.0,262626.3784968686,6289.019205321142,19988471.141196843,399.94829531778726,312.0810167014352
0.005703842712806326,0.18333333333333332,0.015,264.5439236064187,48.563454936351164,0.09570016166096515,0.0,262626.38545064104,6289.019205319248,19988473.498222884,399.9483058907483,312.0810208264939
0.005703842712806326,0.21666666666666667,-0.005,264.5239423781205,48.27240204444283,0.12045290314932705,0.0,262606.5917950949,6289.019208147207,19986528.172680248,399.9395799744353,312.0776163768637
0.005703842712806326,0.21666666666666667,0.005,264.5239423781205,48.27240079132761,0.12048281011711758,0.0,262606.58297982014,6289.019208150412,19986525.185981996,399.9395665763104,312.0776111495055
0.005703842712806326,0.21666666666666667,0.015,264.5239423781205,48.27240204444283,0.12045290314932705,0.0,262606.5917950949,6289.019208147207,19986528.172680248,399.9395799744353,312.0776163768637
0.005703842712806326,0.25,-0.005,264.49605872507317,47.97022146634333,0.15232188396919266,0.0,262584.0946257021,6289.019212688929,19983813.63805484,399.9274028891972,312.0728653783971
0.005703842712806326,0.25,0.005,264.49605872507317,47.97021974254049,0.152364241515945,0.0,262584.0830280481,6289.019212694669,19983809.709388718,399.9273852643341,312.07285850184707
0.005703842712806326,0.25,0.015,264.49605872507317,47.97022146634333,0.15232188396919266,0.0,262584.0946257021,6289.019212688929,19983813.63805484,399.9274028891972,312.0728653783971
0.005703842712806326,0.2833333333333333,-0.005,264.4569662499098,47.655849708698085,0.19525503895354646,0.0,262557.9106463295,6289.01922052076,19980008.12387494,399.9103303310339,312.0662042456905
0.005703842712806326,0.2833333333333333,0.005,264.4569662499098,47.655847327759055,0.19531479253669612,0.0,262557.8950322004,6289.019220531392,19980002.834828075,399.9103066010737,312.0661949869666
0.005703842712806326,0.2833333333333333,0.015,264.4569662499098,47.655849708698085,0.19525503895354646,0.0,262557.9106463295,6289.01922052076,19980008.12387494,399.9103303310339,312.0662042456905
0.005703842712806326,0.31666666666666665,-0.005,264.40220500894577,47.328022170229616,0.25456605748837163,0.0,262526.72045301355,6289.019234668005,19974677.656213883,399.88641368638963,312.056872543632
0.005703842712806326,0.31666666666666665,0.005,264.40220500894577,47.32801887641193,0.25464937794503484,0.0,262526.6992876062,6289.019234687804,19974670.486542575,399.8863815146694,312.0568599908091
0.005703842712806326,0.31666666666666665,0.015,264.40220500894577,47.328022170229616,0.25456605748837163,0.0,262526.72045301355,6289.019234668005,19974677.656213883,399.88641368638963,312.056872543632
0.005703842712806326,0.3499999999999999,-0.005,264.3262115929841,46.98523395575035,0.3368809483544558,0.0,262488.8821557531,6289.019260555633,19967281.02109968,399.853221361199,312.0439212307298
0.005703842712806326,0.3499999999999999,0.005,264.3262115929841,46.98522942575639,0.3369947861879588,0.0,262488.85371208796,6289.019260591677,19967271.385513112,399.85317811647843,312.0439043567222
0.005703842712806326,0.3499999999999999,0.015,264.3262115929841,46.98523395575035,0.3368809483544558,0.0,262488.8821557531,6289.019260555633,19967281.02109968,399.853221361199,312.0439212307298
0.005703842712806326,0.38333333333333336,-0.005,264.22271830153426,46.6257098060302,0.44966877816434025,0.0,262442.5454445384,6289.019307009139,19957208.759047925,399.80801215078213,312.026280184815
0.005703842712806326,0.38333333333333336,0.005,264.22271830153426,46.62570367446305,0.44981988834830944,0.0,262442.5080427179,6289.019307071768,19957196.088223968,399.8079552687949,312.02625798831696
0.005703842712806326,0.38333333333333336,0.015,264.22271830153426,46.6257098060302,0.44966877816434025,0.0,262442.5454445384,6289.019307009139,19957208.759047925,399.80801215078213,312.026280184815
0.005703842712806326,0.4166666666666667,-0.005,264.085629344368,46.247394614016244,0.6002050293763223,0.0,262385.9028193105,6289.019386607254,19943868.617335096,399.7481164049973,312.00290678283454
0.005703842712806326,0.4166666666666667,0.005,264.085629344368,46.247386531813305,0.6003984433399371,0.0,262385.8552016031,6289.019386709088,19943852.48492232,399.748043956079,312.00287850968806
0.005703842712806326,0.4166666666666667,0.015,264.085629344368,46.247394614016244,0.6002050293763223,0.0,262385.9028193105,6289.019386607254,19943868.617335096,399.7481164049973,312.00290678283454
0.005703842712806326,0.45,-0.005,263.91039681989196,45.8479735634324,0.7939400342549267,0.0,262317.5840877929,6289.019514237285,19926819.584146842,399.6715351306799,311.97301955676977
0.005703842712806326,0.45,0.005,263.91039681989196,45.847963290371034,0.7941771730137055,0.0,262317.52588047227,6289.019514389796,19926799.863225304,399.6714465206002,311.97298497342666
0.005703842712806326,0.45,0.015,263.91039681989196,45.8479735634324,0.7939400342549267,0.0,262317.5840877929,6289.019514237285,19926819.584146842,399.6715351306799,311.97301955676977
0.005703842712806326,0.48333333333333334,-0.005,263.69572396272844,45.42492055405019,1.0324740857172305,0.0,262237.1436986686,6289.019702855933,19905937.558841214,399.57768266546015,311.93638803128687
0.005703842712806326,0.48333333333333334,0.005,263.69572396272844,45.4249080713307,1.0327509770139558,0.0,262237.0758453518,6289.019703063559,19905914.56890334,399.57757929700153,311.93634768320555
0.005703842712806326,0.48333333333333334,0.015,263.69572396272844,45.42492055405019,1.0324740857172305,0.0,262237.1436986686,6289.019702855933,19905937.558841214,399.57768266546015,311.93638803128687
0.005703842712806326,0.5166666666666667,-0.005,263.44517987285275,44.97555435430216,1.3116265926255906,0.0,262145.52057012497,6289.0199568600865,19881572.041188665,399.4680932743631,311.893608786418
0.005703842712806326,0.5166666666666667,0.005,263.44517987285275,44.97553996508771,1.3119328619374477,0.0,262145.44557194144,6289.019957114111,19881546.629831787,399.4679789214465,311.8935641446218
0.005703842712806326,0.5166666666666667,0.015,263.44517987285275,44.97555435430216,1.3116265926255906,0.0,262145.52057012497,6289.0199568600865,19881572.041188665,399.4680932743631,311.893608786418
0.005703842712806326,0.55,-0.005,263.16812006719715,44.497057583610115,1.6203120190789824,0.0,262045.29634647875,6289.020265947233,19854634.898763858,399.3468292765833,311.8462654099861
0.005703842712806326,0.55,0.005,263.16812006719715,44.49704195697999,1.6206313203905196,0.0,262045.21814842022,6289.02026622365,19854608.403419573,399.34670992542954,311.8462188098735
0.005703842712806326,0.55,0.015,263.16812006719715,44.497057583610115,1.6203120190789824,0.0,262045.29634647875,6289.020265947233,19854634.898763858,399.3468292765833,311.8462654099861
0.005703842712806326,0.5833333333333334,-0.005,262.87930625592963,43.98639028833268,1.9409422078307288,0.0,261940.57893671858,6289.0206040997855,19826562.467255566,399.22032594989304,311.7968688557134
0.005703842712806326,0.5833333333333334,0.005,262.87930625592963,43.9863743539556,1.9412544320450462,0.0,261940.50237999138,6289.020604364721,19826536.530217953,399.22020898246734,311.7968231790814
0.005703842712806326,0.5833333333333334,0.015,262.87930625592963,43.98639028833268,1.9409422078307288,0.0,261940.57893671858,6289.0206040997855,19826562.467255566,399.22032594989304,311.7968688557134
0.005703842712806326,0.6166666666666667,-0.005,262.59691011654957,43.43989323076853,2.2517316354992682,0.0,261836.41671076926,6289.020936959368,19799120.832409155,399.0965316373565,311.74852253007066
0.005703842712806326,0.6166666666666667,0.005,262.59691011654957,43.43987785610297,2.2520166083405964,0.0,261836.34662401138,6289.0209371812225,19799097.094513405,399.09642446227997,311.7484806709321
0.005703842712806326,0.6166666666666667,0.015,262.59691011654957,43.43989323076853,2.2517316354992682,0.0,261836.41671076926,6289.020936959368,19799120.832409155,399.0965316373565,311.74852253007066
0.005703842712806326,0.65,-0.005,262.3391552157603,42.85304531850031,2.5306471127824013,0.0,261737.83889489854,6289.021234762306,19774079.443346594,398.98344602274597,311.7043517991905
0.005703842712806326,0.65,0.005,262.3391552157603,42.85303172738552,2.5308888359337383,0.0,261737.77910890462,6289.021234923173,19774059.199641414,398.9833545203795,311.7043160562446
0.005703842712806326,0.65,0.015,262.3391552157603,42.85304531850031,2.5306471127824013,0.0,261737.83889489854,6289.021234762306,19774079.443346594,398.98344602274597,311.7043517991905
0.005703842712806326,0.6833333333333333,-0.005,262.12050259510517,42.21987389064826,2.7599143767977172,0.0,261648.75722349307,6289.021484155205,19752841.161606986,398.88744626093563,311.66684981254735
0.005703842712806326,0.6833333333333333,0.005,262.12050259510517,42.21986296826033,2.7601042814677674,0.0,261648.70976798917,6289.021484255838,19752825.09584604,398.8873735696022,311.66682141421074
0.005703842712806326,0.6833333333333333,0.015,262.12050259510517,42.21987389064826,2.7599143767977172,0.0,261648.75722349307,6289.021484155205,19752841.161606986,398.88744626093563,311.66684981254735
0.005703842712806326,0.7166666666666667,-0.005,261.9486818083933,41.531604211541904,2.9294968468133407,0.0,261571.0794175008,6289.021691449377,19736154.816662278,398.8119709145916,311.6373624515247
0.005703842712806326,0.7166666666666667,0.005,261.9486818083933,41.53159620808759,2.9296348885050896,0.0,261571.04425648652,6289.021691503944,19736142.914464653,398.8119170169479,311.63734139333025
0.005703842712806326,0.7166666666666667,0.015,261.9486818083933,41.531604211541904,2.9294968468133407,0.0,261571.0794175008,6289.021691449377,19736154.816662278,398.8119709145916,311.6373624515247
0.005703842712806326,0.7499999999999999,-0.005,261.82369643432367,40.775442040722396,3.038224539025505,0.0,261504.393059318,6289.021876536637,19724019.356606614,398.7570651227971,311.61590962870537
0.005703842712806326,0.7499999999999999,0.005,261.82369643432367,40.775436726626744,3.038317753477318,0.0,261504.36845167427,6289.021876562892,19724011.02656014,398.757027377534,311.6158948803463
0.005703842712806326,0.7499999999999999,0.015,261.82369643432367,40.775442040722396,3.038224539025505,0.0,261504.393059318,6289.021876536637,19724019.356606614,398.7570651227971,311.61590962870537
0.005703842712806326,0.7833333333333333,-0.005,261.7391464528989,39.93267075468829,3.0920844340325893,0.0,261446.28582085297,6289.02206399575,19715812.54171387,398.7199487124322,311.60140664663277
0.005703842712806326,0.7833333333333333,0.005,261.7391464528989,39.93266757315394,3.0921436760737326,0.0,261446.26910611682,6289.022064007665,19715806.882283457,398.7199230572234,311.6013966218029
0.005703842712806326,0.7833333333333333,0.015,261.7391464528989,39.93267075468829,3.0920844340325893,0.0,261446.28582085297,6289.02206399575,19715812.54171387,398.7199487124322,311.60140664663277
0.005703842712806326,0.8166666666666667,-0.005,261.6851805400747,38.975347245130045,3.1004137840478174,0.0,261393.08968687634,6289.022278580791,19710577.574162383,398.6963115453761,311.5921702343457
0.005703842712806326,0.8166666666666667,0.005,261.6851805400747,38.97534553227826,3.1004501507639066,0.0,261393.07814518575,6289.0222785865135,19710573.66489779,398.696293819139,311.5921633075739
0.005703842712806326,0.8166666666666667,0.015,261.6851805400747,38.975347245130045,3.1004137840478174,0.0,261393.08968687634,6289.022278580791,19710577.574162383,398.6963115453761,311.5921702343457
0.005703842712806326,0.85,-0.005,261.6517202033729,37.85972041081952,3.0714558907115075,0.0,261340.61379222712,6289.022548318497,19707336.099116176,398.68173778748854,311.58647528531316
0.005703842712806326,0.85,0.005,261.6517202033729,37.859719582217934,3.0714782212445293,0.0,261340.60524482586,6289.022548321818,19707333.20344334,398.68172465518575,311.5864701535908
0.005703842712806326,0.85,0.015,261.6517202033729,37.85972041081952,3.0714558907115075,0.0,261340.61379222712,6289.022548318497,19707336.099116176,398.68173778748854,311.58647528531316
0.005703842712806326,0.8833333333333332,-0.005,261.6306926377655,36.511295816217164,3.0083474714992717,0.0,261284.37244397856,6289.022917232746,19705305.229384463,398.672700569703,311.58294378320653
0.005703842712806326,0.8833333333333332,0.005,261.6306926377655,36.511295455068066,3.008361496232318,0.0,261284.3654562414,6289.022917235163,19705302.862792276,398.6726898358549,311.5829395886831
0.005703842712806326,0.8833333333333332,0.015,261.6306926377655,36.511295816217164,3.0083474714992717,0.0,261284.37244397856,6289.022917232746,19705305.229384463,398.672700569703,311.58294378320653
0.005703842712806326,0.9166666666666666,-0.005,261.61673498735126,34.784905044444834,2.9047029304371277,0.0,261218.73000612744,6289.02348276636,19703966.96399889,398.6668975339319,311.5806760915065
0.005703842712806326,0.9166666666666666,0.005,261.61673498735126,34.78490488828476,2.904711720998045,0.0,261218.72377599098,6289.023482768367,19703964.856059138,398.6668879726418,311.5806723551626
0.005703842712806326,0.9166666666666666,0.015,261.61673498735126,34.784905044444834,2.9047029304371277,0.0,261218.73000612744,6289.02348276636,19703966.96399889,398.6668975339319,311.5806760915065
0.005703842712806326,0.95,-0.005,261.60656020523436,32.32324090713683,2.732734151792755,0.0,261133.14979808027,6289.024568836429,19703011.788619444,398.6630783368896,311.57918362893446
0.005703842712806326,0.95,0.005,261.60656020523436,32.32324076208654,2.7327390815850356,0.0,261133.14391890136,6289.024568837957,19703009.802975126,398.6630693297909,311.5791801091396
0.005703842712806326,0.95,0.015,261.60656020523436,32.32324090713683,2.732734151792755,0.0,261133.14979808027,6289.024568836429,19703011.788619444,398.6630783368896,311.57918362893446
0.005703842712806326,0.9833333333333333,-0.005,261.5967750451999,27.654277564147026,2.3654988335658937,0.0,260990.51496152274,6289.027415862866,19702147.59350642,398.6605048518891,311.5781779606231
0.005703842712806326,0.9833333333333333,0.005,261.5967750451999,27.65427742657322,2.3655004434132567,0.0,260990.50921728212,6289.027415863563,19702145.65648462,398.66049606464276,311.5781745267311
0.005703842712806326,0.9833333333333333,0.015,261.5967750451999,27.654277564147026,2.3654988335658937,0.0,260990.51496152274,6289.027415862866,19702147.59350642,398.6605048518891,311.5781779606231
0.005703842712806326,1.0166666666666666,-0.005,261.59677504493516,2.8072648862259203e-11,2.4013162005141686e-12,0.0,260990.51496144646,6289.992881349542,19731267.566995423,399.24972911210045,311.8083507925228
0.005703842712806326,1.0166666666666666,0.005,261.59677504467044,-27.65427756414684,-2.3654988335658778,0.0,260990.51496137012,6289.027415862866,19702147.59345501,398.6605048516556,311.5781779605319
0.005703842712806326,1.0166666666666666,0.015,261.59677504493516,2.8072648862259203e-11,2.4013162005141686e-12,0.0,260990.51496144646,6289.992881349542,19731267.566995423,399.24972911210045,311.8083507925228
0.006429101139289717,-0.016666666666666666,-0.005,264.58278169880793,49.87939291872923,-8.392254078477856e-19,0.0,262702.24610916816,6289.019199717074,19992257.014822368,399.9652752274355,312.08764137178133
0.006429101139289717,-0.016666666666666666,0.005,264.5827816988079,49.87939291872924,-0.008368365307231925,0.0,262702.24610916816,6289.019199629529,19992257.012144987,399.96527517387176,312.08764135088376
0.006429101139289717,-0.016666666666666666,0.015,264.58278169880793,49.87939291872923,-8.392254078477856e-19,0.0,262702.24610916816,6289.019199717074,19992257.014822368,399.9652752274355,312.08764137178133
0.006429101139289717,0.016666666666666666,-0.005,264.58278169880793,49.87939291872922,0.008368365307231923,0.0,262702.24610916816,6289.019199629529,19992257.012144983,399.96527517387176,312.0876413508838
0.006429101139289717,0.016666666666666666,0.005,264.58278169880793,49.87939287663451,0.008369604229763312,0.0,262702.2420085646,6289.019199629926,19992255.614316065,399.96526890417755,312.08763890480384
0.006429101139289717,0.016666666666666666,0.015,264.58278169880793,49.87939291872922,0.008368365307231923,0.0,262702.24610916816,6289.019199629529,19992257.012144983,399.96527517387176,312.0876413508838
0.006429101139289717,0.05,-0.005,264.5803935829054,49.63265267535772,0.024603183105446128,0.0,262689.28790396545,6289.01920022939,19992024.471575778,399.96423240632333,312.0872345217201
0.006429101139289717,0.05,0.005,264.5803935829054,49.63265252046814,0.024607039143191328,0.0,262689.28368011484,6289.019200229859,19992023.033596136,399.9642259565111,312.087232005365
0.006429101139289717,0.05,0.015,264.5803935829054,49.63265267535772,0.024603183105446128,0.0,262689.28790396545,6289.01920022939,19992024.471575778,399.96423240632333,312.0872345217201
0.006429101139289717,0.08333333333333333,-0.005,264.57577245480866,49.37824821768805,0.040759165200544935,0.0,262675.3748557624,6289.019201018132,19991574.49719743,399.9622144102409,312.0864472118059
0.006429101139289717,0.08333333333333333,0.005,264.57577245480866,49.37824792779234,0.040765938928817934,0.0,262675.370358513,6289.019201018729,19991572.968187988,399.96220755205775,312.08644453612055
0.006429101139289717,0.08333333333333333,0.015,264.57577245480866,49.37824821768805,0.040759165200544935,0.0,262675.3748557624,6289.019201018132,19991574.49719743,399.9622144102409,312.0864472118059
0.006429101139289717,0.11666666666666667,-0.005,264.5686001679591,49.11565469719915,0.057390024972550406,0.0,262660.3962491406,6289.019202047145,19990876.124661133,399.95908226272456,312.0852252179912
0.006429101139289717,0.11666666666666667,0.005,264.5686001679591,49.11565424450762,0.05740032746428337,0.0,262660.3912771762,6289.0192020479635,19990874.43637162,399.95907468998,312.0852222635118
0.006429101139289717,0.11666666666666667,0.015,264.5686001679591,49.11565469719915,0.057390024972550406,0.0,262660.3962491406,6289.019202047145,19990876.124661133,399.95908226272456,312.0852252179912
0.006429101139289717,0.15,-0.005,264.5583027101847,48.844280843895746,0.07529774526421187,0.0,262644.16588900896,6289.019203415911,19989873.48826077,399.9545853150138,312.0834707449135
0.006429101139289717,0.15,0.005,264.5583027101847,48.844280190185025,0.07531261998836586,0.0,262644.1601468391,6289.019203417111,19989871.540470492,399.9545765780721,312.08346733620755
0.006429101139289717,0.15,0.015,264.5583027101847,48.844280843895746,0.07529774526421187,0.0,262644.16588900896,6289.019203415911,19989873.48826077,399.9545853150138,312.0834707449135
0.006429101139289717,0.18333333333333332,-0.005,264.54392298480354,48.56345432176946,0.09569980792911453,0.0,262626.38524330687,6289.019205319243,19988473.437712107,399.94830561928825,312.0810207205833
0.006429101139289717,0.18333333333333332,0.005,264.54392298480354,48.56345341082284,0.09572092685571411,0.0,262626.3782894274,6289.019205321137,19988471.08065475,399.94829504618673,312.0810165954698
0.006429101139289717,0.18333333333333332,0.015,264.54392298480354,48.56345432176946,0.09569980792911453,0.0,262626.38524330687,6289.019205319243,19988473.437712107,399.94830561928825,312.0810207205833
0.006429101139289717,0.21666666666666667,-0.005,264.52394190195594,48.27240161377191,0.12045260798223895,0.0,262606.5916383296,6289.019208147193,19986528.12633006,399.939579766481,312.0776162957291
0.006429101139289717,0.21666666666666667,0.005,264.52394190195594,48.27240036043194,0.12048251478781984,0.0,262606.5828229703,6289.0192081503965,19986525.139606714,399.9395663682434,312.0776110683269
0.006429101139289717,0.21666666666666667,0.015,264.52394190195594,48.27240161377191,0.12045260798223895,0.0,262606.5916383296,6289.019208147193,19986528.12633006,399.939579766481,312.0776162957291
0.006429101139289717,0.25,-0.005,264.49605836864424,47.97022117456294,0.1523216511812595,0.0,262584.0945099127,6289.019212688929,19983813.603362277,399.9274027335343,312.07286531766334
0.006429101139289717,0.25,0.005,264.49605836864424,47.97021945060397,0.15236400859530816,0.0,262584.0829121929,6289.019212694669,19983809.67467628,399.9273851085821,312.0728584410786
0.006429101139289717,0.25,0.015,264.49605836864424,47.97022117456294,0.1523216511812595,0.0,262584.0945099127,6289.019212688929,19983813.603362277,399.9274027335343,312.07286531766334
0.006429101139289717,0.2833333333333333,-0.005,264.4569659872283,47.65584951768318,0.19525486592942978,0.0,262557.91056219395,6289.019220520757,19980008.098309323,399.9103302163046,312.06620420092656
0.006429101139289717,0.2833333333333333,0.005,264.4569659872283,47.65584713663921,0.19531461940951567,0.0,262557.8949480135,6289.01922053139,19980002.809246656,399.91030648627356,312.066194942175
0.006429101139289717,0.2833333333333333,0.015,264.4569659872283,47.65584951768318,0.19525486592942978,0.0,262557.91056219395,6289.019220520757,19980008.098309323,399.9103302163046,312.06620420092656
0.006429101139289717,0.31666666666666665,-0.005,264.4022048158086,47.32802204947403,0.25456593815997325,0.0,262526.7203921241,6289.0192346680105,19974677.637419343,399.88641360203326,312.0568725107176
0.006429101139289717,0.31666666666666665,0.005,264.4022048158086,47.32801875558811,0.2546492585409592,0.0,262526.6992266757,6289.019234687809,19974670.467735168,399.8863814302551,312.0568599578722
0.006429101139289717,0.31666666666666665,0.015,264.4022048158086,47.32802204947403,0.25456593815997325,0.0,262526.7203921241,6289.0192346680105,19974677.637419343,399.88641360203326,312.0568725107176
0.006429101139289717,0.35,-0.005,264.3262114481991,46.98523388203512,0.33688087535174555,0.0,262488.8821109209,6289.019260555636,19967281.007012825,399.85322129795304,312.0439212060513
0.006429101139289717,0.35,0.005,264.3262114481991,46.98522935199831,0.3369947131332738,0.0,262488.85366722156,6289.01926059168,19967271.371415272,399.85317805318317,312.04390433202457
0.006429101139289717,0.35,0.015,264.3262114481991,46.98523388203512,0.33688087535174555,0.0,262488.8821109209,6289.019260555636,19967281.007012825,399.85322129795304,312.0439212060513
0.006429101139289717,0.38333333333333336,-0.005,264.2227181874938,46.62570976249808,0.4496687441221698,0.0,262442.5454099311,6289.01930700916,19957208.74795556,399.80801210097,312.02628016537733
0.006429101139289717,0.38333333333333336,0.005,264.2227181874938,46.625703630904944,0.4498198542734419,0.0,262442.50800808,6289.019307071789,19957196.07712159,399.80795521893793,312.0262579688618
0.006429101139289717,0.38333333333333336,0.015,264.2227181874938,46.62570976249808,0.4496687441221698,0.0,262442.5454099311,6289.01930700916,19957208.74795556,399.80801210097,312.02628016537733
0.006429101139289717,0.4166666666666667,-0.005,264.0856292472821,46.24739458898542,0.6002050274941172,0.0,262385.9027904214,6289.019386607265,19943868.607894283,399.7481163625768,312.00290676628
0.006429101139289717,0.4166666666666667,0.005,264.0856292472821,46.24738650676726,0.6003984414396105,0.0,262385.85517268465,6289.0193867091,19943852.47547177,399.74804391361477,312.0028784931164
0.006429101139289717,0.4166666666666667,0.015,264.0856292472821,46.24739458898542,0.6002050274941172,0.0,262385.9027904214,6289.019386607265,19943868.607894283,399.7481163625768,312.00290676628
0.006429101139289717,0.45,-0.005,263.9103967297468,45.84797354919989,0.7939400582919889,0.0,262317.58406141103,6289.019514237319,19926819.575384174,399.6715350912913,311.973019541397
0.006429101139289717,0.45,0.005,263.9103967297468,45.84796327612995,0.7941771970425715,0.0,262317.52585406095,6289.01951438983,19926799.85445276,399.67144648116715,311.9729849580365
0.006429101139289717,0.45,0.015,263.9103967297468,45.84797354919989,0.7939400582919889,0.0,262317.58406141103,6289.019514237319,19926819.575384174,399.6715350912913,311.973019541397
0.006429101139289717,0.4833333333333333,-0.005,263.6957238731732,45.42492054580932,1.032474129676441,0.0,262237.1436727519,6289.019702855982,19905937.550138712,399.57768262631737,311.9363880160082
0.006429101139289717,0.4833333333333333,0.005,263.6957238731732,45.424908063085226,1.032751020970585,0.0,262237.075819405,6289.019703063607,19905914.560190707,399.57757925781306,311.936347667909
0.006429101139289717,0.4833333333333333,0.015,263.6957238731732,45.42492054580932,1.032474129676441,0.0,262237.1436727519,6289.019702855982,19905937.550138712,399.57768262631737,311.9363880160082
0.006429101139289717,0.5166666666666667,-0.005,263.4451797808883,44.975554349252945,1.311626650408877,0.0,262145.520543684,6289.019956860148,19881572.03225468,399.46809323414664,311.89360877071806
0.006429101139289717,0.5166666666666667,0.005,263.4451797808883,44.97553996003623,1.3119329197201073,0.0,262145.4455454703,6289.019957114174,19881546.62088759,399.4679788811839,311.89356412890385
0.006429101139289717,0.5166666666666667,0.015,263.4451797808883,44.975554349252945,1.311626650408877,0.0,262145.520543684,6289.019956860148,19881572.03225468,399.46809323414664,311.89360877071806
0.006429101139289717,0.55,-0.005,263.1681199726607,44.49705758027478,1.6203120843642114,0.0,262045.29631938876,6289.020265947295,19854634.88958219,399.3468292352076,311.8462653938312
0.006429101139289717,0.55,0.005,263.1681199726607,44.49704195364376,1.6206313856743821,0.0,262045.21812130086,6289.020266223711,19854608.394227974,399.346709884009,311.8462187937011
0.006429101139289717,0.55,0.015,263.1681199726607,44.49705758027478,1.6203120843642114,0.0,262045.29631938876,6289.020265947295,19854634.88958219,399.3468292352076,311.8462653938312
0.006429101139289717,0.5833333333333334,-0.005,262.87930616069633,43.98639028603429,1.940942274319529,0.0,261940.57890947757,6289.020604099852,19826562.458008435,399.2203259081784,311.7968688394235
0.006429101139289717,0.5833333333333334,0.005,262.87930616069633,43.98637435165705,1.94125449853025,0.0,261940.50235272327,6289.020604364788,19826536.520961653,399.22020894071125,311.79682316277535
0.006429101139289717,0.5833333333333334,0.015,262.87930616069633,43.98639028603429,1.940942274319529,0.0,261940.57890947757,6289.020604099852,19826562.458008435,399.2203259081784,311.7968688394235
0.006429101139289717,0.6166666666666667,-0.005,262.5969100235254,43.43989322923199,2.2517316975150257,0.0,261836.4166841765,6289.020936959418,19799120.823377896,399.09653159656483,311.7485225141387
0.006429101139289717,0.6166666666666667,0.005,262.5969100235254,43.43987785456673,2.252016670350299,0.0,261836.34659739502,6289.020937181273,19799097.08547418,399.0964244214521,311.7484806549861
0.006429101139289717,0.6166666666666667,0.015,262.5969100235254,43.43989322923199,2.2517316975150257,0.0,261836.4166841765,6289.020936959418,19799120.823377896,399.09653159656483,311.7485225141387
0.006429101139289717,0.65,-0.005,262.33915512778884,42.85304531775172,2.530647166025446,0.0,261737.83886975824,6289.021234762341,19774079.43480688,398.98344598413064,311.70435178410645
0.006429101139289717,0.65,0.005,262.33915512778884,42.85303172663764,2.5308888891690597,0.0,261737.77908374518,6289.02123492321,19774059.19109521,398.98335448173486,311.70431604114907
0.006429101139289717,0.65,0.015,262.33915512778884,42.85304531775172,2.530647166025446,0.0,261737.83886975824,6289.021234762341,19774079.43480688,398.98344598413064,311.70435178410645
0.006429101139289717,0.6833333333333333,-0.005,262.1205025140984,42.21987389074626,2.7599144189218805,0.0,261648.75720034784,6289.021484155226,19752841.153743885,398.8874462253451,311.6668497986432
0.006429101139289717,0.6833333333333333,0.005,262.1205025140984,42.21986296835909,2.760104323583841,0.0,261648.7097448294,6289.02148425586,19752825.08797801,398.8873735339893,311.66682140029786
0.006429101139289717,0.6833333333333333,0.015,262.1205025140984,42.21987389074626,2.7599144189218805,0.0,261648.75720034784,6289.021484155226,19752841.153743885,398.8874462253451,311.6668497986432
0.006429101139289717,0.7166666666666666,-0.005,261.94868173488936,41.53160421245832,2.929496877557483,0.0,261571.07939650482,6289.021691449396,19736154.809527803,398.8119708822771,311.6373624388992
0.006429101139289717,0.7166666666666666,0.005,261.94868173488936,41.531596209004725,2.9296349192420363,0.0,261571.0442354801,6289.021691503961,19736142.907326654,398.81191698461737,311.63734138069844
0.006429101139289717,0.7166666666666666,0.015,261.94868173488936,41.53160421245832,2.929496877557483,0.0,261571.07939650482,6289.021691449396,19736154.809527803,398.8119708822771,311.6373624388992
0.006429101139289717,0.75,-0.005,261.82369636758943,40.77544204235399,3.0382245598094966,0.0,261504.39304025142,6289.021876536632,19724019.350128658,398.75706509343166,311.6159096172313
0.006429101139289717,0.75,0.005,261.82369636758943,40.77543672825894,3.038317774255778,0.0,261504.3684326005,6289.021876562886,19724011.02007977,398.7570273481575,311.6158948688679
0.006429101139289717,0.75,0.015,261.82369636758943,40.77544204235399,3.0382245598094966,0.0,261504.39304025142,6289.021876536632,19724019.350128658,398.75706509343166,311.6159096172313
0.006429101139289717,0.7833333333333334,-0.005,261.7391463914017,39.932670756897544,3.0920844471782853,0.0,261446.2858032893,6289.022063995752,19715812.535744473,398.7199486853671,311.601406636057
0.006429101139289717,0.7833333333333334,0.005,261.7391463914017,39.932667575363695,3.0921436892156957,0.0,261446.26908854832,6289.022064007668,19715806.87631243,398.7199230301509,311.6013966112243
0.006429101139289717,0.7833333333333334,0.015,261.7391463914017,39.932670756897544,3.0920844471782853,0.0,261446.2858032893,6289.022063995752,19715812.535744473,398.7199486853671,311.601406636057
0.006429101139289717,0.8166666666666667,-0.005,261.68518048213565,38.9753472478099,3.1004137919569024,0.0,261393.08967032883,6289.022278580784,19710577.568538006,398.6963115198652,311.592170224377
0.006429101139289717,0.8166666666666667,0.005,261.68518048213565,38.97534553495854,3.100450158670712,0.0,261393.07812863484,6289.022278586507,19710573.659272272,398.69629379362294,311.5921632976032
0.006429101139289717,0.8166666666666667,0.015,261.68518048213565,38.9753472478099,3.1004137919569024,0.0,261393.08967032883,6289.022278580784,19710577.568538006,398.6963115198652,311.592170224377
0.006429101139289717,0.85,-0.005,261.6517201476148,37.85972041396852,3.071455895312458,0.0,261340.61377631468,6289.022548318502,19707336.09370387,398.68173776294253,311.5864752757213
0.006429101139289717,0.85,0.005,261.6517201476148,37.8597195853674,3.071478225844129,0.0,261340.60522891083,6289.022548321825,19707333.198030163,398.68172463063576,311.58647014399736
0.006429101139289717,0.85,0.015,261.6517201476148,37.85972041396852,3.071455895312458,0.0,261340.61377631468,6289.022548318502,19707336.09370387,398.68173776294253,311.5864752757213
0.006429101139289717,0.8833333333333333,-0.005,261.63069258332195,36.51129581998108,3.008347474087148,0.0,261284.37242845027,6289.02291723274,19705305.224099383,398.67270054572646,311.5829437738371
0.006429101139289717,0.8833333333333333,0.005,261.63069258332195,36.51129545883267,3.0083614988193315,0.0,261284.3654407111,6289.0229172351565,19705302.85750649,398.6726898118753,311.58293957931244
0.006429101139289717,0.8833333333333333,0.015,261.63069258332195,36.51129581998108,3.008347474087148,0.0,261284.37242845027,6289.02291723274,19705305.224099383,398.67270054572646,311.5829437738371
0.006429101139289717,0.9166666666666666,-0.005,261.61673493377305,34.784905049090945,2.9047029318134463,0.0,261218.72999085853,6289.02348276633,19703966.958797112,398.66689751032095,311.58067608227987
0.006429101139289717,0.9166666666666666,0.005,261.61673493377305,34.78490489293191,2.9047117223737566,0.0,261218.7237607202,6289.023482768337,19703964.850856733,398.666887949028,311.5806723459349
0.006429101139289717,0.9166666666666666,0.015,261.61673493377305,34.784905049090945,2.9047029318134463,0.0,261218.72999085853,6289.02348276633,19703966.958797112,398.66689751032095,311.58067608227987
0.006429101139289717,0.95,-0.005,261.60656015227937,32.323240912927794,2.732734152502444,0.0,261133.1497830104,6289.024568836391,19703011.783477917,398.66307831354715,311.57918361981274
0.006429101139289717,0.95,0.005,261.60656015227937,32.323240767879085,2.7327390822943456,0.0,261133.14390382977,6289.024568837919,19703009.79783302,398.6630693064458,311.57918010001686
0.006429101139289717,0.95,0.015,261.60656015227937,32.323240912927794,2.732734152502444,0.0,261133.1497830104,6289.024568836391,19703011.783477917,398.66307831354715,311.57918361981274
0.006429101139289717,0.9833333333333333,-0.005,261.59677499263626,27.65427757041713,2.365498833986462,0.0,260990.51494653884,6289.0274158628,19702147.588402025,398.6605048287007,311.5781779515615
0.006429101139289717,0.9833333333333333,0.005,261.59677499263626,27.65427743284544,2.365500443833763,0.0,260990.50920229664,6289.027415863497,19702145.65137968,398.6604960414519,311.5781745176686
0.006429101139289717,0.9833333333333333,0.015,261.59677499263626,27.65427757041713,2.365498833986462,0.0,260990.51494653884,6289.0274158628,19702147.588402025,398.6605048287007,311.5781779515615
0.006429101139289717,1.0166666666666666,-0.005,261.59677499246965,1.7698163237598364e-11,1.5141047225172552e-12,0.0,260990.51494649082,6289.992881349967,19731267.561907902,399.2497290892221,311.808350783589
0.006429101139289717,1.0166666666666666,0.005,261.59677499230304,-27.654277570416944,-2.3654988339864462,0.0,260990.51494644277,6289.027415862799,19702147.588369675,398.66050482855377,311.5781779515041
0.006429101139289717,1.0166666666666666,0.015,261.59677499246965,1.7698163237598364e-11,1.5141047225172552e-12,0.0,260990.51494649082,6289.992881349967,19731267.561907902,399.2497290892221,311.808350783589
0.0071543595657731105,-0.016666666666666666,-0.005,264.5827815311656,49.87939267986093,-8.392254083792404e-19,0.0,262702.2460494007,6289.019199717068,19992256.998502865,399.9652751542327,312.0876413432217
0.0071543595657731105,-0.016666666666666666,0.005,264.5827815311656,49.879392679860935,-0.008368352640480102,0.0,262702.24604940077,6289.019199629523,19992256.995825496,399.9652751006692,312.08764132232426
0.0071543595657731105,-0.016666666666666666,0.015,264.5827815311656,49.87939267986093,-8.392254083792404e-19,0.0,262702.2460494007,6289.019199717068,19992256.998502865,399.9652751542327,312.0876413432217
0.0071543595657731105,0.016666666666666666,-0.005,264.5827815311656,49.879392679860935,0.008368352640480102,0.0,262702.24604940077,6289.019199629523,19992256.99582549,399.9652751006692,312.08764132232426
0.0071543595657731105,0.016666666666666666,0.005,264.5827815311656,49.87939263763858,0.008369591556119545,0.0,262702.24194876495,6289.019199629921,19992255.597987764,399.96526883093543,312.0876388762289
0.0071543595657731105,0.016666666666666666,0.015,264.5827815311656,49.879392679860935,0.008368352640480102,0.0,262702.24604940077,6289.019199629523,19992256.99582549,399.9652751006692,312.08764132232426
0.0071543595657731105,0.05000000000000001,-0.005,264.58039343063615,49.63265247648497,0.024603150980471597,0.0,262689.2878506271,6289.019200229378,19992024.45675278,399.96423233982983,312.0872344957781
0.0071543595657731105,0.05000000000000001,0.005,264.58039343063615,49.632652321488074,0.02460700700063435,0.0,262689.2836267474,6289.019200229847,19992023.01876501,399.96422588998115,312.0872319794087
0.0071543595657731105,0.05000000000000001,0.015,264.58039343063615,49.63265247648497,0.024603150980471597,0.0,262689.2878506271,6289.019200229378,19992024.45675278,399.96423233982983,312.0872344957781
0.0071543595657731105,0.08333333333333333,-0.005,264.57577232311405,49.37824806009522,0.04075912397190928,0.0,262675.3748103894,6289.019201018132,19991574.484377883,399.9622143527382,312.08644718937154
0.0071543595657731105,0.08333333333333333,0.005,264.57577232311405,49.378247770113205,0.040765897677005204,0.0,262675.37031311454,6289.019201018729,19991572.955361214,399.9622074945226,312.08644451367354
0.0071543595657731105,0.08333333333333333,0.015,264.57577232311405,49.37824806009522,0.04075912397190928,0.0,262675.3748103894,6289.019201018132,19991574.484377883,399.9622143527382,312.08644718937154
0.0071543595657731105,0.11666666666666667,-0.005,264.56860005840196,49.115654577560754,0.057389982417237924,0.0,262660.39621198946,6289.01920204714,19990876.113996696,399.95908221488537,312.0852251993269
0.0071543595657731105,0.11666666666666667,0.005,264.56860005840196,49.11565412480252,0.05740028488427703,0.0,262660.39124000334,6289.019202047959,19990874.42570093,399.9590746421126,312.0852222448365
0.0071543595657731105,0.11666666666666667,0.015,264.56860005840196,49.115654577560754,0.057389982417237924,0.0,262660.39621198946,6289.01920204714,19990876.113996696,399.95908221488537,312.0852251993269
0.0071543595657731105,0.15,-0.005,264.5583026217065,48.84428075654935,0.07529770662989742,0.0,262644.1658594895,6289.019203415921,19989873.47964897,399.9545852763874,312.08347072984344
0.0071543595657731105,0.15,0.005,264.5583026217065,48.84428010278892,0.07531258133077796,0.0,262644.16011730157,6289.019203417121,19989871.531853374,399.95457653942174,312.08346732112824
0.0071543595657731105,0.15,0.015,264.5583026217065,48.84428075654935,0.07529770662989742,0.0,262644.1658594895,6289.019203415921,19989873.47964897,399.9545852763874,312.08347072984344
0.0071543595657731105,0.18333333333333332,-0.005,264.543922914667,48.56345426030292,0.09569977636605727,0.0,262626.385220303,6289.01920531925,19988473.430885963,399.94830558866914,312.0810207086372
0.0071543595657731105,0.18333333333333332,0.005,264.543922914667,48.5634533493205,0.09572089527272253,0.0,262626.37826640846,6289.019205321144,19988471.073824067,399.9482950155472,312.0810165835157
0.0071543595657731105,0.18333333333333332,0.015,264.543922914667,48.56345426030292,0.09569977636605727,0.0,262626.385220303,6289.01920531925,19988473.430885963,399.94830558866914,312.0810207086372
0.0071543595657731105,0.21666666666666667,-0.005,264.52394184645686,48.27240157202144,0.12045258514083933,0.0,262606.59162047546,6289.019208147204,19986528.120929215,399.93957974225594,312.0776162862776
0.0071543595657731105,0.21666666666666667,0.005,264.52394184645686,48.27240031865659,0.12048249193093144,0.0,262606.58280510333,6289.019208150409,19986525.134201884,399.9395663440005,312.0776110588684
0.0071543595657731105,0.21666666666666667,0.015,264.52394184645686,48.27240157202144,0.12045258514083933,0.0,262606.59162047546,6289.019208147204,19986528.120929215,399.93957974225594,312.0776162862776
0.0071543595657731105,0.25,-0.005,264.4960583236365,47.97022114715529,0.15232163781978095,0.0,262584.09449575667,6289.019212688945,19983813.598983206,399.92740271389346,312.0728653100002
0.0071543595657731105,0.25,0.005,264.4960583236365,47.97021942317957,0.1523639952232994,0.0,262584.08289802517,6289.019212694685,19983809.67029349,399.9273850889246,312.072858433409
0.0071543595657731105,0.25,0.015,264.4960583236365,47.97022114715529,0.15232163781978095,0.0,262584.09449575667,6289.019212688945,19983813.598983206,399.92740271389346,312.0728653100002
0.0071543595657731105,0.2833333333333333,-0.005,264.45696594846,47.65584950025186,0.19525486242647405,0.0,262557.91055029846,6289.019220520759,19980008.09453764,399.9103301993793,312.06620419432284
0.0071543595657731105,0.2833333333333333,0.005,264.45696594846,47.655847119196956,0.19531461590108823,0.0,262557.8949361064,6289.019220531391,19980002.80547122,399.9103064693314,312.0661949355647
0.0071543595657731105,0.2833333333333333,0.015,264.45696594846,47.65584950025186,0.19525486242647405,0.0,262557.91055029846,6289.019220520759,19980008.09453764,399.9103301993793,312.06620419432284
0.0071543595657731105,0.31666666666666665,-0.005,264.40220477910754,47.32802203866626,0.2545659448673472,0.0,262526.720381145,6289.019234668024,19974677.633849926,399.88641358601797,312.05687250446874
0.0071543595657731105,0.31666666666666665,0.005,264.40220477910754,47.328018744773416,0.2546492652477108,0.0,262526.6992156842,6289.019234687822,19974670.464161627,399.88638141422126,312.0568599516161
0.0071543595657731105,0.31666666666666665,0.015,264.40220477910754,47.32802203866626,0.2545659448673472,0.0,262526.720381145,6289.019234668024,19974677.633849926,399.88641358601797,312.05687250446874
0.0071543595657731105,0.3499999999999999,-0.005,264.32621140965347,46.98523387539525,0.3368808927432366,0.0,262488.8820996174,6289.019260555647,19967281.003264718,399.8532212811298,312.0439211994869
0.0071543595657731105,0.3499999999999999,0.005,264.32621140965347,46.985229345354156,0.33699473052849865,0.0,262488.8536559036,6289.01926059169,19967271.367662344,399.85317803633814,312.04390432545165
0.0071543595657731105,0.3499999999999999,0.015,264.32621140965347,46.98523387539525,0.3368808927432366,0.0,262488.8820996174,6289.019260555647,19967281.003264718,399.8532212811298,312.0439211994869
0.0071543595657731105,0.38333333333333336,-0.005,264.2227181436126,46.62570975830713,0.4496687727219446,0.0,262442.5453972272,6289.019307009174,19957208.743689496,399.80801208181555,312.0262801579029
0.0071543595657731105,0.38333333333333336,0.005,264.2227181436126,46.62570362671138,0.44981988288049285,0.0,262442.50799535896,6289.019307071802,19957196.072849736,399.8079551997574,312.02625796137715
0.0071543595657731105,0.38333333333333336,0.015,264.2227181436126,46.62570975830713,0.4496687727219446,0.0,262442.5453972272,6289.019307009174,19957208.743689496,399.80801208181555,312.0262801579029
0.0071543595657731105,0.4166666666666667,-0.005,264.08562919525326,46.247394586099276,0.6002050676025682,0.0,262385.90277546144,6289.019386607285,19943868.602837004,399.7481163398592,312.00290675741445
0.0071543595657731105,0.4166666666666667,0.005,264.08562919525326,46.24738650387953,0.600398481557704,0.0,262385.8551577044,6289.019386709119,19943852.470407575,399.7480438908662,312.00287848423875
0.0071543595657731105,0.4166666666666667,0.015,264.08562919525326,46.247394586099276,0.6002050676025682,0.0,262385.90277546144,6289.019386607285,19943868.602837004,399.7481163398592,312.00290675741445
0.0071543595657731105,0.45,-0.005,263.91039666775765,45.84797354690518,0.793940109579317,0.0,262317.5840436477,6289.019514237351,19926819.56935996,399.67153506421647,311.97301953083
0.0071543595657731105,0.45,0.005,263.91039666775765,45.847963273834296,0.7941772483403875,0.0,262317.525836274,6289.019514389862,19926799.848420523,399.6714464540563,311.9729849474555
0.0071543595657731105,0.45,0.015,263.91039666775765,45.84797354690518,0.793940109579317,0.0,262317.5840436477,6289.019514237351,19926819.56935996,399.67153506421647,311.97301953083
0.0071543595657731105,0.48333333333333334,-0.005,263.6957238007386,45.42492054371815,1.032474190769591,0.0,262237.14365202934,6289.019702856029,19905937.54310091,399.5776825946659,311.9363880036536
0.0071543595657731105,0.48333333333333334,0.005,263.6957238007386,45.42490806099355,1.0327510820733463,0.0,262237.07579865615,6289.019703063654,19905914.55314395,399.5775792261213,311.93634765553867
0.0071543595657731105,0.48333333333333334,0.015,263.6957238007386,45.42492054371815,1.032474190769591,0.0,262237.14365202934,6289.019702856029,19905937.54310091,399.5776825946659,311.9363880036536
0.0071543595657731105,0.5166666666666667,-0.005,263.44517969905536,44.97555434722276,1.3116267186372692,0.0,262145.52052029374,6289.019956860212,19881572.024305623,399.46809319836814,311.8936087567506
0.0071543595657731105,0.5166666666666667,0.005,263.44517969905536,44.975539958005875,1.3119329879555928,0.0,262145.44552205206,6289.0199571142375,19881546.61292904,399.4679788453626,311.89356411491974
0.0071543595657731105,0.5166666666666667,0.015,263.44517969905536,44.97555434722276,1.3116267186372692,0.0,262145.52052029374,6289.019956860212,19881572.024305623,399.46809319836814,311.8936087567506
0.0071543595657731105,0.55,-0.005,263.16811988396296,44.49705757834275,1.6203121558277025,0.0,262045.29629404156,6289.0202659473525,19854634.880967733,399.3468291963872,311.8462653786739
0.0071543595657731105,0.55,0.005,263.16811988396296,44.49704195171186,1.6206314571412532,0.0,262045.21809592572,6289.020266223768,19854608.385604024,399.3467098451457,311.84621877852715
0.0071543595657731105,0.55,0.015,263.16811988396296,44.49705757834275,1.6203121558277025,0.0,262045.29629404156,6289.0202659473525,19854634.880967733,399.3468291963872,311.8462653786739
0.0071543595657731105,0.5833333333333334,-0.005,262.8793060687414,43.98639028434577,1.940942344358365,0.0,261940.57888320193,6289.020604099897,19826562.44907915,399.22032586788896,311.79686882369015
0.0071543595657731105,0.5833333333333334,0.005,262.8793060687414,43.986374349968806,1.9412545685683253,0.0,261940.50232642132,6289.020604364834,19826536.512023453,399.2202089003815,311.7968231470264
0.0071543595657731105,0.5833333333333334,0.015,262.8793060687414,43.98639028434577,1.940942344358365,0.0,261940.57888320193,6289.020604099897,19826562.44907915,399.22032586788896,311.79686882369015
0.0071543595657731105,0.6166666666666667,-0.005,262.5969099322813,43.43989322793952,2.251731761517788,0.0,261836.41665810975,6289.020936959469,19799120.814519513,399.0965315565547,311.74852249851205
0.0071543595657731105,0.6166666666666667,0.005,262.5969099322813,43.43987785327477,2.252016734348659,0.0,261836.34657130518,6289.0209371813235,19799097.07660796,399.0964243814066,311.7484806393456
0.0071543595657731105,0.6166666666666667,0.015,262.5969099322813,43.43989322793952,2.251731761517788,0.0,261836.41665810975,6289.020936959469,19799120.814519513,399.0965315565547,311.74852249851205
0.0071543595657731105,0.65,-0.005,262.3391550407498,42.85304531709279,2.530647220362716,0.0,261737.83884489335,6289.021234762379,19774079.426357754,398.98344594592646,311.704351769183
0.0071543595657731105,0.65,0.005,262.3391550407498,42.85303172597944,2.5308889434995496,0.0,261737.77905886128,6289.021234923248,19774059.18263968,398.9833544435016,311.7043160262143
0.0071543595657731105,0.65,0.015,262.3391550407498,42.85304531709279,2.530647220362716,0.0,261737.83884489335,6289.021234762379,19774079.426357754,398.98344594592646,311.704351769183
0.0071543595657731105,0.6833333333333333,-0.005,262.1205024335463,42.219873890878674,2.7599144616594242,0.0,261648.75717733626,6289.021484155249,19752841.145924896,398.8874461899542,311.66684978481703
0.0071543595657731105,0.6833333333333333,0.005,262.1205024335463,42.2198629684923,2.7601043663138385,0.0,261648.7097218033,6289.021484255881,19752825.080154125,398.8873734985762,311.666821386463
0.0071543595657731105,0.6833333333333333,0.015,262.1205024335463,42.219873890878674,2.7599144616594242,0.0,261648.75717733626,6289.021484155249,19752841.145924896,398.8874461899542,311.66684978481703
0.0071543595657731105,0.7166666666666667,-0.005,261.9486816615607,41.53160421339256,2.9294969086870677,0.0,261571.0793755591,6289.0216914494085,19736154.802410185,398.8119708500365,311.63736242630256
0.0071543595657731105,0.7166666666666667,0.005,261.9486816615607,41.531596209939714,2.9296349503647616,0.0,261571.04421452404,6289.021691503974,19736142.90020553,398.811916952361,311.6373413680957
0.0071543595657731105,0.7166666666666667,0.015,261.9486816615607,41.53160421339256,2.9294969086870677,0.0,261571.0793755591,6289.0216914494085,19736154.802410185,398.8119708500365,311.63736242630256
0.0071543595657731105,0.75,-0.005,261.82369630083684,40.7754420439952,3.038224580914099,0.0,261504.39302118288,6289.02187653663,19724019.343649067,398.7570650640611,311.61590960575523
0.0071543595657731105,0.75,0.005,261.82369630083684,40.775436729900754,3.0383177953550993,0.0,261504.36841352482,6289.021876562885,19724011.013597768,398.75702731877607,311.61589485738756
0.0071543595657731105,0.75,0.015,261.82369630083684,40.7754420439952,3.038224580914099,0.0,261504.39302118288,6289.02187653663,19724019.343649067,398.7570650640611,311.61590960575523
0.0071543595657731105,0.7833333333333333,-0.005,261.7391463297175,39.932670759083976,3.0920844606940574,0.0,261446.28578566792,6289.022063995744,19715812.52975662,398.7199486582133,311.6014066254466
0.0071543595657731105,0.7833333333333333,0.005,261.7391463297175,39.93266757755059,3.0921437027279843,0.0,261446.26907092205,6289.0220640076595,19715806.870322935,398.7199230029896,311.60139660061094
0.0071543595657731105,0.7833333333333333,0.015,261.7391463297175,39.932670759083976,3.0920844606940574,0.0,261446.28578566792,6289.022063995744,19715812.52975662,398.7199486582133,311.6014066254466
0.0071543595657731105,0.8166666666666667,-0.005,261.6851804237995,38.97534725036417,3.1004138003688944,0.0,261393.08965366578,6289.022278580781,19710577.56287526,398.6963114941828,311.59217021434125
0.0071543595657731105,0.8166666666666667,0.005,261.6851804237995,38.97534553751318,3.100450167080725,0.0,261393.07811196835,6289.0222785865035,19710573.653608356,398.69629376793523,311.5921632875653
0.0071543595657731105,0.8166666666666667,0.015,261.6851804237995,38.97534725036417,3.1004138003688944,0.0,261393.08965366578,6289.022278580781,19710577.56287526,398.6963114941828,311.59217021434125
0.0071543595657731105,0.85,-0.005,261.6517200911885,37.859720416738966,3.07145590059573,0.0,261340.61376019323,6289.022548318497,19707336.08822638,398.6817377380955,311.5864752660118
0.0071543595657731105,0.85,0.005,261.6517200911885,37.85971958813812,3.071478231126424,0.0,261340.60521278676,6289.022548321818,19707333.192551777,398.6817246057847,311.58647013428634
0.0071543595657731105,0.85,0.015,261.6517200911885,37.859720416738966,3.07145590059573,0.0,261340.61376019323,6289.022548318497,19707336.08822638,398.6817377380955,311.5864752660118
0.0071543595657731105,0.8833333333333333,-0.005,261.63069252784095,36.51129582285668,3.0083474775185204,0.0,261284.37241259197,6289.022917232729,19705305.21871352,398.6727005212909,311.58294376428825
0.0071543595657731105,0.8833333333333333,0.005,261.63069252784095,36.51129546170849,3.0083615022502768,0.0,261284.36542485052,6289.0229172351455,19705302.85211986,398.6726897874362,311.58293956976223
0.0071543595657731105,0.8833333333333333,0.015,261.63069252784095,36.51129582285668,3.0083474775185204,0.0,261284.37241259197,6289.022917232729,19705305.21871352,398.6727005212909,311.58294376428825
0.0071543595657731105,0.9166666666666666,-0.005,261.61673487870104,34.78490505199684,2.9047029340734816,0.0,261218.72997511196,6289.023482766325,19703966.953451145,398.666897486068,311.58067607280236
0.0071543595657731105,0.9166666666666666,0.005,261.61673487870104,34.784904895838,2.904711724633622,0.0,261218.7237449716,6289.0234827683325,19703964.845510073,398.6668879247719,311.58067233645613
0.0071543595657731105,0.9166666666666666,0.015,261.61673487870104,34.78490505199684,2.9047029340734816,0.0,261218.72997511196,6289.023482766325,19703966.953451145,398.666897486068,311.58067607280236
0.0071543595657731105,0.9499999999999998,-0.005,261.6065600973712,32.32324091581129,2.7327341538895924,0.0,261133.14976729144,6289.024568836365,19703011.778147247,398.66307828935277,311.57918361035803
0.0071543595657731105,0.9499999999999998,0.005,261.6065600973712,32.323240770762744,2.7327390836814343,0.0,261133.14388810887,6289.024568837895,19703009.792501688,398.6630692822484,311.57918009056095
0.0071543595657731105,0.9499999999999998,0.015,261.6065600973712,32.32324091581129,2.7327341538895924,0.0,261133.14976729144,6289.024568836365,19703011.778147247,398.66307828935277,311.57918361035803
0.0071543595657731105,0.9833333333333333,-0.005,261.59677493778685,27.654277572601114,2.365498834549814,0.0,260990.51493078246,6289.027415862728,19702147.583075672,398.660504804503,311.57817794210547
0.0071543595657731105,0.9833333333333333,0.005,261.59677493778685,27.654277435029545,2.365500444397106,0.0,260990.50918653831,6289.027415863425,19702145.646052685,398.6604960172512,311.5781745082114
0.0071543595657731105,0.9833333333333333,0.015,261.59677493778685,27.654277572601114,2.365498834549814,0.0,260990.51493078246,6289.027415862728,19702147.583075672,398.660504804503,311.57817794210547
0.0071543595657731105,1.0166666666666666,-0.005,261.59677493760984,1.8805493560994535e-11,1.6086276210025251e-12,0.0,260990.5149307314,6289.992881350109,19731267.556579094,399.2497290651142,311.808350774175
0.0071543595657731105,1.0166666666666666,0.005,261.5967749374328,-27.654277572600925,-2.3654988345497983,0.0,260990.51493068037,6289.027415862728,19702147.58304129,398.66050480434683,311.5781779420445
0.0071543595657731105,1.0166666666666666,0.015,261.59677493760984,1.8805493560994535e-11,1.6086276210025251e-12,0.0,260990.5149307314,6289.992881350109,19731267.556579094,399.2497290651142,311.808350774175
0.007879617992256505,-0.016666666666666666,-0.005,264.58278150906006,49.879392654826674,0.0,0.0,262702.2460418462,6289.019199717075,19992256.99635157,399.9652751445865,312.08764133945834
0.007879617992256505,-0.016666666666666666,0.005,264.58278150906006,49.879392654826674,-0.008368351550154293,0.0,262702.2460418462,6289.019199629531,19992256.993674193,399.9652750910228,312.0876413185608
0.007879617992256505,-0.016666666666666666,0.015,264.58278150906006,49.879392654826674,0.0,0.0,262702.2460418462,6289.019199717075,19992256.99635157,399.9652751445865,312.08764133945834
0.007879617992256505,0.016666666666666666,-0.005,264.58278150906006,49.879392654826674,0.008368351550154293,0.0,262702.2460418462,6289.019199629531,19992256.993674193,399.9652750910228,312.0876413185608
0.007879617992256505,0.016666666666666666,0.005,264.58278150906006,49.87939261258927,0.008369590465042405,0.0,262702.2419412051,6289.019199629927,19992255.595834915,399.9652688212821,312.0876388724627
0.007879617992256505,0.016666666666666666,0.015,264.58278150906006,49.879392654826674,0.008368351550154293,0.0,262702.2460418462,6289.019199629531,19992256.993674193,399.9652750910228,312.0876413185608
0.007879617992256505,0.05,-0.005,264.58039341022055,49.6326524558573,0.02460314839034529,0.0,262689.2878437784,6289.019200229382,19992024.45476591,399.9642323309193,312.08723449230166
0.007879617992256505,0.05,0.005,264.58039341022055,49.632652300847866,0.02460700440866255,0.0,262689.2836198937,6289.019200229851,19992023.016776666,399.964225881064,312.0872319759298
0.007879617992256505,0.05,0.015,264.58039341022055,49.6326524558573,0.02460314839034529,0.0,262689.2878437784,6289.019200229382,19992024.45476591,399.9642323309193,312.08723449230166
0.007879617992256505,0.08333333333333333,-0.005,264.5757723048321,49.37824804402556,0.040759121102259446,0.0,262675.3748043817,6289.01920101814,19991574.482598882,399.96221434476195,312.0864471862596
0.007879617992256505,0.08333333333333333,0.005,264.5757723048321,49.378247754033644,0.04076589480510502,0.0,262675.37030710233,6289.0192010187375,19991572.953580827,399.9622074865402,312.08644451055926
0.007879617992256505,0.08333333333333333,0.015,264.5757723048321,49.37824804402556,0.040759121102259446,0.0,262675.3748043817,6289.01920101814,19991574.482598882,399.96221434476195,312.0864471862596
0.007879617992256505,0.11666666666666665,-0.005,264.568600042203,49.11565456562373,0.05738998023475429,0.0,262660.3962067793,6289.019202047138,19990876.112420198,399.95908220781223,312.08522519656725
0.007879617992256505,0.11666666666666665,0.005,264.568600042203,49.11565411285798,0.057400282699717906,0.0,262660.391234789,6289.019202047956,19990874.42412311,399.95907463503363,312.0852222420746
0.007879617992256505,0.11666666666666665,0.015,264.568600042203,49.11565456562373,0.05738998023475429,0.0,262660.3962067793,6289.019202047138,19990876.112420198,399.95908220781223,312.08522519656725
0.007879617992256505,0.15,-0.005,264.55830260714686,48.84428074805146,0.07529770588525912,0.0,262644.16585491784,6289.019203415915,19989873.478232082,399.95458527002893,312.08347072736274
0.007879617992256505,0.15,0.005,264.55830260714686,48.844280094285565,0.07531258058470772,0.0,262644.1601127258,6289.019203417116,19989871.530435164,399.95457653305743,312.08346731864515
0.007879617992256505,0.15,0.015,264.55830260714686,48.84428074805146,0.07529770588525912,0.0,262644.16585491784,6289.019203415915,19989873.478232082,399.95458527002893,312.08347072736274
0.007879617992256505,0.18333333333333332,-0.005,264.5439229010035,48.56345425448024,0.09569977769438771,0.0,262626.38521611737,6289.019205319239,19988473.42955626,399.9483055826985,312.08102070630775
0.007879617992256505,0.18333333333333332,0.005,264.5439229010035,48.563453343494004,0.09572089660065415,0.0,262626.37826221844,6289.019205321132,19988471.072492957,399.9482950095702,312.08101658118375
0.007879617992256505,0.18333333333333332,0.015,264.5439229010035,48.56345425448024,0.09569977769438771,0.0,262626.38521611737,6289.019205319239,19988473.42955626,399.9483055826985,312.08102070630775
0.007879617992256505,0.21666666666666667,-0.005,264.5239418326795,48.27240156816111,0.12045258918819944,0.0,262606.5916163557,6289.019208147197,19986528.11958874,399.93957973623804,312.0776162839297
0.007879617992256505,0.21666666666666667,0.005,264.5239418326795,48.27240031479365,0.1204824959792731,0.0,262606.58280097874,6289.0192081504,19986525.13285982,399.93956633797546,312.0776110565177
0.007879617992256505,0.21666666666666667,0.015,264.5239418326795,48.27240156816111,0.12045258918819944,0.0,262606.5916163557,6289.019208147197,19986528.11958874,399.93957973623804,312.0776162839297
0.007879617992256505,0.25,-0.005,264.49605830848196,47.9702211446502,0.15232164536821102,0.0,262584.0944913117,6289.019212688938,19983813.59750905,399.92740270727586,312.0728653074183
0.007879617992256505,0.25,0.005,264.49605830848196,47.970219420672755,0.1523640027744175,0.0,262584.08289357444,6289.019212694678,19983809.668817393,399.92738508229826,312.0728584308236
0.007879617992256505,0.25,0.015,264.49605830848196,47.9702211446502,0.15232164536821102,0.0,262584.0944913117,6289.019212688938,19983813.59750905,399.92740270727586,312.0728653074183
0.007879617992256505,0.2833333333333333,-0.005,264.456965930394,47.65584949861375,0.19525487448684772,0.0,262557.91054507095,6289.019220520764,19980008.09278092,399.91033019149836,312.06620419124795
0.007879617992256505,0.2833333333333333,0.005,264.456965930394,47.65584711755771,0.19531462796614862,0.0,262557.8949308716,6289.019220531396,19980002.803712018,399.9103064614394,312.0661949324854
0.007879617992256505,0.2833333333333333,0.015,264.456965930394,47.65584949861375,0.19525487448684772,0.0,262557.91054507095,6289.019220520764,19980008.09278092,399.91033019149836,312.06620419124795
0.007879617992256505,0.31666666666666665,-0.005,264.4022047563445,47.32802203751577,0.2545659627058037,0.0,262526.72037460137,6289.019234668026,19974677.63163657,399.8864135760841,312.05687250059276
0.007879617992256505,0.31666666666666665,0.005,264.4022047563445,47.32801874362217,0.25464928309305057,0.0,262526.699209131,6289.019234687825,19974670.46194503,399.8863814042729,312.0568599477345
0.007879617992256505,0.31666666666666665,0.015,264.4022047563445,47.32802203751577,0.2545659627058037,0.0,262526.72037460137,6289.019234668026,19974677.63163657,399.8864135760841,312.05687250059276
0.007879617992256505,0.35,-0.005,264.32621138021415,46.98523387444457,0.33688091780520896,0.0,262488.8820911842,6289.019260555656,19967281.0004027,399.85322126828447,312.0439211944747
0.007879617992256505,0.35,0.005,264.32621138021415,46.98522934440292,0.33699475559955044,0.0,262488.8536474579,6289.019260591699,19967271.364796087,399.8531780234738,312.043904320432
0.007879617992256505,0.35,0.015,264.32621138021415,46.98523387444457,0.33688091780520896,0.0,262488.8820911842,6289.019260555656,19967281.0004027,399.85322126828447,312.0439211944747
0.007879617992256505,0.38333333333333336,-0.005,264.2227181055139,46.625709757342705,0.44966880642372425,0.0,262442.5453863242,6289.019307009179,19957208.739985734,399.8080120651822,312.0262801514122
0.007879617992256505,0.38333333333333336,0.005,264.2227181055139,46.625703625746524,0.4498199165932259,0.0,262442.5079844401,6289.019307071807,19957196.069140576,399.8079551830998,312.026257954877
0.007879617992256505,0.38333333333333336,0.015,264.2227181055139,46.625709757342705,0.44966880642372425,0.0,262442.5453863242,6289.019307009179,19957208.739985734,399.8080120651822,312.0262801514122
0.007879617992256505,0.4166666666666667,-0.005,264.085629146789,46.247394584971836,0.6002051109912326,0.0,262385.9027616045,6289.019386607307,19943868.598126546,399.74811631870153,312.00290674915766
0.007879617992256505,0.4166666666666667,0.005,264.085629146789,46.24738650275176,0.6003985249584568,0.0,262385.85514382785,6289.019386709142,19943852.465690468,399.74804386967855,312.0028784759703
0.007879617992256505,0.4166666666666667,0.015,264.085629146789,46.247394584971836,0.6002051109912326,0.0,262385.9027616045,6289.019386607307,19943868.598126546,399.74811631870153,312.00290674915766
0.007879617992256505,0.45,-0.005,263.91039660790295,45.84797354553152,0.7939401629075489,0.0,262317.58402654255,6289.019514237394,19926819.56354364,399.6715350380815,311.97301952062986
0.007879617992256505,0.45,0.005,263.91039660790295,45.847963272460355,0.7941773016806823,0.0,262317.5258191456,6289.019514389905,19926799.842596326,399.6714464278857,311.97298493724145
0.007879617992256505,0.45,0.015,263.91039660790295,45.84797354553152,0.7939401629075489,0.0,262317.58402654255,6289.019514237394,19926819.56354364,399.6715350380815,311.97301952062986
0.007879617992256505,0.48333333333333334,-0.005,263.69572372955264,45.42492054208855,1.0324742530919995,0.0,262237.14363168384,6289.019702856071,19905937.53618433,399.57768256355723,311.93638799151086
0.007879617992256505,0.48333333333333334,0.005,263.69572372955264,45.42490805936379,1.032751144406349,0.0,262237.0757782845,6289.0197030636955,19905914.5462185,399.57757919497266,311.9363476433803
0.007879617992256505,0.48333333333333334,0.015,263.69572372955264,45.42492054208855,1.0324742530919995,0.0,262237.14363168384,6289.019702856071,19905937.53618433,399.57768256355723,311.93638799151086
0.007879617992256505,0.5166666666666667,-0.005,263.4451796179325,44.9755543454133,1.311626787583144,0.0,262145.52049711504,6289.01995686027,19881572.016425394,399.46809316289676,311.89360874290304
0.007879617992256505,0.5166666666666667,0.005,263.4451796179325,44.97553995619642,1.3119330569091556,0.0,262145.4454988456,6289.019957114296,19881546.605039373,399.4679788098487,311.8935641010556
0.007879617992256505,0.5166666666666667,0.015,263.4451796179325,44.9755543454133,1.311626787583144,0.0,262145.52049711504,6289.01995686027,19881572.016425394,399.46809316289676,311.89360874290304
0.007879617992256505,0.55,-0.005,263.16811979565324,44.49705757651175,1.6203122276977435,0.0,262045.29626881587,6289.020265947423,19854634.87239137,399.34682915774476,311.8462653635861
0.007879617992256505,0.55,0.005,263.16811979565324,44.49704194988105,1.6206315290150235,0.0,262045.21807067207,6289.020266223837,19854608.377018187,399.3467098064604,311.8462187634226
0.007879617992256505,0.55,0.015,263.16811979565324,44.49705757651175,1.6203122276977435,0.0,262045.29626881587,6289.020265947423,19854634.87239137,399.34682915774476,311.8462653635861
0.007879617992256505,0.5833333333333334,-0.005,262.8793059769913,43.98639028270168,1.9409424146208891,0.0,261940.57885699466,6289.020604099962,19826562.440170314,399.22032582770044,311.7968688079963
0.007879617992256505,0.5833333333333334,0.005,262.8793059769913,43.98637434832504,1.9412546388302887,0.0,261940.5023001879,6289.020604364899,19826536.503105715,399.22020886015287,311.7968231313168
0.007879617992256505,0.5833333333333334,0.015,262.8793059769913,43.98639028270168,1.9409424146208891,0.0,261940.57885699466,6289.020604099962,19826562.440170314,399.22032582770044,311.7968688079963
0.007879617992256505,0.6166666666666667,-0.005,262.59690984114866,43.439893226664125,2.2517318256400567,0.0,261836.41663207515,6289.020936959518,19799120.805671893,399.09653151659217,311.748522482904
0.007879617992256505,0.6166666666666667,0.005,262.59690984114866,43.43987785199991,2.252016798466635,0.0,261836.34654524748,6289.020937181373,19799097.067752518,399.09642434140875,311.74848062372365
0.007879617992256505,0.6166666666666667,0.015,262.59690984114866,43.439893226664125,2.2517318256400567,0.0,261836.41663207515,6289.020936959518,19799120.805671893,399.09653151659217,311.748522482904
0.007879617992256505,0.65,-0.005,262.33915495376687,42.853045316440635,2.530647274761828,0.0,261737.83882004552,6289.021234762419,19774079.417914122,398.9834459077477,311.7043517542695
0.007879617992256505,0.65,0.005,262.33915495376687,42.853031725328044,2.5308889978919407,0.0,261737.7790339945,6289.021234923286,19774059.17418964,398.9833544052938,311.70431601128945
0.007879617992256505,0.65,0.015,262.33915495376687,42.853045316440635,2.530647274761828,0.0,261737.83882004552,6289.021234762419,19774079.417914122,398.9834459077477,311.7043517542695
0.007879617992256505,0.6833333333333332,-0.005,262.1205023530264,42.219873891012746,2.7599145044273414,0.0,261648.75715432956,6289.021484155258,19752841.138108697,398.8874461545705,311.6668497709937
0.007879617992256505,0.6833333333333332,0.005,262.1205023530264,42.21986296862717,2.76010440907424,0.0,261648.70969878213,6289.021484255892,19752825.072333034,398.8873734631704,311.666821372631
0.007879617992256505,0.6833333333333332,0.015,262.1205023530264,42.219873891012746,2.7599145044273414,0.0,261648.75715432956,6289.021484155258,19752841.138108697,398.8874461545705,311.6668497709937
0.007879617992256505,0.7166666666666667,-0.005,261.9486815882479,41.531604214326755,2.9294969398306145,0.0,261571.07935461713,6289.021691449419,19736154.795294043,398.8119708178017,311.6373624137082
0.007879617992256505,0.7166666666666667,0.005,261.9486815882479,41.53159621087463,2.929634981501463,0.0,261571.04419357167,6289.0216915039855,19736142.89308588,398.8119169201102,311.63734135549504
0.007879617992256505,0.7166666666666667,0.015,261.9486815882479,41.531604214326755,2.9294969398306145,0.0,261571.07935461713,6289.021691449419,19736154.795294043,398.8119708178017,311.6373624137082
0.007879617992256505,0.75,-0.005,261.8236962340937,40.77544204563552,3.038224602023916,0.0,261504.39300211586,6289.021876536627,19724019.3371703,398.75706503469297,311.6159095942801
0.007879617992256505,0.75,0.005,261.8236962340937,40.775436731541696,3.038317816459644,0.0,261504.36839445075,6289.0218765628815,19724011.0071166,398.7570272893971,311.6158948459082
0.007879617992256505,0.75,0.015,261.8236962340937,40.77544204563552,3.038224602023916,0.0,261504.39300211586,6289.021876536627,19724019.3371703,398.75706503469297,311.6159095942801
0.007879617992256505,0.7833333333333333,-0.005,261.73914626803844,39.93267076126952,3.092084474209176,0.0,261446.2857680496,6289.022063995741,19715812.52376939,398.71994863106426,311.6014066148381
0.007879617992256505,0.7833333333333333,0.005,261.73914626803844,39.932667579736616,3.0921437162396224,0.0,261446.26905329892,6289.022064007656,19715806.864334065,398.7199229758332,311.6013965899995
0.007879617992256505,0.7833333333333333,0.015,261.73914626803844,39.93267076126952,3.092084474209176,0.0,261446.2857680496,6289.022063995741,19715812.52376939,398.71994863106426,311.6014066148381
0.007879617992256505,0.8166666666666668,-0.005,261.6851803654683,38.975347252919384,3.100413808775056,0.0,261393.08963700713,6289.0222785807855,19710577.5572132,398.696311468507,311.59217020430805
0.007879617992256505,0.8166666666666668,0.005,261.6851803654683,38.97534554006873,3.100450175484904,0.0,261393.0780953062,6289.022278586508,19710573.647945136,398.69629374225406,311.59216327753006
0.007879617992256505,0.8166666666666668,0.015,261.6851803654683,38.975347252919384,3.100413808775056,0.0,261393.08963700713,6289.0222785807855,19710577.5572132,398.696311468507,311.59217020430805
0.007879617992256505,0.85,-0.005,261.6517200347735,37.85972041951314,3.0714559058678748,0.0,261340.61374407506,6289.02254831849,19707336.082749978,398.6817377132533,311.5864752563042
0.007879617992256505,0.85,0.005,261.6517200347735,37.859719590912555,3.0714782363975845,0.0,261340.60519666583,6289.022548321812,19707333.18707447,398.6817245809383,311.5864701245771
0.007879617992256505,0.85,0.015,261.6517200347735,37.85972041951314,3.0714559058678748,0.0,261340.61374407506,6289.02254831849,19707336.082749978,398.6817377132533,311.5864752563042
0.007879617992256505,0.8833333333333333,-0.005,261.6306924723779,36.51129582574426,3.0083474809335806,0.0,261284.37239673958,6289.022917232719,19705305.21332942,398.67270049686374,311.58294375474276
0.007879617992256505,0.8833333333333333,0.005,261.6306924723779,36.51129546459629,3.0083615056649005,0.0,261284.36540899583,6289.022917235136,19705302.846734993,398.6726897630055,311.5829395602153
0.007879617992256505,0.8833333333333333,0.015,261.6306924723779,36.51129582574426,3.0083474809335806,0.0,261284.37239673958,6289.022917232719,19705305.21332942,398.67270049686374,311.58294375474276
0.007879617992256505,0.9166666666666666,-0.005,261.616734823663,34.784905054931926,2.904702936313404,0.0,261218.72995936833,6289.023482766301,19703966.948107895,398.66689746181805,311.580676063326
0.007879617992256505,0.9166666666666666,0.005,261.616734823663,34.78490489877329,2.904711726873362,0.0,261218.7237292259,6289.02348276831,19703964.840166118,398.6668879005188,311.5806723269786
0.007879617992256505,0.9166666666666666,0.015,261.616734823663,34.784905054931926,2.904702936313404,0.0,261218.72995936833,6289.023482766301,19703966.948107895,398.66689746181805,311.580676063326
0.007879617992256505,0.95,-0.005,261.60656004250586,32.3232409187531,2.7327341552587923,0.0,261133.14975158547,6289.0245688363375,19703011.77282064,398.6630782651754,311.5791836009099
0.007879617992256505,0.95,0.005,261.60656004250586,32.323240773704754,2.7327390850505653,0.0,261133.14387240092,6289.024568837865,19703009.787174422,398.663069258068,311.57918008111176
0.007879617992256505,0.95,0.015,261.60656004250586,32.3232409187531,2.7327341552587923,0.0,261133.14975158547,6289.0245688363375,19703011.77282064,398.6630782651754,311.5791836009099
0.007879617992256505,0.9833333333333333,-0.005,261.5967748829858,27.65427757487806,2.365498835107883,0.0,260990.51491504864,6289.027415862671,19702147.577754483,398.6605047803359,311.57817793266145
0.007879617992256505,0.9833333333333333,0.005,261.5967748829858,27.65427743730667,2.3655004449551646,0.0,260990.50917080263,6289.027415863367,19702145.640730843,398.6604959930812,311.5781744987662
0.007879617992256505,0.9833333333333333,0.015,261.5967748829858,27.65427757487806,2.365498835107883,0.0,260990.51491504864,6289.027415862671,19702147.577754483,398.6605047803359,311.57817793266145
0.007879617992256505,1.0166666666666666,-0.005,261.5967748828019,1.9528648059573768e-11,1.6705564167037913e-12,0.0,260990.51491499564,6289.992881350272,19731267.551256005,399.24972904104243,311.8083507647752
0.007879617992256505,1.0166666666666666,0.005,261.59677488261804,-27.65427757487787,-2.3654988351078665,0.0,260990.51491494267,6289.027415862671,19702147.57771878,398.66050478017377,311.5781779325981
0.007879617992256505,1.0166666666666666,0.015,261.5967748828019,1.9528648059573768e-11,1.6705564167037913e-12,0.0,260990.51491499564,6289.992881350272,19731267.551256005,399.24972904104243,311.8083507647752
0.008604876418739898,-0.016666666666666666,-0.005,264.5827815025711,49.8793926523857,-8.392254084698666e-19,0.0,262702.24603987136,6289.0191997170705,19992256.995720077,399.96527514175165,312.08764133835234
0.008604876418739898,-0.016666666666666666,0.005,264.5827815025711,49.87939265238569,-0.008368351699231405,0.0,262702.24603987136,6289.019199629526,19992256.993042707,399.96527508818804,312.0876413174548
0.008604876418739898,-0.016666666666666666,0.015,264.5827815025711,49.8793926523857,-8.392254084698666e-19,0.0,262702.24603987136,6289.0191997170705,19992256.995720077,399.96527514175165,312.08764133835234
0.008604876418739898,0.016666666666666666,-0.005,264.5827815025711,49.8793926523857,0.008368351699231405,0.0,262702.24603987136,6289.019199629526,19992256.993042704,399.96527508818804,312.0876413174549
0.008604876418739898,0.016666666666666666,0.005,264.5827815025711,49.87939261014665,0.008369590614110188,0.0,262702.2419392282,6289.019199629923,19992255.595202755,399.9652688184443,312.0876388713556
0.008604876418739898,0.016666666666666666,0.015,264.5827815025711,49.8793926523857,0.008368351699231405,0.0,262702.24603987136,6289.019199629526,19992256.993042704,399.96527508818804,312.0876413174549
0.008604876418739898,0.05,-0.005,264.58039340379736,49.632652453873916,0.024603148928152456,0.0,262689.2878418467,6289.01920022938,19992024.454140913,399.96423232811486,312.0872344912076
0.008604876418739898,0.05,0.005,264.58039340379736,49.63265229886313,0.02460700494650239,0.0,262689.28361796,6289.019200229849,19992023.016150992,399.96422587825657,312.0872319748345
0.008604876418739898,0.05,0.015,264.58039340379736,49.632652453873916,0.024603148928152456,0.0,262689.2878418467,6289.01920022938,19992024.454140913,399.96423232811486,312.0872344912076
0.008604876418739898,0.08333333333333333,-0.005,264.5757722983842,49.37824804251537,0.04075912221963647,0.0,262675.37480246526,6289.019201018133,19991574.481971383,399.96221434194433,312.08644718516035
0.008604876418739898,0.08333333333333333,0.005,264.5757722983842,49.37824775252239,0.040765895922680206,0.0,262675.3703051837,6289.019201018732,19991572.952952616,399.9622074837193,312.08644450945866
0.008604876418739898,0.08333333333333333,0.015,264.5757722983842,49.37824804251537,0.04075912221963647,0.0,262675.37480246526,6289.019201018133,19991574.481971383,399.96221434194433,312.08644718516035
0.008604876418739898,0.11666666666666667,-0.005,264.5686000355374,49.115654564534324,0.057389982153893154,0.0,262660.3962048195,6289.019202047125,19990876.111771375,399.95908220489594,312.08522519542953
0.008604876418739898,0.11666666666666667,0.005,264.5686000355374,49.115654111767796,0.057400284619365444,0.0,262660.39123282686,6289.0192020479435,19990874.42347351,399.9590746321138,312.0852222409355
0.008604876418739898,0.11666666666666667,0.015,264.5686000355374,49.115654564534324,0.057389982153893154,0.0,262660.3962048195,6289.019202047125,19990876.111771375,399.95908220489594,312.08522519542953
0.008604876418739898,0.15,-0.005,264.5583025999414,48.84428074730104,0.07529770889133135,0.0,262644.1658528291,6289.019203415924,19989873.477531396,399.9545852668894,312.08347072613776
0.008604876418739898,0.15,0.005,264.5583025999414,48.84428009353459,0.0753125835917762,0.0,262644.16011063446,6289.019203417124,19989871.52973361,399.95457652991394,312.08346731741875
0.008604876418739898,0.15,0.015,264.5583025999414,48.84428074730104,0.07529770889133135,0.0,262644.1658528291,6289.019203415924,19989873.477531396,399.9545852668894,312.08347072613776
0.008604876418739898,0.18333333333333332,-0.005,264.5439228928019,48.56345425397705,0.09569978218645474,0.0,262626.3852137559,6289.019205319244,19988473.42875867,399.94830557912275,312.08102070491265
0.008604876418739898,0.18333333333333332,0.005,264.5439228928019,48.563453342990414,0.09572090109442938,0.0,262626.37825985387,6289.0192053211385,19988471.07169432,399.9482950059898,312.0810165797868
0.008604876418739898,0.18333333333333332,0.015,264.5439228928019,48.56345425397705,0.09569978218645474,0.0,262626.3852137559,6289.019205319244,19988473.42875867,399.94830557912275,312.08102070491265
0.008604876418739898,0.21666666666666667,-0.005,264.52394182281637,48.27240156781828,0.12045259574328994,0.0,262606.59161353006,6289.019208147204,19986528.118629742,399.93957973193966,312.0776162822526
0.008604876418739898,0.21666666666666667,0.005,264.52394182281637,48.27240031445054,0.12048250253706494,0.0,262606.5827981492,6289.019208150409,19986525.131899487,399.9395663336711,312.0776110548383
0.008604876418739898,0.21666666666666667,0.015,264.52394182281637,48.27240156781828,0.12045259574328994,0.0,262606.59161353006,6289.019208147204,19986528.118629742,399.93957973193966,312.0776162822526
0.008604876418739898,0.25,-0.005,264.4960582960428,47.97022114438648,0.15232165480380305,0.0,262584.0944877509,6289.019212688935,19983813.596299253,399.9274027018459,312.07286530529973
0.008604876418739898,0.25,0.005,264.4960582960428,47.97021942040883,0.152364012214032,0.0,262584.0828900085,6289.019212694675,19983809.667605843,399.9273850768605,312.072858428702
0.008604876418739898,0.25,0.015,264.4960582960428,47.97022114438648,0.15232165480380305,0.0,262584.0944877509,6289.019212688935,19983813.596299253,399.9274027018459,312.07286530529973
0.008604876418739898,0.2833333333333333,-0.005,264.45696591415356,47.655849498352254,0.19525488790444992,0.0,262557.9105404259,6289.019220520757,19980008.09120151,399.91033018440766,312.0662041884814
0.008604876418739898,0.2833333333333333,0.005,264.45696591415356,47.655847117296055,0.19531464138942706,0.0,262557.89492621965,6289.01922053139,19980002.80213025,399.9103064543381,312.06619492971475
0.008604876418739898,0.2833333333333333,0.015,264.45696591415356,47.655849498352254,0.19525488790444992,0.0,262557.9105404259,6289.019220520757,19980008.09120151,399.91033018440766,312.0662041884814
0.008604876418739898,0.31666666666666665,-0.005,264.4022047347696,47.328022037180155,0.2545659814813185,0.0,262526.7203684315,6289.019234668017,19974677.62953851,399.8864135666627,312.0568724969167
0.008604876418739898,0.31666666666666665,0.005,264.4022047347696,47.328018743286385,0.25464930187615337,0.0,262526.69920295174,6289.019234687816,19974670.4598438,399.8863813948372,312.0568599440528
0.008604876418739898,0.31666666666666665,0.015,264.4022047347696,47.328022037180155,0.2545659814813185,0.0,262526.7203684315,6289.019234668017,19974677.62953851,399.8864135666627,312.0568724969167
0.008604876418739898,0.35,-0.005,264.32621135152425,46.98523387395926,0.33688094348944686,0.0,262488.8820829828,6289.019260555654,19967280.997613266,399.8532212557601,312.04392118958765
0.008604876418739898,0.35,0.005,264.32621135152425,46.985229343917425,0.33699478129335103,0.0,262488.8536392444,6289.019260591698,19967271.362002492,399.85317801093083,312.0439043155377
0.008604876418739898,0.35,0.015,264.32621135152425,46.98523387395926,0.33688094348944686,0.0,262488.8820829828,6289.019260555654,19967280.997613266,399.8532212557601,312.04392118958765
0.008604876418739898,0.38333333333333336,-0.005,264.2227180678667,46.62570975663474,0.44966884052405987,0.0,262442.5453755691,6289.019307009202,19957208.736326423,399.80801204875667,312.02628014500266
0.008604876418739898,0.38333333333333336,0.005,264.2227180678667,46.625703625038334,0.4498199507048346,0.0,262442.5079736692,6289.019307071829,19957196.065475903,399.8079551666502,312.026257948458
0.008604876418739898,0.38333333333333336,0.015,264.2227180678667,46.62570975663474,0.44966884052405987,0.0,262442.5453755691,6289.019307009202,19957208.736326423,399.80801204875667,312.02628014500266
0.008604876418739898,0.41666666666666663,-0.005,264.0856290985971,46.24739458397874,0.6002051546262224,0.0,262385.9027478292,6289.019386607323,19943868.593442384,399.748116297659,312.00290674094583
0.008604876418739898,0.41666666666666663,0.005,264.0856290985971,46.24738650175841,0.6003985686057393,0.0,262385.8551300331,6289.019386709157,19943852.46099967,399.74804384860624,312.0028784677468
0.008604876418739898,0.41666666666666663,0.015,264.0856290985971,46.24739458397874,0.6002051546262224,0.0,262385.9027478292,6289.019386607323,19943868.593442384,399.748116297659,312.00290674094583
0.008604876418739898,0.45,-0.005,263.91039654820855,45.84797354422578,0.7939402163826829,0.0,262317.5840094818,6289.019514237426,19926819.557742562,399.67153501200954,311.9730195104543
0.008604876418739898,0.45,0.005,263.91039654820855,45.847963271154406,0.7941773551680055,0.0,262317.5258020618,6289.0195143899355,19926799.836787388,399.6714464017784,311.97298492705215
0.008604876418739898,0.45,0.015,263.91039654820855,45.84797354422578,0.7939402163826829,0.0,262317.5840094818,6289.019514237426,19926819.557742562,399.67153501200954,311.9730195104543
0.008604876418739898,0.48333333333333334,-0.005,263.69572365845505,45.42492054049243,1.0324743154998266,0.0,262237.14361136546,6289.019702856112,19905937.529276364,399.5776825324876,311.93638797938337
0.008604876418739898,0.48333333333333334,0.005,263.69572365845505,45.42490805776754,1.0327512068248463,0.0,262237.0757579402,6289.019703063737,19905914.539301682,399.5775791638633,311.9363476312373
0.008604876418739898,0.48333333333333334,0.015,263.69572365845505,45.42492054049243,1.0324743154998266,0.0,262237.14361136546,6289.019702856112,19905937.529276364,399.5776825324876,311.93638797938337
0.008604876418739898,0.5166666666666667,-0.005,263.4451795368578,44.97555434361974,1.3116268565774014,0.0,262145.5204739501,6289.019956860327,19881572.00854978,399.4680931274452,311.89360872906326
0.008604876418739898,0.5166666666666667,0.005,263.4451795368578,44.975539954402876,1.311933125911145,0.0,262145.4454756528,6289.019957114353,19881546.59715432,399.46797877435455,311.8935640871992
0.008604876418739898,0.5166666666666667,0.015,263.4451795368578,44.97555434361974,1.3116268565774014,0.0,262145.5204739501,6289.019956860327,19881572.00854978,399.4680931274452,311.89360872906326
0.008604876418739898,0.55,-0.005,263.16811970737103,44.49705757468778,1.6203122995939991,0.0,262045.29624359444,6289.020265947482,19854634.863817375,399.34682911910824,311.8462653485007
0.008604876418739898,0.55,0.005,263.16811970737103,44.497041948057294,1.620631600915033,0.0,262045.21804542275,6289.020266223898,19854608.368434735,399.34670976778125,311.84621874832055
0.008604876418739898,0.55,0.015,263.16811970737103,44.49705757468778,1.6203122995939991,0.0,262045.29624359444,6289.020265947482,19854634.863817375,399.34682911910824,311.8462653485007
0.008604876418739898,0.5833333333333334,-0.005,262.87930588525654,43.98639028106013,1.9409424848969075,0.0,261940.57883078855,6289.020604100018,19826562.431262705,399.2203257875135,311.796868792303
0.008604876418739898,0.5833333333333334,0.005,262.87930588525654,43.986374346683824,1.9412547091057595,0.0,261940.5022739554,6289.020604364953,19826536.4941892,399.2202088199256,311.7968231156077
0.008604876418739898,0.5833333333333334,0.015,262.87930588525654,43.98639028106013,1.9409424848969075,0.0,261940.57883078855,6289.020604100018,19826562.431262705,399.2203257875135,311.796868792303
0.008604876418739898,0.6166666666666667,-0.005,262.59690975002496,43.43989322538977,2.2517318897686573,0.0,261836.41660603904,6289.020936959556,19799120.796824828,399.09653147662726,311.748522467295
0.008604876418739898,0.6166666666666667,0.005,262.59690975002496,43.439877850726084,2.25201686259095,0.0,261836.3465191883,6289.020937181412,19799097.058897637,399.0964243014085,311.74848060810086
0.008604876418739898,0.6166666666666667,0.015,262.59690975002496,43.43989322538977,2.2517318897686573,0.0,261836.41660603904,6289.020936959556,19799120.796824828,399.09653147662726,311.748522467295
0.008604876418739898,0.65,-0.005,262.3391548667885,42.85304531578816,2.5306473291636404,0.0,261737.83879519676,6289.021234762453,19774079.409470752,398.9834458695675,311.70435173935545
0.008604876418739898,0.65,0.005,262.3391548667885,42.85303172467632,2.530889052287036,0.0,261737.77900912677,6289.02123492332,19774059.165739868,398.98335436708453,311.704315996364
0.008604876418739898,0.65,0.015,262.3391548667885,42.85304531578816,2.5306473291636404,0.0,261737.83879519676,6289.021234762453,19774079.409470752,398.9834458695675,311.70435173935545
0.008604876418739898,0.6833333333333333,-0.005,262.12050227250523,42.2198738911466,2.759914547196963,0.0,261648.75713132648,6289.021484155279,19752841.130292673,398.88744611919236,311.6668497571725
0.008604876418739898,0.6833333333333333,0.005,262.12050227250523,42.2198629687618,2.7601044518363476,0.0,261648.70967576458,6289.021484255912,19752825.064512122,398.88737342777006,311.6668213588012
0.008604876418739898,0.6833333333333333,0.015,262.12050227250523,42.2198738911466,2.759914547196963,0.0,261648.75713132648,6289.021484155279,19752841.130292673,398.88744611919236,311.6668497571725
0.008604876418739898,0.7166666666666667,-0.005,261.9486815149385,41.53160421526046,2.9294969709753165,0.0,261571.07933367213,6289.021691449419,19736154.78817793,398.8119707855622,311.637362401112
0.008604876418739898,0.7166666666666667,0.005,261.9486815149385,41.53159621180907,2.929635012639321,0.0,261571.0441726162,6289.0216915039855,19736142.885966253,398.8119168878547,311.6373413428926
0.008604876418739898,0.7166666666666667,0.015,261.9486815149385,41.53160421526046,2.9294969709753165,0.0,261571.07933367213,6289.021691449419,19736154.78817793,398.8119707855622,311.637362401112
0.008604876418739898,0.75,-0.005,261.82369616734496,40.77544204727638,3.038224623134189,0.0,261504.39298305407,6289.02187653664,19724019.33069151,398.7570650053328,311.61590958280806
0.008604876418739898,0.75,0.005,261.82369616734496,40.77543673318315,3.038317837564644,0.0,261504.36837538172,6289.021876562894,19724011.000635393,398.75702726002584,311.61589483443186
0.008604876418739898,0.75,0.015,261.82369616734496,40.77544204727638,3.038224623134189,0.0,261504.39298305407,6289.02187653664,19724019.33069151,398.7570650053328,311.61590958280806
0.008604876418739898,0.7833333333333333,-0.005,261.7391462063556,39.932670763455874,3.092084487724393,0.0,261446.285750435,6289.022063995749,19715812.51778215,398.7199486039209,311.6014066042318
0.008604876418739898,0.7833333333333333,0.005,261.7391462063556,39.93266758192345,3.092143729751357,0.0,261446.26903567946,6289.022064007663,19715806.85834518,398.7199229486824,311.60139657939027
0.008604876418739898,0.7833333333333333,0.015,261.7391462063556,39.932670763455874,3.092084487724393,0.0,261446.285750435,6289.022063995749,19715812.51778215,398.7199486039209,311.6014066042318
0.008604876418739898,0.8166666666666665,-0.005,261.68518030714336,38.97534725547407,3.100413817181388,0.0,261393.08962034233,6289.022278580771,19710577.551551163,398.69631144282187,311.59217019427126
0.008604876418739898,0.8166666666666665,0.005,261.68518030714336,38.975345542623785,3.100450183889255,0.0,261393.07807863806,6289.022278586493,19710573.642281935,398.69629371656384,311.59216326749123
0.008604876418739898,0.8166666666666665,0.015,261.68518030714336,38.97534725547407,3.100413817181388,0.0,261393.08962034233,6289.022278580771,19710577.551551163,398.69631144282187,311.59217019427126
0.008604876418739898,0.85,-0.005,261.6517199783588,37.859720422287765,3.071455911140489,0.0,261340.61372795672,6289.022548318484,19707336.07727359,398.68173768841086,311.5864752465965
0.008604876418739898,0.85,0.005,261.6517199783588,37.85971959368747,3.0714782416692175,0.0,261340.6051805449,6289.0225483218055,19707333.18159718,398.68172455609186,311.5864701148678
0.008604876418739898,0.85,0.015,261.6517199783588,37.859720422287765,3.071455911140489,0.0,261340.61372795672,6289.022548318484,19707336.07727359,398.68173768841086,311.5864752465965
0.008604876418739898,0.8833333333333333,-0.005,261.63069241691653,36.51129582863193,3.0083474843491476,0.0,261284.37238088498,6289.022917232703,19705305.20794528,398.6727004724332,311.5829437451959
0.008604876418739898,0.8833333333333333,0.005,261.63069241691653,36.51129546748419,3.008361509080031,0.0,261284.365393139,6289.022917235119,19705302.84135009,398.67268973857153,311.5829395506671
0.008604876418739898,0.8833333333333333,0.015,261.63069241691653,36.51129582863193,3.0083474843491476,0.0,261284.37238088498,6289.022917232703,19705305.20794528,398.6727004724332,311.5829437451959
0.008604876418739898,0.9166666666666666,-0.005,261.61673476861966,34.7849050578672,2.9047029385546543,0.0,261218.72994363104,6289.023482766297,19703966.94276471,398.6668974375778,311.58067605385344
0.008604876418739898,0.9166666666666666,0.005,261.61673476861966,34.78490490170876,2.9047117291144295,0.0,261218.72371348654,6289.023482768304,19703964.834822245,398.66688787627544,311.58067231750476
0.008604876418739898,0.9166666666666666,0.015,261.61673476861966,34.7849050578672,2.9047029385546543,0.0,261218.72994363104,6289.023482766297,19703966.94276471,398.6668974375778,311.58067605385344
0.008604876418739898,0.95,-0.005,261.60655998763974,32.32324092169351,2.732734156629628,0.0,261133.1497358783,6289.024568836306,19703011.767493892,398.6630782409963,311.5791835914613
0.008604876418739898,0.95,0.005,261.60655998763974,32.32324077664535,2.7327390864213323,0.0,261133.1438566918,6289.024568837835,19703009.781847008,398.66306923388584,311.5791800716618
0.008604876418739898,0.95,0.015,261.60655998763974,32.32324092169351,2.732734156629628,0.0,261133.1497358783,6289.024568836306,19703011.767493892,398.6630782409963,311.5791835914613
0.008604876418739898,0.9833333333333333,-0.005,261.5967748281843,27.654277577153856,2.365498835666611,0.0,260990.5148993122,6289.027415862608,19702147.572433054,398.66050475616476,311.57817792321583
0.008604876418739898,0.9833333333333333,0.005,261.5967748281843,27.654277439582646,2.3655004455138826,0.0,260990.5091550643,6289.027415863306,19702145.63540877,398.66049596890724,311.57817448931945
0.008604876418739898,0.9833333333333333,0.015,261.5967748281843,27.654277577153856,2.365498835666611,0.0,260990.5148993122,6289.027415862608,19702147.572433054,398.66050475616476,311.57817792321583
0.008604876418739898,1.0166666666666666,-0.005,261.5967748279935,2.026049431921074e-11,1.733137094487611e-12,0.0,260990.51489925716,6289.992881350428,19731267.545932654,399.2497290169665,311.8083507553737
0.008604876418739898,1.0166666666666666,0.005,261.5967748278027,-27.65427757715367,-2.365498835666595,0.0,260990.5148992021,6289.027415862608,19702147.572395995,398.6605047559964,311.57817792315
0.008604876418739898,1.0166666666666666,0.015,261.5967748279935,2.026049431921074e-11,1.733137094487611e-12,0.0,260990.51489925716,6289.992881350428,19731267.545932654,399.2497290169665,311.8083507553737
0.009330134845223291,-0.016666666666666666,-0.005,264.58278149766625,49.87939265220961,0.0,0.0,262702.2460384644,6289.019199717073,19992256.99524299,399.96527513961286,312.0876413375179
0.009330134845223291,-0.016666666666666666,0.005,264.58278149766625,49.87939265220961,-0.008368351973361679,0.0,262702.2460384644,6289.019199629528,19992256.992565613,399.96527508604925,312.0876413166204
0.009330134845223291,-0.016666666666666666,0.015,264.58278149766625,49.87939265220961,0.0,0.0,262702.2460384644,6289.019199717073,19992256.99524299,399.96527513961286,312.0876413375179
0.009330134845223291,0.016666666666666666,-0.005,264.5827814976662,49.87939265220961,0.008368351973361679,0.0,262702.2460384644,6289.019199629528,19992256.992565613,399.96527508604925,312.0876413166204
0.009330134845223291,0.016666666666666666,0.005,264.5827814976662,49.87939260997041,0.008369590888314082,0.0,262702.24193781964,6289.019199629925,19992255.594725102,399.965268816303,312.08763887052015
0.009330134845223291,0.016666666666666666,0.015,264.5827814976662,49.87939265220961,0.008368351973361679,0.0,262702.2460384644,6289.019199629528,19992256.992565613,399.96527508604925,312.0876413166204
0.009330134845223291,0.05,-0.005,264.5803933987821,49.632652453743276,0.024603149778187478,0.0,262689.28784040804,6289.019200229376,19992024.4536529,399.964232325924,312.08723449035284
0.009330134845223291,0.05,0.005,264.5803933987821,49.63265229873235,0.024607005796778793,0.0,262689.28361651953,6289.019200229844,19992023.015662383,399.9642258760629,312.08723197397865
0.009330134845223291,0.05,0.015,264.5803933987821,49.632652453743276,0.024603149778187478,0.0,262689.28784040804,6289.019200229376,19992024.4536529,399.964232325924,312.08723449035284
0.009330134845223291,0.08333333333333333,-0.005,264.57577229310664,49.37824804243009,0.040759123728314695,0.0,262675.374800955,6289.019201018132,19991574.48145793,399.9622143396403,312.0864471842614
0.009330134845223291,0.08333333333333333,0.005,264.57577229310664,49.37824775243701,0.04076589743182395,0.0,262675.37030367163,6289.019201018729,19991572.95243854,399.9622074814125,312.0864445085587
0.009330134845223291,0.08333333333333333,0.015,264.57577229310664,49.37824804243009,0.040759123728314695,0.0,262675.374800955,6289.019201018132,19991574.48145793,399.9622143396403,312.0864471842614
0.009330134845223291,0.11666666666666667,-0.005,264.56860002978806,49.115654564487045,0.05738998446712252,0.0,262660.3962031827,6289.0192020471395,19990876.111212514,399.9590822023954,312.0852251944539
0.009330134845223291,0.11666666666666667,0.005,264.56860002978806,49.11565411172045,0.0574002869333793,0.0,262660.391231188,6289.019202047958,19990874.422913954,399.95907462961014,312.08522223995874
0.009330134845223291,0.11666666666666667,0.015,264.56860002978806,49.115654564487045,0.05738998446712252,0.0,262660.3962031827,6289.0192020471395,19990876.111212514,399.9590822023954,312.0852251944539
0.009330134845223291,0.15,-0.005,264.55830259344145,48.84428074727616,0.07529771224891207,0.0,262644.1658509675,6289.019203415907,19989873.47689865,399.95458526404315,312.0834707250273
0.009330134845223291,0.15,0.005,264.55830259344145,48.844280093509674,0.07531258695060607,0.0,262644.16010877053,6289.019203417108,19989871.52910004,399.95457652706403,312.08346731630684
0.009330134845223291,0.15,0.015,264.55830259344145,48.84428074727616,0.07529771224891207,0.0,262644.1658509675,6289.019203415907,19989873.47689865,399.95458526404315,312.0834707250273
0.009330134845223291,0.18333333333333332,-0.005,264.5439228851082,48.563454253960415,0.0956997869670083,0.0,262626.38521155866,6289.019205319238,19988473.428010177,399.9483055757621,312.08102070360144
0.009330134845223291,0.18333333333333332,0.005,264.5439228851082,48.56345334297374,0.09572090587690531,0.0,262626.37825765373,6289.019205321132,19988471.070944816,399.94829500262466,312.08101657847396
0.009330134845223291,0.18333333333333332,0.015,264.5439228851082,48.563454253960415,0.0956997869670083,0.0,262626.38521155866,6289.019205319238,19988473.428010177,399.9483055757621,312.08102070360144
0.009330134845223291,0.21666666666666667,-0.005,264.52394181330897,48.27240156778858,0.12045260252004547,0.0,262606.59161081584,6289.0192081472,19986528.117704965,399.9395797277885,312.077616280633
0.009330134845223291,0.21666666666666667,0.005,264.52394181330897,48.272400314420814,0.12048250931669148,0.0,262606.5827954311,6289.019208150405,19986525.130973395,399.93956632951404,312.0776110532164
0.009330134845223291,0.21666666666666667,0.015,264.52394181330897,48.27240156778858,0.12045260252004547,0.0,262606.59161081584,6289.0192081472,19986528.117704965,399.9395797277885,312.077616280633
0.009330134845223291,0.25,-0.005,264.4960582838415,47.970221144315836,0.15232166440112635,0.0,262584.0944842653,6289.019212688927,19983813.59511245,399.92740269651676,312.0728653032205
0.009330134845223291,0.25,0.005,264.4960582838415,47.970219420338125,0.15236402181550482,0.0,262584.08288651775,6289.019212694665,19983809.666417297,399.9273850715235,312.0728584266197
0.009330134845223291,0.25,0.015,264.4960582838415,47.970221144315836,0.15232166440112635,0.0,262584.0944842653,6289.019212688927,19983813.59511245,399.92740269651676,312.0728653032205
0.009330134845223291,0.2833333333333333,-0.005,264.4569658980624,47.65584949820639,0.19525490143459573,0.0,262557.91053583485,6289.019220520765,19980008.089637063,399.9103301773911,312.0662041857437
0.009330134845223291,0.2833333333333333,0.005,264.4569658980624,47.65584711715011,0.19531465492534042,0.0,262557.8949216218,6289.019220531399,19980002.800563466,399.9103064473111,312.066194926973
0.009330134845223291,0.2833333333333333,0.015,264.4569658980624,47.65584949820639,0.19525490143459573,0.0,262557.91053583485,6289.019220520765,19980008.089637063,399.9103301773911,312.0662041857437
0.009330134845223291,0.31666666666666665,-0.005,264.40220471328354,47.32802203691153,0.2545660003318074,0.0,262526.72036230005,6289.019234668033,19974677.627449844,399.8864135572953,312.0568724932617
0.009330134845223291,0.31666666666666665,0.005,264.40220471328354,47.32801874301764,0.2546493207342929,0.0,262526.6991968111,6289.01923468783,19974670.45775199,399.8863813854557,312.0568599403923
0.009330134845223291,0.31666666666666665,0.015,264.40220471328354,47.32802203691153,0.2545660003318074,0.0,262526.72036230005,6289.019234668033,19974677.627449844,399.8864135572953,312.0568724932617
0.009330134845223291,0.35,-0.005,264.32621132288824,46.98523387351113,0.33688096922202143,0.0,262488.8820748057,6289.019260555672,19967280.99482962,399.85322124327007,312.0439211847141
0.009330134845223291,0.35,0.005,264.32621132288824,46.98522934346913,0.3369948070355296,0.0,262488.85363105504,6289.0192605917155,19967271.359214682,399.85317799842215,312.0439043106569
0.009330134845223291,0.35,0.015,264.32621132288824,46.98523387351113,0.33688096922202143,0.0,262488.8820748057,6289.019260555672,19967280.99482962,399.85322124327007,312.0439211847141
0.009330134845223291,0.38333333333333336,-0.005,264.22271803026,46.62570975594555,0.44966887465394834,0.0,262442.5453648193,6289.0193070092055,19957208.7326705,399.8080120323379,312.0262801385957
0.009330134845223291,0.38333333333333336,0.005,264.22271803026,46.62570362434894,0.44981998484602265,0.0,262442.50796290376,6289.019307071833,19957196.061814632,399.8079551502074,312.0262579420417
0.009330134845223291,0.38333333333333336,0.015,264.22271803026,46.62570975594555,0.44966887465394834,0.0,262442.5453648193,6289.0193070092055,19957208.7326705,399.8080120323379,312.0262801385957
0.009330134845223291,0.4166666666666667,-0.005,264.0856290504207,46.24739458299701,0.6002051982789547,0.0,262385.9027340659,6289.019386607357,19943868.588760275,399.748116276634,312.0029067327408
0.009330134845223291,0.4166666666666667,0.005,264.0856290504207,46.24738650077646,0.6003986122707807,0.0,262385.8551162503,6289.01938670919,19943852.456310924,399.7480438275514,312.0028784595302
0.009330134845223291,0.4166666666666667,0.015,264.0856290504207,46.24739458299701,0.6002051982789547,0.0,262385.9027340659,6289.019386607357,19943868.588760275,399.748116276634,312.0029067327408
0.009330134845223291,0.45,-0.005,263.9103964885237,45.84797354292522,0.7939402698684996,0.0,262317.5839924262,6289.019514237461,19926819.551942583,399.671534985945,311.97301950028174
0.009330134845223291,0.45,0.005,263.9103964885237,45.84796326985364,0.7941774086660218,0.0,262317.5257849831,6289.019514389973,19926799.83097954,399.6714463756786,311.9729849168657
0.009330134845223291,0.45,0.015,263.9103964885237,45.84797354292522,0.7939402698684996,0.0,262317.5839924262,6289.019514237461,19926819.551942583,399.671534985945,311.97301950028174
0.009330134845223291,0.48333333333333334,-0.005,263.69572358735866,45.4249205388988,1.0324743779134518,0.0,262237.14359105314,6289.019702856168,19905937.522368934,399.577682501427,311.9363879672594
0.009330134845223291,0.48333333333333334,0.005,263.69572358735866,45.424908056173784,1.0327512692491472,0.0,262237.0757376018,6289.019703063794,19905914.5323854,399.57757913276276,311.9363476190978
0.009330134845223291,0.48333333333333334,0.015,263.69572358735866,45.4249205388988,1.0324743779134518,0.0,262237.14359105314,6289.019702856168,19905937.522368934,399.577682501427,311.9363879672594
0.009330134845223291,0.5166666666666667,-0.005,263.44517945578565,44.97555434182733,1.3116269255748294,0.0,262145.52045078756,6289.019956860386,19881572.00067454,399.4680930919972,311.89360871522484
0.009330134845223291,0.5166666666666667,0.005,263.44517945578565,44.97553995261047,1.3119331949163082,0.0,262145.44545246253,6289.019957114412,19881546.58926964,399.4679787388641,311.8935640733441
0.009330134845223291,0.5166666666666667,0.015,263.44517945578565,44.97555434182733,1.3116269255748294,0.0,262145.52045078756,6289.019956860386,19881572.00067454,399.4680930919972,311.89360871522484
0.009330134845223291,0.55,-0.005,263.1681196190908,44.49705757286384,1.6203123714917906,0.0,262045.29621837323,6289.020265947541,19854634.855243552,399.3468290804721,311.8462653334154
0.009330134845223291,0.55,0.005,263.1681196190908,44.49704194623356,1.6206316728165808,0.0,262045.2180201736,6289.020266223956,19854608.35985144,399.34670972910226,311.8462187332185
0.009330134845223291,0.55,0.015,263.1681196190908,44.49705757286384,1.6203123714917906,0.0,262045.29621837323,6289.020265947541,19854634.855243552,399.3468290804721,311.8462653334154
0.009330134845223291,0.5833333333333334,-0.005,262.8793057935199,43.98639027941898,1.9409425551736386,0.0,261940.57880458573,6289.020604100084,19826562.42235521,399.2203257473316,311.79686877661163
0.009330134845223291,0.5833333333333334,0.005,262.8793057935199,43.98637434504299,1.9412547793819437,0.0,261940.50224772637,6289.02060436502,19826536.485272806,399.22020877970346,311.7968230999007
0.009330134845223291,0.5833333333333334,0.015,262.8793057935199,43.98639027941898,1.9409425551736386,0.0,261940.57880458573,6289.020604100084,19826562.42235521,399.2203257473316,311.79686877661163
0.009330134845223291,0.6166666666666667,-0.005,262.5969096589001,43.43989322411554,2.2517319538982057,0.0,261836.41658000555,6289.020936959602,19799120.787977863,399.09653143666634,311.7485224516875
0.009330134845223291,0.6166666666666667,0.005,262.5969096589001,43.439877849452365,2.2520169267162133,0.0,261836.3464931317,6289.020937181457,19799097.050042856,399.0964242614122,311.7484805924796
0.009330134845223291,0.6166666666666667,0.015,262.5969096589001,43.43989322411554,2.2517319538982057,0.0,261836.41658000555,6289.020936959602,19799120.787977863,399.09653143666634,311.7485224516875
0.009330134845223291,0.65,-0.005,262.33915477980753,42.85304531513594,2.530647383566462,0.0,261737.83877035085,6289.021234762495,19774079.40102741,398.9834458313917,311.7043517244431
0.009330134845223291,0.65,0.005,262.33915477980753,42.85303172402487,2.530889106683142,0.0,261737.77898426206,6289.0212349233625,19774059.15729013,398.9833543288799,311.7043159814404
0.009330134845223291,0.65,0.015,262.33915477980753,42.85304531513594,2.530647383566462,0.0,261737.83877035085,6289.021234762495,19774079.40102741,398.9834458313917,311.7043517244431
0.009330134845223291,0.6833333333333333,-0.005,262.1205021919808,42.21987389128092,2.7599145899670945,0.0,261648.7571083261,6289.021484155308,19752841.122476604,398.88744608381836,311.66684974335294
0.009330134845223291,0.6833333333333333,0.005,262.1205021919808,42.219862968896926,2.7601044945989655,0.0,261648.7096527498,6289.021484255942,19752825.05669117,398.88737339237395,311.66682134497296
0.009330134845223291,0.6833333333333333,0.015,262.1205021919808,42.21987389128092,2.7599145899670945,0.0,261648.7571083261,6289.021484155308,19752841.122476604,398.88744608381836,311.66684974335294
0.009330134845223291,0.7166666666666667,-0.005,261.9486814416298,41.531604216194516,2.9294970021198674,0.0,261571.07931272677,6289.021691449419,19736154.78106184,398.81197075332216,311.6373623885156
0.009330134845223291,0.7166666666666667,0.005,261.9486814416298,41.53159621274386,2.9296350437770284,0.0,261571.0441516605,6289.0216915039855,19736142.878846653,398.81191685559884,311.63734133029
0.009330134845223291,0.7166666666666667,0.015,261.9486814416298,41.531604216194516,2.9294970021198674,0.0,261571.07931272677,6289.021691449419,19736154.78106184,398.81197075332216,311.6373623885156
0.009330134845223291,0.7500000000000001,-0.005,261.8236961006006,40.7754420489172,3.0382246442442646,0.0,261504.39296398874,6289.021876536641,19724019.324212782,398.7570649759672,311.61590957133393
0.009330134845223291,0.7500000000000001,0.005,261.8236961006006,40.775436734824595,3.0383178586694477,0.0,261504.36835630934,6289.021876562897,19724010.994154263,398.75702723064944,311.61589482295346
0.009330134845223291,0.7500000000000001,0.015,261.8236961006006,40.7754420489172,3.0382246442442646,0.0,261504.39296398874,6289.021876536641,19724019.324212782,398.7570649759672,311.61590957133393
0.009330134845223291,0.7833333333333333,-0.005,261.73914614467793,39.93267076564166,3.092084501239566,0.0,261446.28573281536,6289.022063995741,19715812.51179492,398.71994857676987,311.60140659362236
0.009330134845223291,0.7833333333333333,0.005,261.73914614467793,39.93266758410971,3.0921437432630494,0.0,261446.26901805506,6289.022064007656,19715806.852356322,398.719922921524,311.6013965687781
0.009330134845223291,0.7833333333333333,0.015,261.73914614467793,39.93267076564166,3.092084501239566,0.0,261446.28573281536,6289.022063995741,19715812.51179492,398.71994857676987,311.60140659362236
0.009330134845223291,0.8166666666666667,-0.005,261.6851802488137,38.975347258029124,3.100413825587406,0.0,261393.08960368228,6289.022278580771,19710577.545889124,398.696311417144,311.59217018423726
0.009330134845223291,0.8166666666666667,0.005,261.6851802488137,38.97534554517919,3.10045019229329,0.0,261393.07806197455,6289.022278586494,19710573.636618737,398.6962936908806,311.5921632574552
0.009330134845223291,0.8166666666666667,0.015,261.6851802488137,38.975347258029124,3.100413825587406,0.0,261393.08960368228,6289.022278580771,19710577.545889124,398.696311417144,311.59217018423726
0.009330134845223291,0.85,-0.005,261.6517199219441,37.85972042506205,3.0714559164120447,0.0,261340.6137118387,6289.022548318478,19707336.071797222,398.6817376635689,311.586475236889
0.009330134845223291,0.85,0.005,261.6517199219441,37.85971959646203,3.071478246939789,0.0,261340.60516442417,6289.022548321799,19707333.176119912,398.6817245312457,311.5864701051587
0.009330134845223291,0.85,0.015,261.6517199219441,37.85972042506205,3.0714559164120447,0.0,261340.6137118387,6289.022548318478,19707336.071797222,398.6817376635689,311.586475236889
0.009330134845223291,0.8833333333333333,-0.005,261.63069236145174,36.511295831519234,3.0083474877633614,0.0,261284.37236503497,6289.0229172327,19705305.20256123,398.6727004480097,311.5829437356518
0.009330134845223291,0.8833333333333333,0.005,261.63069236145174,36.511295470371714,3.008361512493808,0.0,261284.36537728674,6289.022917235116,19705302.835965276,398.67268971414455,311.5829395411217
0.009330134845223291,0.8833333333333333,0.015,261.63069236145174,36.511295831519234,3.0083474877633614,0.0,261284.37236503497,6289.0229172327,19705305.20256123,398.6727004480097,311.5829437356518
0.009330134845223291,0.9166666666666666,-0.005,261.6167347135815,34.78490506080158,2.9047029407940825,0.0,261218.72992788843,6289.023482766275,19703966.937421527,398.6668974133295,311.58067604437775
0.009330134845223291,0.9166666666666666,0.005,261.6167347135815,34.784904904643355,2.9047117313536766,0.0,261218.72369774192,6289.023482768284,19703964.829478364,398.666887852024,311.58067230802783
0.009330134845223291,0.9166666666666666,0.015,261.6167347135815,34.78490506080158,2.9047029407940825,0.0,261218.72992788843,6289.023482766275,19703966.937421527,398.6668974133295,311.58067604437775
0.009330134845223291,0.95,-0.005,261.60655993277334,32.32324092463427,2.7327341579989737,0.0,261133.1497201742,6289.024568836284,19703011.762167353,398.6630782168218,311.57918358201437
0.009330134845223291,0.95,0.005,261.60655993277334,32.3232407795863,2.7327390877906086,0.0,261133.14384098572,6289.024568837812,19703009.776519805,398.6630692097084,311.57918006221377
0.009330134845223291,0.95,0.015,261.60655993277334,32.32324092463427,2.7327341579989737,0.0,261133.1497201742,6289.024568836284,19703011.762167353,398.6630782168218,311.57918358201437
0.009330134845223291,0.9833333333333333,-0.005,261.5967747733859,27.65427757942928,2.3654988362249427,0.0,260990.5148835752,6289.0274158625425,19702147.567111824,398.6605047319929,311.5781779137699
0.009330134845223291,0.9833333333333333,0.005,261.5967747733859,27.65427744185825,2.365500446072204,0.0,260990.5091393254,6289.027415863239,19702145.63008689,398.6604959447324,311.5781744798724
0.009330134845223291,0.9833333333333333,0.015,261.5967747733859,27.65427757942928,2.3654988362249427,0.0,260990.5148835752,6289.0274158625425,19702147.567111824,398.6605047319929,311.5781779137699
0.009330134845223291,1.0166666666666668,-0.005,261.59677477318814,2.0808075251115798e-11,1.7798553089169747e-12,0.0,260990.51488351822,6289.992881350582,19731267.540609512,399.24972899288986,311.80835074597195
0.009330134845223291,1.0166666666666668,0.005,261.59677477299044,-27.654277579429465,-2.3654988362249587,0.0,260990.51488346118,6289.0274158625425,19702147.567073423,398.66050473181843,311.5781779137017
0.009330134845223291,1.0166666666666668,0.015,261.59677477318814,2.0808075251115798e-11,1.7798553089169747e-12,0.0,260990.51488351822,6289.992881350582,19731267.540609512,399.24972899288986,311.80835074597195
0.010055393271706688,-0.016666666666666666,-0.005,264.58278149291857,49.87939265225007,0.0,0.0,262702.24603710906,6289.019199717065,19992256.9947809,399.96527513753637,312.0876413367078
0.010055393271706688,-0.016666666666666666,0.005,264.58278149291857,49.87939265225007,-0.008368352259546524,0.0,262702.24603710906,6289.01919962952,19992256.99210352,399.96527508397276,312.0876413158103
0.010055393271706688,-0.016666666666666666,0.015,264.58278149291857,49.87939265225007,0.0,0.0,262702.24603710906,6289.019199717065,19992256.9947809,399.96527513753637,312.0876413367078
0.010055393271706688,0.016666666666666666,-0.005,264.5827814929186,49.87939265225007,0.008368352259546524,0.0,262702.24603710906,6289.01919962952,19992256.99210352,399.96527508397276,312.0876413158103
0.010055393271706688,0.016666666666666666,0.005,264.5827814929186,49.879392610010854,0.008369591174581815,0.0,262702.2419364626,6289.019199629917,19992255.594262443,399.965268814224,312.087638869709
0.010055393271706688,0.016666666666666666,0.015,264.5827814929186,49.87939265225007,0.008368352259546524,0.0,262702.24603710906,6289.01919962952,19992256.99210352,399.96527508397276,312.0876413158103
0.010055393271706688,0.05,-0.005,264.5803933939025,49.63265245378894,0.024603150657913894,0.0,262689.28783901554,6289.019200229368,19992024.45317799,399.96423232379027,312.08723448952037
0.010055393271706688,0.05,0.005,264.5803933939025,49.632652298778034,0.024607006676768968,0.0,262689.2836151254,6289.019200229837,19992023.015186902,399.9642258739268,312.08723197314526
0.010055393271706688,0.05,0.015,264.5803933939025,49.63265245378894,0.024603150657913894,0.0,262689.28783901554,6289.019200229368,19992024.45317799,399.96423232379027,312.08723448952037
0.010055393271706688,0.08333333333333333,-0.005,264.5757722879371,49.37824804247856,0.04075912527356334,0.0,262675.37479948456,6289.019201018135,19991574.480955184,399.9622143373872,312.08644718338235
0.010055393271706688,0.08333333333333333,0.005,264.5757722879371,49.37824775248551,0.04076589897756587,0.0,262675.37030219944,6289.019201018735,19991572.951935176,399.9622074791567,312.08644450767866
0.010055393271706688,0.08333333333333333,0.015,264.5757722879371,49.37824804247856,0.04075912527356334,0.0,262675.37479948456,6289.019201018135,19991574.480955184,399.9622143373872,312.08644718338235
0.010055393271706688,0.11666666666666667,-0.005,264.5686000241312,49.1156545645341,0.05738998681643595,0.0,262660.39620156755,6289.019202047129,19990876.110661943,399.9590821999209,312.08522519348855
0.010055393271706688,0.11666666666666667,0.005,264.5686000241312,49.11565411176751,0.05740028928350529,0.0,262660.39122957084,6289.019202047947,19990874.42236268,399.9590746271325,312.08522223899206
0.010055393271706688,0.11666666666666667,0.015,264.5686000241312,49.1156545645341,0.05738998681643595,0.0,262660.39620156755,6289.019202047129,19990876.110661943,399.9590821999209,312.08522519348855
0.010055393271706688,0.15,-0.005,264.5583025869973,48.844280747317335,0.0752977156378225,0.0,262644.1658491332,6289.019203415911,19989873.47627195,399.95458526123366,312.0834707239312
0.010055393271706688,0.15,0.005,264.5583025869973,48.84428009355085,0.07531259034079037,0.0,262644.16010693373,6289.019203417111,19989871.528472513,399.95457652425074,312.08346731520925
0.010055393271706688,0.15,0.015,264.5583025869973,48.844280747317335,0.0752977156378225,0.0,262644.1658491332,6289.019203415911,19989873.47627195,399.95458526123366,312.0834707239312
0.010055393271706688,0.18333333333333332,-0.005,264.54392287745253,48.563454253986954,0.09569979177278817,0.0,262626.38520938286,6289.019205319252,19988473.427266035,399.94830557243097,312.0810207023018
0.010055393271706688,0.18333333333333332,0.005,264.54392287745253,48.56345334300028,0.09572091068462737,0.0,262626.37825547485,6289.019205321147,19988471.07019965,399.94829499928886,312.0810165771725
0.010055393271706688,0.18333333333333332,0.015,264.54392287745253,48.563454253986954,0.09569979177278817,0.0,262626.38520938286,6289.019205319252,19988473.427266035,399.94830557243097,312.0810207023018
0.010055393271706688,0.21666666666666667,-0.005,264.523941803829,48.27240156778559,0.12045260931575247,0.0,262606.59160811367,6289.019208147203,19986528.116783086,399.9395797236538,312.0776162790198
0.010055393271706688,0.21666666666666667,0.005,264.523941803829,48.27240031441781,0.12048251611528503,0.0,262606.5827927251,6289.019208150407,19986525.13005021,399.93956632537356,312.07761105160097
0.010055393271706688,0.21666666666666667,0.015,264.523941803829,48.27240156778559,0.12045260931575247,0.0,262606.59160811367,6289.019208147203,19986528.116783086,399.9395797236538,312.0776162790198
0.010055393271706688,0.25,-0.005,264.4960582716555,47.97022114426223,0.1523216740117696,0.0,262584.0944807907,6289.019212688932,19983813.593927592,399.9274026912032,312.07286530114743
0.010055393271706688,0.25,0.005,264.4960582716555,47.970219420284494,0.1523640314303091,0.0,262584.0828830381,6289.019212694672,19983809.665230695,399.92738506620213,312.07285842454354
0.010055393271706688,0.25,0.015,264.4960582716555,47.97022114426223,0.1523216740117696,0.0,262584.0944807907,6289.019212688932,19983813.593927592,399.9274026912032,312.07286530114743
0.010055393271706688,0.2833333333333333,-0.005,264.45696588198683,47.655849498069784,0.19525491497379982,0.0,262557.9105312444,6289.019220520763,19980008.088073816,399.9103301703748,312.0662041830061
0.010055393271706688,0.2833333333333333,0.005,264.45696588198683,47.65584711701343,0.19531466847032014,0.0,262557.8949170244,6289.019220531396,19980002.79899787,399.9103064402842,312.06619492423135
0.010055393271706688,0.2833333333333333,0.015,264.45696588198683,47.655849498069784,0.19525491497379982,0.0,262557.9105312444,6289.019220520763,19980008.088073816,399.9103301703748,312.0662041830061
0.010055393271706688,0.31666666666666665,-0.005,264.4022046918081,47.32802203664839,0.2545660191883332,0.0,262526.720356168,6289.019234668039,19974677.625361916,399.8864135479265,312.0568724896062
0.010055393271706688,0.31666666666666665,0.005,264.4022046918081,47.32801874275439,0.25464933959847486,0.0,262526.6991906699,6289.0192346878375,19974670.455660917,399.88638137607296,312.0568599367313
0.010055393271706688,0.31666666666666665,0.015,264.4022046918081,47.32802203664839,0.2545660191883332,0.0,262526.720356168,6289.019234668039,19974677.625361916,399.8864135479265,312.0568724896062
0.010055393271706688,0.35000000000000003,-0.005,264.3262112942617,46.98523387306578,0.33688099495849805,0.0,262488.8820666246,6289.019260555672,19967280.992046375,399.85322123077384,312.0439211798381
0.010055393271706688,0.35000000000000003,0.005,264.3262112942617,46.98522934302361,0.3369948327816137,0.0,262488.8536228616,6289.0192605917155,19967271.356427267,399.85317798590705,312.0439043057735
0.010055393271706688,0.35000000000000003,0.015,264.3262112942617,46.98523387306578,0.33688099495849805,0.0,262488.8820666246,6289.019260555672,19967280.992046375,399.85322123077384,312.0439211798381
0.010055393271706688,0.38333333333333336,-0.005,264.2227179926505,46.625709755258036,0.44966890878660853,0.0,262442.5453540753,6289.0193070092255,19957208.729014803,399.8080120159279,312.02628013219214
0.010055393271706688,0.38333333333333336,0.005,264.2227179926505,46.62570362366121,0.44982001898998414,0.0,262442.50795214396,6289.019307071854,19957196.058153577,399.8079551337732,312.0262579356288
0.010055393271706688,0.38333333333333336,0.015,264.2227179926505,46.625709755258036,0.44966890878660853,0.0,262442.5453540753,6289.0193070092255,19957208.729014803,399.8080120159279,312.02628013219214
0.010055393271706688,0.4166666666666667,-0.005,264.0856290022491,46.24739458201535,0.6002052419335115,0.0,262385.90272029914,6289.019386607378,19943868.58407826,399.7481162556037,312.00290672453383
0.010055393271706688,0.4166666666666667,0.005,264.0856290022491,46.24738649979458,0.6003986559376477,0.0,262385.8551024641,6289.019386709212,19943852.451622277,399.7480438064913,312.0028784513115
0.010055393271706688,0.4166666666666667,0.015,264.0856290022491,46.24739458201535,0.6002052419335115,0.0,262385.90272029914,6289.019386607378,19943868.58407826,399.7481162556037,312.00290672453383
0.010055393271706688,0.44999999999999996,-0.005,263.91039642884135,45.84797354162477,0.7939403233553513,0.0,262317.5839753692,6289.019514237493,19926819.546142675,399.67153495987833,311.9730194901082
0.010055393271706688,0.44999999999999996,0.005,263.91039642884135,45.84796326855299,0.794177462165073,0.0,262317.525767903,6289.019514390003,19926799.825171776,399.67144634957657,311.97298490667845
0.010055393271706688,0.44999999999999996,0.015,263.91039642884135,45.84797354162477,0.7939403233553513,0.0,262317.5839753692,6289.019514237493,19926819.546142675,399.67153495987833,311.9730194901082
0.010055393271706688,0.48333333333333334,-0.005,263.6957235162621,45.42492053730604,1.0324744403279753,0.0,262237.1435707419,6289.019702856227,19905937.51546157,399.57768247036796,311.93638795513607
0.010055393271706688,0.48333333333333334,0.005,263.6957235162621,45.42490805458089,1.0327513316743469,0.0,262237.07571726455,6289.019703063853,19905914.525469188,399.57757910166396,311.9363476069589
0.010055393271706688,0.48333333333333334,0.015,263.6957235162621,45.42492053730604,1.0324744403279753,0.0,262237.1435707419,6289.019702856227,19905937.51546157,399.57768247036796,311.93638795513607
0.010055393271706688,0.5166666666666667,-0.005,263.4451793747153,44.97555434003475,1.3116269945726078,0.0,262145.5204276226,6289.019956860439,19881571.992799252,399.46809305654557,311.89360870138506
0.010055393271706688,0.5166666666666667,0.005,263.4451793747153,44.9755399508179,1.3119332639218222,0.0,262145.4454292698,6289.019957114466,19881546.581384916,399.46797870336985,311.8935640594877
0.010055393271706688,0.5166666666666667,0.015,263.4451793747153,44.97555434003475,1.3116269945726078,0.0,262145.5204276226,6289.019956860439,19881571.992799252,399.46809305654557,311.89360870138506
0.010055393271706688,0.55,-0.005,263.16811953080827,44.497057571040365,1.620312443389964,0.0,262045.29619315497,6289.020265947609,19854634.846669775,399.34682904184046,311.8462653183318
0.010055393271706688,0.55,0.005,263.16811953080827,44.4970419444103,1.62063174471851,0.0,262045.2179949275,6289.020266224024,19854608.351268195,399.34670969042793,311.8462187181182
0.010055393271706688,0.55,0.015,263.16811953080827,44.497057571040365,1.620312443389964,0.0,262045.29619315497,6289.020265947609,19854634.846669775,399.34682904184046,311.8462653183318
0.010055393271706688,0.5833333333333334,-0.005,262.87930570178753,43.98639027777774,1.9409426254508593,0.0,261940.57877837901,6289.020604100137,19826562.413447734,399.2203257071437,311.79686876091796
0.010055393271706688,0.5833333333333334,0.005,262.87930570178753,43.98637434340206,1.9412548496586175,0.0,261940.5022214933,6289.020604365072,19826536.476356424,399.2202087394752,311.79682308419126
0.010055393271706688,0.5833333333333334,0.015,262.87930570178753,43.98639027777774,1.9409426254508593,0.0,261940.57877837901,6289.020604100137,19826562.413447734,399.2203257071437,311.79686876091796
0.010055393271706688,0.6166666666666667,-0.005,262.59690956777104,43.43989322284184,2.2517320180277016,0.0,261836.41655397593,6289.0209369596605,19799120.779130887,399.0965313967114,311.7485224360824
0.010055393271706688,0.6166666666666667,0.005,262.59690956777104,43.439877848179194,2.2520169908414247,0.0,261836.34646707895,6289.020937181515,19799097.041188054,399.0964242214217,311.74848057686063
0.010055393271706688,0.6166666666666667,0.015,262.59690956777104,43.43989322284184,2.2517320180277016,0.0,261836.41655397593,6289.0209369596605,19799120.779130887,399.0965313967114,311.7485224360824
0.010055393271706688,0.65,-0.005,262.339154692834,42.85304531448377,2.5306474379689576,0.0,261737.83874549856,6289.0212347625165,19774079.39258414,398.9834457932061,311.7043517095269
0.010055393271706688,0.65,0.005,262.339154692834,42.85303172337346,2.5308891610789206,0.0,261737.77895939082,6289.021234923383,19774059.14884046,398.9833542906653,311.70431596651287
0.010055393271706688,0.65,0.015,262.339154692834,42.85304531448377,2.5306474379689576,0.0,261737.83874549856,6289.0212347625165,19774079.39258414,398.9834457932061,311.7043517095269
0.010055393271706688,0.6833333333333333,-0.005,262.1205021114586,42.21987389141556,2.7599146327371726,0.0,261648.75708532377,6289.02148415533,19752841.114660554,398.8874460484413,311.66684972953215
0.010055393271706688,0.6833333333333333,0.005,262.1205021114586,42.219862969032356,2.7601045373615296,0.0,261648.70962973288,6289.0214842559635,19752825.04887022,398.8873733569746,311.66682133114347
0.010055393271706688,0.6833333333333333,0.015,262.1205021114586,42.21987389141556,2.7599146327371726,0.0,261648.75708532377,6289.02148415533,19752841.114660554,398.8874460484413,311.66684972953215
0.010055393271706688,0.7166666666666667,-0.005,261.94868136831485,41.53160421712859,2.9294970332650436,0.0,261571.07929178697,6289.021691449438,19736154.773945697,398.81197072109063,311.63736237592246
0.010055393271706688,0.7166666666666667,0.005,261.94868136831485,41.53159621367866,2.929635074915362,0.0,261571.0441307104,6289.021691504004,19736142.87172701,398.8119168233515,311.6373413176907
0.010055393271706688,0.7166666666666667,0.015,261.94868136831485,41.53160421712859,2.9294970332650436,0.0,261571.07929178697,6289.021691449438,19736154.773945697,398.81197072109063,311.63736237592246
0.010055393271706688,0.75,-0.005,261.8236960338545,40.77544205055729,3.0382246653552176,0.0,261504.3929449239,6289.021876536645,19724019.31773396,398.7570649466023,311.6159095598601
0.010055393271706688,0.75,0.005,261.8236960338545,40.77543673646529,3.038317879775127,0.0,261504.36833723725,6289.021876562899,19724010.98767302,398.7570272012735,311.6158948114753
0.010055393271706688,0.75,0.015,261.8236960338545,40.77544205055729,3.0382246653552176,0.0,261504.3929449239,6289.021876536645,19724019.31773396,398.7570649466023,311.6159095598601
0.010055393271706688,0.7833333333333333,-0.005,261.73914608299606,39.93267076782805,3.0920845147557414,0.0,261446.2857151994,6289.022063995744,19715812.505807646,398.7199485496244,311.6014065830152
0.010055393271706688,0.7833333333333333,0.005,261.73914608299606,39.93266758629657,3.0921437567757417,0.0,261446.26900043405,6289.022064007659,19715806.846367396,398.7199228943708,311.60139655816795
0.010055393271706688,0.7833333333333333,0.015,261.73914608299606,39.93267076782805,3.0920845147557414,0.0,261446.2857151994,6289.022063995744,19715812.505807646,398.7199485496244,311.6014065830152
0.010055393271706688,0.8166666666666667,-0.005,261.68518019048634,38.9753472605837,3.100413833994783,0.0,261393.08958701981,6289.022278580764,19710577.54022708,398.6963113914625,311.5921701742019
0.010055393271706688,0.8166666666666667,0.005,261.68518019048634,38.97534554773413,3.1004502006986847,0.0,261393.0780453086,6289.022278586486,19710573.630955517,398.6962936651937,311.59216324741766
0.010055393271706688,0.8166666666666667,0.015,261.68518019048634,38.9753472605837,3.100413833994783,0.0,261393.08958701981,6289.022278580764,19710577.54022708,398.6963113914625,311.5921701742019
0.010055393271706688,0.85,-0.005,261.65171986553014,37.85972042783573,3.0714559216856507,0.0,261340.61369571896,6289.022548318466,19707336.06632078,398.6817376387243,311.5864752271805
0.010055393271706688,0.85,0.005,261.65171986553014,37.85971959923597,3.071478252212412,0.0,261340.60514830184,6289.022548321788,19707333.170642577,398.6817245063972,311.5864700954486
0.010055393271706688,0.85,0.015,261.65171986553014,37.85972042783573,3.0714559216856507,0.0,261340.61369571896,6289.022548318466,19707336.06632078,398.6817376387243,311.5864752271805
0.010055393271706688,0.8833333333333333,-0.005,261.63069230599183,36.51129583440669,3.0083474911798236,0.0,261284.37234917874,6289.022917232679,19705305.19717708,398.67270042357666,311.58294372610396
0.010055393271706688,0.8833333333333333,0.005,261.63069230599183,36.511295473259395,3.0083615159098334,0.0,261284.36536142818,6289.0229172350955,19705302.830580354,398.67268968970797,311.58293953157244
0.010055393271706688,0.8833333333333333,0.015,261.63069230599183,36.51129583440669,3.0083474911798236,0.0,261284.37234917874,6289.022917232679,19705305.19717708,398.67270042357666,311.58294372610396
0.010055393271706688,0.9166666666666666,-0.005,261.61673465853954,34.78490506373645,2.90470294303557,0.0,261218.72991214896,6289.023482766264,19703966.932078287,398.66689738908593,311.5806760349039
0.010055393271706688,0.9166666666666666,0.005,261.61673465853954,34.78490490757842,2.9047117335949815,0.0,261218.72368200033,6289.0234827682725,19703964.824134424,398.6668878277772,311.58067229855266
0.010055393271706688,0.9166666666666666,0.015,261.61673465853954,34.78490506373645,2.90470294303557,0.0,261218.72991214896,6289.023482766264,19703966.932078287,398.66689738908593,311.5806760349039
0.010055393271706688,0.95,-0.005,261.6065598779097,32.32324092757508,2.7327341593694956,0.0,261133.14970446474,6289.024568836246,19703011.756840613,398.66307819263915,311.57918357256426
0.010055393271706688,0.95,0.005,261.6065598779097,32.32324078252731,2.7327390891610617,0.0,261133.14382527428,6289.024568837774,19703009.771192405,398.66306918552266,311.57918005276247
0.010055393271706688,0.95,0.015,261.6065598779097,32.32324092757508,2.7327341593694956,0.0,261133.14970446474,6289.024568836246,19703011.756840613,398.66307819263915,311.57918357256426
0.010055393271706688,0.9833333333333333,-0.005,261.59677471858697,27.654277581704843,2.365498836783416,0.0,260990.51486783745,6289.027415862475,19702147.56179049,398.66050470781977,311.5781779043235
0.010055393271706688,0.9833333333333333,0.005,261.59677471858697,27.65427744413399,2.365500446630666,0.0,260990.50912358565,6289.027415863172,19702145.624764908,398.66049592055623,311.5781744704248
0.010055393271706688,0.9833333333333333,0.015,261.59677471858697,27.654277581704843,2.365498836783416,0.0,260990.51486783745,6289.027415862475,19702147.56179049,398.66050470781977,311.5781779043235
0.010055393271706688,1.0166666666666668,-0.005,261.59677471838233,2.1539921511327205e-11,1.8424359867498927e-12,0.0,260990.51486777846,6289.992881350733,19731267.53528626,399.249728968812,311.80835073656965
0.010055393271706688,1.0166666666666668,0.005,261.5967747181777,-27.65427758170503,-2.365498836783432,0.0,260990.51486771944,6289.027415862473,19702147.561750744,398.66050470763923,311.578177904253
0.010055393271706688,1.0166666666666668,0.015,261.59677471838233,2.1539921511327205e-11,1.8424359867498927e-12,0.0,260990.51486777846,6289.992881350733,19731267.53528626,399.249728968812,311.80835073656965
0.010780651698190077,-0.016666666666666666,-0.005,264.5827814881809,49.8793926523111,0.0,0.0,262702.24603576324,6289.0191997170705,19992256.994320203,399.96527513547295,312.08764133590273
0.010780651698190077,-0.016666666666666666,0.005,264.5827814881809,49.8793926523111,-0.00836835254690406,0.0,262702.2460357633,6289.019199629527,19992256.991642833,399.9652750819094,312.0876413150053
0.010780651698190077,-0.016666666666666666,0.015,264.5827814881809,49.8793926523111,0.0,0.0,262702.24603576324,6289.0191997170705,19992256.994320203,399.96527513547295,312.08764133590273
0.010780651698190077,0.016666666666666666,-0.005,264.5827814881809,49.8793926523111,0.00836835254690406,0.0,262702.24603576324,6289.019199629527,19992256.991642825,399.96527508190934,312.0876413150052
0.010780651698190077,0.016666666666666666,0.005,264.5827814881809,49.8793926100719,0.00836959146202312,0.0,262702.2419351152,6289.019199629924,19992255.593801197,399.9652688121582,312.08763886890307
0.010780651698190077,0.016666666666666666,0.015,264.5827814881809,49.8793926523111,0.00836835254690406,0.0,262702.24603576324,6289.019199629527,19992256.991642825,399.96527508190934,312.0876413150052
0.010780651698190077,0.05000000000000001,-0.005,264.58039338902637,49.63265245385073,0.024603151540579276,0.0,262689.28783763654,6289.01920022939,19992024.45270431,399.96423232167604,312.0872344886955
0.010780651698190077,0.05000000000000001,0.005,264.58039338902637,49.63265229883983,0.024607007559699887,0.0,262689.28361374466,6289.019200229859,19992023.01471264,399.96422587180984,312.08723197231933
0.010780651698190077,0.05000000000000001,0.015,264.58039338902637,49.63265245385073,0.024603151540579276,0.0,262689.28783763654,6289.01920022939,19992024.45270431,399.96423232167604,312.0872344886955
0.010780651698190077,0.08333333333333334,-0.005,264.5757722827788,49.37824804253878,0.040759126822368257,0.0,262675.37479801703,6289.019201018137,19991574.480453458,399.9622143351376,312.0864471825047
0.010780651698190077,0.08333333333333334,0.005,264.5757722827788,49.37824775254574,0.04076590052686654,0.0,262675.37030073005,6289.019201018736,19991572.95143282,399.9622074769042,312.08644450679986
0.010780651698190077,0.08333333333333334,0.015,264.5757722827788,49.37824804253878,0.040759126822368257,0.0,262675.37479801703,6289.019201018137,19991574.480453458,399.9622143351376,312.0864471825047
0.010780651698190077,0.11666666666666668,-0.005,264.56860001847633,49.11565456459052,0.05738998916934752,0.0,262660.3961999615,6289.019202047138,19990876.11011217,399.9590821974595,312.08522519252824
0.010780651698190077,0.11666666666666668,0.005,264.56860001847633,49.115654111823936,0.05740029163723192,0.0,262660.3912279627,6289.019202047956,19990874.421812218,399.95907462466795,312.08522223803055
0.010780651698190077,0.11666666666666668,0.015,264.56860001847633,49.11565456459052,0.05738998916934752,0.0,262660.3961999615,6289.019202047138,19990876.11011217,399.9590821974595,312.08522519252824
0.010780651698190077,0.15,-0.005,264.55830258056096,48.84428074736424,0.07529771903006836,0.0,262644.1658472994,6289.019203415909,19989873.475645863,399.95458525842446,312.0834707228352
0.010780651698190077,0.15,0.005,264.55830258056096,48.84428009359777,0.07531259373431258,0.0,262644.1601050975,6289.0192034171105,19989871.527845602,399.9545765214379,312.08346731411183
0.010780651698190077,0.15,0.015,264.55830258056096,48.84428074736424,0.07529771903006836,0.0,262644.1658472994,6289.019203415909,19989873.475645863,399.95458525842446,312.0834707228352
0.010780651698190077,0.18333333333333335,-0.005,264.543922869808,48.563454254016435,0.09569979658132162,0.0,262626.38520720135,6289.019205319246,19988473.426522292,399.94830556909096,312.08102070099875
0.010780651698190077,0.18333333333333335,0.005,264.543922869808,48.563453343029764,0.09572091549510534,0.0,262626.3782532905,6289.019205321139,19988471.069454897,399.94829499594437,312.08101657586764
0.010780651698190077,0.18333333333333335,0.015,264.543922869808,48.563454254016435,0.09569979658132162,0.0,262626.38520720135,6289.019205319246,19988473.426522292,399.94830556909096,312.08102070099875
0.010780651698190077,0.21666666666666667,-0.005,264.52394179435356,48.27240156778461,0.12045261611376624,0.0,262606.591605411,6289.019208147201,19986528.115861498,399.9395797195183,312.0776162774063
0.010780651698190077,0.21666666666666667,0.005,264.52394179435356,48.27240031441681,0.12048252291618675,0.0,262606.58279001864,6289.019208150406,19986525.129127312,399.9395663212322,312.0776110499852
0.010780651698190077,0.21666666666666667,0.015,264.52394179435356,48.27240156778461,0.12045261611376624,0.0,262606.591605411,6289.019208147201,19986528.115861498,399.9395797195183,312.0776162774063
0.010780651698190077,0.25000000000000006,-0.005,264.4960582594691,47.97022114421022,0.15232168362433626,0.0,262584.09447731904,6289.019212688945,19983813.592742905,399.927402685894,312.0728652990759
0.010780651698190077,0.25000000000000006,0.005,264.4960582594691,47.97021942023243,0.1523640410470377,0.0,262584.08287956123,6289.019212694685,19983809.664044272,399.927385060885,312.072858422469
0.010780651698190077,0.25000000000000006,0.015,264.4960582594691,47.97022114421022,0.15232168362433626,0.0,262584.09447731904,6289.019212688945,19983813.592742905,399.927402685894,312.0728652990759
0.010780651698190077,0.2833333333333334,-0.005,264.45696586591026,47.655849497934184,0.1952549285145354,0.0,262557.9105266568,6289.019220520769,19980008.0865107,399.91033016336274,312.0662041802703
0.010780651698190077,0.2833333333333334,0.005,264.45696586591026,47.655847116877744,0.19531468201683208,0.0,262557.89491242985,6289.019220531401,19980002.797432404,399.9103064332615,312.0661949214913
0.010780651698190077,0.2833333333333334,0.015,264.45696586591026,47.655849497934184,0.1952549285145354,0.0,262557.9105266568,6289.019220520769,19980008.0865107,399.91033016336274,312.0662041802703
0.010780651698190077,0.3166666666666667,-0.005,264.4022046703363,47.328022036385285,0.25456603804557976,0.0,262526.7203500328,6289.019234668034,19974677.623274013,399.8864135385529,312.05687248594876
0.010780651698190077,0.3166666666666667,0.005,264.4022046703363,47.328018742491146,0.25464935846337766,0.0,262526.6991845254,6289.019234687833,19974670.453569863,399.8863813666851,312.0568599330683
0.010780651698190077,0.3166666666666667,0.015,264.4022046703363,47.328022036385285,0.25456603804557976,0.0,262526.7203500328,6289.019234668034,19974677.623274013,399.8864135385529,312.05687248594876
0.010780651698190077,0.35,-0.005,264.32621126562924,46.985233872620874,0.3368810206951278,0.0,262488.88205845066,6289.019260555694,19967280.98926323,399.8532212182885,312.04392117496633
0.010780651698190077,0.35,0.005,264.32621126562924,46.98522934257855,0.33699485852785116,0.0,262488.8536146755,6289.019260591738,19967271.353639957,399.8531779734031,312.0439043008945
0.010780651698190077,0.35,0.015,264.32621126562924,46.985233872620874,0.3368810206951278,0.0,262488.88205845066,6289.019260555694,19967280.98926323,399.8532212182885,312.04392117496633
0.010780651698190077,0.3833333333333334,-0.005,264.22271795504463,46.62570975457058,0.4496689429193758,0.0,262442.5453433285,6289.019307009236,19957208.725359168,399.8080119995135,312.02628012578697
0.010780651698190077,0.3833333333333334,0.005,264.22271795504463,46.625703622973546,0.44982005313405343,0.0,262442.50794138137,6289.019307071865,19957196.05449258,399.80795511733464,312.0262579292141
0.010780651698190077,0.3833333333333334,0.015,264.22271795504463,46.62570975457058,0.4496689429193758,0.0,262442.5453433285,6289.019307009236,19957208.725359168,399.8080119995135,312.02628012578697
0.010780651698190077,0.41666666666666674,-0.005,264.08562895407835,46.24739458103393,0.6002052855878945,0.0,262385.9027065317,6289.019386607397,19943868.57939625,399.7481162345723,312.0029067163263
0.010780651698190077,0.41666666666666674,0.005,264.08562895407835,46.247386498812915,0.600398699604341,0.0,262385.8550886771,6289.019386709231,19943852.44693363,399.74804378543,312.00287844309236
0.010780651698190077,0.41666666666666674,0.015,264.08562895407835,46.24739458103393,0.6002052855878945,0.0,262385.9027065317,6289.019386607397,19943868.57939625,399.7481162345723,312.0029067163263
0.010780651698190077,0.45000000000000007,-0.005,263.910396369157,45.847973540324986,0.7939403768418182,0.0,262317.5839583145,6289.019514237531,19926819.540342793,399.67153493381517,311.9730194799361
0.010780651698190077,0.45000000000000007,0.005,263.910396369157,45.847963267253,0.7941775156637397,0.0,262317.5257508252,6289.019514390041,19926799.81936403,399.67144632347794,311.97298489649245
0.010780651698190077,0.45000000000000007,0.015,263.910396369157,45.847973540324986,0.7939403768418182,0.0,262317.5839583145,6289.019514237531,19926819.540342793,399.67153493381517,311.9730194799361
0.010780651698190077,0.4833333333333334,-0.005,263.69572344516945,45.42492053571302,1.0324745027418814,0.0,262237.1435504272,6289.019702856273,19905937.508554246,399.57768243930377,311.9363879430107
0.010780651698190077,0.4833333333333334,0.005,263.69572344516945,45.42490805298774,1.0327513940989286,0.0,262237.07569692377,6289.019703063899,19905914.518553007,399.5775790705598,311.93634759481796
0.010780651698190077,0.4833333333333334,0.015,263.69572344516945,45.42492053571302,1.0324745027418814,0.0,262237.1435504272,6289.019702856273,19905937.508554246,399.57768243930377,311.9363879430107
0.010780651698190077,0.5166666666666667,-0.005,263.44517929364355,44.975554338242254,1.311627063569938,0.0,262145.5204044603,6289.0199568605,19881571.98492406,399.468093021098,311.89360868754676
0.010780651698190077,0.5166666666666667,0.005,263.44517929364355,44.97553994902543,1.3119333329268883,0.0,262145.44540607976,6289.019957114526,19881546.573500294,399.4679786678798,311.8935640456329
0.010780651698190077,0.5166666666666667,0.015,263.44517929364355,44.975554338242254,1.311627063569938,0.0,262145.5204044603,6289.0199568605,19881571.98492406,399.468093021098,311.89360868754676
0.010780651698190077,0.5500000000000002,-0.005,263.16811944252856,44.497057569216935,1.6203125152882272,0.0,262045.2961679351,6289.020265947671,19854634.838096093,399.3468290032063,311.8462653032473
0.010780651698190077,0.5500000000000002,0.005,263.16811944252856,44.49704194258709,1.6206318166205291,0.0,262045.21796967974,6289.020266224086,19854608.342685048,399.3467096517511,311.84621870301703
0.010780651698190077,0.5500000000000002,0.015,263.16811944252856,44.497057569216935,1.6203125152882272,0.0,262045.2961679351,6289.020265947671,19854634.838096093,399.3468290032063,311.8462653032473
0.010780651698190077,0.5833333333333335,-0.005,262.87930561005265,43.98639027613694,1.9409426957283957,0.0,261940.57875217515,6289.0206041001975,19826562.404540285,399.2203256669601,311.796868745226
0.010780651698190077,0.5833333333333335,0.005,262.87930561005265,43.98637434176159,1.9412549199356075,0.0,261940.50219526325,6289.020604365133,19826536.46744008,399.2202086992515,311.7968230684836
0.010780651698190077,0.5833333333333335,0.015,262.87930561005265,43.98639027613694,1.9409426957283957,0.0,261940.57875217515,6289.0206041001975,19826562.404540285,399.2203256669601,311.796868745226
0.010780651698190077,0.6166666666666667,-0.005,262.59690947664353,43.43989322156828,2.251732082157735,0.0,261836.41652794613,6289.020936959717,19799120.77028401,399.09653135675603,311.7485224204771
0.010780651698190077,0.6166666666666667,0.005,262.59690947664353,43.439877846906164,2.2520170549671734,0.0,261836.3464410261,6289.020937181572,19799097.032333367,399.0964241814312,311.74848056124165
0.010780651698190077,0.6166666666666667,0.015,262.59690947664353,43.43989322156828,2.251732082157735,0.0,261836.41652794613,6289.020936959717,19799120.77028401,399.09653135675603,311.7485224204771
0.010780651698190077,0.6500000000000001,-0.005,262.3391546058568,42.85304531383182,2.530647492371995,0.0,261737.83872064963,6289.021234762548,19774079.384140853,398.98344575502557,311.70435169461274
0.010780651698190077,0.6500000000000001,0.005,262.3391546058568,42.85303172272228,2.5308892154752423,0.0,261737.77893452294,6289.021234923416,19774059.140390765,398.98335425245574,311.7043159515873
0.010780651698190077,0.6500000000000001,0.015,262.3391546058568,42.85304531383182,2.530647492371995,0.0,261737.83872064963,6289.021234762548,19774079.384140853,398.98344575502557,311.70435169461274
0.010780651698190077,0.6833333333333333,-0.005,262.1205020309408,42.21987389154952,2.759914675506901,0.0,261648.7570623174,6289.021484155339,19752841.106844537,398.88744601305814,311.666849715709
0.010780651698190077,0.6833333333333333,0.005,262.1205020309408,42.219862969167096,2.7601045801237443,0.0,261648.7096067121,6289.021484255973,19752825.041049317,398.8873733215693,311.6668213173117
0.010780651698190077,0.6833333333333333,0.015,262.1205020309408,42.21987389154952,2.759914675506901,0.0,261648.7570623174,6289.021484155339,19752841.106844537,398.88744601305814,311.666849715709
0.010780651698190077,0.7166666666666668,-0.005,261.9486812950038,41.53160421806254,2.9294970644092047,0.0,261571.07927084388,6289.021691449444,19736154.766829602,398.8119706888541,311.6373623633275
0.010780651698190077,0.7166666666666668,0.005,261.9486812950038,41.531596214613344,2.9296351060526797,0.0,261571.04410975685,6289.021691504009,19736142.864607397,398.81191679109895,311.6373413050894
0.010780651698190077,0.7166666666666668,0.015,261.9486812950038,41.53160421806254,2.9294970644092047,0.0,261571.07927084388,6289.021691449444,19736154.766829602,398.8119706888541,311.6373623633275
0.010780651698190077,0.7500000000000001,-0.005,261.82369596711015,40.77544205219767,3.0382246864651616,0.0,261504.39292585786,6289.021876536644,19724019.31125518,398.75706491723565,311.6159095483855
0.010780651698190077,0.7500000000000001,0.005,261.82369596711015,40.77543673810628,3.038317900879799,0.0,261504.36831816414,6289.021876562899,19724010.981191836,398.75702717189597,311.6158947999965
0.010780651698190077,0.7500000000000001,0.015,261.82369596711015,40.77544205219767,3.0382246864651616,0.0,261504.39292585786,6289.021876536644,19724019.31125518,398.75706491723565,311.6159095483855
0.010780651698190077,0.7833333333333333,-0.005,261.73914602131686,39.93267077001363,3.092084528270841,0.0,261446.285697581,6289.022063995741,19715812.4998204,398.71994852247525,311.6014065724067
0.010780651698190077,0.7833333333333333,0.005,261.73914602131686,39.93266758848262,3.0921437702873606,0.0,261446.2689828109,6289.022064007655,19715806.84037851,398.7199228672144,311.6013965475565
0.010780651698190077,0.7833333333333333,0.015,261.73914602131686,39.93267077001363,3.092084528270841,0.0,261446.285697581,6289.022063995741,19715812.4998204,398.71994852247525,311.6014065724067
0.010780651698190077,0.8166666666666668,-0.005,261.68518013215464,38.97534726313917,3.100413842400885,0.0,261393.08957036154,6289.022278580769,19710577.53456502,398.69631136578727,311.5921701641689
0.010780651698190077,0.8166666666666668,0.005,261.68518013215464,38.97534555028994,3.1004502091028048,0.0,261393.07802864685,6289.022278586492,19710573.625292294,398.6962936395132,311.59216323738264
0.010780651698190077,0.8166666666666668,0.015,261.68518013215464,38.97534726313917,3.100413842400885,0.0,261393.08957036154,6289.022278580769,19710577.53456502,398.69631136578727,311.5921701641689
0.010780651698190077,0.8500000000000001,-0.005,261.65171980911504,37.859720430609386,3.071455926957548,0.0,261340.61367960088,6289.02254831846,19707336.06084438,398.6817376138823,311.5864752174729
0.010780651698190077,0.8500000000000001,0.005,261.65171980911504,37.8597196020099,3.071478257483326,0.0,261340.60513218102,6289.022548321783,19707333.165165268,398.681724481551,311.5864700857394
0.010780651698190077,0.8500000000000001,0.015,261.65171980911504,37.859720430609386,3.071455926957548,0.0,261340.61367960088,6289.02254831846,19707336.06084438,398.6817376138823,311.5864752174729
0.010780651698190077,0.8833333333333334,-0.005,261.6306922505263,36.51129583729473,3.008347494594834,0.0,261284.37233332932,6289.022917232678,19705305.191793013,398.672700399154,311.5829437165602
0.010780651698190077,0.8833333333333334,0.005,261.6306922505263,36.511295476147666,3.008361519324407,0.0,261284.36534557652,6289.022917235095,19705302.82519553,398.6726896652819,311.58293952202735
0.010780651698190077,0.8833333333333334,0.015,261.6306922505263,36.51129583729473,3.008347494594834,0.0,261284.37233332932,6289.022917232678,19705305.191793013,398.672700399154,311.5829437165602
0.010780651698190077,0.9166666666666667,-0.005,261.6167346034998,34.784905066671946,2.9047029452759987,0.0,261218.7298964079,6289.023482766248,19703966.926735103,398.66689736483994,311.5806760254291
0.010780651698190077,0.9166666666666667,0.005,261.6167346034998,34.784904910514115,2.9047117358352295,0.0,261218.72366625722,6289.023482768256,19703964.81879054,398.666887803528,311.58067228907663
0.010780651698190077,0.9166666666666667,0.015,261.6167346034998,34.784905066671946,2.9047029452759987,0.0,261218.7298964079,6289.023482766248,19703966.926735103,398.66689736483994,311.5806760254291
0.010780651698190077,0.9500000000000001,-0.005,261.60655982303734,32.32324093051639,2.732734160739466,0.0,261133.14968876485,6289.024568836237,19703011.751513943,398.66307816847115,311.57918356311984
0.010780651698190077,0.9500000000000001,0.005,261.60655982303734,32.32324078546882,2.732739090530964,0.0,261133.1438095725,6289.024568837766,19703009.765865076,398.6630691613517,311.57918004331697
0.010780651698190077,0.9500000000000001,0.015,261.60655982303734,32.32324093051639,2.732734160739466,0.0,261133.14968876485,6289.024568836237,19703011.751513943,398.66307816847115,311.57918356311984
0.010780651698190077,0.9833333333333334,-0.005,261.5967746637864,27.65427758398054,2.3654988373418413,0.0,260990.51485210122,6289.027415862412,19702147.55646915,398.66050468364904,311.578177894878
0.010780651698190077,0.9833333333333334,0.005,261.5967746637864,27.654277446409868,2.3655004471890813,0.0,260990.50910784752,6289.027415863109,19702145.61944292,398.66049589638254,311.5781744609782
0.010780651698190077,0.9833333333333334,0.015,261.5967746637864,27.65427758398054,2.3654988373418413,0.0,260990.51485210122,6289.027415862412,19702147.55646915,398.66050468364904,311.578177894878
0.010780651698190077,1.0166666666666668,-0.005,261.59677466357476,2.217789675563558e-11,1.897411373943897e-12,0.0,260990.51485204019,6289.99288135089,19731267.529963005,399.24972894473643,311.8083507271684
0.010780651698190077,1.0166666666666668,0.005,261.59677466336314,-27.654277583980914,-2.3654988373418724,0.0,260990.51485197924,6289.027415862411,19702147.556428056,398.6605046834624,311.57817789480504
0.010780651698190077,1.0166666666666668,0.015,261.59677466357476,2.217789675563558e-11,1.897411373943897e-12,0.0,260990.51485204019,6289.99288135089,19731267.529963005,399.24972894473643,311.8083507271684
0.01150591012467347,-0.016666666666666666,-0.005,264.5827814834447,49.87939265237363,-8.392254085304602e-19,0.0,262702.24603441893,6289.01919971708,19992256.993859727,399.96527513341175,312.08764133509857
0.01150591012467347,-0.016666666666666666,0.005,264.5827814834447,49.87939265237364,-0.008368352834267814,0.0,262702.2460344189,6289.019199629535,19992256.991182353,399.965275079848,312.08764131420105
0.01150591012467347,-0.016666666666666666,0.015,264.5827814834447,49.87939265237363,-8.392254085304602e-19,0.0,262702.24603441893,6289.01919971708,19992256.993859727,399.96527513341175,312.08764133509857
0.01150591012467347,0.016666666666666666,-0.005,264.5827814834447,49.879392652373625,0.008368352834267812,0.0,262702.2460344189,6289.019199629535,19992256.99118235,399.965275079848,312.08764131420105
0.01150591012467347,0.016666666666666666,0.005,264.5827814834447,49.879392610134445,0.008369591749470873,0.0,262702.2419337691,6289.019199629932,19992255.59334015,399.96526881009413,312.08763886809777
0.01150591012467347,0.016666666666666666,0.015,264.5827814834447,49.879392652373625,0.008368352834267812,0.0,262702.2460344189,6289.019199629535,19992256.99118235,399.965275079848,312.08764131420105
0.01150591012467347,0.05,-0.005,264.5803933841628,49.6326524539137,0.024603152423377083,0.0,262689.2878362472,6289.019200229377,19992024.452230785,399.9642323195459,312.08723448786446
0.01150591012467347,0.05,0.005,264.5803933841628,49.63265229890282,0.024607008442764283,0.0,262689.2836123536,6289.019200229846,19992023.01423854,399.9642258696771,312.0872319714873
0.01150591012467347,0.05,0.015,264.5803933841628,49.6326524539137,0.024603152423377083,0.0,262689.2878362472,6289.019200229377,19992024.452230785,399.9642323195459,312.08723448786446
0.01150591012467347,0.08333333333333333,-0.005,264.57577227762107,49.37824804259958,0.04075912837132302,0.0,262675.3747965493,6289.019201018139,19991574.479951754,399.96221433288764,312.0864471816269
0.01150591012467347,0.08333333333333333,0.005,264.57577227762107,49.37824775260655,0.04076590207631761,0.0,262675.37029926054,6289.019201018737,19991572.9509305,399.96220747465156,312.08644450592095
0.01150591012467347,0.08333333333333333,0.015,264.57577227762107,49.37824804259958,0.04075912837132302,0.0,262675.3747965493,6289.019201018139,19991574.479951754,399.96221433288764,312.0864471816269
0.01150591012467347,0.11666666666666667,-0.005,264.5686000128267,49.11565456464683,0.05738999152249487,0.0,262660.396198351,6289.019202047133,19990876.109562475,399.9590821949915,312.08522519156537
0.01150591012467347,0.11666666666666667,0.005,264.5686000128267,49.115654111880275,0.05740029399119417,0.0,262660.3912263502,6289.019202047952,19990874.42126182,399.9590746221969,312.0852222370665
0.01150591012467347,0.11666666666666667,0.015,264.5686000128267,49.11565456464683,0.05738999152249487,0.0,262660.396198351,6289.019202047133,19990876.109562475,399.9590821949915,312.08522519156537
0.01150591012467347,0.15,-0.005,264.55830257412384,48.844280747411375,0.07529772242274181,0.0,262644.165845467,6289.019203415912,19989873.47501982,399.9545852556175,312.08347072174007
0.01150591012467347,0.15,0.005,264.55830257412384,48.84428009364491,0.07531259712826244,0.0,262644.1601032627,6289.019203417112,19989871.527218737,399.95457651862716,312.08346731301526
0.01150591012467347,0.15,0.015,264.55830257412384,48.844280747411375,0.07529772242274181,0.0,262644.165845467,6289.019203415912,19989873.47501982,399.9545852556175,312.08347072174007
0.01150591012467347,0.18333333333333332,-0.005,264.54392286216137,48.56345425404613,0.09569980139013011,0.0,262626.3852050227,6289.019205319247,19988473.425778598,399.9483055657553,312.08102069969726
0.01150591012467347,0.18333333333333332,0.005,264.54392286216137,48.56345334305946,0.09572092030585821,0.0,262626.37825110886,6289.01920532114,19988471.068710193,399.94829499260413,312.08101657456444
0.01150591012467347,0.18333333333333332,0.015,264.54392286216137,48.56345425404613,0.09569980139013011,0.0,262626.3852050227,6289.019205319247,19988473.425778598,399.9483055657553,312.08102069969726
0.01150591012467347,0.21666666666666667,-0.005,264.5239417848781,48.27240156778364,0.12045262291170092,0.0,262606.5916027088,6289.0192081472,19986528.114939943,399.9395797153834,312.0776162757931
0.01150591012467347,0.21666666666666667,0.005,264.5239417848781,48.272400314415826,0.12048252971700953,0.0,262606.58278731257,6289.019208150405,19986525.12820445,399.93956631709136,312.07761104836965
0.01150591012467347,0.21666666666666667,0.015,264.5239417848781,48.27240156778364,0.12045262291170092,0.0,262606.5916027088,6289.0192081472,19986528.114939943,399.9395797153834,312.0776162757931
0.01150591012467347,0.25,-0.005,264.49605824728934,47.970221144157804,0.152321693236501,0.0,262584.09447384096,6289.019212688938,19983813.591558244,399.92740268057497,312.0728652970007
0.01150591012467347,0.25,0.005,264.49605824728934,47.97021942017998,0.15236405066336461,0.0,262584.0828760781,6289.019212694678,19983809.662857868,399.9273850555583,312.0728584203907
0.01150591012467347,0.25,0.015,264.49605824728934,47.970221144157804,0.152321693236501,0.0,262584.09447384096,6289.019212688938,19983813.591558244,399.92740268057497,312.0728652970007
0.01150591012467347,0.2833333333333333,-0.005,264.4569658498317,47.65584949779886,0.19525494205479615,0.0,262557.9105220715,6289.019220520781,19980008.084947612,399.91033015635423,312.0662041775357
0.01150591012467347,0.2833333333333333,0.005,264.4569658498317,47.65584711674236,0.19531469556286915,0.0,262557.89490783773,6289.019220531413,19980002.79586698,399.9103064262426,312.06619491875273
0.01150591012467347,0.2833333333333333,0.015,264.4569658498317,47.65584949779886,0.19525494205479615,0.0,262557.9105220715,6289.019220520781,19980008.084947612,399.91033015635423,312.0662041775357
0.01150591012467347,0.31666666666666665,-0.005,264.4022046488608,47.32802203612233,0.2545660569027373,0.0,262526.72034390224,6289.019234668045,19974677.621186193,399.8864135291864,312.0568724822941
0.01150591012467347,0.31666666666666665,0.005,264.4022046488608,47.32801874222808,0.2546493773281919,0.0,262526.6991783855,6289.019234687842,19974670.451478884,399.8863813573043,312.0568599294081
0.01150591012467347,0.31666666666666665,0.015,264.4022046488608,47.32802203612233,0.2545660569027373,0.0,262526.72034390224,6289.019234668045,19974677.621186193,399.8864135291864,312.0568724822941
0.01150591012467347,0.35,-0.005,264.3262112370056,46.98523387217516,0.33688104643173733,0.0,262488.8820502675,6289.019260555686,19967280.986480046,399.85322120578905,312.0439211700891
0.01150591012467347,0.35,0.005,264.3262112370056,46.98522934213266,0.3369948842740686,0.0,262488.85360648006,6289.01926059173,19967271.350852605,399.85317796088486,312.04390429600994
0.01150591012467347,0.35,0.015,264.3262112370056,46.98523387217516,0.33688104643173733,0.0,262488.8820502675,6289.019260555686,19967280.986480046,399.85322120578905,312.0439211700891
0.01150591012467347,0.38333333333333336,-0.005,264.22271791743526,46.625709753883186,0.4496689770519593,0.0,262442.54533258517,6289.019307009258,19957208.721703537,399.80801198310445,312.0262801193838
0.01150591012467347,0.38333333333333336,0.005,264.22271791743526,46.62570362228596,0.4498200872779389,0.0,262442.5079306225,6289.019307071887,19957196.0508316,399.80795510090184,312.0262579228017
0.01150591012467347,0.38333333333333336,0.015,264.22271791743526,46.625709753883186,0.4496689770519593,0.0,262442.54533258517,6289.019307009258,19957208.721703537,399.80801198310445,312.0262801193838
0.01150591012467347,0.4166666666666667,-0.005,264.08562890590616,46.2473945800523,0.6002053292423359,0.0,262385.9026927659,6289.0193866074205,19943868.574714266,399.7481162135435,312.00290670811984
0.01150591012467347,0.4166666666666667,0.005,264.08562890590616,46.24738649783107,0.6003987432710929,0.0,262385.85507489194,6289.019386709256,19943852.442245018,399.7480437643716,312.00287843487433
0.01150591012467347,0.4166666666666667,0.015,264.08562890590616,46.2473945800523,0.6002053292423359,0.0,262385.9026927659,6289.0193866074205,19943868.574714266,399.7481162135435,312.00290670811984
0.01150591012467347,0.45,-0.005,263.91039630947233,45.84797353902498,0.7939404303286326,0.0,262317.5839412599,6289.01951423757,19926819.53454289,399.67153490775206,311.97301946976404
0.01150591012467347,0.45,0.005,263.91039630947233,45.84796326595278,0.7941775691627538,0.0,262317.5257337475,6289.01951439008,19926799.813556276,399.6714462973796,311.9729848863066
0.01150591012467347,0.45,0.015,263.91039630947233,45.84797353902498,0.7939404303286326,0.0,262317.5839412599,6289.01951423757,19926819.53454289,399.67153490775206,311.97301946976404
0.01150591012467347,0.48333333333333334,-0.005,263.6957233740792,45.42492053411936,1.0324745651561098,0.0,262237.1435301095,6289.019702856312,19905937.501646873,399.5776824082349,311.93638793088354
0.01150591012467347,0.48333333333333334,0.005,263.6957233740792,45.42490805139394,1.0327514565238332,0.0,262237.07567658,6289.019703063937,19905914.511636775,399.5775790394511,311.9363475826752
0.01150591012467347,0.48333333333333334,0.015,263.6957233740792,45.42492053411936,1.0324745651561098,0.0,262237.1435301095,6289.019702856312,19905937.501646873,399.5776824082349,311.93638793088354
0.01150591012467347,0.5166666666666667,-0.005,263.4451792125702,44.97555433645035,1.3116271325671973,0.0,262145.52038129896,6289.019956860564,19881571.97704882,399.4680929856518,311.8936086737091
0.01150591012467347,0.5166666666666667,0.005,263.4451792125702,44.97553994723354,1.3119334019318833,0.0,262145.44538289064,6289.0199571145895,19881546.565615617,399.46797863239107,311.8935640317785
0.01150591012467347,0.5166666666666667,0.015,263.4451792125702,44.97555433645035,1.3116271325671973,0.0,262145.52038129896,6289.019956860564,19881571.97704882,399.4680929856518,311.8936086737091
0.01150591012467347,0.55,-0.005,263.1681193542481,44.49705756739336,1.6203125871854136,0.0,262045.29614271436,6289.020265947731,19854634.829522286,399.3468289645708,311.8462652881623
0.01150591012467347,0.55,0.005,263.1681193542481,44.49704194076374,1.620631888521472,0.0,262045.2179444311,6289.020266224146,19854608.334101774,399.3467096130729,311.8462186879153
0.01150591012467347,0.55,0.015,263.1681193542481,44.49705756739336,1.6203125871854136,0.0,262045.29614271436,6289.020265947731,19854634.829522286,399.3468289645708,311.8462652881623
0.01150591012467347,0.5833333333333334,-0.005,262.8793055183136,43.98639027449608,1.9409427660043306,0.0,261940.57872597477,6289.020604100271,19826562.395632785,399.22032562678186,311.7968687295361
0.01150591012467347,0.5833333333333334,0.005,262.8793055183136,43.98637434012106,1.9412549902109952,0.0,261940.50216903657,6289.020604365207,19826536.45852368,399.220208659033,311.796823052778
0.01150591012467347,0.5833333333333334,0.015,262.8793055183136,43.98639027449608,1.9409427660043306,0.0,261940.57872597477,6289.020604100271,19826562.395632785,399.22032562678186,311.7968687295361
0.01150591012467347,0.6166666666666667,-0.005,262.5969093855175,43.439893220293975,2.251732146286068,0.0,261836.41650191398,6289.020936959767,19799120.761437062,399.0965313167972,311.74852240487047
0.01150591012467347,0.6166666666666667,0.005,262.5969093855175,43.43987784563238,2.252017119091221,0.0,261836.34641497076,6289.020937181622,19799097.023478594,399.0964241414368,311.7484805456211
0.01150591012467347,0.6166666666666667,0.015,262.5969093855175,43.439893220293975,2.251732146286068,0.0,261836.41650191398,6289.020936959767,19799120.761437062,399.0965313167972,311.74852240487047
0.01150591012467347,0.65,-0.005,262.3391545188762,42.85304531317974,2.5306475467734115,0.0,261737.83869580473,6289.021234762593,19774079.37569762,398.98344571685135,311.70435167970095
0.01150591012467347,0.65,0.005,262.3391545188762,42.85303172207096,2.530889269869942,0.0,261737.77890965916,6289.021234923462,19774059.131941132,398.98335421425253,311.7043159366643
0.01150591012467347,0.65,0.015,262.3391545188762,42.85304531317974,2.5306475467734115,0.0,261737.83869580473,6289.021234762593,19774079.37569762,398.98344571685135,311.70435167970095
0.01150591012467347,0.6833333333333333,-0.005,262.12050195041934,42.21987389168382,2.7599147182756494,0.0,261648.75703931556,6289.021484155363,19752841.099028584,398.8874459776819,311.66684970188857
0.01150591012467347,0.6833333333333333,0.005,262.12050195041934,42.2198629693022,2.7601046228849793,0.0,261648.70958369586,6289.021484255996,19752825.033228476,398.887373286171,311.6668213034826
0.01150591012467347,0.6833333333333333,0.015,262.12050195041934,42.21987389168382,2.7599147182756494,0.0,261648.75703931556,6289.021484155363,19752841.099028584,398.8874459776819,311.66684970188857
0.01150591012467347,0.7166666666666667,-0.005,261.9486812216901,41.5316042189974,2.929497095552994,0.0,261571.0792499052,6289.021691449464,19736154.75971364,398.8119706566242,311.63736235073503
0.01150591012467347,0.7166666666666667,0.005,261.9486812216901,41.53159621554894,2.929635137189625,0.0,261571.04408880777,6289.021691504029,19736142.85748793,398.81191675885316,311.6373412924908
0.01150591012467347,0.7166666666666667,0.015,261.9486812216901,41.5316042189974,2.929497095552994,0.0,261571.0792499052,6289.021691449464,19736154.75971364,398.8119706566242,311.63736235073503
0.01150591012467347,0.75,-0.005,261.823695900364,40.77544205383841,3.0382247075748947,0.0,261504.39290679537,6289.0218765366535,19724019.304776523,398.75706488787444,311.6159095369131
0.01150591012467347,0.75,0.005,261.823695900364,40.77543673974763,3.0383179219842593,0.0,261504.3682990945,6289.02187656291,19724010.974710777,398.7570271425237,311.61589478851977
0.01150591012467347,0.75,0.015,261.823695900364,40.77544205383841,3.0382247075748947,0.0,261504.39290679537,6289.0218765366535,19724019.304776523,398.75706488787444,311.6159095369131
0.01150591012467347,0.7833333333333333,-0.005,261.73914595964055,39.93267077219888,3.0920845417855642,0.0,261446.28567996086,6289.022063995731,19715812.493833236,398.7199484953234,311.60140656179703
0.01150591012467347,0.7833333333333333,0.005,261.73914595964055,39.932667590668345,3.092143783798602,0.0,261446.26896518585,6289.022064007644,19715806.83438971,398.71992284005506,311.6013965369439
0.01150591012467347,0.7833333333333333,0.015,261.73914595964055,39.93267077219888,3.0920845417855642,0.0,261446.28567996086,6289.022063995731,19715812.493833236,398.7199484953234,311.60140656179703
0.01150591012467347,0.8166666666666667,-0.005,261.6851800738293,38.97534726569369,3.1004138508067545,0.0,261393.08955369782,6289.022278580757,19710577.528903034,398.69631134010376,311.5921701541327
0.01150591012467347,0.8166666666666667,0.005,261.6851800738293,38.97534555284482,3.1004502175066917,0.0,261393.0780119797,6289.02227858648,19710573.619629145,398.6962936138245,311.59216322734443
0.01150591012467347,0.8166666666666667,0.015,261.6851800738293,38.97534726569369,3.1004138508067545,0.0,261393.08955369782,6289.022278580757,19710577.528903034,398.69631134010376,311.5921701541327
0.01150591012467347,0.85,-0.005,261.6517197527026,37.85972043338344,3.071455932229815,0.0,261340.61366348114,6289.022548318449,19707336.05536806,398.6817375890377,311.58647520776435
0.01150591012467347,0.85,0.005,261.6517197527026,37.85971960478424,3.07147826275461,0.0,261340.60511605866,6289.022548321771,19707333.159688048,398.6817244567024,311.5864700760293
0.01150591012467347,0.85,0.015,261.6517197527026,37.85972043338344,3.071455932229815,0.0,261340.61366348114,6289.022548318449,19707336.05536806,398.6817375890377,311.58647520776435
0.01150591012467347,0.8833333333333333,-0.005,261.63069219506326,36.5112958401823,3.008347498010394,0.0,261284.37231747792,6289.022917232671,19705305.186408997,398.6727003747284,311.5829437070153
0.01150591012467347,0.8833333333333333,0.005,261.63069219506326,36.51129547903546,3.00836152273953,0.0,261284.36532972284,6289.022917235087,19705302.819810737,398.67268964085275,311.582939512481
0.01150591012467347,0.8833333333333333,0.015,261.63069219506326,36.5112958401823,3.008347498010394,0.0,261284.37231747792,6289.022917232671,19705305.186408997,398.6727003747284,311.5829437070153
0.01150591012467347,0.9166666666666666,-0.005,261.6167345484609,34.7849050696062,2.9047029475167045,0.0,261218.7298806659,6289.02348276623,19703966.921391897,398.6668973405925,311.5806760159537
0.01150591012467347,0.9166666666666666,0.005,261.6167345484609,34.78490491344857,2.9047117380757523,0.0,261218.72365051313,6289.023482768237,19703964.813446645,398.66688777927743,311.5806722796001
0.01150591012467347,0.9166666666666666,0.015,261.6167345484609,34.7849050696062,2.9047029475167045,0.0,261218.7298806659,6289.02348276623,19703966.921391897,398.6668973405925,311.5806760159537
0.01150591012467347,0.95,-0.005,261.6065597681709,32.3232409334571,2.73273416210955,0.0,261133.14967306046,6289.024568836214,19703011.746187374,398.6630781442962,311.5791835536728
0.01150591012467347,0.95,0.005,261.6065597681709,32.32324078840971,2.7327390919009775,0.0,261133.14379386613,6289.024568837743,19703009.760537844,398.66306913717375,311.5791800338687
0.01150591012467347,0.95,0.015,261.6065597681709,32.3232409334571,2.73273416210955,0.0,261133.14967306046,6289.024568836214,19703011.746187374,398.6630781442962,311.5791835536728
0.01150591012467347,0.9833333333333334,-0.005,261.59677460898564,27.654277586256118,2.365498837900371,0.0,260990.51483636716,6289.027415862354,19702147.551147964,398.6605046594816,311.57817788543383
0.01150591012467347,0.9833333333333334,0.005,261.59677460898564,27.654277448685622,2.3655004477476003,0.0,260990.5090921116,6289.027415863051,19702145.614121087,398.66049587221227,311.57817445153285
0.01150591012467347,0.9833333333333334,0.015,261.59677460898564,27.654277586256118,2.365498837900371,0.0,260990.51483636716,6289.027415862354,19702147.551147964,398.6605046594816,311.57817788543383
0.01150591012467347,1.0166666666666666,-0.005,261.5967746087671,2.309922340105199e-11,1.975854515218296e-12,0.0,260990.51483630418,6289.992881351052,19731267.5246399,399.2497289206643,311.80835071776835
0.01150591012467347,1.0166666666666666,0.005,261.59677460854857,-27.654277586256114,-2.365498837900371,0.0,260990.51483624117,6289.027415862354,19702147.55110552,398.66050465928885,311.5781778853585
0.01150591012467347,1.0166666666666666,0.015,261.5967746087671,2.309922340105199e-11,1.975854515218296e-12,0.0,260990.51483630418,6289.992881351052,19731267.5246399,399.2497289206643,311.80835071776835
0.012231168551156867,-0.016666666666666666,-0.005,264.58278147871584,49.87939265243628,-8.392254085454415e-19,0.0,262702.24603306595,6289.019199717061,19992256.99339915,399.96527513133725,312.08764133428923
0.012231168551156867,-0.016666666666666666,0.005,264.58278147871584,49.87939265243628,-0.008368353121781828,0.0,262702.24603306595,6289.019199629518,19992256.99072178,399.96527507777364,312.08764131339177
0.012231168551156867,-0.016666666666666666,0.015,264.58278147871584,49.87939265243628,-8.392254085454415e-19,0.0,262702.24603306595,6289.019199717061,19992256.99339915,399.96527513133725,312.08764133428923
0.012231168551156867,0.016666666666666666,-0.005,264.58278147871584,49.87939265243628,0.008368353121781828,0.0,262702.24603306595,6289.019199629518,19992256.990721777,399.96527507777364,312.08764131339177
0.012231168551156867,0.016666666666666666,0.005,264.58278147871584,49.87939261019712,0.008369592037068524,0.0,262702.2419324146,6289.0191996299145,19992255.592879023,399.96526880801736,312.0876388672875
0.012231168551156867,0.016666666666666666,0.015,264.58278147871584,49.87939265243628,0.008368353121781828,0.0,262702.24603306595,6289.019199629518,19992256.990721777,399.96527507777364,312.08764131339177
0.012231168551156867,0.05,-0.005,264.5803933792943,49.632652453976384,0.024603153306409532,0.0,262689.2878348626,6289.01920022938,19992024.451757256,399.964232317423,312.0872344870362
0.012231168551156867,0.05,0.005,264.5803933792943,49.63265229896552,0.024607009326062555,0.0,262689.28361096734,6289.019200229849,19992023.01376443,399.96422586755165,312.087231970658
0.012231168551156867,0.05,0.015,264.5803933792943,49.632652453976384,0.024603153306409532,0.0,262689.2878348626,6289.01920022938,19992024.451757256,399.964232317423,312.0872344870362
0.012231168551156867,0.08333333333333333,-0.005,264.57577227246446,49.37824804266102,0.04075912992046483,0.0,262675.3747950814,6289.019201018137,19991574.479450118,399.9622143306374,312.08644718074896
0.012231168551156867,0.08333333333333333,0.005,264.57577227246446,49.378247752667995,0.04076590362595569,0.0,262675.37029779074,6289.019201018737,19991572.95042824,399.9622074723984,312.08644450504187
0.012231168551156867,0.08333333333333333,0.015,264.57577227246446,49.37824804266102,0.04075912992046483,0.0,262675.3747950814,6289.019201018137,19991574.479450118,399.9622143306374,312.08644718074896
0.012231168551156867,0.11666666666666667,-0.005,264.56860000717677,49.11565456470351,0.057389993875472556,0.0,262660.3961967407,6289.0192020471295,19990876.109012753,399.9590821925236,312.0852251906025
0.012231168551156867,0.11666666666666667,0.005,264.56860000717677,49.11565411193697,0.05740029634498754,0.0,262660.39122473786,6289.019202047949,19990874.4207114,399.9590746197259,312.0852222361024
0.012231168551156867,0.11666666666666667,0.015,264.56860000717677,49.11565456470351,0.057389993875472556,0.0,262660.3961967407,6289.0192020471295,19990876.109012753,399.9590821925236,312.0852251906025
0.012231168551156867,0.15,-0.005,264.5583025676856,48.84428074745876,0.07529772581498516,0.0,262644.16584363533,6289.019203415917,19989873.474393737,399.9545852528115,312.0834707206453
0.012231168551156867,0.15,0.005,264.5583025676856,48.844280093692284,0.07531260052178249,0.0,262644.16010142857,6289.019203417118,19989871.526591837,399.9545765158175,312.08346731191904
0.012231168551156867,0.15,0.015,264.5583025676856,48.84428074745876,0.07529772581498516,0.0,262644.16584363533,6289.019203415917,19989873.474393737,399.9545852528115,312.0834707206453
0.012231168551156867,0.18333333333333332,-0.005,264.5439228545117,48.56345425407637,0.09569980619855487,0.0,262626.38520284585,6289.019205319255,19988473.425034817,399.94830556242226,312.0810206983969
0.012231168551156867,0.18333333333333332,0.005,264.5439228545117,48.56345334308969,0.09572092511622762,0.0,262626.378248929,6289.019205321149,19988471.067965396,399.94829498926657,312.0810165732623
0.012231168551156867,0.18333333333333332,0.015,264.5439228545117,48.56345425407637,0.09569980619855487,0.0,262626.38520284585,6289.019205319255,19988473.425034817,399.94830556242226,312.0810206983969
0.012231168551156867,0.21666666666666667,-0.005,264.5239417754035,48.2724015677831,0.12045262970953664,0.0,262606.5916000051,6289.019208147195,19986528.11401834,399.9395797112462,312.0776162741789
0.012231168551156867,0.21666666666666667,0.005,264.5239417754035,48.27240031441527,0.12048253651773345,0.0,262606.5827846051,6289.0192081504,19986525.12728154,399.9395663129484,312.0776110467532
0.012231168551156867,0.21666666666666667,0.015,264.5239417754035,48.2724015677831,0.12045262970953664,0.0,262606.5916000051,6289.019208147195,19986528.11401834,399.9395797112462,312.0776162741789
0.012231168551156867,0.25,-0.005,264.4960582351086,47.9702211441054,0.15232170284881003,0.0,262584.09447036294,6289.0192126889315,19983813.590373505,399.9274026752561,312.0728652949254
0.012231168551156867,0.25,0.005,264.4960582351086,47.970219420127535,0.15236406027983557,0.0,262584.082872595,6289.019212694671,19983809.6616714,399.92738505023163,312.0728584183125
0.012231168551156867,0.25,0.015,264.4960582351086,47.9702211441054,0.15232170284881003,0.0,262584.09447036294,6289.0192126889315,19983813.590373505,399.9274026752561,312.0728652949254
0.012231168551156867,0.2833333333333333,-0.005,264.45696583375945,47.655849497662444,0.19525495559495343,0.0,262557.9105174791,6289.019220520772,19980008.08338446,399.9103301493349,312.066204174797
0.012231168551156867,0.2833333333333333,0.005,264.45696583375945,47.65584711660587,0.19531470910880264,0.0,262557.89490323846,6289.019220531404,19980002.794301484,399.91030641921276,312.06619491600986
0.012231168551156867,0.2833333333333333,0.015,264.45696583375945,47.655849497662444,0.19525495559495343,0.0,262557.9105174791,6289.019220520772,19980008.08338446,399.9103301493349,312.066204174797
0.012231168551156867,0.31666666666666665,-0.005,264.40220462738625,47.328022035859256,0.25456607575960655,0.0,262526.7203377699,6289.01923466805,19974677.619098313,399.88641351981715,312.0568724786384
0.012231168551156867,0.31666666666666665,0.005,264.40220462738625,47.3280187419649,0.25464939619271754,0.0,262526.69917224406,6289.0192346878475,19974670.44938786,399.88638134792114,312.05685992574695
0.012231168551156867,0.31666666666666665,0.015,264.40220462738625,47.328022035859256,0.25456607575960655,0.0,262526.7203377699,6289.01923466805,19974677.619098313,399.88641351981715,312.0568724786384
0.012231168551156867,0.35,-0.005,264.32621120837763,46.985233871729776,0.33688107216820856,0.0,262488.882042089,6289.019260555694,19967280.98369689,399.8532211932968,312.0439211652146
0.012231168551156867,0.35,0.005,264.32621120837763,46.98522934168711,0.3369949100201477,0.0,262488.85359828937,6289.019260591738,19967271.348065287,399.8531779483739,312.0439042911282
0.012231168551156867,0.35,0.015,264.32621120837763,46.985233871729776,0.33688107216820856,0.0,262488.882042089,6289.019260555694,19967280.98369689,399.8532211932968,312.0439211652146
0.012231168551156867,0.38333333333333336,-0.005,264.2227178798322,46.62570975319545,0.4496690111845955,0.0,262442.54532183544,6289.01930700926,19957208.71804789,399.8080119666856,312.02628011297685
0.012231168551156867,0.38333333333333336,0.005,264.2227178798322,46.62570362159802,0.44982012142187705,0.0,262442.507919857,6289.019307071888,19957196.047170598,399.8079550844589,312.02625791638536
0.012231168551156867,0.38333333333333336,0.015,264.2227178798322,46.62570975319545,0.4496690111845955,0.0,262442.54532183544,6289.01930700926,19957208.71804789,399.8080119666856,312.02628011297685
0.012231168551156867,0.4166666666666667,-0.005,264.08562885773637,46.24739457907068,0.600205372896754,0.0,262385.9026789974,6289.019386607437,19943868.570032243,399.74811619251045,312.0029066999117
0.012231168551156867,0.4166666666666667,0.005,264.08562885773637,46.2473864968492,0.6003987869378211,0.0,262385.8550611037,6289.01938670927,19943852.437556356,399.7480437433084,312.00287842665443
0.012231168551156867,0.4166666666666667,0.015,264.08562885773637,46.24739457907068,0.600205372896754,0.0,262385.9026789974,6289.019386607437,19943868.570032243,399.74811619251045,312.0029066999117
0.012231168551156867,0.45,-0.005,263.91039624978856,45.84797353772476,0.7939404838150782,0.0,262317.58392420394,6289.019514237604,19926819.52874296,399.671534881687,311.97301945959117
0.012231168551156867,0.45,0.005,263.91039624978856,45.847963264652364,0.7941776226613995,0.0,262317.52571666846,6289.019514390116,19926799.807748485,399.6714462712792,311.97298487612
0.012231168551156867,0.45,0.015,263.91039624978856,45.84797353772476,0.7939404838150782,0.0,262317.58392420394,6289.019514237604,19926819.52874296,399.671534881687,311.97301945959117
0.012231168551156867,0.48333333333333334,-0.005,263.69572330298763,45.424920532525576,1.032474627570154,0.0,262237.1435097933,6289.019702856355,19905937.494739518,399.5776823771685,311.9363879187573
0.012231168551156867,0.48333333333333334,0.005,263.69572330298763,45.424908049800024,1.0327515189485532,0.0,262237.0756562377,6289.01970306398,19905914.504720557,399.5775790083447,311.9363475705333
0.012231168551156867,0.48333333333333334,0.015,263.69572330298763,45.424920532525576,1.032474627570154,0.0,262237.1435097933,6289.019702856355,19905937.494739518,399.5776823771685,311.9363879187573
0.012231168551156867,0.5166666666666667,-0.005,263.4451791315014,44.975554334657524,1.3116272015647323,0.0,262145.52035813226,6289.019956860611,19881571.969173517,399.4680929501975,311.8936086598682
0.012231168551156867,0.5166666666666667,0.005,263.4451791315014,44.97553994544073,1.3119334709371542,0.0,262145.44535969617,6289.019957114638,19881546.557730876,399.4679785968942,311.8935640179211
0.012231168551156867,0.5166666666666667,0.015,263.4451791315014,44.975554334657524,1.3116272015647323,0.0,262145.52035813226,6289.019956860611,19881571.969173517,399.4680929501975,311.8936086598682
0.012231168551156867,0.55,-0.005,263.1681192659675,44.4970575655698,1.6203126590835233,0.0,262045.29611749412,6289.020265947793,19854634.820948504,399.3468289259361,311.8462652730775
0.012231168551156867,0.55,0.005,263.1681192659675,44.497041938940384,1.6206319604233377,0.0,262045.21791918302,6289.020266224208,19854608.325518534,399.34670957439556,311.84621867281396
0.012231168551156867,0.55,0.015,263.1681192659675,44.4970575655698,1.6203126590835233,0.0,262045.29611749412,6289.020265947793,19854634.820948504,399.3468289259361,311.8462652730775
0.012231168551156867,0.5833333333333334,-0.005,262.87930542657983,43.98639027285484,1.9409428362816294,0.0,261940.57869976846,6289.020604100326,19826562.386725247,399.2203255865946,311.7968687138427
0.012231168551156867,0.5833333333333334,0.005,262.87930542657983,43.98637433848015,1.9412550604877483,0.0,261940.50214280406,6289.0206043652615,19826536.44960724,399.2202086188056,311.79682303706886
0.012231168551156867,0.5833333333333334,0.015,262.87930542657983,43.98639027285484,1.9409428362816294,0.0,261940.57869976846,6289.020604100326,19826562.386725247,399.2203255865946,311.7968687138427
0.012231168551156867,0.6166666666666667,-0.005,262.59690929439233,43.43989321901957,2.2517322104156103,0.0,261836.41647587973,6289.0209369598115,19799120.752590027,399.09653127683515,311.7485223892626
0.012231168551156867,0.6166666666666667,0.005,262.59690929439233,43.43987784435849,2.2520171832164784,0.0,261836.3463889135,6289.020937181666,19799097.014623743,399.0964241014394,311.7484805299994
0.012231168551156867,0.6166666666666667,0.015,262.59690929439233,43.43989321901957,2.2517322104156103,0.0,261836.41647587973,6289.0209369598115,19799120.752590027,399.09653127683515,311.7485223892626
0.012231168551156867,0.65,-0.005,262.33915443189704,42.853045312528046,2.5306476011761183,0.0,261737.8386709564,6289.021234762628,19774079.367254224,398.9834456786717,311.7043516647871
0.012231168551156867,0.65,0.005,262.33915443189704,42.853031721420024,2.530889324265932,0.0,261737.77888479191,6289.021234923496,19774059.12349134,398.983354176044,311.7043159217392
0.012231168551156867,0.65,0.015,262.33915443189704,42.853045312528046,2.5306476011761183,0.0,261737.8386709564,6289.021234762628,19774079.367254224,398.9834456786717,311.7043516647871
0.012231168551156867,0.6833333333333333,-0.005,262.1205018698972,42.21987389181807,2.759914761045965,0.0,261648.75701631306,6289.021484155385,19752841.09121253,398.8874459423046,311.6668496880677
0.012231168551156867,0.6833333333333333,0.005,262.1205018698972,42.219862969437244,2.7601046656477806,0.0,261648.7095606788,6289.021484256018,19752825.02540753,398.8873732507714,311.6668212896531
0.012231168551156867,0.6833333333333333,0.015,262.1205018698972,42.21987389181807,2.759914761045965,0.0,261648.75701631306,6289.021484155385,19752841.09121253,398.8874459423046,311.6668496880677
0.012231168551156867,0.7166666666666667,-0.005,261.9486811483736,41.531604219931886,2.9294971266980907,0.0,261571.07922896664,6289.021691449486,19736154.752597477,398.8119706243946,311.6373623381427
0.012231168551156867,0.7166666666666667,0.005,261.9486811483736,41.53159621648415,2.929635168327878,0.0,261571.0440678588,6289.021691504051,19736142.850368254,398.81191672660754,311.63734127989215
0.012231168551156867,0.7166666666666667,0.015,261.9486811483736,41.531604219931886,2.9294971266980907,0.0,261571.07922896664,6289.021691449486,19736154.752597477,398.8119706243946,311.6373623381427
0.012231168551156867,0.75,-0.005,261.8236958336219,40.77544205547936,3.0382247286853166,0.0,261504.39288772712,6289.021876536646,19724019.29829775,398.7570648585043,311.6159095254372
0.012231168551156867,0.75,0.005,261.8236958336219,40.775436741389186,3.0383179430894085,0.0,261504.3682800191,6289.0218765629015,19724010.968229584,398.75702711314267,311.61589477703956
0.012231168551156867,0.75,0.015,261.8236958336219,40.77544205547936,3.0382247286853166,0.0,261504.39288772712,6289.021876536646,19724019.29829775,398.7570648585043,311.6159095254372
0.012231168551156867,0.7833333333333333,-0.005,261.73914589796357,39.932670774384796,3.0920845553010206,0.0,261446.28566234035,6289.022063995719,19715812.487845995,398.719948468171,311.60140655118715
0.012231168551156867,0.7833333333333333,0.005,261.73914589796357,39.932667592854735,3.092143797310577,0.0,261446.26894756057,6289.022064007634,19715806.82840083,398.71992281289533,311.6013965263312
0.012231168551156867,0.7833333333333333,0.015,261.73914589796357,39.932670774384796,3.0920845553010206,0.0,261446.28566234035,6289.022063995719,19715812.487845995,398.719948468171,311.60140655118715
0.012231168551156867,0.8166666666666667,-0.005,261.68518001549825,38.97534726824907,3.100413859213363,0.0,261393.0895370389,6289.022278580761,19710577.52324098,398.69631131442765,311.59217014409944
0.012231168551156867,0.8166666666666667,0.005,261.68518001549825,38.97534555540056,3.100450225911319,0.0,261393.0779953174,6289.022278586484,19710573.613965925,398.69629358814313,311.59216321730906
0.012231168551156867,0.8166666666666667,0.015,261.68518001549825,38.97534726824907,3.100413859213363,0.0,261393.0895370389,6289.022278580761,19710577.52324098,398.69631131442765,311.59217014409944
0.012231168551156867,0.85,-0.005,261.6517196962871,37.859720436157666,3.0714559375020585,0.0,261340.6136473628,6289.022548318443,19707336.049891602,398.6817375641953,311.58647519805663
0.012231168551156867,0.85,0.005,261.6517196962871,37.85971960755872,3.0714782680258703,0.0,261340.60509993762,6289.022548321764,19707333.154210698,398.68172443185586,311.58647006632003
0.012231168551156867,0.85,0.015,261.6517196962871,37.859720436157666,3.0714559375020585,0.0,261340.6136473628,6289.022548318443,19707336.049891602,398.6817375641953,311.58647519805663
0.012231168551156867,0.8833333333333333,-0.005,261.63069213959943,36.51129584307022,3.0083475014251406,0.0,261284.37230162558,6289.022917232662,19705305.181024835,398.6727003503013,311.5829436974697
0.012231168551156867,0.8833333333333333,0.005,261.63069213959943,36.51129548192361,3.00836152615384,0.0,261284.3653138683,6289.022917235078,19705302.814425826,398.67268961642225,311.5829395029342
0.012231168551156867,0.8833333333333333,0.015,261.63069213959943,36.51129584307022,3.0083475014251406,0.0,261284.37230162558,6289.022917232662,19705305.181024835,398.6727003503013,311.5829436974697
0.012231168551156867,0.9166666666666666,-0.005,261.6167344934179,34.78490507254135,2.904702949756977,0.0,261218.729864928,6289.023482766224,19703966.9160487,398.6668973163514,311.5806760064808
0.012231168551156867,0.9166666666666666,0.005,261.6167344934179,34.784904916383944,2.9047117403158436,0.0,261218.72363477323,6289.023482768232,19703964.808102753,398.6668877550332,311.58067227012594
0.012231168551156867,0.9166666666666666,0.015,261.6167344934179,34.78490507254135,2.904702949756977,0.0,261218.729864928,6289.023482766224,19703966.9160487,398.6668973163514,311.5806760064808
0.012231168551156867,0.95,-0.005,261.6065597133074,32.32324093639777,2.732734163479686,0.0,261133.14965735088,6289.024568836176,19703011.74086064,398.66307812011337,311.57918354422264
0.012231168551156867,0.95,0.005,261.6065597133074,32.32324079135057,2.732739093271046,0.0,261133.1437781546,6289.0245688377045,19703009.755210448,398.66306911298796,311.5791800244174
0.012231168551156867,0.95,0.015,261.6065597133074,32.32324093639777,2.732734163479686,0.0,261133.14965735088,6289.024568836176,19703011.74086064,398.66307812011337,311.57918354422264
0.012231168551156867,0.9833333333333333,-0.005,261.59677455418455,27.65427758853179,2.3654988384588567,0.0,260990.51482063046,6289.027415862291,19702147.545826543,398.6605046353101,311.57817787598805
0.012231168551156867,0.9833333333333333,0.005,261.59677455418455,27.65427745096147,2.3655004483060753,0.0,260990.50907637298,6289.027415862987,19702145.608799025,398.66049584803784,311.578174442086
0.012231168551156867,0.9833333333333333,0.015,261.59677455418455,27.65427758853179,2.3654988384588567,0.0,260990.51482063046,6289.027415862291,19702147.545826543,398.6605046353101,311.57817787598805
0.012231168551156867,1.0166666666666668,-0.005,261.5967745539591,2.3738936998107127e-11,2.030612608444192e-12,0.0,260990.51482056544,6289.992881351208,19731267.519316565,399.249728896588,311.80835070836673
0.012231168551156867,1.0166666666666668,0.005,261.5967745537336,-27.654277588531976,-2.365498838458872,0.0,260990.51482050042,6289.027415862291,19702147.545782756,398.6605046351112,311.57817787591034
0.012231168551156867,1.0166666666666668,0.015,261.5967745539591,2.3738936998107127e-11,2.030612608444192e-12,0.0,260990.51482056544,6289.992881351208,19731267.519316565,399.249728896588,311.80835070836673
0.01295642697764026,-0.016666666666666666,-0.005,264.5827814739778,49.87939265249925,0.0,0.0,262702.24603172217,6289.019199717073,19992256.992938578,399.9652751292768,312.08764133348535
0.01295642697764026,-0.016666666666666666,0.005,264.5827814739778,49.87939265249925,-0.008368353408912134,0.0,262702.24603172217,6289.019199629529,19992256.990261197,399.9652750757132,312.08764131258783
0.01295642697764026,-0.016666666666666666,0.015,264.5827814739778,49.87939265249925,0.0,0.0,262702.24603172217,6289.019199717073,19992256.992938578,399.9652751292768,312.08764133348535
0.01295642697764026,0.016666666666666666,-0.005,264.5827814739778,49.87939265249925,0.008368353408912134,0.0,262702.2460317221,6289.019199629528,19992256.990261193,399.96527507571307,312.0876413125878
0.01295642697764026,0.016666666666666666,0.005,264.5827814739778,49.8793926102601,0.008369592324282919,0.0,262702.24193106906,6289.019199629925,19992255.592417885,399.9652688059542,312.0876388664826
0.01295642697764026,0.016666666666666666,0.015,264.5827814739778,49.87939265249925,0.008368353408912134,0.0,262702.2460317221,6289.019199629528,19992256.990261193,399.96527507571307,312.0876413125878
0.01295642697764026,0.05,-0.005,264.5803933744271,49.632652454039274,0.02460315418894332,0.0,262689.28783347603,6289.019200229376,19992024.451283664,399.96423231529707,312.08723448620674
0.01295642697764026,0.05,0.005,264.5803933744271,49.63265229902842,0.024607010208862447,0.0,262689.2836095791,6289.019200229845,19992023.013290267,399.9642258654232,312.0872319698276
0.01295642697764026,0.05,0.015,264.5803933744271,49.632652454039274,0.02460315418894332,0.0,262689.28783347603,6289.019200229376,19992024.451283664,399.96423231529707,312.08723448620674
0.01295642697764026,0.08333333333333333,-0.005,264.57577226730933,49.37824804272213,0.0407591314693569,0.0,262675.3747936111,6289.019201018131,19991574.478948418,399.9622143283835,312.08644717986965
0.01295642697764026,0.08333333333333333,0.005,264.57577226730933,49.37824775272913,0.04076590517534368,0.0,262675.37029631867,6289.019201018729,19991572.94992592,399.9622074701418,312.0864445041615
0.01295642697764026,0.08333333333333333,0.015,264.57577226730933,49.37824804272213,0.0407591314693569,0.0,262675.3747936111,6289.019201018131,19991574.478948418,399.9622143283835,312.08644717986965
0.01295642697764026,0.11666666666666667,-0.005,264.5686000015263,49.115654564759865,0.05738999622829539,0.0,262660.39619513066,6289.019202047127,19990876.108463015,399.9590821900563,312.0852251896399
0.01295642697764026,0.11666666666666667,0.005,264.5686000015263,49.11565411199333,0.057400298698625354,0.0,262660.3912231257,6289.019202047945,19990874.420160964,399.9590746172553,312.08522223513853
0.01295642697764026,0.11666666666666667,0.015,264.5686000015263,49.115654564759865,0.05738999622829539,0.0,262660.39619513066,6289.019202047127,19990876.108463015,399.9590821900563,312.0852251896399
0.01295642697764026,0.15,-0.005,264.5583025612485,48.84428074750589,0.07529772920726643,0.0,262644.1658418031,6289.01920341592,19989873.47376771,399.95458525000475,312.08347071955023
0.01295642697764026,0.15,0.005,264.5583025612485,48.84428009373943,0.07531260391534025,0.0,262644.1600995939,6289.0192034171205,19989871.525964987,399.95457651300705,312.0834673108225
0.01295642697764026,0.15,0.015,264.5583025612485,48.84428074750589,0.07529772920726643,0.0,262644.1658418031,6289.01920341592,19989873.47376771,399.95458525000475,312.08347071955023
0.01295642697764026,0.18333333333333332,-0.005,264.5439228468669,48.56345425410617,0.09569981100716705,0.0,262626.385200665,6289.019205319249,19988473.424291097,399.94830555908317,312.0810206970942
0.01295642697764026,0.18333333333333332,0.005,264.5439228468669,48.563453343119484,0.09572092992678424,0.0,262626.3782467451,6289.019205321143,19988471.06722065,399.9482949859228,312.08101657195766
0.01295642697764026,0.18333333333333332,0.015,264.5439228468669,48.56345425410617,0.09569981100716705,0.0,262626.385200665,6289.019205319249,19988473.424291097,399.94830555908317,312.0810206970942
0.01295642697764026,0.21666666666666667,-0.005,264.5239417659246,48.27240156778254,0.12045263650728952,0.0,262606.5915973062,6289.019208147204,19986528.11309677,399.9395797071163,312.07761627256764
0.01295642697764026,0.21666666666666667,0.005,264.5239417659246,48.272400314414696,0.12048254331837437,0.0,262606.5827819023,6289.019208150409,19986525.12635866,399.9395663088126,312.07761104513963
0.01295642697764026,0.21666666666666667,0.015,264.5239417659246,48.27240156778254,0.12045263650728952,0.0,262606.5915973062,6289.019208147204,19986528.11309677,399.9395797071163,312.07761627256764
0.01295642697764026,0.25,-0.005,264.4960582229262,47.97022114405257,0.15232171246089088,0.0,262584.0944668876,6289.019212688932,19983813.58918885,399.92740266994133,312.0728652928518
0.01295642697764026,0.25,0.005,264.4960582229262,47.97021942007467,0.15236406989607848,0.0,262584.0828691145,6289.019212694672,19983809.660485003,399.927385044909,312.07285841623576
0.01295642697764026,0.25,0.015,264.4960582229262,47.97022114405257,0.15232171246089088,0.0,262584.0944668876,6289.019212688932,19983813.58918885,399.92740266994133,312.0728652928518
0.01295642697764026,0.2833333333333333,-0.005,264.45696581768425,47.655849497526496,0.19525496913533394,0.0,262557.9105128906,6289.019220520775,19980008.081821386,399.9103301423215,312.0662041720606
0.01295642697764026,0.2833333333333333,0.005,264.45696581768425,47.65584711646985,0.19531472265495944,0.0,262557.8948986431,6289.019220531407,19980002.792736065,399.91030641218885,312.0661949132694
0.01295642697764026,0.2833333333333333,0.015,264.45696581768425,47.655849497526496,0.19525496913533394,0.0,262557.9105128906,6289.019220520775,19980008.081821386,399.9103301423215,312.0662041720606
0.01295642697764026,0.31666666666666665,-0.005,264.4022046059138,47.32802203559584,0.254566094616845,0.0,262526.72033163585,6289.019234668048,19974677.61701046,399.8864135104454,312.0568724749817
0.01295642697764026,0.31666666666666665,0.005,264.4022046059138,47.32801874170138,0.2546494150576127,0.0,262526.6991661007,6289.019234687847,19974670.447296854,399.88638133853505,312.05685992208475
0.01295642697764026,0.31666666666666665,0.015,264.4022046059138,47.32802203559584,0.254566094616845,0.0,262526.72033163585,6289.019234668048,19974677.61701046,399.8864135104454,312.0568724749817
0.01295642697764026,0.35,-0.005,264.3262111797491,46.98523387128456,0.33688109790478865,0.0,262488.8820339104,6289.019260555701,19967280.980913687,399.8532211808044,312.0439211603401
0.01295642697764026,0.35,0.005,264.3262111797491,46.98522934124172,0.3369949357663353,0.0,262488.8535900985,6289.019260591745,19967271.345277913,399.85317793586273,312.0439042862463
0.01295642697764026,0.35,0.015,264.3262111797491,46.98523387128456,0.33688109790478865,0.0,262488.8820339104,6289.019260555701,19967280.980913687,399.8532211808044,312.0439211603401
0.01295642697764026,0.38333333333333336,-0.005,264.2227178422241,46.625709752508065,0.4496690453171049,0.0,262442.5453110911,6289.019307009279,19957208.714392275,399.8080119502751,312.02628010657315
0.01295642697764026,0.38333333333333336,0.005,264.2227178422241,46.62570362091042,0.4498201555656877,0.0,262442.50790909684,6289.019307071907,19957196.043509617,399.80795506802417,312.0262579099722
0.01295642697764026,0.38333333333333336,0.015,264.2227178422241,46.625709752508065,0.4496690453171049,0.0,262442.5453110911,6289.019307009279,19957208.714392275,399.8080119502751,312.02628010657315
0.01295642697764026,0.4166666666666667,-0.005,264.0856288095628,46.24739457808898,0.6002054165511966,0.0,262385.90266523365,6289.019386607467,19943868.565350316,399.7481161714848,312.0029066917064
0.01295642697764026,0.4166666666666667,0.005,264.0856288095628,46.247386495867275,0.6003988306045743,0.0,262385.8550473206,6289.019386709302,19943852.432867795,399.74804372225304,312.0028784184376
0.01295642697764026,0.4166666666666667,0.015,264.0856288095628,46.24739457808898,0.6002054165511966,0.0,262385.90266523365,6289.019386607467,19943868.565350316,399.7481161714848,312.0029066917064
0.01295642697764026,0.45,-0.005,263.9103961901049,45.84797353642478,0.7939405373016405,0.0,262317.5839071487,6289.019514237641,19926819.522943087,399.67153485562295,311.9730194494187
0.01295642697764026,0.45,0.005,263.9103961901049,45.84796326335218,0.7941776761601619,0.0,262317.52569959016,6289.019514390151,19926799.801940758,399.6714462451799,311.97298486593377
0.01295642697764026,0.45,0.015,263.9103961901049,45.84797353642478,0.7939405373016405,0.0,262317.5839071487,6289.019514237641,19926819.522943087,399.67153485562295,311.9730194494187
0.01295642697764026,0.48333333333333334,-0.005,263.69572323189425,45.42492053093247,1.0324746899838242,0.0,262237.14348947897,6289.0197028564035,19905937.487832166,399.5776823461048,311.9363879066321
0.01295642697764026,0.48333333333333334,0.005,263.69572323189425,45.42490804820681,1.0327515813729002,0.0,262237.07563589746,6289.019703064029,19905914.49780436,399.5775789772413,311.93634755839264
0.01295642697764026,0.48333333333333334,0.015,263.69572323189425,45.42492053093247,1.0324746899838242,0.0,262237.14348947897,6289.0197028564035,19905937.487832166,399.5776823461048,311.9363879066321
0.01295642697764026,0.5166666666666667,-0.005,263.44517905043074,44.97555433286487,1.3116272705616572,0.0,262145.52033496904,6289.019956860669,19881571.96129833,399.4680929147485,311.8936086460294
0.01295642697764026,0.5166666666666667,0.005,263.44517905043074,44.97553994364808,1.3119335399418142,0.0,262145.44533650513,6289.019957114694,19881546.549846258,399.4679785614026,311.89356400406564
0.01295642697764026,0.5166666666666667,0.015,263.44517905043074,44.97555433286487,1.3116272705616572,0.0,262145.52033496904,6289.019956860669,19881571.96129833,399.4680929147485,311.8936086460294
0.01295642697764026,0.55,-0.005,263.16811917768587,44.49705756374609,1.6203127309810241,0.0,262045.29609227518,6289.020265947857,19854634.812374745,399.34682888730345,311.8462652579936
0.01295642697764026,0.55,0.005,263.16811917768587,44.49704193711688,1.6206320323245946,0.0,262045.21789393618,6289.020266224275,19854608.31693531,399.34670953572015,311.84621865771334
0.01295642697764026,0.55,0.015,263.16811917768587,44.49705756374609,1.6203127309810241,0.0,262045.29609227518,6289.020265947857,19854634.812374745,399.34682888730345,311.8462652579936
0.01295642697764026,0.5833333333333334,-0.005,262.8793053348469,43.98639027121333,1.9409429065585988,0.0,261940.578673563,6289.020604100381,19826562.377817824,399.2203255464086,311.79686869814975
0.01295642697764026,0.5833333333333334,0.005,262.8793053348469,43.98637433683895,1.9412551307641708,0.0,261940.50211657226,6289.020604365318,19826536.44069091,399.2202085785793,311.7968230213602
0.01295642697764026,0.5833333333333334,0.015,262.8793053348469,43.98639027121333,1.9409429065585988,0.0,261940.578673563,6289.020604100381,19826562.377817824,399.2203255464086,311.79686869814975
0.01295642697764026,0.6166666666666667,-0.005,262.5969092032665,43.439893217746,2.2517322745454784,0.0,261836.4164498474,6289.02093695986,19799120.74374308,399.096531236876,311.7485223736558
0.01295642697764026,0.6166666666666667,0.005,262.5969092032665,43.439877843085455,2.252017247342062,0.0,261836.34636285802,6289.020937181715,19799097.005768973,399.09642406144485,311.7484805143788
0.01295642697764026,0.6166666666666667,0.015,262.5969092032665,43.439893217746,2.2517322745454784,0.0,261836.4164498474,6289.02093695986,19799120.74374308,399.096531236876,311.7485223736558
0.01295642697764026,0.65,-0.005,262.3391543449164,42.85304531187583,2.5306476555790316,0.0,261737.83864611067,6289.021234762671,19774079.35881092,398.9834456404962,311.70435164987487
0.01295642697764026,0.65,0.005,262.3391543449164,42.85303172076858,2.53088937866213,0.0,261737.77885992726,6289.021234923539,19774059.11504163,398.98335413783946,311.70431590681557
0.01295642697764026,0.65,0.015,262.3391543449164,42.85304531187583,2.5306476555790316,0.0,261737.83864611067,6289.021234762671,19774079.35881092,398.9834456404962,311.70435164987487
0.01295642697764026,0.6833333333333333,-0.005,262.12050178937506,42.21987389195216,2.759914803816092,0.0,261648.75699331035,6289.021484155406,19752841.083396453,398.887445906927,311.66684967424675
0.01295642697764026,0.6833333333333333,0.005,262.12050178937506,42.21986296957212,2.7601047084103936,0.0,261648.7095376617,6289.02148425604,19752825.017586567,398.8873732153718,311.66682127582345
0.01295642697764026,0.6833333333333333,0.015,262.12050178937506,42.21987389195216,2.759914803816092,0.0,261648.75699331035,6289.021484155406,19752841.083396453,398.887445906927,311.66684967424675
0.01295642697764026,0.7166666666666667,-0.005,261.94868107506585,41.53160422086552,2.929497157842848,0.0,261571.07920801998,6289.021691449481,19736154.745481357,398.81197059215253,311.6373623255455
0.01295642697764026,0.7166666666666667,0.005,261.94868107506585,41.5315962174185,2.929635199465792,0.0,261571.04404690178,6289.021691504047,19736142.84324863,398.81191669434963,311.6373412672888
0.01295642697764026,0.7166666666666667,0.015,261.94868107506585,41.53160422086552,2.929497157842848,0.0,261571.07920801998,6289.021691449481,19736154.745481357,398.81197059215253,311.6373623255455
0.01295642697764026,0.75,-0.005,261.82369576687836,40.77544205711892,3.0382247497958446,0.0,261504.39286866045,6289.021876536644,19724019.291818988,398.7570648291367,311.61590951396227
0.01295642697764026,0.75,0.005,261.82369576687836,40.77543674302937,3.0383179641946643,0.0,261504.36826094534,6289.021876562899,19724010.961748417,398.7570270837643,311.6158947655605
0.01295642697764026,0.75,0.015,261.82369576687836,40.77544205711892,3.0382247497958446,0.0,261504.39286866045,6289.021876536644,19724019.291818988,398.7570648291367,311.61590951396227
0.01295642697764026,0.7833333333333333,-0.005,261.7391458362831,39.93267077657072,3.0920845688168317,0.0,261446.28564472345,6289.02206399572,19715812.481858756,398.71994844102414,311.6014065405795
0.01295642697764026,0.7833333333333333,0.005,261.7391458362831,39.932667595041124,3.0921438108229053,0.0,261446.2689299387,6289.022064007634,19715806.822411947,398.7199227857409,311.6013965157205
0.01295642697764026,0.7833333333333333,0.015,261.7391458362831,39.93267077657072,3.0920845688168317,0.0,261446.28564472345,6289.02206399572,19715812.481858756,398.71994844102414,311.6014065405795
0.01295642697764026,0.8166666666666667,-0.005,261.68517995717303,38.97534727080369,3.1004138676201523,0.0,261393.08952037507,6289.022278580748,19710577.517578986,398.69631128874397,311.59217013406317
0.01295642697764026,0.8166666666666667,0.005,261.68517995717303,38.97534555795553,3.100450234316125,0.0,261393.07797865002,6289.022278586471,19710573.608302765,398.696293562454,311.59216320727074
0.01295642697764026,0.8166666666666667,0.015,261.68517995717303,38.97534727080369,3.1004138676201523,0.0,261393.08952037507,6289.022278580748,19710577.517578986,398.69631128874397,311.59217013406317
0.01295642697764026,0.85,-0.005,261.65171963987046,37.85972043893242,3.0714559427748966,0.0,261340.61363124658,6289.022548318442,19707336.04441523,398.68173753935605,311.5864751883502
0.01295642697764026,0.85,0.005,261.65171963987046,37.85971961033376,3.0714782732977253,0.0,261340.60508381875,6289.022548321764,19707333.14873342,398.6817244070125,311.586470056612
0.01295642697764026,0.85,0.015,261.65171963987046,37.85972043893242,3.0714559427748966,0.0,261340.61363124658,6289.022548318442,19707336.04441523,398.68173753935605,311.5864751883502
0.01295642697764026,0.8833333333333333,-0.005,261.6306920841356,36.511295845957754,3.008347504840928,0.0,261284.37228577427,6289.022917232656,19705305.17564076,398.6727003258757,311.58294368792485
0.01295642697764026,0.8833333333333333,0.005,261.6306920841356,36.51129548481137,3.0083615295691906,0.0,261284.36529801472,6289.022917235073,19705302.809040986,398.6726895919933,311.582939493388
0.01295642697764026,0.8833333333333333,0.015,261.6306920841356,36.511295845957754,3.008347504840928,0.0,261284.37228577427,6289.022917232656,19705305.17564076,398.6727003258757,311.58294368792485
0.01295642697764026,0.9166666666666666,-0.005,261.6167344383808,34.78490507547593,2.9047029519979435,0.0,261218.72984918382,6289.023482766197,19703966.910705473,398.6668972921006,311.58067599700416
0.01295642697764026,0.9166666666666666,0.005,261.6167344383808,34.78490491931873,2.9047117425566285,0.0,261218.72361902698,6289.023482768205,19703964.802758828,398.6668877307793,311.58067226064804
0.01295642697764026,0.9166666666666666,0.015,261.6167344383808,34.78490507547593,2.9047029519979435,0.0,261218.72984918382,6289.023482766197,19703966.910705473,398.6668972921006,311.58067599700416
0.01295642697764026,0.9500000000000001,-0.005,261.6065596584404,32.323240939338305,2.732734164849937,0.0,261133.14964164598,6289.024568836151,19703011.735533994,398.6630780959377,311.57918353477527
0.01295642697764026,0.9500000000000001,0.005,261.6065596584404,32.32324079429131,2.7327390946412273,0.0,261133.14376244775,6289.02456883768,19703009.749883145,398.6630690888093,311.5791800149688
0.01295642697764026,0.9500000000000001,0.015,261.6065596584404,32.323240939338305,2.732734164849937,0.0,261133.14964164598,6289.024568836151,19703011.735533994,398.6630780959377,311.57918353477527
0.01295642697764026,0.9833333333333334,-0.005,261.59677449938846,27.65427759080723,2.365498839017389,0.0,260990.51480489082,6289.027415862216,19702147.540505294,398.6605046111342,311.5781778665406
0.01295642697764026,0.9833333333333334,0.005,261.59677449938846,27.654277453237093,2.365500448864598,0.0,260990.50906063145,6289.027415862913,19702145.603477124,398.660495823859,311.57817443263735
0.01295642697764026,0.9833333333333334,0.015,261.59677449938846,27.65427759080723,2.365498839017389,0.0,260990.51480489082,6289.027415862216,19702147.540505294,398.6605046111342,311.5781778665406
0.01295642697764026,1.0166666666666666,-0.005,261.596774499156,2.4559439219354843e-11,2.100581283032836e-12,0.0,260990.5148048238,6289.9928813513525,19731267.513993397,399.2497288725072,311.80835069896335
0.01295642697764026,1.0166666666666666,0.005,261.59677449892365,-27.65427759080723,-2.3654988390173894,0.0,260990.51480475673,6289.027415862215,19702147.540460162,398.660504610929,311.5781778664604
0.01295642697764026,1.0166666666666666,0.015,261.596774499156,2.4559439219354843e-11,2.100581283032836e-12,0.0,260990.5148048238,6289.9928813513525,19731267.513993397,399.2497288725072,311.80835069896335
0.013681685404123654,-0.016666666666666666,-0.005,264.58278146924476,49.879392652561855,0.0,0.0,262702.24603037414,6289.0191997170705,19992256.99247806,399.96527512720985,312.0876413326789
0.013681685404123654,-0.016666666666666666,0.005,264.58278146924476,49.879392652561855,-0.008368353696203151,0.0,262702.24603037414,6289.019199629526,19992256.989800684,399.96527507364624,312.08764131178145
0.013681685404123654,-0.016666666666666666,0.015,264.58278146924476,49.879392652561855,0.0,0.0,262702.24603037414,6289.0191997170705,19992256.99247806,399.96527512720985,312.0876413326789
0.013681685404123654,0.016666666666666666,-0.005,264.5827814692448,49.879392652561855,0.008368353696203151,0.0,262702.24603037414,6289.019199629526,19992256.989800684,399.96527507364624,312.08764131178145
0.013681685404123654,0.016666666666666666,0.005,264.5827814692448,49.87939261032271,0.008369592611657711,0.0,262702.2419297195,6289.019199629923,19992255.59195682,399.96526880388495,312.0876388656753
0.013681685404123654,0.016666666666666666,0.015,264.5827814692448,49.879392652561855,0.008368353696203151,0.0,262702.24603037414,6289.019199629526,19992256.989800684,399.96527507364624,312.08764131178145
0.013681685404123654,0.05,-0.005,264.58039336955784,49.63265245410252,0.02460315507144874,0.0,262689.28783209226,6289.019200229382,19992024.450810138,399.96423231317544,312.08723448537904
0.013681685404123654,0.05,0.005,264.58039336955784,49.632652299091674,0.024607011091634098,0.0,262689.2836081936,6289.01920022985,19992023.01281616,399.9642258632989,312.0872319689989
0.013681685404123654,0.05,0.015,264.58039336955784,49.63265245410252,0.02460315507144874,0.0,262689.28783209226,6289.019200229382,19992024.450810138,399.96423231317544,312.08723448537904
0.013681685404123654,0.08333333333333333,-0.005,264.57577226215125,49.37824804278387,0.040759133018035694,0.0,262675.3747921447,6289.019201018135,19991574.478446785,399.9622143261355,312.08644717899256
0.013681685404123654,0.08333333333333333,0.005,264.57577226215125,49.378247752790884,0.040765906724519095,0.0,262675.3702948504,6289.019201018733,19991572.949423667,399.9622074678909,312.08644450328336
0.013681685404123654,0.08333333333333333,0.015,264.57577226215125,49.37824804278387,0.040759133018035694,0.0,262675.3747921447,6289.019201018135,19991574.478446785,399.9622143261355,312.08644717899256
0.013681685404123654,0.11666666666666667,-0.005,264.56859999587425,49.115654564816325,0.05738999858137398,0.0,262660.39619352226,6289.019202047129,19990876.10791329,399.9590821875914,312.08522518867824
0.013681685404123654,0.11666666666666667,0.005,264.56859999587425,49.1156541120498,0.057400301052519705,0.0,262660.3912215153,6289.019202047947,19990874.41961054,399.95907461478737,312.08522223417566
0.013681685404123654,0.11666666666666667,0.015,264.56859999587425,49.115654564816325,0.05738999858137398,0.0,262660.39619352226,6289.019202047129,19990876.10791329,399.9590821875914,312.08522518867824
0.013681685404123654,0.15,-0.005,264.5583025548146,48.84428074755279,0.07529773259965977,0.0,262644.1658399666,6289.019203415911,19989873.4731416,399.9545852471915,312.0834707184527
0.013681685404123654,0.15,0.005,264.5583025548146,48.84428009378633,0.07531260730901003,0.0,262644.1600977551,6289.019203417111,19989871.525338057,399.9545765101902,312.0834673097236
0.013681685404123654,0.15,0.015,264.5583025548146,48.84428074755279,0.07529773259965977,0.0,262644.1658399666,6289.019203415911,19989873.4731416,399.9545852471915,312.0834707184527
0.013681685404123654,0.18333333333333332,-0.005,264.5439228392206,48.563454254135884,0.09569981581536587,0.0,262626.38519848505,6289.019205319247,19988473.423547335,399.9483055557455,312.081020695792
0.013681685404123654,0.18333333333333332,0.005,264.5439228392206,48.56345334314922,0.09572093473692743,0.0,262626.37824456225,6289.01920532114,19988471.066475883,399.9482949825807,312.0810165706538
0.013681685404123654,0.18333333333333332,0.015,264.5439228392206,48.563454254135884,0.09569981581536587,0.0,262626.38519848505,6289.019205319247,19988473.423547335,399.9483055557455,312.081020695792
0.013681685404123654,0.21666666666666667,-0.005,264.5239417564482,48.27240156778191,0.12045264330495638,0.0,262606.59159460483,6289.019208147207,19986528.11217521,399.9395797029827,312.0776162709549
0.013681685404123654,0.21666666666666667,0.005,264.5239417564482,48.27240031441405,0.12048255011892912,0.0,262606.582779197,6289.019208150412,19986525.12543579,399.939566304673,312.07761104352454
0.013681685404123654,0.21666666666666667,0.015,264.5239417564482,48.27240156778191,0.12045264330495638,0.0,262606.59159460483,6289.019208147207,19986528.11217521,399.9395797029827,312.0776162709549
0.013681685404123654,0.25,-0.005,264.4960582107385,47.97022114400084,0.15232172207335462,0.0,262584.0944634176,6289.019212688951,19983813.588004205,399.92740266463466,312.07286529078135
0.013681685404123654,0.25,0.005,264.4960582107385,47.97021942002291,0.15236407951270406,0.0,262584.0828656395,6289.019212694691,19983809.659298614,399.9273850395946,312.0728584141623
0.013681685404123654,0.25,0.015,264.4960582107385,47.97022114400084,0.15232172207335462,0.0,262584.0944634176,6289.019212688951,19983813.588004205,399.92740266463466,312.07286529078135
0.013681685404123654,0.2833333333333333,-0.005,264.4569658016087,47.65584949739124,0.19525498267590544,0.0,262557.9105083024,6289.019220520777,19980008.080258302,399.9103301353085,312.06620416932435
0.013681685404123654,0.2833333333333333,0.005,264.4569658016087,47.65584711633452,0.19531473620130727,0.0,262557.89489404793,6289.019220531409,19980002.79117063,399.9103064051652,312.0661949105289
0.013681685404123654,0.2833333333333333,0.015,264.4569658016087,47.65584949739124,0.19525498267590544,0.0,262557.9105083024,6289.019220520777,19980008.080258302,399.9103301353085,312.06620416932435
0.013681685404123654,0.31666666666666665,-0.005,264.40220458444014,47.328022035333184,0.2545661134741205,0.0,262526.7203255034,6289.0192346680515,19974677.61492263,399.8864135010759,312.0568724713259
0.013681685404123654,0.31666666666666665,0.005,264.40220458444014,47.3280187414386,0.25464943392254474,0.0,262526.69915995904,6289.01923468785,19974670.44520588,399.88638132915156,312.05685991842347
0.013681685404123654,0.31666666666666665,0.015,264.40220458444014,47.328022035333184,0.2545661134741205,0.0,262526.7203255034,6289.0192346680515,19974677.61492263,399.8864135010759,312.0568724713259
0.013681685404123654,0.35,-0.005,264.32621115111834,46.98523387083973,0.33688112364146466,0.0,262488.88202573516,6289.019260555719,19967280.978130568,399.85322116831696,312.04392115546756
0.013681685404123654,0.35,0.005,264.32621115111834,46.98522934079674,0.33699496151261926,0.0,262488.8535819111,6289.019260591762,19967271.342490636,399.8531779233568,312.0439042813665
0.013681685404123654,0.35,0.015,264.32621115111834,46.98523387083973,0.33688112364146466,0.0,262488.88202573516,6289.019260555719,19967280.978130568,399.85322116831696,312.04392115546756
0.013681685404123654,0.38333333333333336,-0.005,264.22271780461585,46.62570975182107,0.44966907944940093,0.0,262442.54530034657,6289.019307009296,19957208.710736632,399.8080119338641,312.0262801001693
0.013681685404123654,0.38333333333333336,0.005,264.22271780461585,46.62570362022321,0.44982018970928594,0.0,262442.5078983366,6289.019307071925,19957196.039848622,399.80795505158926,312.0262579035589
0.013681685404123654,0.38333333333333336,0.015,264.22271780461585,46.62570975182107,0.44966907944940093,0.0,262442.54530034657,6289.019307009296,19957208.710736632,399.8080119338641,312.0262801001693
0.013681685404123654,0.4166666666666667,-0.005,264.08562876139075,46.24739457710765,0.6002054602049925,0.0,262385.90265146806,6289.0193866074915,19943868.560668353,399.74811615045627,312.0029066835001
0.013681685404123654,0.4166666666666667,0.005,264.08562876139075,46.247386494885724,0.6003988742706804,0.0,262385.85503353557,6289.019386709327,19943852.4281792,399.7480437011948,312.00287841021964
0.013681685404123654,0.4166666666666667,0.015,264.08562876139075,46.24739457710765,0.6002054602049925,0.0,262385.90265146806,6289.0193866074915,19943868.560668353,399.74811615045627,312.0029066835001
0.013681685404123654,0.45,-0.005,263.910396130425,45.8479735351242,0.793940590787661,0.0,262317.58389008965,6289.019514237665,19926819.517143212,399.6715348295532,311.97301943924407
0.013681685404123654,0.45,0.005,263.910396130425,45.84796326205137,0.7941777296583822,0.0,262317.52568250796,6289.019514390176,19926799.796133015,399.67144621907465,311.97298485574527
0.013681685404123654,0.45,0.015,263.910396130425,45.8479735351242,0.793940590787661,0.0,262317.58389008965,6289.019514237665,19926819.517143212,399.6715348295532,311.97301943924407
0.013681685404123654,0.48333333333333334,-0.005,263.6957231608012,45.42492052933925,1.032474752397409,0.0,262237.1434691648,6289.019702856453,19905937.480924845,399.57768231504133,311.936387894507
0.013681685404123654,0.48333333333333334,0.005,263.6957231608012,45.42490804661346,1.032751643797161,0.0,262237.0756155572,6289.0197030640775,19905914.490888182,399.5775789461379,311.93634754625197
0.013681685404123654,0.48333333333333334,0.015,263.6957231608012,45.42492052933925,1.032474752397409,0.0,262237.1434691648,6289.019702856453,19905937.480924845,399.57768231504133,311.936387894507
0.013681685404123654,0.5166666666666667,-0.005,263.44517896935486,44.9755543310727,1.3116273395587774,0.0,262145.5203118105,6289.019956860741,19881571.953423116,399.46809287930665,311.89360863219343
0.013681685404123654,0.5166666666666667,0.005,263.44517896935486,44.97553994185593,1.3119336089466702,0.0,262145.4453133188,6289.019957114768,19881546.541961607,399.4679785259182,311.89356399021307
0.013681685404123654,0.5166666666666667,0.015,263.44517896935486,44.9755543310727,1.3116273395587774,0.0,262145.5203118105,6289.019956860741,19881571.953423116,399.46809287930665,311.89360863219343
0.013681685404123654,0.55,-0.005,263.1681190894063,44.4970575619226,1.6203128028784526,0.0,262045.29606705444,6289.020265947918,19854634.803801,399.346828848668,311.8462652429085
0.013681685404123654,0.55,0.005,263.1681190894063,44.497041935293616,1.620632104225779,0.0,262045.21786868753,6289.020266224334,19854608.308352098,399.3467094970419,311.8462186426116
0.013681685404123654,0.55,0.015,263.1681190894063,44.4970575619226,1.6203128028784526,0.0,262045.29606705444,6289.020265947918,19854634.803801,399.346828848668,311.8462652429085
0.013681685404123654,0.5833333333333334,-0.005,262.87930524311315,43.98639026957211,1.9409429768345874,0.0,261940.57864735796,6289.020604100439,19826562.368910376,399.22032550622333,311.7968686824571
0.013681685404123654,0.5833333333333334,0.005,262.87930524311315,43.98637433519806,1.9412552010396127,0.0,261940.50209034106,6289.020604365376,19826536.431774568,399.22020853835386,311.7968230056519
0.013681685404123654,0.5833333333333334,0.015,262.87930524311315,43.98639026957211,1.9409429768345874,0.0,261940.57864735796,6289.020604100439,19826562.368910376,399.22032550622333,311.7968686824571
0.013681685404123654,0.6166666666666667,-0.005,262.596909112139,43.439893216471674,2.251732338674054,0.0,261836.41642381766,6289.020936959918,19799120.73489621,399.0965311969208,311.74852235805065
0.013681685404123654,0.6166666666666667,0.005,262.596909112139,43.43987784181165,2.252017311466352,0.0,261836.3463368052,6289.020937181773,19799096.996914282,399.0964240214543,311.74848049875976
0.013681685404123654,0.6166666666666667,0.015,262.596909112139,43.439893216471674,2.251732338674054,0.0,261836.41642381766,6289.020936959918,19799120.73489621,399.0965311969208,311.74852235805065
0.013681685404123654,0.65,-0.005,262.3391542579427,42.85304531122381,2.530647709981124,0.0,261737.83862125908,6289.021234762694,19774079.350367688,398.9834456023117,311.7043516349591
0.013681685404123654,0.65,0.005,262.3391542579427,42.85303172011729,2.5308894330575047,0.0,261737.77883505667,6289.021234923563,19774059.106592,398.98335409962584,311.7043158918885
0.013681685404123654,0.65,0.015,262.3391542579427,42.85304531122381,2.530647709981124,0.0,261737.83862125908,6289.021234762694,19774079.350367688,398.9834456023117,311.7043516349591
0.013681685404123654,0.6833333333333333,-0.005,262.1205017088544,42.219873892086184,2.759914846585766,0.0,261648.75697030773,6289.021484155427,19752841.075580504,398.8874458715496,311.66684966042584
0.013681685404123654,0.6833333333333333,0.005,262.1205017088544,42.21986296970694,2.760104751172554,0.0,261648.70951464455,6289.021484256061,19752825.00976573,398.8873731799721,311.6668212619939
0.013681685404123654,0.6833333333333333,0.015,262.1205017088544,42.219873892086184,2.759914846585766,0.0,261648.75697030773,6289.021484155427,19752841.075580504,398.8874458715496,311.66684966042584
0.013681685404123654,0.7166666666666667,-0.005,261.94868100175523,41.53160422179959,2.9294971889876047,0.0,261571.07918707767,6289.02169144949,19736154.738365356,398.8119705599172,311.6373623129509
0.013681685404123654,0.7166666666666667,0.005,261.94868100175523,41.53159621835332,2.9296352306037052,0.0,261571.04402594914,6289.0216915040555,19736142.836129125,398.8119166620985,311.637341254688
0.013681685404123654,0.7166666666666667,0.015,261.94868100175523,41.53160422179959,2.9294971889876047,0.0,261571.07918707767,6289.02169144949,19736154.738365356,398.8119705599172,311.6373623129509
0.013681685404123654,0.75,-0.005,261.8236957001306,40.7754420587596,3.038224770906329,0.0,261504.39284959875,6289.021876536657,19724019.285340272,398.7570647997767,311.6159095024903
0.013681685404123654,0.75,0.005,261.8236957001306,40.77543674467066,3.0383179852998756,0.0,261504.36824187645,6289.0218765629115,19724010.95526729,398.7570270543932,311.61589475408414
0.013681685404123654,0.75,0.015,261.8236957001306,40.7754420587596,3.038224770906329,0.0,261504.39284959875,6289.021876536657,19724019.285340272,398.7570647997767,311.6159095024903
0.013681685404123654,0.7833333333333333,-0.005,261.73914577460215,39.93267077875679,3.0920845823325975,0.0,261446.28562710778,6289.022063995723,19715812.475871585,398.71994841387914,311.6014065299725
0.013681685404123654,0.7833333333333333,0.005,261.73914577460215,39.93266759722767,3.0921438243351904,0.0,261446.26891231822,6289.022064007639,19715806.816423133,398.7199227585885,311.60139650511064
0.013681685404123654,0.7833333333333333,0.015,261.73914577460215,39.93267077875679,3.0920845823325975,0.0,261446.28562710778,6289.022063995723,19715812.475871585,398.71994841387914,311.6014065299725
0.013681685404123654,0.8166666666666667,-0.005,261.685179898849,38.975347273358125,3.100413876026963,0.0,261393.08950370972,6289.022278580731,19710577.511916973,398.696311263058,311.59217012402604
0.013681685404123654,0.8166666666666667,0.005,261.685179898849,38.97534556051031,3.100450242720954,0.0,261393.0779619813,6289.022278586454,19710573.602639593,398.69629353676294,311.59216319723157
0.013681685404123654,0.8166666666666667,0.015,261.685179898849,38.975347273358125,3.100413876026963,0.0,261393.08950370972,6289.022278580731,19710577.511916973,398.696311263058,311.59217012402604
0.013681685404123654,0.85,-0.005,261.65171958345866,37.859720441706244,3.0714559480473267,0.0,261340.61361512623,6289.022548318428,19707336.038938902,398.6817375145106,311.5864751786413
0.013681685404123654,0.85,0.005,261.65171958345866,37.85971961310786,3.071478278569172,0.0,261340.60506769578,6289.02254832175,19707333.143256195,398.681724382163,311.58647004690147
0.013681685404123654,0.85,0.015,261.65171958345866,37.859720441706244,3.0714559480473267,0.0,261340.61361512623,6289.022548318428,19707336.038938902,398.6817375145106,311.5864751786413
0.013681685404123654,0.8833333333333333,-0.005,261.63069202867416,36.51129584884536,3.00834750825593,0.0,261284.37226992127,6289.0229172326435,19705305.170256734,398.67270030144766,311.58294367837897
0.013681685404123654,0.8833333333333333,0.005,261.63069202867416,36.5112954876992,3.008361532983756,0.0,261284.3652821594,6289.02291723506,19705302.803656187,398.6726895675616,311.5829394838406
0.013681685404123654,0.8833333333333333,0.015,261.63069202867416,36.51129584884536,3.00834750825593,0.0,261284.37226992127,6289.0229172326435,19705305.170256734,398.67270030144766,311.58294367837897
0.013681685404123654,0.9166666666666666,-0.005,261.61673438333827,34.784905078410944,2.904702954238159,0.0,261218.72983344633,6289.0234827661925,19703966.905362345,398.6668972678601,311.5806759875315
0.013681685404123654,0.9166666666666666,0.005,261.61673438333827,34.784904922253936,2.9047117447966615,0.0,261218.72360328745,6289.023482768201,19703964.797415007,398.66688770653565,311.5806722511742
0.013681685404123654,0.9166666666666666,0.015,261.61673438333827,34.784905078410944,2.904702954238159,0.0,261218.72983344633,6289.0234827661925,19703966.905362345,398.6668972678601,311.5806759875315
0.013681685404123654,0.95,-0.005,261.6065596035733,32.323240942279256,2.732734166219874,0.0,261133.14962594176,6289.024568836128,19703011.730207395,398.66307807176304,311.5791835253283
0.013681685404123654,0.95,0.005,261.6065596035733,32.32324079723246,2.732739096011096,0.0,261133.14374674152,6289.024568837657,19703009.74455588,398.6630690646316,311.5791800055207
0.013681685404123654,0.95,0.015,261.6065596035733,32.323240942279256,2.732734166219874,0.0,261133.14962594176,6289.024568836128,19703011.730207395,398.66307807176304,311.5791835253283
0.013681685404123654,0.9833333333333333,-0.005,261.59677444459146,27.65427759308276,2.3654988395758147,0.0,260990.5147891518,6289.027415862144,19702147.535184003,398.6605045869591,311.5781778570934
0.013681685404123654,0.9833333333333333,0.005,261.59677444459146,27.654277455512794,2.3655004494230116,0.0,260990.5090448904,6289.027415862841,19702145.598155186,398.66049579968086,311.57817442318895
0.013681685404123654,0.9833333333333333,0.015,261.59677444459146,27.65427759308276,2.3654988395758147,0.0,260990.5147891518,6289.027415862144,19702147.535184003,398.6605045869591,311.5781778570934
0.013681685404123654,1.0166666666666668,-0.005,261.5967744443521,2.5206106225597463e-11,2.1557739643461416e-12,0.0,260990.51478908272,6289.992881351499,19731267.50867019,399.24972884842737,311.80835068956037
0.013681685404123654,1.0166666666666668,0.005,261.5967744441127,-27.654277593082945,-2.3654988395758307,0.0,260990.51478901372,6289.027415862142,19702147.535137516,398.6605045867479,311.57817785701087
0.013681685404123654,1.0166666666666668,0.015,261.5967744443521,2.5206106225597463e-11,2.1557739643461416e-12,0.0,260990.51478908272,6289.992881351499,19731267.50867019,399.24972884842737,311.80835068956037
0.014406943830607043,-0.016666666666666666,-0.005,264.58278146450886,49.879392652624745,0.0,0.0,262702.2460290295,6289.019199717079,19992256.992017582,399.9652751251481,312.0876413318746
0.014406943830607043,-0.016666666666666666,0.005,264.58278146450886,49.879392652624745,-0.008368353984053847,0.0,262702.2460290295,6289.019199629533,19992256.989340205,399.9652750715845,312.08764131097706
0.014406943830607043,-0.016666666666666666,0.015,264.58278146450886,49.879392652624745,0.0,0.0,262702.2460290295,6289.019199717079,19992256.992017582,399.9652751251481,312.0876413318746
0.014406943830607043,0.016666666666666666,-0.005,264.58278146450886,49.879392652624745,0.008368353984053847,0.0,262702.2460290295,6289.019199629533,19992256.989340205,399.9652750715845,312.08764131097706
0.014406943830607043,0.016666666666666666,0.005,264.58278146450886,49.87939261038562,0.0083695928995922,0.0,262702.2419283732,6289.019199629931,19992255.59149578,399.96526880182057,312.0876388648699
0.014406943830607043,0.016666666666666666,0.015,264.58278146450886,49.879392652624745,0.008368353984053847,0.0,262702.2460290295,6289.019199629533,19992256.989340205,399.9652750715845,312.08764131097706
0.014406943830607043,0.05,-0.005,264.5803933646912,49.63265245416532,0.02460315595502636,0.0,262689.287830706,6289.019200229378,19992024.450336613,399.96423231105,312.0872344845498
0.014406943830607043,0.05,0.005,264.5803933646912,49.63265229915449,0.02460701197547796,0.0,262689.28360680566,6289.019200229847,19992023.01234206,399.96422586117086,312.0872319681686
0.014406943830607043,0.05,0.015,264.5803933646912,49.63265245416532,0.02460315595502636,0.0,262689.287830706,6289.019200229378,19992024.450336613,399.96423231105,312.0872344845498
0.014406943830607043,0.08333333333333333,-0.005,264.57577225699424,49.378248042845364,0.04075913456746927,0.0,262675.37479067687,6289.019201018135,19991574.477945127,399.96221432388535,312.08644717811467
0.014406943830607043,0.08333333333333333,0.005,264.57577225699424,49.37824775285238,0.04076590827444917,0.0,262675.37029338075,6289.019201018735,19991572.94892139,399.962207465638,312.0864445024044
0.014406943830607043,0.08333333333333333,0.015,264.57577225699424,49.378248042845364,0.04075913456746927,0.0,262675.37479067687,6289.019201018135,19991574.477945127,399.96221432388535,312.08644717811467
0.014406943830607043,0.11666666666666667,-0.005,264.56859999022083,49.11565456487329,0.05739000093445594,0.0,262660.39619191503,6289.019202047135,19990876.107363537,399.95908218512824,312.0852251877172
0.014406943830607043,0.11666666666666667,0.005,264.56859999022083,49.115654112106775,0.057400303406417025,0.0,262660.3912199061,6289.0192020479535,19990874.419060104,399.95907461232116,312.0852222332135
0.014406943830607043,0.11666666666666667,0.015,264.56859999022083,49.11565456487329,0.05739000093445594,0.0,262660.39619191503,6289.019202047135,19990876.107363537,399.95908218512824,312.0852251877172
0.014406943830607043,0.15,-0.005,264.5583025483786,48.84428074760016,0.075297735991835,0.0,262644.1658381328,6289.019203415909,19989873.47251553,399.95458524438226,312.0834707173567
0.014406943830607043,0.15,0.005,264.5583025483786,48.84428009383372,0.07531261070246158,0.0,262644.1600959189,6289.0192034171105,19989871.524711173,399.9545765073774,312.08346730862615
0.014406943830607043,0.15,0.015,264.5583025483786,48.84428074760016,0.075297735991835,0.0,262644.1658381328,6289.019203415909,19989873.47251553,399.95458524438226,312.0834707173567
0.014406943830607043,0.18333333333333332,-0.005,264.5439228315732,48.56345425416607,0.0956998206238567,0.0,262626.3851963071,6289.01920531925,19988473.422803637,399.94830555241083,312.081020694491
0.014406943830607043,0.18333333333333332,0.005,264.5439228315732,48.56345334317939,0.09572093954736295,0.0,262626.3782423812,6289.019205321144,19988471.06573116,399.9482949792413,312.08101656935094
0.014406943830607043,0.18333333333333332,0.015,264.5439228315732,48.56345425416607,0.0956998206238567,0.0,262626.3851963071,6289.01920531925,19988473.422803637,399.94830555241083,312.081020694491
0.014406943830607043,0.21666666666666667,-0.005,264.5239417469738,48.272401567781166,0.1204526501030026,0.0,262606.59159190103,6289.019208147201,19986528.111253615,399.93957969884536,312.0776162693407
0.014406943830607043,0.21666666666666667,0.005,264.5239417469738,48.27240031441329,0.12048255691986373,0.0,262606.5827764895,6289.019208150406,19986525.12451289,399.93956630053,312.0776110419081
0.014406943830607043,0.21666666666666667,0.015,264.5239417469738,48.272401567781166,0.1204526501030026,0.0,262606.59159190103,6289.019208147201,19986528.111253615,399.93957969884536,312.0776162693407
0.014406943830607043,0.25,-0.005,264.4960581985579,47.97022114394832,0.15232173168582513,0.0,262584.0944599398,6289.019212688945,19983813.58681949,399.92740265931616,312.0728652887062
0.014406943830607043,0.25,0.005,264.4960581985579,47.970219419970334,0.15236408912933663,0.0,262584.08286215656,6289.019212694685,19983809.65811217,399.9273850342683,312.07285841208414
0.014406943830607043,0.25,0.015,264.4960581985579,47.97022114394832,0.15232173168582513,0.0,262584.0944599398,6289.019212688945,19983813.58681949,399.92740265931616,312.0728652887062
0.014406943830607043,0.2833333333333333,-0.005,264.4569657855328,47.655849497255666,0.195254996216074,0.0,262557.9105037133,6289.019220520778,19980008.078695122,399.9103301282942,312.06620416658757
0.014406943830607043,0.2833333333333333,0.005,264.4569657855328,47.65584711619887,0.19531474974725216,0.0,262557.894889452,6289.019220531411,19980002.78960512,399.9103063981405,312.0661949077881
0.014406943830607043,0.2833333333333333,0.015,264.4569657855328,47.655849497255666,0.195254996216074,0.0,262557.9105037133,6289.019220520778,19980008.078695122,399.9103301282942,312.06620416658757
0.014406943830607043,0.31666666666666665,-0.005,264.4022045629612,47.32802203507038,0.25456613233115816,0.0,262526.7203193757,6289.0192346680715,19974677.612834763,399.8864134917137,312.056872467673
0.014406943830607043,0.31666666666666665,0.005,264.4022045629612,47.32801874117567,0.25464945278723855,0.0,262526.6991538221,6289.01923468787,19974670.443114858,399.88638131977524,312.05685991476497
0.014406943830607043,0.31666666666666665,0.015,264.4022045629612,47.32802203507038,0.25456613233115816,0.0,262526.7203193757,6289.0192346680715,19974677.612834763,399.8864134917137,312.056872467673
0.014406943830607043,0.35,-0.005,264.3262111224904,46.9852338703944,0.3368811493782885,0.0,262488.88201755617,6289.019260555724,19967280.975347385,399.8532211558239,312.04392115059284
0.014406943830607043,0.35,0.005,264.3262111224904,46.98522934035126,0.3369949872590507,0.0,262488.8535737199,6289.019260591769,19967271.33970328,399.85317791084503,312.04390427648445
0.014406943830607043,0.35,0.015,264.3262111224904,46.9852338703944,0.3368811493782885,0.0,262488.88201755617,6289.019260555724,19967280.975347385,399.8532211558239,312.04392115059284
0.014406943830607043,0.38333333333333336,-0.005,264.22271776701297,46.62570975113301,0.44966911358225636,0.0,262442.54528959695,6289.019307009298,19957208.707081005,399.8080119174455,312.02628009376235
0.014406943830607043,0.38333333333333336,0.005,264.22271776701297,46.62570361953495,0.449820223853443,0.0,262442.50788757124,6289.019307071927,19957196.036187645,399.8079550351465,312.02625789714267
0.014406943830607043,0.38333333333333336,0.015,264.22271776701297,46.62570975113301,0.44966911358225636,0.0,262442.54528959695,6289.019307009298,19957208.707081005,399.8080119174455,312.02628009376235
0.014406943830607043,0.4166666666666667,-0.005,264.08562871321834,46.2473945761265,0.6002055038596102,0.0,262385.90263770265,6289.019386607517,19943868.555986375,399.748116129428,312.0029066752938
0.014406943830607043,0.4166666666666667,0.005,264.08562871321834,46.24738649390435,0.6003989179376085,0.0,262385.85501975066,6289.019386709352,19943852.423490588,399.7480436801367,312.00287840200167
0.014406943830607043,0.4166666666666667,0.015,264.08562871321834,46.2473945761265,0.6002055038596102,0.0,262385.90263770265,6289.019386607517,19943868.555986375,399.748116129428,312.0029066752938
0.014406943830607043,0.44999999999999996,-0.005,263.9103960707421,45.847973533823954,0.7939406442743099,0.0,262317.5838730338,6289.019514237699,19926819.51134335,399.67153480348827,311.97301942907126
0.014406943830607043,0.44999999999999996,0.005,263.9103960707421,45.84796326075092,0.794177783157231,0.0,262317.5256654291,6289.019514390209,19926799.7903253,399.6714461929745,311.9729848455587
0.014406943830607043,0.44999999999999996,0.015,263.9103960707421,45.847973533823954,0.7939406442743099,0.0,262317.5838730338,6289.019514237699,19926819.51134335,399.67153480348827,311.97301942907126
0.014406943830607043,0.48333333333333334,-0.005,263.6957230897069,45.42492052774572,1.0324748148115273,0.0,262237.1434488513,6289.0197028565035,19905937.474017486,399.57768228397896,311.93638788238235
0.014406943830607043,0.48333333333333334,0.005,263.6957230897069,45.4249080450198,1.0327517062219553,0.0,262237.07559521764,6289.019703064129,19905914.483971965,399.5775789150356,311.93634753411175
0.014406943830607043,0.48333333333333334,0.015,263.6957230897069,45.42492052774572,1.0324748148115273,0.0,262237.1434488513,6289.0197028565035,19905937.474017486,399.57768228397896,311.93638788238235
0.014406943830607043,0.5166666666666667,-0.005,263.4451788882867,44.975554329280186,1.3116274085562976,0.0,262145.5202886444,6289.019956860789,19881571.94554791,399.46809284385324,311.8936086183529
0.014406943830607043,0.5166666666666667,0.005,263.4451788882867,44.97553994006344,1.3119336779519257,0.0,262145.445290125,6289.019957114815,19881546.534076963,399.4679784904223,311.8935639763559
0.014406943830607043,0.5166666666666667,0.015,263.4451788882867,44.975554329280186,1.3116274085562976,0.0,262145.5202886444,6289.019956860789,19881571.94554791,399.46809284385324,311.8936086183529
0.014406943830607043,0.55,-0.005,263.16811900112606,44.49705756009916,1.6203128747766962,0.0,262045.29604183437,6289.02026594798,19854634.79522726,399.3468288100335,311.8462652278239
0.014406943830607043,0.55,0.005,263.16811900112606,44.49704193347036,1.6206321761277787,0.0,262045.2178434395,6289.020266224395,19854608.299768884,399.3467094583646,311.84621862751015
0.014406943830607043,0.55,0.015,263.16811900112606,44.49705756009916,1.6203128747766962,0.0,262045.29604183437,6289.02026594798,19854634.79522726,399.3468288100335,311.8462652278239
0.014406943830607043,0.5833333333333334,-0.005,262.8793051513764,43.986390267931455,1.9409430471120643,0.0,261940.57862115512,6289.020604100504,19826562.360002868,399.22032546604123,311.79686866676576
0.014406943830607043,0.5833333333333334,0.005,262.8793051513764,43.98637433355774,1.9412552713165436,0.0,261940.50206411193,6289.020604365442,19826536.422858156,399.2202084981316,311.7968229899448
0.014406943830607043,0.5833333333333334,0.015,262.8793051513764,43.986390267931455,1.9409430471120643,0.0,261940.57862115512,6289.020604100504,19826562.360002868,399.22032546604123,311.79686866676576
0.014406943830607043,0.6166666666666667,-0.005,262.59690902101676,43.43989321519772,2.2517324028037984,0.0,261836.41639778146,6289.020936959954,19799120.72604924,399.09653115695573,311.7485223424415
0.014406943830607043,0.6166666666666667,0.005,262.59690902101676,43.43987784053822,2.2520173755918114,0.0,261836.34631074587,6289.02093718181,19799096.9880595,399.0964239814538,311.74848048313686
0.014406943830607043,0.6166666666666667,0.015,262.59690902101676,43.43989321519772,2.2517324028037984,0.0,261836.41639778146,6289.020936959954,19799120.72604924,399.09653115695573,311.7485223424415
0.014406943830607043,0.65,-0.005,262.339154170964,42.85304531057174,2.5306477643838114,0.0,261737.83859641146,6289.021234762731,19774079.341924388,398.9834455641332,311.70435162004577
0.014406943830607043,0.65,0.005,262.339154170964,42.85303171946598,2.5308894874534755,0.0,261737.77881019012,6289.021234923598,19774059.09814229,398.98335406141837,311.7043158769637
0.014406943830607043,0.65,0.015,262.339154170964,42.85304531057174,2.5306477643838114,0.0,261737.83859641146,6289.021234762731,19774079.341924388,398.9834455641332,311.70435162004577
0.014406943830607043,0.6833333333333333,-0.005,262.1205016283349,42.219873892220505,2.7599148893554544,0.0,261648.7569473025,6289.021484155441,19752841.067764442,398.8874458361681,311.66684964660334
0.014406943830607043,0.6833333333333333,0.005,262.1205016283349,42.21986296984205,2.7601047939347283,0.0,261648.70949162485,6289.021484256074,19752825.001944773,398.88737314456847,311.66682124816276
0.014406943830607043,0.6833333333333333,0.015,262.1205016283349,42.219873892220505,2.7599148893554544,0.0,261648.7569473025,6289.021484155441,19752841.067764442,398.8874458361681,311.66684964660334
0.014406943830607043,0.7166666666666667,-0.005,261.948680928442,41.53160422273418,2.929497220131823,0.0,261571.07916613654,6289.021691449503,19736154.731249243,398.81197052768357,311.637362300357
0.014406943830607043,0.7166666666666667,0.005,261.948680928442,41.53159621928864,2.92963526174108,0.0,261571.0440049976,6289.021691504068,19736142.829009496,398.8119166298489,311.63734124208787
0.014406943830607043,0.7166666666666667,0.015,261.948680928442,41.53160422273418,2.929497220131823,0.0,261571.07916613654,6289.021691449503,19736154.731249243,398.81197052768357,311.637362300357
0.014406943830607043,0.75,-0.005,261.82369563338995,40.77544206039971,3.038224792016434,0.0,261504.39283052974,6289.021876536646,19724019.27886155,398.75706477040546,311.61590949101395
0.014406943830607043,0.75,0.005,261.82369563338995,40.775436746311385,3.038318006404708,0.0,261504.3682228004,6289.0218765629015,19724010.94878616,398.7570270250112,311.6158947426036
0.014406943830607043,0.75,0.015,261.82369563338995,40.77544206039971,3.038224792016434,0.0,261504.39283052974,6289.021876536646,19724019.27886155,398.75706477040546,311.61590949101395
0.014406943830607043,0.7833333333333333,-0.005,261.73914571292045,39.932670780942814,3.0920845958480743,0.0,261446.2856094926,6289.022063995729,19715812.469884384,398.71994838673487,311.6014065193658
0.014406943830607043,0.7833333333333333,0.005,261.73914571292045,39.93266759941417,3.092143837847186,0.0,261446.26889469812,6289.022064007643,19715806.81043429,398.71992273143667,311.60139649450105
0.014406943830607043,0.7833333333333333,0.015,261.73914571292045,39.932670780942814,3.0920845958480743,0.0,261446.2856094926,6289.022063995729,19715812.469884384,398.71994838673487,311.6014065193658
0.014406943830607043,0.8166666666666667,-0.005,261.68517984051846,38.975347275913116,3.1004138844334745,0.0,261393.08948705043,6289.022278580735,19710577.506254926,398.6963112373813,311.5921701139925
0.014406943830607043,0.8166666666666667,0.005,261.68517984051846,38.97534556306567,3.1004502511254843,0.0,261393.07794531854,6289.022278586457,19710573.596976377,398.69629351108085,311.5921631871959
0.014406943830607043,0.8166666666666667,0.015,261.68517984051846,38.975347275913116,3.1004138844334745,0.0,261393.08948705043,6289.022278580735,19710577.506254926,398.6963112373813,311.5921701139925
0.014406943830607043,0.85,-0.005,261.6517195270417,37.85972044448041,3.0714559533196946,0.0,261340.6135990096,6289.022548318428,19707336.03346247,398.68173748967075,311.5864751689346
0.014406943830607043,0.85,0.005,261.6517195270417,37.8597196158823,3.071478283840557,0.0,261340.60505157645,6289.022548321749,19707333.137778863,398.68172435731907,311.5864700371932
0.014406943830607043,0.85,0.015,261.6517195270417,37.85972044448041,3.0714559533196946,0.0,261340.6135990096,6289.022548318428,19707336.03346247,398.68173748967075,311.5864751689346
0.014406943830607043,0.8833333333333333,-0.005,261.6306919732141,36.511295851732555,3.0083475116710927,0.0,261284.37225406556,6289.0229172326235,19705305.16487261,398.67270027701545,311.5829436688315
0.014406943830607043,0.8833333333333333,0.005,261.6306919732141,36.51129549058661,3.0083615363984824,0.0,261284.36526630147,6289.02291723504,19705302.798271306,398.672689543126,311.5829394742918
0.014406943830607043,0.8833333333333333,0.015,261.6306919732141,36.511295851732555,3.0083475116710927,0.0,261284.37225406556,6289.0229172326235,19705305.16487261,398.67270027701545,311.5829436688315
0.014406943830607043,0.9166666666666666,-0.005,261.61673432829946,34.7849050813458,2.9047029564788076,0.0,261218.7298177038,6289.023482766172,19703966.900019113,398.6668972436119,311.5806759780558
0.014406943830607043,0.9166666666666666,0.005,261.61673432829946,34.784904925189,2.904711747037129,0.0,261218.7235875428,6289.02348276818,19703964.792071074,398.66688768228414,311.5806722416972
0.014406943830607043,0.9166666666666666,0.015,261.61673432829946,34.7849050813458,2.9047029564788076,0.0,261218.7298177038,6289.023482766172,19703966.900019113,398.6668972436119,311.5806759780558
0.014406943830607043,0.95,-0.005,261.606559548709,32.323240945219986,2.7327341675900656,0.0,261133.14961023358,6289.024568836095,19703011.724880703,398.66307804758236,311.5791835158789
0.014406943830607043,0.95,0.005,261.606559548709,32.32324080017337,2.7327390973812182,0.0,261133.14373103145,6289.024568837623,19703009.73922853,398.66306904044797,311.5791799960702
0.014406943830607043,0.95,0.015,261.606559548709,32.323240945219986,2.7327341675900656,0.0,261133.14961023358,6289.024568836095,19703011.724880703,398.66307804758236,311.5791835158789
0.014406943830607043,0.9833333333333333,-0.005,261.59677438978935,27.654277595358547,2.3654988401343124,0.0,260990.51477341706,6289.027415862086,19702147.529862657,398.6605045627906,311.5781778476488
0.014406943830607043,0.9833333333333333,0.005,261.59677438978935,27.654277457788755,2.365500449981499,0.0,260990.5090291538,6289.027415862783,19702145.592833202,398.6604957755095,311.5781744137433
0.014406943830607043,0.9833333333333333,0.015,261.59677438978935,27.654277595358547,2.3654988401343124,0.0,260990.51477341706,6289.027415862086,19702147.529862657,398.6605045627906,311.5781778476488
0.014406943830607043,1.0166666666666666,-0.005,261.59677438954304,2.6127432872420373e-11,2.2348689877981e-12,0.0,260990.51477334602,6289.992881351661,19731267.50334693,399.2497288243542,311.80835068015995
0.014406943830607043,1.0166666666666666,0.005,261.5967743892968,-27.65427759535836,-2.3654988401342965,0.0,260990.51477327503,6289.027415862085,19702147.529814824,398.66050456257335,311.57817784756395
0.014406943830607043,1.0166666666666666,0.015,261.59677438954304,2.6127432872420373e-11,2.2348689877981e-12,0.0,260990.51477334602,6289.992881351661,19731267.50334693,399.2497288243542,311.80835068015995
0.015132202257090437,-0.016666666666666666,-0.005,264.58278145977636,49.87939265268717,0.0,0.0,262702.24602768023,6289.019199717071,19992256.991557013,399.9652751230793,312.08764133106746
0.015132202257090437,-0.016666666666666666,0.005,264.5827814597763,49.87939265268717,-0.008368354271189468,0.0,262702.24602768023,6289.019199629528,19992256.988879632,399.96527506951566,312.08764131016994
0.015132202257090437,-0.016666666666666666,0.015,264.58278145977636,49.87939265268717,0.0,0.0,262702.24602768023,6289.019199717071,19992256.991557013,399.9652751230793,312.08764133106746
0.015132202257090437,0.016666666666666666,-0.005,264.58278145977636,49.87939265268717,0.008368354271189468,0.0,262702.24602768023,6289.019199629528,19992256.988879632,399.96527506951566,312.08764131016994
0.015132202257090437,0.016666666666666666,0.005,264.58278145977636,49.87939261044807,0.008369593186811573,0.0,262702.2419270223,6289.019199629924,19992255.59103465,399.9652687997493,312.08763886406183
0.015132202257090437,0.016666666666666666,0.015,264.58278145977636,49.87939265268717,0.008368354271189468,0.0,262702.24602768023,6289.019199629528,19992256.988879632,399.96527506951566,312.08764131016994
0.015132202257090437,0.05,-0.005,264.58039335982187,49.63265245422828,0.024603156837614295,0.0,262689.28782932233,6289.019200229383,19992024.44986309,399.96423230892856,312.0872344837221
0.015132202257090437,0.05,0.005,264.58039335982187,49.632652299217476,0.02460701285833188,0.0,262689.2836054203,6289.019200229852,19992023.011867963,399.96422585904685,312.08723196733996
0.015132202257090437,0.05,0.015,264.58039335982187,49.63265245422828,0.024603156837614295,0.0,262689.28782932233,6289.019200229383,19992024.44986309,399.96423230892856,312.0872344837221
0.015132202257090437,0.08333333333333333,-0.005,264.57577225183917,49.378248042906506,0.04075913611645065,0.0,262675.3747892072,6289.019201018129,19991574.477443475,399.96221432163236,312.0864471772357
0.015132202257090437,0.08333333333333333,0.005,264.57577225183917,49.378247752913545,0.04076590982392642,0.0,262675.37029190926,6289.0192010187275,19991572.948419116,399.96220746338224,312.0864445015243
0.015132202257090437,0.08333333333333333,0.015,264.57577225183917,49.378248042906506,0.04075913611645065,0.0,262675.3747892072,6289.019201018129,19991574.477443475,399.96221432163236,312.0864471772357
0.015132202257090437,0.11666666666666665,-0.005,264.56859998456986,49.11565456493,0.057390003287588025,0.0,262660.39619030646,6289.019202047136,19990876.106813874,399.95908218266305,312.08522518675545
0.015132202257090437,0.11666666666666665,0.005,264.56859998456986,49.11565411216349,0.05740030576036441,0.0,262660.39121829544,6289.019202047954,19990874.418509737,399.9590746098528,312.08522223225043
0.015132202257090437,0.11666666666666665,0.015,264.56859998456986,49.11565456493,0.057390003287588025,0.0,262660.39619030646,6289.019202047136,19990876.106813874,399.95908218266305,312.08522518675545
0.015132202257090437,0.15,-0.005,264.55830254194115,48.84428074764766,0.07529773938432718,0.0,262644.16583630047,6289.019203415913,19989873.471889466,399.95458524157533,312.0834707162616
0.015132202257090437,0.15,0.005,264.55830254194115,48.844280093881224,0.07531261409623047,0.0,262644.16009408416,6289.019203417112,19989871.52408428,399.9545765045667,312.0834673075296
0.015132202257090437,0.15,0.015,264.55830254194115,48.84428074764766,0.07529773938432718,0.0,262644.16583630047,6289.019203415913,19989873.471889466,399.95458524157533,312.0834707162616
0.015132202257090437,0.18333333333333332,-0.005,264.5439228239244,48.563454254196095,0.09569982543232232,0.0,262626.38519413024,6289.019205319257,19988473.422059923,399.9483055490779,312.0810206931906
0.015132202257090437,0.18333333333333332,0.005,264.5439228239244,48.56345334320941,0.09572094435777266,0.0,262626.3782402015,6289.019205321151,19988471.064986438,399.948294975904,312.0810165680488
0.015132202257090437,0.18333333333333332,0.015,264.5439228239244,48.563454254196095,0.09569982543232232,0.0,262626.38519413024,6289.019205319257,19988473.422059923,399.9483055490779,312.0810206931906
0.015132202257090437,0.2166666666666667,-0.005,264.52394173750343,48.272401567780044,0.1204526569004868,0.0,262606.59158919414,6289.019208147185,19986528.11033209,399.93957969470335,312.0776162677247
0.015132202257090437,0.2166666666666667,0.005,264.52394173750343,48.27240031441214,0.12048256372023602,0.0,262606.5827737787,6289.01920815039,19986525.123590052,399.939566296382,312.07761104028975
0.015132202257090437,0.2166666666666667,0.015,264.52394173750343,48.272401567780044,0.1204526569004868,0.0,262606.59158919414,6289.019208147185,19986528.11033209,399.93957969470335,312.0776162677247
0.015132202257090437,0.25,-0.005,264.49605818637696,47.97022114389558,0.15232174129756354,0.0,262584.094456463,6289.0192126889415,19983813.58563484,399.92740265399914,312.0728652866318
0.015132202257090437,0.25,0.005,264.49605818637696,47.97021941991757,0.15236409874523757,0.0,262584.0828586747,6289.019212694681,19983809.656925775,399.9273850289435,312.07285841000663
0.015132202257090437,0.25,0.015,264.49605818637696,47.97022114389558,0.15232174129756354,0.0,262584.094456463,6289.0192126889415,19983813.58563484,399.92740265399914,312.0728652866318
0.015132202257090437,0.2833333333333333,-0.005,264.45696576945903,47.65584949711971,0.19525500975598736,0.0,262557.91049912304,6289.019220520776,19980008.077132024,399.91033012127815,312.0662041638501
0.015132202257090437,0.2833333333333333,0.005,264.45696576945903,47.655847116062844,0.1953147632929419,0.0,262557.89488485485,6289.019220531407,19980002.788039662,399.91030639111386,312.0661949050465
0.015132202257090437,0.2833333333333333,0.015,264.45696576945903,47.65584949711971,0.19525500975598736,0.0,262557.91049912304,6289.019220520776,19980008.077132024,399.91033012127815,312.0662041638501
0.015132202257090437,0.31666666666666665,-0.005,264.4022045414884,47.32802203480741,0.25456615118764325,0.0,262526.7203132419,6289.0192346680715,19974677.610746898,399.8864134823423,312.0568724640164
0.015132202257090437,0.31666666666666665,0.005,264.4022045414884,47.32801874091258,0.25464947165138024,0.0,262526.6991476789,6289.019234687868,19974670.441023838,399.8863813103894,312.05685991110283
0.015132202257090437,0.31666666666666665,0.015,264.4022045414884,47.32802203480741,0.25456615118764325,0.0,262526.7203132419,6289.0192346680715,19974677.610746898,399.8864134823423,312.0568724640164
0.015132202257090437,0.35,-0.005,264.3262110938597,46.9852338699491,0.3368811751143712,0.0,262488.8820093806,6289.019260555741,19967280.972564243,399.8532211433361,312.0439211457201
0.015132202257090437,0.35,0.005,264.3262110938597,46.98522933990578,0.336995013004741,0.0,262488.85356553213,6289.0192605917855,19967271.336915977,399.8531778983385,312.04390427160445
0.015132202257090437,0.35,0.015,264.3262110938597,46.9852338699491,0.3368811751143712,0.0,262488.8820093806,6289.019260555741,19967280.972564243,399.8532211433361,312.0439211457201
0.015132202257090437,0.38333333333333336,-0.005,264.2227177294023,46.6257097504461,0.4496691477146914,0.0,262442.545278855,6289.019307009325,19957208.70342538,399.80801190103864,312.0262800873601
0.015132202257090437,0.38333333333333336,0.005,264.2227177294023,46.62570361884783,0.4498202579971799,0.0,262442.50787681364,6289.019307071953,19957196.03252666,399.80795501871563,312.026257890731
0.015132202257090437,0.38333333333333336,0.015,264.2227177294023,46.6257097504461,0.4496691477146914,0.0,262442.545278855,6289.019307009325,19957208.70342538,399.80801190103864,312.0262800873601
0.015132202257090437,0.4166666666666667,-0.005,264.08562866504775,46.24739457514463,0.6002055475137619,0.0,262385.90262393554,6289.019386607537,19943868.551304407,399.7481161083972,312.0029066670865
0.015132202257090437,0.4166666666666667,0.005,264.08562866504775,46.24738649292225,0.6003989616040706,0.0,262385.85500596405,6289.019386709371,19943852.418801993,399.748043659076,312.00287839378285
0.015132202257090437,0.4166666666666667,0.015,264.08562866504775,46.24739457514463,0.6002055475137619,0.0,262385.90262393554,6289.019386607537,19943868.551304407,399.7481161083972,312.0029066670865
0.015132202257090437,0.45000000000000007,-0.005,263.9103960110555,45.84797353252389,0.7939406977608288,0.0,262317.5838559812,6289.019514237744,19926819.505543463,399.6715347774283,311.9730194189004
0.015132202257090437,0.45000000000000007,0.005,263.9103960110555,45.84796325945066,0.7941778366559502,0.0,262317.52564835333,6289.019514390255,19926799.784517545,399.6714461668791,311.972984835374
0.015132202257090437,0.45000000000000007,0.015,263.9103960110555,45.84797353252389,0.7939406977608288,0.0,262317.5838559812,6289.019514237744,19926819.505543463,399.6715347774283,311.9730194189004
0.015132202257090437,0.48333333333333334,-0.005,263.695723018613,45.424920526152675,1.0324748772255081,0.0,262237.1434285375,6289.0197028565535,19905937.467110135,399.57768225291613,311.93638787025753
0.015132202257090437,0.48333333333333334,0.005,263.695723018613,45.42490804342662,1.032751768646612,0.0,262237.0755748778,6289.019703064178,19905914.477055762,399.57757888393286,311.93634752197136
0.015132202257090437,0.48333333333333334,0.015,263.695723018613,45.424920526152675,1.0324748772255081,0.0,262237.1434285375,6289.0197028565535,19905937.467110135,399.57768225291613,311.93638787025753
0.015132202257090437,0.5166666666666667,-0.005,263.44517880721395,44.97555432748794,1.3116274775533157,0.0,262145.52026548295,6289.019956860853,19881571.9376727,399.4680928084069,311.8936086045151
0.015132202257090437,0.5166666666666667,0.005,263.44517880721395,44.97553993827121,1.3119337469566794,0.0,262145.44526693574,6289.019957114879,19881546.526192322,399.4679784549335,311.89356396250156
0.015132202257090437,0.5166666666666667,0.015,263.44517880721395,44.97555432748794,1.3116274775533157,0.0,262145.52026548295,6289.019956860853,19881571.9376727,399.4680928084069,311.8936086045151
0.015132202257090437,0.55,-0.005,263.16811891284607,44.49705755827564,1.620312946674067,0.0,262045.2960166142,6289.020265948041,19854634.786653526,399.3468287713989,311.8462652127391
0.015132202257090437,0.55,0.005,263.16811891284607,44.49704193164706,1.620632248028905,0.0,262045.21781819145,6289.0202662244565,19854608.291185696,399.34670941968733,311.84621861240885
0.015132202257090437,0.55,0.015,263.16811891284607,44.49705755827564,1.620312946674067,0.0,262045.2960166142,6289.020265948041,19854634.786653526,399.3468287713989,311.8462652127391
0.015132202257090437,0.5833333333333334,-0.005,262.87930505964243,43.986390266290016,1.9409431173884872,0.0,261940.57859495073,6289.020604100565,19826562.35109545,399.2203254258569,311.79686865107345
0.015132202257090437,0.5833333333333334,0.005,262.87930505964243,43.98637433191661,1.9412553415924192,0.0,261940.5020378812,6289.020604365501,19826536.413941834,399.22020845790695,311.79682297423676
0.015132202257090437,0.5833333333333334,0.015,262.87930505964243,43.986390266290016,1.9409431173884872,0.0,261940.57859495073,6289.020604100565,19826562.35109545,399.2203254258569,311.79686865107345
0.015132202257090437,0.6166666666666667,-0.005,262.59690892988993,43.43989321392355,2.2517324669328054,0.0,261836.4163717505,6289.020936960009,19799120.717202332,399.09653111699873,311.74852232683565
0.015132202257090437,0.6166666666666667,0.005,262.59690892988993,43.43987783926457,2.2520174397165347,0.0,261836.34628469183,6289.020937181864,19799096.979204766,399.0964239414614,311.74848046751714
0.015132202257090437,0.6166666666666667,0.015,262.59690892988993,43.43989321392355,2.2517324669328054,0.0,261836.4163717505,6289.020936960009,19799120.717202332,399.09653111699873,311.74852232683565
0.015132202257090437,0.65,-0.005,262.33915408398286,42.85304530992011,2.5306478187861194,0.0,261737.838571567,6289.021234762778,19774079.333481137,398.98344552595955,311.7043516051342
0.015132202257090437,0.65,0.005,262.33915408398286,42.85303171881512,2.530889541849067,0.0,261737.77878532672,6289.021234923644,19774059.08969264,398.9833540232157,311.70431586204086
0.015132202257090437,0.65,0.015,262.33915408398286,42.85304530992011,2.5306478187861194,0.0,261737.838571567,6289.021234762778,19774079.333481137,398.98344552595955,311.7043516051342
0.015132202257090437,0.6833333333333333,-0.005,262.1205015478122,42.219873892354634,2.759914932125097,0.0,261648.75692430185,6289.021484155468,19752841.059948478,398.88744580079367,311.6668496327836
0.015132202257090437,0.6833333333333333,0.005,262.1205015478122,42.21986296997696,2.7601048366968564,0.0,261648.7094686097,6289.021484256102,19752824.99412392,398.88737310917185,311.6668212343343
0.015132202257090437,0.6833333333333333,0.015,262.1205015478122,42.219873892354634,2.759914932125097,0.0,261648.75692430185,6289.021484155468,19752841.059948478,398.88744580079367,311.6668496327836
0.015132202257090437,0.7166666666666667,-0.005,261.9486808551312,41.53160422366811,2.9294972512762203,0.0,261571.07914519397,6289.021691449511,19736154.724133205,398.81197049544784,311.63736228776224
0.015132202257090437,0.7166666666666667,0.005,261.9486808551312,41.5315962202233,2.929635292878633,0.0,261571.04398404458,6289.021691504076,19736142.82188995,398.81191659759713,311.63734122948694
0.015132202257090437,0.7166666666666667,0.015,261.9486808551312,41.53160422366811,2.9294972512762203,0.0,261571.07914519397,6289.021691449511,19736154.724133205,398.81197049544784,311.63736228776224
0.015132202257090437,0.75,-0.005,261.8236955666435,40.77544206204051,3.0382248131265106,0.0,261504.39281146682,6289.021876536654,19724019.272382844,398.75706474104356,311.6159094795413
0.015132202257090437,0.75,0.005,261.8236955666435,40.77543674795279,3.038318027509512,0.0,261504.36820373026,6289.02187656291,19724010.942305047,398.7570269956382,311.6158947311266
0.015132202257090437,0.75,0.015,261.8236955666435,40.77544206204051,3.0382248131265106,0.0,261504.39281146682,6289.021876536654,19724019.272382844,398.75706474104356,311.6159094795413
0.015132202257090437,0.7833333333333333,-0.005,261.7391456512399,39.93267078312897,3.0920846093630296,0.0,261446.2855918759,6289.022063995731,19715812.46389716,398.7199483595883,311.6014065087582
0.015132202257090437,0.7833333333333333,0.005,261.7391456512399,39.9326676016008,3.0921438513586605,0.0,261446.26887707665,6289.022064007646,19715806.80444543,398.7199227042828,311.6013964838906
0.015132202257090437,0.7833333333333333,0.015,261.7391456512399,39.93267078312897,3.0920846093630296,0.0,261446.2855918759,6289.022063995731,19715812.46389716,398.7199483595883,311.6014065087582
0.015132202257090437,0.8166666666666667,-0.005,261.68517978218944,38.97534727846807,3.1004138928394607,0.0,261393.08947039073,6289.022278580735,19710577.50059296,398.6963112117039,311.5921701039587
0.015132202257090437,0.8166666666666667,0.005,261.68517978218944,38.97534556562097,3.100450259529487,0.0,261393.07792865537,6289.022278586458,19710573.59131325,398.6962934853982,311.5921631771601
0.015132202257090437,0.8166666666666667,0.015,261.68517978218944,38.97534727846807,3.1004138928394607,0.0,261393.08947039073,6289.022278580735,19710577.50059296,398.6963112117039,311.5921701039587
0.015132202257090437,0.85,-0.005,261.6517194706296,37.859720447254446,3.0714559585922383,0.0,261340.6135828903,6289.022548318417,19707336.027986206,398.6817374648268,311.5864751592264
0.015132202257090437,0.85,0.005,261.6517194706296,37.859719618656605,3.0714782891121177,0.0,261340.60503545447,6289.022548321738,19707333.132301696,398.68172433247105,311.5864700274833
0.015132202257090437,0.85,0.015,261.6517194706296,37.859720447254446,3.0714559585922383,0.0,261340.6135828903,6289.022548318417,19707336.027986206,398.6817374648268,311.5864751592264
0.015132202257090437,0.8833333333333333,-0.005,261.6306919177514,36.51129585462026,3.0083475150870203,0.0,261284.372238214,6289.022917232615,19705305.1594886,398.67270025258955,311.5829436592864
0.015132202257090437,0.8833333333333333,0.005,261.6306919177514,36.511295493474556,3.0083615398139734,0.0,261284.36525044762,6289.022917235032,19705302.79288653,398.6726895186966,311.5829394647454
0.015132202257090437,0.8833333333333333,0.015,261.6306919177514,36.51129585462026,3.0083475150870203,0.0,261284.372238214,6289.022917232615,19705305.1594886,398.67270025258955,311.5829436592864
0.015132202257090437,0.9166666666666667,-0.005,261.61673427325786,34.78490508428065,2.9047029587197915,0.0,261218.7298019647,6289.023482766162,19703966.894675933,398.66689721936893,311.58067596858217
0.015132202257090437,0.9166666666666667,0.005,261.61673427325786,34.78490492812405,2.904711749277931,0.0,261218.72357180167,6289.02348276817,19703964.7867272,398.66688765803804,311.58067223222235
0.015132202257090437,0.9166666666666667,0.015,261.61673427325786,34.78490508428065,2.9047029587197915,0.0,261218.7298019647,6289.023482766162,19703966.894675933,398.66689721936893,311.58067596858217
0.015132202257090437,0.9499999999999998,-0.005,261.6065594938399,32.323240948161214,2.7327341689601536,0.0,261133.1495945305,6289.0245688360765,19703011.71955403,398.6630780234094,311.5791835064326
0.015132202257090437,0.9499999999999998,0.005,261.6065594938399,32.3232408031148,2.7327390987512366,0.0,261133.14371532638,6289.024568837605,19703009.733901195,398.663069016272,311.5791799866227
0.015132202257090437,0.9499999999999998,0.015,261.6065594938399,32.323240948161214,2.7327341689601536,0.0,261133.1495945305,6289.0245688360765,19703011.71955403,398.6630780234094,311.5791835064326
0.015132202257090437,0.9833333333333333,-0.005,261.5967743349911,27.654277597633964,2.3654988406926947,0.0,260990.51475767992,6289.027415862019,19702147.52454143,398.6605045386185,311.57817783820286
0.015132202257090437,0.9833333333333333,0.005,261.5967743349911,27.654277460064357,2.3655004505398707,0.0,260990.50901341473,6289.027415862715,19702145.58751132,398.66049575133445,311.5781744042961
0.015132202257090437,0.9833333333333333,0.015,261.5967743349911,27.654277597633964,2.3654988406926947,0.0,260990.51475767992,6289.027415862019,19702147.52454143,398.6605045386185,311.57817783820286
0.015132202257090437,1.0166666666666668,-0.005,261.59677433473786,2.6671537102163635e-11,2.2813699083915792e-12,0.0,260990.51475760687,6289.992881351814,19731267.498023782,399.24972880027724,311.80835067075805
0.015132202257090437,1.0166666666666668,0.005,261.5967743344846,-27.654277597634152,-2.365498840692711,0.0,260990.51475753388,6289.027415862019,19702147.524492253,398.6605045383951,311.5781778381155
0.015132202257090437,1.0166666666666668,0.015,261.59677433473786,2.6671537102163635e-11,2.2813699083915792e-12,0.0,260990.51475760687,6289.992881351814,19731267.498023782,399.24972880027724,311.80835067075805
0.015857460683573833,-0.016666666666666666,-0.005,264.58278145504204,49.8793926527498,8.392254086204415e-19,0.0,262702.2460263345,6289.019199717076,19992256.991096567,399.9652751210159,312.0876413302624
0.015857460683573833,-0.016666666666666666,0.005,264.58278145504204,49.8793926527498,-0.008368354558651684,0.0,262702.2460263345,6289.019199629532,19992256.98841919,399.9652750674523,312.0876413093649
0.015857460683573833,-0.016666666666666666,0.015,264.58278145504204,49.8793926527498,8.392254086204415e-19,0.0,262702.2460263345,6289.019199717076,19992256.991096567,399.9652751210159,312.0876413302624
0.015857460683573833,0.016666666666666666,-0.005,264.58278145504204,49.87939265274979,0.008368354558651682,0.0,262702.2460263345,6289.019199629532,19992256.988419194,399.9652750674523,312.0876413093649
0.015857460683573833,0.016666666666666666,0.005,264.58278145504204,49.8793926105107,0.008369593474357558,0.0,262702.24192567496,6289.019199629929,19992255.59057366,399.96526879768345,312.08763886325585
0.015857460683573833,0.016666666666666666,0.015,264.58278145504204,49.87939265274979,0.008368354558651682,0.0,262702.2460263345,6289.019199629532,19992256.988419194,399.9652750674523,312.0876413093649
0.015857460683573833,0.05,-0.005,264.58039335495357,49.63265245429144,0.02460315772061327,0.0,262689.28782793874,6289.019200229388,19992024.449389648,399.96423230680716,312.08723448289453
0.015857460683573833,0.05,0.005,264.58039335495357,49.63265229928065,0.024607013741597003,0.0,262689.28360403504,6289.019200229856,19992023.01139394,399.96422585692284,312.0872319665113
0.015857460683573833,0.05,0.015,264.58039335495357,49.63265245429144,0.02460315772061327,0.0,262689.28782793874,6289.019200229388,19992024.449389648,399.96423230680716,312.08723448289453
0.015857460683573833,0.08333333333333333,-0.005,264.57577224668063,49.37824804296749,0.04075913766588234,0.0,262675.3747877419,6289.019201018137,19991574.476941902,399.9622143193862,312.08644717635934
0.015857460683573833,0.08333333333333333,0.005,264.57577224668063,49.378247752974545,0.04076591137385463,0.0,262675.37029044214,6289.019201018736,19991572.94791692,399.9622074611333,312.0864445006469
0.015857460683573833,0.08333333333333333,0.015,264.57577224668063,49.37824804296749,0.04075913766588234,0.0,262675.3747877419,6289.019201018137,19991574.476941902,399.9622143193862,312.08644717635934
0.015857460683573833,0.11666666666666665,-0.005,264.5685999789212,49.1156545649864,0.057390005641097544,0.0,262660.39618869545,6289.019202047129,19990876.106264196,399.9590821801942,312.08522518579224
0.015857460683573833,0.11666666666666665,0.005,264.5685999789212,49.11565411221989,0.05740030811468943,0.0,262660.3912166824,6289.019202047947,19990874.41795937,399.9590746073808,312.085222231286
0.015857460683573833,0.11666666666666665,0.015,264.5685999789212,49.1156545649864,0.057390005641097544,0.0,262660.39618869545,6289.019202047129,19990876.106264196,399.9590821801942,312.08522518579224
0.015857460683573833,0.15,-0.005,264.55830253550374,48.844280747694945,0.07529774277701937,0.0,262644.16583446885,6289.019203415917,19989873.471263457,399.9545852387695,312.08347071516687
0.015857460683573833,0.15,0.005,264.55830253550374,48.84428009392851,0.07531261749019928,0.0,262644.1600922501,6289.019203417118,19989871.523457453,399.9545765017571,312.0834673064334
0.015857460683573833,0.15,0.015,264.55830253550374,48.844280747694945,0.07529774277701937,0.0,262644.16583446885,6289.019203415917,19989873.471263457,399.9545852387695,312.08347071516687
0.015857460683573833,0.18333333333333332,-0.005,264.54392281627946,48.563454254225704,0.09569983024141003,0.0,262626.38519194984,6289.019205319252,19988473.421316225,399.94830554573946,312.0810206918881
0.015857460683573833,0.18333333333333332,0.005,264.54392281627946,48.563453343239026,0.09572094916880519,0.0,262626.3782380181,6289.019205321147,19988471.064241726,399.94829497256103,312.08101656674455
0.015857460683573833,0.18333333333333332,0.015,264.54392281627946,48.563454254225704,0.09569983024141003,0.0,262626.38519194984,6289.019205319252,19988473.421316225,399.94830554573946,312.0810206918881
0.015857460683573833,0.21666666666666667,-0.005,264.52394172802036,48.27240156777986,0.12045266369918252,0.0,262606.59158649936,6289.019208147208,19986528.109410524,399.93957969057976,312.0776162661158
0.015857460683573833,0.21666666666666667,0.005,264.52394172802036,48.272400314411954,0.12048257052181982,0.0,262606.58277108014,6289.019208150413,19986525.122667182,399.9395662922526,312.07761103867864
0.015857460683573833,0.21666666666666667,0.015,264.52394172802036,48.27240156777986,0.12045266369918252,0.0,262606.59158649936,6289.019208147208,19986528.109410524,399.93957969057976,312.0776162661158
0.015857460683573833,0.25,-0.005,264.4960581741929,47.97022114384325,0.15232175091068975,0.0,262584.09445298905,6289.019212688948,19983813.584450163,399.9274026486865,312.07286528455893
0.015857460683573833,0.25,0.005,264.4960581741929,47.97021941986519,0.1523641083625259,0.0,262584.08285519556,6289.019212694688,19983809.655739356,399.9273850236229,312.0728584079307
0.015857460683573833,0.25,0.015,264.4960581741929,47.97022114384325,0.15232175091068975,0.0,262584.09445298905,6289.019212688948,19983813.584450163,399.9274026486865,312.07286528455893
0.015857460683573833,0.2833333333333333,-0.005,264.45696575337894,47.6558494969841,0.19525502329717556,0.0,262557.91049453913,6289.019220520792,19980008.07556892,399.91033011427174,312.0662041611164
0.015857460683573833,0.2833333333333333,0.005,264.45696575337894,47.655847115927166,0.19531477683990625,0.0,262557.8948802641,6289.019220531424,19980002.78647423,399.91030638409705,312.0661949023088
0.015857460683573833,0.2833333333333333,0.015,264.45696575337894,47.6558494969841,0.19525502329717556,0.0,262557.91049453913,6289.019220520792,19980008.07556892,399.91033011427174,312.0662041611164
0.015857460683573833,0.31666666666666665,-0.005,264.40220452001523,47.32802203454433,0.2545661700454541,0.0,262526.7203071088,6289.019234668073,19974677.608659063,399.88641347297187,312.05687246036024
0.015857460683573833,0.31666666666666665,0.005,264.40220452001523,47.3280187406494,0.25464949051684765,0.0,262526.6991415366,6289.019234687871,19974670.43893285,399.886381301005,312.05685990744115
0.015857460683573833,0.31666666666666665,0.015,264.40220452001523,47.32802203454433,0.2545661700454541,0.0,262526.7203071088,6289.019234668073,19974677.608659063,399.88641347297187,312.05687246036024
0.015857460683573833,0.35,-0.005,264.32621106523396,46.9852338695036,0.33688120085119594,0.0,262488.8820011994,6289.01926055574,19967280.969781052,399.85322113083976,312.043921140844
0.015857460683573833,0.35,0.005,264.32621106523396,46.98522933946012,0.33699503875117387,0.0,262488.85355733865,6289.019260591785,19967271.33412862,399.85317788582336,312.04390426672103
0.015857460683573833,0.35,0.015,264.32621106523396,46.9852338695036,0.33688120085119594,0.0,262488.8820011994,6289.01926055574,19967280.969781052,399.85322113083976,312.043921140844
0.015857460683573833,0.38333333333333336,-0.005,264.22271769179616,46.62570974975854,0.4496691818473225,0.0,262442.54526810854,6289.019307009336,19957208.699769747,399.8080118846248,312.0262800809551
0.015857460683573833,0.38333333333333336,0.005,264.22271769179616,46.62570361816006,0.4498202921411127,0.0,262442.50786605146,6289.019307071965,19957196.02886568,399.80795500227777,312.02625788431664
0.015857460683573833,0.38333333333333336,0.015,264.22271769179616,46.62570974975854,0.4496691818473225,0.0,262442.54526810854,6289.019307009336,19957208.699769747,399.8080118846248,312.0262800809551
0.015857460683573833,0.4166666666666667,-0.005,264.08562861687557,46.247394574163316,0.6002055911681807,0.0,262385.90261016955,6289.019386607561,19943868.546622403,399.74811608736803,312.0029066588799
0.015857460683573833,0.4166666666666667,0.005,264.08562861687557,46.247386491940695,0.6003990052707994,0.0,262385.8549921785,6289.019386709395,19943852.414113346,399.74804363801695,312.0028783855645
0.015857460683573833,0.4166666666666667,0.015,264.08562861687557,46.247394574163316,0.6002055911681807,0.0,262385.90261016955,6289.019386607561,19943868.546622403,399.74811608736803,312.0029066588799
0.015857460683573833,0.45,-0.005,263.91039595137505,45.84797353122407,0.7939407512473915,0.0,262317.58383892314,6289.019514237771,19926819.499743618,399.67153475136,311.97301940872626
0.015857460683573833,0.45,0.005,263.91039595137505,45.84796325815063,0.7941778901547123,0.0,262317.5256312722,6289.019514390281,19926799.77870984,399.6714461407754,311.9729848251861
0.015857460683573833,0.45,0.015,263.91039595137505,45.84797353122407,0.7939407512473915,0.0,262317.58383892314,6289.019514237771,19926819.499743618,399.67153475136,311.97301940872626
0.015857460683573833,0.48333333333333334,-0.005,263.6957229475232,45.42492052455912,1.032474939639519,0.0,262237.14340822026,6289.019702856593,19905937.460202828,399.577682221848,311.9363878581306
0.015857460683573833,0.48333333333333334,0.005,263.6957229475232,45.42490804183292,1.0327518310712989,0.0,262237.0755545345,6289.019703064218,19905914.4701396,399.57757885282484,311.93634750982886
0.015857460683573833,0.48333333333333334,0.015,263.6957229475232,45.42492052455912,1.032474939639519,0.0,262237.14340822026,6289.019702856593,19905937.460202828,399.577682221848,311.9363878581306
0.015857460683573833,0.5166666666666667,-0.005,263.4451787261448,44.97555432569539,1.3116275465505371,0.0,262145.52024231787,6289.019956860904,19881571.929797493,399.46809277295506,311.8936085906752
0.015857460683573833,0.5166666666666667,0.005,263.4451787261448,44.975539936478675,1.3119338159616365,0.0,262145.4452437429,6289.01995711493,19881546.51830768,399.46797841943913,311.89356394864507
0.015857460683573833,0.5166666666666667,0.015,263.4451787261448,44.97555432569539,1.3116275465505371,0.0,262145.52024231787,6289.019956860904,19881571.929797493,399.46809277295506,311.8936085906752
0.015857460683573833,0.55,-0.005,263.16811882456307,44.497057556452184,1.6203130185716041,0.0,262045.29599139738,6289.020265948113,19854634.778079826,399.34682873276944,311.84626519765646
0.015857460683573833,0.55,0.005,263.16811882456307,44.49704192982382,1.6206323199301989,0.0,262045.21779294673,6289.020266224528,19854608.282602523,399.3467093810151,311.8462185973094
0.015857460683573833,0.55,0.015,263.16811882456307,44.497057556452184,1.6203130185716041,0.0,262045.29599139738,6289.020265948113,19854634.778079826,399.34682873276944,311.84626519765646
0.015857460683573833,0.5833333333333334,-0.005,262.87930496791205,43.98639026464869,1.9409431876650787,0.0,261940.5785687427,6289.020604100612,19826562.342188027,399.220325385667,311.79686863537904
0.015857460683573833,0.5833333333333334,0.005,262.87930496791205,43.98637433027561,1.9412554118684644,0.0,261940.50201164692,6289.020604365548,19826536.40502551,399.2202084176768,311.7968229585266
0.015857460683573833,0.5833333333333334,0.015,262.87930496791205,43.98639026464869,1.9409431876650787,0.0,261940.5785687427,6289.020604100612,19826562.342188027,399.220325385667,311.79686863537904
0.015857460683573833,0.6166666666666667,-0.005,262.59690883876317,43.43989321264947,2.251732531061716,0.0,261836.4163457196,6289.020936960062,19799120.708355427,399.0965310770418,311.74852231122975
0.015857460683573833,0.6166666666666667,0.005,262.59690883876317,43.43987783799103,2.25201750384116,0.0,261836.34625863784,6289.020937181916,19799096.970350046,399.0964239014691,311.7484804518974
0.015857460683573833,0.6166666666666667,0.015,262.59690883876317,43.43989321264947,2.251732531061716,0.0,261836.4163457196,6289.020936960062,19799120.708355427,399.0965310770418,311.74852231122975
0.015857460683573833,0.65,-0.005,262.33915399701067,42.85304530926745,2.5306478731879123,0.0,261737.8385467139,6289.021234762796,19774079.325037915,398.98344548777277,311.7043515902176
0.015857460683573833,0.65,0.005,262.33915399701067,42.853031718163216,2.530889596244143,0.0,261737.77876045473,6289.0212349236635,19774059.081243012,398.98335398499995,311.70431584711287
0.015857460683573833,0.65,0.015,262.33915399701067,42.85304530926745,2.5306478731879123,0.0,261737.8385467139,6289.021234762796,19774079.325037915,398.98344548777277,311.7043515902176
0.015857460683573833,0.6833333333333333,-0.005,262.12050146729024,42.21987389248926,2.7599149748942824,0.0,261648.75690130063,6289.021484155493,19752841.052132536,398.88744576541836,311.6668496189635
0.015857460683573833,0.6833333333333333,0.005,262.12050146729024,42.21986297011239,2.7601048794585283,0.0,261648.70944559405,6289.021484256127,19752824.98630309,398.88737307377437,311.6668212205056
0.015857460683573833,0.6833333333333333,0.015,262.12050146729024,42.21987389248926,2.7599149748942824,0.0,261648.75690130063,6289.021484155493,19752841.052132536,398.88744576541836,311.6668496189635
0.015857460683573833,0.7166666666666667,-0.005,261.9486807818199,41.531604224602056,2.9294972824203125,0.0,261571.07912425278,6289.021691449523,19736154.717017237,398.8119704632142,311.63736227516836
0.015857460683573833,0.7166666666666667,0.005,261.9486807818199,41.53159622115798,2.9296353240158823,0.0,261571.04396309302,6289.021691504088,19736142.81477047,398.8119165653476,311.63734121688674
0.015857460683573833,0.7166666666666667,0.015,261.9486807818199,41.531604224602056,2.9294972824203125,0.0,261571.07912425278,6289.021691449523,19736154.717017237,398.8119704632142,311.63736227516836
0.015857460683573833,0.75,-0.005,261.82369549990034,40.77544206368118,3.038224834236507,0.0,261504.39279240087,6289.0218765366535,19724019.26590416,398.757064711677,311.6159094680668
0.015857460683573833,0.75,0.005,261.82369549990034,40.77543674959408,3.0383180486142365,0.0,261504.3681846572,6289.021876562909,19724010.935823955,398.7570269662608,311.6158947196478
0.015857460683573833,0.75,0.015,261.82369549990034,40.77544206368118,3.038224834236507,0.0,261504.39279240087,6289.0218765366535,19724019.26590416,398.757064711677,311.6159094680668
0.015857460683573833,0.7833333333333333,-0.005,261.7391455895638,39.932670785314464,3.0920846228782137,0.0,261446.28557425577,6289.02206399572,19715812.45791001,398.7199483324365,311.6014064981486
0.015857460683573833,0.7833333333333333,0.005,261.7391455895638,39.93266760378676,3.0921438648703625,0.0,261446.26885945158,6289.022064007635,19715806.798456643,398.71992267712346,311.60139647327804
0.015857460683573833,0.7833333333333333,0.015,261.7391455895638,39.932670785314464,3.0920846228782137,0.0,261446.28557425577,6289.02206399572,19715812.45791001,398.7199483324365,311.6014064981486
0.015857460683573833,0.8166666666666667,-0.005,261.6851797238635,38.975347281023176,3.10041390124559,0.0,261393.0894537276,6289.022278580724,19710577.49493097,398.6963111860213,311.5921700939229
0.015857460683573833,0.8166666666666667,0.005,261.6851797238635,38.97534556817644,3.100450267933635,0.0,261393.07791198886,6289.022278586448,19710573.585650098,398.6962934597104,311.59216316712224
0.015857460683573833,0.8166666666666667,0.015,261.6851797238635,38.975347281023176,3.10041390124559,0.0,261393.0894537276,6289.022278580724,19710577.49493097,398.6963111860213,311.5921700939229
0.015857460683573833,0.85,-0.005,261.65171941421454,37.859720450028455,3.0714559638637873,0.0,261340.61356677202,6289.0225483184095,19707336.022509795,398.6817374399845,311.58647514951866
0.015857460683573833,0.85,0.005,261.65171941421454,37.85971962143089,3.0714782943826835,0.0,261340.60501933354,6289.022548321732,19707333.126824383,398.6817243076246,311.58647001777405
0.015857460683573833,0.85,0.015,261.65171941421454,37.859720450028455,3.0714559638637873,0.0,261340.61356677202,6289.0225483184095,19707336.022509795,398.6817374399845,311.58647514951866
0.015857460683573833,0.8833333333333334,-0.005,261.63069186228694,36.511295857507854,3.0083475185011195,0.0,261284.3722223638,6289.022917232612,19705305.15410456,398.67270022816575,311.5829436497422
0.015857460683573833,0.8833333333333334,0.005,261.63069186228694,36.51129549636237,3.0083615432276356,0.0,261284.3652345952,6289.022917235028,19705302.787501726,398.6726894942694,311.58293945519983
0.015857460683573833,0.8833333333333334,0.015,261.63069186228694,36.511295857507854,3.0083475185011195,0.0,261284.3722223638,6289.022917232612,19705305.15410456,398.67270022816575,311.5829436497422
0.015857460683573833,0.9166666666666666,-0.005,261.61673421821826,34.784905087215385,2.904702960959374,0.0,261218.7297862244,6289.023482766147,19703966.88933281,398.6668971951241,311.5806759591078
0.015857460683573833,0.9166666666666666,0.005,261.61673421821826,34.78490493105899,2.9047117515173317,0.0,261218.72355605933,6289.023482768155,19703964.781383384,398.6668876337901,311.5806722227468
0.015857460683573833,0.9166666666666666,0.015,261.61673421821826,34.784905087215385,2.904702960959374,0.0,261218.7297862244,6289.023482766147,19703966.88933281,398.6668971951241,311.5806759591078
0.015857460683573833,0.95,-0.005,261.6065594389752,32.323240951101795,2.7327341703295476,0.0,261133.1495788245,6289.024568836047,19703011.71422748,398.6630779992321,311.5791834969846
0.015857460683573833,0.95,0.005,261.6065594389752,32.32324080605558,2.7327391001205625,0.0,261133.14369961843,6289.024568837576,19703009.72857398,398.66306899209167,311.5791799771735
0.015857460683573833,0.95,0.015,261.6065594389752,32.323240951101795,2.7327341703295476,0.0,261133.1495788245,6289.024568836047,19703011.71422748,398.6630779992321,311.5791834969846
0.015857460683573833,0.9833333333333333,-0.005,261.5967742801897,27.654277599909513,2.3654988412508517,0.0,260990.51474194578,6289.027415861961,19702147.519220185,398.66050451445096,311.57817782875856
0.015857460683573833,0.9833333333333333,0.005,261.5967742801897,27.654277462340083,2.3655004510980175,0.0,260990.50899767867,6289.027415862658,19702145.582189426,398.66049572716395,311.57817439485063
0.015857460683573833,0.9833333333333333,0.015,261.5967742801897,27.654277599909513,2.3654988412508517,0.0,260990.51474194578,6289.027415861961,19702147.519220185,398.66050451445096,311.57817782875856
0.015857460683573833,1.0166666666666666,-0.005,261.5967742799295,2.759286374967947e-11,2.360247637883658e-12,0.0,260990.51474187075,6289.992881351976,19731267.492700625,399.24972877620496,311.808350661358
0.015857460683573833,1.0166666666666666,0.005,261.5967742796693,-27.654277599909328,-2.365498841250836,0.0,260990.51474179578,6289.027415861961,19702147.51916966,398.6605045142215,311.5781778286689
0.015857460683573833,1.0166666666666666,0.015,261.5967742799295,2.759286374967947e-11,2.360247637883658e-12,0.0,260990.51474187075,6289.992881351976,19731267.492700625,399.24972877620496,311.808350661358
0.016582719110057226,-0.016666666666666666,-0.005,264.5827814503059,49.879392652812825,0.0,0.0,262702.2460249884,6289.01919971708,19992256.99063596,399.9652751189519,312.08764132945714
0.016582719110057226,-0.016666666666666666,0.005,264.5827814503059,49.879392652812825,-0.008368354845967305,0.0,262702.2460249884,6289.019199629536,19992256.987958584,399.96527506538825,312.0876413085597
0.016582719110057226,-0.016666666666666666,0.015,264.5827814503059,49.879392652812825,0.0,0.0,262702.2460249884,6289.01919971708,19992256.99063596,399.9652751189519,312.08764132945714
0.016582719110057226,0.016666666666666666,-0.005,264.58278145030584,49.879392652812825,0.008368354845967305,0.0,262702.2460249884,6289.019199629536,19992256.987958584,399.96527506538825,312.0876413085597
0.016582719110057226,0.016666666666666666,0.005,264.58278145030584,49.879392610573746,0.008369593761757149,0.0,262702.2419243272,6289.019199629934,19992255.590112492,399.96526879561696,312.08763886244964
0.016582719110057226,0.016666666666666666,0.015,264.58278145030584,49.879392652812825,0.008368354845967305,0.0,262702.2460249884,6289.019199629536,19992256.987958584,399.96527506538825,312.0876413085597
0.016582719110057226,0.05,-0.005,264.580393350086,49.63265245435462,0.02460315860350958,0.0,262689.2878265525,6289.019200229385,19992024.44891606,399.9642323046818,312.0872344820653
0.016582719110057226,0.05,0.005,264.580393350086,49.63265229934384,0.024607014624759393,0.0,262689.2836026471,6289.0192002298545,19992023.010919772,399.96422585479485,312.08723196568104
0.016582719110057226,0.05,0.015,264.580393350086,49.63265245435462,0.02460315860350958,0.0,262689.2878265525,6289.019200229385,19992024.44891606,399.9642323046818,312.0872344820653
0.016582719110057226,0.08333333333333333,-0.005,264.57577224152647,49.3782480430289,0.040759139214837314,0.0,262675.37478627026,6289.019201018126,19991574.476440165,399.9622143171302,312.0864471754792
0.016582719110057226,0.08333333333333333,0.005,264.57577224152647,49.378247753035964,0.0407659129233056,0.0,262675.37028896867,6289.019201018724,19991572.947414562,399.96220745887445,312.0864444997656
0.016582719110057226,0.08333333333333333,0.015,264.57577224152647,49.3782480430289,0.040759139214837314,0.0,262675.37478627026,6289.019201018126,19991574.476440165,399.9622143171302,312.0864471754792
0.016582719110057226,0.11666666666666668,-0.005,264.5685999732703,49.11565456504332,0.0573900079937713,0.0,262660.39618708554,6289.019202047127,19990876.10571444,399.95908217772694,312.08522518482965
0.016582719110057226,0.11666666666666668,0.005,264.5685999732703,49.11565411227685,0.05740031046817842,0.0,262660.3912150704,6289.019202047945,19990874.417408906,399.95907460491037,312.0852222303222
0.016582719110057226,0.11666666666666668,0.015,264.5685999732703,49.11565456504332,0.0573900079937713,0.0,262660.39618708554,6289.019202047127,19990876.10571444,399.95908217772694,312.08522518482965
0.016582719110057226,0.15,-0.005,264.55830252906856,48.84428074774258,0.07529774616912426,0.0,262644.165832634,6289.019203415913,19989873.47063737,399.95458523595875,312.08347071407024
0.016582719110057226,0.15,0.005,264.55830252906856,48.84428009397616,0.07531262088358064,0.0,262644.16009041294,6289.019203417113,19989871.522830553,399.95457649894286,312.0834673053354
0.016582719110057226,0.15,0.015,264.55830252906856,48.84428074774258,0.07529774616912426,0.0,262644.165832634,6289.019203415913,19989873.47063737,399.95458523595875,312.08347071407024
0.016582719110057226,0.18333333333333332,-0.005,264.54392280863254,48.56345425425589,0.09569983504969815,0.0,262626.3851897705,6289.019205319252,19988473.420572463,399.9483055424027,312.0810206905863
0.016582719110057226,0.18333333333333332,0.005,264.54392280863254,48.56345334326922,0.09572095397903788,0.0,262626.3782358358,6289.019205321147,19988471.06349695,399.9482949692197,312.08101656544096
0.016582719110057226,0.18333333333333332,0.015,264.54392280863254,48.56345425425589,0.09569983504969815,0.0,262626.3851897705,6289.019205319252,19988473.420572463,399.9483055424027,312.0810206905863
0.016582719110057226,0.21666666666666667,-0.005,264.5239417185446,48.2724015677795,0.12045267049667602,0.0,262606.5915837966,6289.019208147206,19986528.108488906,399.93957968644406,312.07761626450224
0.016582719110057226,0.21666666666666667,0.005,264.5239417185446,48.27240031441158,0.12048257732220127,0.0,262606.58276837354,6289.019208150411,19986525.121744253,399.93956628811094,312.07761103706275
0.016582719110057226,0.21666666666666667,0.015,264.5239417185446,48.2724015677795,0.12045267049667602,0.0,262606.5915837966,6289.019208147206,19986528.108488906,399.93957968644406,312.07761626450224
0.016582719110057226,0.25,-0.005,264.4960581620106,47.97022114379119,0.1523217605226805,0.0,262584.0944495133,6289.019212688949,19983813.583265483,399.927402643371,312.0728652824851
0.016582719110057226,0.25,0.005,264.4960581620106,47.9702194198131,0.15236411797867866,0.0,262584.08285171475,6289.019212694689,19983809.65455294,399.92738501829973,312.0728584058538
0.016582719110057226,0.25,0.015,264.4960581620106,47.97022114379119,0.1523217605226805,0.0,262584.0944495133,6289.019212688949,19983813.583265483,399.927402643371,312.0728652824851
0.016582719110057226,0.2833333333333333,-0.005,264.45696573730424,47.65584949684821,0.1952550368371445,0.0,262557.910489949,6289.0192205207895,19980008.074005757,399.91033010725585,312.06620415837904
0.016582719110057226,0.2833333333333333,0.005,264.45696573730424,47.6558471157912,0.1953147903856517,0.0,262557.89487566706,6289.0192205314215,19980002.784908716,399.9103063770705,312.0661948995672
0.016582719110057226,0.2833333333333333,0.015,264.45696573730424,47.65584949684821,0.1952550368371445,0.0,262557.910489949,6289.0192205207895,19980008.074005757,399.91033010725585,312.06620415837904
0.016582719110057226,0.31666666666666665,-0.005,264.40220449854087,47.32802203428097,0.2545661889021246,0.0,262526.7203009763,6289.019234668077,19974677.606571183,399.8864134636024,312.05687245670447
0.016582719110057226,0.31666666666666665,0.005,264.40220449854087,47.328018740385914,0.2546495093811744,0.0,262526.69913539494,6289.019234687876,19974670.436841823,399.8863812916215,312.05685990377987
0.016582719110057226,0.31666666666666665,0.015,264.40220449854087,47.32802203428097,0.2545661889021246,0.0,262526.7203009763,6289.019234668077,19974677.606571183,399.8864134636024,312.05687245670447
0.016582719110057226,0.35,-0.005,264.32621103660546,46.985233869058426,0.33688122658755265,0.0,262488.8819930213,6289.019260555749,19967280.966997884,399.853221118348,312.04392113596975
0.016582719110057226,0.35,0.005,264.32621103660546,46.98522933901477,0.3369950644971383,0.0,262488.8535491483,6289.019260591794,19967271.33134129,399.8531778733129,312.04390426183954
0.016582719110057226,0.35,0.015,264.32621103660546,46.985233869058426,0.33688122658755265,0.0,262488.8819930213,6289.019260555749,19967280.966997884,399.853221118348,312.04392113596975
0.016582719110057226,0.38333333333333336,-0.005,264.22271765419043,46.62570974907101,0.4496692159796664,0.0,262442.5452573615,6289.019307009346,19957208.696114104,399.8080118682101,312.02628007454973
0.016582719110057226,0.38333333333333336,0.005,264.22271765419043,46.625703617472325,0.4498203262847584,0.0,262442.5078552886,6289.019307071975,19957196.025204677,399.8079549858389,312.02625787790186
0.016582719110057226,0.38333333333333336,0.015,264.22271765419043,46.62570974907101,0.4496692159796664,0.0,262442.5452573615,6289.019307009346,19957208.696114104,399.8080118682101,312.02628007454973
0.016582719110057226,0.41666666666666674,-0.005,264.08562856870185,46.247394573182,0.6002056348224667,0.0,262385.90259640577,6289.019386607591,19943868.541940454,399.7481160663422,312.0029066506746
0.016582719110057226,0.41666666666666674,0.005,264.08562856870185,46.24738649095915,0.6003990489373957,0.0,262385.8549783952,6289.019386709425,19943852.409424763,399.7480436169613,312.00287837734754
0.016582719110057226,0.41666666666666674,0.015,264.08562856870185,46.247394573182,0.6002056348224667,0.0,262385.90259640577,6289.019386607591,19943868.541940454,399.7481160663422,312.0029066506746
0.016582719110057226,0.45,-0.005,263.9103958916925,45.847973529923706,0.7939408047338473,0.0,262317.58382186596,6289.019514237802,19926819.493943684,399.67153472529304,311.97301939855265
0.016582719110057226,0.45,0.005,263.9103958916925,45.84796325685006,0.7941779436533682,0.0,262317.5256141919,6289.019514390313,19926799.77290205,399.6714461146731,311.9729848149987
0.016582719110057226,0.45,0.015,263.9103958916925,45.847973529923706,0.7939408047338473,0.0,262317.58382186596,6289.019514237802,19926819.493943684,399.67153472529304,311.97301939855265
0.016582719110057226,0.48333333333333334,-0.005,263.69572287642796,45.4249205229661,1.03247500205339,0.0,262237.1433879078,6289.019702856647,19905937.453295473,399.5776821907872,311.93638784600654
0.016582719110057226,0.48333333333333334,0.005,263.69572287642796,45.42490804023977,1.0327518934958457,0.0,262237.07553419593,6289.019703064273,19905914.463223387,399.57757882172405,311.9363474976892
0.016582719110057226,0.48333333333333334,0.015,263.69572287642796,45.4249205229661,1.03247500205339,0.0,262237.1433879078,6289.019702856647,19905937.453295473,399.5776821907872,311.93638784600654
0.016582719110057226,0.5166666666666667,-0.005,263.4451786450715,44.97555432390317,1.3116276155478832,0.0,262145.5202191564,6289.019956860968,19881571.921922244,399.46809273750875,311.89360857683744
0.016582719110057226,0.5166666666666667,0.005,263.4451786450715,44.97553993468646,1.3119338849667181,0.0,262145.44522055367,6289.019957114994,19881546.510422997,399.46797838395025,311.8935639347907
0.016582719110057226,0.5166666666666667,0.015,263.4451786450715,44.97555432390317,1.3116276155478832,0.0,262145.5202191564,6289.019956860968,19881571.921922244,399.46809273750875,311.89360857683744
0.016582719110057226,0.55,-0.005,263.1681187362882,44.497057554628434,1.6203130904693244,0.0,262045.29596617163,6289.0202659481565,19854634.76950606,399.3468286941264,311.84626518256846
0.016582719110057226,0.55,0.005,263.1681187362882,44.49704192800028,1.620632391831674,0.0,262045.21776769307,6289.020266224573,19854608.27401929,399.34670934232923,311.8462185822047
0.016582719110057226,0.55,0.015,263.1681187362882,44.497057554628434,1.6203130904693244,0.0,262045.29596617163,6289.0202659481565,19854634.76950606,399.3468286941264,311.84626518256846
0.016582719110057226,0.5833333333333334,-0.005,262.8793048761767,43.98639026300769,1.9409432579418489,0.0,261940.57854253938,6289.020604100675,19826562.33328059,399.22032534548435,311.79686861968736
0.016582719110057226,0.5833333333333334,0.005,262.8793048761767,43.98637432863494,1.9412554821446875,0.0,261940.50198541733,6289.020604365612,19826536.396109167,399.22020837745384,311.79682294281923
0.016582719110057226,0.5833333333333334,0.015,262.8793048761767,43.98639026300769,1.9409432579418489,0.0,261940.57854253938,6289.020604100675,19826562.33328059,399.22032534548435,311.79686861968736
0.016582719110057226,0.6166666666666667,-0.005,262.59690874763885,43.439893211375434,2.251732595191045,0.0,261836.4163196873,6289.02093696011,19799120.699508604,399.0965310370827,311.748522295623
0.016582719110057226,0.6166666666666667,0.005,262.59690874763885,43.439877836717514,2.252017567966204,0.0,261836.34623258252,6289.020937181966,19799096.961495407,399.09642386147476,311.7484804362769
0.016582719110057226,0.6166666666666667,0.015,262.59690874763885,43.439893211375434,2.251732595191045,0.0,261836.4163196873,6289.02093696011,19799120.699508604,399.0965310370827,311.748522295623
0.016582719110057226,0.65,-0.005,262.3391539100311,42.85304530861548,2.53064792759027,0.0,261737.8385218684,6289.0212347628385,19774079.31659471,398.9834454495975,311.70435157530545
0.016582719110057226,0.65,0.005,262.3391539100311,42.85303171751201,2.5308896506397853,0.0,261737.77873559025,6289.021234923705,19774059.072793398,398.98335394679566,311.7043158321894
0.016582719110057226,0.65,0.015,262.3391539100311,42.85304530861548,2.53064792759027,0.0,261737.8385218684,6289.0212347628385,19774079.31659471,398.9834454495975,311.70435157530545
0.016582719110057226,0.6833333333333333,-0.005,262.12050138676926,42.219873892623774,2.759915017663933,0.0,261648.75687829813,6289.021484155514,19752841.04431657,398.88744573004107,311.6668496051427
0.016582719110057226,0.6833333333333333,0.005,262.12050138676926,42.219862970247696,2.7601049222206653,0.0,261648.70942257709,6289.021484256148,19752824.978482235,398.8873730383749,311.6668212066761
0.016582719110057226,0.6833333333333333,0.015,262.12050138676926,42.219873892623774,2.759915017663933,0.0,261648.75687829813,6289.021484155514,19752841.04431657,398.88744573004107,311.6668496051427
0.016582719110057226,0.7166666666666667,-0.005,261.94868070850936,41.531604225536064,2.9294973135648097,0.0,261571.0791033095,6289.021691449529,19736154.709901165,398.81197043097734,311.63736226257316
0.016582719110057226,0.7166666666666667,0.005,261.94868070850936,41.53159622209273,2.929635355153536,0.0,261571.04394213945,6289.0216915040955,19736142.807650898,398.811916533095,311.63734120428546
0.016582719110057226,0.7166666666666667,0.015,261.94868070850936,41.531604225536064,2.9294973135648097,0.0,261571.0791033095,6289.021691449529,19736154.709901165,398.81197043097734,311.63736226257316
0.016582719110057226,0.75,-0.005,261.8236954331529,40.77544206532185,3.0382248553465847,0.0,261504.39277333888,6289.021876536665,19724019.25942545,398.7570646823165,311.6159094565946
0.016582719110057226,0.75,0.005,261.8236954331529,40.77543675123535,3.038318069719041,0.0,261504.36816558806,6289.02187656292,19724010.92934284,398.75702693688936,311.6158947081714
0.016582719110057226,0.75,0.015,261.8236954331529,40.77544206532185,3.0382248553465847,0.0,261504.39277333888,6289.021876536665,19724019.25942545,398.7570646823165,311.6159094565946
0.016582719110057226,0.7833333333333333,-0.005,261.7391455278842,39.93267078750039,3.092084636393502,0.0,261446.28555663893,6289.02206399572,19715812.45192285,398.71994830528973,311.60140648754094
0.016582719110057226,0.7833333333333333,0.005,261.7391455278842,39.93266760597316,3.0921438783821698,0.0,261446.26884182994,6289.022064007635,19715806.79246784,398.71992264996925,311.6013964626675
0.016582719110057226,0.7833333333333333,0.015,261.7391455278842,39.93267078750039,3.092084636393502,0.0,261446.28555663893,6289.02206399572,19715812.45192285,398.71994830528973,311.60140648754094
0.016582719110057226,0.8166666666666667,-0.005,261.68517966553435,38.9753472835776,3.1004139096521204,0.0,261393.089437067,6289.022278580723,19710577.489268932,398.6963111603427,311.5921700838886
0.016582719110057226,0.8166666666666667,0.005,261.68517966553435,38.975345570731214,3.1004502763381834,0.0,261393.0778953248,6289.022278586446,19710573.579986893,398.6962934340264,311.59216315708585
0.016582719110057226,0.8166666666666667,0.015,261.68517966553435,38.9753472835776,3.1004139096521204,0.0,261393.089437067,6289.022278580723,19710577.489268932,398.6963111603427,311.5921700838886
0.016582719110057226,0.8500000000000001,-0.005,261.651719357801,37.85972045280272,3.071455969136379,0.0,261340.61355065266,6289.0225483184,19707336.017033417,398.6817374151405,311.5864751398104
0.016582719110057226,0.8500000000000001,0.005,261.651719357801,37.85971962420543,3.071478299654292,0.0,261340.60500321147,6289.022548321721,19707333.121347103,398.6817242827765,311.5864700080641
0.016582719110057226,0.8500000000000001,0.015,261.651719357801,37.85972045280272,3.071455969136379,0.0,261340.61355065266,6289.0225483184,19707336.017033417,398.6817374151405,311.5864751398104
0.016582719110057226,0.8833333333333333,-0.005,261.6306918068216,36.51129586039554,3.0083475219166567,0.0,261284.37220651386,6289.02291723261,19705305.148720473,398.67270020374235,311.58294364019815
0.016582719110057226,0.8833333333333333,0.005,261.6306918068216,36.51129549925029,3.0083615466427367,0.0,261284.365218743,6289.022917235027,19705302.78211688,398.6726894698425,311.58293944565446
0.016582719110057226,0.8833333333333333,0.015,261.6306918068216,36.51129586039554,3.0083475219166567,0.0,261284.37220651386,6289.02291723261,19705305.148720473,398.67270020374235,311.58294364019815
0.016582719110057226,0.9166666666666666,-0.005,261.616734163177,34.78490509015042,2.904702963200342,0.0,261218.7297704844,6289.023482766134,19703966.88398958,398.66689717087974,311.58067594963364
0.016582719110057226,0.9166666666666666,0.005,261.616734163177,34.78490493399423,2.9047117537581175,0.0,261218.72354031724,6289.0234827681425,19703964.77603946,398.6668876095425,311.5806722132713
0.016582719110057226,0.9166666666666666,0.015,261.616734163177,34.78490509015042,2.904702963200342,0.0,261218.7297704844,6289.023482766134,19703966.88398958,398.66689717087974,311.58067594963364
0.016582719110057226,0.9500000000000001,-0.005,261.6065593841097,32.32324095404263,2.732734171700068,0.0,261133.14956311753,6289.024568836016,19703011.70890079,398.6630779750533,311.579183487536
0.016582719110057226,0.9500000000000001,0.005,261.6065593841097,32.323240808996616,2.7327391014910143,0.0,261133.14368390953,6289.024568837546,19703009.72324663,398.6630689679098,311.57917996772375
0.016582719110057226,0.9500000000000001,0.015,261.6065593841097,32.32324095404263,2.732734171700068,0.0,261133.14956311753,6289.024568836016,19703011.70890079,398.6630779750533,311.579183487536
0.016582719110057226,0.9833333333333332,-0.005,261.5967742253925,27.654277602185193,2.36549884180951,0.0,260990.5147262063,6289.027415861889,19702147.513898853,398.66050449027523,311.5781778193111
0.016582719110057226,0.9833333333333332,0.005,261.5967742253925,27.654277464615948,2.365500451656666,0.0,260990.50898193737,6289.027415862585,19702145.576867457,398.6604957029854,311.5781743854022
0.016582719110057226,0.9833333333333332,0.015,261.5967742253925,27.654277602185193,2.36549884180951,0.0,260990.5147262063,6289.027415861889,19702147.513898853,398.66050449027523,311.5781778193111
0.016582719110057226,1.0166666666666668,-0.005,261.5967742251254,2.8237792404944436e-11,2.415440319297605e-12,0.0,260990.51472612933,6289.992881352122,19731267.48737738,399.24972875212455,311.8083506519548
0.016582719110057226,1.0166666666666668,0.005,261.59677422485834,-27.654277602185193,-2.36549884180951,0.0,260990.5147260523,6289.027415861888,19702147.513846975,398.6605044900396,311.5781778192191
0.016582719110057226,1.0166666666666668,0.015,261.5967742251254,2.8237792404944436e-11,2.415440319297605e-12,0.0,260990.51472612933,6289.992881352122,19731267.48737738,399.24972875212455,311.8083506519548
0.01730797753654062,-0.016666666666666666,-0.005,264.58278144557084,49.879392652875914,-8.392254086504463e-19,0.0,262702.2460236423,6289.019199717083,19992256.990175445,399.9652751168879,312.0876413286519
0.01730797753654062,-0.016666666666666666,0.005,264.5827814455709,49.879392652875914,-0.008368355133297294,0.0,262702.2460236423,6289.01919962954,19992256.987498064,399.96527506332427,312.0876413077544
0.01730797753654062,-0.016666666666666666,0.015,264.58278144557084,49.879392652875914,-8.392254086504463e-19,0.0,262702.2460236423,6289.019199717083,19992256.990175445,399.9652751168879,312.0876413286519
0.01730797753654062,0.016666666666666666,-0.005,264.58278144557084,49.879392652875914,0.008368355133297293,0.0,262702.2460236423,6289.01919962954,19992256.987498064,399.96527506332427,312.0876413077544
0.01730797753654062,0.016666666666666666,0.005,264.58278144557084,49.879392610636856,0.008369594049170878,0.0,262702.24192297953,6289.019199629937,19992255.58965142,399.96526879355054,312.0876388616434
0.01730797753654062,0.016666666666666666,0.015,264.58278144557084,49.879392652875914,0.008368355133297293,0.0,262702.2460236423,6289.01919962954,19992256.987498064,399.96527506332427,312.0876413077544
0.01730797753654062,0.05,-0.005,264.5803933452196,49.63265245441764,0.024603159486036974,0.0,262689.28782516567,6289.019200229381,19992024.448442508,399.96423230255544,312.0872344812357
0.01730797753654062,0.05,0.005,264.5803933452196,49.63265229940687,0.02460701550755295,0.0,262689.28360125853,6289.01920022985,19992023.010445647,399.9642258526659,312.08723196485045
0.01730797753654062,0.05,0.015,264.5803933452196,49.63265245441764,0.024603159486036974,0.0,262689.28782516567,6289.019200229381,19992024.448442508,399.96423230255544,312.0872344812357
0.01730797753654062,0.08333333333333333,-0.005,264.5757722363672,49.37824804309049,0.04075914076365283,0.0,262675.37478480523,6289.0192010181345,19991574.475938547,399.9622143148843,312.08644717460294
0.01730797753654062,0.08333333333333333,0.005,264.5757722363672,49.37824775309756,0.040765914472617515,0.0,262675.37028750184,6289.019201018733,19991572.94691233,399.96220745662583,312.08644449888834
0.01730797753654062,0.08333333333333333,0.015,264.5757722363672,49.37824804309049,0.04075914076365283,0.0,262675.37478480523,6289.0192010181345,19991574.475938547,399.9622143148843,312.08644717460294
0.01730797753654062,0.11666666666666667,-0.005,264.568599967615,49.11565456510004,0.05739001034699788,0.0,262660.3961854805,6289.0192020471395,19990876.10516472,399.9590821752672,312.08522518387
0.01730797753654062,0.11666666666666667,0.005,264.568599967615,49.11565411233356,0.057400312822220356,0.0,262660.39121346327,6289.019202047958,19990874.416858487,399.9590746024474,312.0852222293613
0.01730797753654062,0.11666666666666667,0.015,264.568599967615,49.11565456510004,0.05739001034699788,0.0,262660.3961854805,6289.0192020471395,19990876.10516472,399.9590821752672,312.08522518387
0.01730797753654062,0.15,-0.005,264.55830252263223,48.84428074778976,0.07529774956160407,0.0,262644.16583080054,6289.019203415912,19989873.4700113,399.95458523315006,312.0834707129744
0.01730797753654062,0.15,0.005,264.55830252263223,48.84428009402335,0.07531262427733704,0.0,262644.16008857696,6289.019203417112,19989871.52220366,399.9545764961303,312.0834673042381
0.01730797753654062,0.15,0.015,264.55830252263223,48.84428074778976,0.07529774956160407,0.0,262644.16583080054,6289.019203415912,19989873.4700113,399.95458523315006,312.0834707129744
0.01730797753654062,0.18333333333333332,-0.005,264.54392280098494,48.56345425428593,0.09569983985833745,0.0,262626.3851875927,6289.019205319256,19988473.419828758,399.9483055390683,312.0810206892853
0.01730797753654062,0.18333333333333332,0.005,264.54392280098494,48.563453343299244,0.09572095878962165,0.0,262626.3782336549,6289.0192053211495,19988471.062752225,399.9482949658805,312.0810165641381
0.01730797753654062,0.18333333333333332,0.015,264.54392280098494,48.56345425428593,0.09569983985833745,0.0,262626.3851875927,6289.019205319256,19988473.419828758,399.9483055390683,312.0810206892853
0.01730797753654062,0.2166666666666667,-0.005,264.52394170906933,48.272401567778495,0.1204526772949771,0.0,262606.59158109425,6289.019208147204,19986528.107567355,399.93957968230893,312.0776162628889
0.01730797753654062,0.2166666666666667,0.005,264.52394170906933,48.27240031441056,0.12048258412339083,0.0,262606.5827656673,6289.019208150409,19986525.120821387,399.9395662839699,312.07761103544703
0.01730797753654062,0.2166666666666667,0.015,264.52394170906933,48.272401567778495,0.1204526772949771,0.0,262606.59158109425,6289.019208147204,19986528.107567355,399.93957968230893,312.0776162628889
0.01730797753654062,0.25,-0.005,264.4960581498278,47.970221143738804,0.15232177013545395,0.0,262584.0944460374,6289.019212688949,19983813.582080748,399.92740263805536,312.0728652804111
0.01730797753654062,0.25,0.005,264.4960581498278,47.97021941976067,0.15236412759561405,0.0,262584.08284823364,6289.019212694689,19983809.65336646,399.9273850129761,312.07285840377676
0.01730797753654062,0.25,0.015,264.4960581498278,47.970221143738804,0.15232177013545395,0.0,262584.0944460374,6289.019212688949,19983813.582080748,399.92740263805536,312.0728652804111
0.01730797753654062,0.2833333333333333,-0.005,264.45696572122824,47.65584949671236,0.195255050377794,0.0,262557.91048536095,6289.019220520794,19980008.072442655,399.9103301002432,312.0662041556429
0.01730797753654062,0.2833333333333333,0.005,264.45696572122824,47.65584711565528,0.19531480393207715,0.0,262557.8948710722,6289.019220531426,19980002.783343278,399.91030637004746,312.066194896827
0.01730797753654062,0.2833333333333333,0.015,264.45696572122824,47.65584949671236,0.195255050377794,0.0,262557.91048536095,6289.019220520794,19980008.072442655,399.9103301002432,312.0662041556429
0.01730797753654062,0.31666666666666665,-0.005,264.4022044770643,47.328022034018055,0.25456620775937916,0.0,262526.7202948465,6289.01923466809,19974677.604483336,399.88641345423713,312.0568724530503
0.01730797753654062,0.31666666666666665,0.005,264.4022044770643,47.32801874012288,0.2546495282460854,0.0,262526.69912925584,6289.0192346878885,19974670.434750825,399.8863812822419,312.0568599001202
0.01730797753654062,0.31666666666666665,0.015,264.4022044770643,47.328022034018055,0.25456620775937916,0.0,262526.7202948465,6289.01923466809,19974677.604483336,399.88641345423713,312.0568724530503
0.01730797753654062,0.35,-0.005,264.3262110079786,46.98523386861322,0.33688125232427524,0.0,262488.8819848417,6289.019260555753,19967280.96421473,399.853221105854,312.04392113109463
0.01730797753654062,0.35,0.005,264.3262110079786,46.985229338569404,0.3369950902434686,0.0,262488.8535409565,6289.019260591797,19967271.328553967,399.8531778608003,312.0439042569571
0.01730797753654062,0.35,0.015,264.3262110079786,46.98523386861322,0.33688125232427524,0.0,262488.8819848417,6289.019260555753,19967280.96421473,399.853221105854,312.04392113109463
0.01730797753654062,0.38333333333333336,-0.005,264.22271761658146,46.625709748383905,0.4496692501124269,0.0,262442.5452466179,6289.019307009367,19957208.69245848,399.80801185180064,312.02628006814643
0.01730797753654062,0.38333333333333336,0.005,264.22271761658146,46.62570361678502,0.4498203604288205,0.0,262442.50784452946,6289.019307071996,19957196.021543704,399.8079549694056,312.0262578714892
0.01730797753654062,0.38333333333333336,0.015,264.22271761658146,46.625709748383905,0.4496692501124269,0.0,262442.5452466179,6289.019307009367,19957208.69245848,399.80801185180064,312.02628006814643
0.01730797753654062,0.4166666666666667,-0.005,264.0856285205298,46.24739457220069,0.600205678476839,0.0,262385.90258264024,6289.019386607616,19943868.5372585,399.7481160453138,312.0029066424683
0.01730797753654062,0.4166666666666667,0.005,264.0856285205298,46.24738648997762,0.6003990926040785,0.0,262385.8549646103,6289.0193867094495,19943852.404736172,399.7480435959032,312.00287836912963
0.01730797753654062,0.4166666666666667,0.015,264.0856285205298,46.24739457220069,0.600205678476839,0.0,262385.90258264024,6289.019386607616,19943868.5372585,399.7481160453138,312.0029066424683
0.01730797753654062,0.45,-0.005,263.9103958320107,45.8479735286235,0.7939408582205023,0.0,262317.5838048096,6289.019514237834,19926819.48814387,399.6715346992273,311.9730193883796
0.01730797753654062,0.45,0.005,263.9103958320107,45.84796325554963,0.7941779971522229,0.0,262317.52559711237,6289.019514390346,19926799.767094366,399.67144608857194,311.97298480481174
0.01730797753654062,0.45,0.015,263.9103958320107,45.8479735286235,0.7939408582205023,0.0,262317.5838048096,6289.019514237834,19926819.48814387,399.6715346992273,311.9730193883796
0.01730797753654062,0.4833333333333333,-0.005,263.69572280533765,45.42492052137263,1.0324750644674365,0.0,262237.14336759114,6289.019702856688,19905937.446388174,399.5776821597199,311.93638783388
0.01730797753654062,0.4833333333333333,0.005,263.69572280533765,45.42490803864619,1.0327519559205685,0.0,262237.07551385334,6289.019703064314,19905914.45630724,399.5775787906171,311.9363474855472
0.01730797753654062,0.4833333333333333,0.015,263.69572280533765,45.42492052137263,1.0324750644674365,0.0,262237.14336759114,6289.019702856688,19905937.446388174,399.5776821597199,311.93638783388
0.01730797753654062,0.5166666666666667,-0.005,263.44517856400284,44.975554322110554,1.3116276845451615,0.0,262145.52019599185,6289.01995686102,19881571.91404712,399.46809270205773,311.8936085629979
0.01730797753654062,0.5166666666666667,0.005,263.44517856400284,44.97553993289386,1.311933953971732,0.0,262145.4451973613,6289.019957115046,19881546.502538428,399.4679783484566,311.89356392093447
0.01730797753654062,0.5166666666666667,0.015,263.44517856400284,44.975554322110554,1.3116276845451615,0.0,262145.52019599185,6289.01995686102,19881571.91404712,399.46809270205773,311.8936085629979
0.01730797753654062,0.55,-0.005,263.168118648004,44.497057552804755,1.6203131623671436,0.0,262045.2959409562,6289.020265948233,19854634.76093237,399.346828655499,311.8462651674866
0.01730797753654062,0.55,0.005,263.168118648004,44.49704192617681,1.62063246373325,0.0,262045.21774244984,6289.020266224648,19854608.265436146,399.34670930365934,311.84621856710623
0.01730797753654062,0.55,0.015,263.168118648004,44.497057552804755,1.6203131623671436,0.0,262045.2959409562,6289.020265948233,19854634.76093237,399.346828655499,311.8462651674866
0.01730797753654062,0.5833333333333334,-0.005,262.87930478444065,43.98639026136618,1.9409433282185595,0.0,261940.578516337,6289.020604100741,19826562.324373167,399.2203253053031,311.7968686039963
0.01730797753654062,0.5833333333333334,0.005,262.87930478444065,43.98637432699375,1.9412555524208517,0.0,261940.50195918872,6289.020604365678,19826536.38719285,399.2202083372324,311.7968229271125
0.01730797753654062,0.5833333333333334,0.015,262.87930478444065,43.98639026136618,1.9409433282185595,0.0,261940.578516337,6289.020604100741,19826562.324373167,399.2203253053031,311.7968686039963
0.01730797753654062,0.6166666666666667,-0.005,262.59690865651555,43.43989321010161,2.2517326593199076,0.0,261836.41629365238,6289.020936960152,19799120.690661654,399.09653099711954,311.7485222800147
0.01730797753654062,0.6166666666666667,0.005,262.59690865651555,43.43987783544421,2.252017632090782,0.0,261836.34620652444,6289.0209371820065,19799096.95264063,399.09642382147615,311.74848042065474
0.01730797753654062,0.6166666666666667,0.015,262.59690865651555,43.43989321010161,2.2517326593199076,0.0,261836.41629365238,6289.020936960152,19799120.690661654,399.09653099711954,311.7485222800147
0.01730797753654062,0.65,-0.005,262.33915382305366,42.853045307963065,2.5306479819921903,0.0,261737.83849701972,6289.021234762872,19774079.30815142,398.9834454114175,311.70435156039144
0.01730797753654062,0.65,0.005,262.33915382305366,42.85303171686036,2.5308897050349892,0.0,261737.77871072275,6289.021234923739,19774059.06434372,398.98335390858676,311.70431581726416
0.01730797753654062,0.65,0.015,262.33915382305366,42.853045307963065,2.5306479819921903,0.0,261737.83849701972,6289.021234762872,19774079.30815142,398.9834454114175,311.70435156039144
0.01730797753654062,0.6833333333333333,-0.005,262.12050130624976,42.21987389275767,2.7599150604334253,0.0,261648.75685529347,6289.02148415553,19752841.03650055,398.8874456946605,311.66684959132056
0.01730797753654062,0.6833333333333333,0.005,262.12050130624976,42.21986297038238,2.760104964982644,0.0,261648.70939955796,6289.021484256164,19752824.970661324,398.8873730029722,311.6668211928453
0.01730797753654062,0.6833333333333333,0.015,262.12050130624976,42.21987389275767,2.7599150604334253,0.0,261648.75685529347,6289.02148415553,19752841.03650055,398.8874456946605,311.66684959132056
0.01730797753654062,0.7166666666666667,-0.005,261.9486806351996,41.531604226469874,2.929497344709169,0.0,261571.07908236538,6289.021691449532,19736154.702785086,398.81197039873916,311.6373622499775
0.01730797753654062,0.7166666666666667,0.005,261.9486806351996,41.531596223027265,2.9296353862910514,0.0,261571.04392118487,6289.021691504097,19736142.80053131,398.8119165008408,311.6373411916835
0.01730797753654062,0.7166666666666667,0.015,261.9486806351996,41.531604226469874,2.929497344709169,0.0,261571.07908236538,6289.021691449532,19736154.702785086,398.81197039873916,311.6373622499775
0.01730797753654062,0.75,-0.005,261.8236953664091,40.77544206696194,3.038224876456748,0.0,261504.39275427276,6289.0218765366635,19724019.252946705,398.75706465294974,311.61590944512
0.01730797753654062,0.75,0.005,261.8236953664091,40.775436752876054,3.0383180908239322,0.0,261504.3681465148,6289.021876562919,19724010.92286168,398.75702690751166,311.6158946966925
0.01730797753654062,0.75,0.015,261.8236953664091,40.77544206696194,3.038224876456748,0.0,261504.39275427276,6289.0218765366635,19724019.252946705,398.75706465294974,311.61590944512
0.01730797753654062,0.7833333333333333,-0.005,261.73914546620165,39.93267078968629,3.092084649908968,0.0,261446.28553902433,6289.022063995728,19715812.445935633,398.7199482781464,311.60140647693464
0.01730797753654062,0.7833333333333333,0.005,261.73914546620165,39.932667608159534,3.0921438918941537,0.0,261446.26882421048,6289.022064007642,19715806.786478985,398.7199226228185,311.6013964520583
0.01730797753654062,0.7833333333333333,0.015,261.73914546620165,39.93267078968629,3.092084649908968,0.0,261446.28553902433,6289.022063995728,19715812.445935633,398.7199482781464,311.60140647693464
0.01730797753654062,0.8166666666666667,-0.005,261.6851796072083,38.97534728613263,3.100413918058782,0.0,261393.08942040423,6289.022278580714,19710577.483606957,398.6963111346606,311.59217007385297
0.01730797753654062,0.8166666666666667,0.005,261.6851796072083,38.97534557328659,3.1004502847428617,0.0,261393.07787865849,6289.022278586436,19710573.574323747,398.69629340833893,311.5921631470481
0.01730797753654062,0.8166666666666667,0.015,261.6851796072083,38.97534728613263,3.100413918058782,0.0,261393.08942040423,6289.022278580714,19710577.483606957,398.6963111346606,311.59217007385297
0.01730797753654062,0.8499999999999999,-0.005,261.6517193013869,37.859720455576564,3.0714559744090226,0.0,261340.61353453467,6289.022548318393,19707336.011557095,398.6817373902986,311.5864751301029
0.01730797753654062,0.8499999999999999,0.005,261.6517193013869,37.85971962697955,3.0714783049259524,0.0,261340.60498709086,6289.0225483217155,19707333.115869883,398.68172425793057,311.586469998355
0.01730797753654062,0.8499999999999999,0.015,261.6517193013869,37.859720455576564,3.0714559744090226,0.0,261340.61353453467,6289.022548318393,19707336.011557095,398.6817373902986,311.5864751301029
0.01730797753654062,0.8833333333333333,-0.005,261.63069175135934,36.5112958632834,3.0083475253323106,0.0,261284.37219066176,6289.022917232601,19705305.143336453,398.6727001793156,311.5829436306528
0.01730797753654062,0.8833333333333333,0.005,261.63069175135934,36.511295502138374,3.0083615500579532,0.0,261284.36520288858,6289.022917235017,19705302.77673209,398.6726894454122,311.58293943610767
0.01730797753654062,0.8833333333333333,0.015,261.63069175135934,36.5112958632834,3.0083475253323106,0.0,261284.37219066176,6289.022917232601,19705305.143336453,398.6727001793156,311.5829436306528
0.01730797753654062,0.9166666666666667,-0.005,261.61673410813813,34.78490509308491,2.9047029654411394,0.0,261218.7297547432,6289.023482766117,19703966.878646452,398.6668971466336,311.58067594015876
0.01730797753654062,0.9166666666666667,0.005,261.61673410813813,34.784904936928925,2.9047117559987337,0.0,261218.723524574,6289.023482768125,19703964.77069563,398.66688758529324,311.58067220379525
0.01730797753654062,0.9166666666666667,0.015,261.61673410813813,34.78490509308491,2.9047029654411394,0.0,261218.7297547432,6289.023482766117,19703966.878646452,398.6668971466336,311.58067594015876
0.01730797753654062,0.95,-0.005,261.6065593292453,32.3232409569832,2.7327341730701527,0.0,261133.1495474103,6289.0245688359855,19703011.703574166,398.663077950874,311.57918347808726
0.01730797753654062,0.95,0.005,261.6065593292453,32.32324081193736,2.73273910286103,0.0,261133.14366820038,6289.0245688375135,19703009.717919346,398.6630689437277,311.5791799582738
0.01730797753654062,0.95,0.015,261.6065593292453,32.3232409569832,2.7327341730701527,0.0,261133.1495474103,6289.0245688359855,19703011.703574166,398.663077950874,311.57918347808726
0.01730797753654062,0.9833333333333333,-0.005,261.5967741705925,27.65427760446077,2.365498842367964,0.0,260990.5147104705,6289.027415861826,19702147.508577585,398.6605044661051,311.57817780986596
0.01730797753654062,0.9833333333333333,0.005,261.5967741705925,27.65427746689169,2.3655004522151084,0.0,260990.5089661996,6289.0274158625225,19702145.571545538,398.66049567881225,311.57817437595577
0.01730797753654062,0.9833333333333333,0.015,261.5967741705925,27.65427760446077,2.365498842367964,0.0,260990.5147104705,6289.027415861826,19702147.508577585,398.6605044661051,311.57817780986596
0.01730797753654062,1.0166666666666666,-0.005,261.59677417031844,2.905655627601093e-11,2.4856262880742524e-12,0.0,260990.5147103915,6289.992881352279,19731267.482054193,399.2497287280496,311.8083506425537
0.01730797753654062,1.0166666666666666,0.005,261.5967741700444,-27.654277604460585,-2.365498842367948,0.0,260990.51471031248,6289.027415861826,19702147.508524366,398.66050446586337,311.57817780977143
0.01730797753654062,1.0166666666666666,0.015,261.59677417031844,2.905655627601093e-11,2.4856262880742524e-12,0.0,260990.5147103915,6289.992881352279,19731267.482054193,399.2497287280496,311.8083506425537
0.018033235963024013,-0.016666666666666666,-0.005,264.58278144083897,49.879392652939195,0.0,0.0,262702.24602229253,6289.019199717075,19992256.989714876,399.96527511481827,312.08764132784444
0.018033235963024013,-0.016666666666666666,0.005,264.58278144083897,49.8793926529392,-0.008368355420563538,0.0,262702.24602229253,6289.019199629532,19992256.987037495,399.9652750612546,312.0876413069469
0.018033235963024013,-0.016666666666666666,0.015,264.58278144083897,49.879392652939195,0.0,0.0,262702.24602229253,6289.019199717075,19992256.989714876,399.96527511481827,312.08764132784444
0.018033235963024013,0.016666666666666666,-0.005,264.58278144083897,49.879392652939195,0.008368355420563538,0.0,262702.24602229253,6289.019199629532,19992256.987037495,399.9652750612546,312.0876413069469
0.018033235963024013,0.016666666666666666,0.005,264.58278144083897,49.87939261070015,0.008369594336520961,0.0,262702.24192162807,6289.019199629929,19992255.58919029,399.96526879147825,312.08763886083494
0.018033235963024013,0.016666666666666666,0.015,264.58278144083897,49.879392652939195,0.008368355420563538,0.0,262702.24602229253,6289.019199629532,19992256.987037495,399.9652750612546,312.0876413069469
0.018033235963024013,0.05,-0.005,264.5803933403518,49.63265245448123,0.02460316036858925,0.0,262689.28782378015,6289.019200229381,19992024.447968956,399.9642323004311,312.0872344804069
0.018033235963024013,0.05,0.005,264.5803933403518,49.63265229947048,0.024607016390371377,0.0,262689.2835998713,6289.01920022985,19992023.00997151,399.9642258505389,312.0872319640206
0.018033235963024013,0.05,0.015,264.5803933403518,49.63265245448123,0.02460316036858925,0.0,262689.28782378015,6289.019200229381,19992024.447968956,399.9642323004311,312.0872344804069
0.018033235963024013,0.08333333333333333,-0.005,264.5757722312064,49.37824804315254,0.04075914231248681,0.0,262675.37478334113,6289.019201018147,19991574.47543689,399.96221431263984,312.0864471737273
0.018033235963024013,0.08333333333333333,0.005,264.5757722312064,49.378247753159634,0.040765916021947596,0.0,262675.37028603593,6289.019201018745,19991572.94641005,399.9622074543786,312.0864444980116
0.018033235963024013,0.08333333333333333,0.015,264.5757722312064,49.37824804315254,0.04075914231248681,0.0,262675.37478334113,6289.019201018147,19991574.47543689,399.96221431263984,312.0864471737273
0.018033235963024013,0.11666666666666667,-0.005,264.5685999619668,49.1156545651573,0.05739001269985423,0.0,262660.39618386875,6289.0192020471295,19990876.104615018,399.9590821727971,312.08522518290624
0.018033235963024013,0.11666666666666667,0.005,264.5685999619668,49.115654112390835,0.05740031517589195,0.0,262660.3912118495,6289.019202047949,19990874.416308094,399.95907459997426,312.0852222283964
0.018033235963024013,0.11666666666666667,0.015,264.5685999619668,49.1156545651573,0.05739001269985423,0.0,262660.39618386875,6289.0192020471295,19990876.104615018,399.9590821727971,312.08522518290624
0.018033235963024013,0.15,-0.005,264.558302516193,48.84428074783768,0.07529775295363521,0.0,262644.1658289702,6289.019203415921,19989873.46938526,399.95458523034614,312.0834707118805
0.018033235963024013,0.15,0.005,264.558302516193,48.84428009407129,0.0753126276706447,0.0,262644.1600867443,6289.019203417121,19989871.521576796,399.9545764933228,312.08346730314275
0.018033235963024013,0.15,0.015,264.558302516193,48.84428074783768,0.07529775295363521,0.0,262644.1658289702,6289.019203415921,19989873.46938526,399.95458523034614,312.0834707118805
0.018033235963024013,0.18333333333333332,-0.005,264.5439227933411,48.563454254315964,0.09569984466634399,0.0,262626.3851854106,6289.019205319247,19988473.419085022,399.9483055357273,312.0810206879819
0.018033235963024013,0.18333333333333332,0.005,264.5439227933411,48.563453343329286,0.09572096359957266,0.0,262626.37823146995,6289.01920532114,19988471.06200748,399.94829496253516,312.081016562833
0.018033235963024013,0.18333333333333332,0.015,264.5439227933411,48.563454254315964,0.09569984466634399,0.0,262626.3851854106,6289.019205319247,19988473.419085022,399.9483055357273,312.0810206879819
0.018033235963024013,0.21666666666666667,-0.005,264.52394169959206,48.27240156777834,0.1204526840921371,0.0,262606.591578394,6289.0192081472105,19986528.10664581,399.939579678177,312.0776162612768
0.018033235963024013,0.21666666666666667,0.005,264.52394169959206,48.27240031441039,0.12048259092343887,0.0,262606.58276296325,6289.019208150416,19986525.11989854,399.93956627983215,312.07761103383274
0.018033235963024013,0.21666666666666667,0.015,264.52394169959206,48.27240156777834,0.1204526840921371,0.0,262606.591578394,6289.0192081472105,19986528.10664581,399.939579678177,312.0776162612768
0.018033235963024013,0.25,-0.005,264.4960581376433,47.97022114368668,0.15232177974730435,0.0,262584.09444256435,6289.019212688957,19983813.58089611,399.9274026327441,312.07286527833884
0.018033235963024013,0.25,0.005,264.4960581376433,47.970219419708506,0.15236413721162667,0.0,262584.0828447556,6289.019212694698,19983809.652180094,399.9273850076572,312.0728584017015
0.018033235963024013,0.25,0.015,264.4960581376433,47.97022114368668,0.15232177974730435,0.0,262584.09444256435,6289.019212688957,19983813.58089611,399.9274026327441,312.07286527833884
0.018033235963024013,0.2833333333333333,-0.005,264.45696570515656,47.65584949657694,0.19525506391781455,0.0,262557.9104807685,6289.019220520784,19980008.070879538,399.9103300932237,312.0662041529041
0.018033235963024013,0.2833333333333333,0.005,264.45696570515656,47.65584711551979,0.19531481747787408,0.0,262557.8948664728,6289.019220531416,19980002.781777814,399.91030636301736,312.0661948940841
0.018033235963024013,0.2833333333333333,0.015,264.45696570515656,47.65584949657694,0.19525506391781455,0.0,262557.9104807685,6289.019220520784,19980008.070879538,399.9103300932237,312.0662041529041
0.018033235963024013,0.31666666666666665,-0.005,264.4022044555908,47.32802203375555,0.25456622661614015,0.0,262526.72028871387,6289.019234668093,19974677.602395505,399.8864134448674,312.05687244939435
0.018033235963024013,0.31666666666666665,0.005,264.4022044555908,47.328018739860276,0.2546495471105028,0.0,262526.69912311406,6289.019234687892,19974670.432659853,399.8863812728582,312.05685989645883
0.018033235963024013,0.31666666666666665,0.015,264.4022044555908,47.32802203375555,0.25456622661614015,0.0,262526.72028871387,6289.019234668093,19974677.602395505,399.8864134448674,312.05687244939435
0.018033235963024013,0.35,-0.005,264.32621097935015,46.985233868167796,0.33688127806047913,0.0,262488.88197666395,6289.019260555762,19967280.961431593,399.8532210933629,312.0439211262206
0.018033235963024013,0.35,0.005,264.32621097935015,46.985229338123816,0.3369951159892801,0.0,262488.85353276646,6289.019260591806,19967271.325766664,399.85317784829033,312.0439042520757
0.018033235963024013,0.35,0.015,264.32621097935015,46.985233868167796,0.33688127806047913,0.0,262488.88197666395,6289.019260555762,19967280.961431593,399.8532210933629,312.0439211262206
0.018033235963024013,0.3833333333333333,-0.005,264.2227175789717,46.62570974769695,0.44966928424464697,0.0,262442.5452358757,6289.019307009393,19957208.688802894,399.80801183539324,312.02628006174393
0.018033235963024013,0.3833333333333333,0.005,264.2227175789717,46.62570361609784,0.4498203945723424,0.0,262442.5078337714,6289.019307072022,19957196.01788276,399.80795495297406,312.0262578650773
0.018033235963024013,0.3833333333333333,0.015,264.2227175789717,46.62570974769695,0.44966928424464697,0.0,262442.5452358757,6289.019307009393,19957208.688802894,399.80801183539324,312.02628006174393
0.018033235963024013,0.41666666666666663,-0.005,264.0856284723584,46.24739457121906,0.600205722130838,0.0,262385.90256887395,6289.019386607638,19943868.532576535,399.7481160242842,312.00290663426154
0.018033235963024013,0.41666666666666663,0.005,264.0856284723584,46.24738648899577,0.6003991362703875,0.0,262385.8549508245,6289.019386709472,19943852.400047578,399.7480435748438,312.0028783609112
0.018033235963024013,0.41666666666666663,0.015,264.0856284723584,46.24739457121906,0.600205722130838,0.0,262385.90256887395,6289.019386607638,19943868.532576535,399.7481160242842,312.00290663426154
0.018033235963024013,0.44999999999999996,-0.005,263.9103957723254,45.84797352732345,0.793940911706519,0.0,262317.58378775703,6289.019514237879,19926819.482344072,399.6715346731674,311.97301937820873
0.018033235963024013,0.44999999999999996,0.005,263.9103957723254,45.84796325424936,0.7941780506504388,0.0,262317.5255800367,6289.019514390389,19926799.761286717,399.6714460624766,311.9729847946271
0.018033235963024013,0.44999999999999996,0.015,263.9103957723254,45.84797352732345,0.793940911706519,0.0,262317.58378775703,6289.019514237879,19926819.482344072,399.6715346731674,311.97301937820873
0.018033235963024013,0.4833333333333333,-0.005,263.69572273424234,45.42492051977948,1.0324751268807562,0.0,262237.1433472799,6289.019702856746,19905937.439480916,399.577682128661,311.9363878217567
0.018033235963024013,0.4833333333333333,0.005,263.69572273424234,45.42490803705291,1.0327520183445644,0.0,262237.07549351605,6289.019703064371,19905914.44939112,399.5775787595183,311.93634747340826
0.018033235963024013,0.4833333333333333,0.015,263.69572273424234,45.42492051977948,1.0324751268807562,0.0,262237.1433472799,6289.019702856746,19905937.439480916,399.577682128661,311.9363878217567
0.018033235963024013,0.5166666666666667,-0.005,263.445178482932,44.97555432031826,1.3116277535414356,0.0,262145.5201728288,6289.019956861078,19881571.90617194,399.4680926666089,311.8936085491592
0.018033235963024013,0.5166666666666667,0.005,263.445178482932,44.975539931101586,1.3119340229757415,0.0,262145.4451741705,6289.019957115104,19881546.494653814,399.46797831296533,311.8935639070791
0.018033235963024013,0.5166666666666667,0.015,263.445178482932,44.97555432031826,1.3116277535414356,0.0,262145.5201728288,6289.019956861078,19881571.90617194,399.4680926666089,311.8936085491592
0.018033235963024013,0.55,-0.005,263.1681185597217,44.497057550981694,1.6203132342638666,0.0,262045.295915739,6289.020265948304,19854634.752358697,399.34682861686895,311.84626515240365
0.018033235963024013,0.55,0.005,263.1681185597217,44.49704192435397,1.6206325356337292,0.0,262045.21771720474,6289.020266224719,19854608.256853,399.3467092649865,311.8462185520066
0.018033235963024013,0.55,0.015,263.1681185597217,44.497057550981694,1.6203132342638666,0.0,262045.295915739,6289.020265948304,19854634.752358697,399.34682861686895,311.84626515240365
0.018033235963024013,0.5833333333333334,-0.005,262.8793046927081,43.98639025972518,1.9409433984948723,0.0,261940.57849013168,6289.020604100799,19826562.315465786,399.2203252651173,311.7968685883035
0.018033235963024013,0.5833333333333334,0.005,262.8793046927081,43.98637432535306,1.941255622696618,0.0,261940.50193295712,6289.020604365734,19826536.378276568,399.22020829700637,311.7968229114039
0.018033235963024013,0.5833333333333334,0.015,262.8793046927081,43.98639025972518,1.9409433984948723,0.0,261940.57849013168,6289.020604100799,19826562.315465786,399.2203252651173,311.7968685883035
0.018033235963024013,0.6166666666666667,-0.005,262.5969085653877,43.43989320882776,2.251732723449068,0.0,261836.41626762258,6289.020936960208,19799120.68181475,399.09653095716425,311.7485222644094
0.018033235963024013,0.6166666666666667,0.005,262.5969085653877,43.43987783417089,2.252017696215657,0.0,261836.34618047153,6289.020937182063,19799096.94378591,399.09642378148544,311.7484804050357
0.018033235963024013,0.6166666666666667,0.015,262.5969085653877,43.43989320882776,2.251732723449068,0.0,261836.41626762258,6289.020936960208,19799120.68181475,399.09653095716425,311.7485222644094
0.018033235963024013,0.65,-0.005,262.3391537360739,42.853045307311106,2.5306480363945503,0.0,261737.83847217364,6289.021234762912,19774079.299708154,398.98344537324135,311.70435154547897
0.018033235963024013,0.65,0.005,262.3391537360739,42.85303171620916,2.5308897594306328,0.0,261737.77868585775,6289.021234923781,19774059.055894054,398.9833538703817,311.7043158023404
0.018033235963024013,0.65,0.015,262.3391537360739,42.853045307311106,2.5306480363945503,0.0,261737.83847217364,6289.021234762912,19774079.299708154,398.98344537324135,311.70435154547897
0.018033235963024013,0.6833333333333333,-0.005,262.12050122572765,42.219873892892096,2.759915103203048,0.0,261648.75683229207,6289.021484155555,19752841.02868458,398.88744565928494,311.6668495775004
0.018033235963024013,0.6833333333333333,0.005,262.12050122572765,42.2198629705176,2.7601050077447526,0.0,261648.7093765421,6289.021484256187,19752824.962840468,398.8873729675745,311.6668211790165
0.018033235963024013,0.6833333333333333,0.015,262.12050122572765,42.219873892892096,2.759915103203048,0.0,261648.75683229207,6289.021484155555,19752841.02868458,398.88744565928494,311.6668495775004
0.018033235963024013,0.7166666666666667,-0.005,261.9486805618871,41.53160422740381,2.9294973758537504,0.0,261571.0790614251,6289.021691449548,19736154.695669096,398.81197036650696,311.63736223738414
0.018033235963024013,0.7166666666666667,0.005,261.9486805618871,41.531596223961934,2.9296354174287886,0.0,261571.0439002342,6289.021691504113,19736142.793411806,398.81191646859264,311.6373411790839
0.018033235963024013,0.7166666666666667,0.015,261.9486805618871,41.53160422740381,2.9294973758537504,0.0,261571.0790614251,6289.021691449548,19736154.695669096,398.81197036650696,311.63736223738414
0.018033235963024013,0.75,-0.005,261.8236952996662,40.77544206860233,3.0382248975674173,0.0,261504.3927352067,6289.021876536663,19724019.246468034,398.757064623583,311.61590943364547
0.018033235963024013,0.75,0.005,261.8236952996662,40.77543675451705,3.0383181119293283,0.0,261504.3681274416,6289.021876562918,19724010.916380595,398.7570268781339,311.6158946852137
0.018033235963024013,0.75,0.015,261.8236952996662,40.77544206860233,3.0382248975674173,0.0,261504.3927352067,6289.021876536663,19724019.246468034,398.757064623583,311.61590943364547
0.018033235963024013,0.7833333333333333,-0.005,261.73914540452574,39.93267079187215,3.092084663424615,0.0,261446.2855214035,6289.022063995715,19715812.439948447,398.71994825099347,311.60140646632453
0.018033235963024013,0.7833333333333333,0.005,261.73914540452574,39.93266761034587,3.0921439054063193,0.0,261446.26880658482,6289.02206400763,19715806.78049016,398.71992259565815,311.60139644144533
0.018033235963024013,0.7833333333333333,0.015,261.73914540452574,39.93267079187215,3.092084663424615,0.0,261446.2855214035,6289.022063995715,19715812.439948447,398.71994825099347,311.60140646632453
0.018033235963024013,0.8166666666666667,-0.005,261.6851795488801,38.975347288687246,3.1004139264651127,0.0,261393.0894037433,6289.02227858071,19710577.477944966,398.6963111089814,311.59217006381846
0.018033235963024013,0.8166666666666667,0.005,261.6851795488801,38.97534557584157,3.1004502931472104,0.0,261393.07786199418,6289.0222785864335,19710573.5686606,398.6962933826545,311.5921631370116
0.018033235963024013,0.8166666666666667,0.015,261.6851795488801,38.975347288687246,3.1004139264651127,0.0,261393.0894037433,6289.02227858071,19710577.477944966,398.6963111089814,311.59217006381846
0.018033235963024013,0.85,-0.005,261.6517192449731,37.8597204583505,3.0714559796813363,0.0,261340.61351841595,6289.022548318385,19707336.00608075,398.6817373654556,311.586475120395
0.018033235963024013,0.85,0.005,261.6517192449731,37.85971962975376,3.071478310197284,0.0,261340.60497096955,6289.022548321707,19707333.11039264,398.68172423308357,311.5864699886456
0.018033235963024013,0.85,0.015,261.6517192449731,37.8597204583505,3.0714559796813363,0.0,261340.61351841595,6289.022548318385,19707336.00608075,398.6817373654556,311.586475120395
0.018033235963024013,0.8833333333333333,-0.005,261.6306916959004,36.51129586617054,3.00834752874753,0.0,261284.37217480573,6289.022917232578,19705305.137952395,398.6727001548829,311.582943621105
0.018033235963024013,0.8833333333333333,0.005,261.6306916959004,36.51129550502575,3.008361553472737,0.0,261284.3651870304,6289.022917234996,19705302.77134727,398.6726894209762,311.58293942655865
0.018033235963024013,0.8833333333333333,0.015,261.6306916959004,36.51129586617054,3.00834752874753,0.0,261284.37217480573,6289.022917232578,19705305.137952395,398.6727001548829,311.582943621105
0.018033235963024013,0.9166666666666665,-0.005,261.6167340530989,34.784905096019884,2.904702967681453,0.0,261218.7297390016,6289.0234827661,19703966.87330326,398.66689712238673,311.58067593068364
0.018033235963024013,0.9166666666666665,0.005,261.6167340530989,34.78490493986411,2.9047117582388653,0.0,261218.7235088304,6289.023482768107,19703964.765351746,398.6668875610433,311.58067219431894
0.018033235963024013,0.9166666666666665,0.015,261.6167340530989,34.784905096019884,2.904702967681453,0.0,261218.7297390016,6289.0234827661,19703966.87330326,398.66689712238673,311.58067593068364
0.018033235963024013,0.95,-0.005,261.6065592743763,32.32324095992379,2.7327341744401163,0.0,261133.1495317086,6289.02456883597,19703011.698247608,398.66307792670324,311.5791834686418
0.018033235963024013,0.95,0.005,261.6065592743763,32.32324081487814,2.732739104230924,0.0,261133.14365249663,6289.024568837499,19703009.712592125,398.6630689195537,311.5791799488271
0.018033235963024013,0.95,0.015,261.6065592743763,32.32324095992379,2.7327341744401163,0.0,261133.1495317086,6289.02456883597,19703011.698247608,398.66307792670324,311.5791834686418
0.018033235963024013,0.9833333333333332,-0.005,261.59677411579344,27.654277606736358,2.3654988429265087,0.0,260990.5146947343,6289.027415861762,19702147.503256362,398.6605044419344,311.57817780042046
0.018033235963024013,0.9833333333333332,0.005,261.59677411579344,27.654277469167457,2.3655004527736425,0.0,260990.50895046146,6289.027415862459,19702145.566223666,398.66049565463857,311.57817436650913
0.018033235963024013,0.9833333333333332,0.015,261.59677411579344,27.654277606736358,2.3654988429265087,0.0,260990.5146947343,6289.027415861762,19702147.503256362,398.6605044419344,311.57817780042046
0.018033235963024013,1.0166666666666668,-0.005,261.5967741155124,2.9699746579697234e-11,2.5403843814986857e-12,0.0,260990.5146946533,6289.992881352435,19731267.47673105,399.24972870397414,311.8083506331524
0.018033235963024013,1.0166666666666668,0.005,261.5967741152314,-27.65427760673636,-2.365498842926509,0.0,260990.51469457228,6289.027415861762,19702147.503201794,398.66050444168656,311.57817780032366
0.018033235963024013,1.0166666666666668,0.015,261.5967741155124,2.9699746579697234e-11,2.5403843814986857e-12,0.0,260990.5146946533,6289.992881352435,19731267.47673105,399.24972870397414,311.8083506331524
0.018758494389507403,-0.016666666666666666,-0.005,264.58278143609886,49.87939265300779,0.0,0.0,262702.24602094566,6289.01919971708,19992256.989253893,399.96527511275264,312.08764132703857
0.018758494389507403,-0.016666666666666666,0.005,264.58278143609886,49.87939265300779,-0.008368355707923143,0.0,262702.24602094566,6289.019199629536,19992256.986576516,399.965275059189,312.08764130614105
0.018758494389507403,-0.016666666666666666,0.015,264.58278143609886,49.87939265300779,0.0,0.0,262702.24602094566,6289.01919971708,19992256.989253893,399.96527511275264,312.08764132703857
0.018758494389507403,0.016666666666666666,-0.005,264.58278143609886,49.87939265300779,0.008368355707923143,0.0,262702.24602094566,6289.019199629536,19992256.986576516,399.965275059189,312.08764130614105
0.018758494389507403,0.016666666666666666,0.005,264.58278143609886,49.87939261076878,0.008369594623964322,0.0,262702.24192027963,6289.019199629934,19992255.58872875,399.96526878941023,312.0876388600281
0.018758494389507403,0.016666666666666666,0.015,264.58278143609886,49.87939265300779,0.008368355707923143,0.0,262702.24602094566,6289.019199629536,19992256.986576516,399.965275059189,312.08764130614105
0.018758494389507403,0.049999999999999996,-0.005,264.5803933354772,49.63265245454948,0.02460316125133349,0.0,262689.28782239615,6289.019200229388,19992024.447494987,399.9642322983087,312.08723447957885
0.018758494389507403,0.049999999999999996,0.005,264.5803933354772,49.632652299538755,0.02460701727338142,0.0,262689.28359848564,6289.019200229856,19992023.00949697,399.96422584841395,312.0872319631916
0.018758494389507403,0.049999999999999996,0.015,264.5803933354772,49.63265245454948,0.02460316125133349,0.0,262689.28782239615,6289.019200229388,19992024.447494987,399.9642322983087,312.08723447957885
0.018758494389507403,0.08333333333333333,-0.005,264.5757722260463,49.37824804321824,0.04075914386119039,0.0,262675.3747818711,6289.019201018144,19991574.474934813,399.962214310386,312.08644717284795
0.018758494389507403,0.08333333333333333,0.005,264.5757722260463,49.37824775322535,0.040765917571146976,0.0,262675.3702845641,6289.019201018741,19991572.945907358,399.962207452122,312.0864444971312
0.018758494389507403,0.08333333333333333,0.015,264.5757722260463,49.37824804321824,0.04075914386119039,0.0,262675.3747818711,6289.019201018144,19991574.474934813,399.962214310386,312.08644717284795
0.018758494389507403,0.11666666666666667,-0.005,264.56859995630936,49.11565456521745,0.057390015052441345,0.0,262660.3961822616,6289.0192020471395,19990876.10406496,399.9590821703338,312.08522518194525
0.018758494389507403,0.11666666666666667,0.005,264.56859995630936,49.11565411245101,0.05740031752929363,0.0,262660.39121024037,6289.019202047958,19990874.415757343,399.95907459750794,312.08522222743414
0.018758494389507403,0.11666666666666667,0.015,264.56859995630936,49.11565456521745,0.057390015052441345,0.0,262660.3961822616,6289.0192020471395,19990876.10406496,399.9590821703338,312.08522518194525
0.018758494389507403,0.15,-0.005,264.5583025097561,48.84428074788758,0.0752977563456369,0.0,262644.1658271339,6289.019203415914,19989873.468758926,399.95458522753296,312.083470710783
0.018758494389507403,0.15,0.005,264.5583025097561,48.84428009412119,0.07531263106392215,0.0,262644.1600849056,6289.019203417115,19989871.520949643,399.954576490506,312.0834673020438
0.018758494389507403,0.15,0.015,264.5583025097561,48.84428074788758,0.0752977563456369,0.0,262644.1658271339,6289.019203415914,19989873.468758926,399.95458522753296,312.083470710783
0.018758494389507403,0.18333333333333332,-0.005,264.5439227856918,48.563454254347995,0.09569984947472698,0.0,262626.38518323173,6289.019205319249,19988473.4183411,399.9483055323911,312.08102068668023
0.018758494389507403,0.18333333333333332,0.005,264.5439227856918,48.56345334336132,0.09572096840989965,0.0,262626.3782292881,6289.019205321143,19988471.061262548,399.9482949591944,312.08101656152957
0.018758494389507403,0.18333333333333332,0.015,264.5439227856918,48.563454254347995,0.09569984947472698,0.0,262626.38518323173,6289.019205319249,19988473.4183411,399.9483055323911,312.08102068668023
0.018758494389507403,0.21666666666666667,-0.005,264.5239416901176,48.27240156777895,0.12045269089002704,0.0,262606.59157568833,6289.0192081472,19986528.105724063,399.9395796740367,312.07761625966145
0.018758494389507403,0.21666666666666667,0.005,264.5239416901176,48.27240031441097,0.12048259772421661,0.0,262606.5827602537,6289.019208150405,19986525.118975483,399.93956627568593,312.07761103221503
0.018758494389507403,0.21666666666666667,0.015,264.5239416901176,48.27240156777895,0.12045269089002704,0.0,262606.59157568833,6289.0192081472,19986528.105724063,399.9395796740367,312.07761625966145
0.018758494389507403,0.25,-0.005,264.4960581254617,47.970221143635314,0.15232178935959867,0.0,262584.094439086,6289.01921268895,19983813.57971128,399.92740262742456,312.07286527626337
0.018758494389507403,0.25,0.005,264.4960581254617,47.97021941965711,0.15236414682808277,0.0,262584.0828412722,6289.019212694691,19983809.650993522,399.92738500232997,312.07285839962304
0.018758494389507403,0.25,0.015,264.4960581254617,47.970221143635314,0.15232178935959867,0.0,262584.094439086,6289.01921268895,19983813.57971128,399.92740262742456,312.07286527626337
0.018758494389507403,0.2833333333333333,-0.005,264.45696568907476,47.655849496442066,0.19525507745816018,0.0,262557.9104761846,6289.019220520802,19980008.069316316,399.91033008621736,312.06620415017045
0.018758494389507403,0.2833333333333333,0.005,264.45696568907476,47.65584711538484,0.19531483102399563,0.0,262557.8948618821,6289.019220531434,19980002.780212242,399.9103063560005,312.0661948913463
0.018758494389507403,0.2833333333333333,0.015,264.45696568907476,47.655849496442066,0.19525507745816018,0.0,262557.9104761846,6289.019220520802,19980008.069316316,399.91033008621736,312.06620415017045
0.018758494389507403,0.31666666666666665,-0.005,264.4022044341187,47.32802203349303,0.2545662454729152,0.0,262526.720282578,6289.019234668088,19974677.600307535,399.8864134354927,312.05687244573653
0.018758494389507403,0.31666666666666665,0.005,264.4022044341187,47.328018739597624,0.2546495659749341,0.0,262526.6991169689,6289.019234687885,19974670.430568725,399.88638126346933,312.0568598927954
0.018758494389507403,0.31666666666666665,0.015,264.4022044341187,47.32802203349303,0.2545662454729152,0.0,262526.720282578,6289.019234668088,19974677.600307535,399.8864134354927,312.05687244573653
0.018758494389507403,0.35,-0.005,264.3262109507214,46.985233867722954,0.33688130379645653,0.0,262488.88196848484,6289.0192605557695,19967280.958648335,399.8532210808696,312.04392112134576
0.018758494389507403,0.35,0.005,264.3262109507214,46.9852293376788,0.3369951417348651,0.0,262488.8535245751,6289.019260591814,19967271.322979238,399.85317783577835,312.04390424719355
0.018758494389507403,0.35,0.015,264.3262109507214,46.985233867722954,0.33688130379645653,0.0,262488.88196848484,6289.0192605557695,19967280.958648335,399.8532210808696,312.04392112134576
0.018758494389507403,0.38333333333333336,-0.005,264.2227175413702,46.62570974700968,0.44966931837651863,0.0,262442.545225124,6289.019307009388,19957208.685147215,399.8080118189714,312.0262800553358
0.018758494389507403,0.38333333333333336,0.005,264.2227175413702,46.62570361541036,0.44982042871551514,0.0,262442.5078230039,6289.019307072017,19957196.01422172,399.807954936528,312.02625785865973
0.018758494389507403,0.38333333333333336,0.015,264.2227175413702,46.62570974700968,0.44966931837651863,0.0,262442.545225124,6289.019307009388,19957208.685147215,399.8080118189714,312.0262800553358
0.018758494389507403,0.4166666666666667,-0.005,264.08562842418735,46.24739457023796,0.6002057657841818,0.0,262385.9025551072,6289.019386607659,19943868.527894557,399.74811600325387,312.0029066260544
0.018758494389507403,0.4166666666666667,0.005,264.08562842418735,46.24738648801443,0.6003991799360417,0.0,262385.85493703827,6289.019386709493,19943852.395358965,399.7480435537836,312.0028783526925
0.018758494389507403,0.4166666666666667,0.015,264.08562842418735,46.24739457023796,0.6002057657841818,0.0,262385.9025551072,6289.019386607659,19943868.527894557,399.74811600325387,312.0029066260544
0.018758494389507403,0.45,-0.005,263.9103957126412,45.84797352602356,0.7939409651921289,0.0,262317.58377070195,6289.019514237916,19926819.476544183,399.67153464710367,311.97301936803643
0.018758494389507403,0.45,0.005,263.9103957126412,45.84796325294928,0.7941781041482489,0.0,262317.52556295856,6289.019514390427,19926799.755478963,399.67144603637763,311.972984784441
0.018758494389507403,0.45,0.015,263.9103957126412,45.84797352602356,0.7939409651921289,0.0,262317.58377070195,6289.019514237916,19926819.476544183,399.67153464710367,311.97301936803643
0.018758494389507403,0.4833333333333334,-0.005,263.69572266315214,45.424920518186035,1.0324751892940491,0.0,262237.1433269627,6289.0197028567845,19905937.432573583,399.57768209759297,311.9363878096298
0.018758494389507403,0.4833333333333334,0.005,263.69572266315214,45.42490803545934,1.0327520807685335,0.0,262237.0754731728,6289.019703064411,19905914.44247494,399.5775787284104,311.9363474612659
0.018758494389507403,0.4833333333333334,0.015,263.69572266315214,45.424920518186035,1.0324751892940491,0.0,262237.1433269627,6289.0197028567845,19905937.432573583,399.57768209759297,311.9363878096298
0.018758494389507403,0.5166666666666667,-0.005,263.44517840186273,44.97555431852575,1.3116278225382392,0.0,262145.520149664,6289.019956861131,19881571.898296744,399.46809263115756,311.89360853531946
0.018758494389507403,0.5166666666666667,0.005,263.44517840186273,44.97553992930909,1.3119340919802807,0.0,262145.44515097793,6289.019957115156,19881546.48676918,399.4679782774714,311.8935638932228
0.018758494389507403,0.5166666666666667,0.015,263.44517840186273,44.97555431852575,1.3116278225382392,0.0,262145.520149664,6289.019956861131,19881571.898296744,399.46809263115756,311.89360853531946
0.018758494389507403,0.55,-0.005,263.16811847144356,44.49705754915797,1.620313306161195,0.0,262045.2958905168,6289.020265948358,19854634.743784957,399.3468285782313,311.84626513731774
0.018758494389507403,0.55,0.005,263.16811847144356,44.497041922530464,1.6206326075348136,0.0,262045.21769195466,6289.020266224774,19854608.248269793,399.34670922630613,311.84621853690396
0.018758494389507403,0.55,0.015,263.16811847144356,44.49705754915797,1.620313306161195,0.0,262045.2958905168,6289.020265948358,19854634.743784957,399.3468285782313,311.84626513731774
0.018758494389507403,0.5833333333333334,-0.005,262.8793046009769,43.98639025808414,1.9409434687710339,0.0,261940.57846392412,6289.020604100848,19826562.306558345,399.2203252249281,311.7968685726093
0.018758494389507403,0.5833333333333334,0.005,262.8793046009769,43.98637432371236,1.941255692972233,0.0,261940.50190672337,6289.020604365784,19826536.36936022,399.2202082567771,311.79682289569405
0.018758494389507403,0.5833333333333334,0.015,262.8793046009769,43.98639025808414,1.9409434687710339,0.0,261940.57846392412,6289.020604100848,19826562.306558345,399.2203252249281,311.7968685726093
0.018758494389507403,0.6166666666666667,-0.005,262.59690847426214,43.43989320755357,2.2517327875778643,0.0,261836.4162415911,6289.020936960259,19799120.672967892,399.0965309172064,311.7485222488032
0.018758494389507403,0.6166666666666667,0.005,262.59690847426214,43.439877832897224,2.252017760340169,0.0,261836.34615441697,6289.020937182114,19799096.93493123,399.0964237414923,311.7484803894156
0.018758494389507403,0.6166666666666667,0.015,262.59690847426214,43.43989320755357,2.2517327875778643,0.0,261836.4162415911,6289.020936960259,19799120.672967892,399.0965309172064,311.7485222488032
0.018758494389507403,0.65,-0.005,262.33915364909814,42.853045306658665,2.5306480907966744,0.0,261737.83844732452,6289.021234762944,19774079.29126496,398.98344533506065,311.7043515305647
0.018758494389507403,0.65,0.005,262.33915364909814,42.85303171555748,2.53088981382604,0.0,261737.77866098966,6289.021234923811,19774059.04744445,398.9833538321719,311.7043157874147
0.018758494389507403,0.65,0.015,262.33915364909814,42.853045306658665,2.5306480907966744,0.0,261737.83844732452,6289.021234762944,19774079.29126496,398.98344533506065,311.7043515305647
0.018758494389507403,0.6833333333333333,-0.005,262.12050114520537,42.219873893026616,2.759915145972464,0.0,261648.75680929158,6289.021484155582,19752841.020868666,398.8874456239107,311.6668495636807
0.018758494389507403,0.6833333333333333,0.005,262.12050114520537,42.219862970652905,2.7601050505066547,0.0,261648.7093535271,6289.021484256215,19752824.955019657,398.88737293217804,311.6668211651881
0.018758494389507403,0.6833333333333333,0.015,262.12050114520537,42.219873893026616,2.759915145972464,0.0,261648.75680929158,6289.021484155582,19752841.020868666,398.8874456239107,311.6668495636807
0.018758494389507403,0.7166666666666667,-0.005,261.94868048857654,41.53160422833847,2.929497406997905,0.0,261571.07904048287,6289.021691449556,19736154.688553102,398.8119703342717,311.63736222478957
0.018758494389507403,0.7166666666666667,0.005,261.94868048857654,41.531596224897335,2.929635448566101,0.0,261571.04387928155,6289.021691504121,19736142.786292303,398.81191643634145,311.6373411664831
0.018758494389507403,0.7166666666666667,0.015,261.94868048857654,41.53160422833847,2.929497406997905,0.0,261571.07904048287,6289.021691449556,19736154.688553102,398.8119703342717,311.63736222478957
0.018758494389507403,0.75,-0.005,261.82369523292357,40.77544207024262,3.038224918677032,0.0,261504.39271614025,6289.021876536661,19724019.239989355,398.75706459421576,311.61590942217066
0.018758494389507403,0.75,0.005,261.82369523292357,40.77543675615796,3.0383181330336706,0.0,261504.36810836807,6289.021876562915,19724010.90989951,398.7570268487558,311.6158946737346
0.018758494389507403,0.75,0.015,261.82369523292357,40.77544207024262,3.038224918677032,0.0,261504.39271614025,6289.021876536661,19724019.239989355,398.75706459421576,311.61590942217066
0.018758494389507403,0.7833333333333332,-0.005,261.73914534284745,39.93267079405767,3.092084676939397,0.0,261446.2855037859,6289.022063995712,19715812.433961328,398.71994822384556,311.60140645571647
0.018758494389507403,0.7833333333333332,0.005,261.73914534284745,39.932667612531866,3.0921439189176194,0.0,261446.2687889623,6289.022064007627,19715806.77450139,398.71992256850274,311.60139643083426
0.018758494389507403,0.7833333333333332,0.015,261.73914534284745,39.93267079405767,3.092084676939397,0.0,261446.2855037859,6289.022063995712,19715812.433961328,398.71994822384556,311.60140645571647
0.018758494389507403,0.8166666666666667,-0.005,261.6851794905546,38.97534729124201,3.100413934871269,0.0,261393.08938708046,6289.022278580701,19710577.472283036,398.69631108329924,311.59217005378287
0.018758494389507403,0.8166666666666667,0.005,261.6851794905546,38.97534557839669,3.100450301551385,0.0,261393.07784532785,6289.022278586423,19710573.562997494,398.69629335696703,311.59216312697384
0.018758494389507403,0.8166666666666667,0.015,261.6851794905546,38.97534729124201,3.100413934871269,0.0,261393.08938708046,6289.022278580701,19710577.472283036,398.69631108329924,311.59217005378287
0.018758494389507403,0.85,-0.005,261.6517191885561,37.85972046112472,3.0714559849536434,0.0,261340.61350230098,6289.0225483183885,19707336.000604436,398.6817373406183,311.58647511068926
0.018758494389507403,0.85,0.005,261.6517191885561,37.85971963252825,3.0714783154686076,0.0,261340.6049548518,6289.022548321709,19707333.104915418,398.68172420824203,311.58646997893817
0.018758494389507403,0.85,0.015,261.6517191885561,37.85972046112472,3.0714559849536434,0.0,261340.61350230098,6289.0225483183885,19707336.000604436,398.6817373406183,311.58647511068926
0.018758494389507403,0.8833333333333333,-0.005,261.6306916404354,36.51129586905841,3.0083475321627624,0.0,261284.37215895613,6289.022917232577,19705305.132568356,398.67270013046,311.5829436115612
0.018758494389507403,0.8833333333333333,0.005,261.6306916404354,36.51129550791384,3.008361556887532,0.0,261284.36517117848,6289.022917234994,19705302.765962467,398.67268939654974,311.58293941701345
0.018758494389507403,0.8833333333333333,0.015,261.6306916404354,36.51129586905841,3.0083475321627624,0.0,261284.37215895613,6289.022917232577,19705305.132568356,398.67270013046,311.5829436115612
0.018758494389507403,0.9166666666666666,-0.005,261.6167339980594,34.78490509895465,2.904702969922225,0.0,261218.72972326152,6289.023482766086,19703966.86796016,398.6668970981423,311.58067592120943
0.018758494389507403,0.9166666666666666,0.005,261.6167339980594,34.78490494279908,2.9047117604794552,0.0,261218.7234930883,6289.023482768093,19703964.760007955,398.6668875367958,311.58067218484354
0.018758494389507403,0.9166666666666666,0.015,261.6167339980594,34.78490509895465,2.904702969922225,0.0,261218.72972326152,6289.023482766086,19703966.86796016,398.6668970981423,311.58067592120943
0.018758494389507403,0.9500000000000001,-0.005,261.60655921950945,32.32324096286476,2.732734175810563,0.0,261133.14951600376,6289.024568835946,19703011.69292098,398.6630779025277,311.5791834591945
0.018758494389507403,0.9500000000000001,0.005,261.60655921950945,32.32324081781931,2.732739105601303,0.0,261133.14363678984,6289.024568837474,19703009.707264833,398.66306889537515,311.57917993937866
0.018758494389507403,0.9500000000000001,0.015,261.60655921950945,32.32324096286476,2.732734175810563,0.0,261133.14951600376,6289.024568835946,19703011.69292098,398.6630779025277,311.5791834591945
0.018758494389507403,0.9833333333333333,-0.005,261.5967740609954,27.654277609011885,2.3654988434850908,0.0,260990.5146789953,6289.027415861691,19702147.49793501,398.66050441775946,311.57817779097337
0.018758494389507403,0.9833333333333333,0.005,261.5967740609954,27.654277471443166,2.3655004533322144,0.0,260990.5089347206,6289.027415862388,19702145.560901664,398.66049563046073,311.5781743570609
0.018758494389507403,0.9833333333333333,0.015,261.5967740609954,27.654277609011885,2.3654988434850908,0.0,260990.5146789953,6289.027415861691,19702147.49793501,398.66050441775946,311.57817779097337
0.018758494389507403,1.0166666666666666,-0.005,261.5967740607075,3.052720221219296e-11,2.611222232389406e-12,0.0,260990.51467891227,6289.992881352582,19731267.471407782,399.2497286798943,311.8083506237494
0.018758494389507403,1.0166666666666666,0.005,261.59677406041953,-27.6542776090117,-2.3654988434850748,0.0,260990.5146788293,6289.02741586169,19702147.497879095,398.6605044175055,311.5781777908741
0.018758494389507403,1.0166666666666666,0.015,261.5967740607075,3.052720221219296e-11,2.611222232389406e-12,0.0,260990.51467891227,6289.992881352582,19731267.471407782,399.2497286798943,311.8083506237494
0.0194837528159908,-0.016666666666666666,-0.005,264.5827814313081,49.87939265314046,0.0,0.0,262702.24601958756,6289.019199717084,19992256.98878798,399.965275110665,312.08764132622406
0.0194837528159908,-0.016666666666666666,0.005,264.5827814313081,49.87939265314046,-0.008368355993069425,0.0,262702.24601958756,6289.01919962954,19992256.986110598,399.9652750571013,312.08764130532654
0.0194837528159908,-0.016666666666666666,0.015,264.5827814313081,49.87939265314046,0.0,0.0,262702.24601958756,6289.019199717084,19992256.98878798,399.965275110665,312.08764132622406
0.0194837528159908,0.016666666666666666,-0.005,264.5827814313081,49.87939265314046,0.008368355993069425,0.0,262702.24601958756,6289.01919962954,19992256.986110598,399.9652750571013,312.08764130532654
0.0194837528159908,0.016666666666666666,0.005,264.5827814313081,49.87939261090152,0.008369594909192085,0.0,262702.24191891984,6289.019199629937,19992255.58826227,399.96526878732,312.08763885921263
0.0194837528159908,0.016666666666666666,0.015,264.5827814313081,49.87939265314046,0.008368355993069425,0.0,262702.24601958756,6289.01919962954,19992256.986110598,399.9652750571013,312.08764130532654
0.0194837528159908,0.05,-0.005,264.5803933305618,49.63265245467453,0.024603162128357524,0.0,262689.2878209968,6289.01920022938,19992024.44701655,399.96423229615846,312.08723447873996
0.0194837528159908,0.05,0.005,264.5803933305618,49.63265229966388,0.024607018150666002,0.0,262689.28359708464,6289.019200229849,19992023.00901795,399.96422584626123,312.0872319623517
0.0194837528159908,0.05,0.015,264.5803933305618,49.63265245467453,0.024603162128357524,0.0,262689.2878209968,6289.01920022938,19992024.44701655,399.96423229615846,312.08723447873996
0.0194837528159908,0.08333333333333333,-0.005,264.5757722208478,49.37824804333195,0.040759145402857425,0.0,262675.3747803916,6289.019201018137,19991574.47442894,399.962214308114,312.0864471719616
0.0194837528159908,0.08333333333333333,0.005,264.5757722208478,49.37824775333914,0.04076591911330349,0.0,262675.37028308277,6289.019201018736,19991572.945400853,399.96220744984726,312.0864444962437
0.0194837528159908,0.08333333333333333,0.015,264.5757722208478,49.37824804333195,0.040759145402857425,0.0,262675.3747803916,6289.019201018137,19991574.47442894,399.962214308114,312.0864471719616
0.0194837528159908,0.11666666666666667,-0.005,264.56859995062086,49.11565456531745,0.05739001739786884,0.0,262660.39618064463,6289.01920204714,19990876.10351166,399.95908216785256,312.0852251809772
0.0194837528159908,0.11666666666666667,0.005,264.56859995062086,49.115654112551056,0.057400319875529626,0.0,262660.3912086213,6289.019202047959,19990874.415203344,399.9590745950235,312.0852222264649
0.0194837528159908,0.11666666666666667,0.015,264.56859995062086,49.11565456531745,0.05739001739786884,0.0,262660.39618064463,6289.01920204714,19990876.10351166,399.95908216785256,312.0852251809772
0.0194837528159908,0.15,-0.005,264.5583025032903,48.844280747969286,0.07529775973078658,0.0,262644.1658252932,6289.019203415913,19989873.468129944,399.9545852247107,312.0834707096818
0.0194837528159908,0.15,0.005,264.5583025032903,48.84428009420293,0.0753126344503415,0.0,262644.1600830625,6289.019203417113,19989871.52031984,399.95457648767996,312.0834673009412
0.0194837528159908,0.15,0.015,264.5583025032903,48.844280747969286,0.07529775973078658,0.0,262644.1658252932,6289.019203415913,19989873.468129944,399.9545852247107,312.0834707096818
0.0194837528159908,0.1833333333333333,-0.005,264.5439227780209,48.563454254405215,0.09569985427680489,0.0,262626.3851810475,6289.01920531925,19988473.417595044,399.9483055290448,312.08102068537465
0.0194837528159908,0.1833333333333333,0.005,264.5439227780209,48.56345334341856,0.09572097321391557,0.0,262626.37822710077,6289.019205321144,19988471.06051547,399.9482949558434,312.08101656022217
0.0194837528159908,0.1833333333333333,0.015,264.5439227780209,48.563454254405215,0.09569985427680489,0.0,262626.3851810475,6289.01920531925,19988473.417595044,399.9483055290448,312.08102068537465
0.0194837528159908,0.2166666666666667,-0.005,264.5239416806205,48.27240156779887,0.12045269768237715,0.0,262606.59157298517,6289.01920814721,19986528.104800723,399.9395796698988,312.077616258047
0.0194837528159908,0.2166666666666667,0.005,264.5239416806205,48.27240031443091,0.12048260451944899,0.0,262606.5827575467,6289.019208150414,19986525.11805083,399.93956627154216,312.0776110305983
0.0194837528159908,0.2166666666666667,0.015,264.5239416806205,48.27240156779887,0.12045269768237715,0.0,262606.59157298517,6289.01920814721,19986528.104800723,399.9395796698988,312.077616258047
0.0194837528159908,0.25,-0.005,264.4960581132672,47.97022114359842,0.15232179896741443,0.0,262584.0944356061,6289.019212688948,19983813.578525312,399.9274026221017,312.07286527418665
0.0194837528159908,0.25,0.005,264.4960581132672,47.97021941962019,0.1523641564400559,0.0,262584.08283778717,6289.019212694688,19983809.649805814,399.9273849969992,312.0728583975432
0.0194837528159908,0.25,0.015,264.4960581132672,47.97022114359842,0.15232179896741443,0.0,262584.0944356061,6289.019212688948,19983813.578525312,399.9274026221017,312.07286527418665
0.0194837528159908,0.2833333333333333,-0.005,264.45696567299416,47.655849496317664,0.1952550909950667,0.0,262557.9104715893,6289.0192205207895,19980008.06775226,399.91033007919265,312.0662041474296
0.0194837528159908,0.2833333333333333,0.005,264.45696567299416,47.65584711526037,0.195314844566675,0.0,262557.8948572799,6289.0192205314215,19980002.77864585,399.9103063489654,312.06619488860144
0.0194837528159908,0.2833333333333333,0.015,264.45696567299416,47.655849496317664,0.1952550909950667,0.0,262557.9104715893,6289.0192205207895,19980008.06775226,399.91033007919265,312.0662041474296
0.0194837528159908,0.31666666666666665,-0.005,264.4022044126364,47.328022033238305,0.25456626432773305,0.0,262526.72027644544,6289.019234668096,19974677.598219022,399.88641342612254,312.0568724420805
0.0194837528159908,0.31666666666666665,0.005,264.4022044126364,47.328018739342795,0.25464958483740596,0.0,262526.6991108271,6289.019234687895,19974670.428477064,399.88638125408505,312.0568598891339
0.0194837528159908,0.31666666666666665,0.015,264.4022044126364,47.328022033238305,0.25456626432773305,0.0,262526.72027644544,6289.019234668096,19974677.598219022,399.88641342612254,312.0568724420805
0.0194837528159908,0.35,-0.005,264.32621092208575,46.98523386728383,0.3368813295315511,0.0,262488.8819603073,6289.019260555783,19967280.955864657,399.85322106837833,312.0439211164717
0.0194837528159908,0.35,0.005,264.32621092208575,46.98522933723953,0.33699516747956565,0.0,262488.8535163854,6289.019260591827,19967271.32019139,399.8531778232685,312.04390424231224
0.0194837528159908,0.35,0.015,264.32621092208575,46.98523386728383,0.3368813295315511,0.0,262488.8819603073,6289.019260555783,19967280.955864657,399.85322106837833,312.0439211164717
0.0194837528159908,0.3833333333333334,-0.005,264.2227175037578,46.62570974632623,0.44966935250812795,0.0,262442.5452143789,6289.019307009408,19957208.681491207,399.8080118025594,312.0262800489315
0.0194837528159908,0.3833333333333334,0.005,264.2227175037578,46.62570361472672,0.4498204628584251,0.0,262442.50781224313,6289.019307072036,19957196.010560356,399.807954920092,312.0262578522461
0.0194837528159908,0.3833333333333334,0.015,264.2227175037578,46.62570974632623,0.44966935250812795,0.0,262442.5452143789,6289.019307009408,19957208.681491207,399.8080118025594,312.0262800489315
0.0194837528159908,0.4166666666666667,-0.005,264.08562837601517,46.24739456925939,0.6002058094379596,0.0,262385.9025413379,6289.019386607674,19943868.52321229,399.7481159822194,312.0029066178458
0.0194837528159908,0.4166666666666667,0.005,264.08562837601517,46.24738648703565,0.6003992236021284,0.0,262385.85492324946,6289.019386709509,19943852.390670065,399.74804353271935,312.00287834447215
0.0194837528159908,0.4166666666666667,0.015,264.08562837601517,46.24739456925939,0.6002058094379596,0.0,262385.9025413379,6289.019386607674,19943868.52321229,399.7481159822194,312.0029066178458
0.0194837528159908,0.45,-0.005,263.9103956529558,45.84797352472597,0.7939410186780299,0.0,262317.58375364594,6289.019514237951,19926819.47074411,399.67153462103835,311.97301935786345
0.0194837528159908,0.45,0.005,263.9103956529558,45.84796325165149,0.7941781576463487,0.0,262317.5255458795,6289.019514390463,19926799.74967104,399.67144601027695,311.9729847742543
0.0194837528159908,0.45,0.015,263.9103956529558,45.84797352472597,0.7939410186780299,0.0,262317.58375364594,6289.019514237951,19926819.47074411,399.67153462103835,311.97301935786345
0.0194837528159908,0.4833333333333334,-0.005,263.695722592057,45.42492051659452,1.0324752517073061,0.0,262237.143306649,6289.019702856837,19905937.42566614,399.5776820665301,311.936387797505
0.0194837528159908,0.4833333333333334,0.005,263.695722592057,45.424908033867695,1.0327521431924658,0.0,262237.075452833,6289.019703064461,19905914.43555863,399.5775786973076,311.9363474491254
0.0194837528159908,0.4833333333333334,0.015,263.695722592057,45.42492051659452,1.0324752517073061,0.0,262237.143306649,6289.019702856837,19905937.42566614,399.5776820665301,311.936387797505
0.0194837528159908,0.5166666666666667,-0.005,263.44517832078924,44.975554316734694,1.3116278915348447,0.0,262145.5201265018,6289.0199568611915,19881571.890421424,399.46809259571,311.8936085214812
0.0194837528159908,0.5166666666666667,0.005,263.44517832078924,44.97553992751806,1.3119341609846216,0.0,262145.445127788,6289.019957115218,19881546.47888443,399.46797824198137,311.893563879368
0.0194837528159908,0.5166666666666667,0.015,263.44517832078924,44.975554316734694,1.3116278915348447,0.0,262145.5201265018,6289.0199568611915,19881571.890421424,399.46809259571,311.8936085214812
0.0194837528159908,0.55,-0.005,263.1681183831604,44.497057547335665,1.620313378058093,0.0,262045.2958652988,6289.020265948427,19854634.73521115,399.3468285395999,311.84626512223434
0.0194837528159908,0.55,0.005,263.1681183831604,44.49704192070837,1.6206326794354675,0.0,262045.21766670875,6289.020266224843,19854608.239686523,399.34670918763203,311.8462185218039
0.0194837528159908,0.55,0.015,263.1681183831604,44.497057547335665,1.620313378058093,0.0,262045.2958652988,6289.020265948427,19854634.73521115,399.3468285395999,311.84626512223434
0.0194837528159908,0.5833333333333334,-0.005,262.8793045092395,43.98639025644332,1.940943539047089,0.0,261940.57843772217,6289.020604100915,19826562.297650848,399.2203251847475,311.7968685569185
0.0194837528159908,0.5833333333333334,0.005,262.8793045092395,43.98637432207185,1.9412557632477412,0.0,261940.50188049505,6289.020604365851,19826536.36044382,399.22020821655605,311.7968228799875
0.0194837528159908,0.5833333333333334,0.015,262.8793045092395,43.98639025644332,1.940943539047089,0.0,261940.57843772217,6289.020604100915,19826562.297650848,399.2203251847475,311.7968685569185
0.0194837528159908,0.6166666666666667,-0.005,262.5969083831369,43.43989320627974,2.251732851706414,0.0,261836.4162155574,6289.020936960304,19799120.664120894,399.0965308772452,311.7485222331957
0.0194837528159908,0.6166666666666667,0.005,262.5969083831369,43.43987783162393,2.252017824464434,0.0,261836.34612836022,6289.02093718216,19799096.926076416,399.0964237014957,311.7484803737942
0.0194837528159908,0.6166666666666667,0.015,262.5969083831369,43.43989320627974,2.251732851706414,0.0,261836.4162155574,6289.020936960304,19799120.664120894,399.0965308772452,311.7485222331957
0.0194837528159908,0.65,-0.005,262.339153562118,42.85304530600728,2.530648145198447,0.0,261737.8384224783,6289.021234762985,19774079.282821644,398.98344529688427,311.7043515156521
0.0194837528159908,0.65,0.005,262.339153562118,42.85303171490685,2.5308898682210965,0.0,261737.77863612448,6289.021234923853,19774059.03899474,398.9833537939665,311.7043157724908
0.0194837528159908,0.65,0.015,262.339153562118,42.85304530600728,2.530648145198447,0.0,261737.8384224783,6289.021234762985,19774079.282821644,398.98344529688427,311.7043515156521
0.0194837528159908,0.6833333333333333,-0.005,262.12050106468394,42.21987389316094,2.759915188741872,0.0,261648.7567862887,6289.021484155603,19752841.013052635,398.88744558853284,311.66684954985965
0.0194837528159908,0.6833333333333333,0.005,262.12050106468394,42.21986297078803,2.760105093268549,0.0,261648.70933050977,6289.021484256236,19752824.94719874,398.887372896778,311.6668211513584
0.0194837528159908,0.6833333333333333,0.015,262.12050106468394,42.21987389316094,2.759915188741872,0.0,261648.7567862887,6289.021484155603,19752841.013052635,398.88744558853284,311.66684954985965
0.0194837528159908,0.7166666666666667,-0.005,261.94868041526286,41.5316042292727,2.929497438142193,0.0,261571.07901954255,6289.021691449572,19736154.681437016,398.8119703020393,311.6373622121962
0.0194837528159908,0.7166666666666667,0.005,261.94868041526286,41.531596225832295,2.929635479703545,0.0,261571.04385833087,6289.021691504137,19736142.77917271,398.8119164040932,311.6373411538835
0.0194837528159908,0.7166666666666667,0.015,261.94868041526286,41.5316042292727,2.929497438142193,0.0,261571.07901954255,6289.021691449572,19736154.681437016,398.8119703020393,311.6373622121962
0.0194837528159908,0.75,-0.005,261.82369516617547,40.77544207188347,3.0382249397872294,0.0,261504.39269707864,6289.0218765366735,19724019.233510617,398.7570645648558,311.6159094106987
0.0194837528159908,0.75,0.005,261.82369516617547,40.775436757799405,3.038318154138595,0.0,261504.36808929924,6289.021876562928,19724010.903418362,398.7570268193848,311.61589466225837
0.0194837528159908,0.75,0.015,261.82369516617547,40.77544207188347,3.0382249397872294,0.0,261504.39269707864,6289.0218765366735,19724019.233510617,398.7570645648558,311.6159094106987
0.0194837528159908,0.7833333333333332,-0.005,261.73914528116865,39.932670796243414,3.0920846904548807,0.0,261446.2854861675,6289.022063995708,19715812.42797411,398.7199481966964,311.6014064451079
0.0194837528159908,0.7833333333333332,0.005,261.73914528116865,39.93266761471808,3.092143932429622,0.0,261446.26877133912,6289.022064007623,19715806.768512536,398.71992254134625,311.6013964202228
0.0194837528159908,0.7833333333333332,0.015,261.73914528116865,39.932670796243414,3.0920846904548807,0.0,261446.2854861675,6289.022063995708,19715812.42797411,398.7199481966964,311.6014064451079
0.0194837528159908,0.8166666666666667,-0.005,261.68517943222434,38.97534729379699,3.1004139432778604,0.0,261393.08937042137,6289.022278580705,19710577.466621026,398.69631105762284,311.59217004374943
0.0194837528159908,0.8166666666666667,0.005,261.68517943222434,38.97534558095204,3.100450309955995,0.0,261393.07782866544,6289.022278586427,19710573.55733433,398.6962933312856,311.5921631169385
0.0194837528159908,0.8166666666666667,0.015,261.68517943222434,38.97534729379699,3.1004139432778604,0.0,261393.08937042137,6289.022278580705,19710577.466621026,398.69631105762284,311.59217004374943
0.0194837528159908,0.85,-0.005,261.65171913214357,37.85972046389916,3.071455990226213,0.0,261340.6134861806,6289.022548318375,19707335.995128058,398.68173731577275,311.58647510098035
0.0194837528159908,0.85,0.005,261.65171913214357,37.859719635302966,3.071478320740194,0.0,261340.60493872885,6289.022548321696,19707333.099438146,398.6817241833925,311.5864699692277
0.0194837528159908,0.85,0.015,261.65171913214357,37.85972046389916,3.071455990226213,0.0,261340.6134861806,6289.022548318375,19707335.995128058,398.68173731577275,311.58647510098035
0.0194837528159908,0.8833333333333332,-0.005,261.63069158497325,36.51129587194615,3.0083475355781673,0.0,261284.3721431035,6289.022917232567,19705305.12718431,398.67270010603244,311.5829436020155
0.0194837528159908,0.8833333333333332,0.005,261.63069158497325,36.51129551080181,3.0083615603025007,0.0,261284.36515532364,6289.022917234984,19705302.760577656,398.6726893721188,311.5829394074664
0.0194837528159908,0.8833333333333332,0.015,261.63069158497325,36.51129587194615,3.0083475355781673,0.0,261284.3721431035,6289.022917232567,19705305.12718431,398.67270010603244,311.5829436020155
0.0194837528159908,0.9166666666666666,-0.005,261.61673394302085,34.78490510188936,2.904702972162736,0.0,261218.729707519,6289.023482766065,19703966.86261695,398.66689707389406,311.58067591173375
0.0194837528159908,0.9166666666666666,0.005,261.61673394302085,34.784904945733985,2.904711762719785,0.0,261218.7234773436,6289.023482768072,19703964.75466404,398.6668875125442,311.58067217536654
0.0194837528159908,0.9166666666666666,0.015,261.61673394302085,34.78490510188936,2.904702972162736,0.0,261218.729707519,6289.023482766065,19703966.86261695,398.66689707389406,311.58067591173375
0.0194837528159908,0.95,-0.005,261.6065591646422,32.32324096580596,2.7327341771804394,0.0,261133.1495002986,6289.02456883592,19703011.68759429,398.66307787835154,311.5791834497469
0.0194837528159908,0.95,0.005,261.6065591646422,32.3232408207607,2.7327391069711098,0.0,261133.1436210828,6289.02456883745,19703009.701937493,398.6630688711962,311.57917992993
0.0194837528159908,0.95,0.015,261.6065591646422,32.32324096580596,2.7327341771804394,0.0,261133.1495002986,6289.02456883592,19703011.68759429,398.66307787835154,311.5791834497469
0.0194837528159908,0.9833333333333332,-0.005,261.5967740061951,27.65427761128746,2.3654988440434046,0.0,260990.5146632599,6289.027415861629,19702147.492613748,398.66050439359,311.5781777815283
0.0194837528159908,0.9833333333333332,0.005,261.5967740061951,27.654277473718917,2.3655004538905176,0.0,260990.50891898328,6289.027415862326,19702145.555579767,398.66049560628835,311.5781743476148
0.0194837528159908,0.9833333333333332,0.015,261.5967740061951,27.65427761128746,2.3654988440434046,0.0,260990.5146632599,6289.027415861629,19702147.492613748,398.66050439359,311.5781777815283
0.0194837528159908,1.0166666666666668,-0.005,261.5967740059003,3.116865416430056e-11,2.666197619882654e-12,0.0,260990.51466317486,6289.99288135274,19731267.466084603,399.2497286558201,311.80835061434857
0.0194837528159908,1.0166666666666668,0.005,261.5967740056054,-27.65427761128746,-2.3654988440434046,0.0,260990.51466308988,6289.027415861629,19702147.492556483,398.66050439332986,311.5781777814267
0.0194837528159908,1.0166666666666668,0.015,261.5967740059003,3.116865416430056e-11,2.666197619882654e-12,0.0,260990.51466317486,6289.99288135274,19731267.466084603,399.2497286558201,311.80835061434857
0.020209011242474192,-0.016666666666666666,-0.005,264.5827814259675,49.87939265398065,-8.392254087125513e-19,0.0,262702.24601810327,6289.019199717078,19992256.988268208,399.9652751083303,312.0876413253132
0.020209011242474192,-0.016666666666666666,0.005,264.5827814259675,49.87939265398066,-0.008368356257450107,0.0,262702.24601810327,6289.0191996295325,19992256.98559083,399.9652750547666,312.0876413044157
0.020209011242474192,-0.016666666666666666,0.015,264.5827814259675,49.87939265398065,-8.392254087125513e-19,0.0,262702.24601810327,6289.019199717078,19992256.988268208,399.9652751083303,312.0876413253132
0.020209011242474192,0.016666666666666666,-0.005,264.5827814259675,49.87939265398065,0.008368356257450105,0.0,262702.2460181033,6289.019199629533,19992256.98559083,399.96527505476666,312.08764130441574
0.020209011242474192,0.016666666666666666,0.005,264.5827814259675,49.8793926117424,0.008369595173636158,0.0,262702.24191743386,6289.019199629931,19992255.587741893,399.96526878498264,312.0876388583007
0.020209011242474192,0.016666666666666666,0.015,264.5827814259675,49.87939265398065,0.008368356257450105,0.0,262702.2460181033,6289.019199629533,19992256.98559083,399.96527505476666,312.08764130441574
0.020209011242474192,0.05,-0.005,264.58039332513084,49.632652455433636,0.024603162952305458,0.0,262689.2878194856,6289.01920022938,19992024.446488228,399.96423229378905,312.08723447781557
0.020209011242474192,0.05,0.005,264.58039332513084,49.63265230042361,0.024607018974828063,0.0,262689.28359557164,6289.019200229849,19992023.00848901,399.96422584388904,312.08723196142626
0.020209011242474192,0.05,0.015,264.58039332513084,49.632652455433636,0.024603162952305458,0.0,262689.2878194856,6289.01920022938,19992024.446488228,399.96423229378905,312.08723447781557
0.020209011242474192,0.08333333333333333,-0.005,264.5757722151924,49.37824804399191,0.040759146874690386,0.0,262675.37477881194,6289.019201018139,19991574.47387884,399.9622143056476,312.08644717099935
0.020209011242474192,0.08333333333333333,0.005,264.5757722151924,49.378247753999624,0.04076592058556371,0.0,262675.3702815011,6289.0192010187375,19991572.944850087,399.9622074473777,312.0864444952802
0.020209011242474192,0.08333333333333333,0.015,264.5757722151924,49.37824804399191,0.040759146874690386,0.0,262675.37477881194,6289.019201018139,19991574.47387884,399.9622143056476,312.08644717099935
0.020209011242474192,0.11666666666666665,-0.005,264.5685999445467,49.115654565873385,0.057390019668207094,0.0,262660.39617893705,6289.019202047135,19990876.102920603,399.95908216519837,312.0852251799417
0.020209011242474192,0.11666666666666665,0.005,264.5685999445467,49.11565411310746,0.057400322146608417,0.0,262660.39120691165,6289.0192020479535,19990874.414611552,399.9590745923661,312.0852222254281
0.020209011242474192,0.11666666666666665,0.015,264.5685999445467,49.115654565873385,0.057390019668207094,0.0,262660.39617893705,6289.019202047135,19990876.102920603,399.95908216519837,312.0852251799417
0.020209011242474192,0.15,-0.005,264.55830249650256,48.844280748423024,0.07529776304330477,0.0,262644.16582337784,6289.019203415908,19989873.46746957,399.95458522174636,312.0834707085253
0.020209011242474192,0.15,0.005,264.55830249650256,48.84428009465704,0.07531263776406316,0.0,262644.1600811446,6289.019203417109,19989871.519658614,399.95457648471177,312.0834672997832
0.020209011242474192,0.15,0.015,264.55830249650256,48.844280748423024,0.07529776304330477,0.0,262644.16582337784,6289.019203415908,19989873.46746957,399.95458522174636,312.0834707085253
0.020209011242474192,0.18333333333333332,-0.005,264.54392277008606,48.56345425475969,0.09569985901341792,0.0,262626.3851788046,6289.019205319257,19988473.416823484,399.9483055255867,312.0810206840255
0.020209011242474192,0.18333333333333332,0.005,264.54392277008606,48.56345334377332,0.09572097795240668,0.0,262626.3782248549,6289.019205321151,19988471.05974287,399.9482949523807,312.08101655887117
0.020209011242474192,0.18333333333333332,0.015,264.54392277008606,48.56345425475969,0.09569985901341792,0.0,262626.3851788046,6289.019205319257,19988473.416823484,399.9483055255867,312.0810206840255
0.020209011242474192,0.21666666666666667,-0.005,264.52394167091563,48.272401568053596,0.12045270441840815,0.0,262606.591570231,6289.019208147211,19986528.103856936,399.93957966566563,312.07761625639534
0.020209011242474192,0.21666666666666667,0.005,264.52394167091563,48.27240031468585,0.12048261125831014,0.0,262606.5827547887,6289.0192081504165,19986525.11710572,399.93956626730306,312.07761102894443
0.020209011242474192,0.21666666666666667,0.015,264.52394167091563,48.272401568053596,0.12045270441840815,0.0,262606.591570231,6289.019208147211,19986528.103856936,399.93957966566563,312.07761625639534
0.020209011242474192,0.25,-0.005,264.4960581009052,47.970221143743785,0.1523218085281511,0.0,262584.0944320892,6289.019212688949,19983813.577323195,399.92740261670883,312.0728652720825
0.020209011242474192,0.25,0.005,264.4960581009052,47.9702194197657,0.15236416600490565,0.0,262584.0828342651,6289.019212694689,19983809.648601938,399.92738499159844,312.072858395436
0.020209011242474192,0.25,0.015,264.4960581009052,47.970221143743785,0.1523218085281511,0.0,262584.0944320892,6289.019212688949,19983813.577323195,399.92740261670883,312.0728652720825
0.020209011242474192,0.2833333333333333,-0.005,264.4569656567794,47.65584949633343,0.195255104493605,0.0,262557.9104669691,6289.019220520794,19980008.06617567,399.9103300721197,312.06620414466994
0.020209011242474192,0.2833333333333333,0.005,264.4569656567794,47.6558471152762,0.19531485807094925,0.0,262557.8948526527,6289.019220531426,19980002.7770669,399.91030634188166,312.06619488583755
0.020209011242474192,0.2833333333333333,0.015,264.4569656567794,47.65584949633343,0.195255104493605,0.0,262557.9104669691,6289.019220520794,19980008.06617567,399.9103300721197,312.06620414466994
0.020209011242474192,0.31666666666666665,-0.005,264.4022043910592,47.328022033089795,0.2545662831514952,0.0,262526.7202702852,6289.0192346680915,19974677.596120834,399.88641341670234,312.05687243840487
0.020209011242474192,0.31666666666666665,0.005,264.4022043910592,47.32801873919426,0.2546496036687921,0.0,262526.6991046575,6289.0192346878885,19974670.426375713,399.8863812446505,312.0568598854527
0.020209011242474192,0.31666666666666665,0.015,264.4022043910592,47.328022033089795,0.2545662831514952,0.0,262526.7202702852,6289.0192346680915,19974677.596120834,399.88641341670234,312.05687243840487
0.020209011242474192,0.35,-0.005,264.3262108933779,46.98523386692449,0.3368813552419276,0.0,262488.8819521098,6289.01926055579,19967280.953073706,399.8532210558508,312.0439211115835
0.020209011242474192,0.35,0.005,264.3262108933779,46.9852293368801,0.3369951931995242,0.0,262488.85350817564,6289.019260591835,19967271.317396276,399.8531778107222,312.0439042374167
0.020209011242474192,0.35,0.015,264.3262108933779,46.98523386692449,0.3368813552419276,0.0,262488.8819521098,6289.01926055579,19967280.953073706,399.8532210558508,312.0439211115835
0.020209011242474192,0.38333333333333336,-0.005,264.22271746608953,46.625709745703205,0.4496693866201477,0.0,262442.54520362004,6289.019307009426,19957208.677829713,399.80801178612205,312.02628004251727
0.020209011242474192,0.38333333333333336,0.005,264.22271746608953,46.62570361410356,0.4498204969817267,0.0,262442.5078014686,6289.019307072054,19957196.006893508,399.8079549036307,312.0262578458225
0.020209011242474192,0.38333333333333336,0.015,264.22271746608953,46.625709745703205,0.4496693866201477,0.0,262442.54520362004,6289.019307009426,19957208.677829713,399.80801178612205,312.02628004251727
0.020209011242474192,0.41666666666666674,-0.005,264.0856283277989,46.24739456832477,0.6002058530760529,0.0,262385.90252756147,6289.019386607697,19943868.518526,399.74811596117104,312.0029066096316
0.020209011242474192,0.41666666666666674,0.005,264.0856283277989,46.24738648610083,0.6003992672525167,0.0,262385.85490945354,6289.019386709531,19943852.385977138,399.74804351164113,312.00287833624645
0.020209011242474192,0.41666666666666674,0.015,264.0856283277989,46.24739456832477,0.6002058530760529,0.0,262385.90252756147,6289.019386607697,19943868.518526,399.74811596117104,312.0029066096316
0.020209011242474192,0.45,-0.005,263.91039559324116,45.84797352346031,0.793941072151974,0.0,262317.5837365812,6289.019514237982,19926819.46494106,399.6715345949574,311.9730193476844
0.020209011242474192,0.45,0.005,263.91039559324116,45.847963250385654,0.7941782111324812,0.0,262317.52552879165,6289.019514390493,19926799.74386012,399.6714459841607,311.97298476406144
0.020209011242474192,0.45,0.015,263.91039559324116,45.84797352346031,0.793941072151974,0.0,262317.5837365812,6289.019514237982,19926819.46494106,399.6715345949574,311.9730193476844
0.020209011242474192,0.48333333333333334,-0.005,263.6957225209413,45.42492051502587,1.0324753141117362,0.0,262237.1432863277,6289.019702856881,19905937.41875648,399.5776820354541,311.93638778537496
0.020209011242474192,0.48333333333333334,0.005,263.6957225209413,45.42490803229894,1.032752205607563,0.0,262237.07543248567,6289.019703064506,19905914.42864012,399.5775786661917,311.9363474369799
0.020209011242474192,0.48333333333333334,0.015,263.6957225209413,45.42492051502587,1.0324753141117362,0.0,262237.1432863277,6289.019702856881,19905937.41875648,399.5776820354541,311.93638778537496
0.020209011242474192,0.5166666666666667,-0.005,263.4451782397015,44.975554314960064,1.3116279605251642,0.0,262145.5201033346,6289.01995686125,19881571.882544592,399.4680925602537,311.89360850763956
0.020209011242474192,0.5166666666666667,0.005,263.4451782397015,44.97553992574346,1.3119342299826697,0.0,262145.44510459295,6289.019957115276,19881546.470998153,399.4679782064824,311.8935638655097
0.020209011242474192,0.5166666666666667,0.015,263.4451782397015,44.975554314960064,1.3116279605251642,0.0,262145.5201033346,6289.01995686125,19881571.882544592,399.4680925602537,311.89360850763956
0.020209011242474192,0.55,-0.005,263.16811829486846,44.497057545524704,1.6203134499509522,0.0,262045.2958400762,6289.020265948489,19854634.72663629,399.3468285009608,311.8462651071478
0.020209011242474192,0.55,0.005,263.16811829486846,44.497041918897644,1.6206327513320773,0.0,262045.2176414583,6289.020266224906,19854608.231102202,399.3467091489502,311.8462185067007
0.020209011242474192,0.55,0.015,263.16811829486846,44.497057545524704,1.6203134499509522,0.0,262045.2958400762,6289.020265948489,19854634.72663629,399.3468285009608,311.8462651071478
0.020209011242474192,0.5833333333333334,-0.005,262.8793044174947,43.98639025481115,1.9409436093203338,0.0,261940.57841151833,6289.020604100984,19826562.288742628,399.2203251445634,311.7968685412263
0.020209011242474192,0.5833333333333334,0.005,262.8793044174947,43.98637432044002,1.9412558335204357,0.0,261940.50185426502,6289.02060436592,19826536.351526707,399.2202081763318,311.79682286427965
0.020209011242474192,0.5833333333333334,0.015,262.8793044174947,43.98639025481115,1.9409436093203338,0.0,261940.57841151833,6289.020604100984,19826562.288742628,399.2203251445634,311.7968685412263
0.020209011242474192,0.6166666666666667,-0.005,262.5969082920085,43.439893205011586,2.251732915833113,0.0,261836.41618952263,6289.02093696035,19799120.65527355,399.09653083728193,311.7485222175873
0.020209011242474192,0.6166666666666667,0.005,262.5969082920085,43.43987783035629,2.252017888586844,0.0,261836.3461023023,6289.020937182205,19799096.917221252,399.096423661497,311.74848035817206
0.020209011242474192,0.6166666666666667,0.015,262.5969082920085,43.439893205011586,2.251732915833113,0.0,261836.41618952263,6289.02093696035,19799120.65527355,399.09653083728193,311.7485222175873
0.020209011242474192,0.65,-0.005,262.3391534751393,42.85304530535918,2.530648199599008,0.0,261737.8383976276,6289.021234763014,19774079.2743781,398.98344525870084,311.7043515007368
0.020209011242474192,0.65,0.005,262.3391534751393,42.8530317142595,2.530889922614939,0.0,261737.77861125476,6289.021234923881,19774059.030544788,398.9833537557539,311.70431575756413
0.020209011242474192,0.65,0.015,262.3391534751393,42.85304530535918,2.530648199599008,0.0,261737.8383976276,6289.021234763014,19774079.2743781,398.98344525870084,311.7043515007368
0.020209011242474192,0.6833333333333333,-0.005,262.1205009841637,42.21987389329755,2.7599152315102025,0.0,261648.75676328302,6289.021484155615,19752841.005236477,398.8874455531506,311.66684953603686
0.020209011242474192,0.6833333333333333,0.005,262.1205009841637,42.219862970925426,2.760105136029365,0.0,261648.7093074896,6289.021484256248,19752824.939377688,398.88737286137354,311.66682113752694
0.020209011242474192,0.6833333333333333,0.015,262.1205009841637,42.21987389329755,2.7599152315102025,0.0,261648.75676328302,6289.021484155615,19752841.005236477,398.8874455531506,311.66684953603686
0.020209011242474192,0.7166666666666667,-0.005,261.94868034195235,41.53160423020858,2.9294974692856695,0.0,261571.0789985973,6289.021691449573,19736154.674320795,398.81197026979936,311.6373621995998
0.020209011242474192,0.7166666666666667,0.005,261.94868034195235,41.531596226768905,2.929635510840177,0.0,261571.0438373753,6289.021691504138,19736142.772052985,398.8119163718374,311.63734114128096
0.020209011242474192,0.7166666666666667,0.015,261.94868034195235,41.53160423020858,2.9294974692856695,0.0,261571.0789985973,6289.021691449573,19736154.674320795,398.81197026979936,311.6373621995998
0.020209011242474192,0.75,-0.005,261.82369509943,40.775442073525184,3.0382249608967067,0.0,261504.3926780135,6289.021876536675,19724019.22703182,398.75706453549043,311.6159093992247
0.020209011242474192,0.75,0.005,261.82369509943,40.77543675944174,3.0383181752427992,0.0,261504.36807022704,6289.021876562931,19724010.89693716,398.75702679000864,311.61589465078015
0.020209011242474192,0.75,0.015,261.82369509943,40.775442073525184,3.0382249608967067,0.0,261504.3926780135,6289.021876536675,19724019.22703182,398.75706453549043,311.6159093992247
0.020209011242474192,0.7833333333333333,-0.005,261.73914521948706,39.93267079842995,3.0920847039698205,0.0,261446.28546855107,6289.022063995711,19715812.42198682,398.7199481695502,311.6014064345004
0.020209011242474192,0.7833333333333333,0.005,261.73914521948706,39.9326676169051,3.0921439459410798,0.0,261446.26875371777,6289.022064007626,19715806.762523606,398.7199225141925,311.6013964096124
0.020209011242474192,0.7833333333333333,0.015,261.73914521948706,39.93267079842995,3.0920847039698205,0.0,261446.28546855107,6289.022063995711,19715812.42198682,398.7199481695502,311.6014064345004
0.020209011242474192,0.8166666666666668,-0.005,261.6851793738966,38.9753472963526,3.100413951684191,0.0,261393.0893537594,6289.022278580697,19710577.460958976,398.696311031942,311.59217003371424
0.020209011242474192,0.8166666666666668,0.005,261.6851793738966,38.97534558350799,3.100450318360342,0.0,261393.07781199992,6289.022278586421,19710573.55167111,398.6962933055993,311.5921631069011
0.020209011242474192,0.8166666666666668,0.015,261.6851793738966,38.9753472963526,3.100413951684191,0.0,261393.0893537594,6289.022278580697,19710577.460958976,398.696311031942,311.59217003371424
0.020209011242474192,0.85,-0.005,261.6517190757294,37.85972046667343,3.071455995498732,0.0,261340.6134700621,6289.022548318368,19707335.98965169,398.68173729093,311.5864750912726
0.020209011242474192,0.85,0.005,261.6517190757294,37.85971963807751,3.07147832601173,0.0,261340.6049226076,6289.022548321688,19707333.093960878,398.6817241585456,311.5864699595183
0.020209011242474192,0.85,0.015,261.6517190757294,37.85972046667343,3.071455995498732,0.0,261340.6134700621,6289.022548318368,19707335.98965169,398.68173729093,311.5864750912726
0.020209011242474192,0.8833333333333333,-0.005,261.6306915295143,36.511295874833564,3.0083475389934935,0.0,261284.37212724722,6289.0229172325435,19705305.121800225,398.6727000815994,311.58294359246764
0.020209011242474192,0.8833333333333333,0.005,261.6306915295143,36.51129551368945,3.00836156371739,0.0,261284.36513946505,6289.02291723496,19705302.7551928,398.67268934768214,311.58293939791713
0.020209011242474192,0.8833333333333333,0.015,261.6306915295143,36.511295874833564,3.0083475389934935,0.0,261284.37212724722,6289.0229172325435,19705305.121800225,398.6727000815994,311.58294359246764
0.020209011242474192,0.9166666666666665,-0.005,261.61673388797965,34.7849051048243,2.9047029744033073,0.0,261218.72969178006,6289.023482766054,19703966.857273806,398.6668970496513,311.5806759022602
0.020209011242474192,0.9166666666666665,0.005,261.61673388797965,34.78490494866913,2.9047117649601732,0.0,261218.72346160264,6289.023482768063,19703964.749320205,398.66688748829836,311.58067216589177
0.020209011242474192,0.9166666666666665,0.015,261.61673388797965,34.7849051048243,2.9047029744033073,0.0,261218.72969178006,6289.023482766054,19703966.857273806,398.6668970496513,311.5806759022602
0.020209011242474192,0.95,-0.005,261.60655910977823,32.3232409687465,2.732734178550598,0.0,261133.14948459173,6289.024568835889,19703011.682267725,398.66307785417285,311.5791834402983
0.020209011242474192,0.95,0.005,261.60655910977823,32.32324082370144,2.732739108341199,0.0,261133.14360537392,6289.024568837418,19703009.69661026,398.6630688470144,311.5791799204802
0.020209011242474192,0.95,0.015,261.60655910977823,32.3232409687465,2.732734178550598,0.0,261133.14948459173,6289.024568835889,19703011.682267725,398.66307785417285,311.5791834402983
0.020209011242474192,0.9833333333333333,-0.005,261.5967739513974,27.654277613562947,2.3654988446019423,0.0,260990.51464752248,6289.027415861562,19702147.487292536,398.66050436941737,311.57817777208214
0.020209011242474192,0.9833333333333333,0.005,261.5967739513974,27.654277475994586,2.365500454449045,0.0,260990.508903244,6289.027415862259,19702145.550257906,398.6604955821129,311.57817433816746
0.020209011242474192,0.9833333333333333,0.015,261.5967739513974,27.654277613562947,2.3654988446019423,0.0,260990.51464752248,6289.027415861562,19702147.487292536,398.66050436941737,311.57817777208214
0.020209011242474192,1.0166666666666668,-0.005,261.5967739510956,3.180662941236304e-11,2.7205211253401187e-12,0.0,260990.51464743543,6289.992881352892,19731267.46076148,399.2497286317427,311.80835060494655
0.020209011242474192,1.0166666666666668,0.005,261.5967739507938,-27.65427761356313,-2.3654988446019583,0.0,260990.51464734843,6289.027415861561,19702147.487233926,398.6605043691511,311.5781777719781
0.020209011242474192,1.0166666666666668,0.015,261.5967739510956,3.180662941236304e-11,2.7205211253401187e-12,0.0,260990.51464743543,6289.992881352892,19731267.46076148,399.2497286317427,311.80835060494655
0.020934269668957586,-0.016666666666666666,-0.005,264.582781415083,49.87939266191505,0.0,0.0,262702.24601539335,6289.019199717078,19992256.98720908,399.96527510357936,312.08764132345965
0.020934269668957586,-0.016666666666666666,0.005,264.582781415083,49.87939266191505,-0.00836835631890922,0.0,262702.24601539335,6289.0191996295325,19992256.984531704,399.9652750500157,312.08764130256213
0.020934269668957586,-0.016666666666666666,0.015,264.582781415083,49.87939266191505,0.0,0.0,262702.24601539335,6289.019199717078,19992256.98720908,399.96527510357936,312.08764132345965
0.020934269668957586,0.016666666666666666,-0.005,264.582781415083,49.87939266191505,0.00836835631890922,0.0,262702.24601539335,6289.0191996295325,19992256.984531704,399.9652750500157,312.08764130256213
0.020934269668957586,0.016666666666666666,0.005,264.582781415083,49.879392619683045,0.008369595234993374,0.0,262702.2419147212,6289.01919962993,19992255.58668174,399.9652687802271,312.0876388564454
0.020934269668957586,0.016666666666666666,0.015,264.582781415083,49.87939266191505,0.00836835631890922,0.0,262702.24601539335,6289.0191996295325,19992256.984531704,399.9652750500157,312.08764130256213
0.020934269668957586,0.05,-0.005,264.58039331452744,49.63265246260984,0.024603163251532046,0.0,262689.28781681764,6289.019200229383,19992024.445456576,399.9642322891629,312.0872344760107
0.020934269668957586,0.05,0.005,264.58039331452744,49.63265230760549,0.024607019273847976,0.0,262689.283592901,6289.019200229852,19992023.007456336,399.96422583925835,312.08723195961954
0.020934269668957586,0.05,0.015,264.58039331452744,49.63265246260984,0.024603163251532046,0.0,262689.28781681764,6289.019200229383,19992024.445456576,399.9642322891629,312.0872344760107
0.020934269668957586,0.08333333333333333,-0.005,264.57577220490197,49.3782480502532,0.04075914764940169,0.0,262675.3747761854,6289.01920101814,19991574.472877603,399.9622143011566,312.0864471692472
0.020934269668957586,0.08333333333333333,0.005,264.57577220490197,49.3782477602659,0.04076592136013466,0.0,262675.3702788719,6289.0192010187375,19991572.94384784,399.96220744288235,312.08644449352636
0.020934269668957586,0.08333333333333333,0.015,264.57577220490197,49.3782480502532,0.04075914764940169,0.0,262675.3747761854,6289.01920101814,19991574.472877603,399.9622143011566,312.0864471692472
0.020934269668957586,0.11666666666666668,-0.005,264.56859993444573,49.11565457118691,0.05739002117979447,0.0,262660.39617631317,6289.019202047127,19990876.101937592,399.95908216078516,312.08522517821984
0.020934269668957586,0.11666666666666668,0.005,264.56859993444573,49.11565411842523,0.057400323658308626,0.0,262660.3912042849,6289.019202047945,19990874.4136275,399.9590745879482,312.0852222237045
0.020934269668957586,0.11666666666666668,0.015,264.56859993444573,49.11565457118691,0.05739002117979447,0.0,262660.39617631317,6289.019202047127,19990876.101937592,399.95908216078516,312.08522517821984
0.020934269668957586,0.15,-0.005,264.5583024862964,48.84428075283142,0.07529776561017858,0.0,262644.1658206881,6289.0192034159245,19989873.46647714,399.95458521730205,312.0834707067914
0.020934269668957586,0.15,0.005,264.5583024862964,48.844280099068996,0.0753126403315138,0.0,262644.16007845174,6289.019203417125,19989871.518665057,399.9545764802624,312.08346729804725
0.020934269668957586,0.15,0.015,264.5583024862964,48.84428075283142,0.07529776561017858,0.0,262644.1658206881,6289.0192034159245,19989873.46647714,399.95458521730205,312.0834707067914
0.020934269668957586,0.18333333333333335,-0.005,264.543922759322,48.563454258343626,0.09569986306230746,0.0,262626.3851759072,6289.019205319255,19988473.41577631,399.94830552088763,312.0810206821921
0.020934269668957586,0.18333333333333335,0.005,264.543922759322,48.56345334736018,0.09572098200258747,0.0,262626.378221954,6289.019205321149,19988471.05869443,399.948294947676,312.08101655703564
0.020934269668957586,0.18333333333333335,0.015,264.543922759322,48.563454258343626,0.09569986306230746,0.0,262626.3851759072,6289.019205319255,19988473.41577631,399.94830552088763,312.0810206821921
0.020934269668957586,0.21666666666666667,-0.005,264.5239416589022,48.272401570906645,0.12045271054704657,0.0,262606.5915669408,6289.019208147207,19986528.1026883,399.93957966042063,312.07761625434904
0.020934269668957586,0.21666666666666667,0.005,264.5239416589022,48.27240031754124,0.12048261738925363,0.0,262606.58275149413,6289.019208150412,19986525.115935568,399.93956626205124,312.0776110268954
0.020934269668957586,0.21666666666666667,0.015,264.5239416589022,48.272401570906645,0.12045271054704657,0.0,262606.5915669408,6289.019208147207,19986528.1026883,399.93957966042063,312.07761625434904
0.020934269668957586,0.25,-0.005,264.49605808668343,47.97022114595478,0.15232181756933386,0.0,262584.0944281427,6289.019212688957,19983813.575940277,399.9274026105074,312.07286526966294
0.020934269668957586,0.25,0.005,264.49605808668343,47.970219421978534,0.1523641750497468,0.0,262584.08283031307,6289.019212694697,19983809.647217114,399.92738498538836,312.07285839301306
0.020934269668957586,0.25,0.015,264.49605808668343,47.97022114595478,0.15232181756933386,0.0,262584.0944281427,6289.019212688957,19983813.575940277,399.9274026105074,312.07286526966294
0.020934269668957586,0.2833333333333333,-0.005,264.4569656390873,47.65584949797355,0.1952551175584103,0.0,262557.9104620072,6289.019220520806,19980008.064455543,399.91033006440585,312.06620414166025
0.020934269668957586,0.2833333333333333,0.005,264.4569656390873,47.65584711691773,0.19531487114110685,0.0,262557.89484768367,6289.019220531438,19980002.7753443,399.91030633415676,312.0661948828236
0.020934269668957586,0.2833333333333333,0.015,264.4569656390873,47.65584949797355,0.1952551175584103,0.0,262557.9104620072,6289.019220520806,19980008.064455543,399.91033006440585,312.06620414166025
0.020934269668957586,0.31666666666666665,-0.005,264.40220436831817,47.32802203420655,0.2545663016204215,0.0,262526.72026385984,6289.019234668104,19974677.593909986,399.8864134067851,312.05687243453536
0.020934269668957586,0.31666666666666665,0.005,264.40220436831817,47.32801874031208,0.25464962214502546,0.0,262526.69909822266,6289.019234687902,19974670.424161606,399.8863812347187,312.05685988157745
0.020934269668957586,0.31666666666666665,0.015,264.40220436831817,47.32802203420655,0.2545663016204215,0.0,262526.72026385984,6289.019234668104,19974677.593909986,399.8864134067851,312.05687243453536
0.020934269668957586,0.35,-0.005,264.32621086377065,46.985233867541844,0.33688138066653944,0.0,262488.8819436996,6289.019260555792,19967280.950195137,399.8532210429278,312.04392110654095
0.020934269668957586,0.35,0.005,264.32621086377065,46.98522933749819,0.33699521863346055,0.0,262488.85349975305,6289.019260591836,19967271.31451346,399.8531777977802,312.04390423236674
0.020934269668957586,0.35,0.015,264.32621086377065,46.985233867541844,0.33688138066653944,0.0,262488.8819436996,6289.019260555792,19967280.950195137,399.8532210429278,312.04392110654095
0.020934269668957586,0.3833333333333333,-0.005,264.2227174277273,46.62570974582689,0.4496694205052371,0.0,262442.5451926988,6289.019307009446,19957208.674100794,399.8080117693831,312.02628003598545
0.020934269668957586,0.3833333333333333,0.005,264.2227174277273,46.62570361422771,0.4498205308778915,0.0,262442.5077905314,6289.019307072074,19957196.00315916,399.80795488686726,312.02625783928113
0.020934269668957586,0.3833333333333333,0.015,264.2227174277273,46.62570974582689,0.4496694205052371,0.0,262442.5451926988,6289.019307009446,19957208.674100794,399.8080117693831,312.02628003598545
0.020934269668957586,0.4166666666666667,-0.005,264.0856282790532,46.24739456795782,0.6002058965364859,0.0,262385.90251365944,6289.019386607721,19943868.51378818,399.7481159398905,312.0029066013269
0.020934269668957586,0.4166666666666667,0.005,264.0856282790532,46.247386485734175,0.6003993107250812,0.0,262385.8548955319,6289.019386709555,19943852.381232634,399.74804349033053,312.00287832793
0.020934269668957586,0.4166666666666667,0.015,264.0856282790532,46.24739456795782,0.6002058965364859,0.0,262385.90251365944,6289.019386607721,19943868.51378818,399.7481159398905,312.0029066013269
0.020934269668957586,0.45,-0.005,263.91039553312567,45.84797352262164,0.7939411254879749,0.0,262317.58371942077,6289.019514238011,19926819.45909898,399.6715345687003,311.9730193374366
0.020934269668957586,0.45,0.005,263.91039553312567,45.84796324954717,0.7941782644805416,0.0,262317.52551160794,6289.019514390522,19926799.73801014,399.6714459578679,311.97298475379966
0.020934269668957586,0.45,0.015,263.91039553312567,45.84797352262164,0.7939411254879749,0.0,262317.58371942077,6289.019514238011,19926819.45909898,399.6715345687003,311.9730193374366
0.020934269668957586,0.48333333333333334,-0.005,263.6957224495262,45.42492051377661,1.0324753764095738,0.0,262237.1432659329,6289.019702856919,19905937.411817554,399.5776820042436,311.9363877731925
0.020934269668957586,0.48333333333333334,0.005,263.6957224495262,45.42490803104985,1.0327522679159682,0.0,262237.07541206473,6289.019703064545,19905914.421692304,399.5775786349411,311.93634742478173
0.020934269668957586,0.48333333333333334,0.015,263.6957224495262,45.42492051377661,1.0324753764095738,0.0,262237.1432659329,6289.019702856919,19905937.411817554,399.5776820042436,311.9363877731925
0.020934269668957586,0.5166666666666667,-0.005,263.44517815838816,44.97555431342195,1.3116280294336184,0.0,262145.52008011466,6289.019956861311,19881571.87464593,399.4680925247006,311.8936084937601
0.020934269668957586,0.5166666666666667,0.005,263.44517815838816,44.97553992420558,1.3119342988987763,0.0,262145.4450813452,6289.019957115336,19881546.463090044,399.46797817088674,311.89356385161364
0.020934269668957586,0.5166666666666667,0.015,263.44517815838816,44.97555431342195,1.3116280294336184,0.0,262145.52008011466,6289.019956861311,19881571.87464593,399.4680925247006,311.8936084937601
0.020934269668957586,0.55,-0.005,263.1681182064121,44.49705754388759,1.6203135217811675,0.0,262045.29581481157,6289.020265948545,19854634.71804526,399.34682846224564,311.8462650920317
0.020934269668957586,0.55,0.005,263.1681182064121,44.49704191726089,1.6206328231659857,0.0,262045.21761616567,6289.020266224961,19854608.222501684,399.3467091101922,311.8462184915678
0.020934269668957586,0.55,0.015,263.1681182064121,44.49705754388759,1.6203135217811675,0.0,262045.29581481157,6289.020265948545,19854634.71804526,399.34682846224564,311.8462650920317
0.020934269668957586,0.5833333333333334,-0.005,262.87930432563314,43.98639025330577,1.9409436795460528,0.0,261940.57838527972,6289.020604101034,19826562.279822547,399.2203251043177,311.79686852551004
0.020934269668957586,0.5833333333333334,0.005,262.87930432563314,43.98637431893508,1.9412559037455603,0.0,261940.50182800007,6289.020604365971,19826536.342597708,399.22020813604576,311.7968228485476
0.020934269668957586,0.5833333333333334,0.015,262.87930432563314,43.98639025330577,1.9409436795460528,0.0,261940.57838527972,6289.020604101034,19826562.279822547,399.2203251043177,311.79686852551004
0.020934269668957586,0.6166666666666667,-0.005,262.5969082007869,43.439893203835574,2.251732979924105,0.0,261836.4161634688,6289.020936960404,19799120.646417443,399.0965307972835,311.74852220196516
0.020934269668957586,0.6166666666666667,0.005,262.5969082007869,43.43987782918088,2.252017952673516,0.0,261836.34607622528,6289.020937182258,19799096.908357315,399.0964236214631,311.7484803425361
0.020934269668957586,0.6166666666666667,0.015,262.5969082007869,43.439893203835574,2.251732979924105,0.0,261836.4161634688,6289.020936960404,19799120.646417443,399.0965307972835,311.74852220196516
0.020934269668957586,0.65,-0.005,262.339153388096,42.85304530477657,2.5306482539728625,0.0,261737.83837276004,6289.0212347630395,19774079.2659282,398.98344522048745,311.70435148580975
0.020934269668957586,0.65,0.005,262.339153388096,42.853031713677716,2.530889976982051,0.0,261737.77858636834,6289.021234923906,19774059.022088483,398.98335371751165,311.70431574262574
0.020934269668957586,0.65,0.015,262.339153388096,42.85304530477657,2.5306482539728625,0.0,261737.83837276004,6289.0212347630395,19774079.2659282,398.98344522048745,311.70435148580975
0.020934269668957586,0.6833333333333333,-0.005,262.1205009035938,42.219873893480866,2.7599152742588795,0.0,261648.75674026835,6289.021484155636,19752840.997415747,398.8874455177516,311.66684952220754
0.020934269668957586,0.6833333333333333,0.005,262.1205009035938,42.21986297110958,2.760105178770509,0.0,261648.7092844605,6289.021484256269,19752824.931552067,398.8873728259524,311.6668211236889
0.020934269668957586,0.6833333333333333,0.015,262.1205009035938,42.219873893480866,2.7599152742588795,0.0,261648.75674026835,6289.021484155636,19752840.997415747,398.8874455177516,311.66684952220754
0.020934269668957586,0.7166666666666667,-0.005,261.9486802686078,41.53160423117677,2.9294975004151533,0.0,261571.07897764625,6289.02169144958,19736154.667201467,398.8119702375485,311.63736218699916
0.020934269668957586,0.7166666666666667,0.005,261.9486802686078,41.53159622773786,2.929635541962803,0.0,261571.04381641376,6289.021691504146,19736142.764930144,398.81191633957053,311.637341128674
0.020934269668957586,0.7166666666666667,0.015,261.9486802686078,41.53160423117677,2.9294975004151533,0.0,261571.07897764625,6289.02169144958,19736154.667201467,398.8119702375485,311.63736218699916
0.020934269668957586,0.75,-0.005,261.82369503266506,40.77544207518927,3.038224981996346,0.0,261504.39265893874,6289.021876536666,19724019.220550757,398.757064506109,311.6159093877443
0.020934269668957586,0.75,0.005,261.82369503266506,40.775436761106455,3.0383181963371557,0.0,261504.36805114517,6289.0218765629215,19724010.890453693,398.7570267606163,311.61589463929556
0.020934269668957586,0.75,0.015,261.82369503266506,40.77544207518927,3.038224981996346,0.0,261504.39265893874,6289.021876536666,19724019.220550757,398.757064506109,311.6159093877443
0.020934269668957586,0.7833333333333333,-0.005,261.73914515778984,39.93267080063254,3.092084717477684,0.0,261446.28545093135,6289.022063995715,19715812.415998064,398.71994814239804,311.60140642389064
0.020934269668957586,0.7833333333333333,0.005,261.73914515778984,39.93266761910817,3.0921439594454543,0.0,261446.26873609316,6289.0220640076295,19715806.75653321,398.7199224870328,311.6013963989997
0.020934269668957586,0.7833333333333333,0.015,261.73914515778984,39.93267080063254,3.092084717477684,0.0,261446.28545093135,6289.022063995715,19715812.415998064,398.71994814239804,311.60140642389064
0.020934269668957586,0.8166666666666665,-0.005,261.6851793155576,38.97534729891864,3.1004139600854304,0.0,261393.089337095,6289.022278580693,19710577.455295887,398.69631100625685,311.5921700236775
0.020934269668957586,0.8166666666666665,0.005,261.6851793155576,38.9753455860744,3.1004503267595944,0.0,261393.0777953321,6289.022278586416,19710573.54600685,398.69629327990884,311.5921630968623
0.020934269668957586,0.8166666666666665,0.015,261.6851793155576,38.97534729891864,3.1004139600854304,0.0,261393.089337095,6289.022278580693,19710577.455295887,398.69631100625685,311.5921700236775
0.020934269668957586,0.85,-0.005,261.65171901930637,37.859720469455084,3.071456000767647,0.0,261340.613453943,6289.022548318364,19707335.9841746,398.681737266086,311.58647508156423
0.020934269668957586,0.85,0.005,261.65171901930637,37.859719640859446,3.071478331279658,0.0,261340.6049064859,6289.0225483216855,19707333.088482883,398.6817241336976,311.58646994980836
0.020934269668957586,0.85,0.015,261.65171901930637,37.859720469455084,3.071456000767647,0.0,261340.613453943,6289.022548318364,19707335.9841746,398.681737266086,311.58647508156423
0.020934269668957586,0.8833333333333333,-0.005,261.6306914740441,36.51129587772649,3.0083475424065305,0.0,261284.3721113956,6289.022917232541,19705305.116415635,398.67270005717313,311.5829435829225
0.020934269668957586,0.8833333333333333,0.005,261.6306914740441,36.511295516582614,3.008361567129988,0.0,261284.36512361118,6289.022917234957,19705302.749807443,398.6726893232524,311.5829393883706
0.020934269668957586,0.8833333333333333,0.015,261.6306914740441,36.51129587772649,3.0083475424065305,0.0,261284.3721113956,6289.022917232541,19705305.116415635,398.67270005717313,311.5829435829225
0.020934269668957586,0.9166666666666666,-0.005,261.61673383293464,34.78490510776272,2.904702976642475,0.0,261218.72967603928,6289.023482766042,19703966.85193023,398.6668970254056,311.5806758927855
0.020934269668957586,0.9166666666666666,0.005,261.61673383293464,34.78490495160776,2.9047117671991574,0.0,261218.72344585983,6289.023482768051,19703964.743975937,398.6668874640495,311.58067215641586
0.020934269668957586,0.9166666666666666,0.015,261.61673383293464,34.78490510776272,2.904702976642475,0.0,261218.72967603928,6289.023482766042,19703966.85193023,398.6668970254056,311.5806758927855
0.020934269668957586,0.95,-0.005,261.60655905490756,32.3232409716899,2.732734179919813,0.0,261133.1494688874,6289.024568835869,19703011.676940843,398.6630778299979,311.5791834308513
0.020934269668957586,0.95,0.005,261.60655905490756,32.32324082664503,2.732739109710344,0.0,261133.14358966763,6289.024568837397,19703009.691282712,398.66306882283646,311.57917991103193
0.020934269668957586,0.95,0.015,261.60655905490756,32.3232409716899,2.732734179919813,0.0,261133.1494688874,6289.024568835869,19703011.676940843,398.6630778299979,311.5791834308513
0.020934269668957586,0.9833333333333334,-0.005,261.5967738965962,27.65427761584035,2.365498845160136,0.0,260990.5146317853,6289.0274158614975,19702147.48197107,398.6605043452451,311.5781777626361
0.020934269668957586,0.9833333333333334,0.005,261.5967738965962,27.654277478272167,2.365500455007228,0.0,260990.50888750478,6289.027415862194,19702145.54493579,398.66049555793745,311.57817432872014
0.020934269668957586,0.9833333333333334,0.015,261.5967738965962,27.65427761584035,2.365498845160136,0.0,260990.5146317853,6289.0274158614975,19702147.48197107,398.6605043452451,311.5781777626361
0.020934269668957586,1.0166666666666666,-0.005,261.59677389628735,3.2651468567391855e-11,2.7926627404309755e-12,0.0,260990.51463169622,6289.992881353047,19731267.455438085,399.24972860766565,311.80835059554465
0.020934269668957586,1.0166666666666666,0.005,261.59677389597846,-27.65427761584035,-2.3654988451601366,0.0,260990.5146316072,6289.027415861496,19702147.48191108,398.6605043449726,311.5781777625296
0.020934269668957586,1.0166666666666666,0.015,261.59677389628735,3.2651468567391855e-11,2.7926627404309755e-12,0.0,260990.51463169622,6289.992881353047,19731267.455438085,399.24972860766565,311.80835059554465
0.02165952809544098,-0.016666666666666666,-0.005,264.5827813537953,49.879392734449624,-8.392254089412926e-19,0.0,262702.2460015197,6289.019199717073,19992256.981244117,399.9652750768216,312.0876413130203
0.02165952809544098,-0.016666666666666666,0.005,264.5827813537953,49.87939273444963,-0.008368354590915332,0.0,262702.2460015197,6289.019199629528,19992256.978566736,399.96527502325796,312.0876412921228
0.02165952809544098,-0.016666666666666666,0.015,264.5827813537953,49.879392734449624,-8.392254089412926e-19,0.0,262702.2460015197,6289.019199717073,19992256.981244117,399.9652750768216,312.0876413130203
0.02165952809544098,0.016666666666666666,-0.005,264.5827813537953,49.87939273444962,0.008368354590915332,0.0,262702.2460015197,6289.019199629528,19992256.978566732,399.96527502325796,312.0876412921228
0.02165952809544098,0.016666666666666666,0.005,264.5827813537953,49.879392692269995,0.008369593505572226,0.0,262702.241900837,6289.019199629925,19992255.580712263,399.96526875344915,312.08763884599813
0.02165952809544098,0.016666666666666666,0.015,264.5827813537953,49.87939273444962,0.008368354590915332,0.0,262702.2460015197,6289.019199629528,19992256.978566732,399.96527502325796,312.0876412921228
0.02165952809544098,0.05,-0.005,264.5803932565176,49.63265252873777,0.02460315888453511,0.0,262689.2878035465,6289.019200229385,19992024.439810906,399.9642322638408,312.0872344661314
0.02165952809544098,0.05,0.005,264.5803932565176,49.63265237378141,0.024607014903235455,0.0,262689.2835796196,6289.0192002298545,19992023.00180636,399.96422581391687,312.0872319497327
0.02165952809544098,0.05,0.015,264.5803932565176,49.63265252873777,0.02460315888453511,0.0,262689.2878035465,6289.019200229385,19992024.439810906,399.9642322638408,312.0872344661314
0.02165952809544098,0.08333333333333333,-0.005,264.57577215159927,49.37824810865407,0.0407591421334029,0.0,262675.3747638557,6289.0192010181345,19991574.467689898,399.9622142778843,312.0864471601676
0.02165952809544098,0.08333333333333333,0.005,264.57577215159927,49.378247818709454,0.04076591583932657,0.0,262675.3702665325,6289.019201018733,19991572.938656103,399.9622074195919,312.0864444844397
0.02165952809544098,0.08333333333333333,0.015,264.57577215159927,49.37824810865407,0.0407591421334029,0.0,262675.3747638557,6289.0192010181345,19991574.467689898,399.9622142778843,312.0864471601676
0.02165952809544098,0.11666666666666667,-0.005,264.5685998863963,49.11565462150729,0.05739001572663637,0.0,262660.3961650754,6289.019202047133,19990876.09726167,399.9590821398139,312.08522517003803
0.02165952809544098,0.11666666666666667,0.005,264.5685998863963,49.115654168782676,0.05740031820000846,0.0,262660.391193038,6289.019202047952,19990874.408947848,399.95907456696017,312.08522221551607
0.02165952809544098,0.11666666666666667,0.015,264.5685998863963,49.11565462150729,0.05739001572663637,0.0,262660.3961650754,6289.019202047133,19990876.09726167,399.9590821398139,312.08522517003803
0.02165952809544098,0.15,-0.005,264.55830244337454,48.84428079534197,0.07529776120140709,0.0,262644.16581051756,6289.019203415929,19989873.462300327,399.9545851985678,312.08347069948223
0.02165952809544098,0.15,0.005,264.55830244337454,48.844280141611115,0.07531263591797023,0.0,262644.1600682726,6289.01920341713,19989871.514484793,399.9545764615127,312.08346729073213
0.02165952809544098,0.15,0.015,264.55830244337454,48.84428079534197,0.07529776120140709,0.0,262644.16581051756,6289.019203415929,19989873.462300327,399.9545851985678,312.08347069948223
0.02165952809544098,0.18333333333333332,-0.005,264.5439227208672,48.56345429367669,0.09569986054542223,0.0,262626.385166649,6289.019205319255,19988473.41203427,399.94830550410035,312.08102067564255
0.02165952809544098,0.18333333333333332,0.005,264.5439227208672,48.563453382719686,0.09572097948187995,0.0,262626.3782126875,6289.019205321149,19988471.05494914,399.9482949308741,312.0810165504804
0.02165952809544098,0.18333333333333332,0.015,264.5439227208672,48.56345429367669,0.09569986054542223,0.0,262626.385166649,6289.019205319255,19988473.41203427,399.94830550410035,312.08102067564255
0.02165952809544098,0.21666666666666665,-0.005,264.52394162382035,48.27240159986802,0.12045271075480016,0.0,262606.5915583262,6289.019208147203,19986528.099274676,399.9395796451038,312.0776162483731
0.02165952809544098,0.21666666666666665,0.005,264.52394162382035,48.27240034652446,0.12048261759463359,0.0,262606.58274287125,6289.019208150408,19986525.112518746,399.93956624672006,312.0776110209138
0.02165952809544098,0.21666666666666665,0.015,264.52394162382035,48.27240159986802,0.12045271075480016,0.0,262606.5915583262,6289.019208147203,19986528.099274676,399.9395796451038,312.0776162483731
0.02165952809544098,0.25,-0.005,264.4960580534997,47.9702211693954,0.15232182143565198,0.0,262584.0944197991,6289.019212688958,19983813.57271189,399.9274025960227,312.07286526401157
0.02165952809544098,0.25,0.005,264.4960580534997,47.97021944543699,0.15236417891557993,0.0,262584.08282196074,6289.019212694698,19983809.64398543,399.927384970889,312.072858387356
0.02165952809544098,0.25,0.015,264.4960580534997,47.9702211693954,0.15232182143565198,0.0,262584.0944197991,6289.019212688958,19983813.57271189,399.9274025960227,312.07286526401157
0.02165952809544098,0.2833333333333333,-0.005,264.45696560598606,47.65584951670737,0.19525512620578925,0.0,262557.91045345605,6289.019220520806,19980008.061235603,399.91033004995637,312.06620413602246
0.02165952809544098,0.2833333333333333,0.005,264.45696560598606,47.65584713566592,0.19531487979025966,0.0,262557.8948391226,6289.019220531438,19980002.772120744,399.91030631969113,312.0661948771795
0.02165952809544098,0.2833333333333333,0.015,264.45696560598606,47.65584951670737,0.19525512620578925,0.0,262557.91045345605,6289.019220520806,19980008.061235603,399.91033004995637,312.06620413602246
0.02165952809544098,0.31666666666666665,-0.005,264.4022043331799,47.32802204896712,0.2545663163869865,0.0,262526.72025453544,6289.019234668106,19974677.590492487,399.8864133914467,312.0568724285506
0.02165952809544098,0.31666666666666665,0.005,264.4022043331799,47.32801875508409,0.25464963691586673,0.0,262526.6990888866,6289.019234687904,19974670.42073993,399.8863812193616,312.0568598755854
0.02165952809544098,0.31666666666666665,0.015,264.4022043331799,47.32802204896712,0.2545663163869865,0.0,262526.72025453544,6289.019234668106,19974677.590492487,399.8864133914467,312.0568724285506
0.02165952809544098,0.35,-0.005,264.3262108242736,46.98523387896271,0.33688140303387487,0.0,262488.88193297613,6289.019260555807,19967280.94635465,399.85322102569125,312.04392109981524
0.02165952809544098,0.35,0.005,264.3262108242736,46.985229348928065,0.33699524100759404,0.0,262488.8534890153,6289.01926059185,19967271.31066798,399.8531777805211,312.0439042256323
0.02165952809544098,0.35,0.015,264.3262108242736,46.98523387896271,0.33688140303387487,0.0,262488.88193297613,6289.019260555807,19967280.94635465,399.85322102569125,312.04392109981524
0.02165952809544098,0.38333333333333336,-0.005,264.2227173815512,46.62570975444019,0.44966945189614277,0.0,262442.5451799354,6289.019307009455,19957208.66961134,399.80801174922243,312.0262800281183
0.02165952809544098,0.38333333333333336,0.005,264.2227173815512,46.62570362284804,0.44982056227779477,0.0,262442.5077777507,6289.019307072083,19957195.9986637,399.8079548666796,312.0262578314035
0.02165952809544098,0.38333333333333336,0.015,264.2227173815512,46.62570975444019,0.44966945189614277,0.0,262442.5451799354,6289.019307009455,19957208.66961134,399.80801174922243,312.0262800281183
0.02165952809544098,0.4166666666666667,-0.005,264.0856282241715,46.24739457421362,0.6002059379824243,0.0,262385.90249831363,6289.019386607754,19943868.508453853,399.74811591593465,312.00290659197816
0.02165952809544098,0.4166666666666667,0.005,264.0856282241715,46.24738649199541,0.6003993521814611,0.0,262385.85488016537,6289.019386709589,19943852.375891164,399.74804346634255,312.0028783185687
0.02165952809544098,0.4166666666666667,0.015,264.0856282241715,46.24739457421362,0.6002059379824243,0.0,262385.90249831363,6289.019386607754,19943868.508453853,399.74811591593465,312.00290659197816
0.02165952809544098,0.45000000000000007,-0.005,263.9103954682311,45.84797352691191,0.7939411772115251,0.0,262317.5837011336,6289.019514238055,19926819.45279257,399.67153454036185,311.97301932637646
0.02165952809544098,0.45000000000000007,0.005,263.9103954682311,45.84796325384162,0.7941783162147913,0.0,262317.52549329674,6289.019514390566,19926799.73169547,399.67144592949234,311.9729847427251
0.02165952809544098,0.45000000000000007,0.015,263.9103954682311,45.84797352691191,0.7939411772115251,0.0,262317.5837011336,6289.019514238055,19926819.45279257,399.67153454036185,311.97301932637646
0.02165952809544098,0.48333333333333334,-0.005,263.69572237441395,45.424920516470465,1.0324754374277652,0.0,262237.14324466744,6289.019702856981,19905937.404519845,399.57768197142923,311.936387760384
0.02165952809544098,0.48333333333333334,0.005,263.69572237441395,45.42490803374696,1.032752328943641,0.0,262237.0753907725,6289.019703064606,19905914.414385438,399.57757860208557,311.9363474119572
0.02165952809544098,0.48333333333333334,0.015,263.69572237441395,45.424920516470465,1.0324754374277652,0.0,262237.14324466744,6289.019702856981,19905937.404519845,399.57768197142923,311.936387760384
0.02165952809544098,0.5166666666666667,-0.005,263.445178074244,44.9755543148927,1.3116280973339558,0.0,262145.5200562178,6289.01995686137,19881571.866472065,399.468092487907,311.8936084793964
0.02165952809544098,0.5166666666666667,0.005,263.445178074244,44.97553992567894,1.3119343668059056,0.0,262145.44505742,6289.019957115395,19881546.4549065,399.46797813404953,311.8935638372329
0.02165952809544098,0.5166666666666667,0.015,263.445178074244,44.9755543148927,1.3116280973339558,0.0,262145.5200562178,6289.01995686137,19881571.866472065,399.468092487907,311.8936084793964
0.02165952809544098,0.55,-0.005,263.16811811580055,44.49705754452868,1.6203135928230605,0.0,262045.29578902986,6289.020265948602,19854634.70924483,399.34682842258644,311.8462650765469
0.02165952809544098,0.55,0.005,263.16811811580055,44.49704191790415,1.6206328942108947,0.0,262045.21759035563,6289.020266225018,19854608.213691607,399.3467090704894,311.8462184760661
0.02165952809544098,0.55,0.015,263.16811811580055,44.49705754452868,1.6203135928230605,0.0,262045.29578902986,6289.020265948602,19854634.70924483,399.34682842258644,311.8462650765469
0.02165952809544098,0.5833333333333334,-0.005,262.8793042321378,43.9863902535119,1.9409437491605,0.0,261940.57835865463,6289.020604101105,19826562.27074436,399.22032506336745,311.79686850951873
0.02165952809544098,0.5833333333333334,0.005,262.8793042321378,43.98637431914301,1.9412559733588848,0.0,261940.50180134838,6289.02060436604,19826536.333510485,399.2202080950547,311.79682283254033
0.02165952809544098,0.5833333333333334,0.015,262.8793042321378,43.9863902535119,1.9409437491605,0.0,261940.57835865463,6289.020604101105,19826562.27074436,399.22032506336745,311.79686850951873
0.02165952809544098,0.6166666666666667,-0.005,262.59690810834593,43.43989320393515,2.2517330435445375,0.0,261836.4161371185,6289.0209369604545,19799120.637442853,399.0965307567484,311.74852218613347
0.02165952809544098,0.6166666666666667,0.005,262.59690810834593,43.439877829282096,2.25201801628922,0.0,261836.3460498517,6289.020937182309,19799096.8993748,399.09642358089224,311.74848032669036
0.02165952809544098,0.6166666666666667,0.015,262.59690810834593,43.43989320393515,2.2517330435445375,0.0,261836.4161371185,6289.0209369604545,19799120.637442853,399.0965307567484,311.74852218613347
0.02165952809544098,0.65,-0.005,262.33915330014133,42.85304530513648,2.530648307987274,0.0,261737.8383476763,6289.0212347630795,19774079.25739028,398.983445181883,311.70435147072993
0.02165952809544098,0.65,0.005,262.33915330014133,42.853031714039204,2.530890030989405,0.0,261737.7785612655,6289.021234923948,19774059.01354408,398.9833536788778,311.7043157275345
0.02165952809544098,0.65,0.015,262.33915330014133,42.85304530513648,2.530648307987274,0.0,261737.8383476763,6289.0212347630795,19774079.25739028,398.983445181883,311.70435147072993
0.02165952809544098,0.6833333333333333,-0.005,262.12050082235504,42.21987389435429,2.7599153167349963,0.0,261648.75671708968,6289.021484155657,19752840.98953009,398.88744548205835,311.6668495082632
0.02165952809544098,0.6833333333333333,0.005,262.12050082235504,42.219862971984405,2.760105221238853,0.0,261648.70926126718,6289.02148425629,19752824.923661463,398.8873727902367,311.6668211097359
0.02165952809544098,0.6833333333333333,0.015,262.12050082235504,42.21987389435429,2.7599153167349963,0.0,261648.75671708968,6289.021484155657,19752840.98953009,398.88744548205835,311.6668495082632
0.02165952809544098,0.7166666666666667,-0.005,261.9486801947724,41.531604232645755,2.929497531339184,0.0,261571.0789565752,6289.02169144959,19736154.660034582,398.8119702050832,311.6373621743147
0.02165952809544098,0.7166666666666667,0.005,261.9486801947724,41.531596229208006,2.929635572879795,0.0,261571.04379533228,6289.021691504156,19736142.75775971,398.8119163070892,311.63734111598336
0.02165952809544098,0.7166666666666667,0.015,261.9486801947724,41.531604232645755,2.929497531339184,0.0,261571.0789565752,6289.02169144959,19736154.660034582,398.8119702050832,311.6373621743147
0.02165952809544098,0.75,-0.005,261.82369496553605,40.77544207721378,3.0382250029430486,0.0,261504.39263978577,6289.021876536687,19724019.2140353,398.75706447658615,311.6159093762087
0.02165952809544098,0.75,0.005,261.82369496553605,40.7754367631319,3.03831821727844,0.0,261504.36803198486,6289.021876562941,19724010.883935783,398.7570267310822,311.61589462775555
0.02165952809544098,0.75,0.015,261.82369496553605,40.77544207721378,3.0382250029430486,0.0,261504.39263978577,6289.021876536687,19724019.2140353,398.75706447658615,311.6159093762087
0.02165952809544098,0.7833333333333333,-0.005,261.7391450958391,39.93267080309141,3.0920847308733004,0.0,261446.28543324518,6289.022063995711,19715812.409984455,398.71994811512906,311.6014064132352
0.02165952809544098,0.7833333333333333,0.005,261.7391450958391,39.93266762156774,3.092143972837482,0.0,261446.2687184021,6289.022064007625,19715806.750517935,398.7199224597564,311.60139638834136
0.02165952809544098,0.7833333333333333,0.015,261.7391450958391,39.93267080309141,3.0920847308733004,0.0,261446.28543324518,6289.022063995711,19715812.409984455,398.71994811512906,311.6014064132352
0.02165952809544098,0.8166666666666667,-0.005,261.68517925703765,38.97534730166643,3.1004139684050194,0.0,261393.08932038207,6289.02227858068,19710577.449614972,398.696310980487,311.59217001360753
0.02165952809544098,0.8166666666666667,0.005,261.68517925703765,38.9753455888227,3.100450335077123,0.0,261393.0777786156,6289.0222785864025,19710573.540324755,398.6962932541335,311.5921630867902
0.02165952809544098,0.8166666666666667,0.015,261.68517925703765,38.97534730166643,3.1004139684050194,0.0,261393.08932038207,6289.02227858068,19710577.449614972,398.696310980487,311.59217001360753
0.02165952809544098,0.8499999999999999,-0.005,261.6517189627536,37.85972047236522,3.0714560059778666,0.0,261340.61343778906,6289.022548318355,19707335.978684746,398.68173724118157,311.58647507183224
0.02165952809544098,0.8499999999999999,0.005,261.6517189627536,37.859719643769964,3.071478336488839,0.0,261340.6048903292,6289.022548321677,19707333.08299212,398.6817241087889,311.58646994007483
0.02165952809544098,0.8499999999999999,0.015,261.6517189627536,37.85972047236522,3.0714560059778666,0.0,261340.61343778906,6289.022548318355,19707335.978684746,398.68173724118157,311.58647507183224
0.02165952809544098,0.8833333333333334,-0.005,261.6306914184819,36.51129588071009,3.0083475457788382,0.0,261284.3720955181,6289.022917232531,19705305.111021917,398.6727000327023,311.5829435733599
0.02165952809544098,0.8833333333333334,0.005,261.6306914184819,36.51129551956652,3.008361570501821,0.0,261284.36510773143,6289.022917234948,19705302.744412962,398.6726892987782,311.5829393788067
0.02165952809544098,0.8833333333333334,0.015,261.6306914184819,36.51129588071009,3.0083475457788382,0.0,261284.3720955181,6289.022917232531,19705305.111021917,398.6727000327023,311.5829435733599
0.02165952809544098,0.9166666666666666,-0.005,261.616733777821,34.78490511076705,2.9047029788555254,0.0,261218.72966027947,6289.023482766026,19703966.84657989,398.6668970011273,311.5806758832981
0.02165952809544098,0.9166666666666666,0.005,261.616733777821,34.78490495461236,2.904711769412003,0.0,261218.72343009798,6289.023482768035,19703964.738624893,398.6668874397681,311.5806721469272
0.02165952809544098,0.9166666666666666,0.015,261.616733777821,34.78490511076705,2.9047029788555254,0.0,261218.72966027947,6289.023482766026,19703966.84657989,398.6668970011273,311.5806758832981
0.02165952809544098,0.95,-0.005,261.60655899998534,32.32324097468317,2.732734181275547,0.0,261133.14945316425,6289.0245688358345,19703011.671608537,398.66307780579183,311.57918342139203
0.02165952809544098,0.95,0.005,261.60655899998534,32.32324082963855,2.732739111065997,0.0,261133.1435739425,6289.024568837363,19703009.68594974,398.6630687986273,311.5791799015715
0.02165952809544098,0.95,0.015,261.60655899998534,32.32324097468317,2.732734181275547,0.0,261133.14945316425,6289.0245688358345,19703011.671608537,398.66307780579183,311.57918342139203
0.02165952809544098,0.9833333333333333,-0.005,261.5967738417405,27.65427761816075,2.3654988457170276,0.0,260990.51461603824,6289.027415861444,19702147.476644672,398.6605043210559,311.5781777531834
0.02165952809544098,0.9833333333333333,0.005,261.5967738417405,27.654277480592786,2.365500455564107,0.0,260990.5088717558,6289.0274158621405,19702145.53960874,398.6604955337453,311.5781743192663
0.02165952809544098,0.9833333333333333,0.015,261.5967738417405,27.65427761816075,2.3654988457170276,0.0,260990.51461603824,6289.027415861444,19702147.476644672,398.6605043210559,311.5781777531834
0.02165952809544098,1.0166666666666668,-0.005,261.59677384142196,3.358670203497171e-11,2.872844234281099e-12,0.0,260990.5146159464,6289.992881353217,19731267.45010959,399.2497285835724,311.8083505861364
0.02165952809544098,1.0166666666666668,0.005,261.59677384110336,-27.654277618160933,-2.365498845717043,0.0,260990.5146158545,6289.027415861443,19702147.47658279,398.6605043207748,311.57817775307353
0.02165952809544098,1.0166666666666668,0.015,261.59677384142196,3.358670203497171e-11,2.872844234281099e-12,0.0,260990.5146159464,6289.992881353217,19731267.45010959,399.2497285835724,311.8083505861364
0.022384786521924372,-0.016666666666666666,-0.005,264.5827808786179,49.87939333814846,0.0,0.0,262702.2458960153,6289.0191997170705,19992256.934992652,399.9652748693625,312.08764123208147
0.022384786521924372,-0.016666666666666666,0.005,264.5827808786179,49.87939333814846,-0.008368338687421022,0.0,262702.2458960153,6289.019199629527,19992256.932315286,399.96527481579903,312.08764121118406
0.022384786521924372,-0.016666666666666666,0.015,264.5827808786179,49.87939333814846,0.0,0.0,262702.2458960153,6289.0191997170705,19992256.934992652,399.9652748693625,312.08764123208147
0.022384786521924372,0.016666666666666666,-0.005,264.5827808786179,49.87939333814846,0.008368338687421022,0.0,262702.2458960153,6289.019199629527,19992256.932315286,399.96527481579903,312.08764121118406
0.022384786521924372,0.016666666666666666,0.005,264.5827808786179,49.879393296363254,0.008369577591173767,0.0,262702.2417952634,6289.019199629924,19992255.534430545,399.9652685458543,312.0876387650063
0.022384786521924372,0.016666666666666666,0.015,264.5827808786179,49.87939333814846,0.008368338687421022,0.0,262702.2458960153,6289.019199629527,19992256.932315286,399.96527481579903,312.08764121118406
0.022384786521924372,0.05,-0.005,264.58039280626656,49.63265308382818,0.024603117220618025,0.0,262689.2877025916,6289.019200229381,19992024.39598582,399.9642320672613,312.0872343894371
0.022384786521924372,0.05,0.005,264.58039280626656,49.632652929236336,0.024606973211117204,0.0,262689.2834785982,6289.019200229849,19992022.957952436,399.964225617208,312.087231872988
0.022384786521924372,0.05,0.015,264.58039280626656,49.63265308382818,0.024603117220618025,0.0,262689.2877025916,6289.019200229381,19992024.39598582,399.9642320672613,312.0872343894371
0.022384786521924372,0.08333333333333333,-0.005,264.57577173814167,49.37824860508999,0.04075908560050524,0.0,262675.37467036134,6289.019201018126,19991574.42744646,399.9622140973661,312.08644708973935
0.022384786521924372,0.08333333333333333,0.005,264.57577173814167,49.37824831547366,0.040765859267424195,0.0,262675.3701729759,6289.019201018725,19991572.898385927,399.9622072389536,312.0864444139646
0.022384786521924372,0.08333333333333333,0.015,264.57577173814167,49.37824860508999,0.04075908560050524,0.0,262675.37467036134,6289.019201018126,19991574.42744646,399.9622140973661,312.08644708973935
0.022384786521924372,0.11666666666666667,-0.005,264.5685995158507,49.11565505594686,0.057389952822399976,0.0,262660.3960806537,6289.019202047135,19990876.061195824,399.9590819780341,312.0852251069202
0.022384786521924372,0.11666666666666667,0.005,264.5685995158507,49.115654603511814,0.057400255251443495,0.0,262660.3911085594,6289.019202047952,19990874.37285775,399.9590744050715,312.08522215235575
0.022384786521924372,0.11666666666666667,0.015,264.5685995158507,49.11565505594686,0.057389952822399976,0.0,262660.3960806537,6289.019202047135,19990876.061195824,399.9590819780341,312.0852251069202
0.022384786521924372,0.15,-0.005,264.55830211751766,48.84428116894719,0.07529769816397808,0.0,262644.1657357538,6289.019203415919,19989873.430584446,399.9545850562897,312.08347064397265
0.022384786521924372,0.15,0.005,264.55830211751766,48.8442805154674,0.075312572835083,0.0,262644.15999345767,6289.01920341712,19989871.48274728,399.95457631913763,312.0834672351846
0.022384786521924372,0.15,0.015,264.55830211751766,48.84428116894719,0.07529769816397808,0.0,262644.1657357538,6289.019203415919,19989873.430584446,399.9545850562897,312.08347064397265
0.022384786521924372,0.18333333333333332,-0.005,264.54392243834627,48.56345461039285,0.09569980172920693,0.0,262626.38510138635,6289.019205319251,19988473.38453729,399.9483053807447,312.08102062751516
0.022384786521924372,0.18333333333333332,0.005,264.54392243834627,48.56345369965041,0.09572092062212255,0.0,262626.37814737926,6289.019205321145,19988471.02743305,399.9482948074329,312.0810165023195
0.022384786521924372,0.18333333333333332,0.015,264.54392243834627,48.56345461039285,0.09569980172920693,0.0,262626.38510138635,6289.019205319251,19988473.38453729,399.9483053807447,312.08102062751516
0.022384786521924372,0.21666666666666667,-0.005,264.5239413811767,48.27240186515064,0.12045265910375777,0.0,262606.5915018694,6289.019208147207,19986528.075659905,399.93957953915884,312.07761620703803
0.022384786521924372,0.21666666666666667,0.005,264.5239413811767,48.27240061198817,0.12048256590406295,0.0,262606.5826863738,6289.019208150411,19986525.088887177,399.9395661406997,312.0776109795494
0.022384786521924372,0.21666666666666667,0.015,264.5239413811767,48.27240186515064,0.12045265910375777,0.0,262606.5915018694,6289.019208147207,19986528.075659905,399.93957953915884,312.07761620703803
0.022384786521924372,0.25,-0.005,264.49605784593336,47.97022138931461,0.15232177895577279,0.0,262584.09437109134,6289.019212688952,19983813.55251177,399.9274025053838,312.07286522864774
0.022384786521924372,0.25,0.005,264.49605784593336,47.970219665507386,0.1523641364015403,0.0,262584.08277321665,6289.019212694692,19983809.623770475,399.9273848801835,312.07285835196615
0.022384786521924372,0.25,0.015,264.49605784593336,47.97022138931461,0.15232177895577279,0.0,262584.09437109134,6289.019212688952,19983813.55251177,399.9274025053838,312.07286522864774
0.022384786521924372,0.2833333333333333,-0.005,264.45696542790336,47.655849697360104,0.19525509436880867,0.0,262557.91041122045,6289.0192205208,19980008.04390609,399.9103299721862,312.0662041056789
0.022384786521924372,0.2833333333333333,0.005,264.45696542790336,47.655847316443705,0.19531484792526257,0.0,262557.89479685394,6289.019220531432,19980002.754777934,399.9103062418613,312.0661948468126
0.022384786521924372,0.2833333333333333,0.015,264.45696542790336,47.655849697360104,0.19525509436880867,0.0,262557.91041122045,6289.0192205208,19980008.04390609,399.9103299721862,312.0662041056789
0.022384786521924372,0.31666666666666665,-0.005,264.4022041786108,47.32802219611761,0.2545662964113676,0.0,262526.72021736467,6289.019234668102,19974677.57545273,399.8864133239389,312.0568724022103
0.022384786521924372,0.31666666666666665,0.005,264.4022041786108,47.32801890233712,0.25464961691867194,0.0,262526.69905168476,6289.0192346879,19974670.405687958,399.88638115179884,312.05685984922366
0.022384786521924372,0.31666666666666665,0.015,264.4022041786108,47.32802219611761,0.2545662964113676,0.0,262526.72021736467,6289.019234668102,19974677.57545273,399.8864133239389,312.0568724022103
0.022384786521924372,0.35,-0.005,264.3262106872018,46.985233997848,0.33688139600363687,0.0,262488.8818994242,6289.019260555815,19967280.933019653,399.8532209658239,312.04392107645515
0.022384786521924372,0.35,0.005,264.3262106872018,46.98522946789677,0.3369952339620645,0.0,262488.8534554332,6289.019260591858,19967271.29732137,399.8531777206016,312.04390420225184
0.022384786521924372,0.35,0.015,264.3262106872018,46.985233997848,0.33688139600363687,0.0,262488.8818994242,6289.019260555815,19967280.933019653,399.8532209658239,312.04392107645515
0.022384786521924372,0.38333333333333336,-0.005,264.22271725626047,46.62570984969258,0.44966945869627145,0.0,262442.54514859896,6289.019307009459,19957208.657424532,399.80801169448694,312.02628000675946
0.022384786521924372,0.38333333333333336,0.005,264.22271725626047,46.62570371816777,0.4498205690682838,0.0,262442.50774638384,6289.019307072087,19957195.986465484,399.8079548118928,312.02625781002456
0.022384786521924372,0.38333333333333336,0.015,264.22271725626047,46.62570984969258,0.44966945869627145,0.0,262442.54514859896,6289.019307009459,19957208.657424532,399.80801169448694,312.02628000675946
0.022384786521924372,0.4166666666666667,-0.005,264.08562810560244,46.24739464985932,0.6002059590564433,0.0,262385.902467957,6289.019386607768,19943868.4969236,399.74811586412557,312.0029065717597
0.022384786521924372,0.4166666666666667,0.005,264.08562810560244,46.247386567695095,0.6003993732503645,0.0,262385.8548497773,6289.019386709601,19943852.364349384,399.74804341448163,312.00287829832996
0.022384786521924372,0.4166666666666667,0.015,264.08562810560244,46.24739464985932,0.6002059590564433,0.0,262385.902467957,6289.019386607768,19943868.4969236,399.74811586412557,312.0029065717597
0.022384786521924372,0.45,-0.005,263.91039535241526,45.847973586417034,0.7939412121989191,0.0,262317.583670799,6289.019514238081,19926819.441533096,399.67153448974153,311.9730193066201
0.022384786521924372,0.45,0.005,263.91039535241526,45.84796331338977,0.7941783512000165,0.0,262317.52546292933,6289.01951439059,19926799.720424213,399.67144587881893,311.9729847229479
0.022384786521924372,0.45,0.015,263.91039535241526,45.847973586417034,0.7939412121989191,0.0,262317.583670799,6289.019514238081,19926819.441533096,399.67153448974153,311.9730193066201
0.022384786521924372,0.48333333333333334,-0.005,263.6957222588645,45.42492056281325,1.0324754847995554,0.0,262237.1432137898,6289.01970285701,19905937.393289234,399.57768192089907,311.93638774066045
0.022384786521924372,0.48333333333333334,0.005,263.6957222588645,45.424908080123856,1.032752376314355,0.0,262237.0753598612,6289.019703064635,19905914.40314286,399.5775785515016,311.9363473922126
0.022384786521924372,0.48333333333333334,0.015,263.6957222588645,45.42492056281325,1.0324754847995554,0.0,262237.1432137898,6289.01970285701,19905937.393289234,399.57768192089907,311.93638774066045
0.022384786521924372,0.5166666666666667,-0.005,263.44517795819417,44.975554350641545,1.3116281541850676,0.0,262145.5200247093,6289.019956861415,19881571.855196297,399.46809243713324,311.89360845957503
0.022384786521924372,0.5166666666666667,0.005,263.44517795819417,44.97553996145474,1.3119344236552113,0.0,262145.4450258776,6289.019957115441,19881546.44361883,399.46797808322214,311.8935638173906
0.022384786521924372,0.5166666666666667,0.015,263.44517795819417,44.975554350641545,1.3116281541850676,0.0,262145.5200247093,6289.019956861415,19881571.855196297,399.46809243713324,311.89360845957503
0.022384786521924372,0.55,-0.005,263.1681180001814,44.49705757190517,1.6203136549783421,0.0,262045.29575726014,6289.02026594866,19854634.698014256,399.3468283719692,311.84626505678364
0.022384786521924372,0.55,0.005,263.1681180001814,44.497041945301916,1.620632956362239,0.0,262045.21755855324,6289.020266225077,19854608.202449635,399.3467090198207,311.8462184562827
0.022384786521924372,0.55,0.015,263.1681180001814,44.49705757190517,1.6203136549783421,0.0,262045.29575726014,6289.02026594866,19854634.698014256,399.3468283719692,311.84626505678364
0.022384786521924372,0.5833333333333334,-0.005,262.8793041191844,43.986390274425545,1.9409438116745914,0.0,261940.57832733906,6289.0206041011525,19826562.2597752,399.2203250138697,311.79686849018947
0.022384786521924372,0.5833333333333334,0.005,262.8793041191844,43.98637434007335,1.941256035866271,0.0,261940.5017700028,6289.020604366088,19826536.322530903,399.2202080455099,311.7968228131927
0.022384786521924372,0.5833333333333334,0.015,262.8793041191844,43.986390274425545,1.9409438116745914,0.0,261940.57832733906,6289.0206041011525,19826562.2597752,399.2203250138697,311.79686849018947
0.022384786521924372,0.6166666666666667,-0.005,262.5969080008619,43.4398932199618,2.251733101530844,0.0,261836.4161071268,6289.020936960495,19799120.62700699,399.09653070960394,311.74852216772035
0.022384786521924372,0.6166666666666667,0.005,262.5969080008619,43.43987784532189,2.252018074266342,0.0,261836.3460198339,6289.02093718235,19799096.88892995,399.09642353370697,311.7484803082614
0.022384786521924372,0.6166666666666667,0.015,262.5969080008619,43.4398932199618,2.251733101530844,0.0,261836.4161071268,6289.020936960495,19799120.62700699,399.09653070960394,311.74852216772035
0.022384786521924372,0.65,-0.005,262.33915320063574,42.85304531764986,2.5306483575622263,0.0,261737.8383197862,6289.021234763121,19774079.247730937,398.9834451382059,311.70435145366866
0.022384786521924372,0.65,0.005,262.33915320063574,42.85303172656298,2.530890080553771,0.0,261737.77853335423,6289.02123492399,19774059.003877435,398.9833536351677,311.7043157104603
0.022384786521924372,0.65,0.015,262.33915320063574,42.85304531764986,2.5306483575622263,0.0,261737.8383197862,6289.021234763121,19774079.247730937,398.9834451382059,311.70435145366866
0.022384786521924372,0.6833333333333333,-0.005,262.12050073231325,42.219873904427494,2.759915355738957,0.0,261648.75669176033,6289.021484155675,19752840.980789922,398.8874454424955,311.6668494928072
0.022384786521924372,0.6833333333333333,0.005,262.12050073231325,42.2198629820657,2.7601052602322658,0.0,261648.7092359216,6289.021484256308,19752824.914915714,398.8873727506486,311.66682109427
0.022384786521924372,0.6833333333333333,0.015,262.12050073231325,42.219873904427494,2.759915355738957,0.0,261648.75669176033,6289.021484155675,19752840.980789922,398.8874454424955,311.6668494928072
0.022384786521924372,0.7166666666666667,-0.005,261.94868011427263,41.53160424102541,2.929497559570099,0.0,261571.0789338699,6289.021691449606,19736154.6522211,398.8119701696909,311.6373621604867
0.022384786521924372,0.7166666666666667,0.005,261.94868011427263,41.531596237593895,2.929635601101508,0.0,261571.04377261517,6289.02169150417,19736142.749942187,398.81191627167846,311.6373411021481
0.022384786521924372,0.7166666666666667,0.015,261.94868011427263,41.53160424102541,2.929497559570099,0.0,261571.0789338699,6289.021691449606,19736154.6522211,398.8119701696909,311.6373621604867
0.022384786521924372,0.75,-0.005,261.823694893405,40.77544208439041,3.0382250218197777,0.0,261504.39261938783,6289.02187653668,19724019.207033683,398.75706444484706,311.6159093638072
0.022384786521924372,0.75,0.005,261.823694893405,40.775436770313256,3.0383182361480814,0.0,261504.3680115789,6289.021876562936,19724010.87693137,398.7570266993306,311.61589461534913
0.022384786521924372,0.75,0.015,261.823694893405,40.77544208439041,3.0382250218197777,0.0,261504.39261938783,6289.02187653668,19724019.207033683,398.75706444484706,311.6159093638072
0.022384786521924372,0.7833333333333333,-0.005,261.73914503014,39.9326708093666,3.092084742695288,0.0,261446.285414631,6289.0220639957115,19715812.403607357,398.71994808621486,311.60140640193697
0.022384786521924372,0.7833333333333333,0.005,261.73914503014,39.93266762784646,3.092143984654606,0.0,261446.26869978238,6289.022064007626,19715806.744138896,398.71992243083344,311.60139637703963
0.022384786521924372,0.7833333333333333,0.015,261.73914503014,39.9326708093666,3.092084742695288,0.0,261446.285414631,6289.0220639957115,19715812.403607357,398.71994808621486,311.60140640193697
0.022384786521924372,0.8166666666666667,-0.005,261.68517919572145,38.975347307227196,3.100413975546123,0.0,261393.0893029774,6289.022278580682,19710577.44366328,398.6963109534968,311.59217000306074
0.022384786521924372,0.8166666666666667,0.005,261.68517919572145,38.97534559438609,3.1004503422152068,0.0,261393.07776120698,6289.022278586406,19710573.53437168,398.6962932271372,311.592163076241
0.022384786521924372,0.8166666666666667,0.015,261.68517919572145,38.975347307227196,3.100413975546123,0.0,261393.0893029774,6289.022278580682,19710577.44366328,398.6963109534968,311.59217000306074
0.022384786521924372,0.8499999999999999,-0.005,261.6517189041219,37.859720477346436,3.0714560103252815,0.0,261340.61342110854,6289.022548318335,19707335.972992893,398.6817372153556,311.5864750617403
0.022384786521924372,0.8499999999999999,0.005,261.6517189041219,37.85971964875313,3.0714783408345085,0.0,261340.60487364564,6289.022548321657,19707333.0772992,398.6817240829582,311.5864699299809
0.022384786521924372,0.8499999999999999,0.015,261.6517189041219,37.859720477346436,3.0714560103252815,0.0,261340.61342110854,6289.022548318335,19707335.972992893,398.6817372153556,311.5864750617403
0.022384786521924372,0.8833333333333332,-0.005,261.63069136134936,36.51129588522937,3.0083475485431355,0.0,261284.37207924295,6289.022917232522,19705305.10547585,398.67270000754036,311.5829435635272
0.022384786521924372,0.8833333333333332,0.005,261.63069136134936,36.511295524087274,3.008361573265142,0.0,261284.36509145366,6289.022917234938,19705302.738866005,398.6726892736121,311.5829393689724
0.022384786521924372,0.8833333333333332,0.015,261.63069136134936,36.51129588522937,3.0083475485431355,0.0,261284.37207924295,6289.022917232522,19705305.10547585,398.67270000754036,311.5829435635272
0.022384786521924372,0.9166666666666665,-0.005,261.616733721493,34.78490511493202,2.904702980673004,0.0,261218.72964420478,6289.023482766,19703966.84111138,398.66689697630744,311.58067587359903
0.022384786521924372,0.9166666666666665,0.005,261.616733721493,34.784904958778476,2.9047117712289476,0.0,261218.72341402087,6289.023482768008,19703964.733155582,398.6668874149445,311.58067213722666
0.022384786521924372,0.9166666666666665,0.015,261.616733721493,34.78490511493202,2.904702980673004,0.0,261218.72964420478,6289.023482766,19703966.84111138,398.66689697630744,311.58067587359903
0.022384786521924372,0.9500000000000001,-0.005,261.6065589440559,32.32324097859364,2.7327341824259483,0.0,261133.14943718564,6289.024568835814,19703011.66617892,398.6630777811504,311.57918341176264
0.022384786521924372,0.9500000000000001,0.005,261.6065589440559,32.32324083354997,2.7327391122161457,0.0,261133.14355796177,6289.024568837342,19703009.680519383,398.6630687739826,311.57917989194084
0.022384786521924372,0.9500000000000001,0.015,261.6065589440559,32.32324097859364,2.7327341824259483,0.0,261133.14943718564,6289.024568835814,19703011.66617892,398.6630777811504,311.57918341176264
0.022384786521924372,0.9833333333333334,-0.005,261.59677378597587,27.65427762127888,2.365498846258981,0.0,260990.51460004403,6289.02741586137,19702147.471229523,398.66050429645486,311.57817774356977
0.022384786521924372,0.9833333333333334,0.005,261.59677378597587,27.654277483711745,2.3655004561060338,0.0,260990.50885575957,6289.027415862069,19702145.53419287,398.66049550914124,311.57817430965144
0.022384786521924372,0.9833333333333334,0.015,261.59677378597587,27.65427762127888,2.365498846258981,0.0,260990.51460004403,6289.02741586137,19702147.471229523,398.66050429645486,311.57817774356977
0.022384786521924372,1.0166666666666666,-0.005,261.59677378560446,3.9255468428939615e-11,3.3576271929190004e-12,0.0,260990.5145999369,6289.9928813534225,19731267.444689717,399.2497285590819,311.80835057657305
0.022384786521924372,1.0166666666666666,0.005,261.59677378523304,-27.65427762127888,-2.3654988462589817,0.0,260990.51459982988,6289.027415861369,19702147.471157398,398.66050429612727,311.5781777434417
0.022384786521924372,1.0166666666666666,0.015,261.59677378560446,3.9255468428939615e-11,3.3576271929190004e-12,0.0,260990.5145999369,6289.9928813534225,19731267.444689717,399.2497285590819,311.80835057657305
0.02311004494840777,-0.016666666666666666,-0.005,264.5827773543956,49.87939786065756,0.0,0.0,262702.2451156983,6289.01919971705,19992256.5919365,399.96527333059345,312.0876406317409
0.02311004494840777,-0.016666666666666666,0.005,264.5827773543956,49.87939786065756,-0.008368222527884363,0.0,262702.2451156983,6289.019199629508,19992256.589259207,399.96527327703154,312.08764061084406
0.02311004494840777,-0.016666666666666666,0.015,264.5827773543956,49.87939786065756,0.0,0.0,262702.2451156983,6289.01919971705,19992256.5919365,399.96527333059345,312.0876406317409
0.02311004494840777,0.016666666666666666,-0.005,264.5827773543956,49.87939786065756,0.008368222527884363,0.0,262702.2451156984,6289.019199629508,19992256.58925921,399.9652732770316,312.0876406108441
0.02311004494840777,0.016666666666666666,0.005,264.5827773543956,49.87939782151561,0.008369461360980915,0.0,262702.2410144944,6289.019199629905,19992255.191175338,399.96526700619364,312.0876381643179
0.02311004494840777,0.016666666666666666,0.015,264.5827773543956,49.87939786065756,0.008368222527884363,0.0,262702.2451156984,6289.019199629508,19992256.58925921,399.9652732770316,312.0876406108441
0.02311004494840777,0.05,-0.005,264.5803894450548,49.6326572771718,0.024602809376864845,0.0,262689.2869513404,6289.019200229368,19992024.068799492,399.9642305996663,312.08723381686383
0.02311004494840777,0.05,0.005,264.5803894450548,49.6326571250434,0.024606665182752688,0.0,262689.2827269096,6289.019200229835,19992022.630575266,399.96422414875684,312.0872313000807
0.02311004494840777,0.05,0.015,264.5803894450548,49.6326572771718,0.024602809376864845,0.0,262689.2869513404,6289.019200229368,19992024.068799492,399.9642305996663,312.08723381686383
0.02311004494840777,0.08333333333333331,-0.005,264.5757686207936,49.37825240181899,0.0407586596018485,0.0,262675.3739680512,6289.0192010181245,19991574.124001574,399.96221273624434,312.08644655870467
0.02311004494840777,0.08333333333333331,0.005,264.5757686207936,49.37825211444891,0.04076543300871293,0.0,262675.3694702533,6289.019201018723,19991572.59476257,399.96220587703124,312.0864438826175
0.02311004494840777,0.08333333333333331,0.015,264.5757686207936,49.37825240181899,0.0407586596018485,0.0,262675.3739680512,6289.0192010181245,19991574.124001574,399.96221273624434,312.08644655870467
0.02311004494840777,0.11666666666666667,-0.005,264.56859668853366,49.11565842935397,0.0573894667133273,0.0,262660.3954393107,6289.01920204712,19990875.78598616,399.959080743524,312.0852246252805
0.02311004494840777,0.11666666666666667,0.005,264.56859668853366,49.115657978930784,0.05739976884004581,0.0,262660.3904668359,6289.019202047939,19990874.09748462,399.95907316982823,312.08522167043
0.02311004494840777,0.11666666666666667,0.015,264.56859668853366,49.11565842935397,0.0573894667133273,0.0,262660.3954393107,6289.01920204712,19990875.78598616,399.959080743524,312.0852246252805
0.02311004494840777,0.15,-0.005,264.55829959950296,48.84428412073725,0.075297195078891,0.0,262644.1651611601,6289.0192034159045,19989873.185486402,399.95458395680805,312.0834702150114
0.02311004494840777,0.15,0.005,264.55829959950296,48.844283469032526,0.07531206943126068,0.0,262644.15941851906,6289.019203417105,19989871.23750207,399.95457521899567,312.08346680596577
0.02311004494840777,0.15,0.015,264.55829959950296,48.84428412073725,0.075297195078891,0.0,262644.1651611601,6289.0192034159045,19989873.185486402,399.95458395680805,312.0834702150114
0.02311004494840777,0.18333333333333332,-0.005,264.54392022917494,48.56345716082739,0.09569931177547997,0.0,262626.3845945985,6289.019205319239,19988473.169506222,399.94830441608735,312.08102025115244
0.02311004494840777,0.18333333333333332,0.005,264.54392022917494,48.563456251631266,0.09572043035232464,0.0,262626.37764028343,6289.019205321132,19988470.81227139,399.9482938421895,312.08101612572824
0.02311004494840777,0.18333333333333332,0.015,264.54392022917494,48.56345716082739,0.09569931177547997,0.0,262626.3845945985,6289.019205319239,19988473.169506222,399.94830441608735,312.08102025115244
0.02311004494840777,0.21666666666666667,-0.005,264.52393946679086,48.27240404551321,0.12045220182971376,0.0,262606.5910605836,6289.019208147187,19986527.889327154,399.93957870317905,312.0776158808755
0.02311004494840777,0.21666666666666667,0.005,264.52393946679086,48.27240279368309,0.12048210832981189,0.0,262606.5822448163,6289.019208150392,19986524.9024399,399.93956530420587,312.07761065318635
0.02311004494840777,0.21666666666666667,0.015,264.52393946679086,48.27240404551321,0.12045220182971376,0.0,262606.5910605836,6289.019208147187,19986527.889327154,399.93957870317905,312.0776158808755
0.02311004494840777,0.25,-0.005,264.49605620362564,47.9702232364168,0.1523213659005969,0.0,262584.09399078746,6289.019212688933,19983813.39266725,399.92740178816626,312.0728649488168
0.02311004494840777,0.25,0.005,264.49605620362564,47.97022151374664,0.15236372307041685,0.0,262584.0823926752,6289.019212694673,19983809.463826418,399.92738416251916,312.07285807196087
0.02311004494840777,0.25,0.015,264.49605620362564,47.9702232364168,0.1523213659005969,0.0,262584.09399078746,6289.019212688933,19983813.39266725,399.92740178816626,312.0728649488168
0.02311004494840777,0.2833333333333333,-0.005,264.45696403014057,47.65585124972598,0.1952547313739373,0.0,262557.910086052,6289.019220520773,19980007.907869644,399.9103293616992,312.06620386748506
0.02311004494840777,0.2833333333333333,0.005,264.45696403014057,47.65584886977178,0.19531448468334836,0.0,262557.8944714791,6289.019220531405,19980002.618655536,399.9103056309885,312.0661946084682
0.02311004494840777,0.2833333333333333,0.015,264.45696403014057,47.65585124972598,0.1952547313739373,0.0,262557.910086052,6289.019220520773,19980007.907869644,399.9103293616992,312.06620386748506
0.02311004494840777,0.31666666666666665,-0.005,264.40220299582666,47.32802349148679,0.25456598551446913,0.0,262526.71994085034,6289.019234668083,19974677.460347217,399.8864128072781,312.05687220061856
0.02311004494840777,0.31666666666666665,0.005,264.40220299582666,47.32802019851435,0.2546493058054536,0.0,262526.6987749914,6289.019234687881,19974670.290508457,399.88638063480573,312.0568596475022
0.02311004494840777,0.31666666666666665,0.015,264.40220299582666,47.32802349148679,0.25456598551446913,0.0,262526.71994085034,6289.019234668083,19974677.460347217,399.8864128072781,312.05687220061856
0.02311004494840777,0.3499999999999999,-0.005,264.32620968981684,46.98523507166263,0.3368811368302902,0.0,262488.88166492386,6289.019260555774,19967280.835965298,399.85322053005,312.04392090641704
0.02311004494840777,0.3499999999999999,0.005,264.32620968981684,46.98523054238529,0.3369949746028488,0.0,262488.8532207774,6289.019260591818,19967271.20020334,399.85317728454163,312.04390403210203
0.02311004494840777,0.3499999999999999,0.015,264.32620968981684,46.98523507166263,0.3368811368302902,0.0,262488.88166492386,6289.019260555774,19967280.835965298,399.85322053005,312.04392090641704
0.02311004494840777,0.38333333333333336,-0.005,264.22271641605676,46.625710734292035,0.44966924934003477,0.0,262442.54494971514,6289.019307009428,19957208.57567602,399.80801132729425,312.02627986347346
0.02311004494840777,0.38333333333333336,0.005,264.22271641605676,46.6257046033256,0.44982035955481897,0.0,262442.50754736445,6289.019307072057,19957195.904661976,399.807954444453,312.02625766664215
0.02311004494840777,0.38333333333333336,0.015,264.22271641605676,46.625710734292035,0.44966924934003477,0.0,262442.54494971514,6289.019307009428,19957208.57567602,399.80801132729425,312.02627986347346
0.02311004494840777,0.4166666666666667,-0.005,264.08562739676375,46.24739537415252,0.60020579650178,0.0,262385.9022987778,6289.019386607737,19943868.42796793,399.7481155542318,312.00290645082384
0.02311004494840777,0.4166666666666667,0.005,264.08562739676375,46.24738729244814,0.6003992105641844,0.0,262385.85468047886,6289.01938670957,19943852.295345962,399.7480431043731,312.0028781773103
0.02311004494840777,0.4166666666666667,0.015,264.08562739676375,46.24739537415252,0.60020579650178,0.0,262385.9022987778,6289.019386607737,19943868.42796793,399.7481155542318,312.00290645082384
0.02311004494840777,0.45,-0.005,263.91039475223283,45.84797417587122,0.7939410924017454,0.0,262317.58352612884,6289.01951423806,19926819.38316013,399.67153422723635,311.9730192041677
0.02311004494840777,0.45,0.005,263.91039475223283,45.84796390322041,0.7941782312933546,0.0,262317.5253181537,6289.01951439057,19926799.662009556,399.6714456161261,311.9729846204224
0.02311004494840777,0.45,0.015,263.91039475223283,45.84797417587122,0.7939410924017454,0.0,262317.58352612884,6289.01951423806,19926819.38316013,399.67153422723635,311.9730192041677
0.02311004494840777,0.48333333333333334,-0.005,263.6957217482328,45.42492103962151,1.032475402598864,0.0,262237.14308928873,6289.019702856999,19905937.343638785,399.5776816974409,311.9363876534374
0.02311004494840777,0.48333333333333334,0.005,263.6957217482328,45.424908557238545,1.032752294022157,0.0,262237.07523526635,6289.019703064625,19905914.353455883,399.57757832787877,311.9363473049253
0.02311004494840777,0.48333333333333334,0.015,263.6957217482328,45.42492103962151,1.032475402598864,0.0,262237.14308928873,6289.019702856999,19905937.343638785,399.5776816974409,311.9363876534374
0.02311004494840777,0.5166666666666667,-0.005,263.4451775218066,44.975554733992034,1.3116281032567527,0.0,262145.5199169699,6289.019956861418,19881571.81277757,399.4680922460463,311.89360838497737
0.02311004494840777,0.5166666666666667,0.005,263.4451775218066,44.97554034505327,1.3119343726494095,0.0,262145.4449180551,6289.019957115444,19881546.40116818,399.46797789199115,311.89356374273666
0.02311004494840777,0.5166666666666667,0.015,263.4451775218066,44.975554733992034,1.3116281032567527,0.0,262145.5199169699,6289.019956861418,19881571.81277757,399.4680922460463,311.89360838497737
0.02311004494840777,0.55,-0.005,263.1681176263731,44.4970578782815,1.6203136280243244,0.0,262045.29566377634,6289.020265948681,19854634.66169038,399.34682820817454,311.8462649928308
0.02311004494840777,0.55,0.005,263.1681176263731,44.49704225187793,1.620632929341351,0.0,262045.21746499665,6289.020266225097,19854608.166098125,399.3467088559013,311.8462183922811
0.02311004494840777,0.55,0.015,263.1681176263731,44.4970578782815,1.6203136280243244,0.0,262045.29566377634,6289.020265948681,19854634.66169038,399.34682820817454,311.8462649928308
0.02311004494840777,0.5833333333333334,-0.005,262.87930379937893,43.986390517903544,1.9409438009567483,0.0,261940.57824635133,6289.02060410117,19826562.2287086,399.2203248736275,311.79686843542385
0.02311004494840777,0.5833333333333334,0.005,262.87930379937893,43.98637458371126,1.9412560250897222,0.0,261940.50168895253,6289.0206043661055,19826536.291440815,399.22020790516143,311.79682275838564
0.02311004494840777,0.5833333333333334,0.015,262.87930379937893,43.986390517903544,1.9409438009567483,0.0,261940.57824635133,6289.02060410117,19826562.2287086,399.2203248736275,311.79686843542385
0.02311004494840777,0.6166666666666667,-0.005,262.5969077286466,43.43989341245935,2.2517330997020752,0.0,261836.4160373926,6289.020936960518,19799120.600571338,399.0965305901426,311.7485221210626
0.02311004494840777,0.6166666666666667,0.005,262.5969077286466,43.43987803794672,2.2520180723856837,0.0,261836.34595004751,6289.020937182373,19799096.862474825,399.0964234141575,311.74848026156917
0.02311004494840777,0.6166666666666667,0.015,262.5969077286466,43.43989341245935,2.2517330997020752,0.0,261836.4160373926,6289.020936960518,19799120.600571338,399.0965305901426,311.7485221210626
0.02311004494840777,0.65,-0.005,262.33915297074975,42.85304546911197,2.5306483585851467,0.0,261737.8382602724,6289.021234763117,19774079.22541081,398.98344503723183,311.7043514142258
0.02311004494840777,0.65,0.005,262.33915297074975,42.85303187812575,2.530890081531245,0.0,261737.77847379827,6289.021234923985,19774058.98154166,398.9833535341227,311.7043156709898
0.02311004494840777,0.65,0.015,262.33915297074975,42.85304546911197,2.5306483585851467,0.0,261737.8382602724,6289.021234763117,19774079.22541081,398.98344503723183,311.7043514142258
0.02311004494840777,0.6833333333333333,-0.005,262.120500539692,42.21987402314909,2.759915355599295,0.0,261648.75664143372,6289.021484155682,19752840.9620918,398.8874453578414,311.6668494597353
0.02311004494840777,0.6833333333333333,0.005,262.120500539692,42.21986310086639,2.7601052600538045,0.0,261648.70918556207,6289.0214842563155,19752824.8962054,398.8873726659391,311.6668210611765
0.02311004494840777,0.6833333333333333,0.015,262.120500539692,42.21987402314909,2.759915355599295,0.0,261648.75664143372,6289.021484155682,19752840.9620918,398.8874453578414,311.6668494597353
0.02311004494840777,0.7166666666666667,-0.005,261.94867995354485,41.531604333806754,2.929497556485213,0.0,261571.07889151215,6289.021691449606,19736154.63662082,398.81197009901337,311.6373621328725
0.02311004494840777,0.7166666666666667,0.005,261.94867995354485,41.53159633043697,2.9296355979847073,0.0,261571.04373023252,6289.021691504171,19736142.73433267,398.8119162009591,311.63734107451756
0.02311004494840777,0.7166666666666667,0.015,261.94867995354485,41.531604333806754,2.929497556485213,0.0,261571.07889151215,6289.021691449606,19736154.63662082,398.81197009901337,311.6373621328725
0.02311004494840777,0.75,-0.005,261.82369475885804,40.77544215672853,3.038225015868616,0.0,261504.39258362143,6289.021876536666,19724019.193975013,398.75706438564896,311.61590934067647
0.02311004494840777,0.75,0.005,261.82369475885804,40.775436842699236,3.0383182301717375,0.0,261504.36797579387,6289.0218765629215,19724010.863865808,398.7570266401011,311.61589459220613
0.02311004494840777,0.75,0.015,261.82369475885804,40.77544215672853,3.038225015868616,0.0,261504.39258362143,6289.021876536666,19724019.193975013,398.75706438564896,311.61590934067647
0.02311004494840777,0.7833333333333333,-0.005,261.73914491608474,39.932670865686646,3.09208473505389,0.0,261446.28538404265,6289.022063995699,19715812.39253787,398.7199480360181,311.60140638232247
0.02311004494840777,0.7833333333333333,0.005,261.73914491608474,39.93266768420341,3.0921439769940955,0.0,261446.26866918025,6289.022064007614,19715806.733064286,398.71992238061347,311.6013963574161
0.02311004494840777,0.7833333333333333,0.015,261.73914491608474,39.932670865686646,3.09208473505389,0.0,261446.28538404265,6289.022063995699,19715812.39253787,398.7199480360181,311.60140638232247
0.02311004494840777,0.8166666666666667,-0.005,261.6851790969993,38.975347351098314,3.100413967661863,0.0,261393.08927625703,6289.022278580677,19710577.43408212,398.696310910043,311.5921699860806
0.02311004494840777,0.8166666666666667,0.005,261.6851790969993,38.97534563828556,3.100450334316882,0.0,261393.07773447616,6289.022278586402,19710573.524786647,398.6962931836658,311.592163059254
0.02311004494840777,0.8166666666666667,0.015,261.6851790969993,38.975347351098314,3.100413967661863,0.0,261393.08927625703,6289.022278580677,19710577.43408212,398.696310910043,311.5921699860806
0.02311004494840777,0.85,-0.005,261.6517188164524,37.859720511671895,3.071456003342999,0.0,261340.61339716066,6289.0225483183385,19707335.964484535,398.68173717676626,311.58647504666067
0.02311004494840777,0.85,0.005,261.6517188164524,37.85971968310041,3.0714783338421205,0.0,261340.60484968955,6289.022548321661,19707333.06878782,398.681724044355,311.58646991489593
0.02311004494840777,0.85,0.015,261.6517188164524,37.859720511671895,3.071456003342999,0.0,261340.61339716066,6289.0225483183385,19707335.964484535,398.68173717676626,311.58647504666067
0.02311004494840777,0.8833333333333333,-0.005,261.6306912814056,36.51129591239362,3.008347543113299,0.0,261284.3720572117,6289.022917232522,19705305.09771703,398.6726999723458,311.5829435497741
0.02311004494840777,0.8833333333333333,0.005,261.6306912814056,36.51129555126847,3.0083615678282656,0.0,261284.36506941577,6289.022917234938,19705302.731104746,398.6726892384066,311.58293935521493
0.02311004494840777,0.8833333333333333,0.015,261.6306912814056,36.51129591239362,3.008347543113299,0.0,261284.3720572117,6289.022917232522,19705305.09771703,398.6726999723458,311.5829435497741
0.02311004494840777,0.9166666666666666,-0.005,261.6167336467244,34.7849051369149,2.9047029770642037,0.0,261218.7296234371,6289.0234827659915,19703966.83385449,398.66689694338436,311.58067586073344
0.02311004494840777,0.9166666666666666,0.005,261.6167336467244,34.7849049807748,2.904711767615586,0.0,261218.72339324758,6289.023482768,19703964.725896634,398.66688738201213,311.5806721243574
0.02311004494840777,0.9166666666666666,0.015,261.6167336467244,34.7849051369149,2.9047029770642037,0.0,261218.7296234371,6289.0234827659915,19703966.83385449,398.66689694338436,311.58067586073344
0.02311004494840777,0.95,-0.005,261.6065588724047,32.323240997081825,2.7327341807678467,0.0,261133.14941714448,6289.0245688357845,19703011.659223862,398.6630777495852,311.5791833994276
0.02311004494840777,0.95,0.005,261.6065588724047,32.3232408520492,2.7327391105556904,0.0,261133.1435379154,6289.0245688373125,19703009.673562482,398.6630687424089,311.57917987960246
0.02311004494840777,0.95,0.015,261.6065588724047,32.323240997081825,2.7327341807678467,0.0,261133.14941714448,6289.0245688357845,19703011.659223862,398.6630777495852,311.5791833994276
0.02311004494840777,0.9833333333333333,-0.005,261.59677371555506,27.654277637374612,2.365498846709306,0.0,260990.51458019158,6289.027415861297,19702147.464392528,398.66050426540306,311.57817773143535
0.02311004494840777,0.9833333333333333,0.005,261.59677371555506,27.654277499817255,2.3655004565562208,0.0,260990.50883590218,6289.027415861994,19702145.527354132,398.6604954780815,311.5781742975139
0.02311004494840777,0.9833333333333333,0.015,261.59677371555506,27.654277637374612,2.365498846709306,0.0,260990.51458019158,6289.027415861297,19702147.464392528,398.66050426540306,311.57817773143535
0.02311004494840777,1.0166666666666668,-0.005,261.5967737145213,1.0913201014834289e-10,9.334951090278617e-12,0.0,260990.5145798939,6289.992881354543,19731267.43781428,399.2497285284212,311.80835056460023
0.02311004494840777,1.0166666666666668,0.005,261.5967737134875,-27.654277637374797,-2.365498846709322,0.0,260990.51457959617,6289.0274158612965,19702147.46419188,398.66050426449226,311.5781777310794
0.02311004494840777,1.0166666666666668,0.015,261.5967737145213,1.0913201014834289e-10,9.334951090278617e-12,0.0,260990.5145798939,6289.992881354543,19731267.43781428,399.2497285284212,311.80835056460023
0.02383530337489116,-0.016666666666666666,-0.005,264.5827538326227,49.879428126490915,0.0,0.0,262702.2399112068,6289.019199716928,19992254.30211302,399.9652630596609,312.0876366246041
0.02383530337489116,-0.016666666666666666,0.005,264.5827538326227,49.879428126490915,-0.008367479280224254,0.0,262702.2399112068,6289.019199629402,19992254.2994362,399.96526300610844,312.08763660371096
0.02383530337489116,-0.016666666666666666,0.015,264.5827538326227,49.879428126490915,0.0,0.0,262702.2399112068,6289.019199716928,19992254.30211302,399.9652630596609,312.0876366246041
0.02383530337489116,0.016666666666666666,-0.005,264.5827538326227,49.879428126490915,0.008367479280224254,0.0,262702.2399112068,6289.019199629402,19992254.2994362,399.96526300610844,312.08763660371096
0.02383530337489116,0.016666666666666666,0.005,264.5827538326227,49.879428102963665,0.008368717714477857,0.0,262702.23580735014,6289.019199629799,19992252.900182128,399.96525673002105,312.0876341551367
0.02383530337489116,0.016666666666666666,0.015,264.5827538326227,49.879428126490915,0.008367479280224254,0.0,262702.2399112068,6289.019199629402,19992254.2994362,399.96526300610844,312.08763660371096
0.02383530337489116,0.05,-0.005,264.5803668555431,49.63268557021581,0.024600821008527497,0.0,262689.28190751374,6289.019200229285,19992021.869742982,399.9642207357942,312.08722996853396
0.02383530337489116,0.05,0.005,264.5803668555431,49.63268543275993,0.024604675762763636,0.0,262689.2776804999,6289.0192002297545,19992020.430389587,399.9642142798193,312.08722744977456
0.02383530337489116,0.05,0.015,264.5803668555431,49.63268557021581,0.024600821008527497,0.0,262689.28190751374,6289.019200229285,19992021.869742982,399.9642207357942,312.08722996853396
0.02383530337489116,0.08333333333333331,-0.005,264.57574744170927,49.37827832742571,0.04075586590705582,0.0,262675.36920261185,6289.019201018053,19991572.06226734,399.9622034881724,312.08644295061634
0.02383530337489116,0.08333333333333331,0.005,264.57574744170927,49.37827805359626,0.040762637808063426,0.0,262675.3647023525,6289.019201018651,19991570.53196103,399.9621966241713,312.0864402726612
0.02383530337489116,0.08333333333333331,0.015,264.57574744170927,49.37827832742571,0.04075586590705582,0.0,262675.36920261185,6289.019201018053,19991572.06226734,399.9622034881724,312.08644295061634
0.02383530337489116,0.11666666666666667,-0.005,264.56857721532344,49.115681806952914,0.05738622141313971,0.0,262660.3910286996,6289.019202047053,19990873.890339125,399.95907224021863,312.0852213077461
0.02383530337489116,0.11666666666666667,0.005,264.56857721532344,49.11568136883874,0.05739652175582125,0.0,262660.3860539232,6289.019202047872,19990872.20084672,399.9590646620774,312.08521835116125
0.02383530337489116,0.11666666666666667,0.015,264.56857721532344,49.115681806952914,0.05738622141313971,0.0,262660.3910286996,6289.019202047053,19990873.890339125,399.95907224021863,312.0852213077461
0.02383530337489116,0.15,-0.005,264.55828198156826,48.84430492470589,0.07529376837589438,0.0,262644.16114789096,6289.019203415814,19989871.47047152,399.9545762634507,312.0834672134585
0.02383530337489116,0.15,0.005,264.55828198156826,48.84430428404805,0.07530864080760497,0.0,262644.1554031326,6289.019203417015,19989869.52158135,399.9545675215743,312.0834638028273
0.02383530337489116,0.15,0.015,264.55828198156826,48.84430492470589,0.07529376837589438,0.0,262644.16114789096,6289.019203415814,19989871.47047152,399.9545762634507,312.0834672134585
0.02383530337489116,0.18333333333333332,-0.005,264.5439045043444,48.56347547210264,0.09569589919329603,0.0,262626.3809946044,6289.019205319127,19988471.638806995,399.94829754916077,312.08101757200933
0.02383530337489116,0.18333333333333332,0.005,264.5439045043444,48.56347457271178,0.09571701582151981,0.0,262626.3740383684,6289.019205321021,19988469.28075501,399.9482869715964,312.08101344515455
0.02383530337489116,0.18333333333333332,0.015,264.5439045043444,48.56347547210264,0.09569589919329603,0.0,262626.3809946044,6289.019205319127,19988471.638806995,399.94829754916077,312.08101757200933
0.02383530337489116,0.21666666666666665,-0.005,264.52392559194845,48.27242001343065,0.12044893621471552,0.0,262606.5878699833,6289.01920814706,19986526.53874725,399.93957264382124,312.077613516781
0.02383530337489116,0.21666666666666665,0.005,264.52392559194845,48.27241877022046,0.12047884081734728,0.0,262606.5790524943,6289.019208150265,19986523.551131323,399.9395592415784,312.0776082878161
0.02383530337489116,0.21666666666666665,0.015,264.52392559194845,48.27242001343065,0.12044893621471552,0.0,262606.5878699833,6289.01920814706,19986526.53874725,399.93957264382124,312.077613516781
0.02383530337489116,0.25,-0.005,264.49604408060725,47.970237049731296,0.15231833030333075,0.0,262584.09119178884,6289.019212688769,19983812.21265114,399.9273964934572,312.07286288302305
0.02383530337489116,0.25,0.005,264.49604408060725,47.97023533457517,0.15236068568075672,0.0,262584.0795921494,6289.0192126945085,19983808.283167057,399.92737886492324,312.0728560050407
0.02383530337489116,0.25,0.015,264.49604408060725,47.970237049731296,0.15231833030333075,0.0,262584.09119178884,6289.019212688769,19983812.21265114,399.9273964934572,312.07286288302305
0.02383530337489116,0.2833333333333333,-0.005,264.456953526597,47.655863115477594,0.1952519712697238,0.0,262557.9076518629,6289.019220520566,19980006.88553538,399.91032477379696,312.06620207742213
0.02383530337489116,0.2833333333333333,0.005,264.456953526597,47.655860742024316,0.19531172292522092,0.0,262557.89203594706,6289.019220531197,19980001.595758326,399.9103010405588,312.06619281741916
0.02383530337489116,0.2833333333333333,0.015,264.456953526597,47.655863115477594,0.1952519712697238,0.0,262557.9076518629,6289.019220520566,19980006.88553538,399.91032477379696,312.06620207742213
0.02383530337489116,0.31666666666666665,-0.005,264.4021939613391,47.32803362027154,0.25456351944057093,0.0,262526.71783954836,6289.019234667837,19974676.581054933,399.8864088604522,312.0568706606386
0.02383530337489116,0.31666666666666665,0.005,264.4021939613391,47.32803033288549,0.25464683823355605,0.0,262526.69667251775,6289.019234687635,19974669.410727188,399.88637668578406,312.05685810666546
0.02383530337489116,0.31666666666666665,0.015,264.4021939613391,47.32803362027154,0.25456351944057093,0.0,262526.71783954836,6289.019234667837,19974676.581054933,399.8864088604522,312.0568706606386
0.02383530337489116,0.35,-0.005,264.3262019677795,46.98524366791939,0.33687896500712944,0.0,262488.8798623744,6289.019260555478,19967280.084472787,399.8532171558617,312.04391958981523
0.02383530337489116,0.35,0.005,264.3262019677795,46.98523914341285,0.33699280144312616,0.0,262488.8514172117,6289.019260591522,19967270.448288742,399.85317390845705,312.04390271476024
0.02383530337489116,0.35,0.015,264.3262019677795,46.98524366791939,0.33687896500712944,0.0,262488.8798623744,6289.019260555478,19967280.084472787,399.8532171558617,312.04391958981523
0.02383530337489116,0.38333333333333336,-0.005,264.2227098520311,46.62571799035201,0.44966736019962483,0.0,262442.54341169045,6289.019307009074,19957207.93695152,399.8080084582607,312.02627874391874
0.02383530337489116,0.38333333333333336,0.005,264.2227098520311,46.625711863436365,0.44981846923631363,0.0,262442.5060084627,6289.019307071701,19957195.26557509,399.8079515737902,312.0262565464516
0.02383530337489116,0.38333333333333336,0.015,264.2227098520311,46.62571799035201,0.44966736019962483,0.0,262442.54341169045,6289.019307009074,19957207.93695152,399.8080084582607,312.02627874391874
0.02383530337489116,0.41666666666666674,-0.005,264.08562184405866,46.24740146699389,0.6002041713020037,0.0,262385.90099242755,6289.019386607336,19943867.88773293,399.7481131262878,312.0029055033202
0.02383530337489116,0.41666666666666674,0.005,264.08562184405866,46.24739338871014,0.6003975843360759,0.0,262385.85337337485,6289.019386709169,19943851.754801232,399.74804067503555,312.00287722926277
0.02383530337489116,0.41666666666666674,0.015,264.08562184405866,46.24740146699389,0.6002041713020037,0.0,262385.90099242755,6289.019386607336,19943867.88773293,399.7481131262878,312.0029055033202
0.02383530337489116,0.45,-0.005,263.91039007539376,45.84797926573195,0.793939708268789,0.0,262317.58242093155,6289.019514237635,19926818.92822743,399.67153218126225,311.97301840565115
0.02383530337489116,0.45,0.005,263.91039007539376,45.8479689959544,0.7941768462695744,0.0,262317.52421231085,6289.019514390146,19926799.2068132,399.67144356896466,311.9729838214423
0.02383530337489116,0.45,0.015,263.91039007539376,45.84797926573195,0.793939708268789,0.0,262317.58242093155,6289.019514237635,19926818.92822743,399.67153218126225,311.97301840565115
0.02383530337489116,0.48333333333333334,-0.005,263.6957178249638,45.424925269836216,1.0324742344315645,0.0,262237.1421576116,6289.019702856569,19905936.962098286,399.57767998010263,311.9363869831043
0.02383530337489116,0.48333333333333334,0.005,263.6957178249638,45.424912789854204,1.03275112508747,0.0,262237.0743030384,6289.019703064193,19905913.97169187,399.57757660953285,311.93634663419874
0.02383530337489116,0.48333333333333334,0.015,263.6957178249638,45.424925269836216,1.0324742344315645,0.0,262237.1421576116,6289.019702856569,19905936.962098286,399.57767998010263,311.9363869831043
0.02383530337489116,0.5166666666666667,-0.005,263.4451742436933,44.97555823157271,1.3116271249545777,0.0,262145.5191343204,6289.019956860998,19881571.49406641,399.4680908101147,311.8936078244095
0.02383530337489116,0.5166666666666667,0.005,263.4451742436933,44.97554384462984,1.3119333936887903,0.0,262145.44413493766,6289.019957115024,19881546.08226842,399.46797645520826,311.89356318183644
0.02383530337489116,0.5166666666666667,0.015,263.4451742436933,44.97555823157271,1.3116271249545777,0.0,262145.5191343204,6289.019956860998,19881571.49406641,399.4680908101147,311.8936078244095
0.02383530337489116,0.55,-0.005,263.1681148986513,44.49706075492642,1.6203128134497136,0.0,262045.29500879068,6289.020265948288,19854634.39657102,399.3468270124194,311.84626452595376
0.02383530337489116,0.55,0.005,263.1681148986513,44.49704513017336,1.6206321142034354,0.0,262045.21680961593,6289.020266224704,19854607.900820542,399.34670765943133,311.84621792512485
0.02383530337489116,0.55,0.015,263.1681148986513,44.49706075492642,1.6203128134497136,0.0,262045.29500879068,6289.020265948288,19854634.39657102,399.3468270124194,311.84626452595376
0.02383530337489116,0.5833333333333334,-0.005,262.8793015399377,43.986392871375756,1.9409431249146416,0.0,261940.57770057523,6289.0206041008305,19826562.00917342,399.2203238823742,311.7968680483322
0.02383530337489116,0.5833333333333334,0.005,262.8793015399377,43.98637693854265,1.9412553485671993,0.0,261940.50114284537,6289.020604365766,19826536.071773846,399.22020691331204,311.7968223710612
0.02383530337489116,0.5833333333333334,0.015,262.8793015399377,43.986392871375756,1.9409431249146416,0.0,261940.57770057523,6289.0206041008305,19826562.00917342,399.2203238823742,311.7968680483322
0.02383530337489116,0.6166666666666667,-0.005,262.59690586645564,43.439895328062704,2.2517325389677127,0.0,261836.41558488284,6289.020936960249,19799120.419691067,399.09652977255234,311.74852180173815
0.02383530337489116,0.6166666666666667,0.005,262.59690586645564,43.439879954662175,2.25201751124316,0.0,261836.34549726296,6289.020937182104,19799096.681485727,399.09642259607466,311.7484799420523
0.02383530337489116,0.6166666666666667,0.015,262.59690586645564,43.439895328062704,2.2517325389677127,0.0,261836.41558488284,6289.020936960249,19799120.419691067,399.09652977255234,311.74852180173815
0.02383530337489116,0.65,-0.005,262.3391514442543,42.853047019265176,2.5306478927690392,0.0,261737.8378871047,6289.021234762905,19774079.077179737,398.9834443665633,311.7043511522471
0.02383530337489116,0.65,0.005,262.3391514442543,42.85303342918256,2.530889615370384,0.0,261737.77810040463,6289.021234923773,19774058.83322157,398.9833528630508,311.7043154088535
0.02383530337489116,0.65,0.015,262.3391514442543,42.853047019265176,2.5306478927690392,0.0,261737.8378871047,6289.021234762905,19774079.077179737,398.9834443665633,311.7043511522471
0.02383530337489116,0.6833333333333333,-0.005,262.12049929508964,42.219875270514244,2.7599149679655364,0.0,261648.75633536492,6289.021484155527,19752840.841263305,398.88744481070773,311.6668492459866
0.02383530337489116,0.6833333333333333,0.005,262.12049929508964,42.21986434896275,2.7601048721315156,0.0,261648.7088793096,6289.02148425616,19752824.775304772,398.88737211847865,311.6668208473
0.02383530337489116,0.6833333333333333,0.015,262.12049929508964,42.219875270514244,2.7599149679655364,0.0,261648.75633536492,6289.021484155527,19752840.841263305,398.88744481070773,311.6668492459866
0.02383530337489116,0.7166666666666667,-0.005,261.9486789433452,41.53160533236241,2.929497234124543,0.0,261571.0786416102,6289.021691449505,19736154.538567375,398.8119696547298,311.6373619592877
0.02383530337489116,0.7166666666666667,0.005,261.9486789433452,41.53159732958118,2.9296352753853614,0.0,261571.0434801823,6289.02169150407,19736142.636221215,398.8119157564125,311.63734090083
0.02383530337489116,0.7166666666666667,0.015,261.9486789433452,41.53160533236241,2.929497234124543,0.0,261571.0786416102,6289.021691449505,19736154.538567375,398.8119696547298,311.6373619592877
0.02383530337489116,0.7499999999999999,-0.005,261.8236939411057,40.77544295236918,3.0382247492019903,0.0,261504.39238008368,6289.021876536615,19724019.11461252,398.7570640258979,311.6159092001095
0.02383530337489116,0.7499999999999999,0.005,261.8236939411057,40.77543763881141,3.0383179633103357,0.0,261504.36777213716,6289.02187656287,19724010.784456886,398.7570262801396,311.6158944515569
0.02383530337489116,0.7499999999999999,0.015,261.8236939411057,40.77544295236918,3.0382247492019903,0.0,261504.39238008368,6289.021876536615,19724019.11461252,398.7570640258979,311.6159092001095
0.02383530337489116,0.7833333333333333,-0.005,261.73914425398306,39.932671497332606,3.0920845169863034,0.0,261446.28521814125,6289.022063995665,19715812.328286916,398.7199477446769,311.6014062684802
0.02383530337489116,0.7833333333333333,0.005,261.73914425398306,39.9326683162258,3.0921437587699514,0.0,261446.26850318318,6289.0220640075795,19715806.668776203,398.7199220891037,311.601396243508
0.02383530337489116,0.7833333333333333,0.015,261.73914425398306,39.932671497332606,3.0920845169863034,0.0,261446.28521814125,6289.022063995665,19715812.328286916,398.7199477446769,311.6014062684802
0.02383530337489116,0.8166666666666667,-0.005,261.6851785586234,38.97534785172548,3.1004137927230935,0.0,261393.08914034572,6289.02227858066,19710577.381840657,398.69631067311406,311.5921698934973
0.02383530337489116,0.8166666666666667,0.005,261.6851785586234,38.97534613921288,3.1004501592545375,0.0,261393.07759848775,6289.022278586383,19710573.472515382,398.6962929466016,311.5921629666179
0.02383530337489116,0.8166666666666667,0.015,261.6851785586234,38.97534785172548,3.1004137927230935,0.0,261393.08914034572,6289.02227858066,19710577.381840657,398.69631067311406,311.5921698934973
0.02383530337489116,0.85,-0.005,261.6517183743552,37.85972090924981,3.071455867141591,0.0,261340.6132845975,6289.022548318322,19707335.921586666,398.68173698218686,311.5864749706247
0.02383530337489116,0.85,0.005,261.6517183743552,37.85972008091826,3.0714781975456504,0.0,261340.60473706367,6289.0225483216445,19707333.025865816,398.68172384966624,311.5864698388172
0.02383530337489116,0.85,0.015,261.6517183743552,37.85972090924981,3.071455867141591,0.0,261340.6132845975,6289.022548318322,19707335.921586666,398.68173698218686,311.5864749706247
0.02383530337489116,0.8833333333333333,-0.005,261.6306909118917,36.511296230748385,3.0083474422556225,0.0,261284.37196221293,6289.022917232513,19705305.061862793,398.67269980970474,311.58294348621797
0.02383530337489116,0.8833333333333333,0.005,261.6306909118917,36.51129586981667,3.008361466900667,0.0,261284.3649743649,6289.022917234929,19705302.695230614,398.6726890756753,311.5829392916236
0.02383530337489116,0.8833333333333333,0.015,261.6306909118917,36.511296230748385,3.0083474422556225,0.0,261284.37196221293,6289.022917232513,19705305.061862793,398.67269980970474,311.58294348621797
0.02383530337489116,0.9166666666666666,-0.005,261.6167333288424,34.78490539656622,2.904702909491553,0.0,261218.7295408083,6289.023482765991,19703966.80301055,398.6668968034668,311.58067580605666
0.02383530337489116,0.9166666666666666,0.005,261.6167333288424,34.78490524058488,2.904711699996126,0.0,261218.72331057407,6289.023482767998,19703964.69503582,398.6668872420179,311.58067206965075
0.02383530337489116,0.9166666666666666,0.015,261.6167333288424,34.78490539656622,2.904702909491553,0.0,261218.7295408083,6289.023482765991,19703966.80301055,398.6668968034668,311.58067580605666
0.02383530337489116,0.95,-0.005,261.60655858667496,32.323241216273146,2.732734146355681,0.0,261133.14934191116,6289.024568835764,19703011.63149913,398.66307762380285,311.5791833502744
0.02383530337489116,0.95,0.005,261.60655858667496,32.32324107137514,2.7327390761193593,0.0,261133.14346264204,6289.024568837292,19703009.645822767,398.6630686165587,311.5791798304227
0.02383530337489116,0.95,0.015,261.60655858667496,32.323241216273146,2.732734146355681,0.0,261133.14934191116,6289.024568835764,19703011.63149913,398.66307762380285,311.5791833502744
0.02383530337489116,0.9833333333333333,-0.005,261.59677344216317,27.654277835730486,2.3654988477912005,0.0,260990.51450696285,6289.027415861176,19702147.43786201,398.6605041449864,311.5781776843788
0.02383530337489116,0.9833333333333333,0.005,261.59677344216317,27.654277698294496,2.365500457637869,0.0,260990.50876263448,6289.027415861873,19702145.500809345,398.66049535760004,311.578174250432
0.02383530337489116,0.9833333333333333,0.015,261.59677344216317,27.654277835730486,2.3654988477912005,0.0,260990.51450696285,6289.027415861176,19702147.43786201,398.6605041449864,311.5781776843788
0.02383530337489116,1.0166666666666666,-0.005,261.5967734330789,9.598867725279102e-10,8.210715299505897e-11,0.0,260990.51450434793,6289.992881368465,19731267.410886176,399.2497284128549,311.8083505194724
0.02383530337489116,1.0166666666666666,0.005,261.59677342399465,-27.654277835730294,-2.365498847791184,0.0,260990.51450173298,6289.027415861172,19702147.436099023,398.66050413698605,311.5781776812523
0.02383530337489116,1.0166666666666666,0.015,261.5967734330789,9.598867725279102e-10,8.210715299505897e-11,0.0,260990.51450434793,6289.992881368465,19731267.410886176,399.2497284128549,311.8083505194724
0.02456056180137455,-0.016666666666666666,-0.005,264.5826146385522,49.87960755591982,0.0,0.0,262702.2091264075,6289.019199716436,19992240.75077704,399.9652022756538,312.08761291012235
0.02456056180137455,-0.016666666666666666,0.005,264.58261463855223,49.87960755591982,-0.008363307289630268,0.0,262702.2091264075,6289.019199628996,19992240.748102892,399.9652022221547,312.08761288925
0.02456056180137455,-0.016666666666666666,0.015,264.5826146385522,49.87960755591982,0.0,0.0,262702.2091264075,6289.019199716436,19992240.75077704,399.9652022756538,312.08761291012235
0.02456056180137455,0.016666666666666666,-0.005,264.5826146385522,49.87960755591982,0.008363307289630268,0.0,262702.2091264075,6289.019199628996,19992240.748102892,399.9652022221547,312.08761288925
0.02456056180137455,0.016666666666666666,0.005,264.5826146385522,49.87960761274448,0.008364543780438398,0.0,262702.20500896836,6289.019199629393,19992239.342850458,399.9651959191585,312.0876104301773
0.02456056180137455,0.016666666666666666,0.015,264.5826146385522,49.87960755591982,0.008363307289630268,0.0,262702.2091264075,6289.019199628996,19992240.748102892,399.9652022221547,312.08761288925
0.02456056180137455,0.05,-0.005,264.58023227810696,49.63285464337427,0.024589554509179577,0.0,262689.2518819341,6289.019200228988,19992008.76792984,399.9641619676599,312.087207040502
0.02456056180137455,0.05,0.005,264.58023227810696,49.632854582029864,0.024593404091606687,0.0,262689.2476416098,6289.019200229457,19992007.32274946,399.9641554855449,312.0872045115439
0.02456056180137455,0.05,0.015,264.58023227810696,49.63285464337427,0.024589554509179577,0.0,262689.2518819341,6289.019200228988,19992008.76792984,399.9641619676599,312.087207040502
0.02456056180137455,0.08333333333333333,-0.005,264.57561992339544,49.37843506188632,0.04073979832334073,0.0,262675.34053917543,6289.019201017772,19991559.647804525,399.9621478021744,312.08642122500646
0.02456056180137455,0.08333333333333333,0.005,264.57561992339544,49.37843485912168,0.04074656269426259,0.0,262675.33602609945,6289.01920101837,19991558.111931432,399.9621409131998,312.0864185373078
0.02456056180137455,0.08333333333333333,0.015,264.57561992339544,49.37843506188632,0.04073979832334073,0.0,262675.34053917543,6289.019201017772,19991559.647804525,399.9621478021744,312.08642122500646
0.02456056180137455,0.11666666666666667,-0.005,264.56845837795066,49.11582517510293,0.05736723369662518,0.0,262660.3641447503,6289.019202046721,19990862.321143206,399.9590203442895,312.08520106073314
0.02456056180137455,0.11666666666666667,0.005,264.56845837795066,49.115824802529296,0.057377524947835566,0.0,262660.35915782786,6289.01920204754,19990860.626411896,399.95901274264475,312.08519809497824
0.02456056180137455,0.11666666666666667,0.015,264.56845837795066,49.11582517510293,0.05736723369662518,0.0,262660.3641447503,6289.019202046721,19990862.321143206,399.9590203442895,312.08520106073314
0.02456056180137455,0.15,-0.005,264.5581727691638,48.844434616738475,0.07527333962700015,0.0,262644.1363034629,6289.019203415386,19989860.838464085,399.95452856955416,312.0834486057491
0.02456056180137455,0.15,0.005,264.5581727691638,48.84443403588401,0.07528820206846096,0.0,262644.1305473528,6289.019203416587,19989858.88470789,399.9545198058457,312.08344518659993
0.02456056180137455,0.15,0.015,264.5581727691638,48.844434616738475,0.07527333962700015,0.0,262644.1363034629,6289.019203415386,19989860.838464085,399.95452856955416,312.0834486057491
0.02456056180137455,0.18333333333333332,-0.005,264.54380532098605,48.563591697210896,0.09567514226333025,0.0,262626.35832134343,6289.019205318562,19988461.983338386,399.9482542334627,312.08100067231555
0.02456056180137455,0.18333333333333332,0.005,264.54380532098605,48.563590851879965,0.09569624853339506,0.0,262626.3513546268,6289.019205320455,19988459.620818783,399.94824363585184,312.08099653763946
0.02456056180137455,0.18333333333333332,0.015,264.54380532098605,48.563591697210896,0.09567514226333025,0.0,262626.35832134343,6289.019205318562,19988461.983338386,399.9482542334627,312.08100067231555
0.02456056180137455,0.21666666666666667,-0.005,264.52383642864515,48.272523337748254,0.12042864757981571,0.0,262606.5673989416,6289.0192081463,19986517.8589531,399.93953370206816,312.0775983234237
0.02456056180137455,0.21666666666666667,0.005,264.52383642864515,48.27252214300361,0.12045854186444488,0.0,262606.55857188045,6289.019208149503,19986514.867277395,399.93952028160635,312.07759308735024
0.02456056180137455,0.21666666666666667,0.015,264.52383642864515,48.272523337748254,0.12042864757981571,0.0,262606.5673989416,6289.0192081463,19986517.8589531,399.93953370206816,312.0775983234237
0.02456056180137455,0.25,-0.005,264.49596462722116,47.97032826817953,0.1522990457434106,0.0,262584.07287879364,6289.019212687769,19983804.478353366,399.92736178984904,312.0728493429972
0.02456056180137455,0.25,0.005,264.49596462722116,47.97032659615477,0.1523413911416078,0.0,262584.0612704951,6289.019212693507,19983800.54521385,399.9273441449075,312.07284245861297
0.02456056180137455,0.25,0.015,264.49596462722116,47.97032826817953,0.1522990457434106,0.0,262584.07287879364,6289.019212687769,19983804.478353366,399.92736178984904,312.0728493429972
0.02456056180137455,0.2833333333333333,-0.005,264.45688326668494,47.65594315369335,0.19523402105804324,0.0,262557.8913996051,6289.019220519291,19980000.046477836,399.9102940823907,312.0661901025491
0.02456056180137455,0.2833333333333333,0.005,264.45688326668494,47.655940818371526,0.19529376327816156,0.0,262557.8757759227,6289.019220529922,19979994.753436368,399.91027033449654,312.0661808368274
0.02456056180137455,0.2833333333333333,0.015,264.45688326668494,47.65594315369335,0.19523402105804324,0.0,262557.8913996051,6289.019220519291,19980000.046477836,399.9102940823907,312.0661901025491
0.02456056180137455,0.31666666666666665,-0.005,264.4021322493534,47.328103462213,0.2545470787797761,0.0,262526.70351597574,6289.019234666191,19974670.57441738,399.8863818988391,312.0568601407052
0.02456056180137455,0.31666666666666665,0.005,264.4021322493534,47.32810020833668,0.25463038880955957,0.0,262526.6823420308,6289.019234685987,19974663.401195798,399.8863497111736,312.05684758166035
0.02456056180137455,0.31666666666666665,0.015,264.4021322493534,47.328103462213,0.2545470787797761,0.0,262526.70351597574,6289.019234666191,19974670.57441738,399.8863818988391,312.0568601407052
0.02456056180137455,0.35,-0.005,264.32614808928565,46.98530430458493,0.3368640972357156,0.0,262488.8673154356,6289.019260553426,19967274.84073437,399.85319361156996,312.0439104028775
0.02456056180137455,0.35,0.005,264.32614808928565,46.98529980936508,0.3369779256485826,0.0,262488.8388641585,6289.019260589467,19967265.202001944,399.8531503527138,312.04389352335363
0.02456056180137455,0.35,0.015,264.32614808928565,46.98530430458493,0.3368640972357156,0.0,262488.8673154356,6289.019260553426,19967274.84073437,399.85319361156996,312.0439104028775
0.02456056180137455,0.38333333333333336,-0.005,264.22266306874064,46.625770385182925,0.44965405177276874,0.0,262442.5324805675,6289.019307006594,19957203.384267505,399.80798800845633,312.026270763993
0.02456056180137455,0.38333333333333336,0.005,264.22266306874064,46.62576428373236,0.4498051535487279,0.0,262442.49507196445,6289.019307069221,19957190.710660312,399.80793111395525,312.0262485626111
0.02456056180137455,0.38333333333333336,0.015,264.22266306874064,46.625770385182925,0.44965405177276874,0.0,262442.5324805675,6289.019307006594,19957203.384267505,399.80798800845633,312.026270763993
0.02456056180137455,0.4166666666666667,-0.005,264.0855814258456,46.24744653397868,0.6001923586788827,0.0,262385.8915157469,6289.0193866044265,19943863.955043115,399.7480954518502,312.0028986058818
0.02456056180137455,0.4166666666666667,0.005,264.0855814258456,46.247438477729936,0.6003857652042295,0.0,262385.8438919937,6289.019386706258,19943847.82016938,399.7480229918584,312.00287032841317
0.02456056180137455,0.4166666666666667,0.015,264.0855814258456,46.24744653397868,0.6001923586788827,0.0,262385.8915157469,6289.0193866044265,19943863.955043115,399.7480954518502,312.0028986058818
0.02456056180137455,0.45000000000000007,-0.005,263.91035532176664,45.848017856799444,0.7939292976075674,0.0,262317.57424245356,6289.01951423433,19926815.547337506,399.6715169762768,311.9730124713465
0.02456056180137455,0.45000000000000007,0.005,263.91035532176664,45.848007605999946,0.7941664298191321,0.0,262317.51602974255,6289.019514386837,19926795.824241214,399.67142835640243,311.97297788417984
0.02456056180137455,0.45000000000000007,0.015,263.91035532176664,45.848017856799444,0.7939292976075674,0.0,262317.57424245356,6289.01951423433,19926815.547337506,399.6715169762768,311.9730124713465
0.02456056180137455,0.48333333333333334,-0.005,263.69568807833804,45.424958168778424,1.0324651154295459,0.0,262237.1351299171,6289.019702853026,19905934.0689661,399.5776669577982,311.93638190007437
0.02456056180137455,0.48333333333333334,0.005,263.69568807833804,45.4249457050669,1.0327420009696069,0.0,262237.0672718009,6289.019703060649,19905911.077109843,399.5775635806905,311.9363415486162
0.02456056180137455,0.48333333333333334,0.015,263.69568807833804,45.424958168778424,1.0324651154295459,0.0,262237.1351299171,6289.019702853026,19905934.0689661,399.5776669577982,311.93638190007437
0.02456056180137455,0.5166666666666667,-0.005,263.4451488966273,44.97558615238212,1.3116191803066892,0.0,262145.51312085794,6289.019956857367,19881569.029498097,399.4680797059851,311.8936034895113
0.02456056180137455,0.5166666666666667,0.005,263.4451488966273,44.97557177932511,1.311925444545232,0.0,262145.43811842054,6289.019957111391,19881543.616456345,399.4679653454637,311.8935588447456
0.02456056180137455,0.5166666666666667,0.015,263.4451488966273,44.97558615238212,1.3116191803066892,0.0,262145.51312085794,6289.019956857367,19881569.029498097,399.4680797059851,311.8936034895113
0.02456056180137455,0.55,-0.005,263.16809339661717,44.49708434300637,1.6203059252965701,0.0,262045.28988479657,6289.020265944772,19854632.306494944,399.34681758544855,311.84626084523626
0.02456056180137455,0.55,0.005,263.16809339661717,44.497068730049925,1.6206252221194333,0.0,262045.21168300012,6289.020266221185,19854605.809682503,399.3466982276606,311.84621424253277
0.02456056180137455,0.55,0.015,263.16809339661717,44.49708434300637,1.6203059252965701,0.0,262045.28988479657,6289.020265944772,19854632.306494944,399.34681758544855,311.84626084523626
0.02456056180137455,0.5833333333333334,-0.005,262.87928338101665,43.98641270797168,1.9409371794516768,0.0,261940.57335313136,6289.020604097634,19826560.24461837,399.2203159147663,311.7968649369235
0.02456056180137455,0.5833333333333334,0.005,262.87928338101665,43.986396785127035,1.9412493996847515,0.0,261940.4967931629,6289.020604362568,19826534.30631632,399.220198941621,311.7968192580575
0.02456056180137455,0.5833333333333334,0.015,262.87928338101665,43.98641270797168,1.9409371794516768,0.0,261940.57335313136,6289.020604097634,19826560.24461837,399.2203159147663,311.7968649369235
0.02456056180137455,0.6166666666666667,-0.005,262.59689059874836,43.43991193644345,2.251727429589222,0.0,261836.41191232097,6289.020936957515,19799118.936547197,399.09652306839575,311.74851918331035
0.02456056180137455,0.6166666666666667,0.005,262.59689059874836,43.43989657145133,2.2520123989044616,0.0,261836.34182279822,6289.020937179369,19799095.19757849,399.0964158884613,311.748477322274
0.02456056180137455,0.6166666666666667,0.015,262.59689059874836,43.43991193644345,2.251727429589222,0.0,261836.41191232097,6289.020936957515,19799118.936547197,399.09652306839575,311.74851918331035
0.02456056180137455,0.65,-0.005,262.33913866364486,42.85306085405845,2.5306435211887446,0.0,261737.8347977933,6289.021234760754,19774077.83599859,398.9834387506874,311.704348958556
0.02456056180137455,0.65,0.005,262.33913866364486,42.85304727100989,2.530885241241003,0.0,261737.77500948348,6289.02123492162,19774057.591397826,398.98334724426314,311.70431321402464
0.02456056180137455,0.65,0.015,262.33913866364486,42.85306085405845,2.5306435211887446,0.0,261737.8347977933,6289.021234760754,19774077.83599859,398.9834387506874,311.704348958556
0.02456056180137455,0.6833333333333333,-0.005,262.1204886413444,42.21988673817018,2.759911246604058,0.0,261648.75374734378,6289.021484153941,19752839.806889568,398.88744012675147,311.6668474161046
0.02456056180137455,0.6833333333333333,0.005,262.1204886413444,42.21987582248587,2.7601011485902514,0.0,261648.7062899331,6289.021484254574,19752823.74039243,398.88736743208057,311.66681901646393
0.02456056180137455,0.6833333333333333,0.015,262.1204886413444,42.21988673817018,2.759911246604058,0.0,261648.75374734378,6289.021484153941,19752839.806889568,398.88744012675147,311.6668474161046
0.02456056180137455,0.7166666666666667,-0.005,261.948670095013,41.53161479613165,2.9294940868826083,0.0,261571.0764813233,6289.021691448437,19736153.67965418,398.8119657628785,311.6373604387137
0.02456056180137455,0.7166666666666667,0.005,261.948670095013,41.53160679822415,2.929632126294764,0.0,261571.04131875825,6289.021691503001,19736141.77685814,398.811911862521,311.63733937945875
0.02456056180137455,0.7166666666666667,0.015,261.948670095013,41.53161479613165,2.9294940868826083,0.0,261571.0764813233,6289.021691448437,19736153.67965418,398.8119657628785,311.6373604387137
0.02456056180137455,0.7499999999999999,-0.005,261.8236866118351,40.77545073247474,3.0382221108045226,0.0,261504.39058134545,6289.021876535969,19724018.403263036,398.757060801251,311.6159079401303
0.02456056180137455,0.7499999999999999,0.005,261.8236866118351,40.7754454229516,3.0383153233608633,0.0,261504.36597244663,6289.021876562223,19724010.07273245,398.7570230537919,311.615893190913
0.02456056180137455,0.7499999999999999,0.015,261.8236866118351,40.77545073247474,3.0382221108045226,0.0,261504.39058134545,6289.021876535969,19724018.403263036,398.757060801251,311.6159079401303
0.02456056180137455,0.7833333333333333,-0.005,261.73913818879277,39.93267787582644,3.0920823323029323,0.0,261446.28372137793,6289.02206399532,19715811.73968667,398.71994507569735,311.6014052255706
0.02456056180137455,0.7833333333333333,0.005,261.73913818879277,39.93267469805243,3.092141572800727,0.0,261446.26700562242,6289.022064007235,19715806.07986353,398.7199194187069,311.6013952000445
0.02456056180137455,0.7833333333333333,0.015,261.73913818879277,39.93267787582644,3.0920823323029323,0.0,261446.28372137793,6289.02206399532,19715811.73968667,398.71994507569735,311.6014052255706
0.02456056180137455,0.8166666666666667,-0.005,261.68517352988755,38.97535307714402,3.100412016437384,0.0,261393.08789177233,6289.022278580496,19710576.893858444,398.6963084599837,311.5921690286861
0.02456056180137455,0.8166666666666667,0.005,261.68517352988755,38.97535136738419,3.1004483819231865,0.0,261393.07634924416,6289.02227858622,19710572.984272104,398.6962907322869,311.59216210134383
0.02456056180137455,0.8166666666666667,0.015,261.68517352988755,38.97535307714402,3.100412016437384,0.0,261393.08789177233,6289.022278580496,19710576.893858444,398.6963084599837,311.5921690286861
0.02456056180137455,0.85,-0.005,261.65171417720046,37.85972520111748,3.071454464251028,0.0,261340.61223521593,6289.022548318267,19707335.51431928,398.6817351349219,311.5864742487672
0.02456056180137455,0.85,0.005,261.65171417720046,37.85972437506699,3.071476793829274,0.0,261340.60368711397,6289.022548321587,19707332.618378624,398.681722001404,311.58646911657
0.02456056180137455,0.85,0.015,261.65171417720046,37.85972520111748,3.071454464251028,0.0,261340.61223521593,6289.022548318267,19707335.51431928,398.6817351349219,311.5864742487672
0.02456056180137455,0.8833333333333333,-0.005,261.63068735876885,36.51129978410655,3.0083463897337412,0.0,261284.37106647302,6289.02291723249,19705304.717098802,398.67269824582604,311.5829428750926
0.02456056180137455,0.8833333333333333,0.005,261.63068735876885,36.511299425080765,3.0083604137592395,0.0,261284.36407813567,6289.022917234906,19705302.35027882,398.67268751094446,311.5829386801653
0.02456056180137455,0.8833333333333333,0.015,261.63068735876885,36.51129978410655,3.0083463897337412,0.0,261284.37106647302,6289.02291723249,19705304.717098802,398.67269824582604,311.5829428750926
0.02456056180137455,0.9166666666666667,-0.005,261.6167302429299,34.78490838698516,2.9047021992565547,0.0,261218.72875485645,6289.023482765982,19703966.50358675,398.6668954451878,311.58067527527083
0.02456056180137455,0.9166666666666667,0.005,261.6167302429299,34.784908232621675,2.9047109893426595,0.0,261218.72252418922,6289.0234827679915,19703964.39544744,398.6668858829923,311.58067153857314
0.02456056180137455,0.9166666666666667,0.015,261.6167302429299,34.78490838698516,2.9047021992565547,0.0,261218.72875485645,6289.023482765982,19703966.50358675,398.6668954451878,311.58067527527083
0.02456056180137455,0.95,-0.005,261.6065557935913,32.323243807819054,2.7327337893820394,0.0,261133.1486210268,6289.024568835754,19703011.360491842,398.66307639438105,311.5791828698408
0.02456056180137455,0.95,0.005,261.6065557935913,32.32324366433176,2.7327387189333137,0.0,261133.14274135773,6289.0245688372825,19703009.374665484,398.66306738645625,311.5791793497231
0.02456056180137455,0.95,0.015,261.6065557935913,32.323243807819054,2.7327337893820394,0.0,261133.1486210268,6289.024568835754,19703011.360491842,398.66307639438105,311.5791828698408
0.02456056180137455,0.9833333333333333,-0.005,261.59677075649347,27.654280225752064,2.3654988773870347,0.0,260990.51380007,6289.027415860501,19702147.177258912,398.6605029624037,311.5781772222475
0.02456056180137455,0.9833333333333333,0.005,261.59677075649347,27.654280089610346,2.3655004872444443,0.0,260990.50805534856,6289.027415861198,19702145.240061607,398.66049417436125,311.57817378804435
0.02456056180137455,0.9833333333333333,0.015,261.59677075649347,27.654280225752064,2.3654988773870347,0.0,260990.51380007,6289.027415860501,19702147.177258912,398.6605029624037,311.5781772222475
0.02456056180137455,1.0166666666666668,-0.005,261.59677066344534,9.831499330447224e-09,8.409691522631367e-10,0.0,260990.51377328546,6289.992881536443,19731267.146829143,399.2497272945135,311.8083500827681
0.02456056180137455,1.0166666666666668,0.005,261.59677057039715,-27.65428022575225,-2.3654988773870507,0.0,260990.51374650098,6289.027415860458,19702147.15920008,398.6605028804566,311.57817719022404
0.02456056180137455,1.0166666666666668,0.015,261.59677066344534,9.831499330447224e-09,8.409691522631367e-10,0.0,260990.51377328546,6289.992881536443,19731267.146829143,399.2497272945135,311.8083500827681
0.025285820227857945,-0.016666666666666666,-0.005,264.5818922357761,49.88054039979912,1.6784564560568644e-18,0.0,262702.0494256964,6289.019199718593,19992170.41616784,399.96488679413517,312.087489827048
0.025285820227857945,-0.016666666666666666,0.005,264.5818922357761,49.88054039979913,-0.008342994531098716,0.0,262702.0494256964,6289.019199631578,19992170.413506664,399.9648867408957,312.0874898062769
0.025285820227857945,-0.016666666666666666,0.015,264.5818922357761,49.88054039979912,1.6784564560568644e-18,0.0,262702.0494256964,6289.019199718593,19992170.41616784,399.96488679413517,312.087489827048
0.025285820227857945,0.016666666666666666,-0.005,264.5818922357761,49.88054039979912,0.008342994531098715,0.0,262702.0494256964,6289.019199631578,19992170.41350667,399.9648867408957,312.0874898062769
0.025285820227857945,0.016666666666666666,0.005,264.5818922357761,49.88054081141734,0.008344222988709408,0.0,262702.0452486191,6289.019199631977,19992168.981882893,399.96488031959586,312.0874873010478
0.025285820227857945,0.016666666666666666,0.015,264.5818922357761,49.88054039979912,0.008342994531098715,0.0,262702.0494256964,6289.019199631578,19992170.41350667,399.9648867408957,312.0874898062769
0.025285820227857945,0.05000000000000001,-0.005,264.5795293454463,49.6337404816081,0.024534163227915032,0.0,262689.09517425945,6289.019200231714,19991940.329289995,399.96385498793944,312.08708727419406
0.025285820227857945,0.05000000000000001,0.005,264.5795293454463,49.63374075898285,0.024537991227973628,0.0,262689.0908751346,6289.019200232186,19991938.858326416,399.96384839015775,312.08708470010833
0.025285820227857945,0.05000000000000001,0.015,264.5795293454463,49.6337404816081,0.024534163227915032,0.0,262689.09517425945,6289.019200231714,19991940.329289995,399.96385498793944,312.08708727419406
0.025285820227857945,0.08333333333333333,-0.005,264.5749470663197,49.37926551520608,0.040659589580537815,0.0,262675.18945347314,6289.019201020137,19991494.137898777,399.9618539539929,312.0863065816024
0.025285820227857945,0.08333333333333333,0.005,264.5749470663197,49.379265632300275,0.040666321970711995,0.0,262675.1848832075,6289.0192010207375,19991492.57713978,399.96184695337416,312.0863038503454
0.025285820227857945,0.08333333333333333,0.015,264.5749470663197,49.37926551520608,0.040659589580537815,0.0,262675.18945347314,6289.019201020137,19991494.137898777,399.9618539539929,312.0863065816024
0.025285820227857945,0.11666666666666668,-0.005,264.5678231350343,49.1165953856203,0.05727079190229251,0.0,262660.2206149633,6289.019202048374,19990800.474084344,399.9587429182397,312.0850928239199
0.025285820227857945,0.11666666666666668,0.005,264.5678231350343,49.11659531219809,0.05728104377430129,0.0,262660.21557312977,6289.019202049193,19990798.755621076,399.9587352101231,312.08508981662436
0.025285820227857945,0.11666666666666668,0.015,264.5678231350343,49.1165953856203,0.05727079190229251,0.0,262660.2206149633,6289.019202048374,19990800.474084344,399.9587429182397,312.0850928239199
0.025285820227857945,0.15,-0.005,264.5575800575226,48.84514248214237,0.07516761279398049,0.0,262644.00165483006,6289.019203416058,19989803.133103248,399.95426971137914,312.083347612562
0.025285820227857945,0.15,0.005,264.5575800575226,48.845142178681826,0.07518243104101151,0.0,262643.995846599,6289.019203417259,19989801.156958655,399.95426084721976,312.083344154221
0.025285820227857945,0.15,0.015,264.5575800575226,48.84514248214237,0.07516761279398049,0.0,262644.00165483006,6289.019203416058,19989803.133103248,399.95426971137914,312.083347612562
0.025285820227857945,0.18333333333333332,-0.005,264.54325787798933,48.5642372099137,0.0955655605298539,0.0,262626.23336145654,6289.019205318027,19988408.6862904,399.9480151368538,312.08090738834784
0.025285820227857945,0.18333333333333332,0.005,264.54325787798933,48.56423661983083,0.09558661995237365,0.0,262626.2263457767,6289.019205319922,19988406.302854966,399.94800444539015,312.0809032170536
0.025285820227857945,0.18333333333333332,0.015,264.54325787798933,48.5642372099137,0.0955655605298539,0.0,262626.23336145654,6289.019205318027,19988408.6862904,399.9480151368538,312.08090738834784
0.025285820227857945,0.21666666666666667,-0.005,264.52333523460254,48.27310802633327,0.12031929311783685,0.0,262606.45250903204,6289.019208144342,19986469.06577168,399.9393147931188,312.0775129147772
0.025285820227857945,0.21666666666666667,0.005,264.52333523460254,48.27310706483722,0.12034913965490056,0.0,262606.44363640144,6289.019208147543,19986466.054728076,399.93930128573766,312.0775076447902
0.025285820227857945,0.21666666666666667,0.015,264.52333523460254,48.27310802633327,0.12031929311783685,0.0,262606.45250903204,6289.019208144342,19986469.06577168,399.9393147931188,312.0775129147772
0.025285820227857945,0.25,-0.005,264.4955092962194,47.97085473632362,0.15219285036806646,0.0,262583.9681012523,6289.01921268412,19983760.151603535,399.92716289757414,312.07277174279704
0.025285820227857945,0.25,0.005,264.4955092962194,47.970853276112265,0.15223514848905956,0.0,262583.95645089925,6289.019212689856,19983756.200673334,399.9271451727755,312.0727648272539
0.025285820227857945,0.25,0.015,264.4955092962194,47.97085473632362,0.15219285036806646,0.0,262583.9681012523,6289.01921268412,19983760.151603535,399.92716289757414,312.07277174279704
0.025285820227857945,0.2833333333333333,-0.005,264.4564723956689,47.656414709472735,0.19513297162692328,0.0,262557.7965185105,6289.019220513609,19979960.049737904,399.9101145910595,312.0661200703656
0.025285820227857945,0.2833333333333333,0.005,264.4564723956689,47.656412565406,0.19519266806528215,0.0,262557.7808563115,6289.0192205242365,19979954.740473926,399.9100907703263,312.0661107762222
0.025285820227857945,0.2833333333333333,0.015,264.4564723956689,47.656414709472735,0.19513297162692328,0.0,262557.7965185105,6289.019220513609,19979960.049737904,399.9101145910595,312.0661200703656
0.025285820227857945,0.31666666666666665,-0.005,264.4017637189619,47.32852382868438,0.2544524147201446,0.0,262526.6181283112,6289.019234658104,19974634.70157493,399.88622087938256,312.05679731382065
0.025285820227857945,0.31666666666666665,0.005,264.4017637189619,47.328520746602294,0.254535681188299,0.0,262526.59691933094,6289.019234677895,19974627.51365932,399.8861886257149,312.0567847290204
0.025285820227857945,0.31666666666666665,0.015,264.4017637189619,47.32852382868438,0.2544524147201446,0.0,262526.6181283112,6289.019234658104,19974634.70157493,399.88622087938256,312.05679731382065
0.025285820227857945,0.3499999999999999,-0.005,264.32581931364194,46.985677401044065,0.3367764890662098,0.0,262488.7908916031,6289.019260542538,19967242.84029397,399.8530499308348,312.04385433892304
0.025285820227857945,0.3499999999999999,0.005,264.32581931364194,46.98567305939736,0.33689027661045534,0.0,262488.7624086525,6289.019260578572,19967233.188332945,399.8530066125269,312.0438374361982
0.025285820227857945,0.3499999999999999,0.015,264.32581931364194,46.985677401044065,0.3367764890662098,0.0,262488.7908916031,6289.019260542538,19967242.84029397,399.8530499308348,312.04385433892304
0.025285820227857945,0.38333333333333336,-0.005,264.22237119473886,46.626100167741974,0.4495737539736412,0.0,262442.46441382694,6289.019306992576,19957174.978722997,399.807860416673,312.02622097510346
0.025285820227857945,0.38333333333333336,0.005,264.22237119473886,46.62609420296144,0.4497248178437959,0.0,262442.42697674804,6289.019307055192,19957162.293272886,399.8078034689106,312.0261987529344
0.025285820227857945,0.38333333333333336,0.015,264.22237119473886,46.626100167741974,0.4495737539736412,0.0,262442.46441382694,6289.019306992576,19957174.978722997,399.807860416673,312.02622097510346
0.025285820227857945,0.4166666666666667,-0.005,264.0853234854715,46.24773688411056,0.6001193343382043,0.0,262385.8311609675,6289.01938658717,19943838.855657957,399.74798264983923,312.0028545849631
0.025285820227857945,0.4166666666666667,0.005,264.0853234854715,46.247728948974306,0.600312706033282,0.0,262385.78351174144,6289.019386688988,19943822.71023627,399.7479101423693,312.00282628896207
0.025285820227857945,0.4166666666666667,0.015,264.0853234854715,46.24773688411056,0.6001193343382043,0.0,262385.8311609675,6289.01938658717,19943838.855657957,399.74798264983923,312.0028545849631
0.025285820227857945,0.45,-0.005,263.91012834313807,45.8482725072572,0.793863315605933,0.0,262317.5209451324,6289.019514214043,19926793.464890767,399.6714176647442,311.9729737113666
0.025285820227857945,0.45,0.005,263.91012834313807,45.84826236334756,0.7941004160595613,0.0,262317.46270973934,6289.019514366536,19926773.73244459,399.67132900274163,311.9729391077536
0.025285820227857945,0.45,0.015,263.91012834313807,45.8482725072572,0.793863315605933,0.0,262317.5209451324,6289.019514214043,19926793.464890767,399.6714176647442,311.9729737113666
0.025285820227857945,0.48333333333333334,-0.005,263.6954891623767,45.4251806576076,1.0324058232778983,0.0,262237.0882467951,6289.019702830271,19905914.721151277,399.57757987157174,311.936347907479
0.025285820227857945,0.48333333333333334,0.005,263.6954891623767,45.42516828786015,1.0326826800484676,0.0,262237.02036856813,6289.019703037879,19905891.721043963,399.5774764572449,311.93630754148865
0.025285820227857945,0.48333333333333334,0.015,263.6954891623767,45.4251806576076,1.0324058232778983,0.0,262237.0882467951,6289.019702830271,19905914.721151277,399.57757987157174,311.936347907479
0.025285820227857945,0.5166666666666667,-0.005,263.44497526654663,44.9757797973718,1.3115661570376558,0.0,262145.472033625,6289.019956833167,19881552.145698104,399.4680036361986,311.89357379291954
0.025285820227857945,0.5166666666666667,0.005,263.44497526654663,44.97576550659349,1.3118723953595461,0.0,262145.39701342856,6289.0199570871755,19881526.725405354,399.4678892429306,311.8935291353657
0.025285820227857945,0.5166666666666667,0.015,263.44497526654663,44.9757797973718,1.3115661570376558,0.0,262145.472033625,6289.019956833167,19881552.145698104,399.4680036361986,311.89357379291954
0.025285820227857945,0.55,-0.005,263.1679424271166,44.497252230622706,1.6202587191394822,0.0,262045.25400818294,6289.020265920438,19854617.630612556,399.34675139225664,311.8462350004075
0.025285820227857945,0.55,0.005,263.1679424271166,44.497236689432626,1.6205779927342296,0.0,262045.17579076492,6289.020266196838,19854591.127452996,399.34663200577126,311.8461883864953
0.025285820227857945,0.55,0.015,263.1679424271166,44.497252230622706,1.6202587191394822,0.0,262045.25400818294,6289.020265920438,19854617.630612556,399.34675139225664,311.8462350004075
0.025285820227857945,0.5833333333333334,-0.005,262.879152612688,43.98655770237909,1.9408953351449063,0.0,261940.54213914706,6289.020604074612,19826547.536518212,399.22025853305695,311.7968425289485
0.025285820227857945,0.5833333333333334,0.005,262.879152612688,43.98654184197812,1.9412075346671713,0.0,261940.4655654916,6289.020604339535,19826521.592680518,399.22014153485736,311.7967968402953
0.025285820227857945,0.5833333333333334,0.015,262.879152612688,43.98655770237909,1.9408953351449063,0.0,261940.54213914706,6289.020604074612,19826547.536518212,399.22025853305695,311.7968425289485
0.025285820227857945,0.6166666666666668,-0.005,262.596777740811,43.44003670299228,2.251690506674945,0.0,261836.3848511588,6289.020936937114,19799107.97240426,399.09647350780506,311.7484998265378
0.025285820227857945,0.6166666666666668,0.005,262.596777740811,43.44002139205234,2.2519754576121165,0.0,261836.31474968197,6289.020937158957,19799084.22862383,399.0963663060743,311.74845795698593
0.025285820227857945,0.6166666666666668,0.015,262.596777740811,43.44003670299228,2.251690506674945,0.0,261836.3848511588,6289.020936937114,19799107.97240426,399.09647350780506,311.7484998265378
0.025285820227857945,0.65,-0.005,262.33904159995745,42.853167759182895,2.5306110985957573,0.0,261737.8114140158,6289.021234743934,19774068.408991728,398.98339609680613,311.70433229696135
0.025285820227857945,0.65,0.005,262.33904159995745,42.85315422266517,2.5308528024228325,0.0,261737.7516152979,6289.021234904793,19774048.16022235,398.9833045714868,311.7042965450472
0.025285820227857945,0.65,0.015,262.33904159995745,42.853167759182895,2.5306110985957573,0.0,261737.8114140158,6289.021234743934,19774068.408991728,398.98339609680613,311.70433229696135
0.025285820227857945,0.6833333333333333,-0.005,262.1204054251603,42.21997796902488,2.7598829379544343,0.0,261648.7336024791,6289.021484141158,19752831.72680082,398.8874035374787,311.6668331217669
0.025285820227857945,0.6833333333333333,0.005,262.1204054251603,42.21996709332378,2.7600728257131784,0.0,261648.68613603452,6289.021484241786,19752815.656701997,398.8873308264757,311.66680471574443
0.025285820227857945,0.6833333333333333,0.015,262.1204054251603,42.21997796902488,2.7598829379544343,0.0,261648.7336024791,6289.021484141158,19752831.72680082,398.8874035374787,311.6668331217669
0.025285820227857945,0.7166666666666667,-0.005,261.9485989326856,41.5316923812319,2.929469548790494,0.0,261571.05916911614,6289.021691439534,19736146.771360647,398.81193446031625,311.63734820857906
0.025285820227857945,0.7166666666666667,0.005,261.9485989326856,41.53168441757553,2.929607575828525,0.0,261571.0239987243,6289.0216914940975,19736134.865458667,398.81188054587125,311.6373271438192
0.025285820227857945,0.7166666666666667,0.015,261.9485989326856,41.5316923812319,2.929469548790494,0.0,261571.05916911614,6289.021691439534,19736146.771360647,398.81193446031625,311.63734820857906
0.025285820227857945,0.7499999999999999,-0.005,261.8236258506953,40.77551652506009,3.0382010448179386,0.0,261504.37572328062,6289.021876530372,19724012.50559271,398.75703406617123,311.61589749382455
0.025285820227857945,0.7499999999999999,0.005,261.8236258506953,40.77551124480946,3.038294246724343,0.0,261504.3511076044,6289.021876556625,19724004.172385763,398.7569963065716,311.61588273986314
0.025285820227857945,0.7499999999999999,0.015,261.8236258506953,40.77551652506009,3.0382010448179386,0.0,261504.37572328062,6289.021876530372,19724012.50559271,398.75703406617123,311.61589749382455
0.025285820227857945,0.7833333333333333,-0.005,261.73908630130865,39.932733570682245,3.092064488935654,0.0,261446.27096310124,6289.022063992199,19715806.7038637,398.7199222409189,311.6013963028301
0.025285820227857945,0.7833333333333333,0.005,261.73908630130865,39.93273041789781,3.0921237203975926,0.0,261446.25424146833,6289.022064004113,19715801.04173199,398.7198965734556,311.6013862732115
0.025285820227857945,0.7833333333333333,0.015,261.73908630130865,39.932733570682245,3.092064488935654,0.0,261446.27096310124,6289.022063992199,19715806.7038637,398.7199222409189,311.6013963028301
0.025285820227857945,0.8166666666666667,-0.005,261.6851290934319,38.97540022778929,3.100397202155355,0.0,261393.07689860614,6289.0222785790265,19710572.581492044,398.69628890223134,311.59216138622435
0.025285820227857945,0.8166666666666667,0.005,261.6851290934319,38.975398539378816,3.10043356013305,0.0,261393.06535095826,6289.022278584749,19710568.66990682,398.6962711654663,311.5921544553384
0.025285820227857945,0.8166666666666667,0.015,261.6851290934319,38.97540022778929,3.100397202155355,0.0,261393.07689860614,6289.0222785790265,19710572.581492044,398.69628890223134,311.59216138622435
0.025285820227857945,0.85,-0.005,261.65167584903077,37.85976523755099,3.071442553013546,0.0,261340.6026862317,6289.0225483177355,19707331.794914387,398.68171826460247,311.58646765633654
0.025285820227857945,0.85,0.005,261.65167584903077,37.859764429804365,3.0714648765552277,0.0,261340.59413362996,6289.022548321058,19707328.897229142,398.6817051231698,311.5864625210464
0.025285820227857945,0.85,0.015,261.65167584903077,37.85976523755099,3.071442553013546,0.0,261340.6026862317,6289.0225483177355,19707331.794914387,398.68171826460247,311.58646765633654
0.025285820227857945,0.8833333333333332,-0.005,261.6306538452993,36.511334032572,3.0083373404838705,0.0,261284.36264654543,6289.022917232464,19705301.46502291,398.6726834942195,311.58293711052806
0.025285820227857945,0.8833333333333332,0.005,261.6306538452993,36.51133368935754,3.008351359926353,0.0,261284.35565419198,6289.022917234881,19705299.096658856,398.6726727523325,311.5829329128631
0.025285820227857945,0.8833333333333332,0.015,261.6306538452993,36.511334032572,3.0083373404838705,0.0,261284.36264654543,6289.022917232464,19705301.46502291,398.6726834942195,311.58293711052806
0.025285820227857945,0.9166666666666666,-0.005,261.6167002616513,34.78493809601844,2.90469608016464,0.0,261218.72114349733,6289.023482766175,19703963.59433165,398.6668822480339,311.58067011811056
0.025285820227857945,0.9166666666666666,0.005,261.6167002616513,34.78493795549377,2.904704867151352,0.0,261218.71490915905,6289.0234827681825,19703961.484795343,398.66687267950016,311.5806663789359
0.025285820227857945,0.9166666666666666,0.015,261.6167002616513,34.78493809601844,2.90469608016464,0.0,261218.72114349733,6289.023482766175,19703963.59433165,398.6668822480339,311.58067011811056
0.025285820227857945,0.95,-0.005,261.6065280228547,32.32327020536776,2.732730806979414,0.0,261133.1414750292,6289.02456883602,19703008.665777598,398.66306417000806,311.5791780927992
0.025285820227857945,0.95,0.005,261.6065280228547,32.32327007425395,2.732735735003859,0.0,261133.13559188595,6289.02456883755,19703006.678646438,398.6630551561632,311.5791745703681
0.025285820227857945,0.95,0.015,261.6065280228547,32.32327020536776,2.732730806979414,0.0,261133.1414750292,6289.02456883602,19703008.665777598,398.66306417000806,311.5791780927992
0.025285820227857945,0.9833333333333333,-0.005,261.59674374530994,27.654304932838826,2.3654993945370664,0.0,260990.5067091737,6289.027415854214,19702144.556071267,398.66049106803655,311.5781725741506
0.025285820227857945,0.9833333333333333,0.005,261.59674374530994,27.654304808218665,2.3655010045995546,0.0,260990.50096099582,6289.027415854915,19702142.617600672,398.66048227421845,311.57816913769045
0.025285820227857945,0.9833333333333333,0.015,261.59674374530994,27.654304932838826,2.3654993945370664,0.0,260990.5067091737,6289.027415854214,19702144.556071267,398.66049106803655,311.5781725741506
0.025285820227857945,1.0166666666666666,-0.005,261.5967429172199,8.750382532837898e-08,7.484919595575055e-09,0.0,260990.50647078725,6289.992883273973,19731264.502967637,399.2497161235312,311.808345720579
0.025285820227857945,1.0166666666666666,0.005,261.5967420891299,-27.654304932838638,-2.3654993945370504,0.0,260990.50623240074,6289.027415853838,19702144.395343512,398.66049033869405,311.57817228913717
0.025285820227857945,1.0166666666666666,0.015,261.5967429172199,8.750382532837898e-08,7.484919595575055e-09,0.0,260990.50647078725,6289.992883273973,19731264.502967637,399.2497161235312,311.808345720579
0.02601107865434134,-0.016666666666666666,-0.005,264.57864479760286,49.88474094240147,0.0,0.0,262701.3318494452,6289.019199810307,19991854.221033495,399.9634685488036,312.0869365072036
0.02601107865434134,-0.016666666666666666,0.005,264.57864479760286,49.88474094240147,-0.008258602044491631,0.0,262701.3318494452,6289.019199725043,19991854.218425926,399.96346849663576,312.08693648685056
0.02601107865434134,-0.016666666666666666,0.015,264.57864479760286,49.88474094240147,0.0,0.0,262701.3318494452,6289.019199810307,19991854.221033495,399.9634685488036,312.0869365072036
0.02601107865434134,0.016666666666666666,-0.005,264.57864479760286,49.88474094240147,0.008258602044491631,0.0,262701.3318494452,6289.019199725043,19991854.218425926,399.96346849663576,312.08693648685056
0.02601107865434134,0.016666666666666666,0.005,264.57864479760286,49.88474267182171,0.00825980301912898,0.0,262701.3274523924,6289.019199725496,19991852.689373147,399.96346163826365,312.0869338110958
0.02601107865434134,0.016666666666666666,0.015,264.57864479760286,49.88474094240147,0.008258602044491631,0.0,262701.3318494452,6289.019199725043,19991854.218425926,399.96346849663576,312.08693648685056
0.02601107865434134,0.05,-0.005,264.57635024758247,49.63775959402787,0.02430166345146422,0.0,262688.38705537893,6289.0192003200455,19991630.78948678,399.9624665811781,312.0865455949989
0.02601107865434134,0.05,0.005,264.57635024758247,49.637761139240496,0.02430541687154426,0.0,262688.3825381322,6289.019200320568,19991629.22268548,399.96245955345614,312.0865428531698
0.02601107865434134,0.05,0.015,264.57635024758247,49.63775959402787,0.02430166345146422,0.0,262688.38705537893,6289.0192003200455,19991630.78948678,399.9624665811781,312.0865455949989
0.02601107865434134,0.08333333333333333,-0.005,264.571874566157,49.38307423256101,0.040317559230376096,0.0,262674.50033600454,6289.019201100438,19991194.979324542,399.96051208572186,312.0857830578467
0.02601107865434134,0.08333333333333333,0.005,264.571874566157,49.38307556006824,0.04032417899101232,0.0,262674.4955515637,6289.019201101085,19991193.325155187,399.96050466603975,312.0857801630893
0.02601107865434134,0.08333333333333333,0.015,264.571874566157,49.38307423256101,0.040317559230376096,0.0,262674.50033600454,6289.019201100438,19991194.979324542,399.96051208572186,312.0857830578467
0.02601107865434134,0.11666666666666667,-0.005,264.56488628515586,49.12017506400493,0.05685217587362666,0.0,262659.5579482732,6289.019202118732,19990514.526241913,399.9574602691371,312.0845924023236
0.02601107865434134,0.11666666666666667,0.005,264.56488628515586,49.12017613802858,0.056862286123464306,0.0,262659.5526981998,6289.019202119594,19990512.717561815,399.9574521562645,312.08458923710884
0.02601107865434134,0.11666666666666667,0.015,264.56488628515586,49.12017506400493,0.05685217587362666,0.0,262659.5579482732,6289.019202118732,19990514.526241913,399.9574602691371,312.0845924023236
0.02601107865434134,0.15,-0.005,264.55479974279444,48.84848292280981,0.07469985814363787,0.0,262643.37098787347,6289.019203475206,19989532.430151757,399.9530553946522,312.0828738480025
0.02601107865434134,0.15,0.005,264.55479974279444,48.84848370003156,0.0747145138773227,0.0,262643.36497900094,6289.019203476442,19989530.36760828,399.9530461428378,312.08287023841285
0.02601107865434134,0.15,0.015,264.55479974279444,48.84848292280981,0.07469985814363787,0.0,262643.37098787347,6289.019203475206,19989532.430151757,399.9530553946522,312.0828738480025
0.02601107865434134,0.18333333333333332,-0.005,264.5406478784957,48.5673349803994,0.09507092847816995,0.0,262625.63855554175,6289.019205365106,19988154.5706172,399.94687516184246,312.08046262468355
0.02601107865434134,0.18333333333333332,0.005,264.5406478784957,48.567335402001554,0.09509181159621495,0.0,262625.63134815724,6289.019205367027,19988152.105087724,399.94686410199944,312.08045830965926
0.02601107865434134,0.18333333333333332,0.015,264.5406478784957,48.5673349803994,0.09507092847816995,0.0,262625.63855554175,6289.019205365106,19988154.5706172,399.94687516184246,312.08046262468355
0.02601107865434134,0.21666666666666667,-0.005,264.5209032916239,48.275964978340205,0.1198153100026405,0.0,262605.89596252696,6289.019208178519,19986232.291873056,399.93825252991826,312.07709846605263
0.02601107865434134,0.21666666666666667,0.005,264.5209032916239,48.27596495866874,0.11984497252112557,0.0,262605.8869081495,6289.019208181741,19986229.203395974,399.93823867501743,312.07709306047155
0.02601107865434134,0.21666666666666667,0.015,264.5209032916239,48.275964978340205,0.1198153100026405,0.0,262605.89596252696,6289.019208178519,19986232.291873056,399.93825252991826,312.07709846605263
0.02601107865434134,0.25,-0.005,264.4932581547282,47.97347672015212,0.1516928555113103,0.0,262583.45097868564,6289.019212704417,19983540.987690706,399.92617953141706,312.0723880704444
0.02601107865434134,0.25,0.005,264.4932581547282,47.97347613221474,0.15173496696082217,0.0,262583.4391572608,6289.019212710163,19983536.96422082,399.9261614809893,312.07238102784453
0.02601107865434134,0.25,0.015,264.4932581547282,47.97347672015212,0.1516928555113103,0.0,262583.45097868564,6289.019212704417,19983540.987690706,399.92617953141706,312.0723880704444
0.02601107865434134,0.2833333333333333,-0.005,264.45440079530516,47.65881048238429,0.19464671913336887,0.0,262557.3189758381,6289.019220518712,19979758.374311432,399.9092095542966,312.06576695167644
0.02601107865434134,0.2833333333333333,0.005,264.45440079530516,47.65880914232542,0.19470623033031362,0.0,262557.3031536781,6289.019220529337,19979752.997523364,399.9091854303538,312.065757539219
0.02601107865434134,0.2833333333333333,0.015,264.45440079530516,47.65881048238429,0.19464671913336887,0.0,262557.3189758381,6289.019220518712,19979758.374311432,399.9092095542966,312.06576695167644
0.02601107865434134,0.31666666666666665,-0.005,264.39986730657125,47.33070415049134,0.25398668797986795,0.0,262526.1795264776,6289.019234646301,19974450.092319693,399.88539224970657,312.056473997283
0.02601107865434134,0.31666666666666665,0.005,264.39986730657125,47.33070180621646,0.2540697738078895,0.0,262526.1581688294,6289.019234666079,19974442.841918916,399.885359715334,312.0564613029436
0.02601107865434134,0.31666666666666665,0.015,264.39986730657125,47.33070415049134,0.25398668797986795,0.0,262526.1795264776,6289.019234646301,19974450.092319693,399.88539224970657,312.056473997283
0.02601107865434134,0.35,-0.005,264.3240914546921,46.98765430524218,0.336335691570228,0.0,262488.3899915961,6289.0192605118955,19967074.653053448,399.85229478633147,312.04355968278287
0.02601107865434134,0.35,0.005,264.3240914546921,46.9876506378657,0.3364493054259584,0.0,262488.36137123394,6289.019260547903,19967064.94358538,399.85225120953163,312.0435426791789
0.02601107865434134,0.35,0.015,264.3240914546921,46.98765430524218,0.336335691570228,0.0,262488.3899915961,6289.0192605118955,19967074.653053448,399.85229478633147,312.04355968278287
0.02601107865434134,0.38333333333333336,-0.005,264.22080366782865,46.6278863916655,0.44916044779706865,0.0,262442.0995480642,6289.019306941286,19957022.414979227,399.8071751411221,312.02595356661396
0.02601107865434134,0.38333333333333336,0.005,264.22080366782865,46.627881040713724,0.4493113465682584,0.0,262442.0619846118,6289.019307003863,19957009.67687012,399.80711795648165,312.02593125199115
0.02601107865434134,0.38333333333333336,0.015,264.22080366782865,46.6278863916655,0.44916044779706865,0.0,262442.0995480642,6289.019306941286,19957022.414979227,399.8071751411221,312.02595356661396
0.02601107865434134,0.4166666666666667,-0.005,264.0839070526194,46.249345437825,0.5997347074650553,0.0,262385.5003780141,6289.01938651412,19943701.017792866,399.7473631853027,312.0026128391795
0.02601107865434134,0.4166666666666667,0.005,264.0839070526194,46.249338059457834,0.5999279236943033,0.0,262385.452613092,6289.01938661589,19943684.824375406,399.74729046173155,312.00258445882315
0.02601107865434134,0.4166666666666667,0.015,264.0839070526194,46.249345437825,0.5997347074650553,0.0,262385.5003780141,6289.01938651412,19943701.017792866,399.7473631853027,312.0026128391795
0.02601107865434134,0.45,-0.005,263.908853197556,45.84971635890073,0.7935075697564876,0.0,262317.2221268097,6289.019514119544,19926669.399413243,399.6708597119112,311.9727559496534
0.02601107865434134,0.45,0.005,263.908853197556,45.849706718246544,0.7937445249463441,0.0,262317.16378593195,6289.019514271979,19926649.62340852,399.67077085357386,311.9727212693893
0.02601107865434134,0.45,0.015,263.908853197556,45.84971635890073,0.7935075697564876,0.0,262317.2221268097,6289.019514119544,19926669.399413243,399.6708597119112,311.9727559496534
0.02601107865434134,0.48333333333333334,-0.005,263.6943452635211,45.42647251292846,1.0320784834246595,0.0,262236.81919853867,6289.019702716745,19905803.45090705,399.5770790413053,311.9361524170148
0.02601107865434134,0.48333333333333334,0.005,263.6943452635211,45.42646059653576,1.032355205342224,0.0,262236.75122449995,6289.019702924289,19905780.411423203,399.57697544928266,311.93611198163853
0.02601107865434134,0.48333333333333334,0.015,263.6943452635211,45.42647251292846,1.0320784834246595,0.0,262236.81919853867,6289.019702716745,19905803.45090705,399.5770790413053,311.9361524170148
0.02601107865434134,0.5166666666666667,-0.005,263.4439525783229,44.97693195305737,1.3112663109983245,0.0,262145.23055021977,6289.019956705438,19881452.692706943,399.46755555778174,311.89339886925023
0.02601107865434134,0.5166666666666667,0.005,263.4439525783229,44.976918069339305,1.3115724248305984,0.0,262145.1554433004,6289.019956959381,19881427.23694557,399.4674410042578,311.8933541491096
0.02601107865434134,0.5166666666666667,0.015,263.4439525783229,44.97693195305737,1.3112663109983245,0.0,262145.23055021977,6289.019956705438,19881452.692706943,399.46755555778174,311.89339886925023
0.02601107865434134,0.55,-0.005,263.167031077968,44.49827648411578,1.619985199822038,0.0,262045.03791791748,6289.020265785662,19854529.031483643,399.34635178516857,311.8460789756037
0.02601107865434134,0.55,0.005,263.167031077968,44.49826130723934,1.6203043590781188,0.0,262044.9596222548,6289.020266061999,19854502.49647873,399.34623225463065,311.8460323054236
0.02601107865434134,0.55,0.015,263.167031077968,44.49827648411578,1.619985199822038,0.0,262045.03791791748,6289.020265785662,19854529.031483643,399.34635178516857,311.8460789756037
0.02601107865434134,0.5833333333333334,-0.005,262.8783429956332,43.987465363055435,1.9406468623035305,0.0,261940.34933199626,6289.020603941313,19826468.852282487,399.2199032487645,311.7967037878114
0.02601107865434134,0.5833333333333334,0.005,262.8783429956332,43.98744982820425,1.9409589573616504,0.0,261940.2726879715,6289.020604206179,19826442.87993339,399.21978612146233,311.7966580487224
0.02601107865434134,0.5833333333333334,0.015,262.8783429956332,43.987465363055435,1.9406468623035305,0.0,261940.34933199626,6289.020603941313,19826468.852282487,399.2199032487645,311.7967037878114
0.02601107865434134,0.6166666666666667,-0.005,262.596060561722,43.44083869803158,2.2514657903168493,0.0,261836.21329237227,6289.020936813752,19799038.293602504,399.0961585451728,311.7483768122367
0.02601107865434134,0.6166666666666667,0.005,262.596060561722,43.44082367667574,2.251750646274804,0.0,261836.1431277475,6289.020937035551,19799014.524357073,399.0960512280416,311.74833489759664
0.02601107865434134,0.6166666666666667,0.015,262.596060561722,43.44083869803158,2.2514657903168493,0.0,261836.21329237227,6289.020936813752,19799038.293602504,399.0961585451728,311.7483768122367
0.02601107865434134,0.6499999999999999,-0.005,262.33840794754906,42.85387396570806,2.5304088663895365,0.0,261737.65912789636,6289.021234638001,19774006.863106575,398.98311762483064,311.70422351933155
0.02601107865434134,0.6499999999999999,0.005,262.33840794754906,42.85386068554047,2.5306504843161615,0.0,261737.59927262392,6289.021234798827,19773986.591643885,398.9830259966139,311.7041877272108
0.02601107865434134,0.6499999999999999,0.015,262.33840794754906,42.85387396570806,2.5304088663895365,0.0,261737.65912789636,6289.021234638001,19774006.863106575,398.98311762483064,311.70422351933155
0.02601107865434134,0.6833333333333333,-0.005,262.11984678861415,42.220597847694776,2.759702029934672,0.0,261648.59869681092,6289.0214840572435,19752777.48064384,398.8871578938187,311.6667371560975
0.02601107865434134,0.6833333333333333,0.005,262.11984678861415,42.220587198757954,2.7598918405672737,0.0,261648.5511798152,6289.021484157849,19752761.39035273,398.88708509122773,311.6667087142856
0.02601107865434134,0.6833333333333333,0.015,262.11984678861415,42.220597847694776,2.759702029934672,0.0,261648.59869681092,6289.0214840572435,19752777.48064384,398.8871578938187,311.6667371560975
0.02601107865434134,0.7166666666666667,-0.005,261.94810715417975,41.53223507574073,2.9293089810724906,0.0,261570.9398179851,6289.02169137883,19736099.02703738,398.81171812344866,311.63726368420674
0.02601107865434134,0.7166666666666667,0.005,261.94810715417975,41.53222731224968,2.9294469394796634,0.0,261570.9046024321,6289.021691433379,19736087.103180245,398.8116641275493,311.63724258761636
0.02601107865434134,0.7166666666666667,0.015,261.94810715417975,41.53223507574073,2.9293089810724906,0.0,261570.9398179851,6289.02169137883,19736099.02703738,398.81171812344866,311.63726368420674
0.02601107865434134,0.7499999999999999,-0.005,261.82319309337424,40.77599071025414,3.038060040209395,0.0,261504.270146621,6289.021876490804,19723970.497717384,398.7568436377383,311.61582308694386
0.02601107865434134,0.7499999999999999,0.005,261.82319309337424,40.77598560644233,3.0381531817581533,0.0,261504.24549056572,6289.021876517051,19723962.148536485,398.75680580566757,311.615808304662
0.02601107865434134,0.7499999999999999,0.015,261.82319309337424,40.77599071025414,3.038060040209395,0.0,261504.270146621,6289.021876490804,19723970.497717384,398.7568436377383,311.61582308694386
0.02601107865434134,0.7833333333333333,-0.005,261.73870499223335,39.93314749961041,3.091942521411189,0.0,261446.17741119603,6289.0220639695535,19715769.694064785,398.71975442116366,311.6013307268799
0.02601107865434134,0.7833333333333333,0.005,261.73870499223335,39.93314450230069,3.0920017006467244,0.0,261446.16065336097,6289.022063981465,19715764.01769039,398.7197286890828,311.6013206720097
0.02601107865434134,0.7833333333333333,0.015,261.73870499223335,39.93314749961041,3.091942521411189,0.0,261446.17741119603,6289.0220639695535,19715769.694064785,398.71975442116366,311.6013307268799
0.02601107865434134,0.8166666666666667,-0.005,261.6847918376974,38.97576178234612,3.10029405863476,0.0,261392.99363071236,6289.022278568321,19710539.849885438,398.6961404556158,311.5921033786539
0.02601107865434134,0.8166666666666667,0.005,261.6847918376974,38.975760231103926,3.1003303724827673,0.0,261392.98205043087,6289.022278574043,19710535.925541893,398.6961226609672,311.5920964251479
0.02601107865434134,0.8166666666666667,0.015,261.6847918376974,38.97576178234612,3.10029405863476,0.0,261392.99363071236,6289.022278568321,19710539.849885438,398.6961404556158,311.5921033786539
0.02601107865434134,0.8500000000000001,-0.005,261.6513753138982,37.86008198533955,3.0713584200930346,0.0,261340.52794077515,6289.022548314454,19707302.628550455,398.68158597337214,311.58641596076245
0.02601107865434134,0.8500000000000001,0.005,261.6513753138982,37.86008129901552,3.0713807077085007,0.0,261340.51935848792,6289.022548317776,19707299.719344016,398.6815727796678,311.5864108050452
0.02601107865434134,0.8500000000000001,0.015,261.6513753138982,37.86008198533955,3.0713584200930346,0.0,261340.52794077515,6289.022548314454,19707302.628550455,398.68158597337214,311.58641596076245
0.02601107865434134,0.8833333333333333,-0.005,261.6303826122892,36.51161330002832,3.0082729211209234,0.0,261284.29459919984,6289.022917233199,19705275.143219724,398.672564097356,311.58289045317014
0.02601107865434134,0.8833333333333333,0.005,261.6303826122892,36.51161306496869,3.008286913128618,0.0,261284.2875794642,6289.022917235618,19705272.764320042,398.6725533076681,311.5828862368251
0.02601107865434134,0.8833333333333333,0.015,261.6303826122892,36.51161330002832,3.0082729211209234,0.0,261284.29459919984,6289.022917233199,19705275.143219724,398.672564097356,311.58289045317014
0.02601107865434134,0.9166666666666666,-0.005,261.6164506400122,34.785187093601216,2.904652739513997,0.0,261218.6578462056,6289.023482768801,19703939.370329138,398.6667723619522,311.58062717702006
0.02601107865434134,0.9166666666666666,0.005,261.6164506400122,34.78518705039081,2.904661508070545,0.0,261218.65158610052,6289.023482770811,19703937.2509822,398.6667627489059,311.5806234204504
0.02601107865434134,0.9166666666666666,0.015,261.6164506400122,34.785187093601216,2.904652739513997,0.0,261218.6578462056,6289.023482768801,19703939.370329138,398.6667723619522,311.58062717702006
0.02601107865434134,0.9500000000000001,-0.005,261.60629179810564,32.323496413970005,2.7327107250780784,0.0,261133.08075294353,6289.024568839374,19702985.74217064,398.66296017921263,311.57913745526395
0.02601107865434134,0.9500000000000001,0.005,261.60629179810564,32.32349637181665,2.732715644455909,0.0,261133.07484488605,6289.024568840904,19702983.745678194,398.6629511228929,311.57913391623396
0.02601107865434134,0.9500000000000001,0.015,261.60629179810564,32.323496413970005,2.7327107250780784,0.0,261133.08075294353,6289.024568839374,19702985.74217064,398.66296017921263,311.57913745526395
0.02601107865434134,0.9833333333333333,-0.005,261.59651169976433,27.654519223950224,2.3655056363048286,0.0,260990.4458494383,6289.027415801724,19702122.036512967,398.66038887995717,311.57813264095205
0.02601107865434134,0.9833333333333333,0.005,261.59651169976433,27.65451918316767,2.365507248611877,0.0,260990.4400762346,6289.027415802452,19702120.08881909,398.660380044301,311.57812918814193
0.02601107865434134,0.9833333333333333,0.015,261.59651169976433,27.654519223950224,2.3655056363048286,0.0,260990.4458494383,6289.027415801724,19702122.036512967,398.66038887995717,311.57813264095205
0.02601107865434134,1.0166666666666668,-0.005,261.5965055716955,6.476028564354687e-07,5.539449767182822e-08,0.0,260990.4440853748,6289.992898353757,19731241.891758397,399.24962068956864,311.8083084542935
0.02601107865434134,1.0166666666666668,0.005,261.59649944362667,-27.65451922395041,-2.3655056363048446,0.0,260990.44232131128,6289.027415799881,19702120.847028162,398.66038348281177,311.57813053184805
0.02601107865434134,1.0166666666666668,0.015,261.5965055716955,6.476028564354687e-07,5.539449767182822e-08,0.0,260990.4440853748,6289.992898353757,19731241.891758397,399.24962068956864,311.8083084542935
0.02673633708082473,-0.016666666666666666,-0.005,264.56619171310734,49.90087262080415,0.0,0.0,262698.58156823966,6289.019201162783,19990641.656158075,399.958030086594,312.0848147149482
0.02673633708082473,-0.016666666666666666,0.005,264.56619171310734,49.90087262080415,-0.007965974802180354,0.0,262698.58156823966,6289.019201083454,19990641.65373214,399.95803003805764,312.0848146960119
0.02673633708082473,-0.016666666666666666,0.015,264.56619171310734,49.90087262080415,0.0,0.0,262698.58156823966,6289.019201162783,19990641.656158075,399.958030086594,312.0848147149482
0.02673633708082473,0.016666666666666666,-0.005,264.56619171310734,49.90087262080415,0.007965974802180354,0.0,262698.58156823966,6289.019201083454,19990641.65373214,399.95803003805764,312.0848146960119
0.02673633708082473,0.016666666666666666,0.005,264.56619171310734,49.900878357227825,0.00796710067436468,0.0,262698.57650848955,6289.019201084512,19990639.830492146,399.95802186000674,312.0848115053703
0.02673633708082473,0.016666666666666666,0.015,264.56619171310734,49.90087262080415,0.007965974802180354,0.0,262698.58156823966,6289.019201083454,19990641.65373214,399.95803003805764,312.0848146960119
0.02673633708082473,0.05000000000000001,-0.005,264.56409035619635,49.65330870157923,0.02348659980785782,0.0,262685.65896085603,6289.019201602647,19990437.038726546,399.95711243427735,312.08445669548627
0.02673633708082473,0.05000000000000001,0.005,264.56409035619635,49.65331413137308,0.023490147234950118,0.0,262685.65378306695,6289.019201603742,19990435.180894203,399.957104101006,312.0844534442821
0.02673633708082473,0.05000000000000001,0.015,264.56409035619635,49.65330870157923,0.02348659980785782,0.0,262685.65896085603,6289.019201602647,19990437.038726546,399.95711243427735,312.08445669548627
0.02673633708082473,0.08333333333333333,-0.005,264.5599188240622,49.397962354730176,0.03909841420623607,0.0,262671.8223746536,6289.019202291406,19990030.84983622,399.95529068085034,312.08374594231014
0.02673633708082473,0.08333333333333333,0.005,264.5599188240622,49.39796743019246,0.039104716211336384,0.0,262671.8169358381,6289.019202292588,19990028.909395438,399.9552819769214,312.08374254648714
0.02673633708082473,0.08333333333333333,0.015,264.5599188240622,49.397962354730176,0.03909841420623607,0.0,262671.8223746536,6289.019202291406,19990030.84983622,399.95529068085034,312.08374594231014
0.02673633708082473,0.11666666666666667,-0.005,264.5533247114395,49.13434625417569,0.055332304906395534,0.0,262656.9532642549,6289.019203207428,19989388.786313057,399.9524108913057,312.0826223953196
0.02673633708082473,0.11666666666666667,0.005,264.5533247114395,49.13435092752896,0.05534200629081968,0.0,262656.9473703326,6289.019203208781,19989386.69780154,399.95240152300426,312.08261874027966
0.02673633708082473,0.11666666666666667,0.015,264.5533247114395,49.13434625417569,0.055332304906395534,0.0,262656.9532642549,6289.019203207428,19989388.786313057,399.9524108913057,312.0826223953196
0.02673633708082473,0.15,-0.005,264.54370294429157,48.86190064567754,0.07296797068109846,0.0,262640.85818641627,6289.01920445506,19988451.95789734,399.9482088484229,312.0809829652636
0.02673633708082473,0.15,0.005,264.54370294429157,48.861904863889464,0.07298214576419354,0.0,262640.8515482126,6289.01920445674,19988449.62347739,399.9481983767652,312.0809788797281
0.02673633708082473,0.15,0.015,264.54370294429157,48.86190064567754,0.07296797068109846,0.0,262640.85818641627,6289.01920445506,19988451.95789734,399.9482088484229,312.0809829652636
0.02673633708082473,0.18333333333333335,-0.005,264.530068696291,48.579979213126165,0.09320168123289292,0.0,262623.23200999736,6289.019206232275,19987124.51456706,399.942254487201,312.07865985219763
0.02673633708082473,0.18333333333333335,0.005,264.530068696291,48.57998290997706,0.0932220297582267,0.0,262623.2241913718,6289.019206234591,19987121.786448564,399.9422422490404,312.07865507742235
0.02673633708082473,0.18333333333333335,0.015,264.530068696291,48.579979213126165,0.09320168123289292,0.0,262623.23200999736,6289.019206232275,19987124.51456706,399.942254487201,312.07865985219763
0.02673633708082473,0.21666666666666667,-0.005,264.5108785738377,48.28782948426493,0.11787014952430054,0.0,262603.60616777965,6289.019208930646,19985256.243953306,399.93387377234,312.07539006020295
0.02673633708082473,0.21666666666666667,0.005,264.5108785738377,48.28783256898353,0.11789923970784363,0.0,262603.5965233542,6289.019208934208,19985252.903309807,399.9338587856904,312.07538421303065
0.02673633708082473,0.21666666666666667,0.015,264.5108785738377,48.28782948426493,0.11787014952430054,0.0,262603.60616777965,6289.019208930646,19985256.243953306,399.93387377234,312.07539006020295
0.02673633708082473,0.25,-0.005,264.48381064026046,47.98456651882112,0.14972109596152988,0.0,262581.2849477761,6289.019213339347,19982621.167072475,399.9220525596478,312.0707778767085
0.02673633708082473,0.25,0.005,264.48381064026046,47.98456886149852,0.14976261174416866,0.0,262581.2725600878,6289.019213345376,19982616.902785238,399.9220334281333,312.07077041227063
0.02673633708082473,0.25,0.015,264.48381064026046,47.98456651882112,0.14972109596152988,0.0,262581.2849477761,6289.019213339347,19982621.167072475,399.9220525596478,312.0707778767085
0.02673633708082473,0.2833333333333333,-0.005,264.44554107074686,47.66913954417607,0.19268681716938033,0.0,262555.28067101847,6289.019221033356,19978895.818376612,399.90533891024023,312.06425673585755
0.02673633708082473,0.2833333333333333,0.005,264.44554107074686,47.66914096010065,0.19274572187916056,0.0,262555.26430843107,6289.019221044205,19978890.21283181,399.90531375898695,312.0642469225261
0.02673633708082473,0.2833333333333333,0.015,264.44554107074686,47.66913954417607,0.19268681716938033,0.0,262555.28067101847,6289.019221033356,19978895.818376612,399.90533891024023,312.06425673585755
0.02673633708082473,0.31666666666666665,-0.005,264.3915957787465,47.340293343121445,0.2520676551635208,0.0,262524.27031087753,6289.019235036033,19973644.84902107,399.88177800694365,312.055063780227
0.02673633708082473,0.31666666666666665,0.005,264.3915957787465,47.34029358121308,0.2521501342447593,0.0,262524.24844014115,6289.019235055967,19973637.38242086,399.8817445011761,312.05505070680726
0.02673633708082473,0.31666666666666665,0.015,264.3915957787465,47.340293343121445,0.2520676551635208,0.0,262524.27031087753,6289.019235036033,19973644.84902107,399.88177800694365,312.055063780227
0.02673633708082473,0.35,-0.005,264.3164002679742,46.996529612748176,0.3344785697341155,0.0,262486.60908397083,6289.019260770576,19966325.967590846,399.8489333883537,312.04224806745816
0.02673633708082473,0.35,0.005,264.3164002679742,46.996528356776366,0.33459158521107085,0.0,262486.57997882727,6289.019260806672,19966316.054769047,399.8488888972766,312.04223070703154
0.02673633708082473,0.35,0.015,264.3164002679742,46.996529612748176,0.3344785697341155,0.0,262486.60908397083,6289.019260770576,19966325.967590846,399.8489333883537,312.04224806745816
0.02673633708082473,0.38333333333333336,-0.005,264.21367849147845,46.63607741521368,0.44737976806093643,0.0,262440.44446176843,6289.019307062327,19956328.903328743,399.8040601890229,312.0247380459172
0.02673633708082473,0.38333333333333336,0.005,264.21367849147845,46.63607430874588,0.44753008360920443,0.0,262440.4064423086,6289.019307124923,19956315.974804405,399.80400214755866,312.02471539685587
0.02673633708082473,0.38333333333333336,0.015,264.21367849147845,46.63607741521368,0.44737976806093643,0.0,262440.44446176843,6289.019307062327,19956328.903328743,399.8040601890229,312.0247380459172
0.02673633708082473,0.4166666666666667,-0.005,264.0773286710309,46.256884174067146,0.5980398609758513,0.0,262383.96732629824,6289.019386492769,19943060.820420615,399.74448614727584,312.0014900738039
0.02673633708082473,0.4166666666666667,0.005,264.0773286710309,46.25687887842851,0.5982325142506172,0.0,262383.9191341632,6289.019386594491,19943044.449441276,399.744412623901,312.0014613812211
0.02673633708082473,0.4166666666666667,0.015,264.0773286710309,46.256884174067146,0.5980398609758513,0.0,262383.96732629824,6289.019386492769,19943060.820420615,399.74448614727584,312.0014900738039
0.02673633708082473,0.45,-0.005,263.9027988547482,45.85663623855752,0.7919040365538289,0.0,262315.8063794969,6289.019513956065,19926080.310436677,399.6682105330403,311.9717220076198
0.02673633708082473,0.45,0.005,263.9027988547482,45.85662852491361,0.7921404527184149,0.0,262315.7476398396,6289.019514108394,19926060.36948132,399.66812093082916,311.97168703691545
0.02673633708082473,0.45,0.015,263.9027988547482,45.85663623855752,0.7919040365538289,0.0,262315.8063794969,6289.019513956065,19926080.310436677,399.6682105330403,311.9717220076198
0.02673633708082473,0.48333333333333334,-0.005,263.68878973904197,45.432807672428815,1.0305688908196218,0.0,262235.5153794816,6289.019702419817,19905263.020701937,399.57464664065844,311.9352029695947
0.02673633708082473,0.48333333333333334,0.005,263.68878973904197,45.43279753401068,1.0308451001142893,0.0,262235.447034422,6289.019702627209,19905239.828502472,399.5745423590597,311.9351622649303
0.02673633708082473,0.48333333333333334,0.015,263.68878973904197,45.432807672428815,1.0305688908196218,0.0,262235.5153794816,6289.019702419817,19905263.020701937,399.57464664065844,311.9352029695947
0.02673633708082473,0.5166666666666667,-0.005,263.43886899949064,44.98271670699033,1.3098513184110412,0.0,262144.0328698347,6289.0199562950565,19880958.30490863,399.4653282091894,311.892529341448
0.02673633708082473,0.5166666666666667,0.005,263.43886899949064,44.982704459349435,1.310156947592523,0.0,262143.95741872763,6289.019956548821,19880932.708179522,399.4652130183198,311.8924843723709
0.02673633708082473,0.5166666666666667,0.015,263.43886899949064,44.98271670699033,1.3098513184110412,0.0,262144.0328698347,6289.0199562950565,19880958.30490863,399.4653282091894,311.892529341448
0.02673633708082473,0.55,-0.005,263.1623914969698,44.50354496588581,1.618664227631636,0.0,262043.9403393709,6289.020265293829,19854077.9577542,399.3443173859442,311.84528465229715
0.02673633708082473,0.55,0.005,263.1623914969698,44.50353129063696,1.6189829311603576,0.0,262043.86172522765,6289.020265569984,19854051.292953815,399.34419726787763,311.84523775259953
0.02673633708082473,0.55,0.015,263.1623914969698,44.50354496588581,1.618664227631636,0.0,262043.9403393709,6289.020265293829,19854077.9577542,399.3443173859442,311.84528465229715
0.02673633708082473,0.5833333333333334,-0.005,262.874118771157,43.99225158476465,1.9394187090428157,0.0,261939.345685662,6289.020603409699,19826058.289287332,399.21804948648486,311.7959798789649
0.02673633708082473,0.5833333333333334,0.005,262.874118771157,43.99223742732214,1.9397303780208424,0.0,261939.26874767558,6289.020603674396,19826032.19766882,399.21793181876427,311.79593392873164
0.02673633708082473,0.5833333333333334,0.015,262.874118771157,43.99225158476465,1.9394187090428157,0.0,261939.345685662,6289.020603409699,19826058.289287332,399.21804948648486,311.7959798789649
0.02673633708082473,0.6166666666666666,-0.005,262.59222255651406,43.445177145331925,2.2503291326157697,0.0,261835.29734025503,6289.020936287705,19798665.383586135,399.0944729635068,311.7477184772817
0.02673633708082473,0.6166666666666666,0.005,262.59222255651406,43.44516338231278,2.250613592348187,0.0,261835.22690462891,6289.020936509365,19798641.50490285,399.09436515014175,311.7476763687396
0.02673633708082473,0.6166666666666666,0.015,262.59222255651406,43.445177145331925,2.2503291326157697,0.0,261835.29734025503,6289.020936287705,19798665.383586135,399.0944729635068,311.7477184772817
0.02673633708082473,0.65,-0.005,262.33492683893985,42.857796137845064,2.5293624052885457,0.0,261736.82446849512,6289.021234162161,19773668.72688396,398.9815877239115,311.7036259037757
0.02673633708082473,0.65,0.005,262.33492683893985,42.85778400234995,2.5296036569499227,0.0,261736.76436361088,6289.0212343228895,19773648.355121758,398.9814956406888,311.7035899338501
0.02673633708082473,0.65,0.015,262.33492683893985,42.857796137845064,2.5293624052885457,0.0,261736.82446849512,6289.021234162161,19773668.72688396,398.9815877239115,311.7036259037757
0.02673633708082473,0.6833333333333333,-0.005,262.1166932055539,42.22413517499186,2.758744973316827,0.0,261647.8388882153,6289.021483665495,19752471.234348223,398.8857711432708,311.66619539336386
0.02673633708082473,0.6833333333333333,0.005,262.1166932055539,42.224125567701655,2.7589344482057023,0.0,261647.79114150215,6289.021483766042,19752455.05216914,398.88569792374017,311.6661667886163
0.02673633708082473,0.6833333333333333,0.015,262.1166932055539,42.22413517499186,2.758744973316827,0.0,261647.8388882153,6289.021483665495,19752471.234348223,398.8857711432708,311.66619539336386
0.02673633708082473,0.7166666666666667,-0.005,261.94525152559254,41.53541949884015,2.928441411325897,0.0,261570.24831176194,6289.021691088936,19735821.770663846,398.8104618538207,311.63677285016166
0.02673633708082473,0.7166666666666667,0.005,261.94525152559254,41.53541268199314,2.9285790651542447,0.0,261570.2128846514,6289.021691143461,19735809.762581177,398.8104074757285,311.63675160421235
0.02673633708082473,0.7166666666666667,0.015,261.94525152559254,41.53541949884015,2.928441411325897,0.0,261570.24831176194,6289.021691088936,19735821.770663846,398.8104618538207,311.63677285016166
0.02673633708082473,0.75,-0.005,261.82060555374466,40.77885382423421,3.0372831231201265,0.0,261503.64018849834,6289.0218763030825,19723719.308224183,398.7557049720607,311.6153781710743
0.02673633708082473,0.75,0.005,261.82060555374466,40.778849580133574,3.0373759921299848,0.0,261503.61533721813,6289.021876329328,19723710.88171705,398.75566678911446,311.6153632516721
0.02673633708082473,0.75,0.015,261.82060555374466,40.77885382423421,3.0372831231201265,0.0,261503.64018849834,6289.0218763030825,19723719.308224183,398.7557049720607,311.6153781710743
0.02673633708082473,0.7833333333333333,-0.005,261.7363551811929,39.935720672470154,3.091258774063552,0.0,261445.6019696603,6289.022063870056,19715541.606767174,398.7187201801374,311.600926594547
0.02673633708082473,0.7833333333333333,0.005,261.7363551811929,39.93571845603869,3.091317713996874,0.0,261445.5850310071,6289.022063881981,19715535.859182898,398.71869412495056,311.60091641340915
0.02673633708082473,0.7833333333333333,0.015,261.7363551811929,39.935720672470154,3.091258774063552,0.0,261445.6019696603,6289.022063870056,19715541.606767174,398.7187201801374,311.600926594547
0.02673633708082473,0.8166666666666667,-0.005,261.6826485707978,38.97807628386375,3.099707685873592,0.0,261392.46530137095,6289.022278535171,19710331.826037977,398.69519702370746,311.5917347193207
0.02673633708082473,0.8166666666666667,0.005,261.6826485707978,38.97807544278116,3.09974379527719,0.0,261392.4535526371,6289.022278540913,19710327.8357892,398.6951789300322,311.5917276489575
0.02673633708082473,0.8166666666666667,0.015,261.6826485707978,38.97807628386375,3.099707685873592,0.0,261392.46530137095,6289.022278535171,19710331.826037977,398.69519702370746,311.5917347193207
0.02673633708082473,0.8499999999999999,-0.005,261.64940612433685,37.862169144211336,3.0708757477853186,0.0,261340.03881484832,6289.022548324659,19707111.509599883,398.68071911752367,311.5860772184387
0.02673633708082473,0.8499999999999999,0.005,261.64940612433685,37.862169105449816,3.0708978679779007,0.0,261340.03007429172,6289.022548328004,19707108.53894252,398.68070564500573,311.5860719537634
0.02673633708082473,0.8499999999999999,0.015,261.64940612433685,37.862169144211336,3.0708757477853186,0.0,261340.03881484832,6289.022548324659,19707111.509599883,398.68071911752367,311.5860772184387
0.02673633708082473,0.8833333333333333,-0.005,261.62855316874465,36.51350475516859,3.007902931703348,0.0,261283.8360785697,6289.022917267589,19705097.59282708,398.671758731613,311.5825757358615
0.02673633708082473,0.8833333333333333,0.005,261.62855316874465,36.51350511322637,3.0079167961398916,0.0,261283.82890838373,6289.022917270028,19705095.1560318,398.6717476792402,311.5825714168613
0.02673633708082473,0.8833333333333333,0.015,261.62855316874465,36.51350475516859,3.007902931703348,0.0,261283.8360785697,6289.022917267589,19705097.59282708,398.671758731613,311.5825757358615
0.02673633708082473,0.9166666666666666,-0.005,261.6147240298896,34.78691538735293,2.904407673843452,0.0,261218.22036622127,6289.023482814047,19703771.803550642,398.6660122474386,311.58033014064006
0.02673633708082473,0.9166666666666666,0.005,261.6147240298896,34.78691589111689,2.9044163582908142,0.0,261218.2139608797,6289.0234828160765,19703769.628905337,398.6660023834867,311.5803262860183
0.02673633708082473,0.9166666666666666,0.015,261.6147240298896,34.78691538735293,2.904407673843452,0.0,261218.22036622127,6289.023482814047,19703771.803550642,398.6660122474386,311.58033014064006
0.02673633708082473,0.95,-0.005,261.60462755195954,32.32509737011187,2.7326065909322184,0.0,261132.65326607684,6289.024568888092,19702824.229913533,398.66222750319827,311.5788511398945
0.02673633708082473,0.95,0.005,261.60462755195954,32.32509783778028,2.7326114741183174,0.0,261132.64721502448,6289.024568889641,19702822.1796891,398.66221820307425,311.5788475055873
0.02673633708082473,0.95,0.015,261.60462755195954,32.32509737011187,2.7326065909322184,0.0,261132.65326607684,6289.024568888092,19702824.229913533,398.66222750319827,311.5788511398945
0.02673633708082473,0.9833333333333333,-0.005,261.59486388140925,27.656048947150005,2.3655622380436023,0.0,260990.01394053327,6289.027415576088,19701962.1114759,398.6596632474492,311.5778490771331
0.02673633708082473,0.9833333333333333,0.005,261.59486388140925,27.656049393319577,2.365563867798023,0.0,260990.00802258935,6289.02741557688,19701960.110426825,398.6596541697125,311.5778455297191
0.02673633708082473,0.9833333333333333,0.015,261.59486388140925,27.656048947150005,2.3655622380436023,0.0,260990.01394053327,6289.027415576088,19701962.1114759,398.6596632474492,311.5778490771331
0.02673633708082473,1.0166666666666666,-0.005,261.59482706229494,3.891501444233503e-06,3.3285987035383704e-07,0.0,260990.0033429916,6289.993006214581,19731082.009631027,399.24894646477117,311.80804517416567
0.02673633708082473,1.0166666666666666,0.005,261.5947902431806,-27.656048947149824,-2.3655622380435863,0.0,260989.99274544697,6289.027415576342,19701954.964556243,398.65963082430744,311.57783640676047
0.02673633708082473,1.0166666666666666,0.015,261.59482706229494,3.891501444233503e-06,3.3285987035383704e-07,0.0,260990.0033429916,6289.993006214581,19731082.009631027,399.24894646477117,311.80804517416567
0.027461595507308128,-0.016666666666666666,-0.005,264.5262197988938,49.95269532186425,8.394048172972897e-19,0.0,262689.7594065639,6289.019213760355,19986749.681928057,399.94057642252625,312.07800514677666
0.027461595507308128,-0.016666666666666666,0.005,264.5262197988938,49.95269532186426,-0.007145216682267518,0.0,262689.75940656394,6289.01921369653,19986749.679976564,399.94057638347635,312.0780051315411
0.027461595507308128,-0.016666666666666666,0.015,264.5262197988938,49.95269532186425,8.394048172972897e-19,0.0,262689.7594065639,6289.019213760355,19986749.681928057,399.94057642252625,312.07800514677666
0.027461595507308128,0.016666666666666666,-0.005,264.5262197988938,49.952695321864255,0.007145216682267518,0.0,262689.75940656394,6289.01921369653,19986749.679976568,399.94057638347635,312.0780051315411
0.027461595507308128,0.016666666666666666,0.005,264.5262197988938,49.952710648834234,0.00714618747134805,0.0,262689.7527819174,6289.019213701645,19986747.15954065,399.9405650782145,312.0780007207313
0.027461595507308128,0.016666666666666666,0.015,264.5262197988938,49.952695321864255,0.007145216682267518,0.0,262689.75940656394,6289.01921369653,19986749.679976568,399.94057638347635,312.0780051315411
0.027461595507308128,0.05,-0.005,264.5245366180513,49.70362170027561,0.0211729078795727,0.0,262676.8680178552,6289.019213625257,19986585.77914388,399.93984102222646,312.07771822619696
0.027461595507308128,0.05,0.005,264.5245366180513,49.703636498753156,0.0211760249541543,0.0,262676.8612730846,6289.0192136302385,19986583.22801745,399.93982957913795,312.07771376160935
0.027461595507308128,0.05,0.015,264.5245366180513,49.70362170027561,0.0211729078795727,0.0,262676.8680178552,6289.019213625257,19986585.77914388,399.93984102222646,312.07771822619696
0.027461595507308128,0.08333333333333333,-0.005,264.52102933775404,49.44661121713056,0.035575259580545214,0.0,262663.12554499635,6289.0192136573005,19986244.275003366,399.93830889255173,312.0771204563054
0.027461595507308128,0.08333333333333333,0.005,264.52102933775404,49.44662542385404,0.03558088086689834,0.0,262663.1185412712,6289.019213662182,19986241.646854177,399.93829710370204,312.0771158568081
0.027461595507308128,0.08333333333333333,0.015,264.52102933775404,49.44661121713056,0.035575259580545214,0.0,262663.12554499635,6289.0192136573005,19986244.275003366,399.93830889255173,312.0771204563054
0.027461595507308128,0.11666666666666667,-0.005,264.5153134391879,49.18120799287612,0.050853757114546164,0.0,262648.40595921193,6289.019213867186,19985687.7398044,399.9358120753883,312.07614630515565
0.027461595507308128,0.11666666666666667,0.005,264.5153134391879,49.18122154414791,0.050862558859361987,0.0,262648.39850847266,6289.019213872037,19985684.97149358,399.93579965742157,312.0761414601892
0.027461595507308128,0.11666666666666667,0.015,264.5153134391879,49.18120799287612,0.050853757114546164,0.0,262648.40595921193,6289.019213867186,19985687.7398044,399.9358120753883,312.07614630515565
0.027461595507308128,0.15,-0.005,264.50675219994224,48.906881706516536,0.06775926214726148,0.0,262632.5083337959,6289.01921437403,19984854.20273031,399.93207251859906,312.0746872845273
0.027461595507308128,0.15,0.005,264.50675219994224,48.90689453366864,0.06777235005084858,0.0,262632.5001530812,6289.019214378992,19984851.198804934,399.93205904314385,312.0746820269488
0.027461595507308128,0.15,0.015,264.50675219994224,48.906881706516536,0.06775926214726148,0.0,262632.5083337959,6289.01921437403,19984854.20273031,399.93207251859906,312.0746872845273
0.027461595507308128,0.18333333333333332,-0.005,264.4943298392096,48.623013196018526,0.08745979119343449,0.0,262615.1201024616,6289.019215387861,19983644.801700097,399.9266466135307,312.0725703083117
0.027461595507308128,0.18333333333333332,0.005,264.4943298392096,48.623025218078524,0.08747889607345485,0.0,262615.11076190986,6289.019215393228,19983641.416766275,399.9266314280711,312.0725643835184
0.027461595507308128,0.18333333333333332,0.015,264.4943298392096,48.623013196018526,0.08745979119343449,0.0,262615.1201024616,6289.019215387861,19983644.801700097,399.9266466135307,312.0725703083117
0.027461595507308128,0.21666666666666667,-0.005,264.4764730337804,48.32887462662161,0.11176457643893949,0.0,262595.76539142354,6289.019217308959,19981906.41338245,399.9188472125711,312.06952726155305
0.027461595507308128,0.21666666666666667,0.005,264.4764730337804,48.32888573949348,0.1117922969189273,0.0,262595.7542518498,6289.019217315329,19981902.43096457,399.91882934550415,312.06952029042975
0.027461595507308128,0.21666666666666667,0.015,264.4764730337804,48.32887462662161,0.11176457643893949,0.0,262595.76539142354,6289.019217308959,19981906.41338245,399.9188472125711,312.06952726155305
0.027461595507308128,0.25,-0.005,264.45083135893424,48.02360299066103,0.14339496072078026,0.0,262573.7414184899,6289.019220931118,19979410.289827112,399.9076476684862,312.06515754889506
0.027461595507308128,0.25,0.005,264.45083135893424,48.023613053008994,0.1434350100244471,0.0,262573.7275683685,6289.019220939695,19979405.40105011,399.9076257332832,312.0651489904032
0.027461595507308128,0.25,0.015,264.45083135893424,48.02360299066103,0.14339496072078026,0.0,262573.7414184899,6289.019220931118,19979410.289827112,399.9076476684862,312.06515754889506
0.027461595507308128,0.2833333333333333,-0.005,264.41405440478985,47.706166627432445,0.1862583957936177,0.0,262548.05379764404,6289.019227829944,19975830.383582886,399.89158434889674,312.0588900359746
0.027461595507308128,0.2833333333333333,0.005,264.41405440478985,47.70617544538704,0.18631576488650647,0.0,262548.0360108424,6289.019227843062,19975824.172904916,399.8915564797028,312.05887916199
0.027461595507308128,0.2833333333333333,0.015,264.41405440478985,47.706166627432445,0.1862583957936177,0.0,262548.05379764404,6289.019227829944,19975830.383582886,399.89158434889674,312.0588900359746
0.027461595507308128,0.3166666666666667,-0.005,264.36164384902787,47.37532658855863,0.24563237819990882,0.0,262517.3732903808,6289.019241026021,19970728.994127415,399.8686917515344,312.0499576890007
0.027461595507308128,0.3166666666666667,0.005,264.36164384902787,47.37533390440125,0.24571327799120776,0.0,262517.3500385491,6289.019241047932,19970720.94358794,399.86865562149075,312.04994359139937
0.027461595507308128,0.3166666666666667,0.015,264.36164384902787,47.37532658855863,0.24563237819990882,0.0,262517.3732903808,6289.019241026021,19970728.994127415,399.8686917515344,312.0499576890007
0.027461595507308128,0.35000000000000003,-0.005,264.2880036681446,47.02959808035987,0.328111453484067,0.0,262480.0495169147,6289.019265938319,19963561.74261514,399.83652390757686,312.03740584830916
0.027461595507308128,0.35000000000000003,0.005,264.2880036681446,47.029603573857436,0.32822286882609897,0.0,262480.0190779479,6289.019265976088,19963551.26859372,399.8364768924739,312.03738750272254
0.027461595507308128,0.35000000000000003,0.015,264.2880036681446,47.02959808035987,0.328111453484067,0.0,262480.0495169147,6289.019265938319,19963561.74261514,399.83652390757686,312.03740584830916
0.027461595507308128,0.3833333333333333,-0.005,264.18683920011483,46.667221103273356,0.44113817490310303,0.0,262434.2250585863,6289.019311389754,19953716.553148765,399.79232773332046,312.02015974914724
0.027461595507308128,0.3833333333333333,0.005,264.18683920011483,46.667224416610395,0.44128688933408583,0.0,262434.1857558817,6289.019311453709,19953703.087372296,399.79226727317507,312.02013615591693
0.027461595507308128,0.3833333333333333,0.015,264.18683920011483,46.667221103273356,0.44113817490310303,0.0,262434.2250585863,6289.019311389754,19953716.553148765,399.79232773332046,312.02015974914724
0.027461595507308128,0.41666666666666663,-0.005,264.05203296472547,46.28615172697178,0.5919664399152066,0.0,262378.08666000655,6289.019389965383,19940599.06463064,399.7334240700345,311.9971730555836
0.027461595507308128,0.41666666666666663,0.005,264.05203296472547,46.28615252257739,0.5921575078545916,0.0,262378.0372376183,6289.019390068154,19940582.18118448,399.73334823684775,311.9971434611844
0.027461595507308128,0.41666666666666663,0.015,264.05203296472547,46.28615172697178,0.5919664399152066,0.0,262378.08666000655,6289.019389965383,19940599.06463064,399.7334240700345,311.9971730555836
0.027461595507308128,0.44999999999999996,-0.005,263.8790200096607,45.884082997411944,0.7860296835396522,0.0,262310.259631574,6289.019516573351,19923766.599785645,399.6578065545301,311.9676614292085
0.027461595507308128,0.44999999999999996,0.005,263.8790200096607,45.884081049824694,0.786264543913743,0.0,262310.1997161784,6289.019516726442,19923746.171600647,399.65771475332957,311.96762559979766
0.027461595507308128,0.44999999999999996,0.015,263.8790200096607,45.884082997411944,0.7860296835396522,0.0,262310.259631574,6289.019516573351,19923766.599785645,399.6578065545301,311.9676614292085
0.027461595507308128,0.4833333333333333,-0.005,263.666490341899,45.458494101352315,1.024915592930596,0.0,262230.29502408,6289.019704208766,19903093.75322265,399.5648839695504,311.9313922430875
0.027461595507308128,0.4833333333333333,0.005,263.666490341899,45.45848940918222,1.025190287068404,0.0,262230.2255584729,6289.019704416674,19903070.099097714,399.5647776002273,311.9313507230057
0.027461595507308128,0.4833333333333333,0.015,263.666490341899,45.458494101352315,1.024915592930596,0.0,262230.29502408,6289.019704208766,19903093.75322265,399.5648839695504,311.9313922430875
0.027461595507308128,0.5166666666666667,-0.005,263.4180027588058,45.00670719939876,1.3044347955686326,0.0,262139.12924704285,6289.019957323205,19878928.99267491,399.4561864533771,311.88896049397306
0.027461595507308128,0.5166666666666667,0.005,263.4180027588058,45.006700085315416,1.3047389591636995,0.0,262139.05273046816,6289.019957577304,19878902.959024247,399.4560692850778,311.88891475240865
0.027461595507308128,0.5166666666666667,0.015,263.4180027588058,45.00670719939876,1.3044347955686326,0.0,262139.12924704285,6289.019957323205,19878928.99267491,399.4561864533771,311.88896049397306
0.027461595507308128,0.55,-0.005,263.1429045305304,44.52590701325565,1.6134963415400856,0.0,262039.34208024334,6289.020265677808,19852183.34441365,399.33577321105554,311.84194859017447
0.027461595507308128,0.55,0.005,263.1429045305304,44.52589816749568,1.6138136364948674,0.0,262039.26245487283,6289.0202659541865,19852156.267059784,399.3356512235778,311.84190096006193
0.027461595507308128,0.55,0.015,263.1429045305304,44.52590701325565,1.6134963415400856,0.0,262039.34208024334,6289.020265677808,19852183.34441365,399.33577321105554,311.84194859017447
0.027461595507308128,0.5833333333333334,-0.005,262.85595041940593,44.0130562588504,1.9345097043339214,0.0,261935.04000963722,6289.020603312737,19824292.425829098,399.2100770082508,311.79286654393803
0.027461595507308128,0.5833333333333334,0.005,262.85595041940593,44.013046646998106,1.9348200289170523,0.0,261934.9621135734,6289.020603577608,19824265.945091784,399.2099575756339,311.7928199040322
0.027461595507308128,0.5833333333333334,0.015,262.85595041940593,44.0130562588504,1.9345097043339214,0.0,261935.04000963722,6289.020603312737,19824292.425829098,399.2100770082508,311.79286654393803
0.027461595507308128,0.6166666666666667,-0.005,262.57530570574374,43.46450246482848,2.245689688980331,0.0,261831.27025427148,6289.0209359013925,19797021.66262809,399.0870438413727,311.7448168802781
0.027461595507308128,0.6166666666666667,0.005,262.57530570574374,43.46449296425124,2.2459728740795835,0.0,261831.1989110361,6289.020936123257,19796997.417073753,399.08693436299063,311.7447741210342
0.027461595507308128,0.6166666666666667,0.015,262.57530570574374,43.46450246482848,2.245689688980331,0.0,261831.27025427148,6289.0209359013925,19797021.66262809,399.0870438413727,311.7448168802781
0.027461595507308128,0.65,-0.005,262.3191886680649,42.87571266517192,2.5250042955694,0.0,261733.0602394421,6289.0212336940185,19772139.964909628,398.97467136788435,311.70092419690366
0.027461595507308128,0.65,0.005,262.3191886680649,42.875704511079775,2.525244347734562,0.0,261732.99927451456,6289.021233855017,19772119.24726804,398.9745777144504,311.70088761329856
0.027461595507308128,0.65,0.015,262.3191886680649,42.87571266517192,2.5250042955694,0.0,261733.0602394421,6289.0212336940185,19772139.964909628,398.97467136788435,311.70092419690366
0.027461595507308128,0.6833333333333333,-0.005,262.10205566708623,42.24071695796965,2.7546830152971746,0.0,261644.3204845832,6289.021483296993,19751049.732012406,398.87933473618904,311.66368086571634
0.027461595507308128,0.6833333333333333,0.005,262.10205566708623,42.24071107491165,2.754871373043493,0.0,261644.27192274804,6289.02148339789,19751033.223517105,398.879260035205,311.6636516819724
0.027461595507308128,0.6833333333333333,0.015,262.10205566708623,42.24071695796965,2.7546830152971746,0.0,261644.3204845832,6289.021483296993,19751049.732012406,398.87933473618904,311.66368086571634
0.027461595507308128,0.7166666666666667,-0.005,261.9316308521496,41.55074735092697,2.9246950835979444,0.0,261566.95718877748,6289.021690947661,19734499.279403467,398.8044699449552,311.634431755413
0.027461595507308128,0.7166666666666667,0.005,261.9316308521496,41.550744015236,2.924831710158133,0.0,261566.92098774962,6289.021691002596,19734486.962992255,398.8044141672396,311.63440996245606
0.027461595507308128,0.7166666666666667,0.015,261.9316308521496,41.55074735092697,2.9246950835979444,0.0,261566.95718877748,6289.021690947661,19734499.279403467,398.8044699449552,311.634431755413
0.027461595507308128,0.75,-0.005,261.8079119826807,40.79301163462617,3.0338774845576872,0.0,261500.55586480498,6289.02187644718,19722487.015006818,398.7501192116557,311.6131956130383
0.027461595507308128,0.75,0.005,261.8079119826807,40.793010643497894,3.0339694244988227,0.0,261500.53027663482,6289.021876473869,19722478.29647983,398.75007970334593,311.61318017566236
0.027461595507308128,0.75,0.015,261.8079119826807,40.79301163462617,3.0338774845576872,0.0,261500.55586480498,6289.02187644718,19722487.015006818,398.7501192116557,311.6131956130383
0.027461595507308128,0.7833333333333333,-0.005,261.72449240366024,39.948795681631886,3.0882255154903286,0.0,261442.7017530539,6289.022064291374,19714390.08659433,398.7134990123774,311.5988864018551
0.027461595507308128,0.7833333333333333,0.005,261.72449240366024,39.948796505566015,3.088283633869606,0.0,261442.68410991292,6289.0220643037455,19714384.061506223,398.71347169789925,311.5988757285758
0.027461595507308128,0.7833333333333333,0.015,261.72449240366024,39.948795681631886,3.0882255154903286,0.0,261442.7017530539,6289.022064291374,19714390.08659433,398.7134990123774,311.5988864018551
0.027461595507308128,0.8166666666666667,-0.005,261.6715127947232,38.99015936217716,3.097086306768394,0.0,261389.72395231185,6289.022279178308,19709250.95113222,398.6902952900959,311.58981929071126
0.027461595507308128,0.8166666666666667,0.005,261.6715127947232,38.99016136500404,3.09712171263942,0.0,261389.71152640315,6289.022279184478,19709246.695970695,398.69027599438203,311.58981175058784
0.027461595507308128,0.8166666666666667,0.015,261.6715127947232,38.99015936217716,3.097086306768394,0.0,261389.72395231185,6289.022279178308,19709250.95113222,398.6902952900959,311.58981929071126
0.027461595507308128,0.85,-0.005,261.638884770023,37.87335518226222,3.068714919870538,0.0,261337.42810596956,6289.022549113132,19706090.318766817,398.6760875516839,311.5842673295307
0.027461595507308128,0.85,0.005,261.638884770023,37.87335780760967,3.0687364664506536,0.0,261337.41870995518,6289.022549116877,19706087.093713958,398.6760729248976,311.58426161376707
0.027461595507308128,0.85,0.015,261.638884770023,37.87335518226222,3.068714919870538,0.0,261337.42810596956,6289.022549113132,19706090.318766817,398.6760875516839,311.5842673295307
0.027461595507308128,0.8833333333333333,-0.005,261.61852327501737,36.52389354059285,3.006261993058699,0.0,261281.32417824568,6289.022918127215,19704124.131072517,398.6673433421057,311.5808503035796
0.027461595507308128,0.8833333333333333,0.005,261.61852327501737,36.52389640018196,3.006275427237223,0.0,261281.31636814142,6289.022918130025,19704121.448166545,398.6673311730605,311.58084554818447
0.027461595507308128,0.8833333333333333,0.015,261.61852327501737,36.52389354059285,3.006261993058699,0.0,261281.32417824568,6289.022918127215,19704124.131072517,398.6673433421057,311.5808503035796
0.027461595507308128,0.9166666666666666,-0.005,261.60505040100765,34.79661430464454,2.903358005447914,0.0,261215.77085411444,6289.0234836872705,19702832.93698006,398.6617535720105,311.57866593677176
0.027461595507308128,0.9166666666666666,0.005,261.60505040100765,34.79661716561073,2.9033664179919487,0.0,261215.7638174902,6289.023483689641,19702830.522114262,398.6617426180954,311.5786616561927
0.027461595507308128,0.9166666666666666,0.015,261.60505040100765,34.79661430464454,2.903358005447914,0.0,261215.77085411444,6289.0234836872705,19702832.93698006,398.6617535720105,311.57866593677176
0.027461595507308128,0.95,-0.005,261.595160151273,32.334233804502155,2.732232165939491,0.0,261130.22299091256,6289.024569744561,19701905.389130305,398.65805950587355,311.57722236354846
0.027461595507308128,0.95,0.005,261.595160151273,32.33423650644756,2.7322369519682104,0.0,261130.21630917612,6289.024569746424,19701903.10201132,398.6580491308495,311.5772183091702
0.027461595507308128,0.95,0.015,261.595160151273,32.334233804502155,2.732232165939491,0.0,261130.22299091256,6289.024569744561,19701905.389130305,398.65805950587355,311.57722236354846
0.027461595507308128,0.9833333333333333,-0.005,261.5854320068357,27.664836843457998,2.365957462486731,0.0,260987.5432903634,6289.027415991801,19701046.711885322,398.6555104981431,311.57622625422744
0.027461595507308128,0.9833333333333333,0.005,261.5854320068357,27.66483944651732,2.3659591897145176,0.0,260987.53673053978,6289.027415992932,19701044.474242646,398.65550034685225,311.57622228726746
0.027461595507308128,0.9833333333333333,0.015,261.5854320068357,27.664836843457998,2.365957462486731,0.0,260987.5432903634,6289.027415991801,19701046.711885322,398.6555104981431,311.57622625422744
0.027461595507308128,1.0166666666666668,-0.005,261.585257653673,1.8435655554381205e-05,1.5766576568750143e-06,0.0,260987.49311346048,6289.993628041347,19730170.64335782,399.2451064460619,311.80654566913654
0.027461595507308128,1.0166666666666668,0.005,261.58508330051035,-27.664836843458183,-2.3659574624867465,0.0,260987.44293649073,6289.027416050906,19701012.868059013,398.6553569820029,311.5761662626019
0.027461595507308128,1.0166666666666668,0.015,261.585257653673,1.8435655554381205e-05,1.5766576568750143e-06,0.0,260987.49311346048,6289.993628041347,19730170.64335782,399.2451064460619,311.80654566913654
0.028186853933791518,-0.016666666666666666,-0.005,264.4213136084753,50.088603769935986,4.198689010197459e-19,0.0,262666.6230568282,6289.019290003711,19976536.71873429,399.8947840595597,312.0601384945564
0.028186853933791518,-0.016666666666666666,0.005,264.4213136084753,50.08860376993599,-0.005369846601175607,0.0,262666.6230568282,6289.019289967659,19976536.717632525,399.89478403750434,312.0601384859509
0.028186853933791518,-0.016666666666666666,0.015,264.4213136084753,50.088603769935986,4.198689010197459e-19,0.0,262666.6230568282,6289.019290003711,19976536.71873429,399.8947840595597,312.0601384945564
0.028186853933791518,0.016666666666666666,-0.005,264.4213136084753,50.08860376993599,0.005369846601175607,0.0,262666.6230568282,6289.019289967659,19976536.71763253,399.89478403750434,312.0601384859509
0.028186853933791518,0.016666666666666666,0.005,264.4213136084753,50.088636088347116,0.00537059816674653,0.0,262666.61372047465,6289.019289988619,19976532.981475316,399.894767278897,312.06013194711426
0.028186853933791518,0.016666666666666666,0.015,264.4213136084753,50.08860376993599,0.005369846601175607,0.0,262666.6230568282,6289.019289967659,19976536.71763253,399.89478403750434,312.0601384859509
0.028186853933791518,0.05000000000000001,-0.005,264.4202644772904,49.83651119206625,0.016099457917628165,0.0,262653.727198758,6289.019287165648,19976434.495392997,399.8943239147844,312.0599589562262
0.028186853933791518,0.05000000000000001,0.005,264.4202644772904,49.8365427185295,0.01610195858690727,0.0,262653.71772850055,6289.019287185993,19976430.729893006,399.8943070241217,312.0599523658606
0.028186853933791518,0.05000000000000001,0.015,264.4202644772904,49.83651119206625,0.016099457917628165,0.0,262653.727198758,6289.019287165648,19976434.495392997,399.8943239147844,312.0599589562262
0.028186853933791518,0.08333333333333333,-0.005,264.4177740456734,49.57629247946733,0.027694731649049224,0.0,262640.08045620506,6289.019284326041,19976191.963325277,399.89323402963487,312.05953370669596
0.028186853933791518,0.08333333333333333,0.005,264.4177740456734,49.57632314949003,0.027699345012812505,0.0,262640.070711672,6289.019284345793,19976188.12167869,399.89321679676726,312.05952698280043
0.028186853933791518,0.08333333333333333,0.015,264.4177740456734,49.57629247946733,0.027694731649049224,0.0,262640.08045620506,6289.019284326041,19976191.963325277,399.89323402963487,312.05953370669596
0.028186853933791518,0.11666666666666667,-0.005,264.41343529654773,49.30750774705475,0.04062175391664794,0.0,262625.5513112238,6289.019281534104,19975769.504907757,399.89133659341366,312.05879336688224
0.028186853933791518,0.11666666666666667,0.005,264.41343529654773,49.30753749092778,0.04062917689109784,0.0,262625.5411068701,6289.019281553316,19975765.52497592,399.8913187393388,312.05878640058836
0.028186853933791518,0.11666666666666667,0.015,264.41343529654773,49.30750774705475,0.04062175391664794,0.0,262625.5513112238,6289.019281534104,19975769.504907757,399.89133659341366,312.05879336688224
0.028186853933791518,0.15,-0.005,264.40658582919156,49.029645634186636,0.055595827676413724,0.0,262609.93255593925,6289.019278923489,19975102.65399737,399.8883422782683,312.057625044347
0.028186853933791518,0.15,0.005,264.40658582919156,49.029674373068715,0.05560719043447523,0.0,262609.92161261925,6289.019278942279,19975098.441856496,399.88832338127634,312.0576176711006
0.028186853933791518,0.15,0.015,264.40658582919156,49.029645634186636,0.055595827676413724,0.0,262609.93255593925,6289.019278923489,19975102.65399737,399.8883422782683,312.057625044347
0.028186853933791518,0.18333333333333332,-0.005,264.39618103253446,48.7421081804366,0.07374873160417815,0.0,262592.9045049861,6289.019276720179,19974089.7493467,399.88379478957637,312.0558506958533
0.028186853933791518,0.18333333333333332,0.005,264.39618103253446,48.74213581973735,0.07376579330288692,0.0,262592.89239791216,6289.019276738809,19974085.16164186,399.88377420600494,312.05584266449006
0.028186853933791518,0.18333333333333332,0.015,264.39618103253446,48.7421081804366,0.07374873160417815,0.0,262592.9045049861,6289.019276720179,19974089.7493467,399.88379478957637,312.0558506958533
0.028186853933791518,0.21666666666666667,-0.005,264.3806157874225,48.44419023228132,0.09685251058730356,0.0,262573.9833250328,6289.0192753387255,19972574.583922755,399.876992949376,312.053196721019
0.028186853933791518,0.21666666666666667,0.005,264.3806157874225,48.4442166516769,0.09687790194855944,0.0,262573.96942125185,6289.019275357757,19972569.40668832,399.8769697184585,312.0531876566288
0.028186853933791518,0.21666666666666667,0.015,264.3806157874225,48.44419023228132,0.09685251058730356,0.0,262573.9833250328,6289.0192753387255,19972574.583922755,399.876992949376,312.053196721019
0.028186853933791518,0.25,-0.005,264.3575053241575,48.13505215409708,0.12759042577359728,0.0,262552.4574959194,6289.019275582928,19970325.083330654,399.8668949022344,312.04925657462303
0.028186853933791518,0.25,0.005,264.3575053241575,48.13507719435217,0.12762789551759385,0.0,262552.440891117,6289.019275603514,19970319.01060562,399.8668676499287,312.0492459410072
0.028186853933791518,0.25,0.015,264.3575053241575,48.13505215409708,0.12759042577359728,0.0,262552.4574959194,6289.019275582928,19970325.083330654,399.8668949022344,312.04925657462303
0.028186853933791518,0.2833333333333333,-0.005,264.32346302141144,47.81368556476279,0.16983138889964927,0.0,262527.3232584889,6289.019279031796,19967011.69818928,399.85202091753234,312.04345281956023
0.028186853933791518,0.2833333333333333,0.005,264.32346302141144,47.8137090134405,0.16988596620997948,0.0,262527.3027344547,6289.019279056217,19967004.317647923,399.8519877916453,312.0434398938829
0.028186853933791518,0.2833333333333333,0.015,264.32346302141144,47.81368556476279,0.16983138889964927,0.0,262527.3232584889,6289.019279031796,19967011.69818928,399.85202091753234,312.04345281956023
0.028186853933791518,0.31666666666666665,-0.005,264.2739534025398,47.47887397997105,0.22881471661318925,0.0,262497.2415944482,6289.019288702389,19962193.14016517,399.83038891211436,312.0350119256709
0.028186853933791518,0.31666666666666665,0.005,264.2739534025398,47.47889556112602,0.22889265234012748,0.0,262497.21563111147,6289.0192887348385,19962183.937225055,399.83034760001135,312.0349958053068
0.028186853933791518,0.31666666666666665,0.015,264.2739534025398,47.47887397997105,0.22881471661318925,0.0,262497.2415944482,6289.019288702389,19962193.14016517,399.83038891211436,312.0350119256709
0.028186853933791518,0.3499999999999999,-0.005,264.20334340665175,47.12915365804193,0.31109825958732706,0.0,262460.5522348212,6289.019310005736,19955321.457580663,399.79953634529073,312.02297273724594
0.028186853933791518,0.3499999999999999,0.005,264.20334340665175,47.129173034492375,0.31120657900534626,0.0,262460.51911829703,6289.019310053219,19955309.851987235,399.79948423683476,312.02295240326055
0.028186853933791518,0.3499999999999999,0.015,264.20334340665175,47.12915365804193,0.31109825958732706,0.0,262460.5522348212,6289.019310005736,19955321.457580663,399.79953634529073,312.02297273724594
0.028186853933791518,0.38333333333333336,-0.005,264.10530247079646,46.76278383031452,0.42409064338988633,0.0,262415.3880901471,6289.019351758965,19945781.110878795,399.7566940785079,312.00625419662146
0.028186853933791518,0.38333333333333336,0.005,264.10530247079646,46.7628006293654,0.42423616962249205,0.0,262415.3461515623,6289.019351831767,19945766.537516266,399.75662862688836,312.00622865444075
0.028186853933791518,0.38333333333333336,0.015,264.10530247079646,46.76278383031452,0.42409064338988633,0.0,262415.3880901471,6289.019351758965,19945781.110878795,399.7566940785079,312.00625419662146
0.028186853933791518,0.4166666666666667,-0.005,263.97367912553284,46.37773779286578,0.5750158587973099,0.0,262359.9267572943,6289.019426554217,19932974.452009622,399.6991678519368,311.9838040557038
0.028186853933791518,0.4166666666666667,0.005,263.97367912553284,46.37775166472516,0.5752036838453017,0.0,262359.87474754185,6289.019426664952,19932956.487712324,399.69908714071994,311.9837725562715
0.028186853933791518,0.4166666666666667,0.015,263.97367912553284,46.37773779286578,0.5750158587973099,0.0,262359.9267572943,6289.019426554217,19932974.452009622,399.6991678519368,311.9838040557038
0.028186853933791518,0.45,-0.005,263.8038767076226,45.971723859862784,0.7692825143770321,0.0,262292.7851469056,6289.019549332763,19916455.71933636,399.62493743630546,311.95483256334035
0.028186853933791518,0.45,0.005,263.8038767076226,45.97173456987108,0.7695141119566343,0.0,262292.72269828594,6289.019549492962,19916434.239195123,399.6248408798818,311.95479487644695
0.028186853933791518,0.45,0.015,263.8038767076226,45.971723859862784,0.7692825143770321,0.0,262292.7851469056,6289.019549332763,19916455.71933636,399.62493743630546,311.95483256334035
0.028186853933791518,0.48333333333333334,-0.005,263.59455568885386,45.542234773776016,1.0084593161667064,0.0,262213.50675789424,6289.019733160787,19896096.60645095,399.5333990526954,311.9191022148313
0.028186853933791518,0.48333333333333334,0.005,263.59455568885386,45.54224231452043,1.0087307593616877,0.0,262213.43481738004,6289.019733375027,19896071.930696957,399.53328805767626,311.9190588874534
0.028186853933791518,0.48333333333333334,0.015,263.59455568885386,45.542234773776016,1.0084593161667064,0.0,262213.50675789424,6289.019733160787,19896096.60645095,399.5333990526954,311.9191022148313
0.028186853933791518,0.5166666666666667,-0.005,263.3492470101832,45.08660492842375,1.2883442088425618,0.0,262123.0212483273,6289.01998260434,19872242.809840858,399.42607142871054,311.87720360912584
0.028186853933791518,0.5166666666666667,0.005,263.3492470101832,45.08660961970852,1.2886451624138253,0.0,262122.94231774827,6289.019982864126,19872215.785514716,399.4259497680473,311.87715611198803
0.028186853933791518,0.5166666666666667,0.015,263.3492470101832,45.08660492842375,1.2883442088425618,0.0,262123.0212483273,6289.01998260434,19872242.809840858,399.42607142871054,311.87720360912584
0.028186853933791518,0.55,-0.005,263.0772710634228,44.602030424339624,1.5978400392930103,0.0,262023.90225842706,6289.020287575301,19845802.64844552,399.3070031718711,311.83071510287004
0.028186853933791518,0.55,0.005,263.0772710634228,44.602032956560436,1.598154192377227,0.0,262023.8202808726,6289.020287856895,19845774.61118284,399.30687682613706,311.83066576929536
0.028186853933791518,0.55,0.015,263.0772710634228,44.602030424339624,1.5978400392930103,0.0,262023.90225842706,6289.020287575301,19845802.64844552,399.3070031718711,311.83071510287004
0.028186853933791518,0.5833333333333334,-0.005,262.79335604340787,44.085486596966255,1.9193566066834733,0.0,261920.25052241347,6289.020622276408,19818209.042973228,399.182616819589,311.78214281892195
0.028186853933791518,0.5833333333333334,0.005,262.79335604340787,44.08548797059039,1.9196638857311568,0.0,261920.17033661102,6289.020622546169,19818181.632159397,399.18249316059394,311.78209452690237
0.028186853933791518,0.5833333333333334,0.015,262.79335604340787,44.085486596966255,1.9193566066834733,0.0,261920.25052241347,6289.020622276408,19818209.042973228,399.182616819589,311.78214281892195
0.028186853933791518,0.6166666666666667,-0.005,262.51564032916883,43.53335038255534,2.2311159007267354,0.0,261817.10813217613,6289.020952499955,19791224.68963764,399.0608479607786,311.7345853228529
0.028186853933791518,0.6166666666666667,0.005,262.51564032916883,43.53335144828447,2.2313961612039726,0.0,261817.03455758074,6289.020952726585,19791199.5422151,399.0607343826113,311.73454096088966
0.028186853933791518,0.6166666666666667,0.015,262.51564032916883,43.53335038255534,2.2311159007267354,0.0,261817.10813217613,6289.020952499955,19791224.68963764,399.0608479607786,311.7345853228529
0.028186853933791518,0.65,-0.005,262.2623159956302,42.94106932151417,2.5110952279141565,0.0,261719.49517478995,6289.021248602368,19766615.860983025,398.949683866938,311.6911632400683
0.028186853933791518,0.65,0.005,262.2623159956302,42.94107129060841,2.511332500513846,0.0,261719.43203218945,6289.021248768106,19766594.26787753,398.9495862338322,311.6911251006996
0.028186853933791518,0.65,0.015,262.2623159956302,42.94106932151417,2.5110952279141565,0.0,261719.49517478995,6289.021248602368,19766615.860983025,398.949683866938,311.6911632400683
0.028186853933791518,0.6833333333333333,-0.005,262.04781487410605,42.30268354638633,2.7415389713966603,0.0,261631.31608534162,6289.021497169698,19745782.522138428,398.85548946581343,311.6543649960276
0.028186853933791518,0.6833333333333333,0.005,262.04781487410605,42.30268738638495,2.741724723765428,0.0,261631.2653963725,6289.021497275332,19745765.162501447,398.8554108969199,311.65433430027383
0.028186853933791518,0.6833333333333333,0.015,262.04781487410605,42.30268354638633,2.7415389713966603,0.0,261631.31608534162,6289.021497169698,19745782.522138428,398.85548946581343,311.6543649960276
0.028186853933791518,0.7166666666666667,-0.005,261.87983611899654,41.609451638725226,2.912436200114506,0.0,261554.47083252858,6289.021704326504,19729470.558683135,398.78168968972636,311.6255311364266
0.028186853933791518,0.7166666666666667,0.005,261.87983611899654,41.609457637281274,2.9125704245329187,0.0,261554.43254882636,6289.021704386137,19729457.41306878,398.7816301454649,311.6255078711749
0.028186853933791518,0.7166666666666667,0.015,261.87983611899654,41.609451638725226,2.912436200114506,0.0,261554.47083252858,6289.021704326504,19729470.558683135,398.78168968972636,311.6255311364266
0.028186853933791518,0.75,-0.005,261.75835269853366,40.84859424870738,3.0226458400716942,0.0,261488.53745868002,6289.021889692952,19717676.01210065,398.72831522222555,311.6046758617208
0.028186853933791518,0.75,0.005,261.75835269853366,40.84860221542655,3.022735611201738,0.0,261488.50982537252,6289.021889724224,19717666.48381953,398.728272037305,311.604658987294
0.028186853933791518,0.75,0.015,261.75835269853366,40.84859424870738,3.0226458400716942,0.0,261488.53745868002,6289.021889692952,19717676.01210065,398.72831522222555,311.6046758617208
0.028186853933791518,0.7833333333333333,-0.005,261.6769331976947,40.001410285564624,3.0781871475897784,0.0,261431.09318380585,6289.022077566407,19709773.6942838,398.69257069295287,311.5907084412146
0.028186853933791518,0.7833333333333333,0.005,261.6769331976947,40.001419704073996,3.078243361555262,0.0,261431.0735254549,6289.022077583176,19709766.876294944,398.69253977958516,311.59069636133273
0.028186853933791518,0.7833333333333333,0.015,261.6769331976947,40.001410285564624,3.0781871475897784,0.0,261431.09318380585,6289.022077566407,19709773.6942838,398.69257069295287,311.5907084412146
0.028186853933791518,0.8166666666666667,-0.005,261.62569283607536,39.03997285573673,3.088432951425307,0.0,261378.45846049316,6289.022292478021,19704803.6656887,398.6701298365678,311.5819392023962
0.028186853933791518,0.8166666666666667,0.005,261.62569283607536,39.03998310343172,3.088466749303091,0.0,261378.44404109285,6289.022292488359,19704798.63175664,398.67010700683267,311.5819302810691
0.028186853933791518,0.8166666666666667,0.015,261.62569283607536,39.03997285573673,3.088432951425307,0.0,261378.45846049316,6289.022292478021,19704803.6656887,398.6701298365678,311.5819392023962
0.028186853933791518,0.85,-0.005,261.59451637736936,37.920548467564934,3.0616655619696944,0.0,261326.42944371933,6289.022562326393,19701784.095771175,398.6565594975506,311.57663618592676
0.028186853933791518,0.85,0.005,261.59451637736936,37.92055900199966,3.0616858298631104,0.0,261326.4180671406,6289.022562334061,19701780.103217926,398.6565413882341,311.5766291091086
0.028186853933791518,0.85,0.015,261.59451637736936,37.920548467564934,3.0616655619696944,0.0,261326.42944371933,6289.022562326393,19701784.095771175,398.6565594975506,311.57663618592676
0.028186853933791518,0.8833333333333333,-0.005,261.5752901565168,36.568664407562345,3.001063942303528,0.0,261270.50527055925,6289.0229310997565,19699928.19700061,398.6483140366196,311.5734139809939
0.028186853933791518,0.8833333333333333,0.005,261.5752901565168,36.56867485508906,3.0010764605329268,0.0,261270.49548337059,6289.022931106254,19699924.75488759,398.6482984227737,311.5734078793008
0.028186853933791518,0.8833333333333333,0.015,261.5752901565168,36.568664407562345,3.001063942303528,0.0,261270.50527055925,6289.0229310997565,19699928.19700061,398.6483140366196,311.5734139809939
0.028186853933791518,0.9166666666666666,-0.005,261.5626057175602,34.83918777899649,2.9002867204983236,0.0,261205.03113550312,6289.023496273315,19698713.583473895,398.64307056749465,311.57136489299955
0.028186853933791518,0.9166666666666666,0.005,261.5626057175602,34.83919792349628,2.900294613215446,0.0,261205.02211487858,6289.023496279158,19698710.41464599,398.6430561925412,311.571359275413
0.028186853933791518,0.9166666666666666,0.015,261.5626057175602,34.83918777899649,2.9002867204983236,0.0,261205.03113550312,6289.023496273315,19698713.583473895,398.64307056749465,311.57136489299955
0.028186853933791518,0.9499999999999998,-0.005,261.5531227939486,32.374912349208316,2.731588239913817,0.0,261119.44099538127,6289.024581885836,19697825.599736013,398.6395551024619,311.5699910817707
0.028186853933791518,0.9499999999999998,0.005,261.5531227939486,32.374922054937926,2.7315929347205117,0.0,261119.43231025842,6289.024581890977,19697822.560819183,398.6395413161135,311.56998569418136
0.028186853933791518,0.9499999999999998,0.015,261.5531227939486,32.374912349208316,2.731588239913817,0.0,261119.44099538127,6289.024581885836,19697825.599736013,398.6395551024619,311.5699910817707
0.028186853933791518,0.9833333333333333,-0.005,261.5433763393783,27.70420480047568,2.3680573186817138,0.0,260976.53578185872,6289.027427258938,19696965.14644081,398.63699693372047,311.56899136927296
0.028186853933791518,0.9833333333333333,0.005,261.5433763393783,27.70421421830526,2.368059423212608,0.0,260976.5271768268,6289.027427263349,19696962.155329626,398.63698336343407,311.5689860661018
0.028186853933791518,0.9833333333333333,0.015,261.5433763393783,27.70420480047568,2.3680573186817138,0.0,260976.53578185872,6289.027427258938,19696965.14644081,398.63699693372047,311.56899136927296
0.028186853933791518,1.0166666666666666,-0.005,261.54275146894486,6.618148287065294e-05,5.656958790276933e-06,0.0,260976.35598705287,6289.996427309597,19726123.377769697,399.22806944874884,311.799892733548
0.028186853933791518,1.0166666666666666,0.005,261.5421265985114,-27.704204800475495,-2.368057318681698,0.0,260976.17619138802,6289.027427815479,19696843.860166885,398.6364468509022,311.56877640075606
0.028186853933791518,1.0166666666666666,0.015,261.54275146894486,6.618148287065294e-05,5.656958790276933e-06,0.0,260976.35598705287,6289.996427309597,19726123.377769697,399.22806944874884,311.799892733548
0.028912112360274914,-0.016666666666666666,-0.005,264.20237323055005,50.37095785282826,0.0,0.0,262618.35387219733,6289.019580878287,19955228.784605954,399.79924858927524,312.02286044784165
0.028912112360274914,-0.016666666666666666,0.005,264.20237323055005,50.37095785282826,-0.002647302705075611,0.0,262618.3538721974,6289.019580869524,19955228.784338403,399.7992485839149,312.0228604457499
0.028912112360274914,-0.016666666666666666,0.015,264.20237323055005,50.37095785282826,0.0,0.0,262618.35387219733,6289.019580878287,19955228.784605954,399.79924858927524,312.02286044784165
0.028912112360274914,0.016666666666666666,-0.005,264.20237323055,50.37095785282826,0.002647302705075611,0.0,262618.35387219733,6289.019580869524,19955228.7843384,399.79924858391485,312.0228604457499
0.028912112360274914,0.016666666666666666,0.005,264.20237323055,50.371010131471174,0.0026478856267502463,0.0,262618.34149226046,6289.019580921565,19955223.665970437,399.79922561740193,312.0228514836556
0.028912112360274914,0.016666666666666666,0.015,264.20237323055,50.37095785282826,0.002647302705075611,0.0,262618.35387219733,6289.019580869524,19955228.7843384,399.79924858391485,312.0228604457499
0.028912112360274914,0.05,-0.005,264.20187074709435,50.11453983038623,0.008189010719094416,0.0,262605.32329515216,6289.0195710973285,19955179.597814605,399.7990230060892,312.0227724197611
0.028912112360274914,0.05,0.005,264.20187074709435,50.114591168984774,0.008191029352252075,0.0,262605.3107582443,6289.01957114822,19955174.4467241,399.7989998920002,312.0227634000765
0.028912112360274914,0.05,0.015,264.20187074709435,50.11453983038623,0.008189010719094416,0.0,262605.32329515216,6289.0195710973285,19955179.597814605,399.7990230060892,312.0227724197611
0.028912112360274914,0.08333333333333333,-0.005,264.20027325123976,49.849915990352414,0.01511483574216803,0.0,262591.6365132959,6289.019561279893,19955023.852200035,399.79831875067146,312.02249760190006
0.028912112360274914,0.08333333333333333,0.005,264.20027325123976,49.849966341055655,0.015118613799711961,0.0,262591.623668562,6289.019561329686,19955018.617809236,399.7982952617412,312.0224884359351
0.028912112360274914,0.08333333333333333,0.015,264.20027325123976,49.849915990352414,0.01511483574216803,0.0,262591.6365132959,6289.019561279893,19955023.852200035,399.79831875067146,312.02249760190006
0.028912112360274914,0.11666666666666667,-0.005,264.19719243236796,49.57662425637992,0.023884012019140213,0.0,262577.1662069333,6289.0195514411325,19954723.757581823,399.7969660685748,312.0219697512521
0.028912112360274914,0.11666666666666667,0.005,264.19719243236796,49.576673562336275,0.023890224719630395,0.0,262577.15286249964,6289.019551489893,19954718.375481892,399.7969419153735,312.021960326056
0.028912112360274914,0.11666666666666667,0.015,264.19719243236796,49.57662425637992,0.023884012019140213,0.0,262577.1662069333,6289.0195514411325,19954723.757581823,399.7969660685748,312.0219697512521
0.028912112360274914,0.15,-0.005,264.1919790089906,49.29413680372107,0.03520197617965614,0.0,262561.7080309527,6289.019541666294,19954216.137064114,399.7946811823951,312.02107812904677
0.028912112360274914,0.15,0.005,264.1919790089906,49.29418499471798,0.03521173799095792,0.0,262561.69390258705,6289.019541714146,19954210.511596777,399.79465593506,312.0210682768637
0.028912112360274914,0.15,0.015,264.1919790089906,49.29413680372107,0.03520197617965614,0.0,262561.7080309527,6289.019541666294,19954216.137064114,399.7946811823951,312.02107812904677
0.028912112360274914,0.18333333333333332,-0.005,264.1835951886023,49.00184480093246,0.050186920551009505,0.0,262544.9435805656,6289.019532142306,19953400.013055127,399.79101051296647,312.0196457327251
0.028912112360274914,0.18333333333333332,0.005,264.1835951886023,49.00189178642481,0.05020198197720556,0.0,262544.92823989183,6289.019532189496,19953393.999778006,399.7909835223877,312.0196352002335
0.028912112360274914,0.18333333333333332,0.015,264.1835951886023,49.00184480093246,0.050186920551009505,0.0,262544.9435805656,6289.019532142306,19953400.013055127,399.79101051296647,312.0196457327251
0.028912112360274914,0.2166666666666667,-0.005,264.17043553044255,48.699037590576246,0.0705928004830868,0.0,262526.3884268788,6289.019523250213,19952119.177969925,399.7852523575055,312.0173987286041
0.028912112360274914,0.2166666666666667,0.005,264.17043553044255,48.69908324952571,0.07061579188016293,0.0,262526.3712391057,6289.019523297263,19952112.562587872,399.78522266059196,312.0173871399402
0.028912112360274914,0.2166666666666667,0.015,264.17043553044255,48.699037590576246,0.0705928004830868,0.0,262526.3884268788,6289.019523250213,19952119.177969925,399.7852523575055,312.0173987286041
0.028912112360274914,0.25,-0.005,264.15010698877506,48.384875024938204,0.09907963154781027,0.0,262505.32827774715,6289.019515761392,19950140.796884127,399.77636069653727,312.01392890532316
0.028912112360274914,0.25,0.005,264.15010698877506,48.384919192712914,0.09911431079608692,0.0,262505.3083386703,6289.019515809399,19950133.273952957,399.7763269203633,312.01391572465764
0.028912112360274914,0.25,0.015,264.15010698877506,48.384875024938204,0.09907963154781027,0.0,262505.32827774715,6289.019515761392,19950140.796884127,399.77636069653727,312.01392890532316
0.028912112360274914,0.2833333333333333,-0.005,264.1192061347977,48.05835264306002,0.1394877071922354,0.0,262480.7541883257,6289.0195112195415,19947133.74666187,399.762847708152,312.0086556117506
0.028912112360274914,0.2833333333333333,0.005,264.1192061347977,48.0583950975343,0.13953912312153383,0.0,262480.7302818617,6289.019511270704,19947124.90525163,399.762808005178,312.0086401179749
0.028912112360274914,0.2833333333333333,0.015,264.1192061347977,48.05835264306002,0.1394877071922354,0.0,262480.7541883257,6289.0195112195415,19947133.74666187,399.762847708152,312.0086556117506
0.028912112360274914,0.31666666666666665,-0.005,264.0731720296698,47.7182615795201,0.19702290067308992,0.0,262451.3194477214,6289.019512601589,19942654.34063971,399.74271922848993,312.00080053095553
0.028912112360274914,0.31666666666666665,0.005,264.0731720296698,47.7183020314847,0.19709733462234144,0.0,262451.2900578085,6289.019512659998,19942643.668382276,399.74267129402,312.0007818244316
0.028912112360274914,0.31666666666666665,0.015,264.0731720296698,47.7182615795201,0.19702290067308992,0.0,262451.3194477214,6289.019512601589,19942654.34063971,399.74271922848993,312.00080053095553
0.028912112360274914,0.35,-0.005,264.00633794220465,47.36314856739017,0.2782063296176061,0.0,262415.3537008504,6289.0195252760595,19936151.443787582,399.71349688875904,311.9893962456692
0.028912112360274914,0.35,0.005,264.00633794220465,47.36318666382267,0.278310847701848,0.0,262415.31711911334,6289.01952534861,19936138.363279693,399.7134381232007,311.9893733114527
0.028912112360274914,0.35,0.015,264.00633794220465,47.36314856739017,0.2782063296176061,0.0,262415.3537008504,6289.0195252760595,19936151.443787582,399.71349688875904,311.9893962456692
0.028912112360274914,0.38333333333333336,-0.005,263.9123323780223,46.9912853233431,0.3904091204416991,0.0,262370.9777120256,6289.019558025282,19927005.629567515,399.67239251888697,311.9733541838585
0.028912112360274914,0.38333333333333336,0.005,263.9123323780223,46.99132067430506,0.39055059560146604,0.0,262370.9322759835,6289.019558122163,19926989.578874204,399.6723203874837,311.9733260319555
0.028912112360274914,0.38333333333333336,0.015,263.9123323780223,46.9912853233431,0.3904091204416991,0.0,262370.9777120256,6289.019558025282,19927005.629567515,399.67239251888697,311.9733541838585
0.028912112360274914,0.4166666666666667,-0.005,263.78495686509547,46.60065890986422,0.5408202461942939,0.0,262316.35537422384,6289.019623432983,19914614.756324023,399.6166903714821,311.95161363884574
0.028912112360274914,0.4166666666666667,0.005,263.78495686509547,46.60069114812098,0.5410038271837047,0.0,262316.2998412715,6289.019623566749,19914595.315384794,399.6166029699732,311.9515795248512
0.028912112360274914,0.4166666666666667,0.015,263.78495686509547,46.60065890986422,0.5408202461942939,0.0,262316.35537422384,6289.019623432983,19914614.756324023,399.6166903714821,311.95161363884574
0.028912112360274914,0.45,-0.005,263.6195627572452,46.18899216621636,0.7348192877984019,0.0,262250.08890486386,6289.019736484941,19898528.042958565,399.54434705833216,311.92337578583187
0.028912112360274914,0.45,0.005,263.6195627572452,46.189021040545754,0.7350465097394548,0.0,262250.02291310317,6289.019736667135,19898505.089451402,399.5442438119193,311.9233354837078
0.028912112360274914,0.45,0.015,263.6195627572452,46.18899216621636,0.7348192877984019,0.0,262250.08890486386,6289.019736484941,19898528.042958565,399.54434705833216,311.92337578583187
0.028912112360274914,0.48333333333333334,-0.005,263.41475430029277,45.75379283805263,0.973955159647967,0.0,262171.70663142373,6289.019910372176,19878611.68263202,399.4547346185467,311.88839370882505
0.028912112360274914,0.48333333333333334,0.005,263.41475430029277,45.75381832618343,0.9742221596243611,0.0,262171.63113221026,6289.019910607479,19878585.538459666,399.45461694195336,311.8883477687433
0.028912112360274914,0.48333333333333334,0.015,263.41475430029277,45.75379283805263,0.973955159647967,0.0,262171.70663142373,6289.019910372176,19878611.68263202,399.4547346185467,311.88839370882505
0.028912112360274914,0.5166666666666667,-0.005,263.17400233853095,45.29241072929665,1.2540177830120947,0.0,262082.12291561396,6289.020149882906,19855205.40691723,399.3493469761709,311.8472484326606
0.028912112360274914,0.5166666666666667,0.005,263.17400233853095,45.29243313836028,1.2543142908795089,0.0,262082.04041321078,6289.020150163018,19855176.919609025,399.34921864677943,311.8471983271939
0.028912112360274914,0.5166666666666667,0.015,263.17400233853095,45.29241072929665,1.2540177830120947,0.0,262082.12291561396,6289.020149882906,19855205.40691723,399.3493469761709,311.8472484326606
0.028912112360274914,0.55,-0.005,262.9065635854691,44.80205780744229,1.5639152573143196,0.0,261983.89612779813,6289.020445241381,19829211.130708434,399.23220746828054,311.8015086403461
0.028912112360274914,0.55,0.005,262.9065635854691,44.80207781744919,1.5642250275268994,0.0,261983.8105654899,6289.020445542828,19829181.635135207,399.2320744669372,311.80145670312487
0.028912112360274914,0.55,0.015,262.9065635854691,44.80205780744229,1.5639152573143196,0.0,261983.89612779813,6289.020445241381,19829211.130708434,399.23220746828054,311.8015086403461
0.028912112360274914,0.5833333333333334,-0.005,262.6270996511679,44.279725840563835,1.8860762242093028,0.0,261881.11173822492,6289.020771011712,19802055.01848732,399.10971291797244,311.7536706715628
0.028912112360274914,0.5833333333333334,0.005,262.6270996511679,44.27974445057203,1.886379248675124,0.0,261881.02795298694,6289.020771301117,19802026.1521733,399.1095826127227,311.7536197793621
0.028912112360274914,0.5833333333333334,0.015,262.6270996511679,44.279725840563835,1.8860762242093028,0.0,261881.11173822492,6289.020771011712,19802055.01848732,399.10971291797244,311.7536706715628
0.028912112360274914,0.6166666666666667,-0.005,262.3536808554399,43.72185570692582,2.198756537813348,0.0,261778.79847154237,6289.021093262643,19775492.84079839,398.98977277335644,311.70682316473193
0.028912112360274914,0.6166666666666667,0.005,262.3536808554399,43.72187381891446,2.199032738913673,0.0,261778.72128098545,6289.021093508844,19775466.237999618,398.9896525507883,311.7067762033808
0.028912112360274914,0.6166666666666667,0.015,262.3536808554399,43.72185570692582,2.198756537813348,0.0,261778.79847154237,6289.021093262643,19775492.84079839,398.98977277335644,311.70682316473193
0.028912112360274914,0.65,-0.005,262.1044323719749,43.12385618215575,2.4799711606791868,0.0,261681.95841286524,6289.0213826336185,19751284.09536782,398.88034825180426,311.66407681980456
0.028912112360274914,0.65,0.005,262.1044323719749,43.12387486115752,2.480204621412381,0.0,261681.8916265652,6289.021382819013,19751261.044287156,398.8802439676352,311.66403607872576
0.028912112360274914,0.65,0.015,262.1044323719749,43.12385618215575,2.4799711606791868,0.0,261681.95841286524,6289.0213826336185,19751284.09536782,398.88034825180426,311.66407681980456
0.028912112360274914,0.6833333333333333,-0.005,261.89372622489685,42.47975194312943,2.71200837663603,0.0,261594.4799440521,6289.021625754935,19730822.75083241,398.78778012054596,311.6279107924409
0.028912112360274914,0.6833333333333333,0.005,261.89372622489685,42.47977222656671,2.712190624796876,0.0,261594.42558192546,6289.0216258802575,19730803.928385176,398.78769488598743,311.6278774896791
0.028912112360274914,0.6833333333333333,0.015,261.89372622489685,42.47975194312943,2.71200837663603,0.0,261594.4799440521,6289.021625754935,19730822.75083241,398.78778012054596,311.6279107924409
0.028912112360274914,0.7166666666666667,-0.005,261.7292085950761,41.78085982934288,2.8849085895843913,0.0,261518.2503415055,6289.0218286137,19714849.485448137,398.715470585691,311.5996568037741
0.028912112360274914,0.7166666666666667,0.005,261.7292085950761,41.78088199684228,2.885039669602054,0.0,261518.2083490907,6289.021828692892,19714834.87019917,398.7154043525653,311.59963092288706
0.028912112360274914,0.7166666666666667,0.015,261.7292085950761,41.78085982934288,2.8849085895843913,0.0,261518.2503415055,6289.0218286137,19714849.485448137,398.715470585691,311.5996568037741
0.028912112360274914,0.75,-0.005,261.6108068818908,41.014415143186476,2.9975797022742983,0.0,261452.83324729235,6289.022010554225,19703355.975849766,398.66342934025494,311.5793207940294
0.028912112360274914,0.75,0.005,261.6108068818908,41.01443899451113,2.9976667355416238,0.0,261452.80186409267,6289.022010604728,19703344.969794,398.6633794362926,311.57930129256266
0.028912112360274914,0.75,0.015,261.6108068818908,41.014415143186476,2.9975797022742983,0.0,261452.83324729235,6289.022010554225,19703355.975849766,398.66342934025494,311.5793207940294
0.028912112360274914,0.7833333333333333,-0.005,261.5320523333494,40.16172967580976,3.056086954028359,0.0,261395.79203991013,6289.022195550153,19695713.5579888,398.6288425943237,311.56580469528967
0.028912112360274914,0.7833333333333333,0.005,261.5320523333494,40.16175468224098,3.056140877280551,0.0,261395.7685856695,6289.022195585658,19695705.25339389,398.6288049268205,311.5657899749471
0.028912112360274914,0.7833333333333333,0.015,261.5320523333494,40.16172967580976,3.056086954028359,0.0,261395.79203991013,6289.022195550153,19695713.5579888,398.6288425943237,311.56580469528967
0.028912112360274914,0.8166666666666665,-0.005,261.4830294090946,39.19488823388063,3.069844742421667,0.0,261343.43366232823,6289.02240783988,19690959.49211291,398.6073681691126,311.5574124441942
0.028912112360274914,0.8166666666666665,0.005,261.4830294090946,39.19491375797551,3.069876731298139,0.0,261343.41539716723,6289.022407868353,19690952.962551765,398.607338547413,311.55740086781486
0.028912112360274914,0.8166666666666665,0.015,261.4830294090946,39.19488823388063,3.069844742421667,0.0,261343.43366232823,6289.02240783988,19690959.49211291,398.6073681691126,311.5574124441942
0.028912112360274914,0.85,-0.005,261.4535968000537,38.070170017206486,3.0471716137246876,0.0,261291.54039167694,6289.022675098845,19688109.590268735,398.5945592591952,311.5524065872924
0.028912112360274914,0.85,0.005,261.4535968000537,38.07019549962772,3.0471905828386734,0.0,261291.52511649157,6289.02267512401,19688104.093275037,398.59453431954745,311.55239684053697
0.028912112360274914,0.85,0.015,261.4535968000537,38.070170017206486,3.0471716137246876,0.0,261291.54039167694,6289.022675098845,19688109.590268735,398.5945592591952,311.5524065872924
0.028912112360274914,0.8833333333333333,-0.005,261.4356182938702,36.71312192111146,2.991276229010354,0.0,261235.5954670018,6289.02304115901,19686375.00745736,398.5868586574387,311.54939707230875
0.028912112360274914,0.8833333333333333,0.005,261.4356182938702,36.71314697021784,2.9912879808294037,0.0,261235.5817260346,6289.02304118236,19686370.052694786,398.5868361766417,311.54938828642094
0.028912112360274914,0.8833333333333333,0.015,261.4356182938702,36.71312192111146,2.991276229010354,0.0,261235.5954670018,6289.02304115901,19686375.00745736,398.5868586574387,311.54939707230875
0.028912112360274914,0.9166666666666666,-0.005,261.42366593973065,34.97865668585677,2.8958384750073547,0.0,261169.92172166036,6289.023603400183,19685231.548361376,398.58193383246294,311.5474723588391
0.028912112360274914,0.9166666666666666,0.005,261.42366593973065,34.978681068346646,2.895846149047899,0.0,261169.9086896695,6289.0236034222435,19685226.85972224,398.5819125581334,311.5474640444085
0.028912112360274914,0.9166666666666666,0.015,261.42366593973065,34.97865668585677,2.8958384750073547,0.0,261169.92172166036,6289.023603400183,19685231.548361376,398.58193383246294,311.5474723588391
0.028912112360274914,0.95,-0.005,261.41437943786167,32.50975298332852,2.733124465962473,0.0,261083.90881918414,6289.024686043846,19684362.66454264,398.57850145316957,311.54613091395106
0.028912112360274914,0.95,0.005,261.41437943786167,32.509776554491495,2.733129498159744,0.0,261083.8960600302,6289.024686064578,19684358.100170523,398.5784807416041,311.54612281942497
0.028912112360274914,0.95,0.015,261.41437943786167,32.50975298332852,2.733124465962473,0.0,261083.90881918414,6289.024686043846,19684362.66454264,398.57850145316957,311.54613091395106
0.028912112360274914,0.9833333333333333,-0.005,261.40427686966893,27.83524249419157,2.3762235902758198,0.0,260940.17777402935,6289.027527547514,19683467.62134125,398.57578213848825,311.54506814537524
0.028912112360274914,0.9833333333333333,0.005,261.40427686966893,27.83526549465948,2.3762266127942016,0.0,260940.1650090427,6289.0275275673075,19683463.099971395,398.5757616209068,311.54506012663495
0.028912112360274914,0.9833333333333333,0.015,261.40427686966893,27.83524249419157,2.3762235902758198,0.0,260940.17777402935,6289.027527547514,19683467.62134125,398.57578213848825,311.54506814537524
0.028912112360274914,1.0166666666666668,-0.005,261.4026742100583,0.0001706461727949883,1.4567628123509556e-05,0.0,260939.71678949532,6290.005843346721,19712791.716992244,399.17202070802404,311.77800473756014
0.028912112360274914,1.0166666666666668,0.005,261.40107155044774,-27.835242494191753,-2.3762235902758357,0.0,260939.25579930906,6289.027530748704,19683156.630176883,398.57437174946557,311.5445169325914
0.028912112360274914,1.0166666666666668,0.015,261.4026742100583,0.0001706461727949883,1.4567628123509556e-05,0.0,260939.71678949532,6290.005843346721,19712791.716992244,399.17202070802404,311.77800473756014
0.029637370786758304,-0.016666666666666666,-0.005,263.84902046604407,50.82030634353692,2.629872306199758e-20,0.0,262540.3151737622,6289.0203026139825,19920856.36257844,399.6450901129701,311.9626982456707
0.029637370786758304,-0.016666666666666666,0.005,263.84902046604407,50.82030634353691,-0.00024107320449417218,0.0,262540.3151737622,6289.020302613911,19920856.362576224,399.64509011292563,311.96269824565337
0.029637370786758304,-0.016666666666666666,0.015,263.84902046604407,50.82030634353692,2.629872306199758e-20,0.0,262540.3151737622,6289.0203026139825,19920856.36257844,399.6450901129701,311.9626982456707
0.029637370786758304,0.016666666666666666,-0.005,263.8490204660441,50.82030634353692,0.00024107320449417218,0.0,262540.31517376215,6289.02030261391,19920856.362576224,399.6450901129255,311.9626982456533
0.029637370786758304,0.016666666666666666,0.005,263.8490204660441,50.82037070470143,0.00024163912433486685,0.0,262540.30123237905,6289.020302684847,19920850.501189087,399.645063782536,311.96268796891064
0.029637370786758304,0.016666666666666666,0.015,263.8490204660441,50.82030634353692,0.00024107320449417218,0.0,262540.31517376215,6289.02030261391,19920856.362576224,399.6450901129255,311.9626982456533
0.029637370786758304,0.05,-0.005,263.8485713304879,50.560073088771716,0.0010201915832956678,0.0,262526.9886547903,6289.020285519813,19920812.167615574,399.6448832199967,311.96261749539985
0.029637370786758304,0.05,0.005,263.8485713304879,50.560136522758626,0.0010221575544821892,0.0,262526.9745430675,6289.020285589737,19920806.270051524,399.644856726361,311.9626071549396
0.029637370786758304,0.05,0.015,263.8485713304879,50.560073088771716,0.0010201915832956678,0.0,262526.9886547903,6289.020285519813,19920812.167615574,399.6448832199967,311.96261749539985
0.029637370786758304,0.08333333333333333,-0.005,263.84710785569257,50.291700665957585,0.003319096557898304,0.0,262513.03042685275,6289.020268499106,19920669.312595498,399.6442325944566,311.9623635562933
0.029637370786758304,0.08333333333333333,0.005,263.84710785569257,50.29176313218965,0.0033227331304069175,0.0,262513.01598464116,6289.020268568044,19920663.325108405,399.6442056957362,311.96235305772007
0.029637370786758304,0.08333333333333333,0.015,263.84710785569257,50.291700665957585,0.003319096557898304,0.0,262513.03042685275,6289.020268499106,19920669.312595498,399.6442325944566,311.9623635562933
0.029637370786758304,0.11666666666666667,-0.005,263.8442897056402,50.01470747610075,0.007650529585788226,0.0,262498.32563120185,6289.020251586239,19920394.691008717,399.64298933237995,311.96187831060985
0.029637370786758304,0.11666666666666667,0.005,263.8442897056402,50.014768925932664,0.007656465083456285,0.0,262498.31065816386,6289.020251654239,19920388.546314765,399.6429617258115,311.9618675357466
0.029637370786758304,0.11666666666666667,0.015,263.8442897056402,50.01470747610075,0.007650529585788226,0.0,262498.32563120185,6289.020251586239,19920394.691008717,399.64298933237995,311.96187831060985
0.029637370786758304,0.15,-0.005,263.83951444633584,49.72854618141405,0.014768042199182322,0.0,262482.6819714535,6289.020234854734,19919929.709073026,399.6408898905198,311.96105889590257
0.029637370786758304,0.15,0.005,263.83951444633584,49.72860655360941,0.0147773444646094,0.0,262482.6661741604,6289.0202349219035,19919923.308431692,399.6408611317861,311.96104767131897
0.029637370786758304,0.15,0.015,263.83951444633584,49.72854618141405,0.014768042199182322,0.0,262482.6819714535,6289.020234854734,19919929.709073026,399.6408898905198,311.96105889590257
0.029637370786758304,0.18333333333333332,-0.005,263.83178889562004,49.432588393997655,0.025832095933591894,0.0,262465.79231407685,6289.020218459003,19919177.767957278,399.63749977460577,311.95973572500094
0.029637370786758304,0.18333333333333332,0.005,263.83178889562004,49.43264760751329,0.025846470864250102,0.0,262465.775254467,6289.020218525578,19919170.9637539,399.6374691994392,311.95972379140983
0.029637370786758304,0.18333333333333332,0.015,263.83178889562004,49.432588393997655,0.025832095933591894,0.0,262465.79231407685,6289.020218459003,19919177.767957278,399.63749977460577,311.95973572500094
0.029637370786758304,0.21666666666666667,-0.005,263.81954821107087,49.126103887562564,0.04263215567310595,0.0,262447.18215584627,6289.020202727361,19917986.667980477,399.6321343711223,311.95764158284504
0.029637370786758304,0.21666666666666667,0.005,263.81954821107087,49.12616183104098,0.04265419367227055,0.0,262447.1631893142,6289.020202793847,19917979.24282312,399.63210100118187,311.9576285583567
0.029637370786758304,0.21666666666666667,0.015,263.81954821107087,49.126103887562564,0.04263215567310595,0.0,262447.18215584627,6289.020202727361,19917986.667980477,399.6321343711223,311.95764158284504
0.029637370786758304,0.25,-0.005,263.8004334378184,48.80823306140755,0.06785576275068807,0.0,262426.14500057127,6289.0201883584,19916126.975796286,399.6237615790933,311.9543736147423
0.029637370786758304,0.25,0.005,263.8004334378184,48.80828957960545,0.06788918998384622,0.0,262426.12321343296,6289.02018842587,19916118.621423617,399.6237240268964,311.95435895774057
0.029637370786758304,0.25,0.015,263.8004334378184,48.80823306140755,0.06785576275068807,0.0,262426.14500057127,6289.0201883584,19916126.975796286,399.6237615790933,311.9543736147423
0.029637370786758304,0.2833333333333333,-0.005,263.7710656803363,48.47795232873247,0.1053616817234833,0.0,262401.6766301064,6289.020176803338,19913270.073702455,399.6109029109518,311.94935470643435
0.029637370786758304,0.2833333333333333,0.005,263.7710656803363,48.47800720802661,0.1054115278120519,0.0,262401.6507976165,6289.020176873954,19913260.376850158,399.61085931591623,311.9493376905778
0.029637370786758304,0.2833333333333333,0.015,263.7710656803363,48.47795232873247,0.1053616817234833,0.0,262401.6766301064,6289.020176803338,19913270.073702455,399.6109029109518,311.94935470643435
0.029637370786758304,0.31666666666666665,-0.005,263.72689576992013,48.13403427692073,0.1603650164331935,0.0,262372.4310368602,6289.020170929247,19908973.576080486,399.5915675105651,311.9418076918348
0.029637370786758304,0.31666666666666665,0.005,263.72689576992013,48.13408723503907,0.1604375603377679,0.0,262372.3996354745,6289.020171007054,19908962.02266345,399.5915155570921,311.94178741305257
0.029637370786758304,0.31666666666666665,0.015,263.72689576992013,48.13403427692073,0.1603650164331935,0.0,262372.4310368602,6289.020170929247,19908973.576080486,399.5915675105651,311.9418076918348
0.029637370786758304,0.35,-0.005,263.6622531285416,47.77500789819858,0.2393883337564587,0.0,262336.73376345483,6289.0201759849115,19902686.16293477,399.56327309150333,311.9307634541741
0.029637370786758304,0.35,0.005,263.6622531285416,47.7750585868038,0.23949065956071525,0.0,262336.69507858704,6289.020176076758,19902672.17444069,399.5632101714084,311.93073889396635
0.029637370786758304,0.35,0.015,263.6622531285416,47.77500789819858,0.2393883337564587,0.0,262336.73376345483,6289.0201759849115,19902686.16293477,399.56327309150333,311.9307634541741
0.029637370786758304,0.38333333333333336,-0.005,263.5707447181436,47.39912811533586,0.3497999635217194,0.0,262292.69622665865,6289.020200639058,19893786.51800225,399.5232196272055,311.9151286077536
0.029637370786758304,0.38333333333333336,0.005,263.5707447181436,47.399176146335655,0.3499389843562512,0.0,262292.6485906313,6289.020200755097,19893769.53179255,399.5231431990121,311.9150987733038
0.029637370786758304,0.38333333333333336,0.015,263.5707447181436,47.39912811533586,0.3497999635217194,0.0,262292.69622665865,6289.020200639058,19893786.51800225,399.5232196272055,311.9151286077536
0.029637370786758304,0.4166666666666667,-0.005,263.4461317280841,47.004366162856996,0.49878725022336956,0.0,262238.4677300877,6289.020257396078,19881668.766131487,399.4686714782998,311.89383450913556
0.029637370786758304,0.4166666666666667,0.005,263.4461317280841,47.00441116765405,0.4989681769284077,0.0,262238.4098955573,6289.020257548881,19881648.361462887,399.46857963190064,311.89379865359876
0.029637370786758304,0.4166666666666667,0.015,263.4461317280841,47.004366162856996,0.49878725022336956,0.0,262238.4677300877,6289.020257396078,19881668.766131487,399.4686714782998,311.89383450913556
0.029637370786758304,0.45,-0.005,263.28370629380083,46.588429929273495,0.6917356962801456,0.0,262172.63111769746,6289.020361234443,19865876.49357907,399.3975578522169,311.86607152005035
0.029637370786758304,0.45,0.005,263.28370629380083,46.588471652018626,0.6919601452756309,0.0,262172.5627178196,6289.020361435641,19865852.54698855,399.3974500065702,311.866029414885
0.029637370786758304,0.45,0.015,263.28370629380083,46.588429929273495,0.6917356962801456,0.0,262172.63111769746,6289.020361234443,19865876.49357907,399.3975578522169,311.86607152005035
0.029637370786758304,0.48333333333333334,-0.005,263.0819955386177,46.14881295032331,0.9302135973562928,0.0,262094.69141747148,6289.020525447481,19846268.402159207,399.30921694276674,311.83157950143953
0.029637370786758304,0.48333333333333334,0.005,263.0819955386177,46.14885136116211,0.9304778013817093,0.0,262094.61339793555,6289.020525701936,19846241.233528547,399.3090945048658,311.8315316938692
0.029637370786758304,0.48333333333333334,0.015,263.0819955386177,46.14881295032331,0.9302135973562928,0.0,262094.69141747148,6289.020525447481,19846268.402159207,399.30921694276674,311.83157950143953
0.029637370786758304,0.5166666666666667,-0.005,262.8443775950169,45.68285145724198,1.210047548345078,0.0,262005.53694928568,6289.020755052801,19823175.051589902,399.2051039472863,311.79092449656514
0.029637370786758304,0.5166666666666667,0.005,262.8443775950169,45.68288685341791,1.2103413406327894,0.0,262005.45180786066,6289.02075535247,19823145.505358197,399.20497068486185,311.79087245562476
0.029637370786758304,0.5166666666666667,0.015,262.8443775950169,45.68285145724198,1.210047548345078,0.0,262005.53694928568,6289.020755052801,19823175.051589902,399.2051039472863,311.79092449656514
0.029637370786758304,0.55,-0.005,262.58000509226486,45.18774447287318,1.5202000118560766,0.0,261907.69874953516,6289.021040606388,19797487.894179326,399.0892006550117,311.74565927114855
0.029637370786758304,0.55,0.005,262.58000509226486,45.187777523096415,1.5205072500019026,0.0,261907.6104226229,6289.021040928068,19797457.30123991,399.08906253790303,311.7456053265508
0.029637370786758304,0.55,0.015,262.58000509226486,45.18774447287318,1.5202000118560766,0.0,261907.69874953516,6289.021040606388,19797487.894179326,399.0892006550117,311.74565927114855
0.029637370786758304,0.5833333333333334,-0.005,262.3034309114105,44.6604715447427,1.843167891588996,0.0,261805.23533800142,6289.021357028861,19770622.018265072,398.9678621487228,311.6982643175756
0.029637370786758304,0.5833333333333334,0.005,262.3034309114105,44.66050323631689,1.843468661706448,0.0,261805.1486562744,6289.021357339361,19770592.011871412,398.9677265342594,311.6982113423857
0.029637370786758304,0.5833333333333334,0.015,262.3034309114105,44.6604715447427,1.843167891588996,0.0,261805.23533800142,6289.021357028861,19770622.018265072,398.9678621487228,311.6982643175756
0.029637370786758304,0.6166666666666667,-0.005,262.03262169982366,44.0975114932496,2.157284266974068,0.0,261703.15293137205,6289.021670594554,19744322.517970383,398.848959252831,311.65181372399513
0.029637370786758304,0.6166666666666667,0.005,262.03262169982366,44.09754282023704,2.1575585743956287,0.0,261703.07271266033,6289.021670862601,19744294.728783708,398.84883351985474,311.65176460149866
0.029637370786758304,0.6166666666666667,0.015,262.03262169982366,44.0975114932496,2.157284266974068,0.0,261703.15293137205,6289.021670594554,19744322.517970383,398.848959252831,311.65181372399513
0.029637370786758304,0.65,-0.005,261.7856137111886,43.49424134504339,2.440634049523889,0.0,261606.43168226245,6289.02195204449,19720339.67119393,398.74042070161045,311.60940601908067
0.029637370786758304,0.65,0.005,261.7856137111886,43.49427322362954,2.4408660233725996,0.0,261606.3617281951,6289.021952252427,19720315.38512965,398.74031070233474,311.60936303772047
0.029637370786758304,0.65,0.015,261.7856137111886,43.49424134504339,2.440634049523889,0.0,261606.43168226245,6289.02195204449,19720339.67119393,398.74042070161045,311.60940601908067
0.029637370786758304,0.6833333333333333,-0.005,261.57671534633556,42.84457672372734,2.6755552437160595,0.0,261518.94013806936,6289.022187886141,19700060.82219952,398.64856413961013,311.57351171805647
0.029637370786758304,0.6833333333333333,0.005,261.57671534633556,42.844610137188766,2.675736433287693,0.0,261518.8824692704,6289.0221880343615,19700040.716256756,398.64847298929124,311.5734760976766
0.029637370786758304,0.6833333333333333,0.015,261.57671534633556,42.84457672372734,2.6755552437160595,0.0,261518.94013806936,6289.022187886141,19700060.82219952,398.64856413961013,311.57351171805647
0.029637370786758304,0.7166666666666667,-0.005,261.4135432542177,42.13988891587247,2.852123378481333,0.0,261442.55954562893,6289.022383824192,19684223.56221599,398.57678095752897,311.54545850646224
0.029637370786758304,0.7166666666666667,0.005,261.4135432542177,42.13992421267106,2.852253828906906,0.0,261442.51411787106,6289.0223839263,19684207.61756938,398.57670861998014,311.54543023532744
0.029637370786758304,0.7166666666666667,0.015,261.4135432542177,42.13988891587247,2.852123378481333,0.0,261442.55954562893,6289.022383824192,19684223.56221599,398.57678095752897,311.54545850646224
0.029637370786758304,0.75,-0.005,261.2960286463615,41.36741137910421,2.9692519976648546,0.0,261376.85089106075,6289.022558893597,19672819.96992729,398.52508186412496,311.52525268808967
0.029637370786758304,0.75,0.005,261.2960286463615,41.367448347712354,2.969338802973476,0.0,261376.8159539872,6289.022558966766,19672807.593232624,398.52502568547357,311.52523073079016
0.029637370786758304,0.75,0.015,261.2960286463615,41.36741137910421,2.9692519976648546,0.0,261376.85089106075,6289.022558893597,19672819.96992729,398.52508186412496,311.52525268808967
0.029637370786758304,0.7833333333333333,-0.005,261.21773467342035,40.5084446825267,3.0329869855881952,0.0,261319.37897740802,6289.022736859212,19665224.71490193,398.4906642569695,311.5118003537731
0.029637370786758304,0.7833333333333333,0.005,261.21773467342035,40.50848278061931,3.0330410383812048,0.0,261319.3518631193,6289.022736916998,19665215.004398577,398.49062016729533,311.51178312067907
0.029637370786758304,0.7833333333333333,0.015,261.21773467342035,40.5084446825267,3.0329869855881952,0.0,261319.37897740802,6289.022736859212,19665224.71490193,398.4906642569695,311.5118003537731
0.029637370786758304,0.8166666666666667,-0.005,261.1687965804475,39.53505979786838,3.0527045666617045,0.0,261266.45404798878,6289.02294190053,19660480.331213456,398.4692044033509,311.5034123434134
0.029637370786758304,0.8166666666666667,0.005,261.1687965804475,39.53509837130788,3.0527369886212727,0.0,261266.43202988923,6289.022941950882,19660472.366947256,398.46916823692726,311.50339820685724
0.029637370786758304,0.8166666666666667,0.015,261.1687965804475,39.53505979786838,3.0527045666617045,0.0,261266.45404798878,6289.02294190053,19660480.331213456,398.4692044033509,311.5034123434134
0.029637370786758304,0.85,-0.005,261.139133414834,38.4035187705569,3.0366730589534883,0.0,261213.86002886615,6289.023201752442,19657608.835722733,398.4562782487981,311.4983597899633
0.029637370786758304,0.85,0.005,261.139133414834,38.403557239721536,3.0366927059931106,0.0,261213.84092100372,6289.023201799115,19657601.881627776,398.45624666733903,311.49834744535553
0.029637370786758304,0.85,0.015,261.139133414834,38.4035187705569,3.0366730589534883,0.0,261213.86002886615,6289.023201752442,19657608.835722733,398.4562782487981,311.4983597899633
0.029637370786758304,0.8833333333333333,-0.005,261.1206726649264,37.03934820279206,2.9880446729305485,0.0,261157.07474271956,6289.02356036245,19655827.841780894,398.44835364811604,311.495262194916
0.029637370786758304,0.8833333333333333,0.005,261.1206726649264,37.03938615144703,2.9880572868295836,0.0,261157.0571015417,6289.0235604069685,19655821.41361293,398.44832445369616,311.4952507832443
0.029637370786758304,0.8833333333333333,0.015,261.1206726649264,37.03934820279206,2.9880446729305485,0.0,261157.07474271956,6289.02356036245,19655827.841780894,398.44835364811604,311.495262194916
0.029637370786758304,0.9166666666666666,-0.005,261.10805162809436,35.297445800121146,2.90044260015676,0.0,261090.39694462085,6289.024115288299,19654619.66914026,398.44312487964277,311.4932183391251
0.029637370786758304,0.9166666666666666,0.005,261.10805162809436,35.297482963280416,2.9004512590264344,0.0,261090.37995508325,6289.024115331175,19654613.49658796,398.44309684484153,311.4932073806594
0.029637370786758304,0.9166666666666666,0.015,261.10805162809436,35.297445800121146,2.90044260015676,0.0,261090.39694462085,6289.024115288299,19654619.66914026,398.44312487964277,311.4932183391251
0.029637370786758304,0.95,-0.005,261.0979811199625,32.82097333992102,2.7461024471509905,0.0,261003.13985145788,6289.0251918118975,19653674.79954537,398.43933928202296,311.4917385911847
0.029637370786758304,0.95,0.005,261.0979811199625,32.82100952524517,2.746108525847158,0.0,261003.1230828085,6289.025191853033,19653668.746363513,398.4393117878915,311.49172784400923
0.029637370786758304,0.95,0.015,261.0979811199625,32.82097333992102,2.7461024471509905,0.0,261003.13985145788,6289.0251918118975,19653674.79954537,398.43933928202296,311.4917385911847
0.029637370786758304,0.9833333333333333,-0.005,261.087083165382,28.13800748621559,2.398058783456997,0.0,260857.4971585458,6289.028025173431,19652702.547319956,398.4362597711622,311.4905348395079
0.029637370786758304,0.9833333333333333,0.005,261.087083165382,28.138042949347582,2.398062880319379,0.0,260857.48031920922,6289.028025213503,19652696.536891107,398.4362324697128,311.49052416760867
0.029637370786758304,0.9833333333333333,0.015,261.087083165382,28.13800748621559,2.398058783456997,0.0,260857.4971585458,6289.028025173431,19652702.547319956,398.4362597711622,311.4905348395079
0.029637370786758304,1.0166666666666666,-0.005,261.084363623764,0.0002931374584500161,2.498260963719215e-05,0.0,260856.71341899878,6290.028049082248,19682525.64784236,399.04504646452534,311.7284134299321
0.029637370786758304,1.0166666666666666,0.005,261.08164408214594,-28.1380074862154,-2.398058783456981,0.0,260855.92966312185,6289.028027322516,19652174.802261855,398.4338618981074,311.4895975303828
0.029637370786758304,1.0166666666666666,0.015,261.084363623764,0.0002931374584500161,2.498260963719215e-05,0.0,260856.71341899878,6290.028049082248,19682525.64784236,399.04504646452534,311.7284134299321
0.030362629213241697,-0.016666666666666666,-0.005,263.7048677692752,51.001071663044065,-0.0007209297166233322,0.0,262508.3458000863,6289.020516499647,19906834.89630653,399.5821069274945,311.9381149601901
0.030362629213241697,-0.016666666666666666,0.005,263.6327914208908,51.09152845398091,-0.0012023256909917401,0.0,262492.3480027274,6289.020565556871,19899823.228528287,399.5505707397493,311.9258051834342
0.030362629213241697,-0.016666666666666666,0.015,263.7048677692752,51.001071663044065,-0.0007209297166233322,0.0,262508.3458000863,6289.020516499647,19906834.89630653,399.5821069274945,311.9381149601901
0.030362629213241697,0.016666666666666666,-0.005,263.63279142089084,51.091528453980914,-0.0009610547600536599,0.0,262492.34800272743,6289.020565557524,19899823.228548177,399.55057074014854,311.92580518359006
0.030362629213241697,0.016666666666666666,0.005,263.4165623757375,51.36319583833855,-0.0021651562960872785,0.0,262444.3020824714,6289.0204804544765,19878784.480570734,399.45578338198544,311.8888031381061
0.030362629213241697,0.016666666666666666,0.015,263.63279142089084,51.091528453980914,-0.0009610547600536599,0.0,262492.34800272743,6289.020565557524,19899823.228548177,399.55057074014854,311.92580518359006
0.030362629213241697,0.05,-0.005,263.6317097590861,50.830167349569784,-0.0025612694666289778,0.0,262478.71045392985,6289.020543594845,19899717.35346444,399.5500837171306,311.9256150761238
0.030362629213241697,0.05,0.005,263.41484818768436,51.10070633265953,-0.006148627552503116,0.0,262430.3527608504,6289.0204541537405,19878616.97108349,399.4550162306832,311.8885036481171
0.030362629213241697,0.05,0.015,263.6317097590861,50.830167349569784,-0.0025612694666289778,0.0,262478.71045392985,6289.020543594845,19899717.35346444,399.5500837171306,311.9256150761238
0.030362629213241697,0.08333333333333333,-0.005,263.6296539059641,50.56070081594149,-0.00257390818510628,0.0,262464.4526901769,6289.02052188162,19899516.754143804,399.5491703949948,311.9252585642078
0.030362629213241697,0.08333333333333333,0.005,263.4121999562356,50.830145101032265,-0.008476642626371477,0.0,262415.7947487937,6289.020428257563,19878358.670821924,399.45384022046477,311.88804454218234
0.030362629213241697,0.08333333333333333,0.015,263.6296539059641,50.56070081594149,-0.00257390818510628,0.0,262464.4526901769,6289.02052188162,19899516.754143804,399.5491703949948,311.9252585642078
0.030362629213241697,0.11666666666666667,-0.005,263.6262919898368,50.2826559085174,-0.0004594997219924622,0.0,262449.46252623654,6289.02050049712,19899189.15695593,399.5476855147066,311.9246789458122
0.030362629213241697,0.11666666666666667,0.005,263.4082942740334,50.551047852393424,-0.008582952847563835,0.0,262400.5185424737,6289.0204028954595,19877978.13880728,399.4521137449615,311.88737053733337
0.030362629213241697,0.11666666666666667,0.015,263.6262919898368,50.2826559085174,-0.0004594997219924622,0.0,262449.46252623654,6289.02050049712,19899189.15695593,399.5476855147066,311.9246789458122
0.030362629213241697,0.15,-0.005,263.62103003920345,49.995493333344086,0.004559542870014847,0.0,262433.55022585235,6289.020479546425,19898676.80664986,399.54536910155423,311.9237747390025
0.030362629213241697,0.15,0.005,263.402545632071,50.26288333547825,-0.005665891781291597,0.0,262384.3369734682,6289.020378211069,19877418.458157964,399.44958040673674,311.88638153586965
0.030362629213241697,0.15,0.015,263.62103003920345,49.995493333344086,0.004559542870014847,0.0,262433.55022585235,6289.020479546425,19898676.80664986,399.54536910155423,311.9237747390025
0.030362629213241697,0.18333333333333332,-0.005,263.61288317027834,49.69859166928353,0.013664795845120859,0.0,262416.41100282356,6289.020459201706,19897883.93564703,399.54179004776614,311.9223776580274
0.030362629213241697,0.18333333333333332,0.005,263.39397744493664,49.96503709421381,0.001477271316174169,0.0,262366.9476101403,6289.020354402734,19876584.69246123,399.44581249399914,311.8849105574301
0.030362629213241697,0.18333333333333332,0.015,263.61288317027834,49.69859166928353,0.013664795845120859,0.0,262416.41100282356,6289.020459201706,19897883.93564703,399.54179004776614,311.9223776580274
0.030362629213241697,0.21666666666666667,-0.005,263.6002944156512,49.39122589099116,0.028663461652053614,0.0,262397.5723389776,6289.020439793572,19896659.14719079,399.5362667825774,311.9202216433036
0.030362629213241697,0.21666666666666667,0.005,263.38104062023154,49.656789301532214,0.014671510863124935,0.0,262347.8799256978,6289.020331813016,19875326.247893326,399.44013148868623,311.8826927019935
0.030362629213241697,0.21666666666666667,0.015,263.6002944156512,49.39122589099116,0.028663461652053614,0.0,262397.5723389776,6289.020439793572,19896659.14719079,399.5362667825774,311.9202216433036
0.030362629213241697,0.25,-0.005,263.5809118965128,49.07253891694185,0.052256830669683285,0.0,262376.32915754395,6289.020422004871,19894773.751085244,399.5277696802162,311.9169047577488
0.030362629213241697,0.25,0.005,263.3613903552072,49.33728539092975,0.03663189395356571,0.0,262326.4302676251,6289.020311119787,19873415.177541588,399.43151025032506,311.87932695412405
0.030362629213241697,0.25,0.015,263.5809118965128,49.07253891694185,0.052256830669683285,0.0,262376.32915754395,6289.020422004871,19894773.751085244,399.5277696802162,311.9169047577488
0.030362629213241697,0.2833333333333333,-0.005,263.55136250743016,48.74150593527033,0.08831289317931526,0.0,262351.67785086925,6289.020407250103,19891899.770744126,399.51482188757393,311.9118504556048
0.030362629213241697,0.2833333333333333,0.005,263.33165933452403,49.005499319287935,0.07123565625473102,0.0,262301.5956414053,6289.020293712569,19870524.146227602,399.4184735701233,311.874237340362
0.030362629213241697,0.2833333333333333,0.015,263.55136250743016,48.74150593527033,0.08831289317931526,0.0,262351.67785086925,6289.020407250103,19891899.770744126,399.51482188757393,311.9118504556048
0.030362629213241697,0.31666666666666665,-0.005,263.50710100408844,48.39689353441168,0.14205136275064945,0.0,262322.2719616357,6289.020398336752,19887595.306543317,399.4954330494925,311.90428167291054
0.030362629213241697,0.31666666666666665,0.005,263.28730623825675,48.66019166744038,0.12370713219329692,0.0,262272.02913972735,6289.020282351832,19866211.74080586,399.39903160309825,311.8666469022288
0.030362629213241697,0.31666666666666665,0.015,263.50710100408844,48.39689353441168,0.14205136275064945,0.0,262322.2719616357,6289.020398336752,19887595.306543317,399.4954330494925,311.90428167291054
0.030362629213241697,0.35,-0.005,263.44245819229303,48.03721918253932,0.2199955291348928,0.0,262286.4353024769,6289.020400432538,19881309.302366834,399.46711996733393,311.8932288206187
0.030362629213241697,0.35,0.005,263.2226632560445,48.29986836830128,0.20057033789531106,0.0,262236.05284142407,6289.020282137453,19859927.169738777,399.3707002464742,311.8555855811097
0.030362629213241697,0.35,0.015,263.44245819229303,48.03721918253932,0.2199955291348928,0.0,262286.4353024769,6289.020400432538,19881309.302366834,399.46711996733393,311.8932288206187
0.030362629213241697,0.38333333333333336,-0.005,263.3510390552393,47.66072052336325,0.32951232456484275,0.0,262242.27612201875,6289.020422110556,19872420.394322682,399.4270800397637,311.8775973773582
0.030362629213241697,0.38333333333333336,0.005,263.131333392335,47.9227497732942,0.3091908066017395,0.0,262191.77181916137,6289.02030156039,19851049.02241874,399.33067433048734,311.83995772179463
0.030362629213241697,0.38333333333333336,0.015,263.3510390552393,47.66072052336325,0.32951232456484275,0.0,262242.27612201875,6289.020422110556,19872420.394322682,399.4270800397637,311.8775973773582
0.030362629213241697,0.4166666666666667,-0.005,263.22659838957077,47.265346211209234,0.4777882802001471,0.0,262187.9390353586,6289.020475779537,19860322.225552138,399.3725731679562,311.8563168319756
0.030362629213241697,0.4166666666666667,0.005,263.0070650510574,47.52676194268573,0.456754254252445,0.0,262137.32598743946,6289.020352946809,19838970.46137652,399.2762093006447,311.8186909460837
0.030362629213241697,0.4166666666666667,0.015,263.22659838957077,47.265346211209234,0.4777882802001471,0.0,262187.9390353586,6289.020475779537,19860322.225552138,399.3725731679562,311.8563168319756
0.030362629213241697,0.45,-0.005,263.0644162225956,46.84877741515346,0.6702118577375469,0.0,262122.0006713147,6289.02057634309,19844557.30849247,399.3015220137432,311.8285748958233
0.030362629213241697,0.45,0.005,262.8451261513904,47.10955931389779,0.6486521047618894,0.0,262071.2857435428,6289.020451137059,19823232.926444944,399.2052212732592,311.7909703140791
0.030362629213241697,0.45,0.015,263.0644162225956,46.84877741515346,0.6702118577375469,0.0,262122.0006713147,6289.02057634309,19844557.30849247,399.3015220137432,311.8285748958233
0.030362629213241697,0.48333333333333334,-0.005,262.86300047857674,46.40847854676593,0.9083610370874808,0.0,262043.95839010822,6289.020737062514,19824982.506893985,399.2132559846801,311.7941079707674
0.030362629213241697,0.48333333333333334,0.005,262.6440054185358,46.6685771666019,0.8864720350646181,0.0,261993.14075936304,6289.020609369001,19803691.444548618,399.1170308646154,311.75652876571115
0.030362629213241697,0.48333333333333334,0.015,262.86300047857674,46.40847854676593,0.9083610370874808,0.0,262043.95839010822,6289.020737062514,19824982.506893985,399.2132559846801,311.7941079707674
0.030362629213241697,0.5166666666666667,-0.005,262.6257020234886,45.941756338856884,1.1880807369419648,0.0,261954.6915704855,6289.020962979168,19801925.647550493,399.10921923556106,311.7534778582254
0.030362629213241697,0.5166666666666667,0.005,262.4070264519603,46.20109273460053,1.1660773136780611,0.0,261903.76144821045,6289.020832711692,19780671.11071,399.01307117558156,311.7159238553056
0.030362629213241697,0.5166666666666667,0.015,262.6257020234886,45.941756338856884,1.1880807369419648,0.0,261954.6915704855,6289.020962979168,19801925.647550493,399.10921923556106,311.7534778582254
0.030362629213241697,0.55,-0.005,262.36163830817634,45.4457819069498,1.498360581483885,0.0,261856.72136799098,6289.021244721274,19776274.55066789,398.9933805403931,311.70823242774605
0.030362629213241697,0.55,0.005,262.1432715240878,45.704249234024715,1.476484766397833,0.0,261805.65905760895,6289.02111186364,19755056.114000387,398.89729794665203,311.67069854847927
0.030362629213241697,0.55,0.015,262.36163830817634,45.4457819069498,1.498360581483885,0.0,261856.72136799098,6289.021244721274,19776274.55066789,398.9933805403931,311.70823242774605
0.030362629213241697,0.5833333333333334,-0.005,262.0853211659543,44.91751002517086,1.8217315796109732,0.0,261754.096022659,6289.021557297269,19749439.981671892,398.8720807558621,311.66084691031745
0.030362629213241697,0.5833333333333334,0.005,261.86721142049817,45.17497668096843,1.800259558968689,0.0,261702.87151931203,6289.021421913089,19728252.89764878,398.7760377841396,311.62332280494275
0.030362629213241697,0.5833333333333334,0.015,262.0853211659543,44.91751002517086,1.8217315796109732,0.0,261754.096022659,6289.021557297269,19749439.981671892,398.8720807558621,311.66084691031745
0.030362629213241697,0.6166666666666667,-0.005,261.81468511056556,44.353411131800286,2.136565392451964,0.0,261651.8153855788,6289.0218670197555,19723163.49958539,398.753181202497,311.6143920451812
0.030362629213241697,0.6166666666666667,0.005,261.59674852130746,44.60973715040709,2.115811996134788,0.0,261600.39230115115,6289.021729198661,19701999.48554668,398.65714248294324,311.5768640067877
0.030362629213241697,0.6166666666666667,0.015,261.81468511056556,44.353411131800286,2.136565392451964,0.0,261651.8153855788,6289.0218670197555,19723163.49958539,398.753181202497,311.6143920451812
0.030362629213241697,0.65,-0.005,261.5677236778746,43.74883987869091,2.4209818781305397,0.0,261554.8493384867,6289.022144608988,19699190.826409835,398.6445964377341,311.57196118709487
0.030362629213241697,0.65,0.005,261.3498336445606,44.003862934312515,2.4012969383685916,0.0,261503.18098542365,6289.022004406039,19678037.044233218,398.54851239550567,311.5344103236547
0.030362629213241697,0.65,0.015,261.5677236778746,43.74883987869091,2.4209818781305397,0.0,261554.8493384867,6289.022144608988,19699190.826409835,398.6445964377341,311.57196118709487
0.030362629213241697,0.6833333333333333,-0.005,261.35869692003746,43.09767327665448,2.657343881329864,0.0,261467.0526612901,6289.022376436122,19678904.282110672,398.5526263572364,311.536018204872
0.030362629213241697,0.6833333333333333,0.005,261.1406784937393,43.35119243373227,2.639102110796088,0.0,261415.07854617937,6289.022233757465,19657742.870385326,398.45642963761776,311.4984189650436
0.030362629213241697,0.6833333333333333,0.015,261.35869692003746,43.09767327665448,2.657343881329864,0.0,261467.0526612901,6289.022376436122,19678904.282110672,398.5526263572364,311.536018204872
0.030362629213241697,0.7166666666666667,-0.005,261.195223609588,42.39128735204266,2.8357444746216043,0.0,261390.3073056302,6289.022568068981,19663041.48609283,398.48066511014866,311.5078920165802
0.030362629213241697,0.7166666666666667,0.005,260.97690396495835,42.64310640047371,2.819338167378275,0.0,261337.96764292056,6289.022422679609,19641854.610933352,398.38429111622867,311.4702200819957
0.030362629213241697,0.7166666666666667,0.015,261.195223609588,42.39128735204266,2.8357444746216043,0.0,261390.3073056302,6289.022568068981,19663041.48609283,398.48066511014866,311.5078920165802
0.030362629213241697,0.75,-0.005,261.0772430718366,41.61690658817089,2.9551000147790534,0.0,261324.17356920152,6289.022738399141,19651595.304599054,398.42872686536475,311.48759027825275
0.030362629213241697,0.75,0.005,260.85845749731175,41.866820305821015,2.9409242930554114,0.0,261271.40788527948,6289.022589927093,19630365.919570193,398.3321144682582,311.4498226861392
0.030362629213241697,0.75,0.015,261.0772430718366,41.61690658817089,2.9551000147790534,0.0,261324.17356920152,6289.022738399141,19651595.304599054,398.42872686536475,311.48759027825275
0.030362629213241697,0.7833333333333333,-0.005,260.9983411145042,40.75581894136643,3.021446710172043,0.0,261266.2170371791,6289.022911116879,19643942.751464076,398.39401730162024,311.47402218800505
0.030362629213241697,0.7833333333333333,0.005,260.7789475555881,41.00360943085748,3.0098870171480305,0.0,261212.9656469439,6289.022759135838,19622656.154420927,398.29711367652345,311.43613909215156
0.030362629213241697,0.7833333333333333,0.015,260.9983411145042,40.75581894136643,3.021446710172043,0.0,261266.2170371791,6289.022911116879,19643942.751464076,398.39401730162024,311.47402218800505
0.030362629213241697,0.8166666666666667,-0.005,260.9486886207357,39.78007825243344,3.0441417075442576,0.0,261212.74967647542,6289.023110417098,19639130.045886844,398.3722258662945,311.46550353745624
0.030362629213241697,0.8166666666666667,0.005,260.7285806610239,40.025510395977896,3.035564390901742,0.0,261158.95463054054,6289.022954554271,19617775.219958216,398.2749914086211,311.4274900596375
0.030362629213241697,0.8166666666666667,0.015,260.9486886207357,39.78007825243344,3.0441417075442576,0.0,261212.74967647542,6289.023110417098,19639130.045886844,398.3722258662945,311.46550353745624
0.030362629213241697,0.85,-0.005,260.9182518215407,38.64591996068173,3.031428225347472,0.0,261159.55672258107,6289.023364118867,19636184.017387263,398.35894675840996,311.4603123893008
0.030362629213241697,0.85,0.005,260.69737022824734,38.8887319083408,3.026174504182289,0.0,261105.1613973906,6289.0232041511645,19614754.75877038,398.2613601800721,311.4221606067358
0.030362629213241697,0.85,0.015,260.9182518215407,38.64591996068173,3.031428225347472,0.0,261159.55672258107,6289.023364118867,19636184.017387263,398.35894675840996,311.4603123893008
0.030362629213241697,0.8833333333333333,-0.005,260.89902239449964,37.27882388034712,2.986430267589669,0.0,261102.1152748261,6289.023716288958,19634328.69627979,398.35067412234815,311.4570783572675
0.030362629213241697,0.8833333333333333,0.005,260.6773721240729,37.51870680138708,2.9848131168507432,0.0,261047.0623448931,6289.0235522308485,19612825.219153374,398.2527405295739,311.41879050235855
0.030362629213241697,0.8833333333333333,0.015,260.89902239449964,37.27882388034712,2.986430267589669,0.0,261102.1152748261,6289.023716288958,19634328.69627979,398.35067412234815,311.4570783572675
0.030362629213241697,0.9166666666666666,-0.005,260.88574363636485,35.5335940972485,2.9027427010902946,0.0,261034.7190104328,6289.024264647569,19633056.81192315,398.3451476950676,311.45491788538146
0.030362629213241697,0.9166666666666666,0.005,260.66343564463534,35.77014519254411,2.9050467253061645,0.0,260978.94610638818,6289.02409691857,19611489.742600176,398.2469178563415,311.41651393738005
0.030362629213241697,0.9166666666666666,0.015,260.88574363636485,35.5335940972485,2.9027427010902946,0.0,261034.7190104328,6289.024264647569,19633056.81192315,398.3451476950676,311.45491788538146
0.030362629213241697,0.95,-0.005,260.87540165818154,33.05319913220007,2.7525859013545904,0.0,260946.67604172105,6289.025335168746,19632085.638059318,398.341235812068,311.45338858573183
0.030362629213241697,0.95,0.005,260.6528221964006,33.28582153180192,2.759080428339508,0.0,260890.11580014433,6289.025165508401,19610492.400598884,398.24288202245583,311.41493598605473
0.030362629213241697,0.95,0.015,260.87540165818154,33.05319913220007,2.7525859013545904,0.0,260946.67604172105,6289.025335168746,19632085.638059318,398.341235812068,311.45338858573183
0.030362629213241697,0.9833333333333333,-0.005,260.8653814322896,28.364492481510847,2.408967101559073,0.0,260800.03960291794,6289.028161467088,19631198.485594746,398.33853601189935,311.4523331296803
0.030362629213241697,0.9833333333333333,0.005,260.6436796991972,28.591362767812004,2.419893976638174,0.0,260742.484301833,6289.027992547201,19609690.541134734,398.2405671552916,311.41403090364156
0.030362629213241697,0.9833333333333333,0.015,260.8653814322896,28.364492481510847,2.408967101559073,0.0,260800.03960291794,6289.028161467088,19631198.485594746,398.33853601189935,311.4523331296803
0.030362629213241697,1.0166666666666668,-0.005,260.93746898224174,9.519919530708481,0.805739810406956,0.0,260818.6799164853,6289.924655307786,19665141.859052204,398.91704855310223,311.6784143303936
0.030362629213241697,1.0166666666666668,0.005,260.8626618906716,0.2028669726801349,0.008895387042598112,0.0,260799.25459819808,6290.044480803681,19661478.84243078,398.9571174070851,311.69406706237515
0.030362629213241697,1.0166666666666668,0.015,260.93746898224174,9.519919530708481,0.805739810406956,0.0,260818.6799164853,6289.924655307786,19665141.859052204,398.91704855310223,311.6784143303936
