# Time [s], Iter[-]
0.0006807183589091392,3400
# x [m], y [m], z [m], rho [kg/m3], u [m/s], v [m/s], w [m/s], E [J/kg], s [J/(kg·K)], P [Pa], T [K], sos [m/s]
-0.006625550537411362,-0.016666666666666666,-0.005,261.4318873733656,45.084979484789166,0.008292069593150894,0.0,262363.40295691986,6291.004451929193,19745771.43851221,399.79517649219747,312.0212714120717
-0.006625550537411362,-0.016666666666666666,0.005,261.1397959560374,45.084979484789166,-8.388127076076557e-05,0.0,262495.9604138054,6291.547206625903,19733705.488766268,399.99795605484036,312.10039132113866
-0.006625550537411362,-0.016666666666666666,0.015,261.4318873733656,45.084979484789166,0.008292069593150894,0.0,262363.40295691986,6291.004451929193,19745771.43851221,399.79517649219747,312.0212714120717
-0.006625550537411362,0.016666666666666666,-0.005,261.1397959560374,45.084979484789166,0.024987925467587824,0.0,262495.9604138054,6291.547205845411,19733705.46520513,399.99795557726117,312.1003911348219
-0.006625550537411362,0.016666666666666666,0.005,260.2635217040527,45.08497948478917,0.024987925467587827,0.0,262895.4186932637,6293.180341716021,19697507.60825473,400.6090260979231,312.33869556017373
-0.006625550537411362,0.016666666666666666,0.015,261.1397959560374,45.084979484789166,0.024987925467587824,0.0,262495.9604138054,6291.547205845411,19733705.46520513,399.99795557726117,312.1003911348219
-0.006625550537411362,0.05,-0.005,261.1847036970428,44.796656831527436,0.0714504832981086,0.0,262483.10617321613,6291.514971517452,19737106.795518115,399.9981100434997,312.1004513963409
-0.006625550537411362,0.05,0.005,260.3601623022429,44.79665683152744,0.07145048329810862,0.0,262875.53545160353,6293.0929055944025,19704300.95832879,400.5984279635397,312.3345640639439
-0.006625550537411362,0.05,0.015,261.1847036970428,44.796656831527436,0.0714504832981086,0.0,262483.10617321613,6291.514971517452,19737106.795518115,399.9981100434997,312.1004513963409
-0.006625550537411362,0.08333333333333333,-0.005,261.2288351637933,44.51143237231601,0.10694681725374668,0.0,262470.46752904047,6291.483288220559,19740448.99273197,399.9982547811039,312.1005078624421
-0.006625550537411362,0.08333333333333333,0.005,260.45443710391703,44.51143237231601,0.10694681725374668,0.0,262856.2932799645,6293.008255330087,19710946.634372387,400.5884709679398,312.3306824545969
-0.006625550537411362,0.08333333333333333,0.015,261.2288351637933,44.51143237231601,0.10694681725374668,0.0,262470.46752904047,6291.483288220559,19740448.99273197,399.9982547811039,312.1005078624421
-0.006625550537411362,0.11666666666666667,-0.005,261.2723152111569,44.228712246097736,0.12982703361443407,0.0,262458.015741963,6291.452069257081,19743741.612948254,399.9983921779447,312.1005614647011
-0.006625550537411362,0.11666666666666667,0.005,260.54821419410047,44.228712246097736,0.12982703361443407,0.0,262838.1412121538,6292.926231436958,19717622.123352658,400.579888371493,312.3273365987399
-0.006625550537411362,0.11666666666666667,0.015,261.2723152111569,44.228712246097736,0.12982703361443407,0.0,262458.015741963,6291.452069257081,19743741.612948254,399.9983921779447,312.1005614647011
-0.006625550537411362,0.15,-0.005,261.31546964175027,43.94646096292137,0.1400272644274797,0.0,262445.6597063517,6291.421082220214,19747009.37772007,399.99852429615174,312.10061300761225
-0.006625550537411362,0.15,0.005,260.6426909398377,43.94646096292137,0.1400272644274797,0.0,262821.14692027576,6292.846366159363,19724430.10692633,400.57292512626,312.3246220075285
-0.006625550537411362,0.15,0.015,261.31546964175027,43.94646096292137,0.1400272644274797,0.0,262445.6597063517,6291.421082220214,19747009.37772007,399.99852429615174,312.10061300761225
-0.006625550537411362,0.18333333333333332,-0.005,261.35861667868494,43.66254172149125,0.13888150419270986,0.0,262433.30618093745,6291.390098636968,19750276.38206753,399.99865214508804,312.1006628849565
-0.006625550537411362,0.18333333333333332,0.005,260.7380252309823,43.66254172149125,0.13888150419270986,0.0,262805.08366567054,6292.768214856288,19731372.533472914,400.5673780242319,312.3224594767714
-0.006625550537411362,0.18333333333333332,0.015,261.35861667868494,43.66254172149125,0.13888150419270986,0.0,262433.30618093745,6291.390098636968,19750276.38206753,399.99865214508804,312.1006628849565
-0.006625550537411362,0.2166666666666667,-0.005,261.4020465251451,43.37488349096823,0.12858605430254927,0.0,262420.86705670814,6291.358908759513,19753564.55141668,399.9987757005168,312.10071108727925
-0.006625550537411362,0.2166666666666667,0.005,260.83360770579816,43.37488349096824,0.12858605430254927,0.0,262789.52715742344,6292.69138090834,19738377.960566353,400.56273276756485,312.32064851777557
-0.006625550537411362,0.2166666666666667,0.015,261.4020465251451,43.37488349096823,0.12858605430254927,0.0,262420.86705670814,6291.358908759513,19753564.55141668,399.9987757005168,312.10071108727925
-0.006625550537411362,0.25,-0.005,261.4460169598823,43.08155577579419,0.11155562051409529,0.0,262408.2624162453,6291.327325146083,19756893.322362076,399.99889416312163,312.1007573027463
-0.006625550537411362,0.25,0.005,260.9284762435844,43.08155577579418,0.11155562051409527,0.0,262773.9803828084,6292.615518890201,19745342.10303277,400.5583505062126,312.3189400781992
-0.006625550537411362,0.25,0.015,261.4460169598823,43.08155577579419,0.11155562051409529,0.0,262408.2624162453,6291.327325146083,19756893.322362076,399.99889416312163,312.1007573027463
-0.006625550537411362,0.2833333333333333,-0.005,261.49076040148793,42.78075870182647,0.08990749133409565,0.0,262395.42000381096,6291.295178168448,19760280.19631627,399.99900634672747,312.1008010685996
-0.006625550537411362,0.2833333333333333,0.005,261.0216877471491,42.780758701826464,0.08990749133409563,0.0,262757.9763010983,6292.540323367915,19752163.76233146,400.55362613243597,312.3170982544558
-0.006625550537411362,0.2833333333333333,0.015,261.49076040148793,42.78075870182647,0.08990749133409565,0.0,262395.42000381096,6291.295178168448,19760280.19631627,399.99900634672747,312.1008010685996
-0.006625550537411362,0.31666666666666665,-0.005,261.53649658206905,42.47075554738075,0.0651862021359306,0.0,262382.2724084178,6291.262307440632,19763741.715556856,399.99911104395943,312.1008419138109
-0.006625550537411362,0.31666666666666665,0.005,261.1125378420999,42.47075554738075,0.06518620213593058,0.0,262741.1314664858,6292.46551158226,19758765.724933945,400.5480749852132,312.3149340945452
-0.006625550537411362,0.31666666666666665,0.015,261.53649658206905,42.47075554738075,0.0651862021359306,0.0,262382.2724084178,6291.262307440632,19763741.715556856,399.99911104395943,312.1008419138109
-0.006625550537411362,0.35,-0.005,261.5834462155219,42.14977836884754,0.03830424485646518,0.0,262368.753278711,6291.228552314529,19767294.50717717,399.9992072519819,312.10087944714803
-0.006625550537411362,0.35,0.005,261.20061675222956,42.14977836884755,0.038304244856465185,0.0,262723.15111807815,6292.390805998088,19765099.674268134,400.5413466526653,312.3123109792538
-0.006625550537411362,0.35,0.015,261.5834462155219,42.14977836884754,0.03830424485646518,0.0,262368.753278711,6291.228552314529,19767294.50717717,399.9992072519819,312.10087944714803
-0.006625550537411362,0.38333333333333336,-0.005,261.6318438689992,41.815924086454565,0.009597799692148693,0.0,262354.7932897369,6291.193742678671,19770956.257938,399.99929422312056,312.10091337692455
-0.006625550537411362,0.38333333333333336,0.005,261.2857470805821,41.815924086454565,0.009597799692148691,0.0,262703.80065726006,6292.31591868454,19771139.6428352,400.53318756005785,312.3091300366796
-0.006625550537411362,0.38333333333333336,0.015,261.6318438689992,41.815924086454565,0.009597799692148693,0.0,262354.7932897369,6291.193742678671,19770956.257938,399.99929422312056,312.10091337692455
-0.006625550537411362,0.41666666666666663,-0.005,261.68195106578,41.46703822199423,-0.02111787322155635,0.0,262340.3157690303,6291.157689354703,19774746.69887069,399.99937136299064,312.1009434712561
-0.006625550537411362,0.41666666666666663,0.005,261.36785132678216,41.46703822199423,-0.021117873221556345,0.0,262682.8566608551,6292.240535813967,19776868.621711023,400.523372621393,312.30530349517227
-0.006625550537411362,0.41666666666666663,0.015,261.68195106578,41.46703822199423,-0.02111787322155635,0.0,262340.3157690303,6291.157689354703,19774746.69887069,399.99937136299064,312.1009434712561
-0.006625550537411362,0.45000000000000007,-0.005,261.7340732941619,41.10055993091351,-0.05460063529552072,0.0,262325.2309801943,6291.120171478385,19778688.878268175,399.9994379983051,312.10096946747643
-0.006625550537411362,0.45000000000000007,0.005,261.4467610702426,41.100559930913505,-0.05460063529552072,0.0,262660.0378986831,6292.16429724721,19782259.341119964,400.51160822614366,312.3007168589612
-0.006625550537411362,0.45000000000000007,0.015,261.7340732941619,41.10055993091351,-0.05460063529552072,0.0,262325.2309801943,6291.120171478385,19778688.878268175,399.9994379983051,312.10096946747643
-0.006625550537411362,0.48333333333333334,-0.005,261.7885881194522,40.71326922058498,-0.09245769886168811,0.0,262309.4268505552,6291.080915657587,19782811.26584897,399.99949300003783,312.1009909251235
-0.006625550537411362,0.48333333333333334,0.005,261.5219280423127,40.71326922058498,-0.09245769886168811,0.0,262634.8988540793,6292.086761656738,19787245.0565258,400.4973831599916,312.2951707802553
-0.006625550537411362,0.48333333333333334,0.015,261.7885881194522,40.71326922058498,-0.09245769886168811,0.0,262309.4268505552,6291.080915657587,19782811.26584897,399.99949300003783,312.1009909251235
-0.006625550537411362,0.5166666666666667,-0.005,261.84599750671504,40.3008235748973,-0.1378022004745054,0.0,262292.7520796362,6291.039557447557,19787151.677298985,399.99953424736435,312.10100701680784
-0.006625550537411362,0.5166666666666667,0.005,261.5919484134802,40.3008235748973,-0.13780220047450542,0.0,262606.6491638489,6292.00733986987,19791671.171733078,400.47971769717094,312.28828322018984
-0.006625550537411362,0.5166666666666667,0.015,261.84599750671504,40.3008235748973,-0.1378022004745054,0.0,262292.7520796362,6291.039557447557,19787151.677298985,399.99953424736435,312.10100701680784
-0.006625550537411362,0.55,-0.005,261.90702630806675,39.85688904768576,-0.19648450268168854,0.0,262274.98510473553,6290.995569652889,19791764.686862472,399.99955811888424,312.10101632972527
-0.006625550537411362,0.55,0.005,261.6537963744563,39.85688904768577,-0.1964845026816886,0.0,262573.850750766,6291.925167452265,19795216.690829806,400.4567472555707,312.2793270829377
-0.006625550537411362,0.55,0.015,261.90702630806675,39.85688904768576,-0.19648450268168854,0.0,262274.98510473553,6290.995569652889,19791764.686862472,399.99955811888424,312.10101632972527
-0.006625550537411362,0.5833333333333334,-0.005,261.9727970633817,39.371579731833194,-0.2790226780683737,0.0,262255.78078258137,6290.948137354965,19796734.854124103,399.99955997154376,312.10101705249724
-0.006625550537411362,0.5833333333333334,0.005,261.7017520323844,39.37157973183319,-0.27902267806837366,0.0,262533.9637691013,6291.838877053933,19797282.85001374,400.425109850351,312.2669912903453
-0.006625550537411362,0.5833333333333334,0.015,261.9727970633817,39.371579731833194,-0.2790226780683737,0.0,262255.78078258137,6290.948137354965,19796734.854124103,399.99955997154376,312.10101705249724
-0.006625550537411362,0.6166666666666667,-0.005,262.04510548109783,38.828907196498896,-0.4029802215037318,0.0,262234.59040176496,6290.895966976959,19802197.753553927,399.99953852101055,312.10100868407136
-0.006625550537411362,0.6166666666666667,0.005,261.7263197977893,38.828907196498896,-0.4029802215037318,0.0,262482.8082651619,6291.746240032938,19796876.917819176,400.379249311407,312.24910886711154
-0.006625550537411362,0.6166666666666667,0.015,262.04510548109783,38.828907196498896,-0.4029802215037318,0.0,262234.59040176496,6290.895966976959,19802197.753553927,399.99953852101055,312.10100868407136
-0.006625550537411362,0.65,-0.005,262.1267738707354,38.20320586214167,-0.5946384161164942,0.0,262210.5679521562,6290.837055912386,19808367.39886028,399.9995102167897,312.1009976418386
-0.006625550537411362,0.65,0.005,261.71405857963816,38.20320586214166,-0.594638416116494,0.0,262414.2301201873,6291.643712499777,19792582.159236323,400.3110620194627,312.22251866822177
-0.006625550537411362,0.65,0.015,262.1267738707354,38.20320586214167,-0.5946384161164942,0.0,262210.5679521562,6290.837055912386,19808367.39886028,399.9995102167897,312.1009976418386
-0.006625550537411362,0.6833333333333333,-0.005,262.221942061129,37.45531217281558,-0.8874505230326141,0.0,262182.51238707086,6290.768535246585,19815559.794745475,399.99954037150934,312.1010094060004
-0.006625550537411362,0.6833333333333333,0.005,261.650024878092,37.45531217281559,-0.8874505230326141,0.0,262320.5855774226,6291.526081688322,19782785.892759852,400.21075756403343,312.18339999940315
-0.006625550537411362,0.6833333333333333,0.015,262.221942061129,37.45531217281558,-0.8874505230326141,0.0,262182.51238707086,6290.768535246585,19815559.794745475,399.99954037150934,312.1010094060004
-0.006625550537411362,0.7166666666666667,-0.005,262.3359871812727,36.530713436211045,-1.313850479371768,0.0,262148.9369246254,6290.686795770014,19824188.927967086,399.9997834685605,312.1011042446388
-0.006625550537411362,0.7166666666666667,0.005,261.52472727572655,36.530713436211045,-1.3138504793717682,0.0,262194.8569893276,6291.3866312956225,19766363.226027913,400.07002959760416,312.12850792445374
-0.006625550537411362,0.7166666666666667,0.015,262.3359871812727,36.530713436211045,-1.313850479371768,0.0,262148.9369246254,6290.686795770014,19824188.927967086,399.9997834685605,312.1011042446388
-0.006625550537411362,0.75,-0.005,262.47469157181837,35.36326508603396,-1.8885841569111674,0.0,262108.34758742747,6290.588088529757,19834703.905288283,400.00048201666976,312.10137676671263
-0.006625550537411362,0.75,0.005,261.34575316839056,35.36326508603396,-1.8885841569111677,0.0,262034.7641464187,6291.218319520939,19743845.74351491,399.8879178918998,312.0574594568274
-0.006625550537411362,0.75,0.015,262.47469157181837,35.36326508603396,-1.8885841569111674,0.0,262108.34758742747,6290.588088529757,19834703.905288283,400.00048201666976,312.10137676671263
-0.006625550537411362,0.7833333333333332,-0.005,262.6425454717855,33.8874946418912,-2.5878088666966854,0.0,262059.696691757,6290.469531488219,19847454.118214466,400.0018331119291,312.10190386399563
-0.006625550537411362,0.7833333333333332,0.005,261.14964913247854,33.8874946418912,-2.587808866696686,0.0,261847.66549650836,6291.01606754416,19718644.781580716,399.67747880626075,311.9753392860493
-0.006625550537411362,0.7833333333333332,0.015,262.6425454717855,33.8874946418912,-2.5878088666966854,0.0,262059.696691757,6290.469531488219,19847454.118214466,400.0018331119291,312.10190386399563
-0.006625550537411362,0.8166666666666665,-0.005,262.84072758500304,32.05764256658796,-3.3369635790749133,0.0,262002.81094887483,6290.33011460253,19862522.993749246,400.00371454079635,312.1026378566831
-0.006625550537411362,0.8166666666666665,0.005,261.00413195079915,32.05764256658796,-3.336963579074913,0.0,261652.87340528445,6290.779395667531,19697338.751932703,399.46839826884195,311.8937278520106
-0.006625550537411362,0.8166666666666665,0.015,262.84072758500304,32.05764256658796,-3.3369635790749133,0.0,262002.81094887483,6290.33011460253,19862522.993749246,400.00371454079635,312.1026378566831
-0.006625550537411362,0.8500000000000001,-0.005,263.0659168658839,29.862793120545795,-4.022789175314399,0.0,261938.56299566518,6290.171280947573,19879629.91360094,400.0055216480108,312.10334285300064
-0.006625550537411362,0.8500000000000001,0.005,260.99052605858293,29.8627931205458,-4.022789175314399,0.0,261477.46319321587,6290.513985209876,19688004.272895426,399.3001551282784,311.8280411709464
-0.006625550537411362,0.8500000000000001,0.015,263.0659168658839,29.862793120545795,-4.022789175314399,0.0,261938.56299566518,6290.171280947573,19879629.91360094,400.0055216480108,312.10334285300064
-0.006625550537411362,0.8833333333333333,-0.005,263.31120051571145,27.31966585022253,-4.530456998897077,0.0,261868.63760879476,6289.996743365461,19898213.214822814,400.0064618993701,312.103709667212
-0.006625550537411362,0.8833333333333333,0.005,261.1688913403312,27.319665850222535,-4.530456998897079,0.0,261345.29716033058,6290.230673189079,19696796.710612614,399.2058828732948,311.7912286784749
-0.006625550537411362,0.8833333333333333,0.015,263.31120051571145,27.31966585022253,-4.530456998897077,0.0,261868.63760879476,6289.996743365461,19898213.214822814,400.0064618993701,312.103709667212
-0.006625550537411362,0.9166666666666666,-0.005,263.57015649402626,24.421135083018864,-4.778741153097374,0.0,261794.6138776093,6289.81054303958,19917768.990472917,400.00616628677756,312.10359434182027
-0.006625550537411362,0.9166666666666666,0.005,261.54868458893736,24.421135083018864,-4.778741153097375,0.0,261265.11769634727,6289.94029956696,19724953.78295574,399.1961705405107,311.787435850362
-0.006625550537411362,0.9166666666666666,0.015,263.57015649402626,24.421135083018864,-4.778741153097374,0.0,261794.6138776093,6289.81054303958,19917768.990472917,400.00616628677756,312.10359434182027
-0.006625550537411362,0.95,-0.005,263.84627202980334,20.98695865886442,-4.700108103497473,0.0,261715.4672706595,6289.610706649126,19938575.2996985,400.00493601897733,312.10311438509706
-0.006625550537411362,0.95,0.005,262.0975253136887,20.986958658864424,-4.700108103497474,0.0,261225.52699829347,6289.641345045698,19769280.667265072,399.2554508468739,311.81058508119145
-0.006625550537411362,0.95,0.015,263.84627202980334,20.98695865886442,-4.700108103497473,0.0,261715.4672706595,6289.610706649126,19938575.2996985,400.00493601897733,312.10311438509706
-0.006625550537411362,0.9833333333333333,-0.005,264.1902178707868,15.860072923549994,-3.989297972879813,0.0,261616.87175843905,6289.361943999699,19964488.698659535,400.00332673477334,312.10248656394793
-0.006625550537411362,0.9833333333333333,0.005,262.83245148822334,15.860072923549994,-3.989297972879814,0.0,261191.67365224144,6289.271804375739,19829557.118860606,399.35288076456845,311.8486281766852
-0.006625550537411362,0.9833333333333333,0.015,264.1902178707868,15.860072923549994,-3.989297972879813,0.0,261616.87175843905,6289.361943999699,19964488.698659535,400.00332673477334,312.10248656394793
-0.006625550537411362,1.0166666666666668,-0.005,264.620267306702,5.252313797438574,-1.3211190696316435,0.0,261751.33884088515,6289.688087515387,20016385.477513313,400.391162547636,312.25375429982535
-0.006625550537411362,1.0166666666666668,0.005,264.1564088333779,-0.07951450154398665,0.020000351912187856,0.0,261607.39348112728,6289.696663097125,19971418.826026633,400.1933926775058,312.17662720779356
-0.006625550537411362,1.0166666666666668,0.015,264.620267306702,5.252313797438574,-1.3211190696316435,0.0,261751.33884088515,6289.688087515387,20016385.477513313,400.391162547636,312.25375429982535
-0.005900292110927969,-0.016666666666666666,-0.005,262.0160702080221,45.08497948478917,0.0,0.0,262099.17502253957,6289.921366450235,19769903.345796026,399.39097437966143,311.86350118612705
-0.005900292110927969,-0.016666666666666666,0.005,262.0160702080221,45.08497948478917,-0.024987925467587827,0.0,262099.17502253957,6289.921365668549,19769903.322155524,399.39097390207684,311.8635009996666
-0.005900292110927969,-0.016666666666666666,0.015,262.0160702080221,45.08497948478917,0.0,0.0,262099.17502253957,6289.921366450235,19769903.345796026,399.39097437966143,311.86350118612705
-0.005900292110927969,0.016666666666666666,-0.005,262.0160702080221,45.08497948478917,0.024987925467587827,0.0,262099.17502253957,6289.921365668549,19769903.322155524,399.39097390207684,311.8635009996666
-0.005900292110927969,0.016666666666666666,0.005,262.0160702080221,45.084510555487455,0.024985360102337605,0.0,262099.12137365452,6289.921473166892,19769881.093820646,399.390924174155,311.8634815847007
-0.005900292110927969,0.016666666666666666,0.015,262.0160702080221,45.08497948478917,0.024987925467587827,0.0,262099.17502253957,6289.921365668549,19769903.322155524,399.39097390207684,311.8635009996666
-0.005900292110927969,0.05,-0.005,262.0092450918427,44.79665683152745,0.07145048329810862,0.0,262093.14783311271,6289.943636008963,19769912.632707436,399.40157203646027,311.8676387363493
-0.005900292110927969,0.05,0.005,262.0092450918427,44.796196005540914,0.07144501466194064,0.0,262093.0964295833,6289.943744930507,19769890.845896658,399.4015249817451,311.86762036531076
-0.005900292110927969,0.05,0.015,262.0092450918427,44.79665683152745,0.07145048329810862,0.0,262093.14783311271,6289.943636008963,19769912.632707436,399.40157203646027,311.8676387363493
-0.005900292110927969,0.08333333333333333,-0.005,262.00323322366955,44.51143237231601,0.10694681725374668,0.0,262086.92348575554,6289.964272153537,19769951.35109156,399.4115290320602,311.8715261088221
-0.005900292110927969,0.08333333333333333,0.005,262.00323322366955,44.51098007612205,0.10694113829204314,0.0,262086.87501396867,6289.964382318389,19769930.251963492,399.41148568063693,311.87150918382883
-0.005900292110927969,0.08333333333333333,0.015,262.00323322366955,44.51143237231601,0.10694681725374668,0.0,262086.92348575554,6289.964272153537,19769951.35109156,399.4115290320602,311.8715261088221
-0.005900292110927969,0.11666666666666665,-0.005,261.9964162282134,44.228712246097736,0.12982703361443407,0.0,262079.99234611602,6289.98324072672,19769861.102543842,399.420111628507,311.8748768547049
-0.005900292110927969,0.11666666666666665,0.005,261.9964162282134,44.22826924444542,0.1298231082738857,0.0,262079.94738418385,6289.983351957729,19769840.89542785,399.42007282166276,311.8748617041407
-0.005900292110927969,0.11666666666666665,0.015,261.9964162282134,44.228712246097736,0.12982703361443407,0.0,262079.99234611602,6289.98324072672,19769861.102543842,399.420111628507,311.8748768547049
-0.005900292110927969,0.15,-0.005,261.9882483436628,43.94646096292137,0.1400272644274797,0.0,262072.10183478767,6290.00053393887,19769588.648513813,399.4270748737401,311.8775953605107
-0.005900292110927969,0.15,0.005,261.9882483436628,43.946028075189815,0.14002579771243304,0.0,262072.06070951023,6290.00064606368,19769569.45151681,399.4270410643473,311.8775821611146
-0.005900292110927969,0.15,0.015,261.9882483436628,43.94646096292137,0.1400272644274797,0.0,262072.10183478767,6290.00053393887,19769588.648513813,399.4270748737401,311.8775953605107
-0.005900292110927969,0.18333333333333332,-0.005,261.97920812638756,43.66254172149125,0.13888150419270986,0.0,262063.29088824574,6290.016138818682,19769180.230662152,399.4326219757682,311.8797609758935
-0.005900292110927969,0.18333333333333332,0.005,261.97920812638756,43.66211966513272,0.1388819764962052,0.0,262063.2536560044,6290.016251666247,19769162.07188142,399.43259320986186,311.87974974558375
-0.005900292110927969,0.18333333333333332,0.015,261.97920812638756,43.66254172149125,0.13888150419270986,0.0,262063.29088824574,6290.016138818682,19769180.230662152,399.4326219757682,311.8797609758935
-0.005900292110927969,0.21666666666666667,-0.005,261.9704853444921,43.37488349096824,0.12858605430254927,0.0,262053.807611068,6290.030038692384,19768751.142266996,399.4372672324351,311.8815744949291
-0.005900292110927969,0.21666666666666667,0.005,261.9704853444921,43.374472754582385,0.1285870812126769,0.0,262053.7741136991,6290.030152090824,19768733.980682094,399.43724324301434,311.88156512943044
-0.005900292110927969,0.21666666666666667,0.015,261.9704853444921,43.37488349096824,0.12858605430254927,0.0,262053.807611068,6290.030038692384,19768751.142266996,399.4372672324351,311.8815744949291
-0.005900292110927969,0.25,-0.005,261.96355767618013,43.081555775794186,0.11155562051409527,0.0,262043.99022617392,6290.04221317633,19768444.54169138,399.4416494937874,311.88328533031415
-0.005900292110927969,0.25,0.005,261.96355767618013,43.081156553308794,0.11155545073058433,0.0,262043.96018907594,6290.042326951984,19768428.301265273,399.4416298548316,311.8832776632843
-0.005900292110927969,0.25,0.015,261.96355767618013,43.081555775794186,0.11155562051409527,0.0,262043.99022617392,6290.04221317633,19768444.54169138,399.4416494937874,311.88328533031415
-0.005900292110927969,0.2833333333333333,-0.005,261.9598330558268,42.780758701826464,0.08990749133409563,0.0,262034.16281362568,6290.052637059668,19768396.63030108,399.4463738675641,311.8851297159206
-0.005900292110927969,0.2833333333333333,0.005,261.9598330558268,42.7803708875886,0.08990443072784379,0.0,262034.13594144073,6290.052751036814,19768381.232306078,399.44635814022814,311.8851235760197
-0.005900292110927969,0.2833333333333333,0.015,261.9598330558268,42.780758701826464,0.08990749133409563,0.0,262034.16281362568,6290.052637059668,19768396.63030108,399.4463738675641,311.8851297159206
-0.005900292110927969,0.31666666666666665,-0.005,261.9604553220382,42.47075554738075,0.06518620213593058,0.0,262024.57557578356,6290.061278597915,19768717.70617977,399.45192501478687,311.88729685820783
-0.005900292110927969,0.31666666666666665,0.005,261.9604553220382,42.47037876734372,0.06517884231914488,0.0,262024.55161702546,6290.06139259862,19768703.090519752,399.4519128437802,311.88729210671937
-0.005900292110927969,0.31666666666666665,0.015,261.9604553220382,42.47075554738075,0.06518620213593058,0.0,262024.57557578356,6290.061278597915,19768717.70617977,399.45192501478687,311.88729685820783
-0.005900292110927969,0.35,-0.005,261.96627567881427,42.14977836884755,0.038304244856465185,0.0,262015.39188194313,6290.068097549962,19769489.34008622,399.45865334733486,311.88992354803304
-0.005900292110927969,0.35,0.005,261.96627567881427,42.14941201612442,0.03829148598557988,0.0,262015.37065915662,6290.068211393627,19769475.47495782,399.4586445043526,311.88992009581455
-0.005900292110927969,0.35,0.015,261.96627567881427,42.14977836884755,0.038304244856465185,0.0,262015.39188194313,6290.068097549962,19769489.34008622,399.45865334733486,311.88992354803304
-0.005900292110927969,0.38333333333333336,-0.005,261.9779406574164,41.815924086454565,0.009597799692148691,0.0,262006.70865832487,6290.073043030819,19770772.873040807,399.4668124399421,311.8931087660199
-0.005900292110927969,0.38333333333333336,0.005,261.9779406574164,41.815567333216386,0.009578714277447942,0.0,262006.69007887365,6290.073156533209,19770759.758437052,399.46680683897534,311.89310657947664
-0.005900292110927969,0.38333333333333336,0.015,261.9779406574164,41.815924086454565,0.009597799692148691,0.0,262006.70865832487,6290.073043030819,19770772.873040807,399.4668124399421,311.8931087660199
-0.005900292110927969,0.4166666666666667,-0.005,261.99605080477795,41.46703822199423,-0.021117873221556345,0.0,261998.59676027682,6290.076051025965,19772624.77603036,399.476627378607,311.8969403645831
-0.005900292110927969,0.4166666666666667,0.005,261.99605080477795,41.46668998044792,-0.02114430248557251,0.0,261998.58083115274,6290.076163997469,19772612.449360967,399.47662510050975,311.89693947525507
-0.005900292110927969,0.4166666666666667,0.015,261.99605080477795,41.46703822199423,-0.021117873221556345,0.0,261998.59676027682,6290.076051025965,19772624.77603036,399.476627378607,311.8969403645831
-0.005900292110927969,0.45000000000000007,-0.005,262.02138551808116,41.10055993091351,-0.05460063529552072,0.0,261991.1588254439,6290.077041202082,19775118.415416382,399.48839177385634,311.9015329384883
-0.005900292110927969,0.45000000000000007,0.005,262.02138551808116,41.10021872144065,-0.05463593396918871,0.0,261991.14569873473,6290.077153444837,19775106.968810223,399.48839314329445,311.9015334730844
-0.005900292110927969,0.45000000000000007,0.015,262.02138551808116,41.10055993091351,-0.05460063529552072,0.0,261991.1588254439,6290.077041202082,19775118.415416382,399.48839177385634,311.9015329384883
-0.005900292110927969,0.48333333333333334,-0.005,262.05524819659166,40.71326922058498,-0.09245769886168811,0.0,261984.61770123767,6290.075912343861,19778377.475172143,399.5026168400084,311.90708601654296
-0.005900292110927969,0.48333333333333334,0.005,262.05524819659166,40.712932866139894,-0.09250458630671744,0.0,261984.60777969044,6290.076023646886,19778367.09550007,399.5026226043271,311.9070882667558
-0.005900292110927969,0.48333333333333334,0.015,262.05524819659166,40.71326922058498,-0.09245769886168811,0.0,261984.61770123767,6290.075912343861,19778377.475172143,399.5026168400084,311.90708601654296
-0.005900292110927969,0.5166666666666667,-0.005,262.10004659994985,40.3008235748973,-0.13780220047450542,0.0,261979.46392267564,6290.072535199907,19782632.182864897,399.52028230282906,311.913981994053
-0.005900292110927969,0.5166666666666667,0.005,262.10004659994985,40.30048857595517,-0.1378657051097645,0.0,261979.45805289902,6290.072645330615,19782623.225723565,399.5202939627942,311.9139865456444
-0.005900292110927969,0.5166666666666667,0.015,262.10004659994985,40.3008235748973,-0.13780220047450542,0.0,261979.46392267564,6290.072535199907,19782632.182864897,399.52028230282906,311.913981994053
-0.005900292110927969,0.55,-0.005,262.16025624167713,39.85688904768576,-0.19648450268168857,0.0,261976.6971762164,6290.066740631571,19788312.682895143,399.5432527444293,311.92294862133434
-0.005900292110927969,0.55,0.005,262.16025624167713,39.856549423111126,-0.1965736005768271,0.0,261976.69693135106,6290.066849320989,19788305.783882167,399.54327305022167,311.9229565476884
-0.005900292110927969,0.55,0.015,262.16025624167713,39.85688904768576,-0.19648450268168857,0.0,261976.6971762164,6290.066740631571,19788312.682895143,399.5432527444293,311.92294862133434
-0.005900292110927969,0.5833333333333334,-0.005,262.24384209437903,39.37157973183319,-0.27902267806837366,0.0,261978.17309139672,6290.058299956937,19796186.858234465,399.574890149649,311.93529801943765
-0.005900292110927969,0.5833333333333334,0.005,262.24384209437903,39.37122511595111,-0.27915219598641366,0.0,261978.18106178875,6290.0584068755725,19796183.056196835,399.5749236449659,311.93531109379705
-0.005900292110927969,0.5833333333333334,0.015,262.24384209437903,39.37157973183319,-0.27902267806837366,0.0,261978.17309139672,6290.058299956937,19796186.858234465,399.574890149649,311.93529801943765
-0.005900292110927969,0.6166666666666667,-0.005,262.3638911644063,38.828907196498896,-0.4029802215037318,0.0,261986.9758782344,6290.046894359267,19807518.589288685,399.6207506885929,311.95319843158313
-0.005900292110927969,0.6166666666666667,0.005,262.3638911644063,38.82852022860243,-0.4031719407480458,0.0,261986.99572031334,6290.046999082488,19807519.37508926,399.620803908936,311.95321920409765
-0.005900292110927969,0.6166666666666667,0.015,262.3638911644063,38.828907196498896,-0.4029802215037318,0.0,261986.9758782344,6290.046894359267,19807518.589288685,399.6207506885929,311.95319843158313
-0.005900292110927969,0.65,-0.005,262.5394891618327,38.203205862141665,-0.594638416116494,0.0,262007.54612906688,6290.0320732368555,19824152.638484236,399.6889379805373,311.9798115847753
-0.005900292110927969,0.65,0.005,262.5394891618327,38.202759613777644,-0.5949191505415858,0.0,262007.58190910015,6290.032175204304,19824159.759831488,399.6890185387166,311.9798430248803
-0.005900292110927969,0.65,0.015,262.5394891618327,38.203205862141665,-0.594638416116494,0.0,262007.54612906688,6290.0320732368555,19824152.638484236,399.6889379805373,311.9798115847753
-0.005900292110927969,0.6833333333333333,-0.005,262.7938592441661,37.45531217281559,-0.8874505230326141,0.0,262045.04011723437,6290.013208145384,19848333.69673109,399.78924243596657,312.01895577803054
-0.005900292110927969,0.6833333333333333,0.005,262.7938592441661,37.45476958467208,-0.8878442586637305,0.0,262045.09442661243,6290.013306625074,19848348.512800686,399.7893560695378,312.0190001211768
-0.005900292110927969,0.6833333333333333,0.015,262.7938592441661,37.45531217281559,-0.8874505230326141,0.0,262045.04011723437,6290.013208145384,19848333.69673109,399.78924243596657,312.01895577803054
-0.005900292110927969,0.7166666666666667,-0.005,263.14724708681877,36.53071343621105,-1.3138504793717682,0.0,262103.29995417618,6289.989454113879,19882014.629906252,399.92997040239584,312.07386712259995
-0.005900292110927969,0.7166666666666667,0.005,263.14724708681877,36.53003189817772,-1.3143632843461286,0.0,262103.3707414472,6289.989548180186,19882036.957479186,399.9301157441073,312.07392382921006
-0.005900292110927969,0.7166666666666667,0.015,263.14724708681877,36.53071343621105,-1.3138504793717682,0.0,262103.29995417618,6289.989454113879,19882014.629906252,399.92997040239584,312.07386712259995
-0.005900292110927969,0.75,-0.005,263.6036299752462,35.36326508603396,-1.8885841569111677,0.0,262181.3008375072,6289.959724821932,19925562.067061655,400.1120821081002,312.14491185561633
-0.005900292110927969,0.75,0.005,263.6036299752462,35.36240880223649,-1.8891862133295605,0.0,262181.37817558536,6289.959813351011,19925588.91061738,400.11224499794645,312.14497539435183
-0.005900292110927969,0.75,0.015,263.6036299752462,35.36326508603396,-1.8885841569111677,0.0,262181.3008375072,6289.959724821932,19925562.067061655,400.1120821081002,312.14491185561633
-0.005900292110927969,0.7833333333333333,-0.005,264.13544181109256,33.8874946418912,-2.587808866696686,0.0,262269.33126758947,6289.9226819519745,19976263.45484822,400.32252119373925,312.22698742638255
-0.005900292110927969,0.7833333333333333,0.005,264.13544181109256,33.88645338024841,-2.5884259788427824,0.0,262269.39680777106,6289.922763656144,19976288.599781763,400.32267298792846,312.22704662145077
-0.005900292110927969,0.7833333333333333,0.015,264.13544181109256,33.8874946418912,-2.587808866696686,0.0,262269.33126758947,6289.9226819519745,19976263.45484822,400.32252119373925,312.22698742638255
-0.005900292110927969,0.8166666666666667,-0.005,264.67732321920687,32.05764256658796,-3.336963579074913,0.0,262347.89208383375,6289.876762110847,20027707.235565796,400.531601731158,312.30851177413643
-0.005900292110927969,0.8166666666666667,0.005,264.67732321920687,32.056448346127375,-3.3374927851824503,0.0,262347.9240261075,6289.8768356680575,20027722.79386095,400.5317064567479,312.3085526032381
-0.005900292110927969,0.8166666666666667,0.015,264.67732321920687,32.05764256658796,-3.336963579074913,0.0,262347.89208383375,6289.876762110847,20027707.235565796,400.531601731158,312.30851177413643
-0.005900292110927969,0.85,-0.005,265.1413076731848,29.8627931205458,-4.022789175314399,0.0,262392.4437687567,6289.820288644349,20071255.554306462,400.6998448717216,312.3740974208497
-0.005900292110927969,0.85,0.005,265.1413076731848,29.861521875328112,-4.023139934300011,0.0,262392.4267943244,6289.820352931355,20071255.414960284,400.69987481898966,312.3741090938648
-0.005900292110927969,0.85,0.015,265.1413076731848,29.8627931205458,-4.022789175314399,0.0,262392.4437687567,6289.820288644349,20071255.554306462,400.6998448717216,312.3740974208497
-0.005900292110927969,0.8833333333333333,-0.005,265.45350969109165,27.319665850222535,-4.530456998897078,0.0,262383.5297387191,6289.751626020689,20099629.71903302,400.79411712670515,312.41084123180957
-0.005900292110927969,0.8833333333333333,0.005,265.45350969109165,27.318416777854843,-4.530594978534476,0.0,262383.4639847918,6289.751680326459,20099612.904436022,400.7940677837825,312.41082200090796
-0.005900292110927969,0.8833333333333333,0.015,265.45350969109165,27.319665850222535,-4.530456998897078,0.0,262383.5297387191,6289.751626020689,20099629.71903302,400.79411712670515,312.41084123180957
-0.005900292110927969,0.9166666666666667,-0.005,265.5916283991151,24.42113508301886,-4.778741153097374,0.0,262316.04822566715,6289.669109757682,20110584.1979901,400.80382945948935,312.41462649155267
-0.005900292110927969,0.9166666666666667,0.005,265.5916283991151,24.419996261844418,-4.778700298780137,0.0,262315.9496897867,6289.66915380901,20110555.36292972,400.80372156637253,312.41458444181717
-0.005900292110927969,0.9166666666666667,0.015,265.5916283991151,24.42113508301886,-4.778741153097374,0.0,262316.04822566715,6289.669109757682,20110584.1979901,400.80382945948935,312.41462649155267
-0.005900292110927969,0.9499999999999998,-0.005,265.5950187459179,20.986958658864424,-4.700108103497474,0.0,262198.95416790305,6289.569973391387,20107869.932131935,400.7445491531261,312.39152202216536
-0.005900292110927969,0.9499999999999998,0.005,265.5950187459179,20.98598058264719,-4.699959180239882,0.0,262198.8451240235,6289.570006991433,20107836.291345455,400.7444148143729,312.3914696617637
-0.005900292110927969,0.9499999999999998,0.015,265.5950187459179,20.986958658864424,-4.700108103497474,0.0,262198.95416790305,6289.569973391387,20107869.932131935,400.7445491531261,312.39152202216536
-0.005900292110927969,0.9833333333333333,-0.005,265.5479842533503,15.860072923549994,-3.9892979728798137,0.0,262037.72047547833,6289.4444921608465,20099420.278458472,400.64711923543155,312.35354504842667
-0.005900292110927969,0.9833333333333333,0.005,265.5479842533503,15.859268089197563,-3.9891025732728433,0.0,262037.61766444612,6289.444513389655,20099387.46451398,400.6469826792044,312.35349181726235
-0.005900292110927969,0.9833333333333333,0.015,265.5479842533503,15.860072923549994,-3.9892979728798137,0.0,262037.72047547833,6289.4444921608465,20099420.278458472,400.64711923543155,312.35354504842667
-0.005900292110927969,1.0166666666666668,-0.005,265.51417521594135,0.0020196066979191103,-0.0005079934338805512,0.0,262028.34427188733,6289.778851734365,20106403.15163615,400.8373464638405,312.427688970904
-0.005900292110927969,1.0166666666666668,0.005,265.48036617853245,-15.860072923550103,3.98929797287984,0.0,262018.96568007834,6289.445793016159,20092863.106340915,400.6184291238997,312.3423611186646
-0.005900292110927969,1.0166666666666668,0.015,265.51417521594135,0.0020196066979191103,-0.0005079934338805512,0.0,262028.34427188733,6289.778851734365,20106403.15163615,400.8373464638405,312.427688970904
-0.0051750336844445756,-0.016666666666666666,-0.005,263.4268450684813,48.60412661184301,3.371628395548294e-18,0.0,262330.19480364566,6289.072519026077,19881390.136182386,399.49219307579364,311.9030168728221
-0.0051750336844445756,-0.016666666666666666,0.005,263.4268450684813,48.604126611843014,-0.034238223899585786,0.0,262330.19480364566,6289.072517558894,19881390.091560192,399.49219217916544,311.9030165228014
-0.0051750336844445756,-0.016666666666666666,0.015,263.4268450684813,48.60412661184301,3.371628395548294e-18,0.0,262330.19480364566,6289.072519026077,19881390.136182386,399.49219307579364,311.9030168728221
-0.0051750336844445756,0.016666666666666666,-0.005,263.4268450684813,48.604126611843014,0.034238223899585786,0.0,262330.19480364566,6289.072517558894,19881390.091560196,399.49219217916544,311.90301652280135
-0.0051750336844445756,0.016666666666666666,0.005,263.4268450684813,48.603843533993356,0.03424436986985997,0.0,262330.10265006404,6289.072531627327,19881361.991411276,399.4920722544446,311.90296970726195
-0.0051750336844445756,0.016666666666666666,0.015,263.4268450684813,48.604126611843014,0.034238223899585786,0.0,262330.19480364566,6289.072517558894,19881390.091560196,399.49219217916544,311.90301652280135
-0.0051750336844445756,0.05,-0.005,263.40495479814507,48.26278600418864,0.09449887964786358,0.0,262309.5454212837,6289.077902472864,19879424.183273636,399.48588815503075,311.9005555837152
-0.0051750336844445756,0.05,0.005,263.40495479814507,48.26248725039135,0.09451765192537658,0.0,262309.4534992166,6289.07791783047,19879396.25196992,399.48576959161005,311.9005092992272
-0.0051750336844445756,0.05,0.015,263.40495479814507,48.26278600418864,0.09449887964786358,0.0,262309.5454212837,6289.077902472864,19879424.183273636,399.48588815503075,311.9005555837152
-0.0051750336844445756,0.08333333333333333,-0.005,263.3731690642769,47.9157602827228,0.13642207826075337,0.0,262285.9037734163,6289.083284253033,19876495.52247788,399.4752437495691,311.89640022029477
-0.0051750336844445756,0.08333333333333333,0.005,263.3731690642769,47.91544775485909,0.1364516034928502,0.0,262285.8123094638,6289.083300879768,19876467.80468305,399.47512673452235,311.8963545396486
-0.0051750336844445756,0.08333333333333333,0.015,263.3731690642769,47.9157602827228,0.13642207826075337,0.0,262285.9037734163,6289.083284253033,19876495.52247788,399.4752437495691,311.89640022029477
-0.0051750336844445756,0.11666666666666667,-0.005,263.3337410227442,47.56353872497831,0.1625526988426482,0.0,262259.92839734076,6289.088628367232,19872822.356854428,399.46122460530876,311.89092734173687
-0.0051750336844445756,0.11666666666666667,0.005,263.3337410227442,47.56321429679372,0.16259057345277164,0.0,262259.8374852952,6289.088646235271,19872794.854073472,399.46110912875486,311.8908822609007
-0.0051750336844445756,0.11666666666666667,0.015,263.3337410227442,47.56353872497831,0.1625526988426482,0.0,262259.92839734076,6289.088628367232,19872822.356854428,399.46122460530876,311.89092734173687
-0.0051750336844445756,0.15,-0.005,263.2892469197533,47.20557078336837,0.1758472931089319,0.0,262232.3254403143,6289.093908776686,19868654.61225585,399.4449434128552,311.88457127055585
-0.0051750336844445756,0.15,0.005,263.2892469197533,47.20523606146452,0.17589066328506298,0.0,262232.23503413406,6289.093927854143,19868627.283683147,399.4448292735731,311.8845267108685
-0.0051750336844445756,0.15,0.015,263.2892469197533,47.20557078336837,0.1758472931089319,0.0,262232.3254403143,6289.093908776686,19868654.61225585,399.4449434128552,311.88457127055585
-0.0051750336844445756,0.18333333333333332,-0.005,263.24227200089797,46.84141165611231,0.17922799565453018,0.0,262203.81034011673,6289.099099272619,19864243.028715555,399.4275170327616,311.87776798207653
-0.0051750336844445756,0.18333333333333332,0.005,263.24227200089797,46.84106800101055,0.17927393628412888,0.0,262203.7203375252,6289.099119523714,19864215.81906661,399.42740396358374,311.8777238391923
-0.0051750336844445756,0.18333333333333332,0.015,263.24227200089797,46.84141165611231,0.17922799565453018,0.0,262203.81034011673,6289.099099272619,19864243.028715555,399.4275170327616,311.87776798207653
-0.0051750336844445756,0.21666666666666667,-0.005,263.1951594788386,46.47063633240527,0.17525015080211911,0.0,262175.0313807977,6289.104173455445,19859814.735349435,399.40995651668993,311.87091217655507
-0.0051750336844445756,0.21666666666666667,0.005,263.1951594788386,46.47028491712069,0.17529597642763517,0.0,262174.9417009361,6289.1041948403845,19859787.600143537,399.409844298254,311.8708683648424
-0.0051750336844445756,0.21666666666666667,0.015,263.1951594788386,46.47063633240527,0.17525015080211911,0.0,262175.0313807977,6289.104173455445,19859814.735349435,399.40995651668993,311.87091217655507
-0.0051750336844445756,0.25,-0.005,263.14986579009457,46.092743107812325,0.1659167341249045,0.0,262146.52348601015,6289.109104764522,19855559.182953008,399.39310364094706,311.86433249934765
-0.0051750336844445756,0.25,0.005,263.14986579009457,46.0923849794484,0.16596018181350045,0.0,262146.43412321195,6289.109127239235,19855532.105714332,399.39299217898696,311.86428898205617
-0.0051750336844445756,0.25,0.015,263.14986579009457,46.092743107812325,0.1659167341249045,0.0,262146.52348601015,6289.109104764522,19855559.182953008,399.39310364094706,311.86433249934765
-0.0051750336844445756,0.2833333333333333,-0.005,263.1079295418721,45.70707734815994,0.1526314329027366,0.0,262118.6957887182,6289.113866399947,19851625.140348427,399.3776171486246,311.8582861613343
-0.0051750336844445756,0.2833333333333333,0.005,263.1079295418721,45.7067134693251,0.1526707039571138,0.0,262118.60683688626,6289.113889915785,19851598.14020278,399.3775065079838,311.85824296386716
-0.0051750336844445756,0.2833333333333333,0.015,263.1079295418721,45.70707734815994,0.1526314329027366,0.0,262118.6957887182,6289.113866399947,19851625.140348427,399.3776171486246,311.8582861613343
-0.0051750336844445756,0.31666666666666665,-0.005,263.0705299446659,45.312780493559096,0.1362459338735662,0.0,262091.84620945295,6289.118431106003,19848126.389829498,399.36399812192815,311.85296883463513
-0.0051750336844445756,0.31666666666666665,0.005,263.0705299446659,45.312411755164995,0.13627961996060967,0.0,262091.75786355961,6289.118455609435,19848099.521813788,399.3638885277349,311.8529260450033
-0.0051750336844445756,0.31666666666666665,0.015,263.0705299446659,45.312780493559096,0.1362459338735662,0.0,262091.84620945295,6289.118431106003,19848126.389829498,399.36399812192815,311.85296883463513
-0.0051750336844445756,0.35,-0.005,263.038600803512,44.90875545190555,0.1171418574448816,0.0,262066.19285605793,6289.122770846682,19845152.81650957,399.35263966146596,311.84853403978684
-0.0051750336844445756,0.35,0.005,263.038600803512,44.90838265904219,0.11716878496639463,0.0,262066.10540489721,6289.122796278967,19845126.169331312,399.35253148881895,311.84849180457877
-0.0051750336844445756,0.35,0.015,263.038600803512,44.90875545190555,0.1171418574448816,0.0,262066.19285605793,6289.122770846682,19845152.81650957,399.35263966146596,311.84853403978684
-0.0051750336844445756,0.38333333333333336,-0.005,263.0129784368063,44.49363272727338,0.09528839520145092,0.0,262041.91531063104,6289.126856417704,19842784.78619182,399.3438914259078,311.84511833759274
-0.0051750336844445756,0.38333333333333336,0.005,263.0129784368063,44.49325656039041,0.09530739807957474,0.0,262041.82913893677,6289.126882714531,19842758.483517062,399.34378520548944,311.8450768641636
-0.0051750336844445756,0.38333333333333336,0.015,263.0129784368063,44.49363272727338,0.09528839520145092,0.0,262041.91531063104,6289.126856417704,19842784.78619182,399.3438914259078,311.84511833759274
-0.0051750336844445756,0.4166666666666667,-0.005,262.99459216402613,44.065718037372086,0.07021475933807807,0.0,262019.20744676568,6289.130657032689,19841111.65166941,399.3381428386379,311.8428738118001
-0.0051750336844445756,0.4166666666666667,0.005,262.99459216402613,44.06533898097075,0.07022433801358899,0.0,262019.1230695056,6289.130684123775,19841085.86475279,399.33803931353265,311.84283339045663
-0.0051750336844445756,0.4166666666666667,0.015,262.99459216402613,44.065718037372086,0.07021475933807807,0.0,262019.20744676568,6289.130657032689,19841111.65166941,399.3381428386379,311.8428738118001
-0.0051750336844445756,0.45000000000000007,-0.005,262.9847531187002,43.62289479996928,0.04081324696982077,0.0,261998.35669605096,6289.134139928622,19840259.808790233,399.3359494234684,311.8420173924454
-0.0051750336844445756,0.45000000000000007,0.005,262.9847531187002,43.62251300961069,0.040810993324199796,0.0,261998.27485769198,6289.134167737349,19840234.791930746,399.3358497090769,311.8419784588871
-0.0051750336844445756,0.45000000000000007,0.015,262.9847531187002,43.62289479996928,0.04081324696982077,0.0,261998.35669605096,6289.134139928622,19840259.808790233,399.3359494234684,311.8420173924454
-0.0051750336844445756,0.4833333333333334,-0.005,262.9856639605815,43.16243581641085,0.0048302476165351495,0.0,261979.88318720492,6289.1372701013415,19840442.2236308,399.3382560615647,311.8429180196487
-0.0051750336844445756,0.4833333333333334,0.005,262.9856639605815,43.162050859922715,0.004811822817438912,0.0,261979.80507412826,6289.137298544648,19840418.389583457,399.33816198603415,311.84288128789404
-0.0051750336844445756,0.4833333333333334,0.015,262.9856639605815,43.16243581641085,0.0048302476165351495,0.0,261979.88318720492,6289.1372701013415,19840442.2236308,399.3382560615647,311.8429180196487
-0.0051750336844445756,0.5166666666666667,-0.005,263.0013532601696,42.68064097184018,-0.042186115255243906,0.0,261964.79423825585,6289.140010506539,19842049.264856443,399.34680666289705,311.84625658057615
-0.0051750336844445756,0.5166666666666667,0.005,263.0013532601696,42.68025133401296,-0.0422287189179086,0.0,261964.72186137154,6289.140039495697,19842027.320832606,399.3467213813311,311.8462232827783
-0.0051750336844445756,0.5166666666666667,0.015,263.0013532601696,42.68064097184018,-0.042186115255243906,0.0,261964.79423825585,6289.140010506539,19842049.264856443,399.34680666289705,311.84625658057615
-0.0051750336844445756,0.55,-0.005,263.0392883570062,42.172162499122784,-0.108774926307013,0.0,261955.02256186216,6289.1423237083945,19845805.59881148,399.3648518911323,311.8533021775503
-0.0051750336844445756,0.55,0.005,263.0392883570062,42.17176470225166,-0.10885598335905144,0.0,261954.9593339809,6289.142353152339,19845786.752859768,399.3647808177741,311.8532744279094
-0.0051750336844445756,0.55,0.015,263.0392883570062,42.172162499122784,-0.108774926307013,0.0,261955.02256186216,6289.1423237083945,19845805.59881148,399.3648518911323,311.8533021775503
-0.0051750336844445756,0.5833333333333334,-0.005,263.11280379461476,41.62883121927986,-0.21045297187456102,0.0,261954.08297649623,6289.144177594432,19853006.712819323,399.3982157509642,311.86632837717093
-0.0051750336844445756,0.5833333333333334,0.005,263.11280379461476,41.62841844922795,-0.21059605174709597,0.0,261954.03437243126,6289.144207409343,19852992.91293366,399.3981676386487,311.8663095931466
-0.0051750336844445756,0.5833333333333334,0.015,263.11280379461476,41.62883121927986,-0.21045297187456102,0.0,261954.08297649623,6289.144177594432,19853006.712819323,399.3982157509642,311.86632837717093
-0.0051750336844445756,0.6166666666666667,-0.005,263.2439447179909,41.03783212691395,-0.37315044704068173,0.0,261967.83323196886,6289.14556088347,19865796.66127512,399.4565461782087,311.8891009276205
-0.0051750336844445756,0.6166666666666667,0.005,263.2439447179909,41.03739248530815,-0.3733901455139474,0.0,261967.8071163741,6289.145591014268,19865790.72292753,399.45653369053076,311.8890960525337
-0.0051750336844445756,0.6166666666666667,0.015,263.2439447179909,41.03783212691395,-0.37315044704068173,0.0,261967.83323196886,6289.14556088347,19865796.66127512,399.4565461782087,311.8891009276205
-0.0051750336844445756,0.65,-0.005,263.46510102105447,40.37933557055913,-0.6353040947976901,0.0,262004.88850498313,6289.146516340974,19887330.02304842,399.55403633292656,311.9271579603758
-0.0051750336844445756,0.65,0.005,263.46510102105447,40.378850615336184,-0.6356828789083581,0.0,262004.89428391567,6289.146546794183,19887335.34829004,399.55407476061004,311.9271729603967
-0.0051750336844445756,0.65,0.015,263.46510102105447,40.37933557055913,-0.6353040947976901,0.0,262004.88850498313,6289.146516340974,19887330.02304842,399.55403633292656,311.9271579603758
-0.0051750336844445756,0.6833333333333333,-0.005,263.81604805848906,39.624304644554925,-1.044646572805729,0.0,262075.7571238616,6289.147189213234,19921489.57289789,399.7081238644381,311.98729932842673
-0.0051750336844445756,0.6833333333333333,0.005,263.81604805848906,39.62374964774568,-1.0452020991111466,0.0,262075.8026412775,6289.147220069945,19921509.078577407,399.7082262476316,311.9873392854005
-0.0051750336844445756,0.6833333333333333,0.015,263.81604805848906,39.624304644554925,-1.044646572805729,0.0,262075.7571238616,6289.147189213234,19921489.57289789,399.7081238644381,311.98729932842673
-0.0051750336844445756,0.7166666666666667,-0.005,264.33203473780486,38.734052101577035,-1.6445690504706074,0.0,262189.4946526636,6289.14784692153,19971733.40607594,399.9342362766355,312.07553149438894
-0.0051750336844445756,0.7166666666666667,0.005,264.33203473780486,38.73339984731673,-1.6453100914517176,0.0,262189.58040769113,6289.14787824866,19971767.505887996,399.9344042434259,312.0755970280631
-0.0051750336844445756,0.7166666666666667,0.015,264.33203473780486,38.734052101577035,-1.6445690504706074,0.0,262189.4946526636,6289.14784692153,19971733.40607594,399.9342362766355,312.07553149438894
-0.0051750336844445756,0.75,-0.005,265.02122621698146,37.66347180292061,-2.4480515506831644,0.0,262347.39959490177,6289.148775516643,20038898.167612806,400.2358346844459,312.1931805187082
-0.0051750336844445756,0.75,0.005,265.02122621698146,37.662700646068295,-2.448930010151967,0.0,262347.5120633013,6289.148807122068,20038942.422817126,400.23604787265185,312.1932636645555
-0.0051750336844445756,0.75,0.015,265.02122621698146,37.66347180292061,-2.4480515506831644,0.0,262347.39959490177,6289.148775516643,20038898.167612806,400.2358346844459,312.1931805187082
-0.0051750336844445756,0.7833333333333333,-0.005,265.83860593981717,36.368382532570934,-3.407398643278588,0.0,262535.7214215847,6289.150028289281,20118637.93202154,400.592957504129,312.3324314802028
-0.0051750336844445756,0.7833333333333333,0.005,265.83860593981717,36.367486228616684,-3.408297848913664,0.0,262535.83036853815,6289.150059499351,20118682.060477376,400.5931693425983,312.33251406280215
-0.0051750336844445756,0.7833333333333333,0.015,265.83860593981717,36.368382532570934,-3.407398643278588,0.0,262535.7214215847,6289.150028289281,20118637.93202154,400.592957504129,312.3324314802028
-0.0051750336844445756,0.8166666666666667,-0.005,266.6751620972293,34.81340751214696,-4.401279073888128,0.0,262722.6889059588,6289.151277264054,20200334.887838997,400.9576953160525,312.4745876596224
-0.0051750336844445756,0.8166666666666667,0.005,266.6751620972293,34.81240090387582,-4.40204082129485,0.0,262722.75434751273,6289.151307106124,20200365.085362505,400.95784390286343,312.4746455579976
-0.0051750336844445756,0.8166666666666667,0.015,266.6751620972293,34.81340751214696,-4.401279073888128,0.0,262722.6889059588,6289.151277264054,20200334.887838997,400.9576953160525,312.4745876596224
-0.0051750336844445756,0.85,-0.005,267.383138110751,32.97230846147665,-5.261662202108,0.0,262865.7714661076,6289.1521268812885,20269540.253704283,401.2656729923944,312.59457129624167
-0.0051750336844445756,0.85,0.005,267.383138110751,32.971223890713034,-5.26215230660309,0.0,262865.76049718936,6289.152154639455,20269544.931143563,401.2657069717866,312.5945845315793
-0.0051750336844445756,0.85,0.015,267.383138110751,32.97230846147665,-5.261662202108,0.0,262865.7714661076,6289.1521268812885,20269540.253704283,401.2656729923944,312.59457129624167
-0.0051750336844445756,0.8833333333333333,-0.005,267.83730007136074,30.811176394528562,-5.837857803378396,0.0,262929.04601210525,6289.152702960929,20313976.560568076,401.4630090608529,312.6714263646739
-0.0051750336844445756,0.8833333333333333,0.005,267.83730007136074,30.810052473622683,-5.838031992616505,0.0,262928.94991437014,6289.1527283831165,20313952.254199784,401.46291347309545,312.67138914136615
-0.0051750336844445756,0.8833333333333333,0.015,267.83730007136074,30.811176394528562,-5.837857803378396,0.0,262929.04601210525,6289.152702960929,20313976.560568076,401.4630090608529,312.6714263646739
-0.0051750336844445756,0.9166666666666667,-0.005,267.99735118375014,28.242461935765814,-6.053558057934179,0.0,262900.3250022501,6289.153858170973,20329683.80467419,401.53313648456816,312.69873384213224
-0.0051750336844445756,0.9166666666666667,0.005,267.99735118375014,28.241333416252917,-6.053476424550054,0.0,262900.163073749,6289.1538809971835,20329636.591021463,401.53293828612954,312.6986566674201
-0.0051750336844445756,0.9166666666666667,0.015,267.99735118375014,28.242461935765814,-6.053558057934179,0.0,262900.3250022501,6289.153858170973,20329683.80467419,401.53313648456816,312.69873384213224
-0.0051750336844445756,0.95,-0.005,267.92357795263337,24.994312580733126,-5.885476435986656,0.0,262793.41278527095,6289.157348815171,20322590.74669872,401.5033854039935,312.6871491225749
-0.0051750336844445756,0.95,0.005,267.92357795263337,24.99320932116476,-5.885252175860632,0.0,262793.21901776036,6289.1573682903345,20322531.712161284,401.50313318976487,312.68705091149707
-0.0051750336844445756,0.95,0.015,267.92357795263337,24.994312580733126,-5.885476435986656,0.0,262793.41278527095,6289.157348815171,20322590.74669872,401.5033854039935,312.6871491225749
-0.0051750336844445756,0.9833333333333332,-0.005,267.73629064979184,19.79692242356344,-5.079250498719419,0.0,262626.0153979023,6289.1734192824515,20304782.267176934,401.4321318791534,312.65940209610176
-0.0051750336844445756,0.9833333333333332,0.005,267.73629064979184,19.795880296728114,-5.078978048586764,0.0,262625.82003569335,6289.173433736134,20304720.889149588,401.4318667003249,312.6592988275029
-0.0051750336844445756,0.9833333333333332,0.015,267.73629064979184,19.79692242356344,-5.079250498719419,0.0,262626.0153979023,6289.1734192824515,20304782.267176934,401.4321318791534,312.65940209610176
-0.0051750336844445756,1.0166666666666668,-0.005,267.70734416438205,0.002140703868204062,-0.0005492354295050552,0.0,262618.6579037133,6289.695609324098,20318176.53122518,401.74037758557773,312.7794191759416
-0.0051750336844445756,1.0166666666666668,0.005,267.67839767897226,-19.79692242356344,5.079250498719419,0.0,262611.2988181739,6289.177615095724,20299253.03783885,401.40961922013634,312.65063486916966
-0.0051750336844445756,1.0166666666666668,0.015,267.70734416438205,0.002140703868204062,-0.0005492354295050552,0.0,262618.6579037133,6289.695609324098,20318176.53122518,401.74037758557773,312.7794191759416
-0.0044497752579611815,-0.016666666666666666,-0.005,264.3852312298763,49.57523566673646,0.0,0.0,262631.6204924373,6289.021460506069,19973096.58999345,399.8803731503031,312.0545156269505
-0.0044497752579611815,-0.016666666666666666,0.005,264.3852312298763,49.57523566673646,-0.010838643704476044,0.0,262631.6204924373,6289.021460359181,19973096.58550543,399.8803730604486,312.05451559189066
-0.0044497752579611815,-0.016666666666666666,0.015,264.3852312298763,49.57523566673646,0.0,0.0,262631.6204924373,6289.021460506069,19973096.58999345,399.8803731503031,312.0545156269505
-0.0044497752579611815,0.016666666666666666,-0.005,264.3852312298763,49.57523566673646,0.010838643704476044,0.0,262631.6204924373,6289.021460359181,19973096.58550543,399.8803730604486,312.05451559189066
-0.0044497752579611815,0.016666666666666666,0.005,264.3852312298763,49.57512398221762,0.010844046290156202,0.0,262631.5831421758,6289.0214613650605,19973085.63734117,399.8803243937482,312.0544966028816
-0.0044497752579611815,0.016666666666666666,0.015,264.3852312298763,49.57523566673646,0.010838643704476044,0.0,262631.6204924373,6289.021460359181,19973096.58550543,399.8803730604486,312.05451559189066
-0.0044497752579611815,0.05,-0.005,264.37237581827804,49.29141930083871,0.029904845616618225,0.0,262614.0941780895,6289.021900117756,19971858.468420126,399.87502396691553,312.0524284497277
-0.0044497752579611815,0.05,0.005,264.37237581827804,49.291295156127326,0.02992017701997576,0.0,262614.05551557784,6289.021901305337,19971847.252756715,399.87497418324045,312.05240902476214
-0.0044497752579611815,0.05,0.015,264.37237581827804,49.29141930083871,0.029904845616618225,0.0,262614.0941780895,6289.021900117756,19971858.468420126,399.87502396691553,312.0524284497277
-0.0044497752579611815,0.08333333333333333,-0.005,264.3530952611527,48.99497682815183,0.04227903110257783,0.0,262594.210961192,6289.022382054774,19969996.181794427,399.86689254170454,312.04925565356456
-0.0044497752579611815,0.08333333333333333,0.005,264.3530952611527,48.994839622065165,0.04230172309763376,0.0,262594.17045682046,6289.02238343739,19969984.52406844,399.8668408623312,312.04923548871614
-0.0044497752579611815,0.08333333333333333,0.015,264.3530952611527,48.99497682815183,0.04227903110257783,0.0,262594.210961192,6289.022382054774,19969996.181794427,399.86689254170454,312.04925565356456
-0.0044497752579611815,0.11666666666666667,-0.005,264.32931128188204,48.68694024388068,0.0497118862731427,0.0,262572.57979248365,6289.022903253137,19967696.762597736,399.8568165372065,312.0453240583641
-0.0044497752579611815,0.11666666666666667,0.005,264.32931128188204,48.68678953275147,0.049739659168112196,0.0,262572.53702457645,6289.022904842566,19967684.52231774,399.85676233573093,312.0453029091466
-0.0044497752579611815,0.11666666666666667,0.015,264.32931128188204,48.68694024388068,0.0497118862731427,0.0,262572.57979248365,6289.022903253137,19967696.762597736,399.8568165372065,312.0453240583641
-0.0044497752579611815,0.15,-0.005,264.3026693217786,48.36732968581765,0.05355399269875975,0.0,262549.68081453355,6289.023460146439,19965120.314718023,399.8455126298142,312.0409132840204
-0.0044497752579611815,0.15,0.005,264.3026693217786,48.367165076271654,0.053584867449114865,0.0,262549.63546861283,6289.023461952877,19965107.38696419,399.8454554388619,312.04089096800453
-0.0044497752579611815,0.15,0.015,264.3026693217786,48.36732968581765,0.05355399269875975,0.0,262549.68081453355,6289.023460146439,19965120.314718023,399.8455126298142,312.0409132840204
-0.0044497752579611815,0.18333333333333332,-0.005,264.27451159882054,48.03614512084762,0.054730066447722284,0.0,262525.9067014503,6289.024048300277,19962397.372134555,399.8335645245893,312.0362510764914
-0.0044497752579611815,0.18333333333333332,0.005,264.27451159882054,48.0359663303569,0.05476240926339946,0.0,262525.8585886091,6289.024050332037,19962383.692841962,399.8335040594288,312.03622748252076
-0.0044497752579611815,0.18333333333333332,0.015,264.27451159882054,48.03614512084762,0.054730066447722284,0.0,262525.9067014503,6289.024048300277,19962397.372134555,399.8335645245893,312.0362510764914
-0.0044497752579611815,0.21666666666666667,-0.005,264.2459075255489,47.69329045588112,0.05378804594421383,0.0,262501.56782948895,6289.024662637799,19959631.873821624,399.8214364081887,312.0315185565024
-0.0044497752579611815,0.21666666666666667,0.005,264.2459075255489,47.69309735405693,0.053820541466722806,0.0,262501.51688763715,6289.024664901052,19959617.419574827,399.82137256574896,312.0314936443136
-0.0044497752579611815,0.21666666666666667,0.015,264.2459075255489,47.69329045588112,0.05378804594421383,0.0,262501.56782948895,6289.024662637799,19959631.873821624,399.8214364081887,312.0315185565024
-0.0044497752579611815,0.25,-0.005,264.21772105103065,47.33851888788856,0.050981292154443414,0.0,262476.9091808159,6289.025297666293,19956907.73381229,399.80950252302495,312.02686175754434
-0.0044497752579611815,0.25,0.005,264.21772105103065,47.33831150988678,0.05101286655910023,0.0,262476.85546305357,6289.025300164899,19956892.51772217,399.80943536337384,312.02683555054335
-0.0044497752579611815,0.25,0.015,264.21772105103065,47.33851888788856,0.050981292154443414,0.0,262476.9091808159,6289.025297666293,19956907.73381229,399.80950252302495,312.02686175754434
-0.0044497752579611815,0.2833333333333333,-0.005,264.1906910442539,46.97140215989813,0.046350018852842574,0.0,262452.13221656333,6289.025947644979,19954296.67650733,399.79808239698644,312.02240537079933
-0.0044497752579611815,0.2833333333333333,0.005,264.1906910442539,46.97118069462418,0.04637974070795905,0.0,262452.07587468496,6289.025950380423,19954280.74283227,399.79801211921944,312.02237794665723
-0.0044497752579611815,0.2833333333333333,0.015,264.1906910442539,46.97140215989813,0.046350018852842574,0.0,262452.13221656333,6289.025947644979,19954296.67650733,399.79808239698644,312.02240537079933
-0.0044497752579611815,0.31666666666666665,-0.005,264.165508741455,46.59131300499513,0.039777138458895224,0.0,262427.41659529076,6289.026606676635,19951865.7803817,399.7874747392554,312.0182659702105
-0.0044497752579611815,0.31666666666666665,0.005,264.165508741455,46.59107776573327,0.03980411405412767,0.0,262427.35786665714,6289.026609648051,19951849.20056013,399.78740166375957,312.0182374539462
-0.0044497752579611815,0.31666666666666665,0.015,264.165508741455,46.59131300499513,0.039777138458895224,0.0,262427.41659529076,6289.026606676635,19951865.7803817,399.7874747392554,312.0182659702105
-0.0044497752579611815,0.35,-0.005,264.1428912824606,46.1974085350597,0.031004269477863847,0.0,262402.9408726022,6289.027268740902,19949684.635871556,399.77798958834666,312.0145645562339
-0.0044497752579611815,0.35,0.005,264.1428912824606,46.197159919187136,0.031027526546643806,0.0,262402.88007795165,6289.027271945154,19949667.508425705,399.7779141564803,312.01453512009346
-0.0044497752579611815,0.35,0.015,264.1428912824606,46.1974085350597,0.031004269477863847,0.0,262402.9408726022,6289.027268740902,19949684.635871556,399.77798958834666,312.0145645562339
-0.0044497752579611815,0.38333333333333336,-0.005,264.1236678375797,45.788603031573096,0.019593793495206218,0.0,262378.9063883837,6289.027927702626,19947833.724386517,399.7699859440566,312.0114412401033
-0.0044497752579611815,0.38333333333333336,0.005,264.1236678375797,45.78834146974081,0.019612115850136908,0.0,262378.8439502431,6289.027931134418,19947816.18196695,399.76990874993675,312.01141111596866
-0.0044497752579611815,0.38333333333333336,0.015,264.1236678375797,45.788603031573096,0.019593793495206218,0.0,262378.9063883837,6289.027927702626,19947833.724386517,399.7699859440566,312.0114412401033
-0.0044497752579611815,0.4166666666666667,-0.005,264.108917744326,45.363517474919696,0.004803880760666027,0.0,262355.5750931567,6289.028577336866,19946417.85463896,399.763932134662,312.0090788004361
-0.0044497752579611815,0.4166666666666667,0.005,264.108917744326,45.363243358729896,0.004815510194778259,0.0,262355.5115926821,6289.028580988911,19946400.084424924,399.7638540170173,312.0090483156755
-0.0044497752579611815,0.4166666666666667,0.015,264.108917744326,45.363517474919696,0.004803880760666027,0.0,262355.5750931567,6289.028577336866,19946417.85463896,399.763932134662,312.0090788004361
-0.0044497752579611815,0.45,-0.005,264.1002387140022,44.92038578734115,-0.014702712780148732,0.0,262333.34284922,6289.029211438538,19945592.252343863,399.76052307390194,312.00774844007907
-0.0044497752579611815,0.45,0.005,264.1002387140022,44.920099346204765,-0.014700663217609766,0.0,262333.2791557659,6289.029215301873,19945574.541865,399.76044532228764,312.0077180980294
-0.0044497752579611815,0.45,0.015,264.1002387140022,44.92038578734115,-0.014702712780148732,0.0,262333.34284922,6289.029211438538,19945592.252343863,399.76052307390194,312.00774844007907
-0.0044497752579611815,0.48333333333333334,-0.005,264.1002893174052,44.456879430329735,-0.04147645267589371,0.0,262312.8879909274,6289.029824180267,19945615.341311727,399.7609175269984,312.0079023727276
-0.0044497752579611815,0.48333333333333334,0.005,264.1002893174052,44.45658049997297,-0.0414891269079886,0.0,262312.8255218621,6289.029828245054,19945598.170000575,399.7608422937986,312.0078730134869
-0.0044497752579611815,0.48333333333333334,0.015,264.1002893174052,44.456879430329735,-0.04147645267589371,0.0,262312.8879909274,6289.029824180267,19945615.341311727,399.7609175269984,312.0079023727276
-0.0044497752579611815,0.5166666666666667,-0.005,264.1138417434009,43.96977892266946,-0.080496224399443,0.0,262295.46009505,6289.0304111827345,19946951.20845628,399.76719876353314,312.01035357249634
-0.0044497752579611815,0.5166666666666667,0.005,264.1138417434009,43.96946651250474,-0.08053301550576236,0.0,262295.40128004644,6289.030415440449,19946935.41126629,399.7671298003365,312.010326660293
-0.0044497752579611815,0.5166666666666667,0.015,264.1138417434009,43.96977892266946,-0.080496224399443,0.0,262295.46009505,6289.0304111827345,19946951.20845628,399.76719876353314,312.01035357249634
-0.0044497752579611815,0.55,-0.005,264.14964847772717,43.45437687932388,-0.14133305511709457,0.0,262283.3922727922,6289.030972626556,19950451.40199353,399.78319185758005,312.0165946561034
-0.0044497752579611815,0.55,0.005,264.14964847772717,43.45404842679326,-0.14141066408487196,0.0,262283.3412684863,6289.030977075968,19950438.421662793,399.7831356506115,312.0165727223304
-0.0044497752579611815,0.55,0.015,264.14964847772717,43.45437687932388,-0.14133305511709457,0.0,262283.3922727922,6289.030972626556,19950451.40199353,399.78319185758005,312.0165946561034
-0.0044497752579611815,0.5833333333333334,-0.005,264.22331657887787,42.90347007189189,-0.24148475345000747,0.0,262280.88979740517,6289.031521939691,19957635.204063453,399.81572335332805,312.0292892368742
-0.0044497752579611815,0.5833333333333334,0.005,264.22331657887787,42.90312033217076,-0.24163089744450494,0.0,262280.85335209576,6289.0315266021935,19957627.397261206,399.8156905010325,312.0292764173701
-0.0044497752579611815,0.5833333333333334,0.015,264.22331657887787,42.90347007189189,-0.24148475345000747,0.0,262280.88979740517,6289.031521939691,19957635.204063453,399.81572335332805,312.0292892368742
-0.0044497752579611815,0.6166666666666667,-0.005,264.3607999933008,42.30586232648296,-0.4104218677042266,0.0,262294.98784131225,6289.0321078248435,19971031.167879105,399.8761543009096,312.0528694915501
-0.0044497752579611815,0.6166666666666667,0.005,264.3607999933008,42.30548209114212,-0.4106777570991624,0.0,262294.9758647267,6289.032112777972,19971032.008843765,399.87616042674097,312.0528718817692
-0.0044497752579611815,0.6166666666666667,0.015,264.3607999933008,42.30586232648296,-0.4104218677042266,0.0,262294.98784131225,6289.0321078248435,19971031.167879105,399.8761543009096,312.0528694915501
-0.0044497752579611815,0.65,-0.005,264.6007343023394,41.644579295475616,-0.6922677923156157,0.0,262336.19102176913,6289.032860510467,19994408.34938376,399.9814090545677,312.0939358148138
-0.0044497752579611815,0.65,0.005,264.6007343023394,41.644154641005144,-0.6926852944286511,0.0,262336.2158941852,6289.0328659413235,19994422.190886945,399.98147371360943,312.09396104060374
-0.0044497752579611815,0.65,0.015,264.6007343023394,41.644579295475616,-0.6922677923156157,0.0,262336.19102176913,6289.032860510467,19994408.34938376,399.9814090545677,312.0939358148138
-0.0044497752579611815,0.6833333333333333,-0.005,264.991755272563,40.89557529074482,-1.1426151665389817,0.0,262417.7314092171,6289.034059217564,20032522.629429497,400.15279999555133,312.1607943528153
-0.0044497752579611815,0.6833333333333333,0.005,264.991755272563,40.89508866965981,-1.1432431105315113,0.0,262417.8047008433,6289.034065456196,20032553.554790273,400.15294145817774,312.1608495305898
-0.0044497752579611815,0.6833333333333333,0.015,264.991755272563,40.89557529074482,-1.1426151665389817,0.0,262417.7314092171,6289.034059217564,20032522.629429497,400.15279999555133,312.1607943528153
-0.0044497752579611815,0.7166666666666667,-0.005,265.5795905073189,40.02838314350109,-1.8134542506203342,0.0,262551.9875341191,6289.03616018734,20089868.246737745,400.410337533103,312.26123122498836
-0.0044497752579611815,0.7166666666666667,0.005,265.5795905073189,40.02781768154562,-1.8143110526096005,0.0,262552.1133934625,6289.0361676048,20089917.76004311,400.4105623136271,312.26131887286704
-0.0044497752579611815,0.7166666666666667,0.015,265.5795905073189,40.02838314350109,-1.8134542506203342,0.0,262551.9875341191,6289.03616018734,20089868.246737745,400.410337533103,312.26123122498836
-0.0044497752579611815,0.75,-0.005,266.3813723600099,39.01009291644371,-2.723431435455151,0.0,262743.29416414833,6289.039648789531,20168174.808823854,400.7613909251197,312.39808626804415
-0.0044497752579611815,0.75,0.005,266.3813723600099,39.009439710539596,-2.724471622032627,0.0,262743.46104270883,6289.039657466033,20168238.9593779,400.76168085299196,312.39819926906944
-0.0044497752579611815,0.75,0.015,266.3813723600099,39.01009291644371,-2.723431435455151,0.0,262743.29416414833,6289.039648789531,20168174.808823854,400.7613909251197,312.39808626804415
-0.0044497752579611815,0.7833333333333333,-0.005,267.35442088169634,37.81198448073776,-3.82221519927743,0.0,262979.07675459766,6289.044663687388,20263339.065487154,401.18697762235473,312.5639171020917
-0.0044497752579611815,0.7833333333333333,0.005,267.35442088169634,37.81124930822523,-3.823312467028165,0.0,262979.2528595343,6289.044673071493,20263406.882347737,401.1872831258924,312.56403611064576
-0.0044497752579611815,0.7833333333333333,0.015,267.35442088169634,37.81198448073776,-3.82221519927743,0.0,262979.07675459766,6289.044663687388,20263339.065487154,401.18697762235473,312.5639171020917
-0.0044497752579611815,0.8166666666666667,-0.005,268.3805456664872,36.41390818546729,-4.973363431828892,0.0,263225.2251708558,6289.050730173269,20363844.384346385,401.6351519436535,312.73845419902614
-0.0044497752579611815,0.8166666666666667,0.005,268.3805456664872,36.41311147856413,-4.974337064388829,0.0,263225.36453033506,6289.050739292285,20363899.972514357,401.6354020997885,312.738551592681
-0.0044497752579611815,0.8166666666666667,0.015,268.3805456664872,36.41390818546729,-4.973363431828892,0.0,263225.2251708558,6289.050730173269,20363844.384346385,401.6351519436535,312.73845419902614
-0.0044497752579611815,0.85,-0.005,269.2904512109152,34.79794214938973,-5.982445073828579,0.0,263432.81586979446,6289.057154500638,20453109.44803672,402.03227608344514,312.89302894665974
-0.0044497752579611815,0.85,0.005,269.2904512109152,34.79710905834547,-5.983132184057517,0.0,263432.8763847196,6289.057162792241,20453138.191775303,402.03240671413266,312.8930797801756
-0.0044497752579611815,0.85,0.015,269.2904512109152,34.79794214938973,-5.982445073828579,0.0,263432.81586979446,6289.057154500638,20453109.44803672,402.03227608344514,312.89302894665974
-0.0044497752579611815,0.8833333333333333,-0.005,269.9307039412287,32.9236312258899,-6.669358054504738,0.0,263556.9433124395,6289.063926953575,20516058.789398488,402.312598956522,313.00209455398607
-0.0044497752579611815,0.8833333333333333,0.005,269.9307039412287,32.922777505964184,-6.669690869035022,0.0,263556.9070153085,6289.063934749899,20516054.320803702,402.3125830323802,313.00208835943755
-0.0044497752579611815,0.8833333333333333,0.015,269.9307039412287,32.9236312258899,-6.669358054504738,0.0,263556.9433124395,6289.063926953575,20516058.789398488,402.312598956522,313.00209455398607
-0.0044497752579611815,0.9166666666666666,-0.005,270.23649539198874,30.67643228402608,-6.937304951326498,0.0,263576.79135730525,6289.0722153273855,20546311.5516339,402.44949015958474,313.05534119504
-0.0044497752579611815,0.9166666666666666,0.005,270.23649539198874,30.675558196996395,-6.937334537646846,0.0,263576.67155697587,6289.072223327015,20546278.21954895,402.4493475991682,313.055285747953
-0.0044497752579611815,0.9166666666666666,0.015,270.23649539198874,30.67643228402608,-6.937304951326498,0.0,263576.79135730525,6289.0722153273855,20546311.5516339,402.44949015958474,313.05534119504
-0.0044497752579611815,0.95,-0.005,270.2561879968242,27.734638727412676,-6.760069264332146,0.0,263500.30209755385,6289.084761618551,20548653.83246952,402.4657685575542,313.0616724092974
-0.0044497752579611815,0.95,0.005,270.2561879968242,27.733738258062047,-6.759915713941833,0.0,263500.13161742844,6289.084770120065,20548602.580696527,402.46554755739527,313.06158645578995
-0.0044497752579611815,0.95,0.015,270.2561879968242,27.734638727412676,-6.760069264332146,0.0,263500.30209755385,6289.084761618551,20548653.83246952,402.4657685575542,313.0616724092974
-0.0044497752579611815,0.9833333333333334,-0.005,270.1104094352674,22.733123000044696,-5.894323530807641,0.0,263340.010034263,6289.115559200685,20535342.334856663,402.4220075632044,313.0446520021313
-0.0044497752579611815,0.9833333333333334,0.005,270.1104094352674,22.73220670038525,-5.894096698134842,0.0,263339.82224813756,6289.115567746954,20535283.74180807,402.42175420756826,313.04455345926095
-0.0044497752579611815,0.9833333333333334,0.015,270.1104094352674,22.733123000044696,-5.894323530807641,0.0,263340.010034263,6289.115559200685,20535342.334856663,402.4220075632044,313.0446520021313
-0.0044497752579611815,1.0166666666666666,-0.005,270.0876268182415,0.0019174735931924071,-0.0004971692503503937,0.0,263333.76258145703,6289.800898965419,20554648.019624315,402.83430756655764,313.20497532746197
-0.0044497752579611815,1.0166666666666666,0.005,270.06484420121564,-22.733123000044696,5.894323530807641,0.0,263327.5140746527,6289.116376302062,20530903.136724472,402.40289189346385,313.03721686049647
-0.0044497752579611815,1.0166666666666666,0.015,270.0876268182415,0.0019174735931924071,-0.0004971692503503937,0.0,263333.76258145703,6289.800898965419,20554648.019624315,402.83430756655764,313.20497532746197
-0.0037245168314777883,-0.016666666666666666,-0.005,264.649942067668,49.8265405926198,4.1950621341252215e-19,0.0,262718.81824467645,6289.019268831684,19998801.018505845,399.99465706864356,312.09910429330466
-0.0037245168314777883,-0.016666666666666666,0.005,264.649942067668,49.82654059261981,0.003232643476548768,0.0,262718.81824467645,6289.01926881862,19998801.01810622,399.99465706065064,312.0991042901864
-0.0037245168314777883,-0.016666666666666666,0.015,264.649942067668,49.8265405926198,4.1950621341252215e-19,0.0,262718.81824467645,6289.019268831684,19998801.018505845,399.99465706864356,312.09910429330466
-0.0037245168314777883,0.016666666666666666,-0.005,264.649942067668,49.82654059261981,-0.003232643476548768,0.0,262718.8182446765,6289.01926881862,19998801.01810622,399.9946570606507,312.09910429018646
-0.0037245168314777883,0.016666666666666666,0.005,264.649942067668,49.826512670323815,-0.003231601189363883,0.0,262718.81184531667,6289.019268866324,19998799.304629277,399.9946493995418,312.09910130136495
-0.0037245168314777883,0.016666666666666666,0.015,264.649942067668,49.82654059261981,-0.003232643476548768,0.0,262718.8182446765,6289.01926881862,19998801.01810622,399.9946570606507,312.09910429018646
-0.0037245168314777883,0.05,-0.005,264.64823734172023,49.57365397169726,-0.008704107441595187,0.0,262705.77276605484,6289.019291880276,19998635.84917034,399.99392733776756,312.0988196039312
-0.0037245168314777883,0.05,0.005,264.64823734172023,49.573621529724704,-0.008701395690510781,0.0,262705.765640375,6289.019291942174,19998633.960462023,399.9939188975515,312.09881631115434
-0.0037245168314777883,0.05,0.015,264.64823734172023,49.57365397169726,-0.008704107441595187,0.0,262705.77276605484,6289.019291880276,19998635.84917034,399.99392733776756,312.0988196039312
-0.0037245168314777883,0.08333333333333333,-0.005,264.64598153741474,49.30967421381704,-0.01408713572396346,0.0,262692.0892710597,6289.019320206697,19998417.270749923,399.99296060152756,312.0984424514283
-0.0037245168314777883,0.08333333333333333,0.005,264.64598153741474,49.30963616156741,-0.01408362969359177,0.0,262692.08105499105,6289.019320286,19998415.099709835,399.99295090342065,312.0984386679066
-0.0037245168314777883,0.08333333333333333,0.015,264.64598153741474,49.30967421381704,-0.01408713572396346,0.0,262692.0892710597,6289.019320206697,19998417.270749923,399.99296060152756,312.0984424514283
-0.0037245168314777883,0.11666666666666667,-0.005,264.6436740987936,49.03526433592123,-0.019011024393898106,0.0,262677.95192499575,6289.019354657622,19998193.93244183,399.99197541891476,312.09805810197895
-0.0037245168314777883,0.11666666666666667,0.005,264.6436740987936,49.035219741915654,-0.01900736614134629,0.0,262677.9423382451,6289.019354757864,19998191.397499327,399.9919640987743,312.0980536856479
-0.0037245168314777883,0.11666666666666667,0.015,264.6436740987936,49.03526433592123,-0.019011024393898106,0.0,262677.95192499575,6289.019354657622,19998193.93244183,399.99197541891476,312.09805810197895
-0.0037245168314777883,0.15,-0.005,264.6416387458254,48.750013766205235,-0.023376529283748868,0.0,262663.44184561487,6289.019395719989,19997997.355781812,399.9911133771981,312.09772179311864
-0.0037245168314777883,0.15,0.005,264.6416387458254,48.74996174613271,-0.02337315913320981,0.0,262663.43068551196,6289.01939584491,19997994.400697134,399.9911001845802,312.0977166462718
-0.0037245168314777883,0.15,0.015,264.6416387458254,48.750013766205235,-0.023376529283748868,0.0,262663.44184561487,6289.019395719989,19997997.355781812,399.9911133771981,312.09772179311864
-0.0037245168314777883,0.18333333333333332,-0.005,264.64006008195383,48.45345111414398,-0.027314461116854684,0.0,262648.59825000144,6289.019443748375,19997845.508525215,399.9904552233647,312.0974650269186
-0.0037245168314777883,0.18333333333333332,0.005,264.64006008195383,48.45339086028773,-0.027311661270813095,0.0,262648.58538954135,6289.019443901817,19997842.101239864,399.9904400163258,312.0974590941791
-0.0037245168314777883,0.18333333333333332,0.015,264.64006008195383,48.45345111414398,-0.027314461116854684,0.0,262648.59825000144,6289.019443748375,19997845.508525215,399.9904552233647,312.0974650269186
-0.0037245168314777883,0.21666666666666667,-0.005,264.63904638183374,48.14502172790865,-0.031113692366090424,0.0,262633.4354502125,6289.019498966577,19997748.923098017,399.99004829977684,312.0973062733148
-0.0037245168314777883,0.21666666666666667,0.005,264.63904638183374,48.14495252609226,-0.03111165898666518,0.0,262633.4208284944,6289.019499152378,19997745.052210826,399.990031029022,312.097299535452
-0.0037245168314777883,0.21666666666666667,0.015,264.63904638183374,48.14502172790865,-0.031113692366090424,0.0,262633.4354502125,6289.019498966577,19997748.923098017,399.99004829977684,312.0973062733148
-0.0037245168314777883,0.25,-0.005,264.6387014285075,47.82406789397504,-0.03514681781796849,0.0,262617.96261091356,6289.0195614736585,19997717.69500641,399.9899379295406,312.0972632144238
-0.0037245168314777883,0.25,0.005,264.6387014285075,47.82398912740453,-0.03514574597277811,0.0,262617.9462205011,6289.019561695542,19997713.365420282,399.9899186188578,312.0972556807201
-0.0037245168314777883,0.25,0.015,264.6387014285075,47.82406789397504,-0.03514681781796849,0.0,262617.96261091356,6289.0195614736585,19997717.69500641,399.9899379295406,312.0972632144238
-0.0037245168314777883,0.2833333333333333,-0.005,264.6391880108468,47.489813983633894,-0.039816916524904426,0.0,262602.2014140792,6289.019631253617,19997767.66683309,399.99019515206203,312.09736356498814
-0.0037245168314777883,0.2833333333333333,0.005,264.6391880108468,47.48972512715123,-0.03981707952499242,0.0,262602.18329178804,6289.019631515103,19997762.896725915,399.9901738847035,312.0973552679265
-0.0037245168314777883,0.2833333333333333,0.015,264.6391880108468,47.489813983633894,-0.039816916524904426,0.0,262602.2014140792,6289.019631253617,19997767.66683309,399.99019515206203,312.09736356498814
-0.0037245168314777883,0.31666666666666665,-0.005,264.6407755844937,47.14135072316486,-0.04554032264219694,0.0,262586.19921278197,6289.019708186679,19997925.06803804,399.99093753348376,312.0976531910587
-0.0037245168314777883,0.31666666666666665,0.005,264.6407755844937,47.14125133150232,-0.04554214084686077,0.0,262586.179439249,6289.019708491013,19997919.888918594,399.9909144523952,312.09764418641265
-0.0037245168314777883,0.31666666666666665,0.015,264.6407755844937,47.14135072316486,-0.04554032264219694,0.0,262586.19921278197,6289.019708186679,19997925.06803804,399.99093753348376,312.0976531910587
-0.0037245168314777883,0.35,-0.005,264.6438801190865,46.77761275150103,-0.05277097591667968,0.0,262570.03970408154,6289.01979206464,19998230.39253743,399.992346557649,312.09820289444787
-0.0037245168314777883,0.35,0.005,264.6438801190865,46.77750244258543,-0.05277509300531385,0.0,262570.01841647504,6289.019792414745,19998224.853850596,399.99232188611404,312.09819326933643
-0.0037245168314777883,0.35,0.015,264.6438801190865,46.77761275150103,-0.05277097591667968,0.0,262570.03970408154,6289.01979206464,19998230.39253743,399.992346557649,312.09820289444787
-0.0037245168314777883,0.38333333333333336,-0.005,264.64912008567416,46.39734336266658,-0.06207449705409451,0.0,262553.85770617466,6289.019882618918,19998743.8467133,399.99469205862255,312.0991179439131
-0.0037245168314777883,0.38333333333333336,0.005,264.64912008567416,46.39722179184435,-0.06208191100634216,0.0,262553.8351313538,6289.019883017373,19998738.027544063,399.9946661527597,312.09910783728265
-0.0037245168314777883,0.38333333333333336,0.015,264.64912008567416,46.39734336266658,-0.06207449705409451,0.0,262553.85770617466,6289.019882618918,19998743.8467133,399.99469205862255,312.0991179439131
-0.0037245168314777883,0.4166666666666667,-0.005,264.6574329872517,45.999037340141854,-0.07428295315761135,0.0,262537.8703516451,6289.019979582462,19999556.690669302,399.99838308144643,312.10055791590906
-0.0037245168314777883,0.4166666666666667,0.005,264.6574329872517,45.99890415229943,-0.07429529275417456,0.0,262537.84687687986,6289.01998003156,19999550.72456768,399.998356541575,312.1005475619811
-0.0037245168314777883,0.4166666666666667,0.015,264.6574329872517,45.999037340141854,-0.07428295315761135,0.0,262537.8703516451,6289.019979582462,19999556.690669302,399.99838308144643,312.10055791590906
-0.0037245168314777883,0.45,-0.005,264.6703339805668,45.58084402043368,-0.09081164930338383,0.0,262522.44726755185,6289.020082841356,20000816.412751976,400.00408077918115,312.10278073528104
-0.0037245168314777883,0.45,0.005,264.6703339805668,45.58069875157646,-0.09083175866578688,0.0,262522.42358440906,6289.020083343345,20000810.538220607,400.0040546763215,312.1027705519159
-0.0037245168314777883,0.45,0.015,264.6703339805668,45.58084402043368,-0.09081164930338383,0.0,262522.44726755185,6289.020082841356,20000816.412751976,400.00408077918115,312.10278073528104
-0.0037245168314777883,0.48333333333333334,-0.005,264.69046541797775,45.14039434923812,-0.11430504957243279,0.0,262508.26082669536,6289.020192832096,20002780.234737575,400.0129383561278,312.10623627389265
-0.0037245168314777883,0.48333333333333334,0.005,264.69046541797775,45.14023622445975,-0.11433814369799325,0.0,262508.2382093202,6289.020193389907,20002774.8929717,400.0129146704939,312.10622703364885
-0.0037245168314777883,0.48333333333333334,0.015,264.69046541797775,45.14039434923812,-0.11430504957243279,0.0,262508.26082669536,6289.020192832096,20002780.234737575,400.0129383561278,312.10623627389265
-0.0037245168314777883,0.5166666666666667,-0.005,264.72268271285077,44.674484707981584,-0.14989501142033873,0.0,262496.5840923346,6289.020311642198,20005920.873902056,400.0270753287497,312.1117513434209
-0.0037245168314777883,0.5166666666666667,0.005,264.72268271285077,44.674312252941306,-0.14995074311214848,0.0,262496.5648910362,6289.020312261576,20005916.88237701,400.0270577284956,312.11174447732793
-0.0037245168314777883,0.5166666666666667,0.015,264.72268271285077,44.674484707981584,-0.14989501142033873,0.0,262496.5840923346,6289.020311642198,20005920.873902056,400.0270753287497,312.1117513434209
-0.0037245168314777883,0.5499999999999999,-0.005,264.775997939306,44.17851165254591,-0.2074420806328535,0.0,262489.8249566885,6289.020446149085,20011115.96730523,400.0504268232988,312.1208609386832
-0.0037245168314777883,0.5499999999999999,0.005,264.775997939306,44.17832202561435,-0.20753774881365486,0.0,262489.8133626096,6289.0204468445545,20011114.789029058,400.0504218722517,312.1208590072704
-0.0037245168314777883,0.5499999999999999,0.015,264.775997939306,44.17851165254591,-0.2074420806328535,0.0,262489.8249566885,6289.020446149085,20011115.96730523,400.0504268232988,312.1208609386832
-0.0037245168314777883,0.5833333333333334,-0.005,264.8666014638705,43.64553467037311,-0.3050081584026362,0.0,262492.3574364972,6289.020616820187,20019942.922596473,400.09006500978336,312.1363234874221
-0.0037245168314777883,0.5833333333333334,0.005,264.8666014638705,43.6453226966597,-0.30517266919622166,0.0,262492.36042817147,6289.020617630671,20019946.99961521,400.0900836622571,312.13633076342694
-0.0037245168314777883,0.5833333333333334,0.015,264.8666014638705,43.64553467037311,-0.3050081584026362,0.0,262492.3574364972,6289.020616820187,20019942.922596473,400.09006500978336,312.1363234874221
-0.0037245168314777883,0.6166666666666667,-0.005,265.0215980527409,43.0649236805654,-0.4731224346711194,0.0,262511.55187383265,6289.020880299989,20035044.53931395,400.157835222848,312.16275834707966
-0.0037245168314777883,0.6166666666666667,0.005,265.0215980527409,43.06468082883728,-0.47339913402553296,0.0,262511.57990535686,6289.020881323672,20035057.53465331,400.1578939023535,312.1627812349929
-0.0037245168314777883,0.6166666666666667,0.015,265.0215980527409,43.0649236805654,-0.4731224346711194,0.0,262511.55187383265,6289.020880299989,20035044.53931395,400.157835222848,312.16275834707966
-0.0037245168314777883,0.6499999999999999,-0.005,265.2816767377348,42.42084314209186,-0.757748494522133,0.0,262558.5184723408,6289.02137748851,20060393.322401773,400.2715280689848,312.20710103987005
-0.0037245168314777883,0.6499999999999999,0.005,265.2816767377348,42.42055719304994,-0.7581927001235492,0.0,262558.5849186419,6289.021378939867,20060419.92221359,400.2716477561119,312.2071477171449
-0.0037245168314777883,0.6499999999999999,0.015,265.2816767377348,42.42084314209186,-0.757748494522133,0.0,262558.5184723408,6289.02137748851,20060393.322401773,400.2715280689848,312.20710103987005
-0.0037245168314777883,0.6833333333333333,-0.005,265.69876146173544,41.69140299959973,-1.2173439480439805,0.0,262647.47816888173,6289.022404633749,20101070.603927117,400.45384841101725,312.2781968099795
-0.0037245168314777883,0.6833333333333333,0.005,265.69876146173544,41.69105971838468,-1.2180093813512136,0.0,262647.5961322416,6289.022406881795,20101115.389542796,400.45404951918107,312.27827522311884
-0.0037245168314777883,0.6833333333333333,0.015,265.69876146173544,41.69140299959973,-1.2173439480439805,0.0,262647.47816888173,6289.022404633749,20101070.603927117,400.45384841101725,312.2781968099795
-0.0037245168314777883,0.7166666666666667,-0.005,266.3231861092665,40.849923215759915,-1.907722640085038,0.0,262792.233979803,6289.024443284114,20162026.34472721,400.7267638750822,312.38458988580186
-0.0037245168314777883,0.7166666666666667,0.005,266.3231861092665,40.849511253938495,-1.9086335215933157,0.0,262792.40958976874,6289.02444674749,20162091.440664683,400.7270555985929,312.3847035915995
-0.0037245168314777883,0.7166666666666667,0.015,266.3231861092665,40.849923215759915,-1.907722640085038,0.0,262792.233979803,6289.024443284114,20162026.34472721,400.7267638750822,312.38458988580186
-0.0037245168314777883,0.7499999999999999,-0.005,267.17746701462795,39.86953972365465,-2.851559664189946,0.0,262998.8522809316,6289.027999299841,20245522.49098919,401.09993110518565,312.5300063847963
-0.0037245168314777883,0.7499999999999999,0.005,267.17746701462795,39.86905816950759,-2.852675703804847,0.0,262999.07601427357,6289.028004085578,20245604.545745686,401.10029786150125,312.53014926979654
-0.0037245168314777883,0.7499999999999999,0.015,267.17746701462795,39.86953972365465,-2.851559664189946,0.0,262998.8522809316,6289.027999299841,20245522.49098919,401.09993110518565,312.5300063847963
-0.0037245168314777883,0.7833333333333333,-0.005,268.2236487773999,38.73006382274318,-4.00110826181286,0.0,263256.37552612746,6289.033181584934,20347921.162080396,401.55635542719705,312.7077747261131
-0.0037245168314777883,0.7833333333333333,0.005,268.2236487773999,38.72952821614452,-4.002305401420577,0.0,263256.6169223726,6289.033187088954,20348009.54522639,401.55674910720944,312.7079280131534
-0.0037245168314777883,0.7833333333333333,0.015,268.2236487773999,38.73006382274318,-4.00110826181286,0.0,263256.37552612746,6289.033181584934,20347921.162080396,401.55635542719705,312.7077747261131
-0.0037245168314777883,0.8166666666666667,-0.005,269.34551687904224,37.421560206275316,-5.21893997352846,0.0,263531.51372691576,6289.0393707090225,20457894.071922716,402.04487481174954,312.89793156718474
-0.0037245168314777883,0.8166666666666667,0.005,269.34551687904224,37.42100037507715,-5.220034816923195,0.0,263531.72664499853,6289.039375791903,20457972.733053803,402.0452238286017,312.89806738116255
-0.0037245168314777883,0.8166666666666667,0.015,269.34551687904224,37.421560206275316,-5.21893997352846,0.0,263531.51372691576,6289.0393707090225,20457894.071922716,402.04487481174954,312.89793156718474
-0.0037245168314777883,0.8500000000000001,-0.005,270.37122530898534,35.9356597018842,-6.3046231308364815,0.0,263774.7033576829,6289.045599907591,20558592.415230535,402.4906968199572,313.0713675974197
-0.0037245168314777883,0.8500000000000001,0.005,270.37122530898534,35.93510642187604,-6.305444994268833,0.0,263774.84362513904,6289.045603794265,20558645.999855854,402.49093388181126,313.0714597949146
-0.0037245168314777883,0.8500000000000001,0.015,270.37122530898534,35.9356597018842,-6.3046231308364815,0.0,263774.7033576829,6289.045599907591,20558592.415230535,402.4906968199572,313.0713675974197
-0.0037245168314777883,0.8833333333333333,-0.005,271.1399984849326,34.237024515909475,-7.0674921959781685,0.0,263938.689724504,6289.0515608412015,20634194.423472643,402.8249233244241,313.20132716692996
-0.0037245168314777883,0.8833333333333333,0.005,271.1399984849326,34.23649195009449,-7.067962584353684,0.0,263938.73573986447,6289.051563757088,20634215.397929233,402.82501652296315,313.2013633984324
-0.0037245168314777883,0.8833333333333333,0.015,271.1399984849326,34.237024515909475,-7.0674921959781685,0.0,263938.689724504,6289.0515608412015,20634194.423472643,402.8249233244241,313.20132716692996
-0.0037245168314777883,0.9166666666666666,-0.005,271.57664366539075,32.20739276099969,-7.398256285033333,0.0,263998.926261408,6289.058270741102,20677278.877754442,403.01655946836604,313.27581803680664
-0.0037245168314777883,0.9166666666666666,0.005,271.57664366539075,32.206870640364556,-7.398416322719918,0.0,263998.887115606,6289.058273486658,20677270.34595517,403.0165234981665,313.27580405649536
-0.0037245168314777883,0.9166666666666666,0.015,271.57664366539075,32.20739276099969,-7.398256285033333,0.0,263998.926261408,6289.058270741102,20677278.877754442,403.01655946836604,313.27581803680664
-0.0037245168314777883,0.9500000000000001,-0.005,271.71903462566695,29.507367993567303,-7.260216110364712,0.0,263958.7464363395,6289.0686390344,20691602.146223653,403.08409416574153,313.30206522294384
-0.0037245168314777883,0.9500000000000001,0.005,271.71903462566695,29.5068318573815,-7.260180178077094,0.0,263958.6512647753,6289.068642209838,20691574.09717113,403.08397317664617,313.30201820280973
-0.0037245168314777883,0.9500000000000001,0.015,271.71903462566695,29.507367993567303,-7.260216110364712,0.0,263958.7464363395,6289.0686390344,20691602.146223653,403.08409416574153,313.30206522294384
-0.0037245168314777883,0.9833333333333333,-0.005,271.6780015569117,24.720464985110315,-6.4040685853168045,0.0,263823.3590017244,6289.097733250838,20688504.62644597,403.0844820724588,313.3022159755388
-0.0037245168314777883,0.9833333333333333,0.005,271.6780015569117,24.719901235549628,-6.403946104789589,0.0,263823.2386484542,6289.097736954857,20688467.22889532,403.08432048071904,313.3021531759801
-0.0037245168314777883,0.9833333333333333,0.015,271.6780015569117,24.720464985110315,-6.4040685853168045,0.0,263823.3590017244,6289.097733250838,20688504.62644597,403.0844820724588,313.3022159755388
-0.0037245168314777883,1.0166666666666666,-0.005,271.66610879809593,0.0010819887190980154,-0.00028029933780849095,0.0,263820.066557346,6289.906247980346,20712939.898714546,403.5782301232928,313.4940430275771
-0.0037245168314777883,1.0166666666666666,0.005,271.6542160392802,-24.72046498511015,6.404068585316762,0.0,263816.77382474137,6289.097933740826,20686176.687327888,403.07440841086606,313.298301014334
-0.0037245168314777883,1.0166666666666666,0.015,271.66610879809593,0.0010819887190980154,-0.00028029933780849095,0.0,263820.066557346,6289.906247980346,20712939.898714546,403.5782301232928,313.4940430275771
-0.0029992584049943955,-0.016666666666666666,-0.005,264.7075840513385,49.86544450973998,0.0,0.0,262737.179435688,6289.019201115634,20004410.892262332,400.01977857055675,312.10890476814563
-0.0029992584049943955,-0.016666666666666666,0.005,264.7075840513385,49.86544450973998,0.007686798049060891,0.0,262737.179435688,6289.019201041779,20004410.890002247,400.01977852536277,312.1089047505147
-0.0029992584049943955,-0.016666666666666666,0.015,264.7075840513385,49.86544450973998,0.0,0.0,262737.179435688,6289.019201115634,20004410.892262332,400.01977857055675,312.10890476814563
-0.0029992584049943955,0.016666666666666666,-0.005,264.7075840513385,49.86544450973998,-0.007686798049060891,0.0,262737.179435688,6289.019201041779,20004410.890002247,400.01977852536277,312.1089047505147
-0.0029992584049943955,0.016666666666666666,0.005,264.7075840513385,49.865436663366424,-0.007687971052785477,0.0,262737.1825098753,6289.019201043956,20004412.0722081,400.0197838266145,312.10890681862224
-0.0029992584049943955,0.016666666666666666,0.015,264.7075840513385,49.86544450973998,-0.007686798049060891,0.0,262737.179435688,6289.019201041779,20004410.890002247,400.01977852536277,312.1089047505147
-0.0029992584049943955,0.05,-0.005,264.7106571566883,49.6200830395232,-0.02100851781436992,0.0,262725.8528795062,6289.019203001285,20004710.336696383,400.02112196590286,312.10942884885435
-0.0029992584049943955,0.05,0.005,264.7106571566883,49.620073967734456,-0.0210121168672345,0.0,262725.85581024684,6289.019203004323,20004711.489947025,400.02112713768713,312.1094308664511
-0.0029992584049943955,0.05,0.015,264.7106571566883,49.6200830395232,-0.02100851781436992,0.0,262725.8528795062,6289.019203001285,20004710.336696383,400.02112196590286,312.10942884885435
-0.0029992584049943955,0.08333333333333333,-0.005,264.71599209430644,49.36524642202937,-0.032372709749823717,0.0,262714.7646978498,6289.019205209475,20005230.135122035,400.02345339109803,312.1103383742342
-0.0029992584049943955,0.08333333333333333,0.005,264.71599209430644,49.36523551998699,-0.03237877426144992,0.0,262714.7674214683,6289.019205213662,20005231.24759965,400.0234583805304,312.1103403206869
-0.0029992584049943955,0.08333333333333333,0.015,264.71599209430644,49.36524642202937,-0.032372709749823717,0.0,262714.7646978498,6289.019205209475,20005230.135122035,400.02345339109803,312.1103383742342
-0.0029992584049943955,0.11666666666666667,-0.005,264.7235278254575,49.10151525830981,-0.041952585772162855,0.0,262703.93327086937,6289.019208069055,20005964.348459873,400.0267463172918,312.1116229916545
-0.0029992584049943955,0.11666666666666667,0.005,264.7235278254575,49.10150205608685,-0.0419610848459278,0.0,262703.93575133954,6289.019208074792,20005965.415339302,400.0267511028984,312.111624858584
-0.0029992584049943955,0.11666666666666667,0.015,264.7235278254575,49.10151525830981,-0.041952585772162855,0.0,262703.93327086937,6289.019208069055,20005964.348459873,400.0267463172918,312.1116229916545
-0.0029992584049943955,0.15,-0.005,264.73313406457254,48.828358089135754,-0.05003847720958884,0.0,262693.30244431045,6289.019211713468,20006900.285237513,400.03094383121226,312.11326049396854
-0.0029992584049943955,0.15,0.005,264.73313406457254,48.82834211431889,-0.05004930048871447,0.0,262693.3046726907,6289.019211721245,20006901.310819965,400.0309484324841,312.1132622889771
-0.0029992584049943955,0.15,0.015,264.73313406457254,48.828358089135754,-0.05003847720958884,0.0,262693.30244431045,6289.019211713468,20006900.285237513,400.03094383121226,312.11326049396854
-0.0029992584049943955,0.18333333333333332,-0.005,264.74462890334405,48.545159602789454,-0.05702971384169189,0.0,262682.79811883444,6289.019216291969,20008020.226928398,400.0359664784498,312.1152198797475
-0.0029992584049943955,0.18333333333333332,0.005,264.74462890334405,48.54514038867099,-0.05704269687566309,0.0,262682.8001124075,6289.019216302373,20008021.224199474,400.0359709538574,312.11522162564404
-0.0029992584049943955,0.18333333333333332,0.015,264.74462890334405,48.545159602789454,-0.05702971384169189,0.0,262682.79811883444,6289.019216291969,20008020.226928398,400.0359664784498,312.1152198797475
-0.0029992584049943955,0.2166666666666667,-0.005,264.7578238796791,48.251213589468676,-0.06339300061325485,0.0,262672.3409596432,6289.019221976792,20009305.81991321,400.0417319636932,312.1174690390251
-0.0029992584049943955,0.2166666666666667,0.005,264.7578238796791,48.2511906802549,-0.06340797740319255,0.0,262672.34275537694,6289.019221990506,20009306.80821378,400.0417364002399,312.11747076974916
-0.0029992584049943955,0.2166666666666667,0.015,264.7578238796791,48.251213589468676,-0.06339300061325485,0.0,262672.3409596432,6289.019221976792,20009305.81991321,400.0417319636932,312.1174690390251
-0.0029992584049943955,0.25,-0.005,264.77257999007594,47.94571175257331,-0.06961275398971559,0.0,262661.8620503677,6289.0192289636225,20010743.53228315,400.048179615787,312.11998429753845
-0.0029992584049943955,0.25,0.005,264.77257999007594,47.94568470380177,-0.06962962340846461,0.0,262661.86369660805,6289.019228981436,20010744.534455784,400.0481841162111,312.11998605316734
-0.0029992584049943955,0.25,0.015,264.77257999007594,47.94571175257331,-0.06961275398971559,0.0,262661.8620503677,6289.0192289636225,20010743.53228315,400.048179615787,312.11998429753845
-0.0029992584049943955,0.2833333333333333,-0.005,264.78885738468284,47.62773250077692,-0.0761571767877362,0.0,262651.31677596294,6289.019237473169,20012329.493828442,400.0552920794943,312.1227588785849
-0.0029992584049943955,0.2833333333333333,0.005,264.78885738468284,47.627700876363704,-0.0761759652847469,0.0,262651.3183283244,6289.019237495978,20012330.534849536,400.0552967561314,312.12276070293876
-0.0029992584049943955,0.2833333333333333,0.015,264.78885738468284,47.62773250077692,-0.0761571767877362,0.0,262651.31677596294,6289.019237473169,20012329.493828442,400.0552920794943,312.1227588785849
-0.0029992584049943955,0.3166666666666666,-0.005,264.8067512947364,47.29622594684662,-0.08347590204917524,0.0,262640.6946393162,6289.019247756289,20014072.99394911,400.06311098332566,312.1258090143527
-0.0029992584049943955,0.3166666666666666,0.005,264.8067512947364,47.296189314087044,-0.08349681821597357,0.0,262640.6961655683,6289.019247785104,20014074.102660287,400.0631159658627,312.12581095801903
-0.0029992584049943955,0.3166666666666666,0.015,264.8067512947364,47.29622594684662,-0.08347590204917524,0.0,262640.6946393162,6289.019247756289,20014072.99394911,400.06311098332566,312.1258090143527
-0.0029992584049943955,0.35,-0.005,264.8265223973614,46.94999104302758,-0.09203552869183654,0.0,262630.02718254004,6289.019260106476,20015999.437222857,400.07175016961867,312.12917910569524
-0.0029992584049943955,0.35,0.005,264.8265223973614,46.94994896476889,-0.09205902807075556,0.0,262630.0287803599,6289.019260142436,20016000.652492948,400.07175563270044,312.12918123679697
-0.0029992584049943955,0.35,0.015,264.8265223973614,46.94999104302758,-0.09203552869183654,0.0,262630.02718254004,6289.019260106476,20015999.437222857,400.07175016961867,312.12917910569524
-0.0029992584049943955,0.38333333333333336,-0.005,264.8486456852594,46.58764002341991,-0.10240171389901638,0.0,262619.4006876887,6289.019274887163,20018155.100658607,400.081416992232,312.13295002826004
-0.0029992584049943955,0.38333333333333336,0.005,264.8486456852594,46.58759204230755,-0.10242862140255625,0.0,262619.4025222712,6289.019274931564,20018156.484438498,400.08142321395036,312.1329524552702
-0.0029992584049943955,0.38333333333333336,0.015,264.8486456852594,46.58764002341991,-0.10240171389901638,0.0,262619.4006876887,6289.019274887163,20018155.100658607,400.081416992232,312.13295002826004
-0.0029992584049943955,0.4166666666666667,-0.005,264.87392210338817,46.20754189879701,-0.1153992262562118,0.0,262608.9859560291,6289.019292594289,20020618.002815545,400.0924609932513,312.1372581174174
-0.0029992584049943955,0.4166666666666667,0.005,264.87392210338817,46.207487500472915,-0.11543100672481711,0.0,262608.98833459447,6289.019292648699,20020619.66609633,400.092468471438,312.13726103451893
-0.0029992584049943955,0.4166666666666667,0.015,264.87392210338817,46.20754189879701,-0.1153992262562118,0.0,262608.9859560291,6289.019292594289,20020618.002815545,400.0924609932513,312.1372581174174
-0.0029992584049943955,0.45,-0.005,264.90373406252803,45.80772790673436,-0.13243170311284228,0.0,262599.1076206294,6289.019314009286,20023522.78476529,400.1054853448529,312.1423386334344
-0.0029992584049943955,0.45,0.005,264.90373406252803,45.8076664350478,-0.13247104184386804,0.0,262599.11113948916,6289.019314075812,20023524.938999746,400.1054950274324,312.1423424103671
-0.0029992584049943955,0.45,0.015,264.90373406252803,45.80772790673436,-0.13243170311284228,0.0,262599.1076206294,6289.019314009286,20023522.78476529,400.1054853448529,312.1423386334344
-0.0029992584049943955,0.48333333333333334,-0.005,264.940592992432,45.385724167920756,-0.15612855664333974,0.0,262590.39390090795,6289.019340598682,20027114.040921662,400.1215857137705,312.1486189225505
-0.0029992584049943955,0.48333333333333334,0.005,264.940592992432,45.3856546425551,-0.15618051206183217,0.0,262590.3997265556,6289.019340680745,20027117.09657428,400.1215994401863,312.14862427677514
-0.0029992584049943955,0.48333333333333334,0.015,264.940592992432,45.385724167920756,-0.15612855664333974,0.0,262590.39390090795,6289.019340598682,20027114.040921662,400.1215857137705,312.1486189225505
-0.0029992584049943955,0.5166666666666667,-0.005,264.9892237721799,44.938247593408754,-0.19160252459986765,0.0,262584.07430246763,6289.019375612952,20031851.980750788,400.14282345762575,312.15690296005835
-0.0029992584049943955,0.5166666666666667,0.005,264.9892237721799,44.938168354392204,-0.19167659323668096,0.0,262584.08466804243,6289.019375717414,20031856.72169311,400.14284473984725,312.15691126133464
-0.0029992584049943955,0.5166666666666667,0.015,264.9892237721799,44.938247593408754,-0.19160252459986765,0.0,262584.07430246763,6289.019375612952,20031851.980750788,400.14282345762575,312.15690296005835
-0.0029992584049943955,0.55,-0.005,265.0585073741458,44.46066641636556,-0.24868942717437734,0.0,262582.51388135087,6289.0194271995515,20038601.833803426,400.17307366024255,312.1687020359762
-0.0029992584049943955,0.55,0.005,265.0585073741458,44.46057451699131,-0.24880275297411386,0.0,262582.532855358,6289.019427342615,20038609.687654935,400.17310889297255,312.16871577822434
-0.0029992584049943955,0.55,0.015,265.0585073741458,44.46066641636556,-0.24868942717437734,0.0,262582.51388135087,6289.0194271995515,20038601.833803426,400.17307366024255,312.1687020359762
-0.0029992584049943955,0.5833333333333334,-0.005,265.16450389081217,43.94611658907562,-0.345421615067185,0.0,262590.0459296871,6289.019517095777,20048928.95743577,400.21934572524395,312.18674956826476
-0.0029992584049943955,0.5833333333333334,0.005,265.16450389081217,43.94600694235155,-0.34560296259973206,0.0,262590.08037048625,6289.019517318328,20048942.331124716,400.2194056862931,312.1867729542461
-0.0029992584049943955,0.5833333333333334,0.015,265.16450389081217,43.94611658907562,-0.345421615067185,0.0,262590.0459296871,6289.019517095777,20048928.95743577,400.21934572524395,312.18674956826476
-0.0029992584049943955,0.6166666666666668,-0.005,265.33419932598025,43.384253918424,-0.5123067824038936,0.0,262614.0075627866,6289.01970291833,20065465.65908322,400.29342209086025,312.2156394633546
-0.0029992584049943955,0.6166666666666668,0.005,265.33419932598025,43.38411847063212,-0.5125994136371358,0.0,262614.0678246223,6289.01970332018,20065488.18538728,400.29352303613126,312.21567883033964
-0.0029992584049943955,0.6166666666666668,0.015,265.33419932598025,43.384253918424,-0.5123067824038936,0.0,262614.0075627866,6289.01970291833,20065465.65908322,400.29342209086025,312.2156394633546
-0.0029992584049943955,0.65,-0.005,265.60821329883294,42.75992397066523,-0.7953430725932421,0.0,262665.4990588772,6289.020125656741,20092179.332643855,400.41304476977376,312.2622868466193
-0.0029992584049943955,0.65,0.005,265.60821329883294,42.75975167916516,-0.7958023942294746,0.0,262665.59847590345,6289.020126452669,20092215.682451792,400.41320756366207,312.26235032405515
-0.0029992584049943955,0.65,0.015,265.60821329883294,42.75992397066523,-0.7953430725932421,0.0,262665.4990588772,6289.020125656741,20092179.332643855,400.41304476977376,312.2622868466193
-0.0029992584049943955,0.6833333333333333,-0.005,266.03854863451494,42.05260089888906,-1.2532018772047187,0.0,262758.7923136551,6289.021080106247,20134161.190489296,400.60092721636437,312.3355383586109
-0.0029992584049943955,0.6833333333333333,0.005,266.03854863451494,42.052379815848816,-1.253882108125529,0.0,262758.9440799536,6289.021081663615,20134215.964496374,400.60117229835805,312.33563389983357
-0.0029992584049943955,0.6833333333333333,0.015,266.03854863451494,42.05260089888906,-1.2532018772047187,0.0,262758.7923136551,6289.021080106247,20134161.190489296,400.60092721636437,312.3355383586109
-0.0029992584049943955,0.7166666666666667,-0.005,266.6759701847923,41.238015620256895,-1.9423302541367877,0.0,262907.87476200773,6289.023045055111,20196405.551457163,400.87919609114147,312.44399813121555
-0.0029992584049943955,0.7166666666666667,0.005,266.6759701847923,41.237738201280585,-1.9432568870914895,0.0,262908.08534463955,6289.023047790074,20196480.959437404,400.87953297614814,312.444129414751
-0.0029992584049943955,0.7166666666666667,0.015,266.6759701847923,41.238015620256895,-1.9423302541367877,0.0,262907.87476200773,6289.023045055111,20196405.551457163,400.87919609114147,312.44399813121555
-0.0029992584049943955,0.75,-0.005,267.5441012508944,40.29307495624399,-2.8867991910840742,0.0,263119.2390384554,6289.026524425482,20281284.017833717,401.2579690742549,312.59157052305187
-0.0029992584049943955,0.75,0.005,267.5441012508944,40.2927457742474,-2.887934360635134,0.0,263119.49962049205,6289.026528443934,20281376.895557445,401.25838297525524,312.59173174343914
-0.0029992584049943955,0.75,0.015,267.5441012508944,40.29307495624399,-2.8867991910840742,0.0,263119.2390384554,6289.026524425482,20281284.017833717,401.2579690742549,312.59157052305187
-0.0029992584049943955,0.7833333333333333,-0.005,268.6071225339889,39.20273736909043,-4.04130282409992,0.0,263382.7011052239,6289.031627048015,20385367.222073786,401.7211789892516,312.7719454467793
-0.0029992584049943955,0.7833333333333333,0.005,268.6071225339889,39.202378741106834,-4.042526121289216,0.0,263382.9823454333,6289.031631741558,20385467.246326488,401.72162315906235,312.7721183575252
-0.0029992584049943955,0.7833333333333333,0.015,268.6071225339889,39.20273736909043,-4.04130282409992,0.0,263382.7011052239,6289.031627048015,20385367.222073786,401.7211789892516,312.7719454467793
-0.0029992584049943955,0.8166666666666667,-0.005,269.7521079767924,37.963030770015095,-5.271774702961858,0.0,263666.09716819343,6289.0377251158225,20497645.656420976,402.21910857912883,312.96572434801743
-0.0029992584049943955,0.8166666666666667,0.005,269.7521079767924,37.96267948147633,-5.272906988274263,0.0,263666.3542981991,6289.0377293165375,20497737.168559328,402.2195131915618,312.96588176196
-0.0029992584049943955,0.8166666666666667,0.015,269.7521079767924,37.963030770015095,-5.271774702961858,0.0,263666.09716819343,6289.0377251158225,20497645.656420976,402.21910857912883,312.96572434801743
-0.0029992584049943955,0.85,-0.005,270.8111995291621,36.57111841071237,-6.38120156916409,0.0,263921.1301325985,6289.043809048498,20601655.169748876,402.6787082279456,313.1444799909586
-0.0029992584049943955,0.85,0.005,270.8111995291621,36.570810740088355,-6.382075651587343,0.0,263921.3201869737,6289.0438119034625,20601723.182242136,402.6790076426364,313.14459641136807
-0.0029992584049943955,0.85,0.015,270.8111995291621,36.57111841071237,-6.38120156916409,0.0,263921.1301325985,6289.043809048498,20601655.169748876,402.6787082279456,313.1444799909586
-0.0029992584049943955,0.8833333333333332,-0.005,271.6271365002294,34.99504269226951,-7.180859416551037,0.0,264101.4895866116,6289.0494756435255,20681910.467154756,403.03259064648586,313.28204871192355
-0.0029992584049943955,0.8833333333333332,0.005,271.6271365002294,34.994795265073456,-7.181397975417126,0.0,264101.5914555712,6289.049477259859,20681947.63483548,403.0327538097083,313.2821121262784
-0.0029992584049943955,0.8833333333333332,0.015,271.6271365002294,34.99504269226951,-7.180859416551037,0.0,264101.4895866116,6289.0494756435255,20681910.467154756,403.03259064648586,313.28204871192355
-0.0029992584049943955,0.9166666666666666,-0.005,272.1262370575709,33.11592638405063,-7.560442188230109,0.0,264182.6666027049,6289.055626293075,20731130.917907383,403.2503861687135,313.36668481028164
-0.0029992584049943955,0.9166666666666666,0.005,272.1262370575709,33.11572742100323,-7.560684478593891,0.0,264182.68875671824,6289.055627367174,20731140.239625994,403.25042733574395,313.36670080577227
-0.0029992584049943955,0.9166666666666666,0.015,272.1262370575709,33.11592638405063,-7.560442188230109,0.0,264182.6666027049,6289.055626293075,20731130.917907383,403.2503861687135,313.36668481028164
-0.0029992584049943955,0.95,-0.005,272.34474690415806,30.58736853317721,-7.478969360941196,0.0,264166.55055050354,6289.065118579871,20752910.38339154,403.34987384159035,313.40533846150663
-0.0029992584049943955,0.95,0.005,272.34474690415806,30.58718788944359,-7.479025695642708,0.0,264166.52036362595,6289.065119682092,20752901.4569325,403.3498354712192,313.40532355449875
-0.0029992584049943955,0.95,0.015,272.34474690415806,30.58736853317721,-7.478969360941196,0.0,264166.55055050354,6289.065118579871,20752910.38339154,403.34987384159035,313.40533846150663
-0.0029992584049943955,0.9833333333333333,-0.005,272.38774835613094,25.967837510751377,-6.680584506879968,0.0,264053.6659532086,6289.093235208043,20758035.62709787,403.38566543878557,313.4192432988796
-0.0029992584049943955,0.9833333333333333,0.005,272.38774835613094,25.967650191097018,-6.680560001805444,0.0,264053.61142856325,6289.093236561027,20758018.099763032,403.38558972135377,313.4192138837277
-0.0029992584049943955,0.9833333333333333,0.015,272.38774835613094,25.967837510751377,-6.680584506879968,0.0,264053.6659532086,6289.093235208043,20758035.62709787,403.38566543878557,313.4192432988796
-0.0029992584049943955,1.0166666666666668,-0.005,272.38440162396194,0.00031892695538869966,-8.204835986437373e-05,0.0,264052.7334723237,6289.9837956694855,20786005.19443905,403.93415188167404,313.63225013672184
-0.0029992584049943955,1.0166666666666668,0.005,272.381054891793,-25.967837510751544,6.680584506880013,0.0,264051.8009685338,6289.093252347636,20757378.94080563,403.3828124821319,313.4181349636397
-0.0029992584049943955,1.0166666666666668,0.015,272.38440162396194,0.00031892695538869966,-8.204835986437373e-05,0.0,264052.7334723237,6289.9837956694855,20786005.19443905,403.93415188167404,313.63225013672184
-0.002273999978511002,-0.016666666666666666,-0.005,264.76080310895736,49.82421609879109,0.0,0.0,262750.32133521413,6289.019224036003,20009594.29853064,400.04302603325345,312.1179738630934
-0.002273999978511002,-0.016666666666666666,0.005,264.76080310895736,49.82421609879109,0.009793851289354803,0.0,262750.32133521413,6289.019223916117,20009594.294860955,400.0430259598871,312.1179738344728
-0.002273999978511002,-0.016666666666666666,0.015,264.76080310895736,49.82421609879109,0.0,0.0,262750.32133521413,6289.019224036003,20009594.29853064,400.04302603325345,312.1179738630934
-0.002273999978511002,0.016666666666666666,-0.005,264.7608031089573,49.82421609879109,-0.009793851289354803,0.0,262750.32133521413,6289.019223916117,20009594.294860955,400.0430259598871,312.1179738344728
-0.002273999978511002,0.016666666666666666,0.005,264.7608031089573,49.82420086851045,-0.009795740749054972,0.0,262750.3287885332,6289.019223925822,20009597.096443724,400.043038522388,312.11797873517355
-0.002273999978511002,0.016666666666666666,0.015,264.7608031089573,49.82421609879109,-0.009793851289354803,0.0,262750.32133521413,6289.019223916117,20009594.294860955,400.0430259598871,312.1179738344728
-0.002273999978511002,0.05,-0.005,264.7656483104635,49.57673246274441,-0.02673981613560948,0.0,262739.4056055063,6289.019226383179,20010066.369807847,400.04514315386473,312.1187997624072
-0.002273999978511002,0.05,0.005,264.7656483104635,49.57671638955978,-0.026745505065199775,0.0,262739.4130498946,6289.019226393277,20010069.181282032,400.0451557606591,312.118804680374
-0.002273999978511002,0.05,0.015,264.7656483104635,49.57673246274441,-0.02673981613560948,0.0,262739.4056055063,6289.019226383179,20010066.369807847,400.04514315386473,312.1187997624072
-0.002273999978511002,0.08333333333333333,-0.005,264.77372859068697,49.32073168544133,-0.04069427485871806,0.0,262729.05441885855,6289.019228566517,20010853.577781517,400.04867267527777,312.12017664146214
-0.002273999978511002,0.08333333333333333,0.005,264.77372859068697,49.32071459610868,-0.04070358082567321,0.0,262729.0619001826,6289.019228576945,20010856.41753546,400.0486854086,312.1201816087662
-0.002273999978511002,0.08333333333333333,0.015,264.77372859068697,49.32073168544133,-0.04069427485871806,0.0,262729.05441885855,6289.019228566517,20010853.577781517,400.04867267527777,312.12017664146214
-0.002273999978511002,0.11666666666666667,-0.005,264.7848158542259,49.05681267012963,-0.05207770501689513,0.0,262719.2385374113,6289.0192307801335,20011933.71034981,400.0535150052607,312.1220656420005
-0.002273999978511002,0.11666666666666667,0.005,264.7848158542259,49.05679452782175,-0.05209040777700452,0.0,262719.2461238422,6289.019230790864,20011936.602058977,400.05352797105763,312.1220706999629
-0.002273999978511002,0.11666666666666667,0.015,264.7848158542259,49.05681267012963,-0.05207770501689513,0.0,262719.2385374113,6289.0192307801335,20011933.71034981,400.0535150052607,312.1220656420005
-0.002273999978511002,0.15,-0.005,264.79862761347357,48.78444997032475,-0.0614009031165469,0.0,262709.8578291827,6289.01923306793,20013279.250934348,400.0595466763522,312.12441859038574
-0.002273999978511002,0.15,0.005,264.79862761347357,48.78443072946952,-0.06141671926341819,0.0,262709.86561236746,6289.019233078955,20013282.22642031,400.0595600170828,312.12442379457065
-0.002273999978511002,0.15,0.015,264.79862761347357,48.78444997032475,-0.0614009031165469,0.0,262709.8578291827,6289.01923306793,20013279.250934348,400.0595466763522,312.12441859038574
-0.002273999978511002,0.18333333333333332,-0.005,264.8148507969115,48.50302652355105,-0.06924887001308527,0.0,262700.79981187545,6289.019235491948,20014859.70627779,400.06663087605796,312.1271821063974
-0.002273999978511002,0.18333333333333332,0.005,264.8148507969115,48.5030061315961,-0.06926748426786238,0.0,262700.80790272425,6289.019235503281,20014862.80403437,400.0666447640759,312.1271875240298
-0.002273999978511002,0.18333333333333332,0.015,264.8148507969115,48.50302652355105,-0.06924887001308527,0.0,262700.79981187545,6289.019235491948,20014859.70627779,400.06663087605796,312.1271821063974
-0.002273999978511002,0.21666666666666667,-0.005,264.83319171593314,48.2118287074678,-0.0762318159398563,0.0,262691.95385921694,6289.019238139001,20016646.475432415,400.0746392855962,312.13030612324894
-0.002273999978511002,0.21666666666666667,0.005,264.83319171593314,48.21180710502896,-0.07625293897593781,0.0,262691.9623782678,6289.0192381506895,20016649.737326723,400.0746539083556,312.1303118274425
-0.002273999978511002,0.21666666666666667,0.015,264.83319171593314,48.2118287074678,-0.0762318159398563,0.0,262691.95385921694,6289.019238139001,20016646.475432415,400.0746392855962,312.13030612324894
-0.002273999978511002,0.25,-0.005,264.8534324369254,47.910036689844134,-0.08293388984233362,0.0,262683.22702342516,6289.019241120572,20018618.341536645,400.0834766961524,312.13375349051313
-0.002273999978511002,0.25,0.005,264.8534324369254,47.91001380734696,-0.0829573251034419,0.0,262683.2360906565,6289.019241132701,20018621.809377585,400.08349224082247,312.13375955426784
-0.002273999978511002,0.25,0.015,264.8534324369254,47.910036689844134,-0.08293388984233362,0.0,262683.22702342516,6289.019241120572,20018618.341536645,400.0834766961524,312.13375349051313
-0.002273999978511002,0.2833333333333333,-0.005,264.87547593904895,47.59671418601899,-0.08988368017907583,0.0,262674.5566589289,6289.019244574809,20020765.869943716,400.0931007114933,312.1375076595079
-0.002273999978511002,0.2833333333333333,0.005,264.87547593904895,47.596689938203056,-0.08990938151909614,0.0,262674.5663890795,6289.019244587518,20020769.5839629,400.09311735814447,312.13751415305165
-0.002273999978511002,0.2833333333333333,0.015,264.87547593904895,47.59671418601899,-0.08988368017907583,0.0,262674.5566589289,6289.019244574809,20020765.869943716,400.0931007114933,312.1375076595079
-0.002273999978511002,0.31666666666666665,-0.005,264.8993744251514,47.27079402029392,-0.09755977424257706,0.0,262665.9180816802,6289.019248673865,20023094.16460394,400.10353408316473,312.1415774939955
-0.002273999978511002,0.31666666666666665,0.005,264.8993744251514,47.27076829982887,-0.09758789178412108,0.0,262665.9285893406,6289.019248687362,20023098.165282927,400.10355201294885,312.141584487974
-0.002273999978511002,0.31666666666666665,0.015,264.8993744251514,47.27079402029392,-0.09755977424257706,0.0,262665.9180816802,6289.019248673865,20023094.16460394,400.10353408316473,312.1415774939955
-0.002273999978511002,0.35,-0.005,264.9253511462426,46.93105578014947,-0.10643450297451204,0.0,262657.33006720827,6289.01925363981,20025624.99245738,400.11487420584865,312.1460009724214
-0.002273999978511002,0.35,0.005,264.9253511462426,46.931028449594436,-0.10646543765510463,0.0,262657.34148479765,6289.019253654398,20025629.32677582,400.1148936289797,312.1460085488114
-0.002273999978511002,0.35,0.015,264.9253511462426,46.93105578014947,-0.10643450297451204,0.0,262657.33006720827,6289.01925363981,20025624.99245738,400.11487420584865,312.1460009724214
-0.002273999978511002,0.38333333333333336,-0.005,264.95384094391017,46.57609125300755,-0.11706196363055164,0.0,262648.86520819,6289.019259776153,20028400.73081747,400.1273107721239,312.1508520720851
-0.002273999978511002,0.38333333333333336,0.005,264.95384094391017,46.576062130326896,-0.11709647837493281,0.0,262648.87772305193,6289.019259792282,20028405.46512364,400.12733198550893,312.15086034667166
-0.002273999978511002,0.38333333333333336,0.015,264.95384094391017,46.57609125300755,-0.11706196363055164,0.0,262648.86520819,6289.019259776153,20028400.73081747,400.1273107721239,312.1508520720851
-0.002273999978511002,0.4166666666666667,-0.005,264.985593162092,46.204250216334614,-0.13023969351261447,0.0,262640.67728770396,6289.019267534061,20031494.389027677,400.1411706247835,312.1562582606114
-0.002273999978511002,0.4166666666666667,0.005,264.985593162092,46.20421904236126,-0.13027916942491255,0.0,262640.691214407,6289.019267552443,20031499.634197775,400.1411941246666,312.1562674269207
-0.002273999978511002,0.4166666666666667,0.015,264.985593162092,46.204250216334614,-0.13023969351261447,0.0,262640.67728770396,6289.019267534061,20031494.389027677,400.1411706247835,312.1562582606114
-0.002273999978511002,0.45000000000000007,-0.005,265.0219151469756,45.8135510943601,-0.14732309782937902,0.0,262633.0673572696,6289.019277666544,20035033.32400433,400.15702391742076,312.16244189761136
-0.002273999978511002,0.45000000000000007,0.005,265.0219151469756,45.81351745814093,-0.14737009126373796,0.0,262633.08327932213,6289.019277688449,20035039.284923226,400.1570506208897,312.1624523132975
-0.002273999978511002,0.45000000000000007,0.015,265.0219151469756,45.8135510943601,-0.14732309782937902,0.0,262633.0673572696,6289.019277666544,20035033.32400433,400.15702391742076,312.16244189761136
-0.002273999978511002,0.48333333333333334,-0.005,265.0651983552839,45.40152502517664,-0.1708549263315575,0.0,262626.6277932502,6289.019291619568,20039250.49178108,400.1759135322346,312.169809703682
-0.002273999978511002,0.48333333333333334,0.005,265.0651983552839,45.40148820444903,-0.17091427763625883,0.0,262626.64683289797,6289.019291647581,20039257.561775375,400.1759451998885,312.1698220553566
-0.002273999978511002,0.48333333333333334,0.015,265.0651983552839,45.40152502517664,-0.1708549263315575,0.0,262626.6277932502,6289.019291619568,20039250.49178108,400.1759135322346,312.169809703682
-0.002273999978511002,0.5166666666666667,-0.005,265.119960614588,44.964936725965195,-0.20578368672575922,0.0,262622.528872358,6289.019312588369,20044586.019201,400.1998096824392,312.17913003638
-0.002273999978511002,0.5166666666666667,0.005,265.119960614588,44.96489538062414,-0.20586450359639144,0.0,262622.55316536647,6289.019312628435,20044594.946472194,400.1998496631144,312.1791456300057
-0.002273999978511002,0.5166666666666667,0.015,265.119960614588,44.964936725965195,-0.20578368672575922,0.0,262622.528872358,6289.019312588369,20044586.019201,400.1998096824392,312.17913003638
-0.002273999978511002,0.55,-0.005,265.194708770854,44.49929765413162,-0.261628438401705,0.0,262623.0320809813,6289.019348472948,20051868.843464773,400.2324226546014,312.1918497848919
-0.002273999978511002,0.55,0.005,265.194708770854,44.49924931639042,-0.26174716785297086,0.0,262623.06550800474,6289.01934853993,20051880.987578057,400.2324770324752,312.1918709929793
-0.002273999978511002,0.55,0.015,265.194708770854,44.49929765413162,-0.261628438401705,0.0,262623.0320809813,6289.019348472948,20051868.843464773,400.2324226546014,312.1918497848919
-0.002273999978511002,0.5833333333333334,-0.005,265.30482532116844,43.99808611285522,-0.3558296387654101,0.0,262632.28742658946,6289.019420061232,20062598.55718684,400.28046319561315,312.2105856674525
-0.002273999978511002,0.5833333333333334,0.005,265.30482532116844,43.99802650961312,-0.35601384789223695,0.0,262632.3365131065,6289.019420193194,20062616.204062562,400.28054219697225,312.21061647717426
-0.002273999978511002,0.5833333333333334,0.015,265.30482532116844,43.99808611285522,-0.3558296387654101,0.0,262632.28742658946,6289.019420061232,20062598.55718684,400.28046319561315,312.2105856674525
-0.002273999978511002,0.6166666666666667,-0.005,265.47612129625765,43.451684849224606,-0.5178708395777486,0.0,262657.3196425054,6289.019581898737,20079293.307698525,400.35519561085675,312.23972918599117
-0.002273999978511002,0.6166666666666667,0.005,265.47612129625765,43.45160735425104,-0.5181619069583392,0.0,262657.39420583646,6289.019582188568,20079319.893041193,400.35531459441097,312.2397755840277
-0.002273999978511002,0.6166666666666667,0.015,265.47612129625765,43.451684849224606,-0.5178708395777486,0.0,262657.3196425054,6289.019581898737,20079293.307698525,400.35519561085675,312.23972918599117
-0.002273999978511002,0.65,-0.005,265.7473508603819,42.84633731511495,-0.7921861180115132,0.0,262708.7407284933,6289.0199666587505,20105738.897567865,400.47353928911997,312.2858742943446
-0.002273999978511002,0.65,0.005,265.7473508603819,42.84623328581984,-0.7926368858442657,0.0,262708.85334142164,6289.019967305608,20105778.80854063,400.4737178306086,312.2859439069072
-0.002273999978511002,0.65,0.015,265.7473508603819,42.84633731511495,-0.7921861180115132,0.0,262708.7407284933,6289.0199666587505,20105738.897567865,400.47353928911997,312.2858742943446
-0.002273999978511002,0.6833333333333333,-0.005,266.1679455819202,42.16393722832463,-1.2354941758634685,0.0,262800.1628331479,6289.020851227488,20146775.423844114,400.65707566048235,312.35742615126065
-0.002273999978511002,0.6833333333333333,0.005,266.1679455819202,42.16379839923221,-1.236156134527151,0.0,262800.32580549415,6289.020852571101,20146832.922389813,400.6573326701658,312.3575263352773
-0.002273999978511002,0.6833333333333333,0.015,266.1679455819202,42.16393722832463,-1.2354941758634685,0.0,262800.1628331479,6289.020851227488,20146775.423844114,400.65707566048235,312.35742615126065
-0.002273999978511002,0.7166666666666667,-0.005,266.7858687584726,41.383914295319464,-1.9026356731259864,0.0,262944.88351081527,6289.022687303333,20207121.96473574,400.926706770096,312.46251242034685
-0.002273999978511002,0.7166666666666667,0.005,266.7858687584726,41.38373807125038,-1.903532758369834,0.0,262945.10262165515,6289.022689729689,20207198.975275386,400.927050499031,312.4626463630124
-0.002273999978511002,0.7166666666666667,0.015,266.7858687584726,41.383914295319464,-1.9026356731259864,0.0,262944.88351081527,6289.022687303333,20207121.96473574,400.926706770096,312.46251242034685
-0.002273999978511002,0.75,-0.005,267.6229759457949,40.488013500452006,-2.8179621231737833,0.0,263149.0352018703,6289.025961528695,20288973.55462044,401.29180532496304,312.60474995448754
-0.002273999978511002,0.75,0.005,267.6229759457949,40.487810003174495,-2.819058091769945,0.0,263149.3016851454,6289.0259651455945,20289066.87032863,401.29222085571087,312.60491180286095
-0.002273999978511002,0.75,0.015,267.6229759457949,40.488013500452006,-2.8179621231737833,0.0,263149.0352018703,6289.025961528695,20288973.55462044,401.29180532496304,312.60474995448754
-0.002273999978511002,0.7833333333333333,-0.005,268.6446399252974,39.4663205525289,-3.9403205364904093,0.0,263402.9419292543,6289.030818481822,20389012.586628556,401.73689853473985,312.778064846234
-0.002273999978511002,0.7833333333333333,0.005,268.6446399252974,39.46611686533238,-3.94150138704885,0.0,263403.2277699904,6289.0308227554515,20389112.279196117,401.7373409774521,312.77823708126857
-0.002273999978511002,0.7833333333333333,0.015,268.6446399252974,39.4663205525289,-3.9403205364904093,0.0,263402.9419292543,6289.030818481822,20389012.586628556,401.73689853473985,312.778064846234
-0.002273999978511002,0.8166666666666667,-0.005,269.7436926132663,38.31871928117844,-5.144804304664373,0.0,263676.23971191136,6289.036749353668,20496791.016419526,402.2148827591715,312.96408029350897
-0.002273999978511002,0.8166666666666667,0.005,269.7436926132663,38.318554589584934,-5.145901586887129,0.0,263676.5028046653,6289.036753245358,20496882.30245284,402.21528624185424,312.96423726874843
-0.002273999978511002,0.8166666666666667,0.015,269.7436926132663,38.31871928117844,-5.144804304664373,0.0,263676.23971191136,6289.036749353668,20496791.016419526,402.2148827591715,312.96408029350897
-0.002273999978511002,0.8499999999999999,-0.005,270.7623201156492,37.0433387914211,-6.247246244983949,0.0,263923.5640957471,6289.042898304237,20596832.49837857,402.6571367361381,313.13609230629174
-0.002273999978511002,0.8499999999999999,0.005,270.7623201156492,37.043248687419904,-6.24810434972042,0.0,263923.7647238037,6289.04290104417,20596901.515099276,402.65744055120604,313.1362104408491
-0.002273999978511002,0.8499999999999999,0.015,270.7623201156492,37.0433387914211,-6.247246244983949,0.0,263923.5640957471,6289.042898304237,20596832.49837857,402.6571367361381,313.13609230629174
-0.002273999978511002,0.8833333333333333,-0.005,271.55461788110335,35.6056501121178,-7.071439414652571,0.0,264101.70848131954,6289.048937205793,20674773.149572454,403.00114512211644,313.2698269826032
-0.002273999978511002,0.8833333333333333,0.005,271.55461788110335,35.60564829636504,-7.07198879736398,0.0,264101.82807147055,6289.048938858877,20674813.491962183,403.0013222206259,313.2698958156748
-0.002273999978511002,0.8833333333333333,0.015,271.55461788110335,35.6056501121178,-7.071439414652571,0.0,264101.70848131954,6289.048937205793,20674773.149572454,403.00114512211644,313.2698269826032
-0.002273999978511002,0.9166666666666666,-0.005,272.0551048887007,33.88152879651527,-7.514655690538169,0.0,264188.0714897892,6289.055713151953,20724143.123077855,403.2199492283991,313.35485828339625
-0.002273999978511002,0.9166666666666666,0.005,272.0551048887007,33.881600341220334,-7.514936646286778,0.0,264188.1193015412,6289.055714296518,20724158.173636146,403.2200154303571,313.3548840072033
-0.002273999978511002,0.9166666666666666,0.015,272.0551048887007,33.88152879651527,-7.514655690538169,0.0,264188.0714897892,6289.055713151953,20724143.123077855,403.2199492283991,313.35485828339625
-0.002273999978511002,0.95,-0.005,272.30184380249204,31.5178849114401,-7.536371212676815,0.0,264184.1936288328,6289.06597351109,20748715.507214554,403.3320020191757,313.3983951264993
-0.002273999978511002,0.95,0.005,272.30184380249204,31.51799784713026,-7.5364890619948435,0.0,264184.1959073828,6289.0659746353,20748714.622392252,403.33199870097843,313.39839383734085
-0.002273999978511002,0.95,0.015,272.30184380249204,31.5178849114401,-7.536371212676815,0.0,264184.1936288328,6289.06597351109,20748715.507214554,403.3320020191757,313.3983951264993
-0.002273999978511002,0.9833333333333333,-0.005,272.39529760773195,27.056486314655206,-6.8737338772718175,0.0,264086.66539631016,6289.095078600697,20758826.025194865,403.3899915749901,313.42092393705855
-0.002273999978511002,0.9833333333333333,0.005,272.39529760773195,27.056613066397112,-6.873785885273808,0.0,264086.6473735045,6289.095079972442,20758818.216674607,403.38995821155095,313.4209109759039
-0.002273999978511002,0.9833333333333333,0.015,272.39529760773195,27.056486314655206,-6.8737338772718175,0.0,264086.66539631016,6289.095078600697,20758826.025194865,403.3899915749901,313.42092393705855
-0.002273999978511002,1.0166666666666666,-0.005,272.39845373781895,-0.00031353845842584305,7.965483390677165e-05,0.0,264087.4332520084,6290.060017825343,20789801.586725403,403.9872338016901,313.65285702899615
-0.002273999978511002,1.0166666666666666,0.005,272.40160986790596,-27.05648631465503,6.873733877271771,0.0,264088.2010899106,6289.094507039447,20759428.045516238,403.39234079926774,313.4218365712178
-0.002273999978511002,1.0166666666666666,0.015,272.39845373781895,-0.00031353845842584305,7.965483390677165e-05,0.0,264087.4332520084,6290.060017825343,20789801.586725403,403.9872338016901,313.65285702899615
-0.0015487415520276087,-0.016666666666666666,-0.005,264.614274271202,49.17010867908314,0.0,0.0,262716.9928443402,6289.121413925124,19998448.983781733,400.04156966768323,312.1174057263492
-0.0015487415520276087,-0.016666666666666666,0.005,264.61427427120196,49.17010867908314,0.010118415749040228,0.0,262716.9928443402,6289.12141379716,19998448.979866963,400.0415695893736,312.1174056958002
-0.0015487415520276087,-0.016666666666666666,0.015,264.614274271202,49.17010867908314,0.0,0.0,262716.9928443402,6289.121413925124,19998448.983781733,400.04156966768323,312.1174057263492
-0.0015487415520276087,0.016666666666666666,-0.005,264.614274271202,49.17010867908314,-0.010118415749040228,0.0,262716.9928443402,6289.12141379716,19998448.979866963,400.0415695893736,312.1174056958002
-0.0015487415520276087,0.016666666666666666,0.005,264.614274271202,49.1700227206,-0.010120432069145365,0.0,262716.9966809946,6289.121428279049,19998450.197127182,400.0415819240659,312.1174105076403
-0.0015487415520276087,0.016666666666666666,0.015,264.614274271202,49.17010867908314,-0.010118415749040228,0.0,262716.9928443402,6289.12141379716,19998448.979866963,400.0415695893736,312.1174056958002
-0.0015487415520276087,0.05,-0.005,264.61969379796807,48.94509785032438,-0.027667878291444074,0.0,262707.1368303967,6289.120499847643,19998948.948613275,400.0433779756047,312.11811115771206
-0.0015487415520276087,0.05,0.005,264.61969379796807,48.94501657674189,-0.02767390141968565,0.0,262707.1409217154,6289.120514142373,19998950.187707655,400.04339031928265,312.11811597304666
-0.0015487415520276087,0.05,0.015,264.61969379796807,48.94509785032438,-0.027667878291444074,0.0,262707.1368303967,6289.120499847643,19998948.948613275,400.0433779756047,312.11811115771206
-0.0015487415520276087,0.08333333333333333,-0.005,264.6284659127583,48.7110509473388,-0.04199012645073692,0.0,262697.84598197334,6289.119578832752,19999775.282161117,400.0466466071202,312.11938626569656
-0.0015487415520276087,0.08333333333333333,0.005,264.6284659127583,48.71097396940813,-0.04199994262379429,0.0,262697.8503789072,6289.119592940575,19999776.567370888,400.04665906874544,312.11939112702316
-0.0015487415520276087,0.08333333333333333,0.015,264.6284659127583,48.7110509473388,-0.04199012645073692,0.0,262697.84598197334,6289.119578832752,19999775.282161117,400.0466466071202,312.11938626569656
-0.0015487415520276087,0.11666666666666667,-0.005,264.64033265499336,48.468566939678105,-0.05355925510761502,0.0,262689.0827168755,6289.1186530413925,20000902.921854444,400.05126405030603,312.12118754235627
-0.0015487415520276087,0.11666666666666667,0.005,264.64033265499336,48.46849403488726,-0.05357260585877046,0.0,262689.0874971348,6289.118666963395,20000904.2837235,400.0512767673038,312.12119250327595
-0.0015487415520276087,0.11666666666666667,0.015,264.64033265499336,48.468566939678105,-0.05355925510761502,0.0,262689.0827168755,6289.1186530413925,20000902.921854444,400.05126405030603,312.12118754235627
-0.0015487415520276087,0.15,-0.005,264.6549861762751,48.217167898851876,-0.06293169772649654,0.0,262680.74173132924,6289.117721697268,20002301.85537948,400.05709517303444,312.12346226372597
-0.0015487415520276087,0.15,0.005,264.6549861762751,48.21709887609939,-0.06294826716148913,0.0,262680.7469977683,6289.117735434488,20002303.332502943,400.0571083188866,312.123467391905
-0.0015487415520276087,0.15,0.015,264.6549861762751,48.217167898851876,-0.06293169772649654,0.0,262680.74173132924,6289.117721697268,20002301.85537948,400.05709517303444,312.12346226372597
-0.0015487415520276087,0.18333333333333332,-0.005,264.6720936322269,47.956278609263826,-0.07073003569099857,0.0,262672.70662293857,6289.11678390421,20003939.633908268,400.06399384948907,312.1261534164681
-0.0015487415520276087,0.18333333333333332,0.005,264.6720936322269,47.956213301910644,-0.07074948090680712,0.0,262672.71249900176,6289.116797457615,20003941.2715023,400.06400762729197,312.126158791124
-0.0015487415520276087,0.18333333333333332,0.015,264.6720936322269,47.956278609263826,-0.07073003569099857,0.0,262672.70662293857,6289.11678390421,20003939.633908268,400.06399384948907,312.1261534164681
-0.0015487415520276087,0.21666666666666667,-0.005,264.6913457548657,47.685229281503844,-0.07759140358250292,0.0,262664.8640746701,6289.11583866641,20005786.105697438,400.0718242107116,312.12920798849495
-0.0015487415520276087,0.21666666666666667,0.005,264.6913457548657,47.68516754146028,-0.07761341150528651,0.0,262664.870694224,6289.115852036875,20005787.952232886,400.0718388380588,312.1292136944982
-0.0015487415520276087,0.21666666666666667,0.015,264.6913457548657,47.685229281503844,-0.07759140358250292,0.0,262664.8640746701,6289.11583866641,20005786.105697438,400.0718242107116,312.12920798849495
-0.0015487415520276087,0.25,-0.005,264.71251116784356,47.403250323775815,-0.08411508289261287,0.0,262657.1192937627,6289.114884878368,20007818.70717996,400.08048436956324,312.1325862242665
-0.0015487415520276087,0.25,0.005,264.71251116784356,47.40319201508446,-0.0841394350201704,0.0,262657.12679031276,6289.114898066672,20007820.810810577,400.0805000625159,312.1325923458871
-0.0015487415520276087,0.25,0.015,264.71251116784356,47.403250323775815,-0.08411508289261287,0.0,262657.1192937627,6289.114884878368,20007818.70717996,400.08048436956324,312.1325862242665
-0.0015487415520276087,0.2833333333333333,-0.005,264.735478669441,47.10946365975286,-0.09083312334163851,0.0,262649.40786949696,6289.113921307895,20010026.580446303,400.0899248662558,312.13626881986954
-0.0015487415520276087,0.2833333333333333,0.005,264.735478669441,47.10940865250323,-0.09085974979148254,0.0,262649.41637076775,6289.11393431471,20010028.987259086,400.08994183148644,312.1362754377115
-0.0015487415520276087,0.2833333333333333,0.015,264.735478669441,47.10946365975286,-0.09083312334163851,0.0,262649.40786949696,6289.113921307895,20010026.580446303,400.0899248662558,312.13626881986954
-0.0015487415520276087,0.31666666666666665,-0.005,264.7602818196663,46.80286836601246,-0.09821624914976307,0.0,262641.702345554,6289.112946575497,20012412.96603343,400.1001593666254,312.140261095269
-0.0015487415520276087,0.31666666666666665,0.005,264.7602818196663,46.802816531086954,-0.09824526900327699,0.0,262641.71197742294,6289.11295940139,20012415.72147431,400.1001778077994,312.1402682887588
-0.0015487415520276087,0.31666666666666665,0.015,264.7602818196663,46.80286836601246,-0.09821624914976307,0.0,262641.702345554,6289.112946575497,20012412.96603343,400.1001593666254,312.140261095269
-0.0015487415520276087,0.35,-0.005,264.78711574110565,46.48231838212896,-0.10671663300388991,0.0,262634.0162548759,6289.111959133435,20014996.836915098,400.1112719472524,312.144595834524
-0.0015487415520276087,0.35,0.005,264.78711574110565,46.48226958569223,-0.10674840000827836,0.0,262634.0271572315,6289.111971778868,20014999.99128604,400.1112920896519,312.1446036915147
-0.0015487415520276087,0.35,0.015,264.78711574110565,46.48231838212896,-0.10671663300388991,0.0,262634.0162548759,6289.111959133435,20014996.836915098,400.1112719472524,312.144595834524
-0.0015487415520276087,0.38333333333333336,-0.005,264.816369695067,46.14648945105575,-0.11685126409409133,0.0,262626.4122402407,6289.110957249717,20017816.06867711,400.1234312554744,312.1493388070185
-0.0015487415520276087,0.38333333333333336,0.005,264.816369695067,46.14644354486468,-0.11688646165723547,0.0,262626.4245999003,6289.110969715077,20017819.688516684,400.1234533969781,312.149347443673
-0.0015487415520276087,0.38333333333333336,0.015,264.816369695067,46.14648945105575,-0.11685126409409133,0.0,262626.4122402407,6289.110957249717,20017816.06867711,400.1234312554744,312.1493388070185
-0.0015487415520276087,0.4166666666666667,-0.005,264.8487149468816,45.79382981904595,-0.12935074518963763,0.0,262619.02532784187,6289.109939011963,20020935.994122934,400.13692878613034,312.1546036945626
-0.0015487415520276087,0.4166666666666667,0.005,264.8487149468816,45.79378661787708,-0.12939060979979244,0.0,262619.0394423273,6289.10995129764,20020940.18430972,400.13695339621836,312.1546132939667
-0.0015487415520276087,0.4166666666666667,0.015,264.8487149468816,45.79382981904595,-0.12935074518963763,0.0,262619.02532784187,6289.109939011963,20020935.994122934,400.13692878613034,312.1546036945626
-0.0015487415520276087,0.45,-0.005,264.88531700105733,45.422482993607545,-0.1454431188718074,0.0,262612.120607692,6289.108902393934,20024470.07155812,400.1522714138508,312.16058817840144
-0.0015487415520276087,0.45,0.005,264.88531700105733,45.422442223047504,-0.14548992917948336,0.0,262612.13700944977,6289.108914500549,20024475.018475633,400.15229932693035,312.16059906596075
-0.0015487415520276087,0.45,0.015,264.88531700105733,45.422482993607545,-0.1454431188718074,0.0,262612.120607692,6289.108902393934,20024470.07155812,400.1522714138508,312.16058817840144
-0.0015487415520276087,0.48333333333333334,-0.005,264.9282959714024,45.03015942262106,-0.16741634473136568,0.0,262606.2197519543,6289.107845507579,20028624.729177263,400.1703821909175,312.1676522478297
-0.0015487415520276087,0.48333333333333334,0.005,264.9282959714024,45.03012060921287,-0.1674743949377832,0.0,262606.2394436262,6289.107857436606,20028630.78259545,400.17041497299715,312.1676650342641
-0.0015487415520276087,0.48333333333333334,0.015,264.9282959714024,45.03015942262106,-0.16741634473136568,0.0,262606.2197519543,6289.107845507579,20028624.729177263,400.1703821909175,312.1676522478297
-0.0015487415520276087,0.5166666666666667,-0.005,264.9816369352558,44.6139174553739,-0.19970166126791392,0.0,262602.35257650266,6289.106767393558,20033788.076423794,400.19299754500355,312.17647309335223
-0.0015487415520276087,0.5166666666666667,0.005,264.9816369352558,44.61387972353956,-0.19977899772298316,0.0,262602.3774426879,6289.106779149011,20033795.89285289,400.1930381354946,312.17648892495856
-0.0015487415520276087,0.5166666666666667,0.015,264.9816369352558,44.6139174553739,-0.19970166126791392,0.0,262602.35257650266,6289.106767393558,20033788.076423794,400.19299754500355,312.17647309335223
-0.0015487415520276087,0.55,-0.005,265.05281025950063,44.16980003760793,-0.25079422087186837,0.0,262602.50640826434,6289.1056703591685,20040687.899890643,400.22337454877686,312.18832088430867
-0.0015487415520276087,0.55,0.005,265.05281025950063,44.169761796813965,-0.2509053221805898,0.0,262602.5398453929,6289.105681952176,20040698.661556244,400.2234282404035,312.1883418249874
-0.0015487415520276087,0.55,0.015,265.05281025950063,44.16980003760793,-0.25079422087186837,0.0,262602.50640826434,6289.1056703591685,20040687.899890643,400.22337454877686,312.18832088430867
-0.0015487415520276087,0.5833333333333334,-0.005,265.15526958026834,43.69228822431896,-0.336227582208049,0.0,262610.32169912674,6289.104566563044,20050635.52457466,400.26738204638986,312.205484111165
-0.0015487415520276087,0.5833333333333334,0.005,265.15526958026834,43.69224682182423,-0.3363966453404556,0.0,262610.3693820113,6289.104578023425,20050651.204392225,400.2674576694773,312.2055136038773
-0.0015487415520276087,0.5833333333333334,0.015,265.15526958026834,43.69228822431896,-0.336227582208049,0.0,262610.32169912674,6289.104566563044,20050635.52457466,400.26738204638986,312.205484111165
-0.0015487415520276087,0.6166666666666667,-0.005,265.311505711349,43.17362899646522,-0.48225741894331564,0.0,262631.9495708734,6289.103494907613,20065824.75511875,400.3348363090843,312.23178990636944
-0.0015487415520276087,0.6166666666666667,0.005,265.311505711349,43.173580628876216,-0.4825206936880108,0.0,262632.0199869515,6289.103506309416,20065848.296138354,400.33494702808724,312.23183308271445
-0.0015487415520276087,0.6166666666666667,0.015,265.311505711349,43.17362899646522,-0.48225741894331564,0.0,262631.9495708734,6289.103494907613,20065824.75511875,400.3348363090843,312.23178990636944
-0.0015487415520276087,0.65,-0.005,265.5551804606348,42.60333515135028,-0.728567575748571,0.0,262676.6711522482,6289.102557360307,20089543.050676502,400.44043711021675,312.27296762824875
-0.0015487415520276087,0.65,0.005,265.5551804606348,42.60327565381992,-0.7289713633049345,0.0,262676.7751050381,6289.102568863877,20089578.17741195,400.4405995592297,312.27303096904245
-0.0015487415520276087,0.65,0.015,265.5551804606348,42.60333515135028,-0.728567575748571,0.0,262676.6711522482,6289.102557360307,20089543.050676502,400.44043711021675,312.27296762824875
-0.0015487415520276087,0.6833333333333333,-0.005,265.92914553302205,41.96851763179727,-1.1262875638689138,0.0,262756.40068354073,6289.101975350571,20125984.405265827,400.6029032693076,312.33630868982686
-0.0015487415520276087,0.6833333333333333,0.005,265.92914553302205,41.96844495199954,-1.1268772749353477,0.0,262756.5486733233,6289.101987234642,20126034.685361996,400.60313330621744,312.3363983657484
-0.0015487415520276087,0.6833333333333333,0.015,265.92914553302205,41.96851763179727,-1.1262875638689138,0.0,262756.40068354073,6289.101975350571,20125984.405265827,400.6029032693076,312.33630868982686
-0.0015487415520276087,0.7166666666666667,-0.005,266.4750471796387,41.25590287420728,-1.726263481248642,0.0,262882.8625480038,6289.1021262694,20179243.102163,400.84041135151824,312.4288834129291
-0.0015487415520276087,0.7166666666666667,0.005,266.4750471796387,41.25582151028206,-1.727061313527861,0.0,262883.05942034686,6289.102138870285,20179310.058897663,400.84071554420325,312.4290019620576
-0.0015487415520276087,0.7166666666666667,0.015,266.4750471796387,41.25590287420728,-1.726263481248642,0.0,262882.8625480038,6289.1021262694,20179243.102163,400.84041135151824,312.4288834129291
-0.0015487415520276087,0.75,-0.005,267.2123721507794,40.455716021962466,-2.5549546160007166,0.0,263061.7665241509,6289.103459278856,20251271.04885026,401.16138668655697,312.55394802141046
-0.0015487415520276087,0.75,0.005,267.2123721507794,40.4556418787913,-2.5559317241672526,0.0,263062.004708568,6289.103472755275,20251351.816685498,401.16175181750486,312.55409026228546
-0.0015487415520276087,0.75,0.015,267.2123721507794,40.455716021962466,-2.5549546160007166,0.0,263061.7665241509,6289.103459278856,20251271.04885026,401.16138668655697,312.55394802141046
-0.0015487415520276087,0.7833333333333333,-0.005,268.1126780752332,39.56537366861297,-3.5844342583941406,0.0,263285.44291484286,6289.106228059767,20339345.671673022,401.55321525677437,312.70655203643133
-0.0015487415520276087,0.7833333333333333,0.005,268.1126780752332,39.56533522851365,-3.5854953939586194,0.0,263285.69852218655,6289.106242107336,20339431.70726184,401.55360277882966,312.70670292634065
-0.0015487415520276087,0.7833333333333333,0.015,268.1126780752332,39.56537366861297,-3.5844342583941406,0.0,263285.44291484286,6289.106228059767,20339345.671673022,401.55321525677437,312.70655203643133
-0.0015487415520276087,0.8166666666666667,-0.005,269.08585753707115,38.587735172714744,-4.715650922407348,0.0,263528.57148611476,6289.110237614264,20434691.011605076,401.97639973407536,312.8712845137351
-0.0015487415520276087,0.8166666666666667,0.005,269.08585753707115,38.58776643262785,-4.716653283882924,0.0,263528.8087170299,6289.110251515195,20434769.733758345,401.9767535607837,312.87142221111293
-0.0015487415520276087,0.8166666666666667,0.015,269.08585753707115,38.587735172714744,-4.715650922407348,0.0,263528.57148611476,6289.110237614264,20434691.011605076,401.97639973407536,312.8712845137351
-0.0015487415520276087,0.85,-0.005,269.9982990956095,37.51722155645169,-5.796910492244299,0.0,263752.6927986677,6289.115006048,20524221.014898237,402.37287004866846,313.0255393474584
-0.0015487415520276087,0.85,0.005,269.9982990956095,37.517347012883484,-5.79771984404464,0.0,263752.8778314329,6289.115019187979,20524280.712789565,402.3731387243031,313.02564385540074
-0.0015487415520276087,0.85,0.015,269.9982990956095,37.51722155645169,-5.796910492244299,0.0,263752.6927986677,6289.115006048,20524221.014898237,402.37287004866846,313.0255393474584
-0.0015487415520276087,0.8833333333333333,-0.005,270.7253894390739,36.30946185231333,-6.678442352630202,0.0,263920.3477881855,6289.1203612596555,20595685.76009181,402.68912820936765,313.14853153191285
-0.0015487415520276087,0.8833333333333333,0.005,270.7253894390739,36.3096823322647,-6.6789950973891505,0.0,263920.46459598624,6289.1203735514655,20595721.099975348,402.6892890021653,313.14859405163327
-0.0015487415520276087,0.8833333333333333,0.015,270.7253894390739,36.30946185231333,-6.678442352630202,0.0,263920.3477881855,6289.1203612596555,20595685.76009181,402.68912820936765,313.14853153191285
-0.0015487415520276087,0.9166666666666666,-0.005,271.2094355922077,34.827948436214285,-7.266094991272843,0.0,264010.4041858806,6289.1269602985885,20643394.33543624,402.90123487255266,313.2309923451798
-0.0015487415520276087,0.9166666666666666,0.005,271.2094355922077,34.82823967535659,-7.2664194367595,0.0,264010.46025108115,6289.12697200888,20643408.285472322,402.90130151509595,313.2310182504232
-0.0015487415520276087,0.9166666666666666,0.015,271.2094355922077,34.827948436214285,-7.266094991272843,0.0,264010.4041858806,6289.1269602985885,20643394.33543624,402.90123487255266,313.2309923451798
-0.0015487415520276087,0.95,-0.005,271.47974690454373,32.7079373618899,-7.50720864808235,0.0,264020.5080862155,6289.136974247632,20670249.412146956,403.02347901285117,313.2785074010568
-0.0015487415520276087,0.95,0.005,271.47974690454373,32.70826445174264,-7.507388259276696,0.0,264020.52526184416,6289.136985567462,20670249.968353547,403.0234868585402,313.27851045036516
-0.0015487415520276087,0.95,0.015,271.47974690454373,32.7079373618899,-7.50720864808235,0.0,264020.5080862155,6289.136974247632,20670249.412146956,403.02347901285117,313.2785074010568
-0.0015487415520276087,0.9833333333333333,-0.005,271.6195652826154,28.46504698198839,-7.108630440551794,0.0,263937.82976944797,6289.163734801186,20684825.170258332,403.0999810914765,313.3082393162306
-0.0015487415520276087,0.9833333333333333,0.005,271.6195652826154,28.465383190290613,-7.108742239231548,0.0,263937.8286933902,6289.163745596731,20684819.98254516,403.0999635895661,313.3082325145771
-0.0015487415520276087,0.9833333333333333,0.015,271.6195652826154,28.46504698198839,-7.108630440551794,0.0,263937.82976944797,6289.163734801186,20684825.170258332,403.0999810914765,313.3082393162306
-0.0015487415520276087,1.0166666666666668,-0.005,271.6302228513124,-0.0011168789572101694,0.0002789203108872626,0.0,263940.8467629044,6290.230637909648,20719660.20972768,403.7629934061394,313.5657956102946
-0.0015487415520276087,1.0166666666666668,0.005,271.64088042000935,-28.465046981988582,7.108630440551842,0.0,263943.8635196153,6289.163877747286,20686922.123891447,403.10921120897785,313.31182633613196
-0.0015487415520276087,1.0166666666666668,0.015,271.6302228513124,-0.0011168789572101694,0.0002789203108872626,0.0,263940.8467629044,6290.230637909648,20719660.20972768,403.7629934061394,313.5657956102946
-0.0008234831255442155,-0.016666666666666666,-0.005,264.6099555311752,49.662471949513076,0.0,0.0,262708.1510688464,6289.041557198343,19995587.092009936,399.99082403682473,312.09760891250124
-0.0008234831255442155,-0.016666666666666666,0.005,264.6099555311752,49.662471949513076,0.00393366973620407,0.0,262708.1510688464,6289.041557179001,19995587.09141828,399.99082402498925,312.09760890788385
-0.0008234831255442155,-0.016666666666666666,0.015,264.6099555311752,49.662471949513076,0.0,0.0,262708.1510688464,6289.041557198343,19995587.092009936,399.99082403682473,312.09760891250124
-0.0008234831255442155,0.016666666666666666,-0.005,264.6099555311752,49.662471949513076,-0.00393366973620407,0.0,262708.1510688464,6289.041557179001,19995587.09141828,399.99082402498925,312.09760890788385
-0.0008234831255442155,0.016666666666666666,0.005,264.6099555311752,49.66243544574204,-0.003934474480503695,0.0,262708.14812218084,6289.041560767845,19995586.324849606,399.990822290558,312.09760823122855
-0.0008234831255442155,0.016666666666666666,0.015,264.6099555311752,49.662471949513076,-0.00393366973620407,0.0,262708.1510688464,6289.041557179001,19995587.09141828,399.99082402498925,312.09760890788385
-0.0008234831255442155,0.05,-0.005,264.61147703034226,49.41616427773358,-0.010891789639225801,0.0,262696.42207390163,6289.041653214432,19995738.21404018,399.99154739324774,312.0978911161099
-0.0008234831255442155,0.05,0.005,264.61147703034226,49.41612763781877,-0.010894215275353416,0.0,262696.4191937987,6289.041656842441,19995737.46524472,399.99154575714243,312.09789047781516
-0.0008234831255442155,0.05,0.015,264.61147703034226,49.41616427773358,-0.010891789639225801,0.0,262696.42207390163,6289.041653214432,19995738.21404018,399.99154739324774,312.0978911161099
-0.0008234831255442155,0.08333333333333333,-0.005,264.6144114303239,49.162524322791185,-0.017355445363899207,0.0,262684.7925328996,6289.041738771292,19996026.6246592,399.99288150911707,312.0984115951111
-0.0008234831255442155,0.08333333333333333,0.005,264.6144114303239,49.16248767000779,-0.017359572640524873,0.0,262684.7897711674,6289.041742435689,19996025.909408107,399.99288004077135,312.0984110222654
-0.0008234831255442155,0.08333333333333333,0.015,264.6144114303239,49.162524322791185,-0.017355445363899207,0.0,262684.7925328996,6289.041738771292,19996026.6246592,399.99288150911707,312.0984115951111
-0.0008234831255442155,0.11666666666666668,-0.005,264.61883505343786,48.90169663126201,-0.02333002024955354,0.0,262673.29691101465,6289.041813964661,19996459.760653444,399.99485976209365,312.0991833699062
-0.0008234831255442155,0.11666666666666668,0.005,264.61883505343786,48.901660188791645,-0.023335927713140008,0.0,262673.2943293902,6289.041817662713,19996459.096468385,399.9948585388087,312.0991828926673
-0.0008234831255442155,0.11666666666666668,0.015,264.61883505343786,48.90169663126201,-0.02333002024955354,0.0,262673.29691101465,6289.041813964661,19996459.760653444,399.99485976209365,312.0991833699062
-0.0008234831255442155,0.15,-0.005,264.6247907346384,48.633099937305055,-0.028858904904340635,0.0,262661.9246732434,6289.041878573143,19997041.785909593,399.9975006883761,312.1002136701157
-0.0008234831255442155,0.15,0.005,264.6247907346384,48.6330639292676,-0.02886664458994343,0.0,262661.9223447102,6289.041882302112,19997041.19418948,399.9974998048322,312.1002133254208
-0.0008234831255442155,0.15,0.015,264.6247907346384,48.633099937305055,-0.028858904904340635,0.0,262661.9246732434,6289.041878573143,19997041.785909593,399.9975006883761,312.1002136701157
-0.0008234831255442155,0.18333333333333332,-0.005,264.6322830081286,48.35608283835861,-0.034056426958491204,0.0,262650.65172848845,6289.0419323302185,19997773.131574534,400.0008060497925,312.1015031805144
-0.0008234831255442155,0.18333333333333332,0.005,264.6322830081286,48.356047485337655,-0.03406601408140942,0.0,262650.6497411924,6289.041936087355,19997772.63901037,400.00080562438546,312.10150301455195
-0.0008234831255442155,0.18333333333333332,0.015,264.6322830081286,48.35608283835861,-0.034056426958491204,0.0,262650.65172848845,6289.0419323302185,19997773.131574534,400.0008060497925,312.1015031805144
-0.0008234831255442155,0.21666666666666667,-0.005,264.6412908152964,48.06992254531945,-0.039100955541581744,0.0,262639.44415088056,6289.041974918957,19998651.735505264,400.0047663913191,312.1030482092561
-0.0008234831255442155,0.21666666666666667,0.005,264.6412908152964,48.0698880619113,-0.03911238442215336,0.0,262639.44260666607,6289.041978701493,19998651.37362515,400.00476656410825,312.1030482766654
-0.0008234831255442155,0.21666666666666667,0.015,264.6412908152964,48.06992254531945,-0.039100955541581744,0.0,262639.44415088056,6289.041974918957,19998651.735505264,400.0047663913191,312.1030482092561
-0.0008234831255442155,0.25,-0.005,264.65179635708137,47.77381710359027,-0.04421099694301941,0.0,262628.2662113472,6289.042005965963,19999675.853523374,400.00937364675167,312.1048456057432
-0.0008234831255442155,0.25,0.005,264.65179635708137,47.77378369755162,-0.04422427544821148,0.0,262628.26522119367,6289.042009771098,19999675.657152794,400.0093745725441,312.10484596691515
-0.0008234831255442155,0.25,0.015,264.65179635708137,47.77381710359027,-0.04421099694301941,0.0,262628.2662113472,6289.042005965963,19999675.853523374,400.00937364675167,312.1048456057432
-0.0008234831255442155,0.2833333333333333,-0.005,264.6638169577757,47.46687328042844,-0.04962223498290002,0.0,262617.08908811933,6289.042025036804,20000847.162800834,400.01463505254145,312.10689818869525
-0.0008234831255442155,0.2833333333333333,0.005,264.6638169577757,47.46684115359481,-0.0496374241104234,0.0,262617.08876864763,6289.042028861695,20000847.168859072,400.0146368954814,312.10689890766173
-0.0008234831255442155,0.2833333333333333,0.015,264.6638169577757,47.46687328042844,-0.04962223498290002,0.0,262617.08908811933,6289.042025036804,20000847.162800834,400.01463505254145,312.10689818869525
-0.0008234831255442155,0.31666666666666665,-0.005,264.6774317178605,47.14808956876492,-0.0555798267579979,0.0,262605.8978963537,6289.042031632002,20002173.356671732,400.0205847771334,312.1092192827501
-0.0008234831255442155,0.31666666666666665,0.005,264.6774317178605,47.14805891955837,-0.0555970789072763,0.0,262605.8983710951,6289.042035473754,20002173.604567632,400.0205877124652,312.10922042787126
-0.0008234831255442155,0.31666666666666665,0.015,264.6774317178605,47.14808956876492,-0.0555798267579979,0.0,262605.8978963537,6289.042031632002,20002173.356671732,400.0205847771334,312.1092192827501
-0.0008234831255442155,0.35,-0.005,264.69280496803367,46.816333681488615,-0.06235354063408194,0.0,262594.6976006193,6289.042025183705,20003670.427180447,400.0272941451845,312.11183670660705
-0.0008234831255442155,0.35,0.005,264.69280496803367,46.81630470835033,-0.06237314468733056,0.0,262594.6990090086,6289.042029039368,20003670.961830158,400.02729837276934,312.11183835584353
-0.0008234831255442155,0.35,0.015,264.69280496803367,46.816333681488615,-0.06235354063408194,0.0,262594.6976006193,6289.042025183705,20003670.427180447,400.0272941451845,312.11183670660705
-0.0008234831255442155,0.38333333333333336,-0.005,264.7102194342932,46.47031344711443,-0.07028292714176254,0.0,262583.5214675822,6289.042005055576,20005365.89262181,400.0348860932691,312.114798411537
-0.0008234831255442155,0.38333333333333336,0.005,264.7102194342932,46.47028635175332,-0.07030538729737255,0.0,262583.5239861514,6289.042008922143,20005366.771633588,400.03489186978123,312.11480066500906
-0.0008234831255442155,0.38333333333333336,0.015,264.7102194342932,46.47031344711443,-0.07028292714176254,0.0,262583.5214675822,6289.042005055576,20005365.89262181,400.0348860932691,312.114798411537
-0.0008234831255442155,0.4166666666666667,-0.005,264.7301449012951,46.10853890713702,-0.07987181168976071,0.0,262572.44934697263,6289.041970553494,20007305.480826147,400.0435651116589,312.1181841604765
-0.0008234831255442155,0.4166666666666667,0.005,264.7301449012951,46.10851389587076,-0.07989801348368018,0.0,262572.4532327953,6289.04197442794,20007306.789307002,400.04357281694195,312.11818716634775
-0.0008234831255442155,0.4166666666666667,0.015,264.7301449012951,46.10853890713702,-0.07987181168976071,0.0,262572.44934697263,6289.041970553494,20007305.480826147,400.0435651116589,312.1181841604765
-0.0008234831255442155,0.45,-0.005,264.7533895505326,45.72927151816293,-0.09198034866332001,0.0,262561.64910312387,6289.041920969465,20009567.862142928,400.05368326140507,312.12213127878135
-0.0008234831255442155,0.45,0.005,264.7533895505326,45.729248798971426,-0.09201190697820796,0.0,262561.65478004876,6289.04192484885,20009569.742165927,400.0536935305325,312.1221352847711
-0.0008234831255442155,0.45,0.015,264.7533895505326,45.72927151816293,-0.09198034866332001,0.0,262561.64910312387,6289.041920969465,20009567.862142928,400.05368326140507,312.12213127878135
-0.0008234831255442155,0.48333333333333334,-0.005,264.78141817325366,45.33045382514858,-0.10821238265326702,0.0,262551.4650115628,6289.041855720338,20012295.63475452,400.0658790223434,312.126888812639
-0.0008234831255442155,0.48333333333333334,0.005,264.78141817325366,45.330433598576995,-0.10825232199625136,0.0,262551.4732337748,6289.041859602109,20012298.341284562,400.065892996238,312.12689426377653
-0.0008234831255442155,0.48333333333333334,0.015,264.78141817325366,45.33045382514858,-0.10821238265326702,0.0,262551.4650115628,6289.041855720338,20012295.63475452,400.0658790223434,312.126888812639
-0.0008234831255442155,0.5166666666666667,-0.005,264.8169722299201,44.90961116704473,-0.1316615461262048,0.0,262542.5914471909,6289.041774757588,20015755.721265957,400.08134792267697,312.13292308513803
-0.0008234831255442155,0.5166666666666667,0.005,264.8169722299201,44.90959361505579,-0.1317155018123174,0.0,262542.60358402156,6289.041778640424,20015759.719425533,400.0813676839288,312.1329307937418
-0.0008234831255442155,0.5166666666666667,0.015,264.8169722299201,44.90961116704473,-0.1316615461262048,0.0,262542.5914471909,6289.041774757588,20015755.721265957,400.08134792267697,312.13292308513803
-0.0008234831255442155,0.55,-0.005,264.86516115035425,44.46372055032723,-0.16822632083698272,0.0,262536.3804271908,6289.041679745002,20020445.72123753,400.10231902798137,312.1411035297621
-0.0008234831255442155,0.55,0.005,264.86516115035425,44.46370584803318,-0.1683043771427945,0.0,262536.3988955604,6289.041683631079,20020451.83342772,400.1023482598664,312.14111493243615
-0.0008234831255442155,0.55,0.015,264.86516115035425,44.46372055032723,-0.16822632083698272,0.0,262536.3804271908,6289.041679745002,20020445.72123753,400.10231902798137,312.1411035297621
-0.0008234831255442155,0.5833333333333334,-0.005,264.93512512500723,43.98906120181475,-0.22863023717238531,0.0,262535.3132825571,6289.041577323161,20027256.10986793,400.13278141993044,312.15298596983627
-0.0008234831255442155,0.5833333333333334,0.005,264.93512512500723,43.989049625987136,-0.22874916231947467,0.0,262535.34206867573,6289.041581223907,20027265.691458244,400.1328261927971,312.15300343401856
-0.0008234831255442155,0.5833333333333334,0.015,264.93512512500723,43.98906120181475,-0.22863023717238531,0.0,262535.3132825571,6289.041577323161,20027256.10986793,400.13278141993044,312.15298596983627
-0.0008234831255442155,0.6166666666666667,-0.005,265.0420378814358,43.48111126822871,-0.33089878994611854,0.0,262543.5753743798,6289.041487414402,20037666.014593873,400.1793602818525,312.17115407351923
-0.0008234831255442155,0.6166666666666667,0.005,265.0420378814358,43.48110355718838,-0.33108360955656996,0.0,262543.6203934066,6289.041491363223,20037681.06967103,400.1794295689412,312.1711810981883
-0.0008234831255442155,0.6166666666666667,0.015,265.0420378814358,43.48111126822871,-0.33089878994611854,0.0,262543.5753743798,6289.041487414402,20037666.014593873,400.1793602818525,312.17115407351923
-0.0008234831255442155,0.65,-0.005,265.20846206568234,42.9346388707888,-0.5021494484899462,0.0,262567.46198042494,6289.041461131031,20053876.863886427,400.25191192842175,312.1994507662625
-0.0008234831255442155,0.65,0.005,265.20846206568234,42.93463706102936,-0.5024321042803589,0.0,262567.5307427527,6289.041465204876,20053899.916120972,400.2520170191349,312.19949175202646
-0.0008234831255442155,0.65,0.015,265.20846206568234,42.9346388707888,-0.5021494484899462,0.0,262567.46198042494,6289.041461131031,20053876.863886427,400.25191192842175,312.1994507662625
-0.0008234831255442155,0.6833333333333333,-0.005,265.4629796683468,42.344201950193124,-0.7772326000678339,0.0,262615.0337973906,6289.04160948662,20078681.899560634,400.36292840069916,312.24274459902193
-0.0008234831255442155,0.6833333333333333,0.005,265.4629796683468,42.34421084193696,-0.7776446808445975,0.0,262615.13367194595,6289.04161382563,20078715.375175465,400.36308011755176,312.24280376094555
-0.0008234831255442155,0.6833333333333333,0.015,265.4629796683468,42.344201950193124,-0.7772326000678339,0.0,262615.0337973906,6289.04160948662,20078681.899560634,400.36292840069916,312.24274459902193
-0.0008234831255442155,0.7166666666666667,-0.005,265.83336657180683,41.70515545462332,-1.1909132617148583,0.0,262694.23832884966,6289.042126478389,20114804.653223317,400.5245511201369,312.3057629579181
-0.0008234831255442155,0.7166666666666667,0.005,265.83336657180683,41.70518442937854,-1.191471236296069,0.0,262694.37302680017,6289.0421312672415,20114849.656976607,400.5247543087651,312.30584217524864
-0.0008234831255442155,0.7166666666666667,0.015,265.83336657180683,41.70515545462332,-1.1909132617148583,0.0,262694.23832884966,6289.042126478389,20114804.653223317,400.5245511201369,312.3057629579181
-0.0008234831255442155,0.75,-0.005,266.3330006780595,41.01469779305373,-1.761853903942094,0.0,262809.07228673226,6289.043261904047,20163574.90446748,400.7426141162066,312.3907678137059
-0.0008234831255442155,0.75,0.005,266.3330006780595,41.01476184631235,-1.7625405983383393,0.0,262809.23743137287,6289.043267274499,20163629.708576467,400.7428608759203,312.39086399195327
-0.0008234831255442155,0.75,0.015,266.3330006780595,41.01469779305373,-1.761853903942094,0.0,262809.07228673226,6289.043261904047,20163574.90446748,400.7426141162066,312.3907678137059
-0.0008234831255442155,0.7833333333333333,-0.005,266.9441400571679,40.271333450029786,-2.472415674661876,0.0,262954.71480282437,6289.045209322155,20223290.441156678,401.00932680342777,312.49470575259016
-0.0008234831255442155,0.7833333333333333,0.005,266.9441400571679,40.27145151821314,-2.473169407296949,0.0,262954.89529133635,6289.045215217045,20223349.637131758,401.0095927805934,312.49480938664146
-0.0008234831255442155,0.7833333333333333,0.015,266.9441400571679,40.271333450029786,-2.472415674661876,0.0,262954.71480282437,6289.045209322155,20223290.441156678,401.00932680342777,312.49470575259016
-0.0008234831255442155,0.8166666666666667,-0.005,267.6086037619374,39.469831146880345,-3.256381478296337,0.0,263114.53482785827,6289.047978975402,20288290.322647747,401.2992611705364,312.60765397829806
-0.0008234831255442155,0.8166666666666667,0.005,267.6086037619374,39.47002036494425,-3.25710692573606,0.0,263114.7074245856,6289.047985131213,20288345.807131656,401.2995101610589,312.6077509587047
-0.0008234831255442155,0.8166666666666667,0.015,267.6086037619374,39.469831146880345,-3.256381478296337,0.0,263114.53482785827,6289.047978975402,20288290.322647747,401.2992611705364,312.60765397829806
-0.0008234831255442155,0.85,-0.005,268.2384526788219,38.58831310612791,-4.0090147406543455,0.0,263262.568406745,6289.051424873237,20349981.067626454,401.57416350310086,312.7147085748422
-0.0008234831255442155,0.85,0.005,268.2384526788219,38.58858048032089,-4.009618473140751,0.0,263262.7104248118,6289.0514310007875,20350025.107300285,401.5743612688624,312.71478557712527
-0.0008234831255442155,0.85,0.015,268.2384526788219,38.58831310612791,-4.0090147406543455,0.0,263262.568406745,6289.051424873237,20349981.067626454,401.57416350310086,312.7147085748422
-0.0008234831255442155,0.8833333333333333,-0.005,268.7488880499373,37.56411782162864,-4.6213656023233565,0.0,263372.149848932,6289.055467181258,20400051.949998043,401.7974095966643,312.80161983990956
-0.0008234831255442155,0.8833333333333333,0.005,268.7488880499373,37.56445447142257,-4.621797471209824,0.0,263372.2493958638,6289.055473146454,20400080.71840912,401.7975394799299,312.8016703973443
-0.0008234831255442155,0.8833333333333333,0.015,268.7488880499373,37.56411782162864,-4.6213656023233565,0.0,263372.149848932,6289.055467181258,20400051.949998043,401.7974095966643,312.80161983990956
-0.0008234831255442155,0.9166666666666666,-0.005,269.0960794327338,36.24757054926391,-5.016418870820008,0.0,263425.4790318744,6289.06033188076,20434195.05146738,401.9504054383842,312.86116824798785
-0.0008234831255442155,0.9166666666666666,0.005,269.0960794327338,36.2479538792356,-5.016688840715004,0.0,263425.53923867265,6289.060337670133,20434210.019485615,401.95047421222466,312.8611950133087
-0.0008234831255442155,0.9166666666666666,0.015,269.0960794327338,36.24757054926391,-5.016418870820008,0.0,263425.4790318744,6289.06033188076,20434195.05146738,401.9504054383842,312.86116824798785
-0.0008234831255442155,0.95,-0.005,269.29270165393626,34.26489892099736,-5.143154516910946,0.0,263414.3719747685,6289.066934095561,20453658.384998895,402.0393613412604,312.8957860860029
-0.0008234831255442155,0.95,0.005,269.29270165393626,34.265302924200846,-5.143311504025485,0.0,263414.4057558876,6289.066939676751,20453664.42128583,402.0393906060859,312.89579747399284
-0.0008234831255442155,0.95,0.015,269.29270165393626,34.26489892099736,-5.143154516910946,0.0,263414.3719747685,6289.066934095561,20453658.384998895,402.0393613412604,312.8957860860029
-0.0008234831255442155,0.9833333333333333,-0.005,269.3914325575877,30.093080210016858,-4.796289841498627,0.0,263312.4384467086,6289.082305008938,20463810.226762448,402.0914266275857,312.91604589494165
-0.0008234831255442155,0.9833333333333333,0.005,269.3914325575877,30.093487423384016,-4.79638241648901,0.0,263312.45861487824,6289.082310456159,20463812.230560932,402.0914380544386,312.9160503412508
-0.0008234831255442155,0.9833333333333333,0.015,269.3914325575877,30.093080210016858,-4.796289841498627,0.0,263312.4384467086,6289.082305008938,20463810.226762448,402.0914266275857,312.91604589494165
-0.0008234831255442155,1.0166666666666668,-0.005,269.40374051068,-0.001374850120429211,0.00021912611205574447,0.0,263316.0166600767,6290.236248166265,20501173.018413365,402.8071607796003,313.1944217923866
-0.0008234831255442155,1.0166666666666668,0.005,269.41604846377226,-30.093080210017057,4.796289841498659,0.0,263319.5945465069,6289.08283974239,20466237.338228058,402.10237365723685,312.9203054708629
-0.0008234831255442155,1.0166666666666668,0.015,269.40374051068,-0.001374850120429211,0.00021912611205574447,0.0,263316.0166600767,6290.236248166265,20501173.018413365,402.8071607796003,313.1944217923866
-9.822469906082144e-05,-0.016666666666666666,-0.005,264.5878358781348,49.66171579535783,-5.245058591649669e-20,0.0,262705.8864844952,6289.051778271003,19993745.75818476,399.98741723875094,312.0962798122657
-9.822469906082144e-05,-0.016666666666666666,0.005,264.5878358781348,49.66171579535783,0.0005158806101342429,0.0,262705.88648449525,6289.05177827067,19993745.758174583,399.9874172385475,312.0962798121863
-9.822469906082144e-05,-0.016666666666666666,0.015,264.5878358781348,49.66171579535783,-5.245058591649669e-20,0.0,262705.8864844952,6289.051778271003,19993745.75818476,399.98741723875094,312.0962798122657
-9.822469906082144e-05,0.016666666666666666,-0.005,264.58783587813485,49.66171579535783,-0.0005158806101342429,0.0,262705.88648449525,6289.05177827067,19993745.758174587,399.9874172385475,312.09627981218637
-9.822469906082144e-05,0.016666666666666666,0.005,264.58783587813485,49.661689034844656,-0.0005159643829095213,0.0,262705.8827563117,6289.051783021761,19993744.437098175,399.9874135683592,312.09627838032617
-9.822469906082144e-05,0.016666666666666666,0.015,264.58783587813485,49.66171579535783,-0.0005158806101342429,0.0,262705.88648449525,6289.05177827067,19993745.758174587,399.9874172385475,312.09627981218637
-9.822469906082144e-05,0.05,-0.005,264.58796173477805,49.417818108869035,-0.001475939423553699,0.0,262693.77653050935,6289.0516200962675,19993753.18033664,399.9873754452295,312.09626350724915
-9.822469906082144e-05,0.05,0.005,264.58796173477805,49.41779163172008,-0.0014761827296510598,0.0,262693.7728109482,6289.051624825194,19993751.857544143,399.987371756825,312.0962620682822
-9.822469906082144e-05,0.05,0.015,264.58796173477805,49.417818108869035,-0.001475939423553699,0.0,262693.77653050935,6289.0516200962675,19993753.18033664,399.9873754452295,312.09626350724915
-9.822469906082144e-05,0.08333333333333333,-0.005,264.5882441639456,49.1665735930915,-0.002442131195989926,0.0,262681.40762467054,6289.051457140751,19993775.707843754,399.98739913513185,312.09627274945325
-9.822469906082144e-05,0.08333333333333333,0.005,264.5882441639456,49.16654744448297,-0.0024426034216470703,0.0,262681.40391345357,6289.05146184683,19993774.382535547,399.98739542460413,312.0962713018553
-9.822469906082144e-05,0.08333333333333333,0.015,264.5882441639456,49.1665735930915,-0.002442131195989926,0.0,262681.40762467054,6289.051457140751,19993775.707843754,399.98739913513185,312.09627274945325
-9.822469906082144e-05,0.11666666666666667,-0.005,264.58873425100967,48.90758295770931,-0.003386136993749978,0.0,262668.7802583652,6289.051289152459,19993818.306643028,399.987510462551,312.0963161819092
-9.822469906082144e-05,0.11666666666666667,0.005,264.58873425100967,48.907557212282796,-0.0033868872089251414,0.0,262668.7765633096,6289.051293834981,19993816.98030173,399.9875067362196,312.0963147281459
-9.822469906082144e-05,0.11666666666666667,0.015,264.58873425100967,48.90758295770931,-0.003386136993749978,0.0,262668.7802583652,6289.051289152459,19993818.306643028,399.987510462551,312.0963161819092
-9.822469906082144e-05,0.15,-0.005,264.5894639804959,48.640268567944226,-0.004291677325028042,0.0,262655.88133423624,6289.051115759236,19993884.079164594,399.98772316575014,312.09639916434526
-9.822469906082144e-05,0.15,0.005,264.5894639804959,48.640243305243544,-0.0042927410766839735,0.0,262655.87766810233,6289.051120417447,19993882.754900414,399.98771943721226,312.0963977097216
-9.822469906082144e-05,0.15,0.015,264.5894639804959,48.640268567944226,-0.004291677325028042,0.0,262655.88133423624,6289.051115759236,19993884.079164594,399.98772316575014,312.09639916434526
-9.822469906082144e-05,0.18333333333333332,-0.005,264.59045167616824,48.36399008526247,-0.005163634574928324,0.0,262642.6916207797,6289.050936549641,19993974.7958933,399.9880449897349,312.0965247183071
-9.822469906082144e-05,0.18333333333333332,0.005,264.59045167616824,48.36396538802044,-0.00516503376625306,0.0,262642.68800161517,6289.050941182728,19993973.478593457,399.98804128053206,312.0965232712271
-9.822469906082144e-05,0.18333333333333332,0.015,264.59045167616824,48.36399008526247,-0.005163634574928324,0.0,262642.6916207797,6289.050936549641,19993974.7958933,399.9880449897349,312.0965247183071
-9.822469906082144e-05,0.21666666666666667,-0.005,264.5917060527301,48.078037077429634,-0.006024760107723336,0.0,262629.1866927935,6289.050751068101,19994091.29024764,399.98847945511426,312.0966942172457
-9.822469906082144e-05,0.21666666666666667,0.005,264.5917060527301,48.07801303040015,-0.006026508062839637,0.0,262629.18314321275,6289.05075567519,19994089.986353118,399.9884757937272,312.09669278882103
-9.822469906082144e-05,0.21666666666666667,0.015,264.5917060527301,48.078037077429634,-0.006024760107723336,0.0,262629.1866927935,6289.050751068101,19994091.29024764,399.98847945511426,312.0966942172457
-9.822469906082144e-05,0.25,-0.005,264.59323318602725,47.78161839090315,-0.006909385340549441,0.0,262615.3385754365,6289.050558808281,19994234.13748907,399.9890289000793,312.0969085732924
-9.822469906082144e-05,0.25,0.005,264.59323318602725,47.78159508088758,-0.006911495181565996,0.0,262615.3351214155,6289.050563388427,19994232.85458628,399.98902532009316,312.09690717662585
-9.822469906082144e-05,0.25,0.015,264.59323318602725,47.78161839090315,-0.006909385340549441,0.0,262615.3385754365,6289.050558808281,19994234.13748907,399.9890289000793,312.0969085732924
-9.822469906082144e-05,0.2833333333333333,-0.005,264.5950437844585,47.4738478126581,-0.007857661066765918,0.0,262601.1173318639,6289.050359204508,19994404.362622824,399.98969765143806,312.0971694743788
-9.822469906082144e-05,0.2833333333333333,0.005,264.5950437844585,47.47382532997091,-0.007860154696021601,0.0,262601.1140019138,6289.050363756692,19994403.109141536,399.9896941901838,312.0971681240345
-9.822469906082144e-05,0.2833333333333333,0.015,264.5950437844585,47.4738478126581,-0.007857661066765918,0.0,262601.1173318639,6289.050359204508,19994404.362622824,399.98969765143806,312.0971694743788
-9.822469906082144e-05,0.31666666666666665,-0.005,264.5971591679327,47.153725674555695,-0.008913047707933112,0.0,262586.492135987,6289.050151621118,19994604.022104073,399.9904946285177,312.0974804000955
-9.822469906082144e-05,0.31666666666666665,0.005,264.5971591679327,47.15370411580859,-0.008915964203982836,0.0,262586.48896142276,6289.050156144237,19994602.807368517,399.9904913272982,312.09747911218705
-9.822469906082144e-05,0.31666666666666665,0.015,264.5971591679327,47.153725674555695,-0.008913047707933112,0.0,262586.492135987,6289.050151621118,19994604.022104073,399.9904946285177,312.0974804000955
-9.822469906082144e-05,0.35,-0.005,264.59961637508934,46.82011604761157,-0.010124443089135,0.0,262571.43195005733,6289.049935339482,19994836.700379517,399.99143556380915,312.09784748801997
-9.822469906082144e-05,0.35,0.005,264.59961637508934,46.82009551976908,-0.010127848215433317,0.0,262571.42896691844,6289.049939832344,19994835.535204884,399.99143247057043,312.0978462812527
-9.822469906082144e-05,0.35,0.015,264.59961637508934,46.82011604761157,-0.010124443089135,0.0,262571.43195005733,6289.049935339482,19994836.700379517,399.99143556380915,312.09784748801997
-9.822469906082144e-05,0.38333333333333336,-0.005,264.6024749151193,46.47171891328685,-0.011554214677748694,0.0,262555.9065167216,6289.049709542906,19995108.16627546,399.99254593929504,312.09828067924326
-9.822469906082144e-05,0.38333333333333336,0.005,264.6024749151193,46.47169953948509,-0.011558216829998883,0.0,262555.9037702317,6289.049714004219,19995107.064405326,399.9925431150705,312.0982795774282
-9.822469906082144e-05,0.38333333333333336,0.015,264.6024749151193,46.47171891328685,-0.011554214677748694,0.0,262555.9065167216,6289.049709542906,19995108.16627546,399.99254593929504,312.09828067924326
-9.822469906082144e-05,0.4166666666666667,-0.005,264.6058300849059,46.107036459250764,-0.01329562254415207,0.0,262539.88905558205,6289.049473299718,19995427.668187764,399.99386678658703,312.09879598113173
-9.822469906082144e-05,0.4166666666666667,0.005,264.6058300849059,46.10701838807469,-0.013300405493814544,0.0,262539.88660917163,6289.049477728092,19995426.649237745,399.9938643186968,312.09879501833495
-9.822469906082144e-05,0.4166666666666667,0.015,264.6058300849059,46.107036459250764,-0.01329562254415207,0.0,262539.88905558205,6289.049473299718,19995427.668187764,399.99386678658703,312.09879598113173
-9.822469906082144e-05,0.45,-0.005,264.60984168037703,45.7243327955978,-0.015508390740434776,0.0,262523.363184746,6289.049225546999,19995810.727477234,399.99546720596175,312.09942035128057
-9.822469906082144e-05,0.45,0.005,264.60984168037703,45.72431621777786,-0.015514281287673676,0.0,262523.36113778106,6289.049229940951,19995809.82273866,399.99546523404507,312.09941958197925
-9.822469906082144e-05,0.45,0.015,264.60984168037703,45.7243327955978,-0.015508390740434776,0.0,262523.363184746,6289.049225546999,19995810.727477234,399.99546720596175,312.09942035128057
-9.822469906082144e-05,0.48333333333333334,-0.005,264.6147935634741,45.32158744018027,-0.018489965509252977,0.0,262506.3385397968,6289.048965081407,19996284.935486432,399.9974703576627,312.10020183726385
-9.822469906082144e-05,0.48333333333333334,0.005,264.6147935634741,45.32157262078175,-0.01849756433578936,0.0,262506.3370609845,6289.0489694393955,19996284.198848438,399.9974691226752,312.100201355461
-9.822469906082144e-05,0.48333333333333334,0.015,264.6147935634741,45.32158744018027,-0.018489965509252977,0.0,262506.3385397968,6289.048965081407,19996284.935486432,399.9974703576627,312.10020183726385
-9.822469906082144e-05,0.5166666666666667,-0.005,264.62120833563625,44.896445542843836,-0.02281103377820026,0.0,262488.88220464374,6289.048690576133,19996901.1166186,400.0001035259279,312.1012291075036
-9.822469906082144e-05,0.5166666666666667,0.005,264.62120833563625,44.896432883733056,-0.022821444246687517,0.0,262488.88159006706,6289.048694896673,19996900.643446803,400.0001034548478,312.1012290797734
-9.822469906082144e-05,0.5166666666666667,0.015,264.62120833563625,44.896445542843836,-0.02281103377820026,0.0,262488.88220464374,6289.048690576133,19996901.1166186,400.0001035259279,312.1012291075036
-9.822469906082144e-05,0.55,-0.005,264.63004648073,44.4461724270036,-0.02955005996596764,0.0,262471.1747520828,6289.048400672023,19997752.72095473,400.00378511010354,312.1026653875099
-9.822469906082144e-05,0.55,0.005,264.63004648073,44.44616258309374,-0.029565234658139705,0.0,262471.1755136793,6289.048404953959,19997752.676575676,400.00378694376974,312.1026661028683
-9.822469906082144e-05,0.55,0.015,264.63004648073,44.4461724270036,-0.02955005996596764,0.0,262471.1747520828,6289.048400672023,19997752.72095473,400.00378511010354,312.1026653875099
-9.822469906082144e-05,0.5833333333333334,-0.005,264.6430047959161,43.96762531706602,-0.0406438726085927,0.0,262453.5957986061,6289.048094260308,19999004.900708035,400.00925509267904,312.10479935519794
-9.822469906082144e-05,0.5833333333333334,0.005,264.6430047959161,43.96761939588903,-0.04066702968420092,0.0,262453.5987730093,6289.048098503479,19999005.554657564,400.009260039581,312.1048012850931
-9.822469906082144e-05,0.5833333333333334,0.015,264.6430047959161,43.96762531706602,-0.0406438726085927,0.0,262453.5957986061,6289.048094260308,19999004.900708035,400.00925509267904,312.10479935519794
-9.822469906082144e-05,0.6166666666666667,-0.005,264.6628670257117,43.45725480271866,-0.05929655707910914,0.0,262436.82633146114,6289.0477712205275,20000928.70870864,400.01772858322374,312.1081050325384
-9.822469906082144e-05,0.6166666666666667,0.005,264.6628670257117,43.45725466779695,-0.05933246816481608,0.0,262436.83276286884,6289.047775427219,20000930.458698004,400.01773842736804,312.10810887291467
-9.822469906082144e-05,0.6166666666666667,0.015,264.6628670257117,43.45725480271866,-0.05929655707910914,0.0,262436.82633146114,6289.0477712205275,20000928.70870864,400.01772858322374,312.1081050325384
-9.822469906082144e-05,0.65,-0.005,264.6937249674038,42.91112676048078,-0.09022663990089114,0.0,262421.9157518319,6289.047434119086,20003922.75797729,400.0309933429397,312.1132798090571
-9.822469906082144e-05,0.65,0.005,264.6937249674038,42.91113541385987,-0.09028137925519421,0.0,262421.9272501246,6289.047438296885,20003926.110334277,400.03101035683716,312.11328644637194
-9.822469906082144e-05,0.65,0.015,264.6937249674038,42.91112676048078,-0.09022663990089114,0.0,262421.9157518319,6289.047434119086,20003922.75797729,400.0309933429397,312.1132798090571
-9.822469906082144e-05,0.6833333333333333,-0.005,264.7407027290015,42.324884381763646,-0.13930893912330347,0.0,262410.20566310117,6289.047091575727,20008486.60427732,400.0512912012847,312.1211981339933
-9.822469906082144e-05,0.6833333333333333,0.005,264.7407027290015,42.3249063014536,-0.1393885592523455,0.0,262410.2239044913,6289.0470957421985,20008492.067513615,400.05131766982146,312.12120845940836
-9.822469906082144e-05,0.6833333333333333,0.015,264.7407027290015,42.324884381763646,-0.13930893912330347,0.0,262410.20566310117,6289.047091575727,20008486.60427732,400.0512912012847,312.1211981339933
-9.822469906082144e-05,0.7166666666666667,-0.005,264.8087176018153,41.693419057664826,-0.21204722765710202,0.0,262402.96786910587,6289.046763653066,20015100.389297042,400.08077977197735,312.1327014569585
-9.822469906082144e-05,0.7166666666666667,0.005,264.8087176018153,41.69346022719778,-0.2121550897210953,0.0,262402.99396331434,6289.046767841371,20015108.258806374,400.0808170287329,312.13271599033783
-9.822469906082144e-05,0.7166666666666667,0.015,264.8087176018153,41.693419057664826,-0.21204722765710202,0.0,262402.96786910587,6289.046763653066,20015100.389297042,400.08077977197735,312.1327014569585
-9.822469906082144e-05,0.75,-0.005,264.9000681958308,41.009782378879606,-0.31062008815706305,0.0,262400.6779847618,6289.04648792079,20023990.171618447,400.12048258681784,312.1481886286044
-9.822469906082144e-05,0.75,0.005,264.9000681958308,41.009849661222006,-0.31075348601585673,0.0,262400.711646374,6289.0464921827315,20024000.257540796,400.1205297962663,312.14820704348693
-9.822469906082144e-05,0.75,0.015,264.9000681958308,41.009782378879606,-0.31062008815706305,0.0,262400.6779847618,6289.04648792079,20023990.171618447,400.12048258681784,312.1481886286044
-9.822469906082144e-05,0.7833333333333333,-0.005,265.01147652066714,40.26259701130503,-0.43023821836989395,0.0,262402.07531217946,6289.046321767734,20034839.61057022,400.16899974483147,312.1671130333589
-9.822469906082144e-05,0.7833333333333333,0.005,265.01147652066714,40.26269665808784,-0.43038623199755977,0.0,262402.11429085117,6289.0463261684345,20034851.066712048,400.1690531375301,312.1671338588652
-9.822469906082144e-05,0.7833333333333333,0.015,265.01147652066714,40.26259701130503,-0.43023821836989395,0.0,262402.07531217946,6289.046321767734,20034839.61057022,400.16899974483147,312.1671130333589
-9.822469906082144e-05,0.8166666666666667,-0.005,265.1323661831737,39.4309161125569,-0.5569159322195385,0.0,262403.4837191969,6289.046334203342,20046621.270078886,400.22175412808497,312.187688891078
-9.822469906082144e-05,0.8166666666666667,0.005,265.1323661831737,39.431051515857135,-0.5570609610632236,0.0,262403.524085512,6289.046338803612,20046632.725079488,400.2218075873489,312.18770974117336
-9.822469906082144e-05,0.8166666666666667,0.015,265.1323661831737,39.4309161125569,-0.5569159322195385,0.0,262403.4837191969,6289.046334203342,20046621.270078886,400.22175412808497,312.187688891078
-9.822469906082144e-05,0.85,-0.005,265.2465487570845,38.47495370952054,-0.6692191391674718,0.0,262398.97585959174,6289.0465823439035,20057759.3539382,400.2717169721879,312.20717471100374
-9.822469906082144e-05,0.85,0.005,265.2465487570845,38.47512395830756,-0.6693428989428039,0.0,262399.01339031657,6289.046587173397,20057769.405149944,400.27176423767906,312.20719314426344
-9.822469906082144e-05,0.85,0.015,265.2465487570845,38.47495370952054,-0.6692191391674718,0.0,262398.97585959174,6289.0465823439035,20057759.3539382,400.2717169721879,312.20717471100374
-9.822469906082144e-05,0.8833333333333333,-0.005,265.33788648250777,37.31927034256502,-0.7446145544757399,0.0,262381.47169618105,6289.047073788778,20066680.099708762,400.3118569493936,312.2228286707741
-9.822469906082144e-05,0.8833333333333333,0.005,265.33788648250777,37.31947014186218,-0.7447056476359564,0.0,262381.50368568394,6289.047078822737,20066687.932641134,400.3118943751162,312.22284326585105
-9.822469906082144e-05,0.8833333333333333,0.015,265.33788648250777,37.31927034256502,-0.7446145544757399,0.0,262381.47169618105,6289.047073788778,20066680.099708762,400.3118569493936,312.2228286707741
-9.822469906082144e-05,0.9166666666666666,-0.005,265.3972037101874,35.81165929461337,-0.7668545664710621,0.0,262343.5329417327,6289.04772157325,20072484.7513794,400.3381241562422,312.23307204347344
-9.822469906082144e-05,0.9166666666666666,0.005,265.3972037101874,35.811880385086525,-0.7669122728208067,0.0,262343.559137709,6289.047726729124,20072490.44139862,400.33815204979203,312.23308292088944
-9.822469906082144e-05,0.9166666666666666,0.015,265.3972037101874,35.81165929461337,-0.7668545664710621,0.0,262343.5329417327,6289.04772157325,20072484.7513794,400.3381241562422,312.23307204347344
-9.822469906082144e-05,0.95,-0.005,265.4257018405659,33.582820979949915,-0.727144381651372,0.0,262274.5144119984,6289.048272341736,20075281.41098847,400.35089093161463,312.2380505572279
-9.822469906082144e-05,0.95,0.005,265.4257018405659,33.58305543859067,-0.7271756848292384,0.0,262274.5363474889,6289.048277491756,20075285.666916788,400.35091240762193,312.2380589319146
-9.822469906082144e-05,0.95,0.015,265.4257018405659,33.582820979949915,-0.727144381651372,0.0,262274.5144119984,6289.048272341736,20075281.41098847,400.35089093161463,312.2380505572279
-9.822469906082144e-05,0.9833333333333333,-0.005,265.4325725643929,29.10430466297615,-0.602549720111013,0.0,262135.9205879294,6289.048027514163,20075944.37582905,400.3537388174251,312.23916110394134
-9.822469906082144e-05,0.9833333333333333,0.005,265.4325725643929,29.10454971138985,-0.6025625528684184,0.0,262135.93982050932,6289.0480324508535,20075947.9887021,400.35375731644444,312.23916831770964
-9.822469906082144e-05,0.9833333333333333,0.015,265.4325725643929,29.10430466297615,-0.602549720111013,0.0,262135.9205879294,6289.048027514163,20075944.37582905,400.3537388174251,312.23916110394134
-9.822469906082144e-05,1.0166666666666666,-0.005,265.43432331946264,-0.00019196379439071474,3.974248205568185e-06,0.0,262136.42843351405,6290.105535659544,20108618.8976047,401.00268800169505,312.49211903098325
-9.822469906082144e-05,1.0166666666666666,0.005,265.43607407453237,-29.10430466297596,0.6025497201110089,0.0,262136.93627239953,6289.048072350657,20076287.12230945,400.35529255875406,312.23976699114985
-9.822469906082144e-05,1.0166666666666666,0.015,265.43432331946264,-0.00019196379439071474,3.974248205568185e-06,0.0,262136.42843351405,6290.105535659544,20108618.8976047,401.00268800169505,312.49211903098325
0.0006270337274225718,-0.016666666666666666,-0.005,264.7171783256859,50.38310327104845,2.0969984621192577e-19,0.0,262736.34136823565,6288.945382951631,20003087.572305627,399.97880375376155,312.0929193926899
0.0006270337274225718,-0.016666666666666666,0.005,264.7171783256859,50.38310327104844,-0.0016071445673315748,0.0,262736.3413682356,6288.945382948402,20003087.57220682,399.9788037517859,312.0929193919191
0.0006270337274225718,-0.016666666666666666,0.015,264.7171783256859,50.38310327104845,2.0969984621192577e-19,0.0,262736.34136823565,6288.945382951631,20003087.572305627,399.97880375376155,312.0929193926899
0.0006270337274225718,0.016666666666666666,-0.005,264.7171783256859,50.38310327104844,0.0016071445673315748,0.0,262736.3413682356,6288.945382948402,20003087.572206825,399.9788037517859,312.0929193919191
0.0006270337274225718,0.016666666666666666,0.005,264.7171783256859,50.383163365338575,0.0016073172093714213,0.0,262736.3406717087,6288.945372434887,20003087.414595354,399.9787980545976,312.09291716923616
0.0006270337274225718,0.016666666666666666,0.015,264.7171783256859,50.38310327104844,0.0016071445673315748,0.0,262736.3413682356,6288.945382948402,20003087.572206825,399.9788037517859,312.0929193919191
0.0006270337274225718,0.05,-0.005,264.7167731711419,50.14347953372377,0.004466916560418504,0.0,262724.256482396,6288.945570598536,20003053.84432308,399.9787416183329,312.0928951513702
0.0006270337274225718,0.05,0.005,264.7167731711419,50.14354115000579,0.0044675053578909435,0.0,262724.25586860627,6288.94556008535,20003053.693779975,399.978735952989,312.09289294111073
0.0006270337274225718,0.05,0.015,264.7167731711419,50.14347953372377,0.004466916560418504,0.0,262724.256482396,6288.945570598536,20003053.84432308,399.9787416183329,312.0928951513702
0.0006270337274225718,0.08333333333333333,-0.005,264.71589501019514,49.89647595224397,0.007261673363993233,0.0,262711.7311113463,6288.945771668045,20002974.4541956,399.9784811423347,312.0927935300674
0.0006270337274225718,0.08333333333333333,0.005,264.71589501019514,49.89653913733892,0.007262801990229771,0.0,262711.730585606,6288.94576115734,20002974.311915014,399.9784755152115,312.0927913347186
0.0006270337274225718,0.08333333333333333,0.015,264.71589501019514,49.89647595224397,0.007261673363993233,0.0,262711.7311113463,6288.945771668045,20002974.4541956,399.9784811423347,312.0927935300674
0.0006270337274225718,0.11666666666666665,-0.005,264.7144523922269,49.641544810344236,0.009946252418986442,0.0,262698.7178065099,6288.94598709154,20002840.52500866,399.9779829687382,312.0925991740644
0.0006270337274225718,0.11666666666666665,0.005,264.7144523922269,49.64160960715621,0.009948036100387773,0.0,262698.717368165,6288.94597658562,20002840.390234355,399.97797737754183,312.0925969927306
0.0006270337274225718,0.11666666666666665,0.015,264.7144523922269,49.641544810344236,0.009946252418986442,0.0,262698.7178065099,6288.94598709154,20002840.52500866,399.9779829687382,312.0925991740644
0.0006270337274225718,0.15,-0.005,264.71237375833243,49.37807825821539,0.012517669920172789,0.0,262685.17261273495,6288.946217909015,20002645.122395825,399.97721649870755,312.09230014543175
0.0006270337274225718,0.15,0.005,264.71237375833243,49.37814470173589,0.012520201702353743,0.0,262685.1722502485,6288.946207410364,20002644.99081059,399.97721092526376,312.0922979710218
0.0006270337274225718,0.15,0.015,264.71237375833243,49.37807825821539,0.012517669920172789,0.0,262685.17261273495,6288.946217909015,20002645.122395825,399.97721649870755,312.09230014543175
0.0006270337274225718,0.18333333333333332,-0.005,264.7096116293525,49.105408306871986,0.015019424032356564,0.0,262671.0563878622,6288.946465264565,20002383.66151914,399.97616171360966,312.0918886338371
0.0006270337274225718,0.18333333333333332,0.005,264.7096116293525,49.10547642355009,0.015022771988500503,0.0,262671.0560765044,6288.946454775864,20002383.524465706,399.9761561203801,312.0918864517051
0.0006270337274225718,0.18333333333333332,0.015,264.7096116293525,49.105408306871986,0.015019424032356564,0.0,262671.0563878622,6288.946465264565,20002383.66151914,399.97616171360966,312.0918886338371
0.0006270337274225718,0.21666666666666667,-0.005,264.70613417016597,48.822795188620816,0.017535210277263725,0.0,262656.33196970366,6288.946730423735,20002053.085035786,399.97480549769017,312.09135952187114
0.0006270337274225718,0.21666666666666667,0.005,264.70613417016597,48.82286499621227,0.01753942794832561,0.0,262656.3316719779,6288.946719947882,20002052.929663315,399.97479982843794,312.09135731007603
0.0006270337274225718,0.21666666666666667,0.015,264.70613417016597,48.822795188620816,0.017535210277263725,0.0,262656.33196970366,6288.946730423735,20002053.085035786,399.97480549769017,312.09135952187114
0.0006270337274225718,0.25,-0.005,264.7019087211157,48.529412934018026,0.02017558739306813,0.0,262640.9589517108,6288.947014796452,20001650.259224255,399.97313445810636,312.09070758385775
0.0006270337274225718,0.25,0.005,264.7019087211157,48.52948444163514,0.02018073396352092,0.0,262640.9586193354,6288.947004336591,20001650.069162343,399.97312864092663,312.09070531434566
0.0006270337274225718,0.25,0.015,264.7019087211157,48.529412934018026,0.02017558739306813,0.0,262640.9589517108,6288.947014796452,20001650.259224255,399.97313445810636,312.09070758385775
0.0006270337274225718,0.2833333333333333,-0.005,264.69688346630016,48.22433189337079,0.023066328683134726,0.0,262624.88782685477,6288.947319965909,20001170.189612396,399.97112693796737,312.08992436979554
0.0006270337274225718,0.2833333333333333,0.005,264.69688346630016,48.224405101353426,0.02307249277853301,0.0,262624.88740206056,6288.947309525449,20001169.945414178,399.97112088728585,312.0899220091792
0.0006270337274225718,0.2833333333333333,0.015,264.69688346630016,48.22433189337079,0.023066328683134726,0.0,262624.88782685477,6288.947319965909,20001170.189612396,399.97112693796737,312.08992436979554
0.0006270337274225718,0.31666666666666665,-0.005,264.6909708442071,47.90649757886481,0.026345760512274122,0.0,262608.0545121142,6288.947647724268,20000604.407333776,399.96874579699937,312.0889953887259
0.0006270337274225718,0.31666666666666665,0.005,264.6909708442071,47.90657247808602,0.02635308545331008,0.0,262608.0539260371,6288.94763730693,20000604.08593703,399.96873941116974,312.0889928973473
0.0006270337274225718,0.31666666666666665,0.015,264.6909708442071,47.90649757886481,0.026345760512274122,0.0,262608.0545121142,6288.947647724268,20000604.407333776,399.96874579699937,312.0889953887259
0.0006270337274225718,0.35,-0.005,264.68403074117373,47.57470467646186,0.030175778943467877,0.0,262590.37465670955,6288.948000117108,19999939.33544279,399.9659311049147,312.08789725795975
0.0006270337274225718,0.35,0.005,264.68403074117373,47.57478124660206,0.03018449588004759,0.0,262590.3738226617,6288.947989726958,19999938.907899734,399.96592425605576,312.0878945859247
0.0006270337274225718,0.35,0.015,264.68403074117373,47.57470467646186,0.030175778943467877,0.0,262590.37465670955,6288.948000117108,19999939.33544279,399.9659311049147,312.08789725795975
0.0006270337274225718,0.38333333333333336,-0.005,264.67584486795613,47.22756434481183,0.0347724730730115,0.0,262571.7352153951,6288.948379499855,19999153.79823183,399.9625889954786,312.08659335429684
0.0006270337274225718,0.38333333333333336,0.005,264.67584486795613,47.227642550762695,0.03478296060526249,0.0,262571.7340133424,6288.948369141364,19999153.22446693,399.9625815059897,312.0865904323123
0.0006270337274225718,0.38333333333333336,0.015,264.67584486795613,47.22756434481183,0.0347724730730115,0.0,262571.7352153951,6288.948379499855,19999153.79823183,399.9625889954786,312.08659335429684
0.0006270337274225718,0.4166666666666667,-0.005,264.666064830821,46.8634617688834,0.04047105289850807,0.0,262551.9781907656,6288.948788613248,19998213.97192998,399.9585690523956,312.0850249907435
0.0006270337274225718,0.4166666666666667,0.005,264.666064830821,46.86354155348516,0.04048395998378946,0.0,262551.9764352718,6288.948778291373,19998213.1899119,399.9585606464269,312.08502171118255
0.0006270337274225718,0.4166666666666667,0.015,264.666064830821,46.8634617688834,0.04047105289850807,0.0,262551.9781907656,6288.948788613248,19998213.97192998,399.9585690523956,312.0850249907435
0.0006270337274225718,0.45,-0.005,264.6541013939818,46.4804989243464,0.047858905281438435,0.0,262530.8670908569,6288.94923069195,19997062.61432742,399.95361604667056,312.0830925859637
0.0006270337274225718,0.45,0.005,264.6541013939818,46.48058019371921,0.047875401974131405,0.0,262530.8644675695,6288.949220412257,19997061.51861697,399.95360625395585,312.0830887653447
0.0006270337274225718,0.45,0.015,264.6541013939818,46.4804989243464,0.047858905281438435,0.0,262530.8670908569,6288.94923069195,19997062.61432742,399.95361604667056,312.0830925859637
0.0006270337274225718,0.48333333333333334,-0.005,264.63889776355654,46.07641396686932,0.05804162930149196,0.0,262508.0194802577,6288.949709639051,19995597.01033267,399.94727107756586,312.08061709211313
0.0006270337274225718,0.48333333333333334,0.005,264.63889776355654,46.07649656134138,0.058063883767192175,0.0,262508.0154270549,6288.949699407943,19995595.411957033,399.94725905350873,312.08061240090075
0.0006270337274225718,0.48333333333333334,0.015,264.63889776355654,46.07641396686932,0.05804162930149196,0.0,262508.0194802577,6288.949709639051,19995597.01033267,399.94727107756586,312.08061709211313
0.0006270337274225718,0.5166666666666667,-0.005,264.618498958363,45.648462919534296,0.07314402569233398,0.0,262482.7800247029,6288.950230350823,19993627.076158073,399.93868373352603,312.07726670294124
0.0006270337274225718,0.5166666666666667,0.005,264.618498958363,45.648546559090896,0.07317602063098792,0.0,262482.7735293564,6288.950220176021,19993624.63435104,399.938667953092,312.07726054610407
0.0006270337274225718,0.5166666666666667,0.015,264.618498958363,45.648462919534296,0.07314402569233398,0.0,262482.7800247029,6288.950230350823,19993627.076158073,399.93868373352603,312.07726670294124
0.0006270337274225718,0.55,-0.005,264.58931581515986,45.19324153558347,0.09716320252568147,0.0,262454.00434892665,6288.950799411363,19990803.751073744,399.9262909725231,312.0724315505808
0.0006270337274225718,0.55,0.005,264.58931581515986,45.19332572675689,0.0972119339786963,0.0,262453.9936516488,6288.950789303018,19990799.87304409,399.9262687806373,312.0724228921405
0.0006270337274225718,0.55,0.015,264.58931581515986,45.19324153558347,0.09716320252568147,0.0,262454.00434892665,6288.950799411363,19990803.751073744,399.9262909725231,312.0724315505808
0.0006270337274225718,0.5833333333333334,-0.005,264.5450451787665,44.706418029415545,0.1372144840509331,0.0,262419.74196756416,6288.951426696158,19986513.950493824,399.9073458978684,312.06503980656913
0.0006270337274225718,0.5833333333333334,0.005,264.5450451787665,44.706501927744824,0.13729132415484183,0.0,262419.724220283,6288.951416669418,19986507.676846765,399.90731299509144,312.06502696883723
0.0006270337274225718,0.5833333333333334,0.015,264.5450451787665,44.706418029415545,0.1372144840509331,0.0,262419.74196756416,6288.951426696158,19986513.950493824,399.9073458978684,312.06503980656913
0.0006270337274225718,0.6166666666666667,-0.005,264.47544294070076,44.18234789250166,0.20493083180284663,0.0,262376.87420403416,6288.952128951797,19979761.279173188,399.8773821507281,312.0533485820896
0.0006270337274225718,0.6166666666666667,0.005,264.47544294070076,44.182430141796615,0.20505230306471328,0.0,262376.845269078,6288.952119031943,19979751.21674881,399.8773322903849,312.0533291272664
0.0006270337274225718,0.6166666666666667,0.015,264.47544294070076,44.18234789250166,0.20493083180284663,0.0,262376.87420403416,6288.952128951797,19979761.279173188,399.8773821507281,312.0533485820896
0.0006270337274225718,0.65,-0.005,264.36562697868374,43.61356058317832,0.3172088646877119,0.0,262320.9015496022,6288.952936559572,19969098.53302648,399.8299089174741,312.03482462727834
0.0006270337274225718,0.65,0.005,264.36562697868374,43.613639205588335,0.3173953891590901,0.0,262320.8562891819,6288.952926789429,19969082.953806244,399.82983434438154,312.03479552815094
0.0006270337274225718,0.65,0.015,264.36562697868374,43.61356058317832,0.3172088646877119,0.0,262320.9015496022,6288.952936559572,19969098.53302648,399.8299089174741,312.03482462727834
0.0006270337274225718,0.6833333333333333,-0.005,264.1972042917591,42.99014749063075,0.49477011959082545,0.0,262246.2523739769,6288.953902234335,19952738.10162383,399.7568996715635,312.00633442831224
0.0006270337274225718,0.6833333333333333,0.005,264.1972042917591,42.99021996164361,0.49504102777308256,0.0,262246.1858513362,6288.953892677642,19952715.349984664,399.7567929375902,312.0062927759004
0.0006270337274225718,0.6833333333333333,0.015,264.1972042917591,42.99014749063075,0.49477011959082545,0.0,262246.2523739769,6288.953902234335,19952738.10162383,399.7568996715635,312.00633442831224
0.0006270337274225718,0.7166666666666667,-0.005,263.95277507680936,42.29911247842224,0.7567094548724977,0.0,262147.55631096294,6288.955102457584,19928991.1930793,399.6507488694168,311.96490684865944
0.0006270337274225718,0.7166666666666667,0.005,263.95277507680936,42.29917612791793,0.757073634752709,0.0,262147.4660547224,6288.955093182408,19928960.453340206,399.65060625987263,311.96485118858965
0.0006270337274225718,0.7166666666666667,0.015,263.95277507680936,42.29911247842224,0.7567094548724977,0.0,262147.55631096294,6288.955102457584,19928991.1930793,399.6507488694168,311.96490684865944
0.0006270337274225718,0.75,-0.005,263.62439507998573,41.52368154629535,1.1103524513980185,0.0,262022.03895226895,6288.956613291472,19897091.35815821,399.50794979362445,311.9091678307803
0.0006270337274225718,0.75,0.005,263.62439507998573,41.52373429553278,1.1107971496505409,0.0,262021.92766761282,6288.956604320903,19897053.574938845,399.50777544996765,311.9090997728219
0.0006270337274225718,0.75,0.015,263.62439507998573,41.52368154629535,1.1103524513980185,0.0,262022.03895226895,6288.956613291472,19897091.35815821,399.50794979362445,311.9091678307803
0.0006270337274225718,0.7833333333333333,-0.005,263.22375633344,40.642255019845294,1.5390592845687308,0.0,261872.37764324291,6288.958453549731,19858182.586252768,399.3335315911044,311.84107334663076
0.0006270337274225718,0.7833333333333333,0.005,263.22375633344,40.64229617244434,1.539543683910169,0.0,261872.25475976302,6288.958444806194,19858140.991010807,399.333339911148,311.84099850481834
0.0006270337274225718,0.7833333333333333,0.015,263.22375633344,40.642255019845294,1.5390592845687308,0.0,261872.37764324291,6288.958453549731,19858182.586252768,399.3335315911044,311.84107334663076
0.0006270337274225718,0.8166666666666667,-0.005,262.7880782522991,39.625946930955166,1.9950308346321164,0.0,261708.28150932278,6288.96053908571,19815887.334657,399.1436695980495,311.76693255689804
0.0006270337274225718,0.8166666666666667,0.005,262.7880782522991,39.62597744399318,1.9954924773617824,0.0,261708.16163364664,6288.9605304042325,19815846.917706497,399.1434829597894,311.76685966629617
0.0006270337274225718,0.8166666666666667,0.015,262.7880782522991,39.625946930955166,1.9950308346321164,0.0,261708.28150932278,6288.96053908571,19815887.334657,399.1436695980495,311.76693255689804
0.0006270337274225718,0.85,-0.005,262.3742827565079,38.432261253017515,2.4057839269848387,0.0,261544.6510395488,6288.962734775512,19775736.42761261,398.9632422241602,311.6964596275581
0.0006270337274225718,0.85,0.005,262.3742827565079,38.43228300333814,2.406160445367617,0.0,261544.54875331378,6288.962726021843,19775702.16157272,398.96308308746666,311.69639746349924
0.0006270337274225718,0.85,0.015,262.3742827565079,38.432261253017515,2.4057839269848387,0.0,261544.6510395488,6288.962734775512,19775736.42761261,398.9632422241602,311.6964596275581
0.0006270337274225718,0.8833333333333333,-0.005,262.03909287005456,36.989201977099555,2.696692685627516,0.0,261395.5288061976,6288.965027018316,19743237.521135807,398.81723452000045,311.6394189729106
0.0006270337274225718,0.8833333333333333,0.005,262.03909287005456,36.98921563237035,2.6969489030029496,0.0,261395.4521628972,6288.965018211724,19743212.1497835,398.817115445376,311.63937244990916
0.0006270337274225718,0.8833333333333333,0.015,262.03909287005456,36.989201977099555,2.696692685627516,0.0,261395.5288061976,6288.965027018316,19743237.521135807,398.81723452000045,311.6394189729106
0.0006270337274225718,0.9166666666666666,-0.005,261.81408660369806,35.153896481961105,2.817410184684133,0.0,261265.99561725525,6288.967728294737,19721461.007547293,398.7198450984218,311.6013661592261
0.0006270337274225718,0.9166666666666666,0.005,261.81408660369806,35.153901392913646,2.817551575760761,0.0,261265.94296645085,6288.967719602865,19721443.953681044,398.7197636824619,311.60133434575357
0.0006270337274225718,0.9166666666666666,0.015,261.81408660369806,35.153896481961105,2.817410184684133,0.0,261265.99561725525,6288.967728294737,19721461.007547293,398.7198450984218,311.6013661592261
0.0006270337274225718,0.9499999999999998,-0.005,261.6931774833519,32.57136483446755,2.744420712057122,0.0,261145.17223518618,6288.971839815918,19709840.659015346,398.6691047492183,311.58153862195934
0.0006270337274225718,0.9499999999999998,0.005,261.6931774833519,32.571359167766346,2.744481152629993,0.0,261145.1350731029,6288.971831505862,19709828.996691976,398.66904792919433,311.5815164179926
0.0006270337274225718,0.9499999999999998,0.015,261.6931774833519,32.57136483446755,2.744420712057122,0.0,261145.17223518618,6288.971839815918,19709840.659015346,398.6691047492183,311.58153862195934
0.0006270337274225718,0.9833333333333332,-0.005,261.642213270212,27.776492428671855,2.3896826478572217,0.0,260988.63942447965,6288.981204797857,19705173.09610844,398.6523661819096,311.5749975039754
0.0006270337274225718,0.9833333333333332,0.005,261.642213270212,27.77647452106342,2.3896971518650285,0.0,260988.60883607634,6288.9811974717395,19705163.700170454,398.65232009725094,311.5749794947661
0.0006270337274225718,0.9833333333333332,0.015,261.642213270212,27.776492428671855,2.3896826478572217,0.0,260988.63942447965,6288.981204797857,19705173.09610844,398.6523661819096,311.5749975039754
0.0006270337274225718,1.0166666666666668,-0.005,261.6384427743218,0.0004002788180215682,3.443700993504471e-05,0.0,260987.55628418218,6289.955327596765,19734192.32313761,399.2452030812265,311.80658340469614
0.0006270337274225718,1.0166666666666668,0.005,261.63467227843154,-27.776492428671848,-2.3896826478572217,0.0,260986.47311266657,6288.98121562834,19704441.37330991,398.6490522706563,311.57370247336246
0.0006270337274225718,1.0166666666666668,0.015,261.6384427743218,0.0004002788180215682,3.443700993504471e-05,0.0,260987.55628418218,6289.955327596765,19734192.32313761,399.2452030812265,311.80658340469614
0.001352292153905964,-0.016666666666666666,-0.005,264.68593432119513,49.9287513617516,0.0,0.0,262733.4225080284,6289.017358841896,20002246.341701206,400.00919920658293,312.10477755280317
0.001352292153905964,-0.016666666666666666,0.005,264.68593432119513,49.9287513617516,-0.0035460316657793143,0.0,262733.4225080284,6289.017358826178,20002246.34122027,400.00919919696514,312.104777549051
0.001352292153905964,-0.016666666666666666,0.015,264.68593432119513,49.9287513617516,0.0,0.0,262733.4225080284,6289.017358841896,20002246.341701206,400.00919920658293,312.10477755280317
0.001352292153905964,0.016666666666666666,-0.005,264.68593432119513,49.9287513617516,0.0035460316657793143,0.0,262733.4225080284,6289.017358826178,20002246.34122027,400.00919919696514,312.104777549051
0.001352292153905964,0.016666666666666666,0.005,264.68593432119513,49.928763771692935,0.003546803246654323,0.0,262733.424217044,6289.017358295812,20002246.769055307,400.00920086347253,312.10477819919225
0.001352292153905964,0.016666666666666666,0.015,264.68593432119513,49.9287513617516,0.0035460316657793143,0.0,262733.4225080284,6289.017358826178,20002246.34122027,400.00919919696514,312.104777549051
0.001352292153905964,0.05,-0.005,264.6840263991294,49.680640970447826,0.00973882625920646,0.0,262720.5694645913,6289.017480481216,20002064.228602767,400.00844040840786,312.10448152880116
0.001352292153905964,0.05,0.005,264.6840263991294,49.68065280540135,0.009741111250874358,0.0,262720.5711138629,6289.017479985339,20002064.643189684,400.00844203190076,312.10448216216207
0.001352292153905964,0.05,0.015,264.6840263991294,49.680640970447826,0.00973882625920646,0.0,262720.5694645913,6289.017480481216,20002064.228602767,400.00844040840786,312.10448152880116
0.001352292153905964,0.08333333333333333,-0.005,264.6808195406883,49.42493715776991,0.014906693781284501,0.0,262707.0314437515,6289.017601130848,20001755.571125075,400.0071137383508,312.10396396470526
0.001352292153905964,0.08333333333333333,0.005,264.6808195406883,49.424948390828085,0.014910450907665683,0.0,262707.0329921769,6289.017600669265,20001755.958840176,400.0071152576601,312.1039645574228
0.001352292153905964,0.08333333333333333,0.015,264.6808195406883,49.42493715776991,0.014906693781284501,0.0,262707.0314437515,6289.017601130848,20001755.571125075,400.0071137383508,312.10396396470526
0.001352292153905964,0.11666666666666668,-0.005,264.67637967507267,49.16110632106761,0.019205292026022315,0.0,262692.80680998834,6289.017720677776,20001326.792533822,400.00524792315787,312.10323606640446
0.001352292153905964,0.11666666666666668,0.005,264.67637967507267,49.16111691751122,0.01921045930435375,0.0,262692.808206114,6289.017720250265,20001327.136349093,400.0052492618304,312.10323658865263
0.001352292153905964,0.11666666666666668,0.015,264.67637967507267,49.16110632106761,0.019205292026022315,0.0,262692.80680998834,6289.017720677776,20001326.792533822,400.00524792315787,312.10323606640446
0.001352292153905964,0.15,-0.005,264.6707903221155,48.88856248000949,0.022817415754018404,0.0,262677.8971470197,6289.017839027178,20000786.030649107,400.0028793803209,312.1023120398044
0.001352292153905964,0.15,0.005,264.6707903221155,48.88857239833214,0.02282391194137146,0.0,262677.8983286666,6289.0178386334765,20000786.309984405,400.0028804459526,312.10231245553405
0.001352292153905964,0.15,0.015,264.6707903221155,48.88856248000949,0.022817415754018404,0.0,262677.8971470197,6289.017839027178,20000786.030649107,400.0028793803209,312.1023120398044
0.001352292153905964,0.18333333333333332,-0.005,264.66414532682904,48.60665713809725,0.025948253582855588,0.0,262662.3048073312,6289.0179560860415,20000142.428925496,400.00004903373826,312.1012078486592
0.001352292153905964,0.18333333333333332,0.005,264.66414532682904,48.606666331317335,0.025955987453609105,0.0,262662.30570289725,6289.017955725859,20000142.620067786,400.00004971985106,312.10120811633
0.001352292153905964,0.18333333333333332,0.015,264.66414532682904,48.60665713809725,0.025948253582855588,0.0,262662.3048073312,6289.0179560860415,20000142.428925496,400.00004903373826,312.1012078486592
0.001352292153905964,0.21666666666666667,-0.005,264.6565320929357,48.31466710925517,0.028810840153636705,0.0,262646.02767787746,6289.018071761919,19999404.502385132,399.9967949878195,312.0999383566559
0.001352292153905964,0.21666666666666667,0.005,264.6565320929357,48.31467552589434,0.028819730393961317,0.0,262646.0282097569,6289.018071434926,19999404.579635743,399.9967951790015,312.09993843124136
0.001352292153905964,0.21666666666666667,0.015,264.6565320929357,48.31466710925517,0.028810840153636705,0.0,262646.02767787746,6289.018071761919,19999404.502385132,399.9967949878195,312.0999383566559
0.001352292153905964,0.25,-0.005,264.64801166879016,48.011780649387596,0.03160956395776089,0.0,262629.05300244276,6289.018185961408,19998578.197698798,399.99314382862656,312.09851393379336
0.001352292153905964,0.25,0.005,264.64801166879016,48.011788233902095,0.031619563045489914,0.0,262629.05309059663,6289.018185667242,19998578.134580944,399.9931434059444,312.0985137688925
0.001352292153905964,0.25,0.015,264.64801166879016,48.011780649387596,0.03160956395776089,0.0,262629.05300244276,6289.018185961408,19998578.197698798,399.99314382862656,312.09851393379336
0.001352292153905964,0.2833333333333333,-0.005,264.63860230933284,47.69708122144112,0.03453082477157214,0.0,262611.35212880274,6289.018298588914,19997665.29277451,399.98910344554525,312.0969376558505
0.001352292153905964,0.2833333333333333,0.005,264.63860230933284,47.69708791409704,0.03454194030588886,0.0,262611.35169218236,6289.018298327179,19997665.062517285,399.9891022887124,312.0969372045333
0.001352292153905964,0.2833333333333333,0.015,264.63860230933284,47.69708122144112,0.03453082477157214,0.0,262611.35212880274,6289.018298588914,19997665.29277451,399.98910344554525,312.0969376558505
0.001352292153905964,0.31666666666666665,-0.005,264.62826856032393,47.36952782662858,0.03774618006090227,0.0,262592.8767254555,6289.018409546125,19996662.334971886,399.9846582665412,312.09520344534707
0.001352292153905964,0.31666666666666665,0.005,264.62826856032393,47.36953356286901,0.03775849311099541,0.0,262592.8756796188,6289.018409316385,19996661.909703344,399.9846562502957,312.09520265874113
0.001352292153905964,0.31666666666666665,0.015,264.62826856032393,47.36952782662858,0.03774618006090227,0.0,262592.8767254555,6289.018409546125,19996662.334971886,399.9846582665412,312.09520344534707
0.001352292153905964,0.35,-0.005,264.61691177352293,47.027930482132696,0.04142986786339087,0.0,262573.55524898344,6289.018518732927,19995559.719357442,399.9797651199795,312.09329445682636
0.001352292153905964,0.35,0.005,264.61691177352293,47.02793519129087,0.0414435569157045,0.0,262573.5534984948,6289.018518534716,19995559.067527846,399.9797621025242,312.0932932796074
0.001352292153905964,0.35,0.015,264.61691177352293,47.027930482132696,0.04142986786339087,0.0,262573.55524898344,6289.018518732927,19995559.719357442,399.9797651199795,312.09329445682636
0.001352292153905964,0.38333333333333336,-0.005,264.60435209708794,46.67091893509583,0.045794164086287274,0.0,262553.2867542509,6289.018626050768,19994339.937843446,399.9743453764459,312.09118001068197
0.001352292153905964,0.38333333333333336,0.005,264.60435209708794,46.67092253781344,0.0458095540860053,0.0,262553.28417699336,6289.01862588359,19994339.01890904,399.97434117559783,312.09117837176734
0.001352292153905964,0.38333333333333336,0.015,264.60435209708794,46.67091893509583,0.045794164086287274,0.0,262553.2867542509,6289.018626050768,19994339.937843446,399.9743453764459,312.09118001068197
0.001352292153905964,0.4166666666666667,-0.005,264.59028464123605,46.29690177644447,0.05115524991824209,0.0,262531.9270127418,6289.018731411463,19992973.315782525,399.9682658191776,312.0888081292929
0.001352292153905964,0.4166666666666667,0.005,264.59028464123605,46.296904179228974,0.05117292163179703,0.0,262531.92342927586,6289.018731274809,19992972.069830548,399.96826016582304,312.088805923682
0.001352292153905964,0.4166666666666667,0.015,264.59028464123605,46.29690177644447,0.05115524991824209,0.0,262531.9270127418,6289.018731411463,19992973.315782525,399.9682658191776,312.0888081292929
0.001352292153905964,0.45,-0.005,264.5741795300139,45.90401137874569,0.058060902352319144,0.0,262509.25813534134,6289.018834759688,19991408.28886138,399.9612950207965,312.0860885164844
0.001352292153905964,0.45,0.005,264.5741795300139,45.90401246252172,0.058081921542623,0.0,262509.25324971596,6289.018834653078,19991406.616585452,399.961287469049,312.08608557020506
0.001352292153905964,0.45,0.015,264.5741795300139,45.90401137874569,0.058060902352319144,0.0,262509.25813534134,6289.018834759688,19991408.28886138,399.9612950207965,312.0860885164844
0.001352292153905964,0.4833333333333333,-0.005,264.55507363693766,45.49002710668691,0.06754024455349522,0.0,262484.92653529823,6289.018936131857,19989551.14048796,399.95301243238725,312.08285708630103
0.001352292153905964,0.4833333333333333,0.005,264.55507363693766,45.49002670395337,0.06756659978767435,0.0,262484.91982580954,6289.018936054952,19989548.86625273,399.95300219386206,312.08285309174653
0.001352292153905964,0.4833333333333333,0.015,264.55507363693766,45.49002710668691,0.06754024455349522,0.0,262484.92653529823,6289.018936131857,19989551.14048796,399.95301243238725,312.08285708630103
0.001352292153905964,0.5166666666666667,-0.005,264.5311748415298,45.05226483338433,0.08156922422594605,0.0,262458.3262250991,6289.019035814299,19987227.49552347,399.94263560629435,312.07880854754825
0.001352292153905964,0.5166666666666667,0.005,264.5311748415298,45.052262686715274,0.08160457219099176,0.0,262458.31676064356,6289.019035767219,19987224.305301372,399.9426212715958,312.07880295480163
0.001352292153905964,0.5166666666666667,0.015,264.5311748415298,45.05226483338433,0.08156922422594605,0.0,262458.3262250991,6289.019035814299,19987227.49552347,399.94263560629435,312.07880854754825
0.001352292153905964,0.55,-0.005,264.49919009186186,44.587415775451994,0.10385719623543536,0.0,262428.40159788536,6289.01913477446,19984116.93772798,399.9287267805764,312.07338190993664
0.001352292153905964,0.55,0.005,264.49919009186186,44.587411472044906,0.10390794314630826,0.0,262428.3877727745,6289.019134758589,19984112.28950197,399.92870591710044,312.0733737698167
0.001352292153905964,0.55,0.015,264.49919009186186,44.587415775451994,0.10385719623543536,0.0,262428.40159788536,6289.01913477446,19984116.93772798,399.9287267805764,312.07338190993664
0.001352292153905964,0.5833333333333334,-0.005,264.4533514108972,44.0913153153942,0.14098596377683711,0.0,262393.36191246985,6289.019235800446,19979658.24588003,399.90876746776047,312.0655944623854
0.001352292153905964,0.5833333333333334,0.005,264.4533514108972,44.09130820503339,0.14106246492516375,0.0,262393.3411533928,6289.0192358204085,19979651.270596255,399.9087361746832,312.0655822527344
0.001352292153905964,0.5833333333333334,0.015,264.4533514108972,44.0913153153942,0.14098596377683711,0.0,262393.36191246985,6289.019235800446,19979658.24588003,399.90876746776047,312.0655944623854
0.001352292153905964,0.6166666666666667,-0.005,264.38433512658906,43.55862936731436,0.20367243550714784,0.0,262350.3635651719,6289.019346221795,19972944.301598046,399.87868619163226,312.053857400564
0.001352292153905964,0.6166666666666667,0.005,264.38433512658906,43.5586185022076,0.20378960516029232,0.0,262350.33218483813,6289.019346289467,19972933.753444307,399.8786388750939,312.0538389383288
0.001352292153905964,0.6166666666666667,0.015,264.38433512658906,43.55862936731436,0.20367243550714784,0.0,262350.3635651719,6289.019346221795,19972944.301598046,399.87868619163226,312.053857400564
0.001352292153905964,0.65,-0.005,264.2787091161132,42.9824684813024,0.3074090288963098,0.0,262295.3431805256,6289.0194832141415,19962668.56063991,399.83261615311835,312.03588101444535
0.001352292153905964,0.65,0.005,264.2787091161132,42.9824526639278,0.30758504603050574,0.0,262295.29670173314,6289.01948335444,19962652.925728597,399.83254600950875,312.0358536438369
0.001352292153905964,0.65,0.015,264.2787091161132,42.9824684813024,0.3074090288963098,0.0,262295.3431805256,6289.0194832141415,19962668.56063991,399.83261615311835,312.03588101444535
0.001352292153905964,0.6833333333333333,-0.005,264.1200885586514,42.35397204273871,0.4710923116679015,0.0,262223.34135519766,6289.019680741067,19947238.098920647,399.7633970204549,312.0088699765112
0.001352292153905964,0.6833333333333333,0.005,264.1200885586514,42.35395010269126,0.4713439053977354,0.0,262223.27567619993,6289.0196809943545,19947215.98770152,399.7632977882918,312.0088312519591
0.001352292153905964,0.6833333333333333,0.015,264.1200885586514,42.35397204273871,0.4710923116679015,0.0,262223.34135519766,6289.019680741067,19947238.098920647,399.7633970204549,312.0088699765112
0.001352292153905964,0.7166666666666667,-0.005,263.89336788813023,41.66190488305023,0.712021169412034,0.0,262129.70729559413,6289.019990918811,19925186.180952523,399.66441579314875,311.97024096119503
0.001352292153905964,0.7166666666666667,0.005,263.89336788813023,41.66187626005044,0.7123550474334494,0.0,262129.62079504176,6289.019991327531,19925157.03867707,399.6642849295552,311.9701898864076
0.001352292153905964,0.7166666666666667,0.015,263.89336788813023,41.66190488305023,0.712021169412034,0.0,262129.70729559413,6289.019990918811,19925186.180952523,399.66441579314875,311.97024096119503
0.001352292153905964,0.75,-0.005,263.5924402081145,40.89218167369204,1.0367462392346658,0.0,262012.29087054683,6289.020465593895,19895923.484748907,399.53296689802346,311.9189335213828
0.001352292153905964,0.75,0.005,263.5924402081145,40.89214719475641,1.037149129399822,0.0,262012.18682865895,6289.020466164467,19895888.411356192,399.532809257877,311.91887198584595
0.001352292153905964,0.75,0.015,263.5924402081145,40.89218167369204,1.0367462392346658,0.0,262012.29087054683,6289.020465593895,19895923.484748907,399.53296689802346,311.9189335213828
0.001352292153905964,0.7833333333333333,-0.005,263.22920759447527,40.02685109949472,1.4302818652222193,0.0,261873.96959573933,6289.021113060951,19860612.82671388,399.3741853997922,311.8569462995563
0.001352292153905964,0.7833333333333333,0.005,263.22920759447527,40.026813536174515,1.4307153072040875,0.0,261873.85741863667,6289.021113723144,19860574.99488065,399.37401514862546,311.85687982804086
0.001352292153905964,0.7833333333333333,0.015,263.22920759447527,40.02685109949472,1.4302818652222193,0.0,261873.96959573933,6289.021113060951,19860612.82671388,399.3741853997922,311.8569462995563
0.001352292153905964,0.8166666666666667,-0.005,262.8383489085874,39.04132055060407,1.8500937642323911,0.0,261723.89846648954,6289.021862993847,19822628.960413087,399.2031631631894,311.79016659092053
0.001352292153905964,0.8166666666666667,0.005,262.8383489085874,39.04128435821378,1.8505008214589904,0.0,261723.79198716744,6289.021863614686,19822593.043743733,399.2030012860151,311.79010337534396
0.001352292153905964,0.8166666666666667,0.015,262.8383489085874,39.04132055060407,1.8500937642323911,0.0,261723.89846648954,6289.021862993847,19822628.960413087,399.2031631631894,311.79016659092053
0.001352292153905964,0.85,-0.005,262.4713057983496,37.897319302669615,2.232459064756246,0.0,261575.5756606155,6289.022600095192,19786970.679949097,399.0423952578242,311.72737788540064
0.001352292153905964,0.85,0.005,262.4713057983496,37.897289233869735,2.232784663118264,0.0,261575.48815868967,6289.022600566793,19786941.16599317,399.0422620330809,311.72732584856965
0.001352292153905964,0.85,0.015,262.4713057983496,37.897319302669615,2.232459064756246,0.0,261575.5756606155,6289.022600095192,19786970.679949097,399.0423952578242,311.72737788540064
0.001352292153905964,0.8833333333333332,-0.005,262.1778667201764,36.52624649221098,2.5128390850017746,0.0,261441.14722268932,6289.023269920032,19758472.19919113,398.91378380601634,311.6771389358216
0.001352292153905964,0.8833333333333332,0.005,262.1778667201764,36.52622564198338,2.5130544154939423,0.0,261441.08551711644,6289.02327023468,19758451.38755078,398.91368974929486,311.6771021918774
0.001352292153905964,0.8833333333333332,0.015,262.1778667201764,36.52624649221098,2.5128390850017746,0.0,261441.14722268932,6289.023269920032,19758472.19919113,398.91378380601634,311.6771389358216
0.001352292153905964,0.9166666666666666,-0.005,261.9840177467136,34.78690767194808,2.648703034285246,0.0,261323.99936811026,6289.023972330609,19739656.50512603,398.82891396657345,311.6439821524593
0.001352292153905964,0.9166666666666666,0.005,261.9840177467136,34.78689629039724,2.6488166110039746,0.0,261323.96115910803,6289.023972551734,19739643.611049507,398.82885566189304,311.6439593728879
0.001352292153905964,0.9166666666666666,0.015,261.9840177467136,34.78690767194808,2.648703034285246,0.0,261323.99936811026,6289.023972330609,19739656.50512603,398.82891396657345,311.6439821524593
0.001352292153905964,0.95,-0.005,261.88178858136496,32.32248683689972,2.6193163618309296,0.0,261212.25266666178,6289.025085156771,19729756.908374485,398.7845873729139,311.6266633228401
0.001352292153905964,0.95,0.005,261.88178858136496,32.32248296741856,2.6193617807961203,0.0,261212.2294661552,6289.025085337558,19729749.05985975,398.78455189132137,311.6266494594526
0.001352292153905964,0.95,0.015,261.88178858136496,32.32248683689972,2.6193163618309296,0.0,261212.25266666178,6289.025085156771,19729756.908374485,398.7845873729139,311.6266633228401
0.001352292153905964,0.9833333333333332,-0.005,261.83919932938727,27.65694381619879,2.3341036410988862,0.0,261060.47294558602,6289.027853648682,19725702.564394392,398.7675229955072,311.6199958486572
0.001352292153905964,0.9833333333333332,0.005,261.83919932938727,27.656945319345624,2.3341144837368466,0.0,261060.455989819,6289.027853793377,19725696.803959627,398.7674969551457,311.6199856739351
0.001352292153905964,0.9833333333333332,0.015,261.83919932938727,27.65694381619879,2.3341036410988862,0.0,261060.47294558602,6289.027853648682,19725702.564394392,398.7675229955072,311.6199958486572
0.001352292153905964,1.0166666666666668,-0.005,261.8394266018794,-2.4001519926877562e-05,-2.025604688000636e-06,0.0,261060.55875974472,6289.9931110636035,19754873.162919093,399.35687847536593,311.8501890487462
0.001352292153905964,1.0166666666666668,0.005,261.8396538743715,-27.65694381619879,-2.334103641098886,0.0,261060.64457375443,6289.027956144287,19725749.788920335,398.76778554336164,311.6200984336762
0.001352292153905964,1.0166666666666668,0.015,261.8394266018794,-2.4001519926877562e-05,-2.025604688000636e-06,0.0,261060.55875974472,6289.9931110636035,19754873.162919093,399.35687847536593,311.8501890487462
0.002077550580389358,-0.016666666666666666,-0.005,264.65203172330365,49.88570297122149,-4.1950292421419205e-19,0.0,262722.31924174813,6289.019166064415,19998999.995967224,399.99550055690446,312.0994333624401
0.002077550580389358,-0.016666666666666666,0.005,264.65203172330365,49.885702971221484,-0.0028285993600630625,0.0,262722.3192417481,6289.019166054413,19998999.99566125,399.99550055078464,312.09943336005256
0.002077550580389358,-0.016666666666666666,0.015,264.65203172330365,49.88570297122149,-4.1950292421419205e-19,0.0,262722.31924174813,6289.019166064415,19998999.995967224,399.99550055690446,312.0994333624401
0.002077550580389358,0.016666666666666666,-0.005,264.65203172330365,49.885702971221484,0.0028285993600630625,0.0,262722.3192417481,6289.019166054413,19998999.995661248,399.99550055078464,312.09943336005256
0.002077550580389358,0.016666666666666666,0.005,264.65203172330365,49.88570525683161,0.0028291967645142006,0.0,262722.31849574234,6289.019166040497,19998999.703747865,399.9954992351605,312.09943284678985
0.002077550580389358,0.016666666666666666,0.015,264.65203172330365,49.885702971221484,0.0028285993600630625,0.0,262722.3192417481,6289.019166054413,19998999.995661248,399.99550055078464,312.09943336005256
0.002077550580389358,0.05,-0.005,264.6506320977404,49.63927845145313,0.007746075442863919,0.0,262709.658643724,6289.019170257472,19998863.803964768,399.99489182403846,312.0991958782002
0.002077550580389358,0.05,0.005,264.6506320977404,49.63928043627987,0.007747859528033842,0.0,262709.65784886375,6289.019170245295,19998863.500484362,399.9948904573624,312.09919534502023
0.002077550580389358,0.05,0.015,264.6506320977404,49.63927845145313,0.007746075442863919,0.0,262709.658643724,6289.019170257472,19998863.803964768,399.99489182403846,312.0991958782002
0.002077550580389358,0.08333333333333333,-0.005,264.64823375718976,49.38529250861803,0.011926123136358024,0.0,262696.4000993085,6289.019174220776,19998630.335563343,399.9938467598041,312.0987881680933
0.002077550580389358,0.08333333333333333,0.005,264.64823375718976,49.38529417537329,0.011929055873337726,0.0,262696.3992227015,6289.019174210223,19998630.00955045,399.9938452928443,312.09878759578896
0.002077550580389358,0.08333333333333333,0.015,264.64823375718976,49.38529250861803,0.011926123136358024,0.0,262696.4000993085,6289.019174220776,19998630.335563343,399.9938467598041,312.0987881680933
0.002077550580389358,0.11666666666666667,-0.005,264.64487609090315,49.123244915939935,0.015471203680534265,0.0,262682.5360390154,6289.0191779541565,19998303.429599617,399.9923825671097,312.0982169428263
0.002077550580389358,0.11666666666666667,0.005,264.64487609090315,49.123246249539605,0.015475245660072455,0.0,262682.535043915,6289.019177945122,19998303.06873144,399.9923809445462,312.0982163098153
0.002077550580389358,0.11666666666666667,0.015,264.64487609090315,49.123244915939935,0.015471203680534265,0.0,262682.5360390154,6289.0191779541565,19998303.429599617,399.9923825671097,312.0982169428263
0.002077550580389358,0.15,-0.005,264.64061073887007,48.85257443060598,0.01850975769733764,0.0,262668.06012777076,6289.019181469948,19997888.119874615,399.9905218097633,312.09749100434516
0.002077550580389358,0.15,0.005,264.64061073887007,48.85257541849011,0.01851485859269903,0.0,262668.05897049874,6289.019181462321,19997887.70941632,399.99051996545757,312.0974902848241
0.002077550580389358,0.15,0.015,264.64061073887007,48.85257443060598,0.01850975769733764,0.0,262668.06012777076,6289.019181469948,19997888.119874615,399.9905218097633,312.09749100434516
0.002077550580389358,0.18333333333333332,-0.005,264.6354988742565,48.572649991145205,0.02119619024070122,0.0,262652.96618589293,6289.019184783372,19997390.36912167,399.98829121600335,312.0966207791166
0.002077550580389358,0.18333333333333332,0.005,264.6354988742565,48.57265062325714,0.021202292300479677,0.0,262652.9648155678,6289.019184777051,19997389.89183453,399.9882890725849,312.0966199429001
0.002077550580389358,0.18333333333333332,0.015,264.6354988742565,48.572649991145205,0.02119619024070122,0.0,262652.96618589293,6289.019184783372,19997390.36912167,399.98829121600335,312.0966207791166
0.002077550580389358,0.21666666666666667,-0.005,264.6295987782191,48.28276045582572,0.023700476780013535,0.0,262637.24429482734,6289.0191879130525,19996815.85794366,399.9857162487678,312.09561619987784
0.002077550580389358,0.21666666666666667,0.005,264.6295987782191,48.28276072411796,0.02370752935441203,0.0,262637.24265524314,6289.019187907939,19996815.294734616,399.98571372054516,312.0956152135336
0.002077550580389358,0.21666666666666667,0.015,264.6295987782191,48.28276045582572,0.023700476780013535,0.0,262637.24429482734,6289.0191879130525,19996815.85794366,399.9857162487678,312.09561619987784
0.002077550580389358,0.25,-0.005,264.62294865219707,47.98210241787152,0.026193946927600423,0.0,262620.87548445316,6289.01919088158,19996168.310442924,399.9828135974738,312.0944837764551
0.002077550580389358,0.25,0.005,264.62294865219707,47.9821023153635,0.02620192691158682,0.0,262620.8735165561,6289.019190877581,19996167.641224753,399.9828105942915,312.0944826048089
0.002077550580389358,0.25,0.015,264.62294865219707,47.98210241787152,0.026193946927600423,0.0,262620.87548445316,6289.01919088158,19996168.310442924,399.9828135974738,312.0944837764551
0.002077550580389358,0.2833333333333333,-0.005,264.6155508972835,47.66976527192097,0.028840017246744485,0.0,262603.8267506832,6289.019193716504,19995447.96358592,399.9795843132754,312.09322391755006
0.002077550580389358,0.2833333333333333,0.005,264.6155508972835,47.66976479144999,0.02884894934539692,0.0,262603.8243934909,6289.019193713536,19995447.167610917,399.97958074200824,312.0932225242686
0.002077550580389358,0.2833333333333333,0.015,264.6155508972835,47.66976527192097,0.028840017246744485,0.0,262603.8267506832,6289.019193716504,19995447.96358592,399.9795843132754,312.09322391755006
0.002077550580389358,0.31666666666666665,-0.005,264.60736035065145,47.34471243224011,0.031795814038253455,0.0,262586.0470739265,6289.0191964519945,19994650.422722355,399.97600867488575,312.09182892759264
0.002077550580389358,0.31666666666666665,0.005,264.60736035065145,47.344711564992394,0.03180578990887349,0.0,262586.0442621226,6289.019196449983,19994649.477784563,399.97600443585975,312.09182727378675
0.002077550580389358,0.31666666666666665,0.015,264.60736035065145,47.34471243224011,0.031795814038253455,0.0,262586.0470739265,6289.0191964519945,19994650.422722355,399.97600867488575,312.09182892759264
0.002077550580389358,0.35,-0.005,264.59827317438925,47.00575733743005,0.03522751726859591,0.0,262567.46344721643,6289.019199131706,19993765.581354253,399.9720413414153,312.09028111547116
0.002077550580389358,0.35,0.005,264.59827317438925,47.00575607106161,0.03523872122090147,0.0,262567.4601037824,6289.019199130592,19993764.46130453,399.9720363172605,312.0902791553467
0.002077550580389358,0.35,0.015,264.59827317438925,47.00575733743005,0.03522751726859591,0.0,262567.46344721643,6289.019199131706,19993765.581354253,399.9720413414153,312.09028111547116
0.002077550580389358,0.38333333333333336,-0.005,264.58810711049455,46.65153241928443,0.03934366546279458,0.0,262547.9742019975,6289.019201814172,19992775.701231755,399.96760273801607,312.08854943340015
0.002077550580389358,0.38333333333333336,0.005,264.58810711049455,46.651530734907965,0.039356425462531944,0.0,262547.9702227973,6289.019201813918,19992774.370764785,399.9675967702799,312.08854710513396
0.002077550580389358,0.38333333333333336,0.015,264.58810711049455,46.65153241928443,0.03934366546279458,0.0,262547.9742019975,6289.019201814172,19992775.701231755,399.96760273801607,312.08854943340015
0.002077550580389358,0.41666666666666663,-0.005,264.5765561443545,46.280448279045885,0.04445952848169446,0.0,262527.4346984683,6289.019204583631,19991651.00267082,399.9625592722107,312.08658175792027
0.002077550580389358,0.41666666666666663,0.005,264.5765561443545,46.280446145428336,0.04447442733659119,0.0,262527.42992177256,6289.019204584239,19991649.40701601,399.96255211511084,312.0865789656154
0.002077550580389358,0.41666666666666663,0.015,264.5765561443545,46.280448279045885,0.04445952848169446,0.0,262527.4346984683,6289.019204583631,19991651.00267082,399.9625592722107,312.08658175792027
0.002077550580389358,0.44999999999999996,-0.005,264.56308930216323,45.89063854342636,0.05112402296444809,0.0,262505.6265832622,6289.019207574604,19990339.81932599,399.95667916516055,312.0842876566202
0.002077550580389358,0.44999999999999996,0.005,264.56308930216323,45.89063590516232,0.051142129268566136,0.0,262505.62073051964,6289.019207576166,19990337.864219904,399.9566703957319,312.0842842352485
0.002077550580389358,0.44999999999999996,0.015,264.56308930216323,45.89063854342636,0.05112402296444809,0.0,262505.6265832622,6289.019207574604,19990339.81932599,399.95667916516055,312.0842876566202
0.002077550580389358,0.4833333333333333,-0.005,264.546741131398,45.47988284811583,0.060369504778438575,0.0,262482.1953791341,6289.019211032542,19988748.21331198,399.9495409959368,312.0815027045076
0.002077550580389358,0.4833333333333333,0.005,264.546741131398,45.47987960227063,0.060392812919626324,0.0,262482.18794537673,6289.019211035362,19988745.727955543,399.9495298478305,312.08149835506174
0.002077550580389358,0.4833333333333333,0.015,264.546741131398,45.47988284811583,0.060369504778438575,0.0,262482.1953791341,6289.019211032542,19988748.21331198,399.9495409959368,312.0815027045076
0.002077550580389358,0.5166666666666667,-0.005,264.52571420286176,45.045495896723374,0.07417835762606431,0.0,262456.533254888,6289.019215473431,19986701.29780451,399.94036016476616,312.07792077261774
0.002077550580389358,0.5166666666666667,0.005,264.52571420286176,45.045491850461346,0.07421053662371818,0.0,262456.52332421823,6289.019215478324,19986697.972523697,399.9403452485121,312.077914952958
0.002077550580389358,0.5166666666666667,0.015,264.52571420286176,45.045495896723374,0.07417835762606431,0.0,262456.533254888,6289.019215473431,19986701.29780451,399.94036016476616,312.07792077261774
0.002077550580389358,0.55,-0.005,264.4967041122379,44.584165351610835,0.09627231465345724,0.0,262427.58088667283,6289.019222116323,19983877.555530865,399.9276941554955,312.0729790193868
0.002077550580389358,0.55,0.005,264.4967041122379,44.58416015502969,0.09631979568516488,0.0,262427.56686536653,6289.01922212544,19983872.851625558,399.9276730538553,312.0729707863338
0.002077550580389358,0.55,0.015,264.4967041122379,44.584165351610835,0.09627231465345724,0.0,262427.58088667283,6289.019222116323,19983877.555530865,399.9276941554955,312.0729790193868
0.002077550580389358,0.5833333333333334,-0.005,264.4539199795296,44.09171862598139,0.1332567041460293,0.0,262393.54028491635,6289.0192340274325,19979713.53667886,399.90901475109894,312.0656909451539
0.002077550580389358,0.5833333333333334,0.005,264.4539199795296,44.091711686535376,0.13332989012009616,0.0,262393.5196053842,6289.019234046233,19979706.5864028,399.9089835697623,312.0656787791047
0.002077550580389358,0.5833333333333334,0.015,264.4539199795296,44.09171862598139,0.1332567041460293,0.0,262393.54028491635,6289.0192340274325,19979713.53667886,399.90901475109894,312.0656909451539
0.002077550580389358,0.6166666666666667,-0.005,264.38799454766166,43.56280494327299,0.19589138600720538,0.0,262351.5542972647,6289.019258859902,19973297.87436415,399.88023184220395,312.0544604906682
0.002077550580389358,0.6166666666666667,0.005,264.38799454766166,43.562795358521925,0.19600527560756556,0.0,262351.52326709375,6289.019258901209,19973287.42972305,399.8801849784509,312.0544422051386
0.002077550580389358,0.6166666666666667,0.015,264.38799454766166,43.56280494327299,0.19589138600720538,0.0,262351.5542972647,6289.019258859902,19973297.87436415,399.88023184220395,312.0544604906682
0.002077550580389358,0.65,-0.005,264.28541847926556,42.99050090276368,0.2997415459053551,0.0,262297.5357069738,6289.019314214423,19963316.49230029,399.83544552697674,312.03698505719615
0.002077550580389358,0.65,0.005,264.28541847926556,42.990487495220364,0.29991445457479315,0.0,262297.4898271517,6289.01931430431,19963301.03189456,399.83537614484425,312.03695798381807
0.002077550580389358,0.65,0.015,264.28541847926556,42.99050090276368,0.2997415459053551,0.0,262297.5357069738,6289.019314214423,19963316.49230029,399.83544552697674,312.03698505719615
0.002077550580389358,0.6833333333333333,-0.005,264.1296821165566,42.36587949020494,0.46381410851160043,0.0,262226.48647953616,6289.019434699456,19948164.290568665,399.7674418700342,312.0104484423782
0.002077550580389358,0.6833333333333333,0.005,264.1296821165566,42.365861063243145,0.46406296166102257,0.0,262226.4216044764,6289.019434879821,19948142.41043013,399.7673436451601,312.01041011110647
0.002077550580389358,0.6833333333333333,0.015,264.1296821165566,42.36587949020494,0.46381410851160043,0.0,262226.48647953616,6289.019434699456,19948164.290568665,399.7674418700342,312.0104484423782
0.002077550580389358,0.7166666666666667,-0.005,263.90550029350464,41.67758339318931,0.7055507469852407,0.0,262133.6995911527,6289.019673449626,19926357.033767004,399.6695306008715,311.97223721433824
0.002077550580389358,0.7166666666666667,0.005,263.90550029350464,41.67755928576177,0.7058824947917751,0.0,262133.61403221491,6289.019673764968,19926328.15769242,399.669400896107,311.9721865921545
0.002077550580389358,0.7166666666666667,0.015,263.90550029350464,41.67758339318931,0.7055507469852407,0.0,262133.6995911527,6289.019673449626,19926357.033767004,399.6695306008715,311.97223721433824
0.002077550580389358,0.75,-0.005,263.60654436044837,40.911320352184376,1.0316449526011922,0.0,262016.953654118,6289.020083729961,19897283.83410636,399.53891035747125,311.92125356852716
0.002077550580389358,0.75,0.005,263.60654436044837,40.911291186431235,1.032046563513062,0.0,262016.85060724223,6289.020084189146,19897249.036173355,399.5387539130957,311.9211925002191
0.002077550580389358,0.75,0.015,263.60654436044837,40.911320352184376,1.0316449526011922,0.0,262016.953654118,6289.020083729961,19897283.83410636,399.53891035747125,311.92125356852716
0.002077550580389358,0.7833333333333333,-0.005,263.2444967862434,40.04882192584878,1.4271847624064762,0.0,261879.051485822,6289.020675294058,19862086.2200124,399.38062051540527,311.8594587646749
0.002077550580389358,0.7833333333333333,0.005,263.2444967862434,40.048790145883,1.4276179335343584,0.0,261878.9402716868,6289.0206758291015,19862048.64837908,399.380451386929,311.8593927320259
0.002077550580389358,0.7833333333333333,0.015,263.2444967862434,40.04882192584878,1.4271847624064762,0.0,261879.051485822,6289.020675294058,19862086.2200124,399.38062051540527,311.8594587646749
0.002077550580389358,0.8166666666666667,-0.005,262.8538931020956,39.06506297853755,1.8495444504855107,0.0,261729.09067761403,6289.021378611321,19824125.149676293,399.2096890831187,311.7927150543774
0.002077550580389358,0.8166666666666667,0.005,262.8538931020956,39.06503259592505,1.849952233249865,0.0,261728.98506321353,6289.021379090688,19824089.46179287,399.2095281814695,311.7926522202723
0.002077550580389358,0.8166666666666667,0.015,262.8538931020956,39.06506297853755,1.8495444504855107,0.0,261729.09067761403,6289.021378611321,19824125.149676293,399.2096890831187,311.7927150543774
0.002077550580389358,0.8499999999999999,-0.005,262.48618364651884,37.92125638757544,2.2346632582053454,0.0,261580.55234055532,6289.022078298956,19788400.436787043,399.04861264169705,311.7298063507037
0.002077550580389358,0.8499999999999999,0.005,262.48618364651884,37.92123162901564,2.234990356422669,0.0,261580.46557319502,6289.022078615735,19788371.116644446,399.04848022748246,311.7297546308636
0.002077550580389358,0.8499999999999999,0.015,262.48618364651884,37.92125638757544,2.2346632582053454,0.0,261580.55234055532,6289.022078298956,19788400.436787043,399.04861264169705,311.7298063507037
0.002077550580389358,0.8833333333333333,-0.005,262.19134549184923,36.54827147591252,2.5174116960234074,0.0,261445.6181182526,6289.02272038835,19759764.79055399,398.9193745185726,311.67932298067
0.002077550580389358,0.8833333333333333,0.005,262.19134549184923,36.548254870672935,2.517628910363447,0.0,261445.55701471627,6289.0227205369565,19759744.144462515,398.9192811374207,311.67928650089766
0.002077550580389358,0.8833333333333333,0.015,262.19134549184923,36.54827147591252,2.5174116960234074,0.0,261445.6181182526,6289.02272038835,19759764.79055399,398.9193745185726,311.67932298067
0.002077550580389358,0.9166666666666665,-0.005,261.99568107825667,34.80445469779939,2.654512563386891,0.0,261327.7545821576,6289.023409120903,19740772.11801352,398.83370092870086,311.645852407362
0.002077550580389358,0.9166666666666665,0.005,261.99568107825667,34.80444587423358,2.654627944681473,0.0,261327.71685052486,6289.023409170106,19740759.37070163,398.83364321005115,311.6458298568874
0.002077550580389358,0.9166666666666665,0.015,261.99568107825667,34.80445469779939,2.654512563386891,0.0,261327.7545821576,6289.023409120903,19740772.11801352,398.83370092870086,311.645852407362
0.002077550580389358,0.95,-0.005,261.8915728670812,32.33271542975976,2.624489993757912,0.0,261215.19242929225,6289.024536572063,19730690.379891727,398.788557882905,311.6282146788097
0.002077550580389358,0.95,0.005,261.8915728670812,32.33271187732976,2.6245366908445886,0.0,261215.1695887929,6289.024536585494,19730682.665433936,398.78852293092075,311.628201022419
0.002077550580389358,0.95,0.015,261.8915728670812,32.33271542975976,2.624489993757912,0.0,261215.19242929225,6289.024536572063,19730690.379891727,398.788557882905,311.6282146788097
0.002077550580389358,0.9833333333333332,-0.005,261.84741025048214,27.657473590993803,2.3362527274149536,0.0,261062.67158053236,6289.02739464937,19726485.926379066,398.7708562619614,311.62129824948994
0.002077550580389358,0.9833333333333332,0.005,261.84741025048214,27.65747279468494,2.3362639177570026,0.0,261062.6548880648,6289.02739465453,19726480.29038565,398.7708307203898,311.62128826970115
0.002077550580389358,0.9833333333333332,0.015,261.84741025048214,27.657473590993803,2.3362527274149536,0.0,261062.67158053236,6289.02739464937,19726485.926379066,398.7708562619614,311.62129824948994
0.002077550580389358,1.0166666666666668,-0.005,261.847418987388,-9.22695448932942e-07,-7.794094969597636e-08,0.0,261062.67388077217,6289.992641784217,19755636.122904506,399.36011407761566,311.8514523563087
0.002077550580389358,1.0166666666666668,0.005,261.8474277242938,-27.657473590993803,-2.3362527274149536,0.0,261062.67618101175,6289.027393580702,19726487.590726674,398.77086329953573,311.62130099926213
0.002077550580389358,1.0166666666666668,0.015,261.847418987388,-9.22695448932942e-07,-7.794094969597636e-08,0.0,261062.67388077217,6289.992641784217,19755636.122904506,399.36011407761566,311.8514523563087
0.0028028090068727514,-0.016666666666666666,-0.005,264.64800473954455,49.88031223579664,0.0,0.0,262720.9136405215,6289.019197920362,19998608.85852332,399.99376169975494,312.0987549836582
0.0028028090068727514,-0.016666666666666666,0.005,264.64800473954455,49.88031223579664,-0.0026635862083995944,0.0,262720.9136405215,6289.019197911494,19998608.85825201,399.9937616943284,312.09875498154116
0.0028028090068727514,-0.016666666666666666,0.015,264.64800473954455,49.88031223579664,0.0,0.0,262720.9136405215,6289.019197920362,19998608.85852332,399.99376169975494,312.0987549836582
0.0028028090068727514,0.016666666666666666,-0.005,264.64800473954455,49.88031223579664,0.0026635862083995944,0.0,262720.9136405215,6289.019197911494,19998608.85825201,399.9937616943284,312.09875498154116
0.0028028090068727514,0.016666666666666666,0.005,264.64800473954455,49.88031248907011,0.002664116120071312,0.0,262720.9123889773,6289.01919791129,19998608.42702261,399.99375976045303,312.0987542270792
0.0028028090068727514,0.016666666666666666,0.015,264.64800473954455,49.88031223579664,0.0026635862083995944,0.0,262720.9136405215,6289.019197911494,19998608.85825201,399.9937616943284,312.09875498154116
0.0028028090068727514,0.05,-0.005,264.6467666024542,49.634336544975966,0.007308784996457858,0.0,262708.3211932522,6289.019198245014,19998488.27487247,399.9932211147331,312.09854408540747
0.0028028090068727514,0.05,0.005,264.6467666024542,49.63433665096435,0.007310386245383134,0.0,262708.3199113262,6289.019198244893,19998487.8357837,399.9932191456439,312.0985433172071
0.0028028090068727514,0.05,0.015,264.6467666024542,49.634336544975966,0.007308784996457858,0.0,262708.3211932522,6289.019198245014,19998488.27487247,399.9932211147331,312.09854408540747
0.0028028090068727514,0.08333333333333333,-0.005,264.64460451686756,49.38080911988298,0.01131682957810687,0.0,262695.1525405309,6289.01919861428,19998277.7041634,399.9922770114779,312.09817576238385
0.0028028090068727514,0.08333333333333333,0.005,264.64460451686756,49.38080906544949,0.011319492935767611,0.0,262695.1512015241,6289.0191986142445,19998277.24830244,399.9922749672006,312.09817496484936
0.0028028090068727514,0.08333333333333333,0.015,264.64460451686756,49.38080911988298,0.01131682957810687,0.0,262695.1525405309,6289.01919861428,19998277.7041634,399.9922770114779,312.09817576238385
0.0028028090068727514,0.11666666666666667,-0.005,264.64153496065876,49.11922109556419,0.014765163358011197,0.0,262681.39313174627,6289.019199025573,19997978.753458213,399.9909365856588,312.09765282128296
0.0028028090068727514,0.11666666666666667,0.005,264.64153496065876,49.11922086860044,0.014768876774280798,0.0,262681.3917046898,6289.01919902563,19997978.27043476,399.99093441959224,312.0976519762334
0.0028028090068727514,0.11666666666666667,0.015,264.64153496065876,49.11922109556419,0.014765163358011197,0.0,262681.39313174627,6289.019199025573,19997978.753458213,399.9909365856588,312.09765282128296
0.0028028090068727514,0.15,-0.005,264.6375894244465,48.84900408254148,0.01776097144613754,0.0,262667.03052018257,6289.019199487062,19997594.49398053,399.98921360031073,312.0969806307245
0.0028028090068727514,0.15,0.005,264.6375894244465,48.8490036717482,0.017765708316409626,0.0,262667.02896607824,6289.019199487215,19997593.970647957,399.9892112534912,312.09697971515567
0.0028028090068727514,0.15,0.015,264.6375894244465,48.84900408254148,0.01776097144613754,0.0,262667.03052018257,6289.019199487062,19997594.49398053,399.98921360031073,312.0969806307245
0.0028028090068727514,0.18333333333333332,-0.005,264.6328123875994,48.56952129483348,0.02044169342948175,0.0,262652.0534769851,6289.019200009324,19997129.262559187,399.9871274922695,312.0961667726907
0.0028028090068727514,0.18333333333333332,0.005,264.6328123875994,48.569520689447714,0.020447415447385167,0.0,262652.05174827226,6289.019200009584,19997128.68283742,399.98712489257514,312.0961657584648
0.0028028090068727514,0.18333333333333332,0.015,264.6328123875994,48.56952129483348,0.02044169342948175,0.0,262652.0534769851,6289.019200009324,19997129.262559187,399.9871274922695,312.0961667726907
0.0028028090068727514,0.2166666666666667,-0.005,264.62724910770146,48.28005704339705,0.022964716788964248,0.0,262636.4481448179,6289.019200605867,19996587.47143207,399.9846980358024,312.09521896068634
0.0028028090068727514,0.2166666666666667,0.005,264.62724910770146,48.28005623268232,0.02297138837196588,0.0,262636.44618716586,6289.0192006062425,19996586.816927224,399.98469510073005,312.09521781561494
0.0028028090068727514,0.2166666666666667,0.015,264.62724910770146,48.28005704339705,0.022964716788964248,0.0,262636.4481448179,6289.019200605867,19996587.47143207,399.9846980358024,312.09521896068634
0.0028028090068727514,0.25,-0.005,264.6209281300834,47.979804217208304,0.025492739255286986,0.0,262620.1926214344,6289.019201293854,19995971.904343057,399.98193770193006,312.0941420588763
0.0028028090068727514,0.25,0.005,264.6209281300834,47.97980318962384,0.025500348441070866,0.0,262620.19037629693,6289.0192012943635,19995971.155231856,399.98193434256024,312.0941407482676
0.0028028090068727514,0.25,0.015,264.6209281300834,47.979804217208304,0.025492739255286986,0.0,262620.1926214344,6289.019201293854,19995971.904343057,399.98193770193006,312.0941420588763
0.0028028090068727514,0.2833333333333333,-0.005,264.61384490933335,47.66784902845605,0.02818372064533667,0.0,262603.25177321746,6289.019202095058,19995282.121789865,399.9788445061446,312.09293529169474
0.0028028090068727514,0.2833333333333333,0.005,264.61384490933335,47.66784777054668,0.02819230017218133,0.0,262603.24917893606,6289.019202095721,19995281.25721316,399.97884062890427,312.0929337790406
0.0028028090068727514,0.2833333333333333,0.015,264.61384490933335,47.66784902845605,0.02818372064533667,0.0,262603.25177321746,6289.019202095058,19995282.121789865,399.9788445061446,312.09293529169474
0.0028028090068727514,0.31666666666666665,-0.005,264.60594926991325,47.343151980275756,0.031191609304179982,0.0,262585.57301987085,6289.019203037498,19994513.240959417,399.97539653535335,312.0915901084946
0.0028028090068727514,0.31666666666666665,0.005,264.60594926991325,47.34315047530887,0.03120125666645971,0.0,262585.57000948413,6289.019203038341,19994512.238295224,399.97539203875414,312.09158835419817
0.0028028090068727514,0.31666666666666665,0.015,264.60594926991325,47.343151980275756,0.031191609304179982,0.0,262585.57301987085,6289.019203037498,19994513.240959417,399.97539653535335,312.0915901084946
0.0028028090068727514,0.35,-0.005,264.59713359472,47.00452370577881,0.03468087969477108,0.0,262567.082154832,6289.019204158291,19993654.787288107,399.9715467949106,312.0900881729783
0.0028028090068727514,0.35,0.005,264.59713359472,47.004521931917424,0.03469178364713265,0.0,262567.0786488963,6289.019204159357,19993653.61972975,399.9715415586833,312.09008613011474
0.0028028090068727514,0.35,0.015,264.59713359472,47.00452370577881,0.03468087969477108,0.0,262567.082154832,6289.019204158291,19993654.787288107,399.9715467949106,312.0900881729783
0.0028028090068727514,0.38333333333333336,-0.005,264.587212552524,46.65059384310324,0.0388592244297302,0.0,262547.67651636933,6289.019205508959,19992688.72318195,399.96721436388657,312.0883979121928
0.0028028090068727514,0.38333333333333336,0.005,264.587212552524,46.65059177039783,0.0388717165857402,0.0,262547.6724076824,6289.019205510306,19992687.354571443,399.9672082258039,312.088395517466
0.0028028090068727514,0.38333333333333336,0.015,264.587212552524,46.65059384310324,0.0388592244297302,0.0,262547.67651636933,6289.019205508959,19992688.72318195,399.96721436388657,312.0883979121928
0.0028028090068727514,0.4166666666666667,-0.005,264.5758774187735,46.27977016812098,0.044041517443364334,0.0,262527.2105786375,6289.0192071662395,19991585.004971586,399.9622644617902,312.08646673916263
0.0028028090068727514,0.4166666666666667,0.005,264.5758774187735,46.27976775268066,0.0440561838397763,0.0,262527.2057018492,6289.019207167968,19991583.37951998,399.962257171549,312.0864638949123
0.0028028090068727514,0.4166666666666667,0.015,264.5758774187735,46.27977016812098,0.044041517443364334,0.0,262527.2105786375,6289.0192071662395,19991585.004971586,399.9622644617902,312.08646673916263
0.0028028090068727514,0.45,-0.005,264.5625946818741,45.89018343827589,0.05077647950489043,0.0,262505.4651549542,6289.019209256601,19990291.7190796,399.9564641963408,312.0842037870369
0.0028028090068727514,0.45,0.005,264.5625946818741,45.89018061040113,0.05079439174567744,0.0,262505.4592273893,6289.019209258895,19990289.741356254,399.9564553257864,312.08420032621035
0.0028028090068727514,0.45,0.015,264.5625946818741,45.89018343827589,0.05077647950489043,0.0,262505.4651549542,6289.019209256601,19990291.7190796,399.9564641963408,312.0842037870369
0.0028028090068727514,0.4833333333333334,-0.005,264.54639644207515,45.47961038352837,0.060096320210902186,0.0,262482.0849654733,6289.019212016876,19988714.689204674,399.94939107208404,312.08144421154685
0.0028028090068727514,0.4833333333333334,0.005,264.54639644207515,45.47960702431298,0.06011947553690704,0.0,262482.07747756725,6289.019212020124,19988712.187104702,399.9493798490538,312.08143983286845
0.0028028090068727514,0.4833333333333334,0.015,264.54639644207515,45.47961038352837,0.060096320210902186,0.0,262482.0849654733,6289.019212016876,19988714.689204674,399.94939107208404,312.08144421154685
0.0028028090068727514,0.5166666666666667,-0.005,264.52548291414377,45.04536278855001,0.07398321667726032,0.0,262456.4614095818,6289.019215953975,19986678.798994657,399.94025945390297,312.07788147971075
0.0028028090068727514,0.5166666666666667,0.005,264.52548291414377,45.04535868748175,0.07401528674462389,0.0,262456.45144040167,6289.019215959079,19986675.461410016,399.94024448253543,312.0778756385475
0.0028028090068727514,0.5166666666666667,0.015,264.52548291414377,45.04536278855001,0.07398321667726032,0.0,262456.4614095818,6289.019215953975,19986678.798994657,399.94025945390297,312.07788147971075
0.0028028090068727514,0.55,-0.005,264.4965475115863,44.58412542826898,0.09615850838158785,0.0,262427.5344544657,6289.019222277783,19983862.31861288,399.92762586554034,312.07295237525716
0.0028028090068727514,0.55,0.005,264.4965475115863,44.584120216071256,0.09620592658261645,0.0,262427.5204048725,6289.019222286973,19983857.605299704,399.9276047217105,312.0729441257427
0.0028028090068727514,0.55,0.015,264.4965475115863,44.58412542826898,0.09615850838158785,0.0,262427.5344544657,6289.019222277783,19983862.31861288,399.92762586554034,312.07295237525716
0.0028028090068727514,0.5833333333333334,-0.005,264.45379754549634,44.09172294734185,0.13322673512737976,0.0,262393.5055249807,6289.019234045864,19979701.6221349,399.90896129179157,312.0656700868891
0.0028028090068727514,0.5833333333333334,0.005,264.45379754549634,44.091716010483516,0.13329990574100464,0.0,262393.48482171056,6289.019234064683,19979694.6637307,399.90893007397375,312.06565790660517
0.0028028090068727514,0.5833333333333334,0.015,264.45379754549634,44.09172294734185,0.13322673512737976,0.0,262393.5055249807,6289.019234045864,19979701.6221349,399.90896129179157,312.0656700868891
0.0028028090068727514,0.6166666666666667,-0.005,264.387864711791,43.56280210049783,0.1959462115467673,0.0,262351.51712773205,6289.019258903879,19973285.241023306,399.8801751551954,312.0544383722523
0.0028028090068727514,0.6166666666666667,0.005,264.387864711791,43.56279251419785,0.1960601330491776,0.0,262351.4860726595,6289.019258945231,19973274.787914872,399.88012825343327,312.05442007189095
0.0028028090068727514,0.6166666666666667,0.015,264.387864711791,43.56280210049783,0.1959462115467673,0.0,262351.51712773205,6289.019258903879,19973285.241023306,399.8801751551954,312.0544383722523
0.0028028090068727514,0.65,-0.005,264.28524006133625,42.990437695235414,0.2998792472552262,0.0,262297.4821590796,6289.019314445692,19963299.137651954,399.8353677058528,312.03695469086625
0.0028028090068727514,0.65,0.005,264.28524006133625,42.99042425889875,0.3000522322003707,0.0,262297.43624781136,6289.019314535728,19963283.666933708,399.83529827743655,312.03692759942527
0.0028028090068727514,0.65,0.015,264.28524006133625,42.990437695235414,0.2998792472552262,0.0,262297.4821590796,6289.019314445692,19963299.137651954,399.8353677058528,312.03695469086625
0.0028028090068727514,0.6833333333333333,-0.005,264.1294167791636,42.36570235021368,0.4640278073281157,0.0,262226.4034716635,6289.019435268921,19948138.49061922,399.7673262175084,312.01040331013974
0.0028028090068727514,0.6833333333333333,0.005,264.1294167791636,42.36568384450537,0.46427677419792684,0.0,262226.3385540947,6289.019435449609,19948116.59709449,399.7672279325427,312.0103649554123
0.0028028090068727514,0.6833333333333333,0.015,264.1294167791636,42.36570235021368,0.4640278073281157,0.0,262226.4034716635,6289.019435268921,19948138.49061922,399.7673262175084,312.01040331013974
0.0028028090068727514,0.7166666666666667,-0.005,263.9051162709897,41.677241159408325,0.7058258438512525,0.0,262133.57611327904,6289.019674482201,19926319.706863567,399.6693632332984,311.97217189281923
0.0028028090068727514,0.7166666666666667,0.005,263.9051162709897,41.67721690298716,0.7061577306737967,0.0,262133.49049775026,6289.019674798079,19926290.81356874,399.6692334511607,311.97212124042704
0.0028028090068727514,0.7166666666666667,0.015,263.9051162709897,41.677241159408325,0.7058258438512525,0.0,262133.57611327904,6289.019674482201,19926319.706863567,399.6693632332984,311.97217189281923
0.0028028090068727514,0.75,-0.005,263.60602132331854,40.91076918017109,1.0319563576320108,0.0,262016.78234832248,6289.020085295208,19897233.01416676,399.5386823055695,311.9211645481046
0.0028028090068727514,0.75,0.005,263.60602132331854,40.910739780302805,1.032358115296561,0.0,262016.67922982908,6289.02008575514,19897198.19504441,399.53852576584103,311.921103442558
0.0028028090068727514,0.75,0.015,263.60602132331854,40.91076918017109,1.0319563576320108,0.0,262016.78234832248,6289.020085295208,19897233.01416676,399.5386823055695,311.9211645481046
0.0028028090068727514,0.7833333333333333,-0.005,263.2438309436037,40.04803304749624,1.4274956813926083,0.0,261878.83039716276,6289.020677375963,19862021.55057067,399.3803299564254,311.85934532203646
0.0028028090068727514,0.7833333333333333,0.005,263.2438309436037,40.04800094260551,1.427928985787632,0.0,261878.71909778414,6289.020677911921,19861983.954308033,399.3801607169187,311.85927924601395
0.0028028090068727514,0.7833333333333333,0.015,263.2438309436037,40.04803304749624,1.4274956813926083,0.0,261878.83039716276,6289.020677375963,19862021.55057067,399.3803299564254,311.85934532203646
0.0028028090068727514,0.8166666666666667,-0.005,262.8531007483316,39.064033399000664,1.849809075943179,0.0,261728.8246809914,6289.02138111147,19824048.22417805,399.2093429530952,311.79257988626136
0.0028028090068727514,0.8166666666666667,0.005,262.8531007483316,39.064002607931215,1.8502169577424032,0.0,261728.71897122075,6289.021381591879,19824012.50927674,399.2091819294691,311.7925170044955
0.0028028090068727514,0.8166666666666667,0.015,262.8531007483316,39.064033399000664,1.849809075943179,0.0,261728.8246809914,6289.02138111147,19824048.22417805,399.2093429530952,311.79257988626136
0.0028028090068727514,0.85,-0.005,262.48530095947785,37.92002130769797,2.2348355845521506,0.0,261580.25357555228,6289.022081097676,19788314.774209935,399.0482266631803,311.72965559082945
0.0028028090068727514,0.85,0.005,262.48530095947785,37.91999608010523,2.2351627330547355,0.0,261580.16670754628,6289.022081415629,19788285.42594043,399.04809412190593,311.72960382133584
0.0028028090068727514,0.85,0.015,262.48530095947785,37.92002130769797,2.2348355845521506,0.0,261580.25357555228,6289.022081097676,19788314.774209935,399.0482266631803,311.72965559082945
0.0028028090068727514,0.8833333333333332,-0.005,262.1904232369771,36.54691555687709,2.51746087265178,0.0,261445.30488872746,6289.022723423231,19759675.318899445,398.9189709744867,311.6791653343042
0.0028028090068727514,0.8833333333333332,0.005,262.1904232369771,36.546898461513585,2.5176780855352767,0.0,261445.2436845716,6289.022723573181,19759654.644778203,398.91887746676866,311.67912880506975
0.0028028090068727514,0.8833333333333332,0.015,262.1904232369771,36.54691555687709,2.51746087265178,0.0,261445.30488872746,6289.022723423231,19759675.318899445,398.9189709744867,311.6791653343042
0.0028028090068727514,0.9166666666666666,-0.005,261.9947749085606,34.80311796651118,2.654442059679451,0.0,261327.44864519188,6289.023412380914,19740684.233460553,398.8333043774624,311.64569747614735
0.0028028090068727514,0.9166666666666666,0.005,261.9947749085606,34.80310868716126,2.6545573992216718,0.0,261327.41081814733,6289.023412431624,19740671.4592067,398.8332465372865,311.6456748781817
0.0028028090068727514,0.9166666666666666,0.015,261.9947749085606,34.80311796651118,2.654442059679451,0.0,261327.44864519188,6289.023412380914,19740684.233460553,398.8333043774624,311.64569747614735
0.0028028090068727514,0.95,-0.005,261.89073130683596,32.331588366268186,2.6243552221145237,0.0,261214.9149555021,6289.024539932666,19730608.78078868,398.7881897035986,311.6280708242731
0.0028028090068727514,0.95,0.005,261.89073130683596,32.33158446076899,2.6244018636275,0.0,261214.89202951538,6289.024539947647,19730601.041238554,398.7881546385293,311.62805712369163
0.0028028090068727514,0.95,0.015,261.89073130683596,32.331588366268186,2.6243552221145237,0.0,261214.9149555021,6289.024539932666,19730608.78078868,398.7881897035986,311.6280708242731
0.0028028090068727514,0.9833333333333334,-0.005,261.84665929809455,27.656761581133413,2.3361678276036186,0.0,261062.43675731396,6289.027397294882,19726413.10585245,398.77052746903223,311.62116978109896
0.0028028090068727514,0.9833333333333334,0.005,261.84665929809455,27.65676059951265,2.3361789880589465,0.0,261062.41999207417,6289.02739730133,19726407.44693206,398.7705018240851,311.62115976091434
0.0028028090068727514,0.9833333333333334,0.015,261.84665929809455,27.656761581133413,2.3361678276036186,0.0,261062.43675731396,6289.027397294882,19726413.10585245,398.77052746903223,311.62116978109896
0.0028028090068727514,1.0166666666666666,-0.005,261.8466584236072,9.233681286843655e-08,7.799694339550555e-09,0.0,261062.43650709497,6289.99259596611,19755560.79558162,399.35975095569785,311.85131057935206
0.0028028090068727514,1.0166666666666666,0.005,261.8466575491198,-27.656761581133413,-2.3361678276036186,0.0,261062.43625687592,6289.027397301412,19726412.936262466,398.77052670348814,311.62116948197985
0.0028028090068727514,1.0166666666666666,0.015,261.8466584236072,9.233681286843655e-08,7.799694339550555e-09,0.0,261062.43650709497,6289.99259596611,19755560.79558162,399.35975095569785,311.85131057935206
0.0035280674333561446,-0.016666666666666666,-0.005,264.6476146331487,49.87978506628353,0.0,0.0,262720.7761886886,6289.019198365927,19998570.892393928,399.99359165817606,312.09868864541016
0.0035280674333561446,-0.016666666666666666,0.005,264.6476146331487,49.87978506628353,-0.0026433754785034186,0.0,262720.7761886886,6289.019198357193,19998570.892126717,399.9935916528315,312.0986886433251
0.0035280674333561446,-0.016666666666666666,0.015,264.6476146331487,49.87978506628353,0.0,0.0,262720.7761886886,6289.019198365927,19998570.892393928,399.99359165817606,312.09868864541016
0.0035280674333561446,0.016666666666666666,-0.005,264.6476146331487,49.87978506628353,0.0026433754785034186,0.0,262720.7761886886,6289.019198357193,19998570.892126717,399.9935916528315,312.0986886433251
0.0035280674333561446,0.016666666666666666,0.005,264.6476146331487,49.879785047309255,0.002643894173680774,0.0,262720.7748685787,6289.019198357245,19998570.442113522,399.9935896348417,312.0986878560476
0.0035280674333561446,0.016666666666666666,0.015,264.6476146331487,49.87978506628353,0.0026433754785034186,0.0,262720.7761886886,6289.019198357193,19998570.892126717,399.9935916528315,312.0986886433251
0.0035280674333561446,0.05000000000000001,-0.005,264.6464016856523,49.633870509131505,0.007256920713224026,0.0,262708.19406387367,6289.019198614225,19998452.75910047,399.9930620244101,312.0984820195267
0.0035280674333561446,0.05000000000000001,0.005,264.6464016856523,49.63387037241844,0.007258492705120628,0.0,262708.1927177177,6289.019198614315,19998452.302188564,399.99305997549345,312.09848122018315
0.0035280674333561446,0.05000000000000001,0.015,264.6464016856523,49.633870509131505,0.007256920713224026,0.0,262708.19406387367,6289.019198614225,19998452.75910047,399.9930620244101,312.0984820195267
0.0035280674333561446,0.08333333333333333,-0.005,264.64427458281114,49.380405463799306,0.011248150093596953,0.0,262695.0385667978,6289.019198916629,19998245.5925443,399.9921331537034,312.0981196391089
0.0035280674333561446,0.08333333333333333,0.005,264.64427458281114,49.38040519701798,0.01125077295975696,0.0,262695.0371691742,6289.019198916768,19998245.120246973,399.99213103579876,312.0981188128501
0.0035280674333561446,0.08333333333333333,0.015,264.64427458281114,49.380405463799306,0.011248150093596953,0.0,262695.0385667978,6289.019198916629,19998245.5925443,399.9921331537034,312.0981196391089
0.0035280674333561446,0.11666666666666668,-0.005,264.64124509079414,49.11887796793436,0.014690061169495443,0.0,262681.29364750785,6289.019199270025,19997950.54093959,399.9908101840631,312.09760350810996
0.0035280674333561446,0.11666666666666668,0.005,264.64124509079414,49.11887755858845,0.014693728454331248,0.0,262681.29216828756,6289.019199270222,19997950.043163724,399.99080795190434,312.09760263727577
0.0035280674333561446,0.11666666666666668,0.015,264.64124509079414,49.11887796793436,0.014690061169495443,0.0,262681.29364750785,6289.019199270025,19997950.54093959,399.9908101840631,312.09760350810996
0.0035280674333561446,0.15,-0.005,264.63734108445755,48.84871765713343,0.017686250184709467,0.0,262666.945730791,6289.01919968187,19997570.323416095,399.9891052994847,312.0969383791313
0.0035280674333561446,0.15,0.005,264.63734108445755,48.84871709259402,0.01769093950360001,0.0,262666.9441313684,6289.019199682138,19997569.78717554,399.9891028948301,312.09693744099906
0.0035280674333561446,0.15,0.015,264.63734108445755,48.84871765713343,0.017686250184709467,0.0,262666.945730791,6289.01919968187,19997570.323416095,399.9891052994847,312.0969383791313
0.0035280674333561446,0.18333333333333332,-0.005,264.6326044699272,48.56928659924396,0.02037146199125039,0.0,262651.98279928346,6289.019200162023,19997109.02624251,399.9870368130223,312.0961313957434
0.0035280674333561446,0.18333333333333332,0.005,264.6326044699272,48.56928586673693,0.020377137993573494,0.0,262651.98103210435,6289.019200162371,19997108.435497124,399.987034163931,312.09613036224596
0.0035280674333561446,0.18333333333333332,0.015,264.6326044699272,48.56928659924396,0.02037146199125039,0.0,262651.98279928346,6289.019200162023,19997109.02624251,399.9870368130223,312.0961313957434
0.0035280674333561446,0.21666666666666667,-0.005,264.62707883089564,48.27986853364443,0.022901203110728855,0.0,262636.39049298613,6289.01920072329,19996570.898679692,399.98462376786375,312.0951899862408
0.0035280674333561446,0.21666666666666667,0.005,264.62707883089564,48.27986761997838,0.02290783210405066,0.0,262636.38850342226,6289.019200723735,19996570.234978713,399.9846207915798,312.0951888250913
0.0035280674333561446,0.21666666666666667,0.015,264.62707883089564,48.27986853364443,0.022901203110728855,0.0,262636.39049298613,6289.01920072329,19996570.898679692,399.98462376786375,312.0951899862408
0.0035280674333561446,0.25,-0.005,264.62079174462036,47.97965615350874,0.02543694685809415,0.0,262620.146627306,6289.019201382151,19995958.630222432,399.98187821209194,312.09411884978994
0.0035280674333561446,0.25,0.005,264.62079174462036,47.97965504444007,0.02544451794698454,0.0,262620.14435629774,6289.019201382711,19995957.873615764,399.9818748191289,312.09411752607525
0.0035280674333561446,0.25,0.015,264.62079174462036,47.97965615350874,0.02543694685809415,0.0,262620.146627306,6289.019201382151,19995958.630222432,399.98187821209194,312.09411884978994
0.0035280674333561446,0.2833333333333333,-0.005,264.6137382057243,47.66773571141367,0.02813590323324323,0.0,262603.21594300715,6289.019202159693,19995271.736589894,399.9787979600565,312.0929171323522
0.0035280674333561446,0.2833333333333333,0.005,264.6137382057243,47.66773439068473,0.02814444963623746,0.0,262603.21332824917,6289.019202160393,19995270.866047088,399.9787940560748,312.09291560926516
0.0035280674333561446,0.2833333333333333,0.015,264.6137382057243,47.66773571141367,0.02813590323324323,0.0,262603.21594300715,6289.019202159693,19995271.736589894,399.9787979600565,312.0929171323522
0.0035280674333561446,0.31666666666666665,-0.005,264.6058679190972,47.34306789908635,0.03115158071313189,0.0,262585.54583855986,6289.019203083308,19994505.323329233,399.97536104611936,312.0915762627783
0.0035280674333561446,0.31666666666666665,0.005,264.6058679190972,47.343066347168794,0.031161200013803615,0.0,262585.5428123779,6289.019203084177,19994504.316033732,399.97535652875945,312.09157450038225
0.0035280674333561446,0.31666666666666665,0.015,264.6058679190972,47.34306789908635,0.03115158071313189,0.0,262585.54583855986,6289.019203083308,19994505.323329233,399.97536104611936,312.0915762627783
0.0035280674333561446,0.35,-0.005,264.597073365576,47.00446363668793,0.03464819800052013,0.0,262567.06215290946,6289.01920418948,19993648.925409272,399.97152051801163,312.0900779212993
0.0035280674333561446,0.35,0.005,264.597073365576,47.00446182903176,0.03465907879267389,0.0,262567.0586351314,6289.019204190563,19993647.75435241,399.97151526610025,312.0900758723166
0.0035280674333561446,0.35,0.015,264.597073365576,47.00446363668793,0.03464819800052013,0.0,262567.06215290946,6289.01920418948,19993648.925409272,399.97152051801163,312.0900779212993
0.0035280674333561446,0.3833333333333333,-0.005,264.58716944984087,46.65055292283443,0.03883329196223434,0.0,262547.6623125733,6289.019205529141,19992684.52819811,399.967195557417,312.08839057499017
0.0035280674333561446,0.3833333333333333,0.005,264.58716944984087,46.65055082691676,0.03884576553884065,0.0,262547.6581952878,6289.0192055305,19992683.15702371,399.96718940783876,312.08838817577833
0.0035280674333561446,0.3833333333333333,0.015,264.58716944984087,46.65055292283443,0.03883329196223434,0.0,262547.6623125733,6289.019205529141,19992684.52819811,399.967195557417,312.08839057499017
0.0035280674333561446,0.4166666666666667,-0.005,264.57584777520935,46.27974395637315,0.044021630746464965,0.0,262527.20090892445,6289.019207178461,19991582.119938783,399.9622515266017,312.0864616925649
0.0035280674333561446,0.4166666666666667,0.005,264.57584777520935,46.27974152591665,0.0440362827159016,0.0,262527.19602611737,6289.019207180197,19991580.492671303,399.9622442282177,312.0864588451376
0.0035280674333561446,0.4166666666666667,0.015,264.57584777520935,46.27974395637315,0.044021630746464965,0.0,262527.20090892445,6289.019207178461,19991582.119938783,399.9622515266017,312.0864616925649
0.0035280674333561446,0.44999999999999996,-0.005,264.56257522588305,45.89016797643074,0.05076185255520636,0.0,262505.45889431285,6289.019209263356,19990289.825577166,399.95645570570076,312.0842004744331
0.0035280674333561446,0.44999999999999996,0.005,264.56257522588305,45.89016513957935,0.05077975401257216,0.0,262505.45296270796,6289.019209265654,19990287.846616585,399.9564468295975,312.0841970114416
0.0035280674333561446,0.44999999999999996,0.015,264.56257522588305,45.89016797643074,0.05076185255520636,0.0,262505.45889431285,6289.019209263356,19990289.825577166,399.95645570570076,312.0842004744331
0.0035280674333561446,0.48333333333333334,-0.005,264.54638435433156,45.47960225267466,0.06008609501553746,0.0,262482.08114629996,6289.019212020141,19988713.512827232,399.9493857963335,312.0814421532066
0.0035280674333561446,0.48333333333333334,0.005,264.54638435433156,45.47959888863767,0.060109242625943506,0.0,262482.0736558095,6289.0192120233905,19988711.009920917,399.94937456968626,312.081437773117
0.0035280674333561446,0.48333333333333334,0.015,264.54638435433156,45.47960225267466,0.06008609501553746,0.0,262482.08114629996,6289.019212020141,19988713.512827232,399.9493857963335,312.0814421532066
0.0035280674333561446,0.5166666666666667,-0.005,264.5254758784368,45.045359167808826,0.07397646928072625,0.0,262456.4592383403,6289.019215955254,19986678.114305854,399.9402563827124,312.0778802814684
0.0035280674333561446,0.5166666666666667,0.005,264.5254758784368,45.04535506450381,0.07400853406558534,0.0,262456.44926759857,6289.019215960358,19986674.776223358,399.940241409111,312.07787443943363
0.0035280674333561446,0.5166666666666667,0.015,264.5254758784368,45.045359167808826,0.07397646928072625,0.0,262456.4592383403,6289.019215955254,19986678.114305854,399.9402563827124,312.0778802814684
0.0035280674333561446,0.55,-0.005,264.49654376184003,44.584124153199575,0.09615425526552077,0.0,262427.5333270325,6289.019222278084,19983861.95371928,399.9276242284401,312.0729517365232
0.0035280674333561446,0.55,0.005,264.49654376184003,44.58411894013695,0.0962016699312858,0.0,262427.51927656954,6289.019222287275,19983857.240122918,399.9276030833396,312.07294348651294
0.0035280674333561446,0.55,0.015,264.49654376184003,44.584124153199575,0.09615425526552077,0.0,262427.5333270325,6289.019222278084,19983861.95371928,399.9276242284401,312.0729517365232
0.0035280674333561446,0.5833333333333334,-0.005,264.45379590704795,44.09172256715649,0.1332239445362376,0.0,262393.50504010473,6289.019234045754,19979701.462702464,399.9089605762654,312.06566980771163
0.0035280674333561446,0.5833333333333334,0.005,264.45379590704795,44.09171562999116,0.1332971126382179,0.0,262393.4843364354,6289.019234064573,19979694.50416706,399.9089293578584,312.06565762719777
0.0035280674333561446,0.5833333333333334,0.015,264.45379590704795,44.09172256715649,0.1332239445362376,0.0,262393.50504010473,6289.019234045754,19979701.462702464,399.9089605762654,312.06566980771163
0.0035280674333561446,0.6166666666666667,-0.005,264.38786463122636,43.56280193104132,0.19594382606596625,0.0,262351.5170966884,6289.019258903375,19973285.23317203,399.88017511971407,312.05443835840805
0.0035280674333561446,0.6166666666666667,0.005,264.38786463122636,43.56279234461546,0.19605774534451242,0.0,262351.486041582,6289.019258944727,19973274.780054253,399.8801282179097,312.05442005803013
0.0035280674333561446,0.6166666666666667,0.015,264.38786463122636,43.56280193104132,0.19594382606596625,0.0,262351.5170966884,6289.019258903375,19973285.23317203,399.88017511971407,312.05443835840805
0.0035280674333561446,0.65,-0.005,264.2852416134113,42.9904378609668,0.2998762275858684,0.0,262297.48260795174,6289.019314444144,19963299.288611375,399.8353683830001,312.03695495509373
0.0035280674333561446,0.65,0.005,264.2852416134113,42.99042442477279,0.3000492098929642,0.0,262297.43669702316,6289.019314534178,19963283.818007324,399.83529895509605,312.03692786385267
0.0035280674333561446,0.65,0.015,264.2852416134113,42.9904378609668,0.2998762275858684,0.0,262297.48260795174,6289.019314444144,19963299.288611375,399.8353683830001,312.03695495509373
0.0035280674333561446,0.6833333333333333,-0.005,264.1294206317465,42.365703800939,0.4640232111834538,0.0,262226.4046301757,6289.019435264867,19948138.8652789,399.76732789898284,312.0104039663183
0.0035280674333561446,0.6833333333333333,0.005,264.1294206317465,42.365685296196745,0.46427217440738855,0.0,262226.3397134294,6289.019435445551,19948116.972021382,399.7672296152171,312.0103656120592
0.0035280674333561446,0.6833333333333333,0.015,264.1294206317465,42.365703800939,0.4640232111834538,0.0,262226.4046301757,6289.019435264867,19948138.8652789,399.76732789898284,312.0104039663183
0.0035280674333561446,0.7166666666666667,-0.005,263.9051235811219,41.677245634298316,0.7058189543692283,0.0,262133.57838156002,6289.019674473526,19926320.41760035,399.66936642533585,311.97217313863257
0.0035280674333561446,0.7166666666666667,0.005,263.9051235811219,41.677221380646394,0.7061508361568195,0.0,262133.49276751885,6289.019674789395,19926291.5247744,399.66923664530646,311.9721224870635
0.0035280674333561446,0.7166666666666667,0.015,263.9051235811219,41.677245634298316,0.7058189543692283,0.0,262133.57838156002,6289.019674473526,19926320.41760035,399.66936642533585,311.97217313863257
0.0035280674333561446,0.75,-0.005,263.60603353521975,40.910779072507694,1.0319468655395927,0.0,262016.7862317696,6289.020085280014,19897234.201133106,399.5386876421558,311.9211666312499
0.0035280674333561446,0.75,0.005,263.60603353521975,40.910749678499684,1.0323486167302542,0.0,262016.68311563978,6289.020085739933,19897199.382735733,399.5385311056927,311.9211055269783
0.0035280674333561446,0.75,0.015,263.60603353521975,40.910779072507694,1.0319468655395927,0.0,262016.7862317696,6289.020085280014,19897234.201133106,399.5386876421558,311.9211666312499
0.0035280674333561446,0.7833333333333333,-0.005,263.2438494721729,40.04805110363744,1.4274838957662264,0.0,261878.83640240715,6289.02067735425,19862023.350904472,399.38033806249166,311.85934848688
0.0035280674333561446,0.7833333333333333,0.005,263.2438494721729,40.04801900907439,1.4279171926247767,0.0,261878.72510644826,6289.020677890195,19861985.755666316,399.3801688276087,311.8592824126634
0.0035280674333561446,0.7833333333333333,0.015,263.2438494721729,40.04805110363744,1.4274838957662264,0.0,261878.83640240715,6289.02067735425,19862023.350904472,399.38033806249166,311.85934848688
0.0035280674333561446,0.8166666666666665,-0.005,262.8531265685565,39.06406217866618,1.8497960862977363,0.0,261728.83317573578,6289.0213810866035,19824050.73218576,399.20935426485136,311.79258430364496
0.0035280674333561446,0.8166666666666665,0.005,262.8531265685565,39.064031403522556,1.8502039603094473,0.0,261728.72747052766,6289.021381566999,19824015.01862441,399.20919324728465,311.7925214242462
0.0035280674333561446,0.8166666666666665,0.015,262.8531265685565,39.06406217866618,1.8497960862977363,0.0,261728.83317573578,6289.0213810866035,19824050.73218576,399.20935426485136,311.79258430364496
0.0035280674333561446,0.8500000000000001,-0.005,262.4853341814583,37.92006236386234,2.2348232362094635,0.0,261580.26463273028,6289.022081075392,19788318.000259418,399.0482412385018,311.7296612838254
0.0035280674333561446,0.8500000000000001,0.005,262.4853341814583,37.920037158254665,2.235150377781972,0.0,261580.17777037222,6289.022081393334,19788288.65362304,399.04810870462353,311.72960951722155
0.0035280674333561446,0.8500000000000001,0.015,262.4853341814583,37.92006236386234,2.2348232362094635,0.0,261580.26463273028,6289.022081075392,19788318.000259418,399.0482412385018,311.7296612838254
0.0035280674333561446,0.8833333333333333,-0.005,262.1904628032398,36.54696838790744,2.517451390515785,0.0,261445.31815679607,6289.022723407602,19759679.160183217,398.9189883541482,311.679172123751
0.0035280674333561446,0.8833333333333333,0.005,262.1904628032398,36.546951319936575,2.5176685984276355,0.0,261445.25695914825,6289.022723557545,19759658.487925924,398.91889485487815,311.67913559781766
0.0035280674333561446,0.8833333333333333,0.015,262.1904628032398,36.54696838790744,2.517451390515785,0.0,261445.31815679607,6289.022723407602,19759679.160183217,398.9189883541482,311.679172123751
0.0035280674333561446,0.9166666666666666,-0.005,261.99481856485113,34.80317897197225,2.654437222370224,0.0,261327.46330067806,6289.023412370575,19740688.471179962,398.83332356837246,311.64570497397216
0.0035280674333561446,0.9166666666666666,0.005,261.99481856485113,34.803169723363204,2.654552559579062,0.0,261327.4254806207,6289.023412421279,19740675.69892546,398.8332657372598,311.645682379548
0.0035280674333561446,0.9166666666666666,0.015,261.99481856485113,34.80317897197225,2.654437222370224,0.0,261327.46330067806,6289.023412370575,19740688.471179962,398.83332356837246,311.64570497397216
0.0035280674333561446,0.9499999999999998,-0.005,261.89077595802115,32.33165023795263,2.624355171183673,0.0,261214.92979077145,6289.024539922664,19730613.114634693,398.7882093379014,311.6280784957638
0.0035280674333561446,0.9499999999999998,0.005,261.89077595802115,32.33164636275605,2.6244018128068816,0.0,261214.90687174984,6289.024539937639,19730605.37710452,398.7881742819882,311.62806479876014
0.0035280674333561446,0.9499999999999998,0.015,261.89077595802115,32.33165023795263,2.624355171183673,0.0,261214.92979077145,6289.024539922664,19730613.114634693,398.7882093379014,311.6280784957638
0.0035280674333561446,0.9833333333333334,-0.005,261.84670186341566,27.65681411979232,2.336169935720928,0.0,261062.45045547746,6289.027397293586,19726417.237301517,398.77054619343596,311.6211770972371
0.0035280674333561446,0.9833333333333334,0.005,261.84670186341566,27.656813163364788,2.336181097359959,0.0,261062.43369666688,6289.027397300023,19726411.580315176,398.77052055725375,311.62116708047745
0.0035280674333561446,0.9833333333333334,0.015,261.84670186341566,27.65681411979232,2.336169935720928,0.0,261062.45045547746,6289.027397293586,19726417.237301517,398.77054619343596,311.6211770972371
0.0035280674333561446,1.0166666666666666,-0.005,261.84670191643283,-5.5971955121370605e-09,-4.727948264315468e-10,0.0,261062.450470723,6289.992599566058,19755565.13214122,399.3597723165305,311.8513189194559
0.0035280674333561446,1.0166666666666666,0.005,261.84670196944995,-27.656814119792315,-2.336169935720928,0.0,261062.45048596855,6289.027397293581,19726417.247593366,398.7705462400796,311.621177115462
0.0035280674333561446,1.0166666666666666,0.015,261.84670191643283,-5.5971955121370605e-09,-4.727948264315468e-10,0.0,261062.450470723,6289.992599566058,19755565.13214122,399.3597723165305,311.8513189194559
0.004253325859839538,-0.016666666666666666,-0.005,264.6475824549715,49.87974169220429,0.0,0.0,262720.7648450445,6289.019198371137,19998567.760209076,399.9935776148515,312.0986831666934
0.004253325859839538,-0.016666666666666666,0.005,264.6475824549715,49.87974169220429,-0.0026415132717241665,0.0,262720.7648450446,6289.0191983624145,19998567.759942252,399.99357760951466,312.0986831646114
0.004253325859839538,-0.016666666666666666,0.015,264.6475824549715,49.87974169220429,0.0,0.0,262720.7648450445,6289.019198371137,19998567.760209076,399.9935776148515,312.0986831666934
0.004253325859839538,0.016666666666666666,-0.005,264.64758245497154,49.87974169220429,0.0026415132717241665,0.0,262720.7648450445,6289.0191983624145,19998567.759942245,399.99357760951455,312.0986831646113
0.004253325859839538,0.016666666666666666,0.005,264.64758245497154,49.87974164477873,0.002642030664737629,0.0,262720.763517683,6289.019198362471,19998567.307939086,399.99357558260255,312.09868237385285
0.004253325859839538,0.016666666666666666,0.015,264.64758245497154,49.87974169220429,0.0026415132717241665,0.0,262720.7648450445,6289.0191983624145,19998567.759942245,399.99357760951455,312.0986831646113
0.004253325859839538,0.05,-0.005,264.6463723246297,49.6338333136975,0.007252266817772033,0.0,262708.1838410213,6289.0191986183045,19998449.901143238,399.9930492102218,312.0984770203291
0.004253325859839538,0.05,0.005,264.6463723246297,49.633833152365455,0.007253835514285788,0.0,262708.18248824513,6289.0191986184,19998449.442389548,399.99304715304714,312.0984762177638
0.004253325859839538,0.05,0.015,264.6463723246297,49.6338333136975,0.007252266817772033,0.0,262708.1838410213,6289.0191986183045,19998449.901143238,399.9930492102218,312.0984770203291
0.004253325859839538,0.08333333333333333,-0.005,264.6442489795435,49.380374543958354,0.011242248157402135,0.0,262695.02973520284,6289.019198919778,19998243.100386165,399.9921219793608,312.098115279659
0.004253325859839538,0.08333333333333333,0.005,264.6442489795435,49.38037425648653,0.011244866683595717,0.0,262695.0283317571,6289.01919891992,19998242.626451127,399.9921198541129,312.0981144505354
0.004253325859839538,0.08333333333333333,0.015,264.6442489795435,49.380374543958354,0.011242248157402135,0.0,262695.02973520284,6289.019198919778,19998243.100386165,399.9921219793608,312.098115279659
0.004253325859839538,0.11666666666666667,-0.005,264.64122357205616,49.11885294170542,0.014683923087872867,0.0,262681.28627872013,6289.019199272404,19997948.44638708,399.9908007922704,312.09759984408083
0.004253325859839538,0.11666666666666667,0.005,264.64122357205616,49.11885251542672,0.01468758569600191,0.0,262681.28479454835,6289.019199272602,19997947.947205767,399.9907985538096,312.09759897078794
0.004253325859839538,0.11666666666666667,0.015,264.64122357205616,49.11885294170542,0.014683923087872867,0.0,262681.28627872013,6289.019199272404,19997948.44638708,399.9908007922704,312.09759984408083
0.004253325859839538,0.15,-0.005,264.63732355979164,48.84869789077707,0.017680474157452313,0.0,262666.9397651747,6289.01919968364,19997568.617657155,399.98909765081606,312.09693539514245
0.004253325859839538,0.15,0.005,264.63732355979164,48.84869731272507,0.017685158936750656,0.0,262666.93816166767,6289.019199683908,19997568.080248423,399.98909524092323,312.0969344549666
0.004253325859839538,0.15,0.015,264.63732355979164,48.84869789077707,0.017680474157452313,0.0,262666.9397651747,6289.01919968364,19997568.617657155,399.98909765081606,312.09693539514245
0.004253325859839538,0.18333333333333332,-0.005,264.63259059616365,48.5692713569433,0.020366353148262708,0.0,262651.9781005078,6289.019200163298,19997107.675864328,399.98703075772266,312.09612903337234
0.004253325859839538,0.18333333333333332,0.005,264.63259059616365,48.569270613918526,0.02037202502969021,0.0,262651.9763300542,6289.019200163647,19997107.08417619,399.98702810440386,312.0961279982256
0.004253325859839538,0.18333333333333332,0.015,264.63259059616365,48.5692713569433,0.020366353148262708,0.0,262651.9781005078,6289.019200163298,19997107.675864328,399.98703075772266,312.09612903337234
0.004253325859839538,0.21666666666666667,-0.005,264.6270681369861,48.27985706925116,0.022896876654694205,0.0,262636.38688823755,6289.01920072419,19996569.857823916,399.98461910037275,312.095188165294
0.004253325859839538,0.21666666666666667,0.005,264.6270681369861,48.27985614760666,0.022903502083591303,0.0,262636.3848961195,6289.019200724636,19996569.193383068,399.9846161207709,312.0951870028501
0.004253325859839538,0.21666666666666667,0.015,264.6270681369861,48.27985706925116,0.022896876654694205,0.0,262636.38688823755,6289.01920072419,19996569.857823916,399.98461910037275,312.095188165294
0.004253325859839538,0.25,-0.005,264.6207837177485,47.97964776235449,0.02543340546475648,0.0,262620.1439343806,6289.0192013827755,19995957.848967273,399.9818747086161,312.09411748296026
0.004253325859839538,0.25,0.005,264.6207837177485,47.979646647399264,0.02544097358555537,0.0,262620.1416614333,6289.019201383337,19995957.091795594,399.98187131311903,312.0941161582569
0.004253325859839538,0.25,0.015,264.6207837177485,47.97964776235449,0.02543340546475648,0.0,262620.1439343806,6289.0192013827755,19995957.848967273,399.9818747086161,312.09411748296026
0.004253325859839538,0.2833333333333333,-0.005,264.6137323451866,47.66772975675404,0.028133089216068632,0.0,262603.2139869253,6289.01920216011,19995271.16619434,399.9787954020768,312.0929161343901
0.004253325859839538,0.2833333333333333,0.005,264.6137323451866,47.667728431814744,0.028141633226715417,0.0,262603.21137073624,6289.01920216081,19995270.295231845,399.978791496213,312.0929146105688
0.004253325859839538,0.2833333333333333,0.015,264.6137323451866,47.66772975675404,0.028133089216068632,0.0,262603.2139869253,6289.01920216011,19995271.16619434,399.9787954020768,312.0929161343901
0.004253325859839538,0.31666666666666665,-0.005,264.60586376656164,47.34306382359249,0.03114940810207126,0.0,262585.54446070135,6289.019203083569,19994504.919178378,399.9753592336059,312.09157555564695
0.004253325859839538,0.31666666666666665,0.005,264.60586376656164,47.343062268769415,0.031159025532210262,0.0,262585.5414334938,6289.01920308444,19994503.911579996,399.97535471488754,312.09157379272096
0.004253325859839538,0.31666666666666665,0.015,264.60586376656164,47.34306382359249,0.03114940810207126,0.0,262585.54446070135,6289.019203083569,19994504.919178378,399.9753592336059,312.09157555564695
0.004253325859839538,0.35,-0.005,264.5970705197495,47.00446096561008,0.034646570827333883,0.0,262567.0612152828,6289.019204189632,19993648.648441743,399.97151927582917,312.09007743667377
0.004253325859839538,0.35,0.005,264.5970705197495,47.004459156032055,0.034657450201276196,0.0,262567.0576967931,6289.019204190717,19993647.477172982,399.97151402296737,312.0900753873203
0.004253325859839538,0.35,0.015,264.5970705197495,47.00446096561008,0.034646570827333883,0.0,262567.0612152828,6289.019204189632,19993648.648441743,399.97151927582917,312.09007743667377
0.004253325859839538,0.38333333333333336,-0.005,264.5871675716505,46.650551262615444,0.0388321141474501,0.0,262547.6616991529,6289.01920552923,19992684.345410027,399.9671947375876,312.0883902551398
0.004253325859839538,0.38333333333333336,0.005,264.5871675716505,46.650549165490105,0.03884458668389791,0.0,262547.6575813907,6289.019205530589,19992682.974092286,399.96718858736625,312.0883878556772
0.004253325859839538,0.38333333333333336,0.015,264.5871675716505,46.650551262615444,0.0388321141474501,0.0,262547.6616991529,6289.01920552923,19992684.345410027,399.9671947375876,312.0883902551398
0.004253325859839538,0.4166666666666667,-0.005,264.5758465874983,46.279742990659244,0.04402081137749353,0.0,262527.20052528806,6289.019207178511,19991582.004353143,399.96225100815883,312.0864614902971
0.004253325859839538,0.4166666666666667,0.005,264.5758465874983,46.2797405594904,0.044035462612047056,0.0,262527.19564217393,6289.019207180247,19991580.3769922,399.9622437093557,312.08645864270625
0.004253325859839538,0.4166666666666667,0.015,264.5758465874983,46.279742990659244,0.04402081137749353,0.0,262527.20052528806,6289.019207178511,19991582.004353143,399.96225100815883,312.0864614902971
0.004253325859839538,0.45,-0.005,264.5625745099237,45.89016746036446,0.05076130886910893,0.0,262505.45866630727,6289.019209263386,19990289.755904775,399.9564553931799,312.08420035250384
0.004253325859839538,0.45,0.005,264.5625745099237,45.89016462312503,0.0507792098292457,0.0,262505.4527345127,6289.019209265684,19990287.77688557,399.95644651681386,312.0841968894098
0.004253325859839538,0.45,0.015,264.5625745099237,45.89016746036446,0.05076130886910893,0.0,262505.45866630727,6289.019209263386,19990289.755904775,399.9564553931799,312.08420035250384
0.004253325859839538,0.48333333333333334,-0.005,264.54638394436756,45.47960200583847,0.06008575433858181,0.0,262482.08101807086,6289.019212020154,19988713.472934704,399.9493856173797,312.0814420833875
0.004253325859839538,0.48333333333333334,0.005,264.54638394436756,45.47959864161054,0.060108901629266034,0.0,262482.07352746784,6289.019212023404,19988710.96999296,399.9493743905735,312.08143770323596
0.004253325859839538,0.48333333333333334,0.015,264.54638394436756,45.47960200583847,0.06008575433858181,0.0,262482.08101807086,6289.019212020154,19988713.472934704,399.9493856173797,312.0814420833875
0.004253325859839538,0.5166666666666667,-0.005,264.5254756548004,45.04535906593624,0.07397627053182479,0.0,262456.4591699247,6289.019215955265,19986678.092546552,399.9402562850961,312.07788024338294
0.004253325859839538,0.5166666666666667,0.005,264.5254756548004,45.04535496254888,0.07400833512346469,0.0,262456.44919911795,6289.0192159603685,19986674.75444315,399.94024131140094,312.0778744013115
0.004253325859839538,0.5166666666666667,0.015,264.5254756548004,45.04535906593624,0.07397627053182479,0.0,262456.4591699247,6289.019215955265,19986678.092546552,399.9402562850961,312.07788024338294
0.004253325859839538,0.55,-0.005,264.49654364292206,44.58412411868585,0.0961541502687448,0.0,262427.533291555,6289.019222278093,19983861.94215079,399.9276241765378,312.07295171627294
0.004253325859839538,0.55,0.005,264.49654364292206,44.58411890559342,0.0962015648272435,0.0,262427.51924105367,6289.019222287283,19983857.228541832,399.92760303138067,312.0729434662406
0.004253325859839538,0.55,0.015,264.49654364292206,44.58412411868585,0.0961541502687448,0.0,262427.533291555,6289.019222278093,19983861.94215079,399.9276241765378,312.07295171627294
0.004253325859839538,0.5833333333333334,-0.005,264.4537958402646,44.091722558386245,0.13322389915503474,0.0,262393.5050206595,6289.019234045758,19979701.4562075,399.9089605471198,312.06566979633993
0.004253325859839538,0.5833333333333334,0.005,264.4537958402646,44.09171562121288,0.13329706720658227,0.0,262393.4843169644,6289.019234064576,19979694.497663457,399.9089293286741,312.0656576158109
0.004253325859839538,0.5833333333333334,0.015,264.4537958402646,44.091722558386245,0.13322389915503474,0.0,262393.5050206595,6289.019234045758,19979701.4562075,399.9089605471198,312.06566979633993
0.004253325859839538,0.6166666666666667,-0.005,264.38786458322994,43.562801930576825,0.1959438209748666,0.0,262351.5170829764,6289.019258903376,19973285.228506118,399.8801750987707,312.0544383502363
0.004253325859839538,0.6166666666666667,0.005,264.38786458322994,43.56279234415088,0.1960577402425694,0.0,262351.486027847,6289.019258944728,19973274.7753805,399.8801281969311,312.05442004984457
0.004253325859839538,0.6166666666666667,0.015,264.38786458322994,43.562801930576825,0.1959438209748666,0.0,262351.5170829764,6289.019258903376,19973285.228506118,399.8801750987707,312.0544383502363
0.004253325859839538,0.65,-0.005,264.28524156000464,42.990437862757254,0.29987625824724334,0.0,262297.48259281344,6289.019314444173,19963299.283421803,399.8353683597105,312.03695494600595
0.004253325859839538,0.65,0.005,264.28524156000464,42.990424426565276,0.3000492405772686,0.0,262297.43668185687,6289.019314534208,19963283.812808182,399.8352989317634,312.0369278547481
0.004253325859839538,0.65,0.015,264.28524156000464,42.990437862757254,0.29987625824724334,0.0,262297.48259281344,6289.019314444173,19963299.283421803,399.8353683597105,312.03695494600595
0.004253325859839538,0.6833333333333333,-0.005,264.1294205483352,42.36570379692683,0.4640232863339534,0.0,262226.40460626245,6289.019435264947,19948138.857174866,399.76732786260834,312.0104039521235
0.004253325859839538,0.6833333333333333,0.005,264.1294205483352,42.365685292181354,0.46427224961842434,0.0,262226.33968947607,6289.019435445631,19948116.963903703,399.7672295787813,312.0103655978405
0.004253325859839538,0.6833333333333333,0.015,264.1294205483352,42.36570379692683,0.4640232863339534,0.0,262226.40460626245,6289.019435264947,19948138.857174866,399.76732786260834,312.0104039521235
0.004253325859839538,0.7166666666666666,-0.005,263.9051234349013,41.67724560128816,0.7058190921495667,0.0,262133.57833857718,6289.019674473703,19926320.403394755,399.6693663615388,311.97217311373333
0.004253325859839538,0.7166666666666666,0.005,263.9051234349013,41.6772213476098,0.7061509740453139,0.0,262133.49272447595,6289.019674789575,19926291.510548703,399.669236581419,311.97212246212894
0.004253325859839538,0.7166666666666666,0.015,263.9051234349013,41.67724560128816,0.7058190921495667,0.0,262133.57833857718,6289.019674473703,19926320.403394755,399.6693663615388,311.97217311373333
0.004253325859839538,0.7499999999999999,-0.005,263.60603328073563,40.910778961011374,1.0319470865330034,0.0,262016.78615478973,6289.020085280356,19897234.176412538,399.5386875310249,311.9211665878698
0.004253325859839538,0.7499999999999999,0.005,263.60603328073563,40.91074956691804,1.032348837890348,0.0,262016.68303857147,6289.020085740277,19897199.357986204,399.5385309944315,311.9211054835473
0.004253325859839538,0.7499999999999999,0.015,263.60603328073563,40.910778961011374,1.0319470865330034,0.0,262016.78615478973,6289.020085280356,19897234.176412538,399.5386875310249,311.9211665878698
0.004253325859839538,0.7833333333333334,-0.005,263.2438490520216,40.04805083176426,1.4274842128850687,0.0,261878.83627188433,6289.020677354796,19862023.310098775,399.380337878788,311.8593484151568
0.004253325859839538,0.7833333333333334,0.005,263.2438490520216,40.04801873700091,1.4279175099738264,0.0,261878.7249757999,6289.02067789074,19861985.71482059,399.38016864372463,311.8592823408697
0.004253325859839538,0.7833333333333334,0.015,263.2438490520216,40.04805083176426,1.4274842128850687,0.0,261878.83627188433,6289.020677354796,19862023.310098775,399.380337878788,311.8593484151568
0.004253325859839538,0.8166666666666668,-0.005,262.85312592076747,39.06406163579973,1.8497964928583235,0.0,261728.83296984635,6289.021381087289,19824050.669284943,399.2093539811827,311.79258419286873
0.004253325859839538,0.8166666666666668,0.005,262.85312592076747,39.06403086026905,1.850204367155538,0.0,261728.72726446766,6289.021381567686,19824014.955670726,399.209192963377,311.7925213133767
0.004253325859839538,0.8166666666666668,0.015,262.85312592076747,39.06406163579973,1.8497964928583235,0.0,261728.83296984635,6289.021381087289,19824050.669284943,399.2093539811827,311.79258419286873
0.004253325859839538,0.8500000000000001,-0.005,262.48533325411233,37.920061430082114,2.2348236957188217,0.0,261580.26433246548,6289.022081076047,19788317.910230897,399.0482408317683,311.72966112495874
0.004253325859839538,0.8500000000000001,0.005,262.48533325411233,37.9200362238282,2.235150837605069,0.0,261580.17746988617,6289.02208139399,19788288.563527737,399.04810829758765,311.72960935823687
0.004253325859839538,0.8500000000000001,0.015,262.48533325411233,37.920061430082114,2.2348236957188217,0.0,261580.26433246548,6289.022081076047,19788317.910230897,399.0482408317683,311.72966112495874
0.004253325859839538,0.8833333333333334,-0.005,262.1904615747886,36.546966973989086,2.517451834342721,0.0,261445.31775353054,6289.022723407997,19759679.04093928,398.91898781459327,311.67917191297136
0.004253325859839538,0.8833333333333334,0.005,262.1904615747886,36.546949905066036,2.517669042550486,0.0,261445.2565556099,6289.02272355794,19759658.368601333,398.9188943149577,311.67913538689515
0.004253325859839538,0.8833333333333334,0.015,262.1904615747886,36.546966973989086,2.517451834342721,0.0,261445.31775353054,6289.022723407997,19759679.04093928,398.91898781459327,311.67917191297136
0.004253325859839538,0.9166666666666667,-0.005,261.9948170649736,34.80317707779319,2.654437563237694,0.0,261327.4628046207,6289.023412370673,19740688.325602945,398.8333229089919,311.6457047163543
0.004253325859839538,0.9166666666666667,0.005,261.9948170649736,34.80316782793473,2.6545529006688273,0.0,261327.42498424597,6289.0234124213775,19740675.55325579,398.8332650774592,311.64568212176613
0.004253325859839538,0.9166666666666667,0.015,261.9948170649736,34.80317707779319,2.654437563237694,0.0,261327.4628046207,6289.023412370673,19740688.325602945,398.8333229089919,311.6457047163543
0.004253325859839538,0.9500000000000001,-0.005,261.89077427943977,32.33164801461182,2.624355338520508,0.0,261214.92923670818,6289.024539922584,19730612.951722108,398.7882085996172,311.6280782073023
0.004253325859839538,0.9500000000000001,0.005,261.89077427943977,32.33164413797542,2.6244019802492184,0.0,261214.90631734306,6289.024539937559,19730605.214091633,398.78817354324923,311.62806451012096
0.004253325859839538,0.9500000000000001,0.015,261.89077427943977,32.33164801461182,2.624355338520508,0.0,261214.92923670818,6289.024539922584,19730612.951722108,398.7882085996172,311.6280782073023
0.004253325859839538,0.9833333333333334,-0.005,261.8467001506393,27.656811894638018,2.3361699281392085,0.0,261062.44990122807,6289.027397293059,19726417.071063068,398.7705454397429,311.6211768027485
0.004253325859839538,0.9833333333333334,0.005,261.8467001506393,27.65681093677612,2.336181089765206,0.0,261062.43314207776,6289.027397299498,19726411.41397547,398.7705198031017,311.6211667858095
0.004253325859839538,0.9833333333333334,0.015,261.8467001506393,27.656811894638018,2.3361699281392085,0.0,261062.44990122807,6289.027397293059,19726417.071063068,398.7705454397429,311.6211768027485
0.004253325859839538,1.0166666666666666,-0.005,261.84670014829976,2.469524902566126e-10,2.0860067143863937e-11,0.0,261062.44990055505,6289.992599413273,19755564.955674723,399.3597714443172,311.8513185789097
0.004253325859839538,1.0166666666666666,0.005,261.84670014596026,-27.656811894638018,-2.336169928139209,0.0,261062.44989988208,6289.027397293058,19726417.07060893,398.77054543768384,311.621176801944
0.004253325859839538,1.0166666666666666,0.015,261.84670014829976,2.469524902566126e-10,2.0860067143863937e-11,0.0,261062.44990055505,6289.992599413273,19755564.955674723,399.3597714443172,311.8513185789097
0.004978584286322931,-0.016666666666666666,-0.005,264.64758011828116,49.879738562541625,0.0,0.0,262720.76402226574,6289.019198371192,19998567.532780886,399.9935765950113,312.0986827688235
0.004978584286322931,-0.016666666666666666,0.005,264.64758011828116,49.879738562541625,-0.002641370150303694,0.0,262720.76402226574,6289.019198362472,19998567.53251408,399.9935765896749,312.09868276674166
0.004978584286322931,-0.016666666666666666,0.015,264.64758011828116,49.879738562541625,0.0,0.0,262720.76402226574,6289.019198371192,19998567.532780886,399.9935765950113,312.0986827688235
0.004978584286322931,0.016666666666666666,-0.005,264.64758011828116,49.879738562541625,0.002641370150303694,0.0,262720.76402226574,6289.019198362472,19998567.53251408,399.9935765896749,312.09868276674166
0.004978584286322931,0.016666666666666666,0.005,264.64758011828116,49.87973851262465,0.0026418874225317256,0.0,262720.76269426174,6289.019198362527,19998567.08033412,399.99357456197015,312.09868197567397
0.004978584286322931,0.016666666666666666,0.015,264.64758011828116,49.879738562541625,0.002641370150303694,0.0,262720.76402226574,6289.019198362472,19998567.53251408,399.9935765896749,312.09868276674166
0.004978584286322931,0.05,-0.005,264.6463702421401,49.633830700218084,0.007251917246874025,0.0,262708.18311715865,6289.019198618352,19998449.698458653,399.99304830133246,312.09847666574416
0.004978584286322931,0.05,0.005,264.6463702421401,49.6338305367854,0.0072534856454561725,0.0,262708.1817638097,6289.019198618447,19998449.23954515,399.9930462434412,312.0984758628993
0.004978584286322931,0.05,0.015,264.6463702421401,49.633830700218084,0.007251917246874025,0.0,262708.18311715865,6289.019198618352,19998449.698458653,399.99304830133246,312.09847666574416
0.004978584286322931,0.08333333333333333,-0.005,264.64424722480476,49.38037245108267,0.011241821567793487,0.0,262695.0291312176,6289.019198919809,19998242.929603647,399.99212121351775,312.09811498088044
0.004978584286322931,0.08333333333333333,0.005,264.64424722480476,49.38037216190884,0.011244439717960658,0.0,262695.02772728534,6289.01919891995,19998242.455531318,399.99211908765415,312.09811415151654
0.004978584286322931,0.08333333333333333,0.015,264.64424722480476,49.38037245108267,0.011241821567793487,0.0,262695.0291312176,6289.019198919809,19998242.929603647,399.99212121351775,312.09811498088044
0.004978584286322931,0.11666666666666667,-0.005,264.6412221575389,49.118851322230725,0.01468349907884594,0.0,262681.2857956031,6289.019199272428,19997948.308719818,399.9908001749191,312.097599603233
0.004978584286322931,0.11666666666666667,0.005,264.6412221575389,49.11885089461947,0.014687161301040365,0.0,262681.28431103483,6289.019199272626,19997947.80942556,399.9907979359519,312.0975987297425
0.004978584286322931,0.11666666666666667,0.015,264.6412221575389,49.118851322230725,0.01468349907884594,0.0,262681.2857956031,6289.019199272428,19997948.308719818,399.9908001749191,312.097599603233
0.004978584286322931,0.15,-0.005,264.63732246106304,48.84869667500055,0.017680094873337642,0.0,262666.93939230876,6289.019199683651,19997568.510725874,399.9890971712858,312.0969352080624
0.004978584286322931,0.15,0.005,264.63732246106304,48.84869609593723,0.017684779297434828,0.0,262666.93778848986,6289.019199683918,19997567.97322763,399.9890947609914,312.09693426772986
0.004978584286322931,0.15,0.015,264.63732246106304,48.84869667500055,0.017680094873337642,0.0,262666.93939230876,6289.019199683651,19997568.510725874,399.9890971712858,312.0969352080624
0.004978584286322931,0.18333333333333332,-0.005,264.6325897702176,48.5692704701019,0.020366035772444748,0.0,262651.9778217825,6289.019200163301,19997107.595482573,399.9870303972443,312.0961288927379
0.004978584286322931,0.18333333333333332,0.005,264.6325897702176,48.56926972633216,0.020371707349318948,0.0,262651.97605109174,6289.019200163651,19997107.003725853,399.987027743618,312.09612785747123
0.004978584286322931,0.18333333333333332,0.015,264.6325897702176,48.5692704701019,0.020366035772444748,0.0,262651.9778217825,6289.019200163301,19997107.595482573,399.9870303972443,312.0961288927379
0.004978584286322931,0.21666666666666665,-0.005,264.62706753469666,48.27985644093979,0.02289662353960013,0.0,262636.3866860641,6289.019200724199,19996569.79921007,399.9846188375118,312.09518806274303
0.004978584286322931,0.21666666666666665,0.005,264.62706753469666,48.279855518762716,0.022903248720576953,0.0,262636.384693771,6289.019200724644,19996569.134718288,399.98461585768155,312.0951869002099
0.004978584286322931,0.21666666666666665,0.015,264.62706753469666,48.27985644093979,0.02289662353960013,0.0,262636.3866860641,6289.019200724199,19996569.79921007,399.9846188375118,312.09518806274303
0.004978584286322931,0.25,-0.005,264.6207832913936,47.97964733088472,0.025433211241885214,0.0,262620.14379202906,6289.019201382767,19995957.807475585,399.9818745225301,312.0941174103615
0.004978584286322931,0.25,0.005,264.6207832913936,47.97964621556063,0.025440779169093073,0.0,262620.1415189565,6289.019201383328,19995957.050267197,399.9818711268685,312.09411608559395
0.004978584286322931,0.25,0.015,264.6207832913936,47.97964733088472,0.025433211241885214,0.0,262620.14379202906,6289.019201382767,19995957.807475585,399.9818745225301,312.0941174103615
0.004978584286322931,0.2833333333333333,-0.005,264.6137320523193,47.66772947059194,0.028132945242113464,0.0,262603.2138897243,6289.019202160111,19995271.137694232,399.97879527425675,312.0929160845228
0.004978584286322931,0.2833333333333333,0.005,264.6137320523193,47.667728145405874,0.028141489106986977,0.0,262603.211273448,6289.019202160811,19995270.266706023,399.97879136827754,312.0929145606565
0.004978584286322931,0.2833333333333333,0.015,264.6137320523193,47.66772947059194,0.028132945242113464,0.0,262603.2138897243,6289.019202160111,19995271.137694232,399.97879527425675,312.0929160845228
0.004978584286322931,0.31666666666666665,-0.005,264.6058635715929,47.34306364123795,0.031149304966742127,0.0,262585.54439643904,6289.019203083569,19994504.900205694,399.97535914851227,312.0915755224487
0.004978584286322931,0.31666666666666665,0.005,264.6058635715929,47.34306208625614,0.031158922290835684,0.0,262585.5413691727,6289.01920308444,19994503.89258982,399.9753546297156,312.0915737594921
0.004978584286322931,0.31666666666666665,0.015,264.6058635715929,47.34306364123795,0.031149304966742127,0.0,262585.54439643904,6289.019203083569,19994504.900205694,399.97535914851227,312.0915755224487
0.004978584286322931,0.35,-0.005,264.5970703941127,47.004460854732045,0.03464649963158095,0.0,262567.0611742268,6289.01920418964,19993648.636216525,399.97151922100034,312.09007741528285
0.004978584286322931,0.35,0.005,264.5970703941127,47.004459045056464,0.034657378931059774,0.0,262567.0576556984,6289.019204190724,19993647.464936156,399.97151396808636,312.090075365909
0.004978584286322931,0.35,0.015,264.5970703941127,47.004460854732045,0.03464649963158095,0.0,262567.0611742268,6289.01920418964,19993648.636216525,399.97151922100034,312.09007741528285
0.004978584286322931,0.38333333333333336,-0.005,264.5871674932789,46.650551198870566,0.03883206707963904,0.0,262547.6616738169,6289.019205529228,19992684.337784156,399.9671947033818,312.0883902417947
0.004978584286322931,0.38333333333333336,0.005,264.5871674932789,46.650549101688405,0.038844539565794124,0.0,262547.65755603,6289.019205530588,19992682.966458898,399.96718855312673,312.0883878423189
0.004978584286322931,0.38333333333333336,0.015,264.5871674932789,46.650551198870566,0.03883206707963904,0.0,262547.6616738169,6289.019205529228,19992684.337784156,399.9671947033818,312.0883902417947
0.004978584286322931,0.41666666666666674,-0.005,264.5758465399412,46.279742956412754,0.044020781924822255,0.0,262527.20051013073,6289.019207178503,19991581.999725763,399.9622509873985,312.08646148219754
0.004978584286322931,0.41666666666666674,0.005,264.5758465399412,46.279740525212866,0.04403543312693457,0.0,262527.195627001,6289.0192071802385,19991580.37235998,399.96224368857355,312.0864586345982
0.004978584286322931,0.41666666666666674,0.015,264.5758465399412,46.279742956412754,0.044020781924822255,0.0,262527.20051013073,6289.019207178503,19991581.999725763,399.9622509873985,312.08646148219754
0.004978584286322931,0.45,-0.005,264.5625744813571,45.89016744342172,0.050761291854662875,0.0,262505.4586573763,6289.019209263378,19990289.75312542,399.9564553807085,312.0842003476381
0.004978584286322931,0.45,0.005,264.5625744813571,45.890164606166586,0.05077919279510681,0.0,262505.4527255716,6289.019209265676,19990287.774103027,399.956446504328,312.0841968845384
0.004978584286322931,0.45,0.015,264.5625744813571,45.89016744342172,0.050761291854662875,0.0,262505.4586573763,6289.019209263378,19990289.75312542,399.9564553807085,312.0842003476381
0.004978584286322931,0.48333333333333334,-0.005,264.5463839265889,45.47960199824363,0.060085745888985,0.0,262482.0810126511,6289.019212020147,19988713.471205257,399.9493856096179,312.08144208035924
0.004978584286322931,0.48333333333333334,0.005,264.5463839265889,45.47959863400844,0.06010889316884604,0.0,262482.0735220409,6289.019212023396,19988710.968261193,399.94937438280135,312.0814377002036
0.004978584286322931,0.48333333333333334,0.015,264.5463839265889,45.47960199824363,0.060085745888985,0.0,262482.0810126511,6289.019212020147,19988713.471205257,399.9493856096179,312.08144208035924
0.004978584286322931,0.5166666666666667,-0.005,264.5254756422428,45.04535906287167,0.07397626802703111,0.0,262456.45916620316,6289.019215955258,19986678.091325384,399.94025627961446,312.07788024124426
0.004978584286322931,0.5166666666666667,0.005,264.5254756422428,45.04535495948126,0.07400833261400912,0.0,262456.4491953903,6289.019215960363,19986674.753219943,399.94024130591026,312.0778743991693
0.004978584286322931,0.5166666666666667,0.015,264.5254756422428,45.04535906287167,0.07397626802703111,0.0,262456.45916620316,6289.019215955258,19986678.091325384,399.94025627961446,312.07788024124426
0.004978584286322931,0.55,-0.005,264.49654363173323,44.584124117501396,0.09615415229519521,0.0,262427.5332883129,6289.019222278093,19983861.94106339,399.92762417165864,312.0729517143693
0.004978584286322931,0.55,0.005,264.49654363173323,44.58411890440775,0.09620156685354042,0.0,262427.5192378048,6289.019222287283,19983857.22745215,399.92760302649134,312.0729434643329
0.004978584286322931,0.55,0.015,264.49654363173323,44.584124117501396,0.09615415229519521,0.0,262427.5332883129,6289.019222278093,19983861.94106339,399.92762417165864,312.0729517143693
0.004978584286322931,0.5833333333333334,-0.005,264.4537958274884,44.0917225577833,0.13322390544857118,0.0,262393.50501699303,6289.019234045759,19979701.454966363,399.90896054155047,312.0656697941669
0.004978584286322931,0.5833333333333334,0.005,264.4537958274884,44.09171562060936,0.1332970735036643,0.0,262393.484313289,6289.019234064576,19979694.496419277,399.9089293230911,312.0656576136326
0.004978584286322931,0.5833333333333334,0.015,264.4537958274884,44.0917225577833,0.13322390544857118,0.0,262393.50501699303,6289.019234045759,19979701.454966363,399.90896054155047,312.0656697941669
0.004978584286322931,0.6166666666666667,-0.005,264.387864566165,43.56280192997766,0.1959438322800512,0.0,262351.51707809215,6289.019258903383,19973285.226848956,399.8801750913355,312.0544383473352
0.004978584286322931,0.6166666666666667,0.005,264.387864566165,43.56279234355125,0.19605775155465824,0.0,262351.48602294986,6289.019258944735,19973274.773718964,399.88012818947624,312.05442004693583
0.004978584286322931,0.6166666666666667,0.015,264.387864566165,43.56280192997766,0.1959438322800512,0.0,262351.51707809215,6289.019258903383,19973285.226848956,399.8801750913355,312.0544383473352
0.004978584286322931,0.65,-0.005,264.2852415359143,42.990437861885994,0.2998762759655716,0.0,262297.4825859141,6289.019314444173,19963299.281082463,399.8353683492054,312.0369549419068
0.004978584286322931,0.65,0.005,264.2852415359143,42.99042442569348,0.3000492583054241,0.0,262297.43667493906,6289.019314534207,19963283.810462557,399.83529892123016,312.03692785063794
0.004978584286322931,0.65,0.015,264.2852415359143,42.990437861885994,0.2998762759655716,0.0,262297.4825859141,6289.019314444173,19963299.281082463,399.8353683492054,312.0369549419068
0.004978584286322931,0.6833333333333333,-0.005,264.1294205146478,42.365703795639085,0.4640233118185702,0.0,262226.4045966199,6289.019435264965,19948138.85390457,399.767327847923,312.0104039463927
0.004978584286322931,0.6833333333333333,0.005,264.1294205146478,42.36568529089301,0.4642722751146144,0.0,262226.33967980806,6289.019435445648,19948116.96062477,399.7672295640571,312.01036559209456
0.004978584286322931,0.6833333333333333,0.015,264.1294205146478,42.365703795639085,0.4640233118185702,0.0,262226.4045966199,6289.019435264965,19948138.85390457,399.767327847923,312.0104039463927
0.004978584286322931,0.7166666666666668,-0.005,263.9051233900489,41.677245599654256,0.7058191256289297,0.0,262133.5783257455,6289.019674473737,19926320.39904141,399.6693663419776,311.97217310609886
0.004978584286322931,0.7166666666666668,0.005,263.9051233900489,41.67722134597544,0.7061510075356635,0.0,262133.49271161185,6289.019674789608,19926291.506184362,399.6692365618082,311.9721224544751
0.004978584286322931,0.7166666666666668,0.015,263.9051233900489,41.677245599654256,0.7058191256289297,0.0,262133.5783257455,6289.019674473737,19926320.39904141,399.6693663419776,311.97217310609886
0.004978584286322931,0.7499999999999999,-0.005,263.60603322535235,40.91077895962922,1.0319471259754052,0.0,262016.78613897142,6289.020085280403,19897234.171038132,399.53868750685115,311.9211665784335
0.004978584286322931,0.7499999999999999,0.005,263.60603322535235,40.91074956553624,1.0323488773399194,0.0,262016.68302271588,6289.020085740323,19897199.35259912,399.5385309702006,311.92110547408873
0.004978584286322931,0.7499999999999999,0.015,263.60603322535235,40.91077895962922,1.0319471259754052,0.0,262016.78613897142,6289.020085280403,19897234.171038132,399.53868750685115,311.9211665784335
0.004978584286322931,0.7833333333333332,-0.005,263.243848989896,40.04805083217997,1.4274842535133947,0.0,261878.83625421178,6289.020677354849,19862023.304071236,399.38033785163924,311.85934840455707
0.004978584286322931,0.7833333333333332,0.005,263.243848989896,40.048018737419035,1.4279175506025283,0.0,261878.72495808915,6289.020677890793,19861985.70878008,399.38016861651727,311.85928233024714
0.004978584286322931,0.7833333333333332,0.015,263.243848989896,40.04805083217997,1.4274842535133947,0.0,261878.83625421178,6289.020677354849,19862023.304071236,399.38033785163924,311.85934840455707
0.004978584286322931,0.8166666666666667,-0.005,262.85312585864574,39.064061640828335,1.8497965281117121,0.0,261728.83295233574,6289.021381087335,19824050.66325864,399.2093539539956,311.79258418225186
0.004978584286322931,0.8166666666666667,0.005,262.85312585864574,39.06403086530417,1.8502044024014175,0.0,261728.72724692352,6289.021381567732,19824014.94963296,399.20919293613827,311.7925213027396
0.004978584286322931,0.8166666666666667,0.015,262.85312585864574,39.064061640828335,1.8497965281117121,0.0,261728.83295233574,6289.021381087335,19824050.66325864,399.2093539539956,311.79258418225186
0.004978584286322931,0.85,-0.005,262.48533319984784,37.920061443723455,2.234823719817069,0.0,261580.26431748297,6289.022081076064,19788317.90496663,399.0482408079751,311.7296611156654
0.004978584286322931,0.85,0.005,262.48533319984784,37.920036237482826,2.2351508616897213,0.0,261580.17745487933,6289.022081394008,19788288.55825508,399.0481082737565,311.7296093489286
0.004978584286322931,0.85,0.015,262.48533319984784,37.920061443723455,2.234823719817069,0.0,261580.26431748297,6289.022081076064,19788317.90496663,399.0482408079751,311.7296611156654
0.004978584286322931,0.8833333333333333,-0.005,262.1904615343919,36.54696700062298,2.5174518453049983,0.0,261445.31774293655,6289.022723408002,19759679.037019867,398.91898779685584,311.6791719060422
0.004978584286322931,0.8833333333333333,0.005,262.1904615343919,36.54694993172286,2.517669053497176,0.0,261445.25654500283,6289.022723557947,19759658.364677243,398.9188942971991,311.6791353799577
0.004978584286322931,0.8833333333333333,0.015,262.1904615343919,36.54696700062298,2.5174518453049983,0.0,261445.31774293655,6289.022723408002,19759679.037019867,398.91898779685584,311.6791719060422
0.004978584286322931,0.9166666666666666,-0.005,261.99481704019826,34.80317712046319,2.654437564220587,0.0,261327.4627989818,6289.02341237066,19740688.323197696,398.83332289809,311.645704712095
0.004978584286322931,0.9166666666666666,0.005,261.99481704019826,34.80316787063936,2.6545529016385827,0.0,261327.4249786041,6289.023412421364,19740675.550849114,398.833265066551,311.6456821175043
0.004978584286322931,0.9166666666666666,0.015,261.99481704019826,34.80317712046319,2.654437564220587,0.0,261327.4627989818,6289.02341237066,19740688.323197696,398.83332289809,311.645704712095
0.004978584286322931,0.95,-0.005,261.89077426725305,32.331648072547374,2.6243553360371537,0.0,261214.92923505677,6289.024539922559,19730612.95053719,398.78820859423547,311.6280782051996
0.004978584286322931,0.95,0.005,261.89077426725305,32.33164419595654,2.624401977758171,0.0,261214.90631569503,6289.0245399375335,19730605.21290737,398.7881735378705,311.62806450801935
0.004978584286322931,0.95,0.015,261.89077426725305,32.331648072547374,2.6243553360371537,0.0,261214.92923505677,6289.024539922559,19730612.95053719,398.78820859423547,311.6280782051996
0.004978584286322931,0.9833333333333333,-0.005,261.8467001445544,27.656811960150566,2.336169927947042,0.0,261062.449901266,6289.0273972930145,19726417.07046925,398.77054543702985,311.6211768016884
0.004978584286322931,0.9833333333333333,0.005,261.8467001445544,27.6568110023403,2.3361810895718067,0.0,261062.43314212168,6289.027397299453,19726411.413383197,398.7705198003957,311.6211667847522
0.004978584286322931,0.9833333333333333,0.015,261.8467001445544,27.656811960150566,2.336169927947042,0.0,261062.449901266,6289.0273972930145,19726417.07046925,398.77054543702985,311.6211768016884
0.004978584286322931,1.0166666666666666,-0.005,261.8467001444693,9.079429376713594e-12,7.674010818353709e-13,0.0,261062.44990124137,6289.992599417768,19755564.955436353,399.3597714453671,311.85131857931964
0.004978584286322931,1.0166666666666666,0.005,261.84670014438416,-27.65681196015038,-2.3361699279470254,0.0,261062.44990121687,6289.0273972930145,19726417.07045271,398.7705454369547,311.6211768016591
0.004978584286322931,1.0166666666666666,0.015,261.8467001444693,9.079429376713594e-12,7.674010818353709e-13,0.0,261062.44990124137,6289.992599417768,19755564.955436353,399.3597714453671,311.85131857931964
0.005703842712806326,-0.016666666666666666,-0.005,264.64757996464607,49.87973835918647,2.0975498912518808e-19,0.0,262720.7639682913,6289.019198371184,19998567.517829575,399.99357652796067,312.0986827426651
0.005703842712806326,-0.016666666666666666,0.005,264.64757996464607,49.87973835918647,-0.002641360557716273,0.0,262720.7639682913,6289.019198362464,19998567.517562766,399.9935765226243,312.09868274058323
0.005703842712806326,-0.016666666666666666,0.015,264.64757996464607,49.87973835918647,2.0975498912518808e-19,0.0,262720.7639682913,6289.019198371184,19998567.517829575,399.99357652796067,312.0986827426651
0.005703842712806326,0.016666666666666666,-0.005,264.64757996464607,49.879738359186476,0.002641360557716273,0.0,262720.76396829134,6289.019198362464,19998567.517562773,399.9935765226244,312.09868274058323
0.005703842712806326,0.016666666666666666,0.005,264.64757996464607,49.879738309079,0.00264187782041799,0.0,262720.7626402372,6289.019198362519,19998567.065368965,399.9935744948575,312.0986819494913
0.005703842712806326,0.016666666666666666,0.015,264.64757996464607,49.879738359186476,0.002641360557716273,0.0,262720.76396829134,6289.019198362464,19998567.517562773,399.9935765226244,312.09868274058323
0.005703842712806326,0.05000000000000001,-0.005,264.64637010811543,49.63383053439439,0.007251894318238799,0.0,262708.18307069386,6289.01919861835,19998449.68541611,399.9930482428439,312.098476642926
0.005703842712806326,0.05000000000000001,0.005,264.64637010811543,49.63383037080478,0.007253462693850166,0.0,262708.18171730114,6289.019198618444,19998449.22649034,399.99304618489754,312.0984758400597
0.005703842712806326,0.05000000000000001,0.015,264.64637010811543,49.63383053439439,0.007251894318238799,0.0,262708.18307069386,6289.01919861835,19998449.68541611,399.9930482428439,312.098476642926
0.005703842712806326,0.08333333333333333,-0.005,264.6442471153062,49.380372322784076,0.011241794617846116,0.0,262695.0290936431,6289.019198919803,19998242.918947943,399.99212116573034,312.09811496223705
0.005703842712806326,0.08333333333333333,0.005,264.6442471153062,49.38037203348733,0.01124441274010946,0.0,262695.0276896748,6289.019198919945,19998242.44486539,399.99211903982086,312.0981141328553
0.005703842712806326,0.08333333333333333,0.015,264.6442471153062,49.380372322784076,0.011241794617846116,0.0,262695.0290936431,6289.019198919803,19998242.918947943,399.99212116573034,312.09811496223705
0.005703842712806326,0.11666666666666668,-0.005,264.64122207244,49.11885122700195,0.014683473492219348,0.0,262681.2857666464,6289.019199272419,19997948.300438635,399.99080013777865,312.0975995887433
0.005703842712806326,0.11666666666666668,0.005,264.64122207244,49.11885079929833,0.01468713568702986,0.0,262681.2842820497,6289.019199272618,19997947.801136248,399.99079789877493,312.0975987152386
0.005703842712806326,0.11666666666666668,0.015,264.64122207244,49.11885122700195,0.014683473492219348,0.0,262681.2857666464,6289.019199272419,19997948.300438635,399.99080013777865,312.0975995887433
0.005703842712806326,0.15,-0.005,264.63732239752534,48.84869660679219,0.017680073178991187,0.0,262666.93937084795,6289.019199683642,19997568.504542936,399.9890971435537,312.0969351972432
0.005703842712806326,0.15,0.005,264.63732239752534,48.848696027661966,0.017684757579113464,0.0,262666.93776700756,6289.0191996839085,19997567.96703848,399.98909473323147,312.09693425689983
0.005703842712806326,0.15,0.015,264.63732239752534,48.84869660679219,0.017680073178991187,0.0,262666.93937084795,6289.019199683642,19997568.504542936,399.9890971435537,312.0969351972432
0.005703842712806326,0.18333333333333332,-0.005,264.63258972431527,48.569270422834876,0.020366018712785053,0.0,262651.9778063949,6289.019200163307,19997107.591016278,399.98703037721754,312.09612888492484
0.005703842712806326,0.18333333333333332,0.005,264.63258972431527,48.56926967901828,0.02037169027019857,0.0,262651.9760356883,6289.019200163656,19997106.99925496,399.98702772357046,312.09612784965003
0.005703842712806326,0.18333333333333332,0.015,264.63258972431527,48.569270422834876,0.020366018712785053,0.0,262651.9778063949,6289.019200163307,19997107.591016278,399.98703037721754,312.09612888492484
0.005703842712806326,0.21666666666666667,-0.005,264.6270675024223,48.27985640924145,0.0228966108953083,0.0,262636.38667532784,6289.0192007242,19996569.796069816,399.98461882342957,312.095188057249
0.005703842712806326,0.21666666666666667,0.005,264.6270675024223,48.279855487032656,0.022903236061366718,0.0,262636.3846830234,6289.019200724645,19996569.1315747,399.98461584358427,312.09518689471014
0.005703842712806326,0.21666666666666667,0.015,264.6270675024223,48.27985640924145,0.0228966108953083,0.0,262636.38667532784,6289.0192007242,19996569.796069816,399.98461882342957,312.095188057249
0.005703842712806326,0.25,-0.005,264.62078326915326,47.97964731034744,0.025433202372582533,0.0,262620.1437847005,6289.01920138277,19995957.805311766,399.98187451282695,312.094117406576
0.005703842712806326,0.25,0.005,264.62078326915326,47.9796461950026,0.025440770288892384,0.0,262620.14151161996,6289.01920138333,19995957.048101,399.9818711171547,312.09411608180426
0.005703842712806326,0.25,0.015,264.62078326915326,47.97964731034744,0.025433202372582533,0.0,262620.1437847005,6289.01920138277,19995957.805311766,399.98187451282695,312.094117406576
0.005703842712806326,0.2833333333333333,-0.005,264.61373203714766,47.66772945777831,0.028132939397755036,0.0,262603.2138847843,6289.019202160107,19995271.136218064,399.97879526763444,312.09291608193917
0.005703842712806326,0.2833333333333333,0.005,264.61373203714766,47.66772813257918,0.028141483255022748,0.0,262603.2112685024,6289.019202160807,19995270.26522816,399.97879136164755,312.0929145580699
0.005703842712806326,0.2833333333333333,0.015,264.61373203714766,47.66772945777831,0.028132939397755036,0.0,262603.2138847843,6289.019202160107,19995271.136218064,399.97879526763444,312.09291608193917
0.005703842712806326,0.31666666666666665,-0.005,264.6058635611656,47.343063633576214,0.03114930144555126,0.0,262585.5443931032,6289.0192030835715,19994504.899191402,399.9753591439644,312.0915755206744
0.005703842712806326,0.31666666666666665,0.005,264.6058635611656,47.34306207858654,0.031158918764596134,0.0,262585.54136583285,6289.019203084443,19994503.89157427,399.9753546251621,312.0915737577156
0.005703842712806326,0.31666666666666665,0.015,264.6058635611656,47.343063633576214,0.03114930144555126,0.0,262585.5443931032,6289.0192030835715,19994504.899191402,399.9753591439644,312.0915755206744
0.005703842712806326,0.3499999999999999,-0.005,264.5970703866894,47.00446085036767,0.03464649784659147,0.0,262567.0611719041,6289.019204189639,19993648.635494433,399.971519217761,312.09007741401905
0.005703842712806326,0.3499999999999999,0.005,264.5970703866894,47.00445904068756,0.03465737714293348,0.0,262567.05765337264,6289.019204190724,19993647.464213096,399.97151396484276,312.09007536464355
0.005703842712806326,0.3499999999999999,0.015,264.5970703866894,47.00446085036767,0.03464649784659147,0.0,262567.0611719041,6289.019204189639,19993648.635494433,399.971519217761,312.09007741401905
0.005703842712806326,0.38333333333333336,-0.005,264.5871674875871,46.650551196517895,0.038832066580260394,0.0,262547.6616720849,6289.01920552923,19992684.33723067,399.9671947009001,312.08839024082647
0.005703842712806326,0.38333333333333336,0.005,264.5871674875871,46.650549099333276,0.03884453906467811,0.0,262547.6575542955,6289.01920553059,19992682.965904586,399.9671885506415,312.0883878413493
0.005703842712806326,0.38333333333333336,0.015,264.5871674875871,46.650551196517895,0.038832066580260394,0.0,262547.6616720849,6289.01920552923,19992684.33723067,399.9671947009001,312.08839024082647
0.005703842712806326,0.4166666666666667,-0.005,264.57584653506206,46.279742955218346,0.044020782402961124,0.0,262527.20050868805,6289.019207178512,19991581.99925162,399.96225098527606,312.0864614813695
0.005703842712806326,0.4166666666666667,0.005,264.57584653506206,46.279740524017186,0.044035433604372246,0.0,262527.19562555593,6289.019207180248,19991580.371885046,399.9622436864476,312.0864586337688
0.005703842712806326,0.4166666666666667,0.015,264.57584653506206,46.279742955218346,0.044020782402961124,0.0,262527.20050868805,6289.019207178512,19991581.99925162,399.96225098527606,312.0864614813695
0.005703842712806326,0.45,-0.005,264.56257447661005,45.89016744284588,0.05076129315344604,0.0,262505.45865599776,6289.0192092633815,19990289.75266402,399.95645537864004,312.0842003468311
0.005703842712806326,0.45,0.005,264.56257447661005,45.89016460559012,0.050779194094022824,0.0,262505.4527241905,6289.019209265679,19990287.77364076,399.9564465022557,312.0841968837299
0.005703842712806326,0.45,0.015,264.56257447661005,45.89016744284588,0.05076129315344604,0.0,262505.45865599776,6289.0192092633815,19990289.75266402,399.95645537864004,312.0842003468311
0.005703842712806326,0.48333333333333334,-0.005,264.54638392138673,45.47960199796066,0.06008574803026681,0.0,262482.0810111581,6289.019212020154,19988713.470699828,399.9493856073535,312.08144207947583
0.005703842712806326,0.48333333333333334,0.005,264.54638392138673,45.479598633725175,0.06010889531107421,0.0,262482.0735205449,6289.019212023403,19988710.967754725,399.94937438053233,312.08143769931837
0.005703842712806326,0.48333333333333334,0.015,264.54638392138673,45.47960199796066,0.06008574803026681,0.0,262482.0810111581,6289.019212020154,19988713.470699828,399.9493856073535,312.08144207947583
0.005703842712806326,0.5166666666666667,-0.005,264.52547563595664,45.04535906269167,0.07397627127204633,0.0,262456.4591644024,6289.019215955254,19986678.09071442,399.9402562768718,312.0778802401742
0.005703842712806326,0.5166666666666667,0.005,264.52547563595664,45.04535495930108,0.07400833586096955,0.0,262456.44919358543,6289.019215960359,19986674.75260761,399.9402413031613,312.0778743980968
0.005703842712806326,0.5166666666666667,0.015,264.52547563595664,45.04535906269167,0.07397627127204633,0.0,262456.4591644024,6289.019215955254,19986678.09071442,399.9402562768718,312.0778802401742
0.005703842712806326,0.55,-0.005,264.49654362349827,44.584124117306835,0.09615415724124438,0.0,262427.53328595735,6289.019222278092,19983861.94026328,399.92762416806784,312.07295171296823
0.005703842712806326,0.55,0.005,264.49654362349827,44.584118904213014,0.096201571802936,0.0,262427.5192354435,6289.019222287282,19983857.226650096,399.9276030228917,312.0729434629285
0.005703842712806326,0.55,0.015,264.49654362349827,44.584124117306835,0.09615415724124438,0.0,262427.53328595735,6289.019222278092,19983861.94026328,399.92762416806784,312.07295171296823
0.005703842712806326,0.5833333333333334,-0.005,264.45379581602464,44.09172255748235,0.13322391313928425,0.0,262393.5050137133,6289.019234045756,19979701.453852773,399.9089605365521,312.0656697922167
0.005703842712806326,0.5833333333333334,0.005,264.45379581602464,44.09171562030816,0.1332970811996885,0.0,262393.4843100008,6289.019234064575,19979694.495302808,399.9089293180797,312.0656576116773
0.005703842712806326,0.5833333333333334,0.015,264.45379581602464,44.09172255748235,0.13322391313928425,0.0,262393.5050137133,6289.019234045756,19979701.453852773,399.9089605365521,312.0656697922167
0.005703842712806326,0.6166666666666667,-0.005,264.38786454962366,43.562801929472506,0.19594384425550324,0.0,262351.51707336074,6289.019258903389,19973285.225242667,399.88017508412776,312.0544383445228
0.005703842712806326,0.6166666666666667,0.005,264.38786454962366,43.56279234304577,0.19605776353791618,0.0,262351.4860182059,6289.019258944741,19973274.772108372,399.8801281822492,312.05442004411594
0.005703842712806326,0.6166666666666667,0.015,264.38786454962366,43.562801929472506,0.19594384425550324,0.0,262351.51707336074,6289.019258903389,19973285.225242667,399.88017508412776,312.0544383445228
0.005703842712806326,0.65,-0.005,264.28524151192255,42.99043786106524,0.2998762941136011,0.0,262297.4825790498,6289.019314444184,19963299.278753072,399.83536833875047,312.03695493782726
0.005703842712806326,0.65,0.005,264.28524151192255,42.990424424872266,0.3000492764638812,0.0,262297.43666805635,6289.019314534219,19963283.80812689,399.835298910747,312.03692784654737
0.005703842712806326,0.65,0.015,264.28524151192255,42.99043786106524,0.2998762941136011,0.0,262297.4825790498,6289.019314444184,19963299.278753072,399.83536833875047,312.03695493782726
0.005703842712806326,0.6833333333333333,-0.005,264.1294204806907,42.36570379439926,0.4640233378695407,0.0,262226.404586903,6289.019435264984,19948138.850608077,399.7673278331205,312.0104039406162
0.005703842712806326,0.6833333333333333,0.005,264.1294204806907,42.36568528965263,0.46427230117789914,0.0,262226.33967006573,6289.019435445668,19948116.957319614,399.7672295492157,312.01036558630284
0.005703842712806326,0.6833333333333333,0.015,264.1294204806907,42.36570379439926,0.4640233378695407,0.0,262226.404586903,6289.019435264984,19948138.850608077,399.7673278331205,312.0104039406162
0.005703842712806326,0.7166666666666667,-0.005,263.90512334430514,41.677245597954645,0.7058191602543477,0.0,262133.57831265568,6289.019674473766,19926320.3946013,399.6693663220244,311.9721730983114
0.005703842712806326,0.7166666666666667,0.005,263.90512334430514,41.6772213442753,0.7061510421734256,0.0,262133.4926984894,6289.019674789637,19926291.50173316,399.6692365418051,311.9721224466681
0.005703842712806326,0.7166666666666667,0.015,263.90512334430514,41.677245597954645,0.7058191602543477,0.0,262133.57831265568,6289.019674473766,19926320.3946013,399.6693663220244,311.9721730983114
0.005703842712806326,0.7499999999999999,-0.005,263.6060331677847,40.91077895756172,1.0319471677555416,0.0,262016.7861225063,6289.020085280459,19897234.165451698,399.5386874817271,311.9211665686263
0.005703842712806326,0.7499999999999999,0.005,263.6060331677847,40.91074956346841,1.032348919129782,0.0,262016.6830062128,6289.020085740379,19897199.346999787,399.53853094501846,311.92110546425886
0.005703842712806326,0.7499999999999999,0.015,263.6060331677847,40.91077895756172,1.0319471677555416,0.0,262016.7861225063,6289.020085280459,19897234.165451698,399.5386874817271,311.9211665686263
0.005703842712806326,0.7833333333333333,-0.005,263.24384892306904,40.04805083001043,1.4274842984183782,0.0,261878.83623509473,6289.020677354899,19862023.297586843,399.38033782242985,311.85934839315286
0.005703842712806326,0.7833333333333333,0.005,263.24384892306904,40.04801873524949,1.427917595512279,0.0,261878.7249389325,6289.020677890843,19861985.702282265,399.38016858724717,311.8592823188192
0.005703842712806326,0.7833333333333333,0.015,263.24384892306904,40.04805083001043,1.4274842984183782,0.0,261878.83623509473,6289.020677354899,19862023.297586843,399.38033782242985,311.85934839315286
0.005703842712806326,0.8166666666666667,-0.005,262.85312578743816,39.064061638947585,1.8497965702361125,0.0,261728.8329319615,6289.021381087376,19824050.65634971,399.2093539228213,311.79258417007793
0.005703842712806326,0.8166666666666667,0.005,262.85312578743816,39.06403086342377,1.8502044445249934,0.0,261728.72722651306,6289.021381567772,19824014.942711774,399.20919290490855,311.792521290544
0.005703842712806326,0.8166666666666667,0.015,262.85312578743816,39.064061638947585,1.8497965702361125,0.0,261728.8329319615,6289.021381087376,19824050.65634971,399.2093539228213,311.79258417007793
0.005703842712806326,0.85,-0.005,262.48533312980476,37.92006144248441,2.2348237535134268,0.0,261580.26429743096,6289.022081076084,19788317.898170486,399.04824077725726,311.72966110366724
0.005703842712806326,0.85,0.005,262.48533312980476,37.9200362362443,2.23515089538139,0.0,261580.17743479856,6289.022081394027,19788288.551449217,399.0481082429947,311.72960933691326
0.005703842712806326,0.85,0.015,262.48533312980476,37.92006144248441,2.2348237535134268,0.0,261580.26429743096,6289.022081076084,19788317.898170486,399.04824077725726,311.72966110366724
0.005703842712806326,0.8833333333333332,-0.005,262.19046146936654,36.5469670001418,2.5174518676846436,0.0,261445.3177243069,6289.022723408009,19759679.03070992,398.9189877682979,311.6791718948859
0.005703842712806326,0.8833333333333332,0.005,262.19046146936654,36.54694993124204,2.517669075871391,0.0,261445.2565263534,6289.022723557954,19759658.35836063,398.91889426861087,311.67913536878956
0.005703842712806326,0.8833333333333332,0.015,262.19046146936654,36.5469670001418,2.5174518676846436,0.0,261445.3177243069,6289.022723408009,19759679.03070992,398.9189877682979,311.6791718948859
0.005703842712806326,0.9166666666666666,-0.005,261.9948169809179,34.80317712053087,2.6544375762130414,0.0,261327.46278197813,6289.023412370656,19740688.317444194,398.8333228720264,311.645704701912
0.005703842712806326,0.9166666666666666,0.005,261.9948169809179,34.803167870706886,2.6545529136273256,0.0,261327.42496158817,6289.02341242136,19740675.54509151,398.8332650404687,311.645682107314
0.005703842712806326,0.9166666666666666,0.015,261.9948169809179,34.80317712053087,2.6544375762130414,0.0,261327.46278197813,6289.023412370656,19740688.317444194,398.8333228720264,311.645704701912
0.005703842712806326,0.95,-0.005,261.89077421192803,32.331648072795986,2.624355341043855,0.0,261214.92921916177,6289.024539922538,19730612.94516642,398.78820856988773,311.62807819568644
0.005703842712806326,0.95,0.005,261.89077421192803,32.33164419620448,2.6244019827633496,0.0,261214.9062997924,6289.024539937513,19730605.207534026,398.7881735135111,311.6280644985018
0.005703842712806326,0.95,0.015,261.89077421192803,32.331648072795986,2.624355341043855,0.0,261214.92921916177,6289.024539922538,19730612.94516642,398.78820856988773,311.62807819568644
0.005703842712806326,0.9833333333333333,-0.005,261.84670009088404,27.65681195971692,2.3361699292041367,0.0,261062.44988579192,6289.02739729294,19726417.065257207,398.77054541337225,311.62117679244477
0.005703842712806326,0.9833333333333333,0.005,261.84670009088404,27.656811001905577,2.336181090828591,0.0,261062.43312664167,6289.027397299379,19726411.408169158,398.7705197767291,311.621166775505
0.005703842712806326,0.9833333333333333,0.015,261.84670009088404,27.65681195971692,2.3361699292041367,0.0,261062.44988579192,6289.02739729294,19726417.065257207,398.77054541337225,311.62117679244477
0.005703842712806326,1.0166666666666666,-0.005,261.8467000907258,1.6792081610836903e-11,1.4186608404025645e-12,0.0,261062.44988574638,6289.99259941773,19755564.950210556,399.35977142166365,311.8513185700649
0.005703842712806326,1.0166666666666666,0.005,261.8467000905675,-27.656811959716734,-2.3361699292041207,0.0,261062.4498857007,6289.02739729294,19726417.065226477,398.77054541323275,311.6211767923902
0.005703842712806326,1.0166666666666666,0.015,261.8467000907258,1.6792081610836903e-11,1.4186608404025645e-12,0.0,261062.44988574638,6289.99259941773,19755564.950210556,399.35977142166365,311.8513185700649
0.006429101139289717,-0.016666666666666666,-0.005,264.6475799546818,49.87973834707065,0.0,0.0,262720.7639648433,6289.019198371181,19998567.516859986,399.9935765236106,312.098682740968
0.006429101139289717,-0.016666666666666666,0.005,264.6475799546818,49.87973834707065,-0.002641360028413897,0.0,262720.76396484335,6289.019198362459,19998567.516593184,399.9935765182743,312.09868273888617
0.006429101139289717,-0.016666666666666666,0.015,264.6475799546818,49.87973834707065,0.0,0.0,262720.7639648433,6289.019198371181,19998567.516859986,399.9935765236106,312.098682740968
0.006429101139289717,0.016666666666666666,-0.005,264.6475799546818,49.87973834707065,0.002641360028413897,0.0,262720.7639648433,6289.019198362459,19998567.51659318,399.99357651827427,312.0986827388861
0.006429101139289717,0.016666666666666666,0.005,264.6475799546818,49.8797382969501,0.002641877290463178,0.0,262720.76263678516,6289.0191983625145,19998567.064398248,399.99357449050217,312.0986819477922
0.006429101139289717,0.016666666666666666,0.015,264.6475799546818,49.87973834707065,0.002641360028413897,0.0,262720.7639648433,6289.019198362459,19998567.51659318,399.99357651827427,312.0986827388861
0.006429101139289717,0.05,-0.005,264.646370099471,49.63383052472733,0.007251893111232895,0.0,262708.18306774873,6289.01919861835,19998449.684575103,399.99304823907255,312.09847664145474
0.006429101139289717,0.05,0.005,264.646370099471,49.633830361127174,0.007253461485309816,0.0,262708.1817143526,6289.019198618445,19998449.22564834,399.9930461811218,312.0984758385867
0.006429101139289717,0.05,0.015,264.646370099471,49.63383052472733,0.007251893111232895,0.0,262708.18306774873,6289.01919861835,19998449.684575103,399.99304823907255,312.09847664145474
0.006429101139289717,0.08333333333333333,-0.005,264.64424710825244,49.38037231554072,0.011241793329748683,0.0,262695.02909127314,6289.019198919801,19998242.918261666,399.99212116265204,312.0981149610361
0.006429101139289717,0.08333333333333333,0.005,264.64424710825244,49.380372026235975,0.011244411450230212,0.0,262695.02768730203,6289.019198919944,19998242.444178276,399.9921190367389,312.09811413165295
0.006429101139289717,0.08333333333333333,0.015,264.64424710825244,49.38037231554072,0.011241793329748683,0.0,262695.02909127314,6289.019198919801,19998242.918261666,399.99212116265204,312.0981149610361
0.006429101139289717,0.11666666666666667,-0.005,264.64122206687756,49.118851221831456,0.014683472447231918,0.0,262681.28576481127,6289.019199272432,19997948.299897917,399.9908001353599,312.0975995877997
0.006429101139289717,0.11666666666666667,0.005,264.64122206687756,49.11885079412206,0.014687134640394848,0.0,262681.2842802123,6289.01919927263,19997947.80059484,399.9907978963531,312.0975987142938
0.006429101139289717,0.11666666666666667,0.015,264.64122206687756,49.118851221831456,0.014683472447231918,0.0,262681.28576481127,6289.019199272432,19997948.299897917,399.9908001353599,312.0975995877997
0.006429101139289717,0.15,-0.005,264.6373223931903,48.84869660324765,0.017680072508747906,0.0,262666.93936944165,6289.019199683648,19997568.504121482,399.98909714166723,312.0969351965073
0.006429101139289717,0.15,0.005,264.6373223931903,48.84869602411343,0.017684756907537135,0.0,262666.93776559946,6289.019199683917,19997567.966616467,399.9890947313426,312.09693425616297
0.006429101139289717,0.15,0.015,264.6373223931903,48.84869660324765,0.017680072508747906,0.0,262666.93936944165,6289.019199683648,19997568.504121482,399.98909714166723,312.0969351965073
0.006429101139289717,0.18333333333333332,-0.005,264.63258972088704,48.56927042049282,0.02036601843494096,0.0,262651.97780530195,6289.019200163303,19997107.59068271,399.98703037571966,312.09612888434043
0.006429101139289717,0.18333333333333332,0.005,264.63258972088704,48.56926967667355,0.020371689991386555,0.0,262651.9760345938,6289.0192001636515,19997106.99892091,399.9870277220705,312.0961278490648
0.006429101139289717,0.18333333333333332,0.015,264.63258972088704,48.56927042049282,0.02036601843494096,0.0,262651.97780530195,6289.019200163303,19997107.59068271,399.98703037571966,312.09612888434043
0.006429101139289717,0.21666666666666667,-0.005,264.6270674995911,48.27985640774767,0.022896610973630424,0.0,262636.38667444437,6289.01920072419,19996569.795794155,399.9846188221884,312.0951880567648
0.006429101139289717,0.21666666666666667,0.005,264.6270674995911,48.27985548553716,0.022903236139065686,0.0,262636.38468213857,6289.019200724636,19996569.131298617,399.98461584234116,312.09518689422515
0.006429101139289717,0.21666666666666667,0.015,264.6270674995911,48.27985640774767,0.022896610973630424,0.0,262636.38667444437,6289.01920072419,19996569.795794155,399.9846188221884,312.0951880567648
0.006429101139289717,0.25,-0.005,264.62078326665016,47.97964730942883,0.02543320275484495,0.0,262620.14378394233,6289.019201382769,19995957.805068314,399.9818745117346,312.0941174061498
0.006429101139289717,0.25,0.005,264.62078326665016,47.979646194082925,0.025440770670825688,0.0,262620.1415108606,6289.019201383329,19995957.047857158,399.9818711160605,312.0941160813774
0.006429101139289717,0.25,0.015,264.62078326665016,47.97964730942883,0.02543320275484495,0.0,262620.14378394233,6289.019201382769,19995957.805068314,399.9818745117346,312.0941174061498
0.006429101139289717,0.2833333333333333,-0.005,264.6137320347618,47.667729457234195,0.028132940035828606,0.0,262603.21388407826,6289.019202160107,19995271.13598608,399.978795266594,312.0929160815333
0.006429101139289717,0.2833333333333333,0.005,264.6137320347618,47.66772813203443,0.028141483893005432,0.0,262603.2112677952,6289.019202160807,19995270.264995776,399.9787913606054,312.0929145576633
0.006429101139289717,0.2833333333333333,0.015,264.6137320347618,47.667729457234195,0.028132940035828606,0.0,262603.21388407826,6289.019202160107,19995271.13598608,399.978795266594,312.0929160815333
0.006429101139289717,0.31666666666666665,-0.005,264.6058635587277,47.34306363326552,0.031149302305383448,0.0,262585.544392395,6289.019203083575,19994504.898954473,399.97535914290347,312.09157552026045
0.006429101139289717,0.31666666666666665,0.005,264.6058635587277,47.34306207827548,0.03115891962452857,0.0,262585.5413651234,6289.0192030844455,19994503.89133693,399.9753546240993,312.091573757301
0.006429101139289717,0.31666666666666665,0.015,264.6058635587277,47.34306363326552,0.031149302305383448,0.0,262585.544392395,6289.019203083575,19994504.898954473,399.97535914290347,312.09157552026045
0.006429101139289717,0.35,-0.005,264.59707038406674,47.00446085019485,0.03464649891332445,0.0,262567.0611711479,6289.019204189638,19993648.63523941,399.9715192166166,312.09007741357254
0.006429101139289717,0.35,0.005,264.59707038406674,47.004459040514526,0.03465737820992816,0.0,262567.05765261507,6289.019204190721,19993647.463957608,399.9715139636962,312.0900753641962
0.006429101139289717,0.35,0.015,264.59707038406674,47.00446085019485,0.03464649891332445,0.0,262567.0611711479,6289.019204189638,19993648.63523941,399.9715192166166,312.09007741357254
0.006429101139289717,0.38333333333333336,-0.005,264.5871674846544,46.65055119642173,0.0388320678632847,0.0,262547.6616712494,6289.019205529243,19992684.336945936,399.96719469962886,312.08839024033057
0.006429101139289717,0.38333333333333336,0.005,264.5871674846544,46.65054909923699,0.03884454034812152,0.0,262547.6575534584,6289.0192055306015,19992682.965619314,399.9671885493677,312.08838784085236
0.006429101139289717,0.38333333333333336,0.015,264.5871674846544,46.65055119642173,0.0388320678632847,0.0,262547.6616712494,6289.019205529243,19992684.336945936,399.96719469962886,312.08839024033057
0.006429101139289717,0.4166666666666667,-0.005,264.5758465317026,46.279742955158135,0.0440207839457436,0.0,262527.2005077268,6289.0192071785095,19991581.998924967,399.9622509838097,312.08646148079737
0.006429101139289717,0.4166666666666667,0.005,264.5758465317026,46.2797405239569,0.04403543514776444,0.0,262527.19562459283,6289.019207180245,19991580.37155777,399.9622436849785,312.08645863319566
0.006429101139289717,0.4166666666666667,0.015,264.5758465317026,46.279742955158135,0.0440207839457436,0.0,262527.2005077268,6289.0192071785095,19991581.998924967,399.9622509838097,312.08646148079737
0.006429101139289717,0.45,-0.005,264.5625744726537,45.89016744279505,0.0507612950566324,0.0,262505.45865486853,6289.019209263382,19990289.752279505,399.956455376916,312.08420034615847
0.006429101139289717,0.45,0.005,264.5625744726537,45.89016460553925,0.05077919599810232,0.0,262505.45272305905,6289.019209265681,19990287.773255482,399.9564465005283,312.08419688305594
0.006429101139289717,0.45,0.015,264.5625744726537,45.89016744279505,0.0507612950566324,0.0,262505.45865486853,6289.019209263382,19990289.752279505,399.956455376916,312.08420034615847
0.006429101139289717,0.4833333333333333,-0.005,264.5463839165775,45.4796019978991,0.060085750495939054,0.0,262482.0810097836,6289.019212020151,19988713.47023233,399.9493856052549,312.08144207865706
0.006429101139289717,0.4833333333333333,0.005,264.5463839165775,45.479598633663564,0.06010889777811107,0.0,262482.07351916755,6289.0192120234005,19988710.967286248,399.94937437842935,312.0814376984979
0.006429101139289717,0.4833333333333333,0.015,264.5463839165775,45.4796019978991,0.060085750495939054,0.0,262482.0810097836,6289.019212020151,19988713.47023233,399.9493856052549,312.08144207865706
0.006429101139289717,0.5166666666666667,-0.005,264.52547562984944,45.04535906259568,0.0739762746806019,0.0,262456.45916266006,6289.019215955261,19986678.09012114,399.9402562742127,312.07788023913673
0.006429101139289717,0.5166666666666667,0.005,264.52547562984944,45.045354959205014,0.07400833927168815,0.0,262456.44919183914,6289.019215960364,19986674.75201298,399.94024130049615,312.0778743970569
0.006429101139289717,0.5166666666666667,0.015,264.52547562984944,45.04535906259568,0.0739762746806019,0.0,262456.45916266006,6289.019215955261,19986678.09012114,399.9402562742127,312.07788023913673
0.006429101139289717,0.55,-0.005,264.49654361534215,44.584124117141435,0.09615416226448481,0.0,262427.53328362777,6289.019222278094,19983861.939471006,399.92762416451467,312.072951711582
0.006429101139289717,0.55,0.005,264.49654361534215,44.5841189040475,0.09620157682963014,0.0,262427.5192331083,6289.019222287286,19983857.225855894,399.92760301933,312.07294346153884
0.006429101139289717,0.55,0.015,264.49654361534215,44.584124117141435,0.09615416226448481,0.0,262427.53328362777,6289.019222278094,19983861.939471006,399.92762416451467,312.072951711582
0.006429101139289717,0.5833333333333334,-0.005,264.45379580459155,44.091722557190295,0.13322392086417856,0.0,262393.50501044584,6289.0192340457625,19979701.452742416,399.9089605315718,312.06566979027355
0.006429101139289717,0.5833333333333334,0.005,264.45379580459155,44.091715620015904,0.13329708892994377,0.0,262393.4843067249,6289.01923406458,19979694.494189568,399.90892931308656,312.0656576097291
0.006429101139289717,0.5833333333333334,0.015,264.45379580459155,44.091722557190295,0.13322392086417856,0.0,262393.50501044584,6289.0192340457625,19979701.452742416,399.9089605315718,312.06566979027355
0.006429101139289717,0.6166666666666667,-0.005,264.3878645330967,43.56280192896992,0.19594385624491192,0.0,262351.5170686319,6289.01925890339,19973285.223637644,399.88017507692365,312.0544383417119
0.006429101139289717,0.6166666666666667,0.005,264.3878645330967,43.562792342542835,0.19605777553515244,0.0,262351.4860134644,6289.019258944742,19973274.770499043,399.8801281750259,312.0544200412975
0.006429101139289717,0.6166666666666667,0.015,264.3878645330967,43.56280192896992,0.19594385624491192,0.0,262351.5170686319,6289.01925890339,19973285.223637644,399.88017507692365,312.0544383417119
0.006429101139289717,0.65,-0.005,264.28524148793736,42.990437860244555,0.29987631226634304,0.0,262297.4825721856,6289.01931444419,19963299.276424162,399.83536832829554,312.0369549337476
0.006429101139289717,0.65,0.005,264.28524148793736,42.99042442405112,0.3000492946270582,0.0,262297.43666117365,6289.019314534225,19963283.805791713,399.83529890026387,312.0369278424568
0.006429101139289717,0.65,0.015,264.28524148793736,42.990437860244555,0.29987631226634304,0.0,262297.4825721856,6289.01931444419,19963299.276424162,399.83536832829554,312.0369549337476
0.006429101139289717,0.6833333333333333,-0.005,264.1294204467383,42.36570379315818,0.46402336392040955,0.0,262226.4045771859,6289.0194352650005,19948138.84731193,399.76732781831777,312.01040393483953
0.006429101139289717,0.6833333333333333,0.005,264.1294204467383,42.365685288411,0.46427232724108136,0.0,262226.33966032317,6289.0194354456835,19948116.954014804,399.767229534374,312.010365580511
0.006429101139289717,0.6833333333333333,0.015,264.1294204467383,42.36570379315818,0.46402336392040955,0.0,262226.4045771859,6289.0194352650005,19948138.84731193,399.76732781831777,312.01040393483953
0.006429101139289717,0.7166666666666666,-0.005,263.9051232985654,41.677245596253556,0.7058191948737246,0.0,262133.57829956972,6289.019674473802,19926320.390161797,399.6693663020773,311.97217309052627
0.006429101139289717,0.7166666666666666,0.005,263.9051232985654,41.67722134257369,0.7061510768051367,0.0,262133.49268537087,6289.019674789673,19926291.497282576,399.66923652180816,311.97212243886355
0.006429101139289717,0.7166666666666666,0.015,263.9051232985654,41.677245596253556,0.7058191948737246,0.0,262133.57829956972,6289.019674473802,19926320.390161797,399.6693663020773,311.97217309052627
0.006429101139289717,0.75,-0.005,263.6060331102387,40.910778955494784,1.031947209516539,0.0,262016.7861060408,6289.020085280498,19897234.159866866,399.5386874566024,311.9211665588188
0.006429101139289717,0.75,0.005,263.6060331102387,40.91074956140115,1.03234896090048,0.0,262016.6829897093,6289.020085740418,19897199.341402054,399.5385309198357,311.9211054544287
0.006429101139289717,0.75,0.015,263.6060331102387,40.910778955494784,1.031947209516539,0.0,262016.7861060408,6289.020085280498,19897234.159866866,399.5386874566024,311.9211665588188
0.006429101139289717,0.7833333333333334,-0.005,263.24384885628086,40.04805082785528,1.4274843432785735,0.0,261878.8362159945,6289.020677354963,19862023.291106623,399.38033779324536,311.8593483817584
0.006429101139289717,0.7833333333333334,0.005,263.24384885628086,40.048018733094366,1.4279176403771856,0.0,261878.72491979276,6289.020677890907,19861985.69578863,399.3801685580023,311.8592823074012
0.006429101139289717,0.7833333333333334,0.015,263.24384885628086,40.04805082785528,1.4274843432785735,0.0,261878.8362159945,6289.020677354963,19862023.291106623,399.38033779324536,311.8593483817584
0.006429101139289717,0.8166666666666667,-0.005,262.85312571632926,39.06406163712335,1.8497966122726153,0.0,261728.83291161765,6289.021381087416,19824050.64945038,399.20935389169045,311.7925841579209
0.006429101139289717,0.8166666666666667,0.005,262.85312571632926,39.06403086159995,1.8502044865605702,0.0,261728.727206133,6289.021381567813,19824014.93580018,399.2091928737222,311.79252127836537
0.006429101139289717,0.8166666666666667,0.015,262.85312571632926,39.06406163712335,1.8497966122726153,0.0,261728.83291161765,6289.021381087416,19824050.64945038,399.20935389169045,311.7925841579209
0.006429101139289717,0.85,-0.005,262.4853330599606,37.92006144140634,2.2348237870633243,0.0,261580.2642774467,6289.022081076116,19788317.891394023,399.0482407466342,311.72966109170613
0.006429101139289717,0.85,0.005,262.4853330599606,37.92003623516691,2.235150928926436,0.0,261580.17741478563,6289.022081394059,19788288.544663064,399.04810821232775,311.72960932493504
0.006429101139289717,0.85,0.015,262.4853330599606,37.92006144140634,2.2348237870633243,0.0,261580.2642774467,6289.022081076116,19788317.891394023,399.0482407466342,311.72966109170613
0.006429101139289717,0.8833333333333333,-0.005,262.19046140470755,36.54696700002334,2.5174518898590352,0.0,261445.31770579665,6289.02272340802,19759679.024435632,398.9189877399031,311.67917188379334
0.006429101139289717,0.8833333333333333,0.005,262.19046140470755,36.54694993112432,2.517669098040135,0.0,261445.25650782368,6289.022723557964,19759658.352079727,398.91889424018626,311.67913535768537
0.006429101139289717,0.8833333333333333,0.015,262.19046140470755,36.54696700002334,2.5174518898590352,0.0,261445.31770579665,6289.02272340802,19759679.024435632,398.9189877399031,311.67917188379334
0.006429101139289717,0.9166666666666666,-0.005,261.99481692222906,34.803177121275276,2.654437587971548,0.0,261327.46276516072,6289.023412370635,19740688.31174759,398.8333228462126,311.64570469182667
0.006429101139289717,0.9166666666666666,0.005,261.99481692222906,34.80316787145181,2.6545529253818847,0.0,261327.42494475885,6289.02341242134,19740675.539390866,398.83326501463665,311.64568209722154
0.006429101139289717,0.9166666666666666,0.015,261.99481692222906,34.803177121275276,2.654437587971548,0.0,261327.46276516072,6289.023412370635,19740688.31174759,398.8333228462126,311.64570469182667
0.006429101139289717,0.95,-0.005,261.89077415742383,32.33164807410867,2.6243553458578583,0.0,261214.92920353438,6289.024539922511,19730612.93987512,398.7882085458975,311.628078186313
0.006429101139289717,0.95,0.005,261.89077415742383,32.331644197517484,2.624401987575643,0.0,261214.90628415757,6289.024539937487,19730605.202240214,398.78817348950946,311.6280644891238
0.006429101139289717,0.95,0.015,261.89077415742383,32.33164807410867,2.6243553458578583,0.0,261214.92920353438,6289.024539922511,19730612.93987512,398.7882085458975,311.628078186313
0.006429101139289717,0.9833333333333333,-0.005,261.8467000381914,27.656811960660836,2.3361699304006383,0.0,261062.44987064166,6289.027397292878,19726417.06014038,398.770545390152,311.62117678337194
0.006429101139289717,0.9833333333333333,0.005,261.8467000381914,27.65681100284972,2.3361810920247312,0.0,261062.43311148573,6289.027397299317,19726411.40305043,398.7705197535001,311.6211667664288
0.006429101139289717,0.9833333333333333,0.015,261.8467000381914,27.656811960660836,2.3361699304006383,0.0,261062.44987064166,6289.027397292878,19726417.06014038,398.770545390152,311.62117678337194
0.006429101139289717,1.0166666666666666,-0.005,261.84670003802796,1.7353033352904914e-11,1.465985716475266e-12,0.0,261062.44987059454,6289.992599417796,19755564.94508954,399.3597713984851,311.8513185610151
0.006429101139289717,1.0166666666666666,0.005,261.8467000378645,-27.65681196066065,-2.3361699304006223,0.0,261062.44987054743,6289.027397292878,19726417.060108628,398.77054539000784,311.6211767833156
0.006429101139289717,1.0166666666666666,0.015,261.84670003802796,1.7353033352904914e-11,1.465985716475266e-12,0.0,261062.44987059454,6289.992599417796,19755564.94508954,399.3597713984851,311.8513185610151
0.0071543595657731105,-0.016666666666666666,-0.005,264.647579953379,49.87973834640432,0.0,0.0,262720.76396443887,6289.019198371181,19998567.516733333,399.99357652304275,312.0986827407465
0.0071543595657731105,-0.016666666666666666,0.005,264.64757995337897,49.87973834640432,-0.002641360053550126,0.0,262720.76396443887,6289.019198362459,19998567.51646653,399.9935765177064,312.0986827386646
0.0071543595657731105,-0.016666666666666666,0.015,264.647579953379,49.87973834640432,0.0,0.0,262720.76396443887,6289.019198371181,19998567.516733333,399.99357652304275,312.0986827407465
0.0071543595657731105,0.016666666666666666,-0.005,264.647579953379,49.879738346404324,0.002641360053550126,0.0,262720.76396443887,6289.019198362459,19998567.51646653,399.9935765177064,312.0986827386646
0.0071543595657731105,0.016666666666666666,0.005,264.647579953379,49.879738296282966,0.002641877315570554,0.0,262720.76263638015,6289.0191983625145,19998567.064271364,399.99357448993356,312.09868194757036
0.0071543595657731105,0.016666666666666666,0.015,264.647579953379,49.879738346404324,0.002641360053550126,0.0,262720.76396443887,6289.019198362459,19998567.51646653,399.9935765177064,312.0986827386646
0.0071543595657731105,0.05000000000000001,-0.005,264.64637009822917,49.63383052420744,0.007251893208665397,0.0,262708.18306736735,6289.019198618346,19998449.684454236,399.9930482385286,312.0984766412425
0.0071543595657731105,0.05000000000000001,0.005,264.64637009822917,49.633830360606645,0.007253461582684394,0.0,262708.1817139705,6289.01919861844,19998449.225527246,399.9930461805768,312.09847583837404
0.0071543595657731105,0.05000000000000001,0.015,264.64637009822917,49.63383052420744,0.007251893208665397,0.0,262708.18306736735,6289.019198618346,19998449.684454236,399.9930482385286,312.0984766412425
0.0071543595657731105,0.08333333333333333,-0.005,264.6442471070588,49.3803723151641,0.011241793534331555,0.0,262695.0290909169,6289.019198919807,19998242.918145817,399.99212116213556,312.09811496083466
0.0071543595657731105,0.08333333333333333,0.005,264.6442471070588,49.38037202585888,0.01124441165476964,0.0,262695.0276869451,6289.019198919949,19998242.444062203,399.99211903622137,312.0981141314511
0.0071543595657731105,0.08333333333333333,0.015,264.6442471070588,49.3803723151641,0.011241793534331555,0.0,262695.0290909169,6289.019198919807,19998242.918145817,399.99212116213556,312.09811496083466
0.0071543595657731105,0.11666666666666667,-0.005,264.6412220657051,49.118851221573024,0.01468347277581483,0.0,262681.2857644604,6289.019199272421,19997948.299783617,399.9908001348426,312.0975995875978
0.0071543595657731105,0.11666666666666667,0.005,264.6412220657051,49.118850793863295,0.014687134968974483,0.0,262681.28427986073,6289.019199272621,19997947.80048033,399.99079789583476,312.0975987140916
0.0071543595657731105,0.11666666666666667,0.015,264.6412220657051,49.118851221573024,0.01468347277581483,0.0,262681.2857644604,6289.019199272421,19997948.299783617,399.9908001348426,312.0975995875978
0.0071543595657731105,0.15,-0.005,264.6373223919836,48.848696603078494,0.017680072964772666,0.0,262666.93936909153,6289.019199683655,19997568.504004326,399.98909714114427,312.0969351963032
0.0071543595657731105,0.15,0.005,264.6373223919836,48.84869602394403,0.017684757363612198,0.0,262666.9377652486,6289.019199683921,19997567.966499083,399.9890947308185,312.0969342559585
0.0071543595657731105,0.15,0.015,264.6373223919836,48.848696603078494,0.017680072964772666,0.0,262666.93936909153,6289.019199683655,19997568.504004326,399.98909714114427,312.0969351963032
0.0071543595657731105,0.18333333333333332,-0.005,264.63258971959743,48.56927042038605,0.020366019014871593,0.0,262651.9778049327,6289.019200163311,19997107.590557598,399.98703037516265,312.0961288841231
0.0071543595657731105,0.18333333333333332,0.005,264.63258971959743,48.569269676566634,0.020371690571426432,0.0,262651.97603422386,6289.01920016366,19997106.99879556,399.98702772151245,312.0961278488471
0.0071543595657731105,0.18333333333333332,0.015,264.63258971959743,48.56927042038605,0.020366019014871593,0.0,262651.9778049327,6289.019200163311,19997107.590557598,399.98703037516265,312.0961288841231
0.0071543595657731105,0.21666666666666667,-0.005,264.627067498167,48.27985640768258,0.022896611670575568,0.0,262636.3866740392,6289.019200724199,19996569.795655992,399.9846188215733,312.0951880565248
0.0071543595657731105,0.21666666666666667,0.005,264.627067498167,48.27985548547199,0.022903236836178578,0.0,262636.3846817327,6289.019200724645,19996569.131160203,399.9846158417251,312.09518689398476
0.0071543595657731105,0.21666666666666667,0.015,264.627067498167,48.27985640768258,0.022896611670575568,0.0,262636.3866740392,6289.019200724199,19996569.795655992,399.9846188215733,312.0951880565248
0.0071543595657731105,0.25,-0.005,264.6207832650451,47.97964730938933,0.02543320356348617,0.0,262620.1437834846,6289.019201382772,19995957.804912392,399.9818745110372,312.09411740587774
0.0071543595657731105,0.25,0.005,264.6207832650451,47.979646194043376,0.02544077147969144,0.0,262620.14151040197,6289.019201383333,19995957.04770094,399.98187111536186,312.09411608110486
0.0071543595657731105,0.25,0.015,264.6207832650451,47.97964730938933,0.02543320356348617,0.0,262620.1437834846,6289.019201382772,19995957.804912392,399.9818745110372,312.09411740587774
0.0071543595657731105,0.2833333333333333,-0.005,264.61373203292686,47.66772945720944,0.02813294095637668,0.0,262603.21388355584,6289.019202160112,19995271.135807812,399.9787952657966,312.0929160812222
0.0071543595657731105,0.2833333333333333,0.005,264.61373203292686,47.66772813200965,0.02814148481383442,0.0,262603.2112672718,6289.019202160812,19995270.264817182,399.9787913598065,312.0929145573516
0.0071543595657731105,0.2833333333333333,0.015,264.61373203292686,47.66772945720944,0.02813294095637668,0.0,262603.21388355584,6289.019202160112,19995271.135807812,399.9787952657966,312.0929160812222
0.0071543595657731105,0.31666666666666665,-0.005,264.6058635566175,47.34306363324848,0.031149303345253534,0.0,262585.5443917926,6289.019203083575,19994504.898749303,399.9753591419831,312.0915755199014
0.0071543595657731105,0.31666666666666665,0.005,264.6058635566175,47.34306207825841,0.031158920664739097,0.0,262585.5413645198,6289.0192030844455,19994503.891131375,399.9753546231771,312.0915737569412
0.0071543595657731105,0.31666666666666665,0.015,264.6058635566175,47.34306363324848,0.031149303345253534,0.0,262585.5443917926,6289.019203083575,19994504.898749303,399.9753591419831,312.0915755199014
0.0071543595657731105,0.3499999999999999,-0.005,264.59707038162765,47.00446085017998,0.034646500090130254,0.0,262567.06117045326,6289.019204189642,19993648.63500238,399.971519215555,312.0900774131584
0.0071543595657731105,0.3499999999999999,0.005,264.59707038162765,47.004459040499654,0.03465737938714527,0.0,262567.0576519192,6289.019204190725,19993647.46372014,399.97151396263274,312.0900753637813
0.0071543595657731105,0.3499999999999999,0.015,264.59707038162765,47.00446085017998,0.034646500090130254,0.0,262567.06117045326,6289.019204189642,19993648.63500238,399.971519215555,312.0900774131584
0.0071543595657731105,0.38333333333333336,-0.005,264.58716748182877,46.650551196404585,0.038832069210621586,0.0,262547.6616704393,6289.019205529233,19992684.336670935,399.9671946983907,312.08839023984746
0.0071543595657731105,0.38333333333333336,0.005,264.58716748182877,46.65054909921982,0.038844541695966704,0.0,262547.65755264676,6289.019205530592,19992682.9653438,399.96718854812724,312.0883878403684
0.0071543595657731105,0.38333333333333336,0.015,264.58716748182877,46.650551196404585,0.038832069210621586,0.0,262547.6616704393,6289.019205529233,19992684.336670935,399.9671946983907,312.08839023984746
0.0071543595657731105,0.4166666666666667,-0.005,264.57584652839245,46.27974295513561,0.04402078552454579,0.0,262527.2005067844,6289.019207178515,19991581.998603344,399.96225098236954,312.08646148023547
0.0071543595657731105,0.4166666666666667,0.005,264.57584652839245,46.27974052393437,0.04403543672722721,0.0,262527.1956236485,6289.019207180251,19991580.371235523,399.96224368353546,312.0864586326326
0.0071543595657731105,0.4166666666666667,0.015,264.57584652839245,46.27974295513561,0.04402078552454579,0.0,262527.2005067844,6289.019207178515,19991581.998603344,399.96225098236954,312.08646148023547
0.0071543595657731105,0.45,-0.005,264.56257446872377,45.89016744276107,0.05076129697892558,0.0,262505.4586537456,6289.01920926338,19990289.751897406,399.95645537520045,312.08420034548914
0.0071543595657731105,0.45,0.005,264.56257446872377,45.89016460550525,0.05077919792131648,0.0,262505.4527219339,6289.019209265677,19990287.772872623,399.95644649880927,312.08419688238536
0.0071543595657731105,0.45,0.015,264.56257446872377,45.89016744276107,0.05076129697892558,0.0,262505.4586537456,6289.01920926338,19990289.751897406,399.95645537520045,312.08420034548914
0.0071543595657731105,0.48333333333333334,-0.005,264.5463839117784,45.479601997844206,0.06008575297113126,0.0,262482.0810084135,6289.019212020151,19988713.469765913,399.9493856031626,312.08144207784073
0.0071543595657731105,0.48333333333333334,0.005,264.5463839117784,45.47959863360863,0.06010890025468205,0.0,262482.07351779455,6289.0192120234005,19988710.966818843,399.9493743763326,312.08143769767986
0.0071543595657731105,0.48333333333333334,0.015,264.5463839117784,45.479601997844206,0.06008575297113126,0.0,262482.0810084135,6289.019212020151,19988713.469765913,399.9493856031626,312.08144207784073
0.0071543595657731105,0.5166666666666667,-0.005,264.5254756237482,45.045359062502484,0.07397627809374055,0.0,262456.4591609184,6289.019215955263,19986678.089528352,399.94025627155446,312.0778802380996
0.0071543595657731105,0.5166666666666667,0.005,264.5254756237482,45.045354959111755,0.07400834268699648,0.0,262456.4491900935,6289.019215960367,19986674.751418844,399.94024129783185,312.0778743960174
0.0071543595657731105,0.5166666666666667,0.015,264.5254756237482,45.045359062502484,0.07397627809374055,0.0,262456.4591609184,6289.019215955263,19986678.089528352,399.94025627155446,312.0778802380996
0.0071543595657731105,0.55,-0.005,264.4965436071889,44.58412411697674,0.09615416728977015,0.0,262427.533281298,6289.019222278096,19983861.93867893,399.9276241609612,312.0729517101955
0.0071543595657731105,0.55,0.005,264.4965436071889,44.58411890388267,0.09620158185837198,0.0,262427.5192307728,6289.0192222872865,19983857.22506188,399.92760301576766,312.07294346014896
0.0071543595657731105,0.55,0.015,264.4965436071889,44.58412411697674,0.09615416728977015,0.0,262427.533281298,6289.019222278096,19983861.93867893,399.9276241609612,312.0729517101955
0.0071543595657731105,0.5833333333333334,-0.005,264.45379579316193,44.09172255689869,0.13322392858978727,0.0,262393.505007177,6289.019234045761,19979701.4516322,399.9089605265894,312.0656697883295
0.0071543595657731105,0.5833333333333334,0.005,264.45379579316193,44.09171561972408,0.13329709666091427,0.0,262393.4843034476,6289.01923406458,19979694.49307648,399.9089293080912,312.06565760778005
0.0071543595657731105,0.5833333333333334,0.015,264.45379579316193,44.09172255689869,0.13322392858978727,0.0,262393.505007177,6289.019234045761,19979701.4516322,399.9089605265894,312.0656697883295
0.0071543595657731105,0.6166666666666667,-0.005,264.3878645165688,43.56280192846741,0.1959438682346847,0.0,262351.5170639058,6289.019258903399,19973285.222032756,399.8801750697238,312.0544383389026
0.0071543595657731105,0.6166666666666667,0.005,264.3878645165688,43.56279234203999,0.19605778753275302,0.0,262351.48600872554,6289.01925894475,19973274.768889844,399.88012816780656,312.05442003848066
0.0071543595657731105,0.6166666666666667,0.015,264.3878645165688,43.56280192846741,0.1959438682346847,0.0,262351.5170639058,6289.019258903399,19973285.222032756,399.8801750697238,312.0544383389026
0.0071543595657731105,0.65,-0.005,264.2852414639512,42.990437859423956,0.2998763304194209,0.0,262297.48256532353,6289.019314444202,19963299.27409536,399.835368317844,312.0369549296694
0.0071543595657731105,0.65,0.005,264.2852414639512,42.99042442323006,0.30004931279057145,0.0,262297.43665429327,6289.019314534237,19963283.803456638,399.8352988897843,312.03692783836755
0.0071543595657731105,0.65,0.015,264.2852414639512,42.990437859423956,0.2998763304194209,0.0,262297.48256532353,6289.019314444202,19963299.27409536,399.835368317844,312.0369549296694
0.0071543595657731105,0.6833333333333333,-0.005,264.1294204127852,42.365703791917895,0.4640233899713304,0.0,262226.4045674709,6289.0194352650215,19948138.844015874,399.76732780351807,312.0104039290641
0.0071543595657731105,0.6833333333333333,0.005,264.1294204127852,42.36568528717016,0.4642723533043163,0.0,262226.3396505827,6289.019435445704,19948116.950710088,399.7672295195354,312.01036557472037
0.0071543595657731105,0.6833333333333333,0.015,264.1294204127852,42.365703791917895,0.4640233899713304,0.0,262226.4045674709,6289.0194352650215,19948138.844015874,399.76732780351807,312.0104039290641
0.0071543595657731105,0.7166666666666667,-0.005,263.9051232528267,41.677245594552566,0.7058192294925797,0.0,262133.57828648252,6289.019674473835,19926320.385722272,399.66936628212824,311.97217308274037
0.0071543595657731105,0.7166666666666667,0.005,263.9051232528267,41.67722134087217,0.706151111436326,0.0,262133.4926722511,6289.019674789705,19926291.492831964,399.6692365018093,311.9721224310582
0.0071543595657731105,0.7166666666666667,0.015,263.9051232528267,41.677245594552566,0.7058192294925797,0.0,262133.57828648252,6289.019674473835,19926320.385722272,399.66936628212824,311.97217308274037
0.0071543595657731105,0.75,-0.005,263.6060330526907,40.91077895342852,1.0319472512768355,0.0,262016.78608957797,6289.020085280546,19897234.154282093,399.53868743148183,311.921166549013
0.0071543595657731105,0.75,0.005,263.6060330526907,40.91074955933455,1.0323490026704765,0.0,262016.6829732085,6289.020085740464,19897199.33580437,399.53853089465696,311.92110544460013
0.0071543595657731105,0.75,0.015,263.6060330526907,40.91077895342852,1.0319472512768355,0.0,262016.78608957797,6289.020085280546,19897234.154282093,399.53868743148183,311.921166549013
0.0071543595657731105,0.7833333333333333,-0.005,263.24384878949775,40.04805082569984,1.427484388138036,0.0,261878.8361968884,6289.020677355006,19862023.284626335,399.38033776405194,311.85934837036046
0.0071543595657731105,0.7833333333333333,0.005,263.24384878949775,40.04801873093896,1.4279176852413604,0.0,261878.72490064724,6289.020677890952,19861985.689294934,399.38016852874847,311.85928229597965
0.0071543595657731105,0.7833333333333333,0.015,263.24384878949775,40.04805082569984,1.427484388138036,0.0,261878.8361968884,6289.020677355006,19862023.284626335,399.38033776405194,311.85934837036046
0.0071543595657731105,0.8166666666666667,-0.005,262.85312564521627,39.06406163529915,1.8497966543091104,0.0,261728.8328912778,6289.021381087469,19824050.642551042,399.2093538605656,311.7925841457662
0.0071543595657731105,0.8166666666666667,0.005,262.85312564521627,39.06403085977617,1.85020452859614,0.0,261728.72718575707,6289.021381567866,19824014.928888593,399.20919284254217,311.79252126618917
0.0071543595657731105,0.8166666666666667,0.015,262.85312564521627,39.06406163529915,1.8497966543091104,0.0,261728.8328912778,6289.021381087469,19824050.642551042,399.2093538605656,311.7925841457662
0.0071543595657731105,0.85,-0.005,262.4853329901159,37.92006144032699,2.2348238206147264,0.0,261580.26425746144,6289.022081076147,19788317.88461745,399.04824071600973,311.72966107974446
0.0071543595657731105,0.85,0.005,262.4853329901159,37.92003623408826,2.2351509624729884,0.0,261580.17739477172,6289.022081394089,19788288.537876792,399.04810818165936,311.7296093129562
0.0071543595657731105,0.85,0.015,262.4853329901159,37.92006144032699,2.2348238206147264,0.0,261580.26425746144,6289.022081076147,19788317.88461745,399.04824071600973,311.72966107974446
0.0071543595657731105,0.8833333333333333,-0.005,262.19046134004736,36.546966999900945,2.517451912036028,0.0,261445.3176872833,6289.022723408025,19759679.018161025,398.9189877115038,311.679171872699
0.0071543595657731105,0.8833333333333333,0.005,262.19046134004736,36.54694993100262,2.5176691202114823,0.0,261445.25648929068,6289.022723557968,19759658.345798496,398.9188942117569,311.67913534657924
0.0071543595657731105,0.8833333333333333,0.015,262.19046134004736,36.546966999900945,2.517451912036028,0.0,261445.3176872833,6289.022723408025,19759679.018161025,398.9189877115038,311.679171872699
0.0071543595657731105,0.9166666666666666,-0.005,261.99481686352914,34.80317712201268,2.654437599733724,0.0,261327.4627483464,6289.023412370631,19740688.306050394,398.8333228204039,311.6457046817433
0.0071543595657731105,0.9166666666666666,0.005,261.99481686352914,34.80316787218971,2.654552937140115,0.0,261327.42492793244,6289.023412421336,19740675.53368962,398.83326498880945,311.6456820871309
0.0071543595657731105,0.9166666666666666,0.015,261.99481686352914,34.80317712201268,2.654437599733724,0.0,261327.4627483464,6289.023412370631,19740688.306050394,398.8333228204039,311.6457046817433
0.0071543595657731105,0.9499999999999998,-0.005,261.89077410290946,32.33164807540696,2.6243553506757724,0.0,261214.92918790368,6289.024539922485,19730612.934582837,398.7882085219029,311.6280781769379
0.0071543595657731105,0.9499999999999998,0.005,261.89077410290946,32.33164419881611,2.6244019923918502,0.0,261214.90626851947,6289.02453993746,19730605.196945425,398.7881734655035,311.62806447974424
0.0071543595657731105,0.9499999999999998,0.015,261.89077410290946,32.33164807540696,2.6243553506757724,0.0,261214.92918790368,6289.024539922485,19730612.934582837,398.7882085219029,311.6280781769379
0.0071543595657731105,0.9833333333333333,-0.005,261.846699985485,27.656811961583443,2.3361699315988815,0.0,261062.44985548663,6289.027397292815,19726417.055022206,398.77054536692526,311.62117677429666
0.0071543595657731105,0.9833333333333333,0.005,261.846699985485,27.656811003772535,2.336181093222614,0.0,261062.43309632508,6289.0273972992545,19726411.397930346,398.77051973026477,311.6211667573501
0.0071543595657731105,0.9833333333333333,0.015,261.846699985485,27.656811961583443,2.3361699315988815,0.0,261062.44985548663,6289.027397292815,19726417.055022206,398.77054536692526,311.62117677429666
0.0071543595657731105,1.0166666666666666,-0.005,261.8466999853148,1.8059867281142148e-11,1.5256845279818613e-12,0.0,261062.44985543753,6289.992599417861,19755564.93996699,399.35977137529875,311.8513185519622
0.0071543595657731105,1.0166666666666666,0.005,261.84669998514465,-27.65681196158326,-2.3361699315988655,0.0,261062.44985538858,6289.027397292815,19726417.05498916,398.7705453667753,311.62117677423805
0.0071543595657731105,1.0166666666666666,0.015,261.8466999853148,1.8059867281142148e-11,1.5256845279818613e-12,0.0,261062.44985543753,6289.992599417861,19755564.93996699,399.35977137529875,311.8513185519622
0.007879617992256505,-0.016666666666666666,-0.005,264.647579952558,49.87973834637533,0.0,0.0,262720.7639642065,6289.0191983711875,19998567.516653765,399.9935765226895,312.0986827406087
0.007879617992256505,-0.016666666666666666,0.005,264.647579952558,49.87973834637533,-0.002641360109345029,0.0,262720.7639642065,6289.019198362467,19998567.516386963,399.9935765173532,312.0986827385268
0.007879617992256505,-0.016666666666666666,0.015,264.647579952558,49.87973834637533,0.0,0.0,262720.7639642065,6289.0191983711875,19998567.516653765,399.9935765226895,312.0986827406087
0.007879617992256505,0.016666666666666666,-0.005,264.647579952558,49.87973834637533,0.002641360109345029,0.0,262720.7639642065,6289.019198362467,19998567.516386963,399.9935765173532,312.0986827385268
0.007879617992256505,0.016666666666666666,0.005,264.647579952558,49.879738296253926,0.002641877371376174,0.0,262720.76263614726,6289.019198362523,19998567.064191625,399.99357448957954,312.0986819474323
0.007879617992256505,0.016666666666666666,0.015,264.647579952558,49.87973834637533,0.002641360109345029,0.0,262720.7639642065,6289.019198362467,19998567.516386963,399.9935765173532,312.0986827385268
0.007879617992256505,0.05,-0.005,264.64637009739135,49.63383052418646,0.007251893377536202,0.0,262708.18306712847,6289.019198618349,19998449.684372876,399.9930482381648,312.0984766411006
0.007879617992256505,0.05,0.005,264.64637009739135,49.63383036058562,0.007253461751589084,0.0,262708.181713731,6289.019198618443,19998449.2254457,399.9930461802121,312.0984758382317
0.007879617992256505,0.05,0.015,264.64637009739135,49.63383052418646,0.007251893377536202,0.0,262708.18306712847,6289.019198618349,19998449.684372876,399.9930482381648,312.0984766411006
0.007879617992256505,0.08333333333333333,-0.005,264.6442471061793,49.380372315150716,0.011241793818709371,0.0,262695.0290906658,6289.019198919807,19998242.918060347,399.99212116175244,312.09811496068517
0.007879617992256505,0.08333333333333333,0.005,264.6442471061793,49.38037202584549,0.01124441193920838,0.0,262695.02768669353,6289.01919891995,19998242.44397655,399.99211903583756,312.0981141313013
0.007879617992256505,0.08333333333333333,0.015,264.6442471061793,49.380372315150716,0.011241793818709371,0.0,262695.0290906658,6289.019198919807,19998242.918060347,399.99212116175244,312.09811496068517
0.007879617992256505,0.11666666666666665,-0.005,264.6412220647551,49.11885122156487,0.014683473175815982,0.0,262681.28576419083,6289.019199272425,19997948.299691398,399.9908001344308,312.09759958743723
0.007879617992256505,0.11666666666666665,0.005,264.6412220647551,49.11885079385512,0.014687135369068113,0.0,262681.2842795906,6289.019199272625,19997947.800387908,399.99079789542213,312.0975987139306
0.007879617992256505,0.11666666666666665,0.015,264.6412220647551,49.11885122156487,0.014683473175815982,0.0,262681.28576419083,6289.019199272425,19997948.299691398,399.9908001344308,312.09759958743723
0.007879617992256505,0.15,-0.005,264.63732239093497,48.84869660307416,0.017680073477608062,0.0,262666.93936879,6289.0191996836475,19997568.5039022,399.9890971406834,312.0969351961234
0.007879617992256505,0.15,0.005,264.63732239093497,48.848696023939695,0.01768475787657558,0.0,262666.9377649465,6289.019199683915,19997567.96639675,399.98909473035667,312.0969342557783
0.007879617992256505,0.15,0.015,264.63732239093497,48.84869660307416,0.017680073477608062,0.0,262666.93936879,6289.0191996836475,19997568.5039022,399.9890971406834,312.0969351961234
0.007879617992256505,0.18333333333333332,-0.005,264.6325897184132,48.56927042038341,0.020366019635831484,0.0,262651.977804593,6289.019200163307,19997107.590442315,399.9870303746432,312.09612888392047
0.007879617992256505,0.18333333333333332,0.005,264.6325897184132,48.569269676564005,0.02037169119255311,0.0,262651.9760338836,6289.019200163655,19997106.99868006,399.98702772099205,312.0961278486441
0.007879617992256505,0.18333333333333332,0.015,264.6325897184132,48.56927042038341,0.020366019635831484,0.0,262651.977804593,6289.019200163307,19997107.590442315,399.9870303746432,312.09612888392047
0.007879617992256505,0.21666666666666667,-0.005,264.6270674968115,48.27985640768064,0.022896612395413265,0.0,262636.3866736505,6289.019200724195,19996569.795524042,399.9846188209788,312.09518805629295
0.007879617992256505,0.21666666666666667,0.005,264.6270674968115,48.279855485470044,0.022903237561224456,0.0,262636.38468134333,6289.01920072464,19996569.131028004,399.98461584112954,312.09518689375244
0.007879617992256505,0.21666666666666667,0.015,264.6270674968115,48.27985640768064,0.022896612395413265,0.0,262636.3866736505,6289.019200724195,19996569.795524042,399.9846188209788,312.09518805629295
0.007879617992256505,0.25,-0.005,264.62078326347995,47.979647309387076,0.025433204390452404,0.0,262620.1437830383,6289.019201382772,19995957.80476022,399.98187451035466,312.0941174056115
0.007879617992256505,0.25,0.005,264.62078326347995,47.97964619404112,0.02544077230690922,0.0,262620.1415099549,6289.019201383333,19995957.047548488,399.98187111467803,312.09411608083803
0.007879617992256505,0.25,0.015,264.62078326347995,47.979647309387076,0.025433204390452404,0.0,262620.1437830383,6289.019201382772,19995957.80476022,399.98187451035466,312.0941174056115
0.007879617992256505,0.2833333333333333,-0.005,264.61373203111503,47.667729457205574,0.02813294188851535,0.0,262603.21388304007,6289.019202160114,19995271.135631725,399.9787952650078,312.09291608091445
0.007879617992256505,0.2833333333333333,0.005,264.61373203111503,47.667728132005784,0.02814148574627163,0.0,262603.211266755,6289.0192021608145,19995270.264640767,399.9787913590162,312.0929145570433
0.007879617992256505,0.2833333333333333,0.015,264.61373203111503,47.667729457205574,0.02813294188851535,0.0,262603.21388304007,6289.019202160114,19995271.135631725,399.9787952650078,312.09291608091445
0.007879617992256505,0.31666666666666665,-0.005,264.6058635545214,47.34306363324178,0.031149304392375357,0.0,262585.5443911919,6289.019203083568,19994504.8985453,399.97535914106464,312.0915755195431
0.007879617992256505,0.31666666666666665,0.005,264.6058635545214,47.34306207825173,0.0311589217122122,0.0,262585.54136391805,6289.019203084437,19994503.89092699,399.975354622257,312.09157375658225
0.007879617992256505,0.31666666666666665,0.015,264.6058635545214,47.34306363324178,0.031149304392375357,0.0,262585.5443911919,6289.019203083568,19994504.8985453,399.97535914106464,312.0915755195431
0.007879617992256505,0.35,-0.005,264.5970703791958,47.00446085017063,0.034646501271557724,0.0,262567.0611697594,6289.01920418964,19993648.634765945,399.97151921449426,312.09007741274456
0.007879617992256505,0.35,0.005,264.5970703791958,47.004459040490296,0.034657380568989926,0.0,262567.0576512241,6289.019204190725,19993647.46348326,399.97151396157,312.0900753633667
0.007879617992256505,0.35,0.015,264.5970703791958,47.00446085017063,0.034646501271557724,0.0,262567.0611697594,6289.01920418964,19993648.634765945,399.97151921449426,312.09007741274456
0.007879617992256505,0.38333333333333336,-0.005,264.5871674790032,46.65055119639039,0.03883207056075241,0.0,262547.6616696327,6289.019205529232,19992684.33639621,399.96719469715777,312.08839023936645
0.007879617992256505,0.38333333333333336,0.005,264.5871674790032,46.65054909920565,0.03884454304660901,0.0,262547.6575518387,6289.0192055305915,19992682.965068553,399.9671885468921,312.08838783988654
0.007879617992256505,0.38333333333333336,0.015,264.5871674790032,46.65055119639039,0.03883207056075241,0.0,262547.6616696327,6289.019205529232,19992684.33639621,399.96719469715777,312.08839023936645
0.007879617992256505,0.4166666666666667,-0.005,264.5758465250862,46.279742955113974,0.04402078710464655,0.0,262527.2005058396,6289.019207178511,19991581.99828184,399.96225098092566,312.0864614796722
0.007879617992256505,0.4166666666666667,0.005,264.5758465250862,46.279740523912736,0.04403543830798991,0.0,262527.1956227021,6289.019207180248,19991580.3709134,399.962243682089,312.0864586320683
0.007879617992256505,0.4166666666666667,0.015,264.5758465250862,46.279742955113974,0.04402078710464655,0.0,262527.2005058396,6289.019207178511,19991581.99828184,399.96225098092566,312.0864614796722
0.007879617992256505,0.45,-0.005,264.562574464793,45.890167442727865,0.05076129890143414,0.0,262505.4586526247,6289.0192092633815,19990289.751515396,399.9564553734879,312.08420034482094
0.007879617992256505,0.45,0.005,264.562574464793,45.890164605472016,0.05077919984474654,0.0,262505.45272081066,6289.01920926568,19990287.77248984,399.9564464970932,312.08419688171574
0.007879617992256505,0.45,0.015,264.562574464793,45.890167442727865,0.05076129890143414,0.0,262505.4586526247,6289.0192092633815,19990289.751515396,399.9564553734879,312.08420034482094
0.007879617992256505,0.48333333333333334,-0.005,264.54638390697966,45.479601997789715,0.060085755446176746,0.0,262482.08100704424,6289.019212020153,19988713.46929959,399.9493856010715,312.0814420770249
0.007879617992256505,0.48333333333333334,0.005,264.54638390697966,45.4795986335541,0.06010890273110709,0.0,262482.07351642236,6289.019212023401,19988710.966351528,399.9493743742371,312.0814376968623
0.007879617992256505,0.48333333333333334,0.015,264.54638390697966,45.479601997789715,0.060085755446176746,0.0,262482.08100704424,6289.019212020153,19988713.46929959,399.9493856010715,312.0814420770249
0.007879617992256505,0.5166666666666667,-0.005,264.5254756176484,45.04535906240891,0.07397628150672982,0.0,262456.4591591754,6289.019215955262,19986678.08893556,399.94025626889413,312.0778802370616
0.007879617992256505,0.5166666666666667,0.005,264.5254756176484,45.045354959018105,0.07400834610215554,0.0,262456.4491883466,6289.019215960365,19986674.75082472,399.9402412951656,312.0778743949772
0.007879617992256505,0.5166666666666667,0.015,264.5254756176484,45.04535906240891,0.07397628150672982,0.0,262456.4591591754,6289.019215955262,19986678.08893556,399.94025626889413,312.0778802370616
0.007879617992256505,0.55,-0.005,264.4965435990362,44.58412411681179,0.09615417231484649,0.0,262427.5332789683,6289.019222278097,19983861.937886905,399.9276241574079,312.07295170880917
0.007879617992256505,0.55,0.005,264.4965435990362,44.5841189037176,0.09620158688690486,0.0,262427.51922843745,6289.019222287287,19983857.224267922,399.92760301220574,312.07294345875926
0.007879617992256505,0.55,0.015,264.4965435990362,44.58412411681179,0.09615417231484649,0.0,262427.5332789683,6289.019222278097,19983861.937886905,399.9276241574079,312.07295170880917
0.007879617992256505,0.5833333333333334,-0.005,264.45379578173043,44.091722556607124,0.13322393631536888,0.0,262393.5050039096,6289.019234045766,19979701.450521965,399.9089605216092,312.06566978638637
0.007879617992256505,0.5833333333333334,0.005,264.45379578173043,44.0917156194323,0.13329710439185827,0.0,262393.4843001717,6289.019234064584,19979694.491963364,399.9089293030981,312.06565760583186
0.007879617992256505,0.5833333333333334,0.015,264.45379578173043,44.091722556607124,0.13322393631536888,0.0,262393.5050039096,6289.019234045766,19979701.450521965,399.9089605216092,312.06566978638637
0.007879617992256505,0.6166666666666667,-0.005,264.387864500042,43.562801927964976,0.195943880224364,0.0,262351.51705917774,6289.019258903401,19973285.220427804,399.880175062521,312.0544383360922
0.007879617992256505,0.6166666666666667,0.005,264.387864500042,43.56279234153722,0.1960577995302603,0.0,262351.4860039849,6289.019258944753,19973274.76728059,399.88012816058443,312.05442003566264
0.007879617992256505,0.6166666666666667,0.015,264.387864500042,43.562801927964976,0.195943880224364,0.0,262351.51705917774,6289.019258903401,19973285.220427804,399.880175062521,312.0544383360922
0.007879617992256505,0.65,-0.005,264.285241439966,42.99043785860365,0.2998763485720125,0.0,262297.48255845957,6289.019314444209,19963299.27176648,399.83536830738944,312.0369549255899
0.007879617992256505,0.65,0.005,264.285241439966,42.9904244224093,0.3000493309535985,0.0,262297.43664741085,6289.019314534245,19963283.80112148,399.8352988793016,312.03692783427715
0.007879617992256505,0.65,0.015,264.285241439966,42.99043785860365,0.2998763485720125,0.0,262297.48255845957,6289.019314444209,19963299.27176648,399.83536830738944,312.0369549255899
0.007879617992256505,0.6833333333333332,-0.005,264.12942037883346,42.36570379067728,0.4640234160214629,0.0,262226.4045577536,6289.019435265035,19948138.84071976,399.76732778871497,312.01040392328736
0.007879617992256505,0.6833333333333332,0.005,264.12942037883346,42.36568528592899,0.4642723793667625,0.0,262226.3396408399,6289.019435445719,19948116.94740531,399.7672295046933,312.0103655689284
0.007879617992256505,0.6833333333333332,0.015,264.12942037883346,42.36570379067728,0.4640234160214629,0.0,262226.4045577536,6289.019435265035,19948138.84071976,399.76732778871497,312.01040392328736
0.007879617992256505,0.7166666666666667,-0.005,263.905123207087,41.6772455928519,0.7058192641110927,0.0,262133.5782733969,6289.019674473872,19926320.3812828,399.6693662621816,311.9721730749555
0.007879617992256505,0.7166666666666667,0.005,263.905123207087,41.677221339170984,0.7061511460671732,0.0,262133.49265913287,6289.019674789743,19926291.4883814,399.66923648181273,311.97212242325384
0.007879617992256505,0.7166666666666667,0.015,263.905123207087,41.6772455928519,0.7058192641110927,0.0,262133.5782733969,6289.019674473872,19926320.3812828,399.6693662621816,311.9721730749555
0.007879617992256505,0.75,-0.005,263.60603299514264,40.91077895136207,1.0319472930370381,0.0,262016.78607311522,6289.020085280594,19897234.148697313,399.53868740636136,311.92116653920715
0.007879617992256505,0.75,0.005,263.60603299514264,40.91074955726777,1.0323490444403796,0.0,262016.68295670772,6289.0200857405125,19897199.33020669,399.5385308694783,311.92110543477156
0.007879617992256505,0.75,0.015,263.60603299514264,40.91077895136207,1.0319472930370381,0.0,262016.78607311522,6289.020085280594,19897234.148697313,399.53868740636136,311.92116653920715
0.007879617992256505,0.7833333333333333,-0.005,263.2438487227121,40.04805082354446,1.4274844329974539,0.0,261878.83617778576,6289.020677355063,19862023.278146114,399.3803377348638,311.8593483589646
0.007879617992256505,0.7833333333333333,0.005,263.2438487227121,40.048018728783596,1.4279177301054895,0.0,261878.72488150495,6289.020677891008,19861985.68280129,399.3801684994997,311.8592822845601
0.007879617992256505,0.7833333333333333,0.015,263.2438487227121,40.04805082354446,1.4274844329974539,0.0,261878.83617778576,6289.020677355063,19862023.278146114,399.3803377348638,311.8593483589646
0.007879617992256505,0.8166666666666668,-0.005,262.8531255741051,39.06406163347518,1.8497966963458603,0.0,261728.83287093687,6289.021381087519,19824050.63565176,399.2093538294392,311.79258413361106
0.007879617992256505,0.8166666666666668,0.005,262.8531255741051,39.064030857952616,1.8502045706319639,0.0,261728.72716537985,6289.021381567916,19824014.921977047,399.2091928113602,311.79252125401223
0.007879617992256505,0.8166666666666668,0.015,262.8531255741051,39.06406163347518,1.8497966963458603,0.0,261728.83287093687,6289.021381087519,19824050.63565176,399.2093538294392,311.79258413361106
0.007879617992256505,0.85,-0.005,262.4853329202709,37.92006143924756,2.2348238541660947,0.0,261580.2642374767,6289.0220810761775,19788317.87784089,399.04824068538596,311.72966106778307
0.007879617992256505,0.85,0.005,262.4853329202709,37.920036233009526,2.235150996019508,0.0,261580.1773747583,6289.0220813941205,19788288.53109053,399.0481081509917,311.7296093009777
0.007879617992256505,0.85,0.015,262.4853329202709,37.92006143924756,2.2348238541660947,0.0,261580.2642374767,6289.0220810761775,19788317.87784089,399.04824068538596,311.72966106778307
0.007879617992256505,0.8833333333333333,-0.005,262.1904612753861,36.546966999778554,2.5174519342127732,0.0,261445.31766877093,6289.022723408031,19759679.011886414,398.91898768310597,311.67917186160525
0.007879617992256505,0.8833333333333333,0.005,262.1904612753861,36.54694993088095,2.517669142382583,0.0,261445.25647075867,6289.022723557975,19759658.339517266,398.918894183329,311.6791353354738
0.007879617992256505,0.8833333333333333,0.015,262.1904612753861,36.546966999778554,2.5174519342127732,0.0,261445.31766877093,6289.022723408031,19759679.011886414,398.91898768310597,311.67917186160525
0.007879617992256505,0.9166666666666666,-0.005,261.9948168048313,34.80317712275002,2.6544376114956725,0.0,261327.4627315293,6289.023412370619,19740688.300353155,398.83332279459097,311.6457046716583
0.007879617992256505,0.9166666666666666,0.005,261.9948168048313,34.80316787292756,2.6545529488981203,0.0,261327.42491110333,6289.023412421323,19740675.527988337,398.8332649629781,311.6456820770387
0.007879617992256505,0.9166666666666666,0.015,261.9948168048313,34.80317712275002,2.6544376114956725,0.0,261327.4627315293,6289.023412370619,19740688.300353155,398.83332279459097,311.6457046716583
0.007879617992256505,0.95,-0.005,261.8907740483946,32.33164807670525,2.6243553554930634,0.0,261214.92917227233,6289.024539922459,19730612.929290466,398.7882084979073,311.62807816756236
0.007879617992256505,0.95,0.005,261.8907740483946,32.33164420011471,2.624401997207434,0.0,261214.90625288058,6289.024539937433,19730605.19165054,398.78817344149644,311.6280644703642
0.007879617992256505,0.95,0.015,261.8907740483946,32.33164807670525,2.6243553554930634,0.0,261214.92917227233,6289.024539922459,19730612.929290466,398.7882084979073,311.62807816756236
0.007879617992256505,0.9833333333333333,-0.005,261.846699932778,27.65681196250608,2.336169932796634,0.0,261062.44984033232,6289.027397292756,19726417.04990405,398.7705453436997,311.62117676522183
0.007879617992256505,0.9833333333333333,0.005,261.846699932778,27.656811004695374,2.3361810944200063,0.0,261062.43308116516,6289.0273972991945,19726411.392810278,398.7705197070306,311.6211667482719
0.007879617992256505,0.9833333333333333,0.015,261.846699932778,27.65681196250608,2.336169932796634,0.0,261062.44984033232,6289.027397292756,19726417.04990405,398.7705453436997,311.62117676522183
0.007879617992256505,1.0166666666666666,-0.005,261.84669993260115,1.8761491131593485e-11,1.58516625292622e-12,0.0,261062.44984028133,6289.9925994179275,19755564.93484446,399.35977135211357,311.8513185429098
0.007879617992256505,1.0166666666666666,0.005,261.8466999324243,-27.65681196250589,-2.336169932796617,0.0,261062.44984023043,6289.027397292755,19726417.049869705,398.77054534354386,311.6211767651609
0.007879617992256505,1.0166666666666666,0.015,261.84669993260115,1.8761491131593485e-11,1.58516625292622e-12,0.0,261062.44984028133,6289.9925994179275,19755564.93484446,399.35977135211357,311.8513185429098
0.008604876418739898,-0.016666666666666666,-0.005,264.64757995176717,49.879738346379604,0.0,0.0,262720.76396397984,6289.019198371184,19998567.516576786,399.9935765223425,312.0986827404733
0.008604876418739898,-0.016666666666666666,0.005,264.64757995176717,49.879738346379604,-0.002641360167004019,0.0,262720.76396397984,6289.019198362464,19998567.516309984,399.9935765170061,312.0986827383914
0.008604876418739898,-0.016666666666666666,0.015,264.64757995176717,49.879738346379604,0.0,0.0,262720.76396397984,6289.019198371184,19998567.516576786,399.9935765223425,312.0986827404733
0.008604876418739898,0.016666666666666666,-0.005,264.64757995176717,49.87973834637961,0.002641360167004019,0.0,262720.76396397984,6289.019198362464,19998567.516309984,399.9935765170061,312.0986827383914
0.008604876418739898,0.016666666666666666,0.005,264.64757995176717,49.879738296258196,0.002641877429048305,0.0,262720.76263592,6289.019198362518,19998567.064114466,399.99357448923155,312.0986819472965
0.008604876418739898,0.016666666666666666,0.015,264.64757995176717,49.87973834637961,0.002641360167004019,0.0,262720.76396397984,6289.019198362464,19998567.516309984,399.9935765170061,312.0986827383914
0.008604876418739898,0.05,-0.005,264.64637009657474,49.63383052419092,0.007251893550588614,0.0,262708.1830668975,6289.019198618352,19998449.68429362,399.99304823781114,312.0984766409626
0.008604876418739898,0.05,0.005,264.64637009657474,49.63383036059008,0.007253461924681048,0.0,262708.18171349954,6289.019198618446,19998449.22536627,399.9930461798576,312.09847583809346
0.008604876418739898,0.05,0.015,264.64637009657474,49.63383052419092,0.007251893550588614,0.0,262708.1830668975,6289.019198618352,19998449.68429362,399.99304823781114,312.0984766409626
0.008604876418739898,0.08333333333333333,-0.005,264.64424710531415,49.38037231515516,0.011241794107331886,0.0,262695.0290904214,6289.019198919812,19998242.917976398,399.99212116137824,312.0981149605392
0.008604876418739898,0.08333333333333333,0.005,264.64424710531415,49.380372025849915,0.011244412227898345,0.0,262695.0276864485,6289.019198919954,19998242.443892416,399.99211903546234,312.09811413115494
0.008604876418739898,0.08333333333333333,0.015,264.64424710531415,49.38037231515516,0.011241794107331886,0.0,262695.0290904214,6289.019198919812,19998242.917976398,399.99212116137824,312.0981149605392
0.008604876418739898,0.11666666666666667,-0.005,264.6412220638174,49.11885122156901,0.014683473578840282,0.0,262681.2857639225,6289.019199272423,19997948.29960015,399.99080013402,312.09759958727693
0.008604876418739898,0.11666666666666667,0.005,264.6412220638174,49.11885079385927,0.014687135772190111,0.0,262681.2842793218,6289.019199272621,19997947.800296474,399.9907978950106,312.09759871377
0.008604876418739898,0.11666666666666667,0.015,264.6412220638174,49.11885122156901,0.014683473578840282,0.0,262681.2857639225,6289.019199272423,19997948.29960015,399.99080013402,312.09759958727693
0.008604876418739898,0.15,-0.005,264.6373223898902,48.84869660307758,0.017680073992580994,0.0,262666.9393684947,6289.019199683653,19997568.503800813,399.98909714023137,312.0969351959471
0.008604876418739898,0.15,0.005,264.6373223898902,48.84869602394312,0.017684758391680398,0.0,262666.9377646506,6289.01919968392,19997567.96629516,399.9890947299038,312.09693425560164
0.008604876418739898,0.15,0.015,264.6373223898902,48.84869660307758,0.017680073992580994,0.0,262666.9393684947,6289.019199683653,19997568.503800813,399.98909714023137,312.0969351959471
0.008604876418739898,0.18333333333333332,-0.005,264.63258971723155,48.569270420385465,0.02036602025857695,0.0,262651.9778042568,6289.019200163308,19997107.59032747,399.9870303741287,312.09612888371976
0.008604876418739898,0.18333333333333332,0.005,264.63258971723155,48.56926967656606,0.020371691815467875,0.0,262651.9760335466,6289.019200163656,19997106.998564985,399.9870277204764,312.0961278484429
0.008604876418739898,0.18333333333333332,0.015,264.63258971723155,48.569270420385465,0.02036602025857695,0.0,262651.9778042568,6289.019200163308,19997107.59032747,399.9870303741287,312.09612888371976
0.008604876418739898,0.21666666666666667,-0.005,264.6270674954575,48.27985640768113,0.02289661312181407,0.0,262636.3866732651,6289.019200724196,19996569.795392442,399.9846188203892,312.0951880560629
0.008604876418739898,0.21666666666666667,0.005,264.6270674954575,48.279855485470534,0.022903238287835182,0.0,262636.3846809571,6289.0192007246405,19996569.130896147,399.9846158405387,312.09518689352194
0.008604876418739898,0.21666666666666667,0.015,264.6270674954575,48.27985640768113,0.02289661312181407,0.0,262636.3866732651,6289.019200724196,19996569.795392442,399.9846188203892,312.0951880560629
0.008604876418739898,0.25,-0.005,264.6207832619163,47.97964730938605,0.025433205218779346,0.0,262620.14378259255,6289.019201382772,19995957.8046082,399.98187450967276,312.09411740534546
0.008604876418739898,0.25,0.005,264.6207832619163,47.97964619404011,0.02544077313548942,0.0,262620.14150950836,6289.019201383333,19995957.047396187,399.98187111399506,312.0941160805716
0.008604876418739898,0.25,0.015,264.6207832619163,47.97964730938605,0.025433205218779346,0.0,262620.14378259255,6289.019201382772,19995957.8046082,399.98187450967276,312.09411740534546
0.008604876418739898,0.2833333333333333,-0.005,264.6137320293067,47.667729457202604,0.028132942821266403,0.0,262603.2138825214,6289.019202160106,19995271.13545568,399.97879526421457,312.092916080605
0.008604876418739898,0.2833333333333333,0.005,264.6137320293067,47.667728132002814,0.02814148667932179,0.0,262603.2112662354,6289.019202160806,19995270.26446439,399.9787913582215,312.0929145567332
0.008604876418739898,0.2833333333333333,0.015,264.6137320293067,47.667729457202604,0.028132942821266403,0.0,262603.2138825214,6289.019202160106,19995271.13545568,399.97879526421457,312.092916080605
0.008604876418739898,0.31666666666666665,-0.005,264.6058635524242,47.34306363323642,0.031149305439377998,0.0,262585.5443905928,6289.019203083564,19994504.898341317,399.9753591401485,312.09157551918565
0.008604876418739898,0.31666666666666665,0.005,264.6058635524242,47.34306207824635,0.031158922759566433,0.0,262585.5413633178,6289.0192030844355,19994503.890722632,399.97535462133914,312.09157375622414
0.008604876418739898,0.31666666666666665,0.015,264.6058635524242,47.34306363323642,0.031149305439377998,0.0,262585.5443905928,6289.019203083564,19994504.898341317,399.9753591401485,312.09157551918565
0.008604876418739898,0.35,-0.005,264.59707037676617,47.00446085016124,0.034646502452652696,0.0,262567.06116906414,6289.019204189634,19993648.634529553,399.9715192134312,312.09007741232983
0.008604876418739898,0.35,0.005,264.59707037676617,47.0044590404809,0.034657381750502474,0.0,262567.0576505274,6289.019204190719,19993647.463246427,399.97151396050486,312.09007536295115
0.008604876418739898,0.35,0.015,264.59707037676617,47.00446085016124,0.034646502452652696,0.0,262567.06116906414,6289.019204189634,19993648.634529553,399.9715192134312,312.09007741232983
0.008604876418739898,0.38333333333333336,-0.005,264.5871674761763,46.65055119637656,0.03883207191078429,0.0,262547.661668828,6289.019205529236,19992684.336121514,399.9671946959277,312.0883902388865
0.008604876418739898,0.38333333333333336,0.005,264.5871674761763,46.6505490991918,0.03884454439715261,0.0,262547.65755103243,6289.019205530595,19992682.96479334,399.96718854565955,312.08838783940564
0.008604876418739898,0.38333333333333336,0.015,264.5871674761763,46.65055119637656,0.03883207191078429,0.0,262547.661668828,6289.019205529236,19992684.336121514,399.9671946959277,312.0883902388865
0.008604876418739898,0.41666666666666663,-0.005,264.5758465217799,46.27974295509232,0.044020788684886326,0.0,262527.200504895,6289.019207178508,19991581.99796034,399.9622509794821,312.086461479109
0.008604876418739898,0.41666666666666663,0.005,264.5758465217799,46.27974052389106,0.044035439888891824,0.0,262527.1956217556,6289.019207180244,19991580.37059128,399.9622436806426,312.086458631504
0.008604876418739898,0.41666666666666663,0.015,264.5758465217799,46.27974295509232,0.044020788684886326,0.0,262527.200504895,6289.019207178508,19991581.99796034,399.9622509794821,312.086461479109
0.008604876418739898,0.45,-0.005,264.56257446086346,45.89016744269442,0.050761300824356946,0.0,262505.45865150227,6289.01920926338,19990289.751133367,399.9564553717731,312.08420034415195
0.008604876418739898,0.45,0.005,264.56257446086346,45.890164605438564,0.050779201768590784,0.0,262505.452719686,6289.019209265677,19990287.77210705,399.956446495375,312.08419688104544
0.008604876418739898,0.45,0.015,264.56257446086346,45.89016744269442,0.050761300824356946,0.0,262505.45865150227,6289.01920926338,19990289.751133367,399.9564553717731,312.08420034415195
0.008604876418739898,0.48333333333333334,-0.005,264.54638390218264,45.47960199773474,0.06008575792130512,0.0,262482.08100567263,6289.019212020148,19988713.46883321,399.94938559897696,312.08144207620774
0.008604876418739898,0.48333333333333334,0.005,264.54638390218264,45.47959863349908,0.06010890520761464,0.0,262482.07351504784,6289.019212023397,19988710.965884168,399.94937437213804,312.08143769604334
0.008604876418739898,0.48333333333333334,0.015,264.54638390218264,45.47960199773474,0.06008575792130512,0.0,262482.08100567263,6289.019212020148,19988713.46883321,399.94938559897696,312.08144207620774
0.008604876418739898,0.5166666666666667,-0.005,264.52547561154836,45.04535906231528,0.0739762849198582,0.0,262456.45915743336,6289.019215955263,19986678.088342838,399.94025626623534,312.07788023602427
0.008604876418739898,0.5166666666666667,0.005,264.52547561154836,45.0453549589244,0.0740083495174537,0.0,262456.44918660057,6289.019215960367,19986674.75023064,399.9402412925006,312.07787439393746
0.008604876418739898,0.5166666666666667,0.015,264.52547561154836,45.04535906231528,0.0739762849198582,0.0,262456.45915743336,6289.019215955263,19986678.088342838,399.94025626623534,312.07788023602427
0.008604876418739898,0.55,-0.005,264.49654359088584,44.584124116646585,0.09615417734046534,0.0,262427.5332766358,6289.019222278089,19983861.93709484,399.9276241538503,312.07295170742117
0.008604876418739898,0.55,0.005,264.49654359088584,44.58411890355226,0.09620159191598059,0.0,262427.51922609925,6289.01922228728,19983857.223473918,399.9276030086394,312.0729434573678
0.008604876418739898,0.55,0.015,264.49654359088584,44.584124116646585,0.09615417734046534,0.0,262427.5332766358,6289.019222278089,19983861.93709484,399.9276241538503,312.07295170742117
0.008604876418739898,0.5833333333333334,-0.005,264.45379577030184,44.09172255631486,0.133223944041084,0.0,262393.5050006392,6289.019234045761,19979701.449411713,399.9089605166244,312.0656697844414
0.008604876418739898,0.5833333333333334,0.005,264.45379577030184,44.09171561913982,0.13329711212293555,0.0,262393.4842968929,6289.01923406458,19979694.490850236,399.9089292981004,312.06565760388196
0.008604876418739898,0.5833333333333334,0.015,264.45379577030184,44.09172255631486,0.133223944041084,0.0,262393.5050006392,6289.019234045761,19979701.449411713,399.9089605166244,312.0656697844414
0.008604876418739898,0.6166666666666667,-0.005,264.3878644835174,43.56280192746173,0.19594389221392275,0.0,262351.5170544476,6289.019258903397,19973285.218822863,399.8801750553151,312.05443833328053
0.008604876418739898,0.6166666666666667,0.005,264.3878644835174,43.56279234103364,0.19605781152764662,0.0,262351.48599924217,6289.01925894475,19973274.76567135,399.8801281533593,312.05442003284355
0.008604876418739898,0.6166666666666667,0.015,264.3878644835174,43.56280192746173,0.19594389221392275,0.0,262351.5170544476,6289.019258903397,19973285.218822863,399.8801750553151,312.05443833328053
0.008604876418739898,0.65,-0.005,264.2852414159799,42.990437857783256,0.29987636672476375,0.0,262297.4825515977,6289.019314444222,19963299.26943769,399.83536829693816,312.0369549215118
0.008604876418739898,0.65,0.005,264.2852414159799,42.99042442158843,0.30004934911678494,0.0,262297.43664053053,6289.019314534257,19963283.798786417,399.83529886882206,312.03692783018795
0.008604876418739898,0.65,0.015,264.2852414159799,42.990437857783256,0.29987636672476375,0.0,262297.4825515977,6289.019314444222,19963299.26943769,399.83536829693816,312.0369549215118
0.008604876418739898,0.6833333333333333,-0.005,264.12942034488117,42.36570378943665,0.46402344207191043,0.0,262226.4045480371,6289.0194352650515,19948138.837423664,399.7673277739131,312.01040391751104
0.008604876418739898,0.6833333333333333,0.005,264.12942034488117,42.365685284687814,0.4642724054295238,0.0,262226.33963109803,6289.019435445735,19948116.944100555,399.76722948985264,312.010365563137
0.008604876418739898,0.6833333333333333,0.015,264.12942034488117,42.36570378943665,0.46402344207191043,0.0,262226.4045480371,6289.0194352650515,19948138.837423664,399.7673277739131,312.01040391751104
0.008604876418739898,0.7166666666666667,-0.005,263.9051231613506,41.67724559115061,0.705819298729737,0.0,262133.57826030828,6289.019674473899,19926320.376843344,399.66936624223035,311.97217306716874
0.008604876418739898,0.7166666666666667,0.005,263.9051231613506,41.67722133746917,0.706151180698152,0.0,262133.4926460116,6289.01967478977,19926291.483930856,399.66923646181164,311.97212241544764
0.008604876418739898,0.7166666666666667,0.015,263.9051231613506,41.67724559115061,0.705819298729737,0.0,262133.57826030828,6289.019674473899,19926320.376843344,399.66936624223035,311.97217306716874
0.008604876418739898,0.75,-0.005,263.60603293759266,40.91077894929594,1.0319473347975894,0.0,262016.7860566543,6289.0200852806465,19897234.14311253,399.53868738124373,311.92116652940246
0.008604876418739898,0.75,0.005,263.60603293759266,40.9107495552013,1.0323490862106315,0.0,262016.68294020876,6289.020085740565,19897199.324609,399.53853084430244,311.9211054249442
0.008604876418739898,0.75,0.015,263.60603293759266,40.91077894929594,1.0319473347975894,0.0,262016.7860566543,6289.0200852806465,19897234.14311253,399.53868738124373,311.92116652940246
0.008604876418739898,0.7833333333333333,-0.005,263.24384865592566,40.048050821389474,1.4274844778574578,0.0,261878.83615868297,6289.020677355118,19862023.27166583,399.38033770567546,311.8593483475686
0.008604876418739898,0.7833333333333333,0.005,263.24384865592566,40.04801872662864,1.4279177749702054,0.0,261878.7248623626,6289.020677891063,19861985.676307585,399.38016847025074,311.8592822731404
0.008604876418739898,0.7833333333333333,0.015,263.24384865592566,40.048050821389474,1.4274844778574578,0.0,261878.83615868297,6289.020677355118,19862023.27166583,399.38033770567546,311.8593483475686
0.008604876418739898,0.8166666666666665,-0.005,262.8531255029954,39.06406163165106,1.849796738382625,0.0,261728.8328505932,6289.021381087561,19824050.62875238,399.20935379830854,311.7925841214541
0.008604876418739898,0.8166666666666665,0.005,262.8531255029954,39.06403085612892,1.8502046126678033,0.0,261728.72714500004,6289.021381567956,19824014.91506541,399.2091927801742,311.79252124183364
0.008604876418739898,0.8166666666666665,0.015,262.8531255029954,39.06406163165106,1.849796738382625,0.0,261728.8328505932,6289.021381087561,19824050.62875238,399.20935379830854,311.7925841214541
0.008604876418739898,0.85,-0.005,262.48533285042737,37.92006143816838,2.234823887717086,0.0,261580.2642174892,6289.022081076202,19788317.871064242,399.04824065475805,311.7296610558201
0.008604876418739898,0.85,0.005,262.48533285042737,37.92003623193102,2.23515102956565,0.0,261580.17735474216,6289.022081394144,19788288.52430418,399.0481081203199,311.72960928899755
0.008604876418739898,0.85,0.015,262.48533285042737,37.92006143816838,2.234823887717086,0.0,261580.2642174892,6289.022081076202,19788317.871064242,399.04824065475805,311.7296610558201
0.008604876418739898,0.8833333333333333,-0.005,262.1904612107272,36.54696699965619,2.51745195638921,0.0,261445.3176502555,6289.022723408029,19759679.00561175,398.91898765470347,311.67917185050965
0.008604876418739898,0.8833333333333333,0.005,262.1904612107272,36.546949930759304,2.517669164553375,0.0,261445.25645222372,6289.022723557972,19759658.333235987,398.9188941548966,311.67913532436654
0.008604876418739898,0.8833333333333333,0.015,262.1904612107272,36.54696699965619,2.51745195638921,0.0,261445.3176502555,6289.022723408029,19759679.00561175,398.91898765470347,311.67917185050965
0.008604876418739898,0.9166666666666666,-0.005,261.99481674613247,34.80317712348716,2.654437623257325,0.0,261327.462714713,6289.02341237061,19740688.2946559,398.8333227687793,311.64570466157375
0.008604876418739898,0.9166666666666666,0.005,261.99481674613247,34.80316787366522,2.654552960655829,0.0,261327.42489427511,6289.023412421314,19740675.522287037,398.83326493714816,311.645682066947
0.008604876418739898,0.9166666666666666,0.015,261.99481674613247,34.80317712348716,2.654437623257325,0.0,261327.462714713,6289.02341237061,19740688.2946559,398.8333227687793,311.64570466157375
0.008604876418739898,0.95,-0.005,261.8907739938788,32.33164807800325,2.6243553603104486,0.0,261214.92915664238,6289.024539922435,19730612.92399814,398.7882084739139,311.6280781581877
0.008604876418739898,0.95,0.005,261.8907739938788,32.33164420141302,2.624402002023113,0.0,261214.90623724327,6289.024539937409,19730605.186355703,398.78817341749175,311.6280644609852
0.008604876418739898,0.95,0.015,261.8907739938788,32.33164807800325,2.6243553603104486,0.0,261214.92915664238,6289.024539922435,19730612.92399814,398.7882084739139,311.6280781581877
0.008604876418739898,0.9833333333333333,-0.005,261.8466998800733,27.65681196342883,2.336169933994661,0.0,261062.4498251755,6289.027397292688,19726417.044785857,398.77054532047026,311.6211767561454
0.008604876418739898,0.9833333333333333,0.005,261.8466998800733,27.656811005618327,2.3361810956176727,0.0,261062.43306600265,6289.027397299127,19726411.387690187,398.7705196837925,311.6211667391922
0.008604876418739898,0.9833333333333333,0.015,261.8466998800733,27.65681196342883,2.336169933994661,0.0,261062.4498251755,6289.027397292688,19726417.044785857,398.77054532047026,311.6211767561454
0.008604876418739898,1.0166666666666666,-0.005,261.8466998798898,1.9470061753089012e-11,1.644865064480816e-12,0.0,261062.4498251226,6289.992599417987,19755564.929721903,399.3597713289245,311.8513185338559
0.008604876418739898,1.0166666666666666,0.005,261.8466998797063,-27.656811963428645,-2.3361699339946447,0.0,261062.44982506978,6289.027397292688,19726417.044750217,398.77054532030854,311.6211767560822
0.008604876418739898,1.0166666666666666,0.015,261.8466998798898,1.9470061753089012e-11,1.644865064480816e-12,0.0,261062.4498251226,6289.992599417987,19755564.929721903,399.3597713289245,311.8513185338559
0.009330134845223291,-0.016666666666666666,-0.005,264.64757995097386,49.87973834638521,0.0,0.0,262720.763963756,6289.019198371188,19998567.516499825,399.9935765219996,312.0986827403395
0.009330134845223291,-0.016666666666666666,0.005,264.64757995097386,49.87973834638521,-0.0026413602248684105,0.0,262720.7639637559,6289.019198362468,19998567.516233016,399.99357651666315,312.0986827382576
0.009330134845223291,-0.016666666666666666,0.015,264.64757995097386,49.87973834638521,0.0,0.0,262720.763963756,6289.019198371188,19998567.516499825,399.9935765219996,312.0986827403395
0.009330134845223291,0.016666666666666666,-0.005,264.6475799509738,49.87973834638521,0.0026413602248684105,0.0,262720.763963756,6289.019198362468,19998567.51623302,399.9935765166632,312.0986827382576
0.009330134845223291,0.016666666666666666,0.005,264.6475799509738,49.879738296263795,0.002641877486925751,0.0,262720.76263569563,6289.019198362523,19998567.064037334,399.9935744888879,312.09868194716245
0.009330134845223291,0.016666666666666666,0.015,264.6475799509738,49.87973834638521,0.0026413602248684105,0.0,262720.763963756,6289.019198362468,19998567.51623302,399.9935765166632,312.0986827382576
0.009330134845223291,0.05,-0.005,264.64637009576177,49.633830524196505,0.0072518937238406096,0.0,262708.1830666632,6289.019198618344,19998449.684214387,399.9930482374523,312.0984766408226
0.009330134845223291,0.05,0.005,264.64637009576177,49.63383036059569,0.007253462097972316,0.0,262708.18171326484,6289.019198618439,19998449.22528686,399.99304617949815,312.0984758379532
0.009330134845223291,0.05,0.015,264.64637009576177,49.633830524196505,0.0072518937238406096,0.0,262708.1830666632,6289.019198618344,19998449.684214387,399.9930482374523,312.0984766408226
0.009330134845223291,0.08333333333333333,-0.005,264.64424710445064,49.38037231516075,0.011241794395832687,0.0,262695.0290901758,6289.019198919814,19998242.917892482,399.9921211610021,312.0981149603925
0.009330134845223291,0.08333333333333333,0.005,264.64424710445064,49.380372025855515,0.011244412516466589,0.0,262695.0276862023,6289.019198919955,19998242.443808317,399.99211903508535,312.0981141310079
0.009330134845223291,0.08333333333333333,0.015,264.64424710445064,49.38037231516075,0.011241794395832687,0.0,262695.0290901758,6289.019198919814,19998242.917892482,399.9921211610021,312.0981149603925
0.009330134845223291,0.11666666666666667,-0.005,264.64122206287925,49.11885122157366,0.014683473981937816,0.0,262681.2857636554,6289.019199272421,19997948.29950896,399.99080013361106,312.0975995871174
0.009330134845223291,0.11666666666666667,0.005,264.64122206287925,49.11885079386391,0.014687136175385791,0.0,262681.28427905403,6289.019199272621,19997947.800205085,399.99079789460063,312.09759871361007
0.009330134845223291,0.11666666666666667,0.015,264.64122206287925,49.11885122157366,0.014683473981937816,0.0,262681.2857636554,6289.019199272421,19997948.29950896,399.99080013361106,312.0975995871174
0.009330134845223291,0.15,-0.005,264.63732238884916,48.84869660308105,0.017680074507576585,0.0,262666.939368195,6289.019199683645,19997568.503699373,399.98909713977264,312.09693519576814
0.009330134845223291,0.15,0.005,264.63732238884916,48.848696023946594,0.01768475890680803,0.0,262666.9377643504,6289.019199683913,19997567.966193516,399.9890947294442,312.09693425542235
0.009330134845223291,0.15,0.015,264.63732238884916,48.84869660308105,0.017680074507576585,0.0,262666.939368195,6289.019199683645,19997568.503699373,399.98909713977264,312.09693519576814
0.009330134845223291,0.18333333333333332,-0.005,264.63258971605313,48.56927042038776,0.020366020881158922,0.0,262651.9778039175,6289.019200163299,19997107.59021264,399.98703037360946,312.09612888351717
0.009330134845223291,0.18333333333333332,0.005,264.63258971605313,48.56926967656835,0.020371692438219544,0.0,262651.9760332067,6289.019200163647,19997106.998449933,399.9870277199562,312.09612784824
0.009330134845223291,0.18333333333333332,0.015,264.63258971605313,48.56927042038776,0.020366020881158922,0.0,262651.9778039175,6289.019200163299,19997107.59021264,399.98703037360946,312.09612888351717
0.009330134845223291,0.21666666666666667,-0.005,264.62706749410324,48.279856407682075,0.022896613847925136,0.0,262636.38667287887,6289.019200724195,19996569.795260757,399.9846188197983,312.09518805583235
0.009330134845223291,0.21666666666666667,0.005,264.62706749410324,48.27985548547148,0.02290323901415626,0.0,262636.38468057016,6289.01920072464,19996569.130764216,399.9846158399467,312.09518689329093
0.009330134845223291,0.21666666666666667,0.015,264.62706749410324,48.279856407682075,0.022896613847925136,0.0,262636.38667287887,6289.019200724195,19996569.795260757,399.9846188197983,312.09518805583235
0.009330134845223291,0.25,-0.005,264.62078326035436,47.97964730938476,0.025433206046536243,0.0,262620.14378214494,6289.019201382766,19995957.804456163,399.98187450898814,312.09411740507835
0.009330134845223291,0.25,0.005,264.62078326035436,47.97964619403881,0.02544077396349907,0.0,262620.1415090598,6289.0192013833275,19995957.04724386,399.9818711133089,312.09411608030393
0.009330134845223291,0.25,0.015,264.62078326035436,47.97964730938476,0.025433206046536243,0.0,262620.14378214494,6289.019201382766,19995957.804456163,399.98187450898814,312.09411740507835
0.009330134845223291,0.2833333333333333,-0.005,264.61373202749496,47.66772945719963,0.02813294375360014,0.0,262603.21388200636,6289.01920216011,19995271.13527965,399.9787952634269,312.09291608029764
0.009330134845223291,0.2833333333333333,0.005,264.61373202749496,47.66772813199983,0.02814148761195429,0.0,262603.2112657194,6289.01920216081,19995270.264288038,399.97879135743227,312.09291455642534
0.009330134845223291,0.2833333333333333,0.015,264.61373202749496,47.66772945719963,0.02813294375360014,0.0,262603.21388200636,6289.01920216011,19995271.13527965,399.9787952634269,312.09291608029764
0.009330134845223291,0.31666666666666665,-0.005,264.6058635503246,47.34306363323059,0.031149306486181482,0.0,262585.54438999697,6289.019203083572,19994504.898137413,399.9753591392374,312.0915755188302
0.009330134845223291,0.31666666666666665,0.005,264.6058635503246,47.34306207824052,0.03115892380672118,0.0,262585.5413627209,6289.019203084443,19994503.890518352,399.97535462042634,312.091573755868
0.009330134845223291,0.31666666666666665,0.015,264.6058635503246,47.34306363323059,0.031149306486181482,0.0,262585.54438999697,6289.019203083572,19994504.898137413,399.9753591392374,312.0915755188302
0.009330134845223291,0.35,-0.005,264.5970703743309,47.00446085015264,0.034646503633671465,0.0,262567.06116837484,6289.019204189648,19993648.6342932,399.97151921237736,312.0900774119186
0.009330134845223291,0.35,0.005,264.5970703743309,47.004459040472305,0.034657382931938846,0.0,262567.0576498368,6289.019204190732,19993647.46300963,399.971513959449,312.0900753625392
0.009330134845223291,0.35,0.015,264.5970703743309,47.00446085015264,0.034646503633671465,0.0,262567.06116837484,6289.019204189648,19993648.6342932,399.97151921237736,312.0900774119186
0.009330134845223291,0.38333333333333336,-0.005,264.58716747335245,46.65055119636234,0.03883207326063232,0.0,262547.6616680207,6289.019205529232,19992684.33584686,399.96719469469366,312.08839023840505
0.009330134845223291,0.38333333333333336,0.005,264.58716747335245,46.65054909917759,0.038844545747512615,0.0,262547.6575502237,6289.01920553059,19992682.964518167,399.9671885444233,312.0883878389233
0.009330134845223291,0.38333333333333336,0.015,264.58716747335245,46.65055119636234,0.03883207326063232,0.0,262547.6616680207,6289.019205529232,19992684.33584686,399.96719469469366,312.08839023840505
0.009330134845223291,0.4166666666666667,-0.005,264.5758465184707,46.27974295507156,0.04402079026511742,0.0,262527.2005039537,6289.019207178515,19991581.99763886,399.96225097804347,312.08646147854773
0.009330134845223291,0.4166666666666667,0.005,264.5758465184707,46.27974052387029,0.04403544146978536,0.0,262527.19562081236,6289.019207180251,19991580.370269176,399.962243679201,312.0864586309416
0.009330134845223291,0.4166666666666667,0.015,264.5758465184707,46.27974295507156,0.04402079026511742,0.0,262527.2005039537,6289.019207178515,19991581.99763886,399.96225097804347,312.08646147854773
0.009330134845223291,0.45,-0.005,264.56257445693376,45.890167442660896,0.050761302747193295,0.0,262505.4586503796,6289.019209263377,19990289.750751305,399.95645537005794,312.0842003434828
0.009330134845223291,0.45,0.005,264.56257445693376,45.890164605405005,0.05077920369234866,0.0,262505.4527185611,6289.019209265675,19990287.771724224,399.95644649365636,312.0841968803749
0.009330134845223291,0.45,0.015,264.56257445693376,45.890167442660896,0.050761302747193295,0.0,262505.4586503796,6289.019209263377,19990289.750751305,399.95645537005794,312.0842003434828
0.009330134845223291,0.48333333333333334,-0.005,264.5463838973826,45.47960199768055,0.06008576039654887,0.0,262482.0810043046,6289.019212020153,19988713.468366876,399.9493855968877,312.08144207539254
0.009330134845223291,0.48333333333333334,0.005,264.5463838973826,45.47959863344486,0.06010890768423736,0.0,262482.07351367694,6289.019212023403,19988710.96541685,399.9493743700444,312.0814376952265
0.009330134845223291,0.48333333333333334,0.015,264.5463838973826,45.47960199768055,0.06008576039654887,0.0,262482.0810043046,6289.019212020153,19988713.468366876,399.9493855968877,312.08144207539254
0.009330134845223291,0.5166666666666667,-0.005,264.5254756054487,45.04535906222179,0.07397628833295458,0.0,262456.4591556907,6289.019215955262,19986678.087750092,399.9402562635755,312.07788023498654
0.009330134845223291,0.5166666666666667,0.005,264.5254756054487,45.04535495883085,0.07400835293271983,0.0,262456.449184854,6289.019215960365,19986674.749636557,399.9402412898349,312.0778743928974
0.009330134845223291,0.5166666666666667,0.015,264.5254756054487,45.04535906222179,0.07397628833295458,0.0,262456.4591556907,6289.019215955262,19986678.087750092,399.9402562635755,312.07788023498654
0.009330134845223291,0.55,-0.005,264.49654358273114,44.584124116481505,0.09615418236534175,0.0,262427.53327430796,6289.019222278096,19983861.936302803,399.9276241502998,312.07295170603584
0.009330134845223291,0.55,0.005,264.49654358273114,44.58411890338706,0.09620159694431359,0.0,262427.51922376576,6289.0192222872865,19983857.22267995,399.9276030050803,312.07294345597916
0.009330134845223291,0.55,0.015,264.49654358273114,44.584124116481505,0.09615418236534175,0.0,262427.53327430796,6289.019222278096,19983861.936302803,399.9276241502998,312.07295170603584
0.009330134845223291,0.5833333333333334,-0.005,264.45379575887057,44.09172255602322,0.13322395176628105,0.0,262393.50499737245,6289.019234045767,19979701.448301546,399.90896051164526,312.06566978249873
0.009330134845223291,0.5833333333333334,0.005,264.45379575887057,44.09171561884796,0.13329711985349446,0.0,262393.4842936177,6289.019234064585,19979694.489737187,399.9089292931083,312.06565760193416
0.009330134845223291,0.5833333333333334,0.015,264.45379575887057,44.09172255602322,0.13322395176628105,0.0,262393.50499737245,6289.019234045767,19979701.448301546,399.90896051164526,312.06566978249873
0.009330134845223291,0.6166666666666667,-0.005,264.38786446699146,43.562801926959274,0.19594390420328944,0.0,262351.5170497196,6289.0192589034,19973285.21721798,399.8801750481122,312.0544383304701
0.009330134845223291,0.6166666666666667,0.005,264.38786446699146,43.56279234053085,0.19605782352484155,0.0,262351.48599450145,6289.019258944752,19973274.764062155,399.88012814613705,312.05442003002554
0.009330134845223291,0.6166666666666667,0.015,264.38786446699146,43.562801926959274,0.19594390420328944,0.0,262351.5170497196,6289.0192589034,19973285.21721798,399.8801750481122,312.0544383304701
0.009330134845223291,0.65,-0.005,264.28524139199374,42.99043785696273,0.29987638487726076,0.0,262297.4825447354,6289.019314444235,19963299.267108865,399.83536828648624,312.0369549174334
0.009330134845223291,0.65,0.005,264.28524139199374,42.99042442076744,0.3000493672797176,0.0,262297.4366336498,6289.019314534268,19963283.796451315,399.8352988583419,312.0369278260985
0.009330134845223291,0.65,0.015,264.28524139199374,42.99043785696273,0.29987638487726076,0.0,262297.4825447354,6289.019314444235,19963299.267108865,399.83536828648624,312.0369549174334
0.009330134845223291,0.6833333333333333,-0.005,264.12942031092695,42.36570378819583,0.46402346812251244,0.0,262226.4045383231,6289.019435265076,19948138.83412762,399.76732775911506,312.0104039117363
0.009330134845223291,0.6833333333333333,0.005,264.12942031092695,42.36568528344645,0.4642724314924396,0.0,262226.33962135855,6289.01943544576,19948116.94079584,399.76722947501565,312.01036555734703
0.009330134845223291,0.6833333333333333,0.015,264.12942031092695,42.36570378819583,0.46402346812251244,0.0,262226.4045383231,6289.019435265076,19948138.83412762,399.76732775911506,312.0104039117363
0.009330134845223291,0.7166666666666667,-0.005,263.9051231156141,41.67724558944952,0.7058193333486947,0.0,262133.5782472196,6289.019674473925,19926320.372403875,399.66936622227905,311.972173059382
0.009330134845223291,0.7166666666666667,0.005,263.9051231156141,41.67722133576755,0.7061512153294439,0.0,262133.49263289038,6289.019674789796,19926291.479480308,399.6692364418105,311.97212240764145
0.009330134845223291,0.7166666666666667,0.015,263.9051231156141,41.67724558944952,0.7058193333486947,0.0,262133.5782472196,6289.019674473925,19926320.372403875,399.66936622227905,311.972173059382
0.009330134845223291,0.7500000000000001,-0.005,263.606032880046,40.91077894722942,1.031947376558126,0.0,262016.78604019003,6289.020085280688,19897234.137527745,399.53868735612093,311.9211665195957
0.009330134845223291,0.7500000000000001,0.005,263.606032880046,40.91074955313447,1.0323491279808688,0.0,262016.68292370663,6289.020085740609,19897199.319011312,399.5385308191217,311.92110541511477
0.009330134845223291,0.7500000000000001,0.015,263.606032880046,40.91077894722942,1.031947376558126,0.0,262016.78604019003,6289.020085280688,19897234.137527745,399.53868735612093,311.9211665195957
0.009330134845223291,0.7833333333333333,-0.005,263.24384858913993,40.048050819234234,1.4274845227173134,0.0,261878.8361395812,6289.020677355176,19862023.265185673,399.3803376764886,311.8593483361732
0.009330134845223291,0.7833333333333333,0.005,263.24384858913993,40.04801872447344,1.4279178198347733,0.0,261878.72484322134,6289.020677891121,19861985.669814017,399.38016844100343,311.85928226172143
0.009330134845223291,0.7833333333333333,0.015,263.24384858913993,40.048050819234234,1.4274845227173134,0.0,261878.8361395812,6289.020677355176,19862023.265185673,399.3803376764886,311.8593483361732
0.009330134845223291,0.8166666666666667,-0.005,262.8531254318833,39.064061629826604,1.849796780419724,0.0,261728.83283025335,6289.021381087615,19824050.62185311,399.20935376718376,311.79258410929947
0.009330134845223291,0.8166666666666667,0.005,262.8531254318833,39.06403085430489,1.8502046547039772,0.0,261728.727124624,6289.02138156801,19824014.908153888,399.20919274899404,311.79252122965744
0.009330134845223291,0.8166666666666667,0.015,262.8531254318833,39.064061629826604,1.849796780419724,0.0,261728.83283025335,6289.021381087615,19824050.62185311,399.20935376718376,311.79258410929947
0.009330134845223291,0.85,-0.005,262.48533278058335,37.920061437089146,2.2348239212687546,0.0,261580.2641975038,6289.022081076231,19788317.8642877,399.04824062413337,311.7296610438583
0.009330134845223291,0.85,0.005,262.48533278058335,37.920036230852475,2.2351510631124687,0.0,261580.1773347281,6289.022081394173,19788288.517517954,399.04810808965135,311.72960927701865
0.009330134845223291,0.85,0.015,262.48533278058335,37.920061437089146,2.2348239212687546,0.0,261580.2641975038,6289.022081076231,19788317.8642877,399.04824062413337,311.7296610438583
0.009330134845223291,0.8833333333333333,-0.005,262.1904611460642,36.54696699953382,2.5174519785661547,0.0,261445.31763174586,6289.022723408044,19759678.99933722,398.9189876263098,311.67917183941756
0.009330134845223291,0.8833333333333333,0.005,262.1904611460642,36.546949930637645,2.5176691867246754,0.0,261445.25643369445,6289.022723557988,19759658.326954823,398.9188941264728,311.6791353132627
0.009330134845223291,0.8833333333333333,0.015,262.1904611460642,36.54696699953382,2.5174519785661547,0.0,261445.31763174586,6289.022723408044,19759678.99933722,398.9189876263098,311.67917183941756
0.009330134845223291,0.9166666666666666,-0.005,261.9948166874334,34.80317712422471,2.6544376350194465,0.0,261327.4626978974,6289.023412370601,19740688.288958676,398.8333227429686,311.64570465148955
0.009330134845223291,0.9166666666666666,0.005,261.9948166874334,34.80316787440327,2.654552972414007,0.0,261327.4248774476,6289.023412421307,19740675.516585775,398.83326491131925,311.6456820568558
0.009330134845223291,0.9166666666666666,0.015,261.9948166874334,34.80317712422471,2.6544376350194465,0.0,261327.4626978974,6289.023412370601,19740688.288958676,398.8333227429686,311.64570465148955
0.009330134845223291,0.95,-0.005,261.8907739393658,32.331648079301694,2.62435536512816,0.0,261214.92914101027,6289.024539922404,19730612.91870585,398.7882084499172,311.6280781488117
0.009330134845223291,0.95,0.005,261.8907739393658,32.331644202711786,2.624402006839118,0.0,261214.90622160368,6289.024539937379,19730605.181060906,398.78817339348353,311.6280644516047
0.009330134845223291,0.95,0.015,261.8907739393658,32.331648079301694,2.62435536512816,0.0,261214.92914101027,6289.024539922404,19730612.91870585,398.7882084499172,311.6280781488117
0.009330134845223291,0.9833333333333333,-0.005,261.8466998273676,27.656811964351594,2.336169935192793,0.0,261062.44981001978,6289.0273972926225,19726417.03966769,398.7705452972425,311.6211767470697
0.009330134845223291,0.9833333333333333,0.005,261.8466998273676,27.656811006541286,2.336181096815445,0.0,261062.4330508413,6289.027397299062,19726411.382570103,398.77051966055603,311.62116673011303
0.009330134845223291,0.9833333333333333,0.015,261.8466998273676,27.656811964351594,2.336169935192793,0.0,261062.44981001978,6289.0273972926225,19726417.03966769,398.7705452972425,311.6211767470697
0.009330134845223291,1.0166666666666668,-0.005,261.8466998271774,1.9987596178877383e-11,1.688065295496465e-12,0.0,261062.44980996504,6289.992599418049,19755564.924599364,399.3597713057373,311.8513185248027
0.009330134845223291,1.0166666666666668,0.005,261.8466998269873,-27.65681196435178,-2.336169935192809,0.0,261062.44980991018,6289.0273972926225,19726417.03963075,398.7705452970748,311.6211767470042
0.009330134845223291,1.0166666666666668,0.015,261.8466998271774,1.9987596178877383e-11,1.688065295496465e-12,0.0,261062.44980996504,6289.992599418049,19755564.924599364,399.3597713057373,311.8513185248027
0.010055393271706688,-0.016666666666666666,-0.005,264.64757995018397,49.87973834639065,4.195099782732676e-19,0.0,262720.76396352844,6289.019198371182,19998567.51642285,399.9935765216511,312.09868274020357
0.010055393271706688,-0.016666666666666666,0.005,264.647579950184,49.87973834639065,-0.0026413602826613034,0.0,262720.7639635284,6289.01919836246,19998567.51615604,399.99357651631465,312.0986827381216
0.010055393271706688,-0.016666666666666666,0.015,264.64757995018397,49.87973834639065,4.195099782732676e-19,0.0,262720.76396352844,6289.019198371182,19998567.51642285,399.9935765216511,312.09868274020357
0.010055393271706688,0.016666666666666666,-0.005,264.64757995018397,49.879738346390646,0.0026413602826613034,0.0,262720.7639635284,6289.01919836246,19998567.516156044,399.99357651631465,312.0986827381216
0.010055393271706688,0.016666666666666666,0.005,264.64757995018397,49.879738296269245,0.0026418775447318286,0.0,262720.7626354676,6289.019198362515,19998567.063960183,399.99357448853857,312.09868194702614
0.010055393271706688,0.016666666666666666,0.015,264.64757995018397,49.879738346390646,0.0026413602826613034,0.0,262720.7639635284,6289.01919836246,19998567.516156044,399.99357651631465,312.0986827381216
0.010055393271706688,0.05,-0.005,264.646370094946,49.63383052420202,0.007251893896946221,0.0,262708.1830664309,6289.019198618344,19998449.68413509,399.9930482370965,312.09847664068377
0.010055393271706688,0.05,0.005,264.646370094946,49.6338303606012,0.0072534622711174935,0.0,262708.181713032,6289.019198618438,19998449.22520739,399.9930461791416,312.0984758378141
0.010055393271706688,0.05,0.015,264.646370094946,49.63383052420202,0.007251893896946221,0.0,262708.1830664309,6289.019198618344,19998449.68413509,399.9930482370965,312.09847664068377
0.010055393271706688,0.08333333333333333,-0.005,264.6442471035897,49.38037231516577,0.011241794684407091,0.0,262695.02908992756,6289.019198919806,19998242.917808563,399.99212116062193,312.0981149602441
0.010055393271706688,0.08333333333333333,0.005,264.6442471035897,49.38037202586055,0.011244412805108071,0.0,262695.0276859537,6289.0191989199475,19998242.443724222,399.9921190347047,312.0981141308593
0.010055393271706688,0.08333333333333333,0.015,264.6442471035897,49.38037231516577,0.011241794684407091,0.0,262695.02908992756,6289.019198919806,19998242.917808563,399.99212116062193,312.0981149602441
0.010055393271706688,0.11666666666666667,-0.005,264.6412220619412,49.11885122157863,0.014683474385179562,0.0,262681.28576338815,6289.019199272421,19997948.299417764,399.99080013320184,312.0975995869577
0.010055393271706688,0.11666666666666667,0.005,264.6412220619412,49.118850793868894,0.014687136578725219,0.0,262681.28427878633,6289.019199272621,19997947.800113708,399.99079789419073,312.09759871345017
0.010055393271706688,0.11666666666666667,0.015,264.6412220619412,49.11885122157863,0.014683474385179562,0.0,262681.28576338815,6289.019199272421,19997948.299417764,399.99080013320184,312.0975995869577
0.010055393271706688,0.15,-0.005,264.6373223878043,48.848696603084555,0.017680075022765935,0.0,262666.9393679001,6289.019199683652,19997568.50359801,399.9890971393212,312.096935195592
0.010055393271706688,0.15,0.005,264.6373223878043,48.8486960239501,0.017684759422129246,0.0,262666.9377640548,6289.019199683919,19997567.966091942,399.9890947289918,312.09693425524586
0.010055393271706688,0.15,0.015,264.6373223878043,48.848696603084555,0.017680075022765935,0.0,262666.9393679001,6289.019199683652,19997568.50359801,399.9890971393212,312.096935195592
0.010055393271706688,0.18333333333333332,-0.005,264.63258971486823,48.569270420390765,0.020366021504108673,0.0,262651.9778035853,6289.019200163312,19997107.590097867,399.98703037310105,312.09612888331884
0.010055393271706688,0.18333333333333332,0.005,264.63258971486823,48.569269676571366,0.020371693061338927,0.0,262651.9760328739,6289.019200163661,19997106.998334933,399.9870277194469,312.0961278480413
0.010055393271706688,0.18333333333333332,0.015,264.63258971486823,48.569270420390765,0.020366021504108673,0.0,262651.9778035853,6289.019200163312,19997107.590097867,399.98703037310105,312.09612888331884
0.010055393271706688,0.21666666666666667,-0.005,264.6270674927472,48.279856407683376,0.02289661457439022,0.0,262636.38667249505,6289.0192007242,19996569.795129124,399.984618819211,312.0951880556032
0.010055393271706688,0.21666666666666667,0.005,264.6270674927472,48.27985548547279,0.022903239740831624,0.0,262636.3846801856,6289.019200724647,19996569.13063233,399.98461583935824,312.0951868930614
0.010055393271706688,0.21666666666666667,0.015,264.6270674927472,48.279856407683376,0.02289661457439022,0.0,262636.38667249505,6289.0192007242,19996569.795129124,399.984618819211,312.0951880556032
0.010055393271706688,0.25,-0.005,264.62078325879145,47.97964730938408,0.02543320687472823,0.0,262620.1437816989,6289.019201382764,19995957.80430417,399.9818745083058,312.0941174048121
0.010055393271706688,0.25,0.005,264.62078325879145,47.97964619403813,0.02544077479194433,0.0,262620.14150861296,6289.019201383325,19995957.047091585,399.98187111262536,312.0941160800372
0.010055393271706688,0.25,0.015,264.62078325879145,47.97964730938408,0.02543320687472823,0.0,262620.1437816989,6289.019201382764,19995957.80430417,399.9818745083058,312.0941174048121
0.010055393271706688,0.2833333333333333,-0.005,264.6137320256841,47.667729457196685,0.028132944686453217,0.0,262603.21388149,6289.01920216011,19995271.135103595,399.97879526263716,312.0929160799896
0.010055393271706688,0.2833333333333333,0.005,264.6137320256841,47.6677281319969,0.02814148854510662,0.0,262603.21126520215,6289.01920216081,19995270.264111657,399.97879135664124,312.09291455611674
0.010055393271706688,0.2833333333333333,0.015,264.6137320256841,47.667729457196685,0.028132944686453217,0.0,262603.21388149,6289.01920216011,19995271.135103595,399.97879526263716,312.0929160799896
0.010055393271706688,0.31666666666666665,-0.005,264.6058635482276,47.343063633225235,0.031149307533561512,0.0,262585.5443893981,6289.019203083571,19994504.897933476,399.97535913832166,312.0915755184729
0.010055393271706688,0.31666666666666665,0.005,264.6058635482276,47.34306207823517,0.031158924854452524,0.0,262585.54136212094,6289.01920308444,19994503.890314035,399.97535461950895,312.0915737555101
0.010055393271706688,0.31666666666666665,0.015,264.6058635482276,47.343063633225235,0.031149307533561512,0.0,262585.5443893981,6289.019203083571,19994504.897933476,399.97535913832166,312.0915755184729
0.010055393271706688,0.35000000000000003,-0.005,264.59707037190276,47.004460850143616,0.03464650481478398,0.0,262567.06116767775,6289.019204189637,19993648.63405679,399.97151921131154,312.0900774115029
0.010055393271706688,0.35000000000000003,0.005,264.59707037190276,47.004459040463274,0.03465738411346879,0.0,262567.05764913844,6289.01920419072,19993647.46277278,399.97151395838125,312.09007536212266
0.010055393271706688,0.35000000000000003,0.015,264.59707037190276,47.004460850143616,0.03464650481478398,0.0,262567.06116767775,6289.019204189637,19993648.63405679,399.97151921131154,312.0900774115029
0.010055393271706688,0.38333333333333336,-0.005,264.5871674705271,46.6505511963486,0.03883207461002147,0.0,262547.66166721465,6289.019205529232,19992684.335572183,399.96719469346147,312.0883902379244
0.010055393271706688,0.38333333333333336,0.005,264.5871674705271,46.65054909916383,0.03884454709741333,0.0,262547.65754941606,6289.01920553059,19992682.96424297,399.9671885431888,312.0883878384417
0.010055393271706688,0.38333333333333336,0.015,264.5871674705271,46.6505511963486,0.03883207461002147,0.0,262547.66166721465,6289.019205529232,19992684.335572183,399.96719469346147,312.0883902379244
0.010055393271706688,0.4166666666666667,-0.005,264.5758465151658,46.279742955049734,0.04402079184456514,0.0,262527.2005030084,6289.0192071785095,19991581.99731741,399.96225097659885,312.08646147798413
0.010055393271706688,0.4166666666666667,0.005,264.5758465151658,46.27974052384845,0.04403544304989534,0.0,262527.19561986526,6289.019207180245,19991580.369947106,399.96224367775363,312.08645863037685
0.010055393271706688,0.4166666666666667,0.015,264.5758465151658,46.279742955049734,0.04402079184456514,0.0,262527.2005030084,6289.0192071785095,19991581.99731741,399.96225097659885,312.08646147798413
0.010055393271706688,0.44999999999999996,-0.005,264.5625744530006,45.890167442627536,0.050761304669858925,0.0,262505.4586492617,6289.019209263389,19990289.750369348,399.95645536834996,312.0842003428164
0.010055393271706688,0.44999999999999996,0.005,264.5625744530006,45.89016460537164,0.05077920561593598,0.0,262505.45271744096,6289.019209265687,19990287.7713415,399.95644649194503,312.08419687970724
0.010055393271706688,0.44999999999999996,0.015,264.5625744530006,45.890167442627536,0.050761304669858925,0.0,262505.4586492617,6289.019209263389,19990289.750369348,399.95645536834996,312.0842003428164
0.010055393271706688,0.48333333333333334,-0.005,264.54638389258224,45.479601997626034,0.060085762872278625,0.0,262482.08100293716,6289.019212020161,19988713.467900567,399.9493855947994,312.0814420745778
0.010055393271706688,0.48333333333333334,0.005,264.54638389258224,45.47959863339031,0.06010891016134659,0.0,262482.0735123066,6289.0192120234115,19988710.964949556,399.94937436795175,312.08143769441006
0.010055393271706688,0.48333333333333334,0.015,264.54638389258224,45.479601997626034,0.060085762872278625,0.0,262482.08100293716,6289.019212020161,19988713.467900567,399.9493855947994,312.0814420745778
0.010055393271706688,0.5166666666666667,-0.005,264.5254755993482,45.04535906212833,0.07397629174638558,0.0,262456.4591539481,6289.019215955262,19986678.08715729,399.94025626091593,312.0778802339489
0.010055393271706688,0.5166666666666667,0.005,264.5254755993482,45.04535495873731,0.07400835634832102,0.0,262456.44918310747,6289.019215960365,19986674.749042407,399.9402412871692,312.0778743918574
0.010055393271706688,0.5166666666666667,0.015,264.5254755993482,45.04535906212833,0.07397629174638558,0.0,262456.4591539481,6289.019215955262,19986678.08715729,399.94025626091593,312.0778802339489
0.010055393271706688,0.55,-0.005,264.49654357457814,44.58412411631676,0.0961541873908073,0.0,262427.533271978,6289.019222278097,19983861.935510736,399.92762414674604,312.0729517046493
0.010055393271706688,0.55,0.005,264.49654357457814,44.584118903222176,0.0962016019732357,0.0,262427.5192214302,6289.0192222872865,19983857.22188595,399.9276030015179,312.0729434545893
0.010055393271706688,0.55,0.015,264.49654357457814,44.58412411631676,0.0961541873908073,0.0,262427.533271978,6289.019222278097,19983861.935510736,399.92762414674604,312.0729517046493
0.010055393271706688,0.5833333333333334,-0.005,264.4537957474392,44.09172255573174,0.13322395949231045,0.0,262393.5049941049,6289.019234045771,19979701.4471913,399.9089605066648,312.0656697805555
0.010055393271706688,0.5833333333333334,0.005,264.4537957474392,44.091715618556265,0.13329712758488593,0.0,262393.4842903417,6289.019234064589,19979694.488624066,399.90892928811496,312.0656575999859
0.010055393271706688,0.5833333333333334,0.015,264.4537957474392,44.09172255573174,0.13322395949231045,0.0,262393.5049941049,6289.019234045771,19979701.4471913,399.9089605066648,312.0656697805555
0.010055393271706688,0.6166666666666667,-0.005,264.3878644504628,43.56280192645685,0.19594391619349044,0.0,262351.5170449934,6289.019258903409,19973285.215613037,399.88017504091226,312.0544383276608
0.010055393271706688,0.6166666666666667,0.005,264.3878644504628,43.562792340028096,0.19605783552286998,0.0,262351.48598976264,6289.019258944761,19973274.762452904,399.88012813891777,312.05442002720866
0.010055393271706688,0.6166666666666667,0.015,264.3878644504628,43.56280192645685,0.19594391619349044,0.0,262351.5170449934,6289.019258903409,19973285.215613037,399.88017504091226,312.0544383276608
0.010055393271706688,0.65,-0.005,264.28524136801104,42.99043785614214,0.2998764030302203,0.0,262297.4825378698,6289.0193144442355,19963299.26478005,399.83536827602916,312.03695491335293
0.010055393271706688,0.65,0.005,264.28524136801104,42.99042441994638,0.30004938544311244,0.0,262297.43662676576,6289.01931453427,19963283.79411623,399.83529884785673,312.03692782200716
0.010055393271706688,0.65,0.015,264.28524136801104,42.99043785614214,0.2998764030302203,0.0,262297.4825378698,6289.0193144442355,19963299.26478005,399.83536827602916,312.03695491335293
0.010055393271706688,0.6833333333333333,-0.005,264.12942027697534,42.36570378695556,0.4640234941728071,0.0,262226.4045286057,6289.01943526509,19948138.830831498,399.76732774431173,312.0104039059595
0.010055393271706688,0.6833333333333333,0.005,264.12942027697534,42.36568528220562,0.46427245755504815,0.0,262226.33961161564,6289.0194354457735,19948116.93749106,399.7672294601734,312.01036555155497
0.010055393271706688,0.6833333333333333,0.015,264.12942027697534,42.36570378695556,0.4640234941728071,0.0,262226.4045286057,6289.01943526509,19948138.830831498,399.76732774431173,312.0104039059595
0.010055393271706688,0.7166666666666667,-0.005,263.905123069873,41.677245587748594,0.7058193679673322,0.0,262133.57823413532,6289.019674473967,19926320.367964398,399.6693662023345,311.97217305159785
0.010055393271706688,0.7166666666666667,0.005,263.905123069873,41.677221334066104,0.7061512499604156,0.0,262133.4926197735,6289.019674789838,19926291.475029737,399.66923642181604,311.9721223998379
0.010055393271706688,0.7166666666666667,0.015,263.905123069873,41.677245587748594,0.7058193679673322,0.0,262133.57823413532,6289.019674473967,19926320.367964398,399.6693662023345,311.97217305159785
0.010055393271706688,0.75,-0.005,263.6060328224971,40.91077894516286,1.0319474183185529,0.0,262016.78602372803,6289.020085280738,19897234.131942965,399.5386873310016,311.92116650979034
0.010055393271706688,0.75,0.005,263.6060328224971,40.91074955106758,1.0323491697509959,0.0,262016.68290720665,6289.020085740659,19897199.313413635,399.5385307939443,311.92110540528677
0.010055393271706688,0.75,0.015,263.6060328224971,40.91077894516286,1.0319474183185529,0.0,262016.78602372803,6289.020085280738,19897234.131942965,399.5386873310016,311.92116650979034
0.010055393271706688,0.7833333333333333,-0.005,263.2438485223537,40.04805081707935,1.4274845675769765,0.0,261878.83612047843,6289.020677355232,19862023.258705396,399.3803376473002,311.8593483247772
0.010055393271706688,0.7833333333333333,0.005,263.2438485223537,40.04801872231856,1.427917864699148,0.0,261878.72482407902,6289.020677891176,19861985.66332033,399.38016841175454,311.8592822503018
0.010055393271706688,0.7833333333333333,0.015,263.2438485223537,40.04805081707935,1.4274845675769765,0.0,261878.83612047843,6289.020677355232,19862023.258705396,399.3803376473002,311.8593483247772
0.010055393271706688,0.8166666666666667,-0.005,262.8531253607723,39.06406162800248,1.8497968224562074,0.0,261728.832809911,6289.021381087659,19824050.61495373,399.20935373605516,311.79258409714333
0.010055393271706688,0.8166666666666667,0.005,262.8531253607723,39.064030852481174,1.850204696739535,0.0,261728.72710424548,6289.021381568056,19824014.901242252,399.20919271781,311.79252121747965
0.010055393271706688,0.8166666666666667,0.015,262.8531253607723,39.06406162800248,1.8497968224562074,0.0,261728.832809911,6289.021381087659,19824050.61495373,399.20935373605516,311.79258409714333
0.010055393271706688,0.85,-0.005,262.48533271073956,37.92006143600957,2.2348239548197295,0.0,261580.26417751724,6289.022081076257,19788317.8575111,399.0482405935069,311.7296610318959
0.010055393271706688,0.85,0.005,262.48533271073956,37.920036229773594,2.2351510966585946,0.0,261580.1773147129,6289.0220813942005,19788288.510731652,399.048108058981,311.7296092650391
0.010055393271706688,0.85,0.015,262.48533271073956,37.92006143600957,2.2348239548197295,0.0,261580.26417751724,6289.022081076257,19788317.8575111,399.0482405935069,311.7296610318959
0.010055393271706688,0.8833333333333333,-0.005,262.190461081403,36.54696699941141,2.51745200074282,0.0,261445.317613233,6289.02272340805,19759678.99306257,398.9189875979112,311.6791718283235
0.010055393271706688,0.8833333333333333,0.005,262.190461081403,36.54694993051596,2.5176692088956956,0.0,261445.25641516203,6289.022723557993,19759658.320673563,398.91889409804435,311.67913530215696
0.010055393271706688,0.8833333333333333,0.015,262.190461081403,36.54696699941141,2.51745200074282,0.0,261445.317613233,6289.02272340805,19759678.99306257,398.9189875979112,311.6791718283235
0.010055393271706688,0.9166666666666666,-0.005,261.99481662873603,34.80317712496169,2.6544376467813473,0.0,261327.46268107987,6289.023412370588,19740688.28326144,398.833322717155,311.6457046414043
0.010055393271706688,0.9166666666666666,0.005,261.99481662873603,34.80316787514075,2.6545529841719637,0.0,261327.42486061805,6289.023412421293,19740675.510884494,398.83326488548727,311.64568204676334
0.010055393271706688,0.9166666666666666,0.015,261.99481662873603,34.80317712496169,2.6544376467813473,0.0,261327.46268107987,6289.023412370588,19740688.28326144,398.833322717155,311.6457046414043
0.010055393271706688,0.95,-0.005,261.8907738848493,32.33164808059987,2.624355369945493,0.0,261214.92912538056,6289.024539922381,19730612.913413487,398.7882084259241,311.62807813943715
0.010055393271706688,0.95,0.005,261.8907738848493,32.331644204010274,2.6244020116547437,0.0,261214.90620596654,6289.024539937357,19730605.175766032,398.7881733694791,311.6280644422257
0.010055393271706688,0.95,0.015,261.8907738848493,32.33164808059987,2.624355369945493,0.0,261214.92912538056,6289.024539922381,19730612.913413487,398.7882084259241,311.62807813943715
0.010055393271706688,0.9833333333333333,-0.005,261.84669977465995,27.656811965274414,2.336169936390639,0.0,261062.4497948657,6289.027397292563,19726417.03454949,398.77054527401725,311.621176737995
0.010055393271706688,0.9833333333333333,0.005,261.84669977465995,27.65681100746431,2.3361810980129305,0.0,261062.43303568155,6289.027397299003,19726411.377449997,398.77051963732214,311.6211667210349
0.010055393271706688,0.9833333333333333,0.015,261.84669977465995,27.656811965274414,2.336169936390639,0.0,261062.4497948657,6289.027397292563,19726417.03454949,398.77054527401725,311.621176737995
0.010055393271706688,1.0166666666666668,-0.005,261.8466997744631,2.0692693415522664e-11,1.7477641070958135e-12,0.0,261062.44979480898,6289.992599418117,19755564.919476796,399.35977128255234,311.85131851575045
0.010055393271706688,1.0166666666666668,0.005,261.84669977426626,-27.656811965274596,-2.336169936390655,0.0,261062.4497947523,6289.027397292563,19726417.034511257,398.77054527384377,311.62117673792716
0.010055393271706688,1.0166666666666668,0.015,261.8466997744631,2.0692693415522664e-11,1.7477641070958135e-12,0.0,261062.44979480898,6289.992599418117,19755564.919476796,399.35977128255234,311.85131851575045
0.010780651698190077,-0.016666666666666666,-0.005,264.6475799493919,49.879738346396564,0.0,0.0,262720.7639633039,6289.019198371184,19998567.516345937,399.99357652130715,312.09868274006936
0.010780651698190077,-0.016666666666666666,0.005,264.64757994939185,49.879738346396564,-0.0026413603404727847,0.0,262720.7639633039,6289.019198362463,19998567.51607913,399.99357651597074,312.0986827379875
0.010780651698190077,-0.016666666666666666,0.015,264.6475799493919,49.879738346396564,0.0,0.0,262720.7639633039,6289.019198371184,19998567.516345937,399.99357652130715,312.09868274006936
0.010780651698190077,0.016666666666666666,-0.005,264.6475799493919,49.879738346396564,0.0026413603404727847,0.0,262720.7639633039,6289.019198362463,19998567.51607913,399.99357651597074,312.0986827379875
0.010780651698190077,0.016666666666666666,0.005,264.6475799493919,49.87973829627516,0.0026418776025564435,0.0,262720.7626352425,6289.019198362518,19998567.06388309,399.9935744881938,312.09868194689165
0.010780651698190077,0.016666666666666666,0.015,264.6475799493919,49.879738346396564,0.0026413603404727847,0.0,262720.7639633039,6289.019198362463,19998567.51607913,399.99357651597074,312.0986827379875
0.010780651698190077,0.05000000000000001,-0.005,264.64637009412866,49.63383052420806,0.007251894070149761,0.0,262708.1830662012,6289.019198618351,19998449.684055876,399.9930482367447,312.09847664054655
0.010780651698190077,0.05000000000000001,0.005,264.64637009412866,49.63383036060725,0.007253462444360775,0.0,262708.18171280186,6289.019198618446,19998449.225128,399.99304617878903,312.0984758376766
0.010780651698190077,0.05000000000000001,0.015,264.64637009412866,49.63383052420806,0.007251894070149761,0.0,262708.1830662012,6289.019198618351,19998449.684055876,399.9930482367447,312.09847664054655
0.010780651698190077,0.08333333333333334,-0.005,264.6442471027256,49.38037231517126,0.011241794973084255,0.0,262695.0290896827,6289.019198919807,19998242.917724658,399.99212116024694,312.09811496009786
0.010780651698190077,0.08333333333333334,0.005,264.6442471027256,49.38037202586603,0.011244413093852929,0.0,262695.0276857082,6289.019198919949,19998242.443640128,399.99211903432865,312.09811413071264
0.010780651698190077,0.08333333333333334,0.015,264.6442471027256,49.38037231517126,0.011241794973084255,0.0,262695.0290896827,6289.019198919807,19998242.917724658,399.99212116024694,312.09811496009786
0.010780651698190077,0.11666666666666668,-0.005,264.6412220610007,49.11885122158336,0.014683474788717094,0.0,262681.2857631233,6289.0191992724285,19997948.29932657,399.9908001327963,312.09759958679956
0.010780651698190077,0.11666666666666668,0.005,264.6412220610007,49.11885079387362,0.01468713698236053,0.0,262681.2842785208,6289.019199272629,19997947.800022308,399.9907978937842,312.0975987132915
0.010780651698190077,0.11666666666666668,0.015,264.6412220610007,49.11885122158336,0.014683474788717094,0.0,262681.2857631233,6289.0191992724285,19997948.29932657,399.9908001327963,312.09759958679956
0.010780651698190077,0.15,-0.005,264.6373223867637,48.848696603088335,0.01768007553845396,0.0,262666.93936760066,6289.019199683644,19997568.503496613,399.98909713886286,312.09693519541315
0.010780651698190077,0.15,0.005,264.6373223867637,48.84869602395388,0.017684759937948956,0.0,262666.93776375474,6289.019199683911,19997567.965990342,399.9890947285325,312.0969342550666
0.010780651698190077,0.15,0.015,264.6373223867637,48.848696603088335,0.01768007553845396,0.0,262666.93936760066,6289.019199683644,19997568.503496613,399.98909713886286,312.09693519541315
0.010780651698190077,0.18333333333333335,-0.005,264.63258971368975,48.56927042039293,0.020366022127546676,0.0,262651.9778032466,6289.019200163304,19997107.58998307,399.98703037258275,312.0961288831166
0.010780651698190077,0.18333333333333335,0.005,264.63258971368975,48.56926967657353,0.02037169368494638,0.0,262651.9760325345,6289.019200163652,19997106.99821991,399.9870277189275,312.09612784783866
0.010780651698190077,0.18333333333333335,0.015,264.63258971368975,48.56927042039293,0.020366022127546676,0.0,262651.9778032466,6289.019200163304,19997107.58998307,399.98703037258275,312.0961288831166
0.010780651698190077,0.21666666666666667,-0.005,264.6270674913947,48.27985640768406,0.02289661530123705,0.0,262636.38667210797,6289.019200724198,19996569.79499751,399.9846188186188,312.0951880553722
0.010780651698190077,0.21666666666666667,0.005,264.6270674913947,48.27985548547346,0.022903240467888508,0.0,262636.3846797978,6289.019200724642,19996569.13050047,399.9846158387649,312.09518689282993
0.010780651698190077,0.21666666666666667,0.015,264.6270674913947,48.27985640768406,0.02289661530123705,0.0,262636.38667210797,6289.019200724198,19996569.79499751,399.9846188186188,312.0951880553722
0.010780651698190077,0.25000000000000006,-0.005,264.6207832572249,47.97964730938359,0.02543320770317193,0.0,262620.1437812564,6289.019201382775,19995957.804152176,399.9818745076289,312.094117404548
0.010780651698190077,0.25000000000000006,0.005,264.6207832572249,47.97964619403764,0.025440775620641225,0.0,262620.1415081696,6289.019201383336,19995957.0469393,399.9818711119471,312.0941160797726
0.010780651698190077,0.25000000000000006,0.015,264.6207832572249,47.97964730938359,0.02543320770317193,0.0,262620.1437812564,6289.019201382775,19995957.804152176,399.9818745076289,312.094117404548
0.010780651698190077,0.2833333333333334,-0.005,264.6137320238733,47.667729457193964,0.028132945619426104,0.0,262603.2138809741,6289.019202160111,19995271.13492757,399.9787952618481,312.09291607968174
0.010780651698190077,0.2833333333333334,0.005,264.6137320238733,47.667728131994174,0.02814148947837855,0.0,262603.2112646852,6289.019202160811,19995270.2639353,399.9787913558506,312.0929145558083
0.010780651698190077,0.2833333333333334,0.015,264.6137320238733,47.667729457193964,0.028132945619426104,0.0,262603.2138809741,6289.019202160111,19995271.13492757,399.9787952618481,312.09291607968174
0.010780651698190077,0.3166666666666667,-0.005,264.6058635461317,47.343063633219415,0.031149308580673638,0.0,262585.54438879824,6289.019203083564,19994504.897729535,399.9753591374043,312.091575518115
0.010780651698190077,0.3166666666666667,0.005,264.6058635461317,47.34306207822935,0.03115892590191607,0.0,262585.54136151995,6289.0192030844355,19994503.890109718,399.97535461858996,312.09157375515156
0.010780651698190077,0.3166666666666667,0.015,264.6058635461317,47.343063633219415,0.031149308580673638,0.0,262585.54438879824,6289.019203083564,19994504.897729535,399.9753591374043,312.091575518115
0.010780651698190077,0.35,-0.005,264.597070369469,47.0044608501345,0.03464650599592995,0.0,262567.06116698706,6289.019204189645,19993648.633820444,399.9715192102555,312.0900774110909
0.010780651698190077,0.35,0.005,264.597070369469,47.00445904045416,0.034657385295032254,0.0,262567.0576484465,6289.0192041907285,19993647.462536,399.9715139573234,312.0900753617099
0.010780651698190077,0.35,0.015,264.597070369469,47.0044608501345,0.03464650599592995,0.0,262567.06116698706,6289.019204189645,19993648.633820444,399.9715192102555,312.0900774110909
0.010780651698190077,0.3833333333333334,-0.005,264.5871674677015,46.650551196334575,0.03883207596017087,0.0,262547.66166640917,6289.019205529233,19992684.335297525,399.96719469223024,312.088390237444
0.010780651698190077,0.3833333333333334,0.005,264.5871674677015,46.65054909914979,0.038844548448074626,0.0,262547.6575486091,6289.0192055305915,19992682.963967796,399.9671885419552,312.0883878379604
0.010780651698190077,0.3833333333333334,0.015,264.5871674677015,46.650551196334575,0.03883207596017087,0.0,262547.66166640917,6289.019205529233,19992684.335297525,399.96719469223024,312.088390237444
0.010780651698190077,0.41666666666666674,-0.005,264.5758465118593,46.279742955028574,0.044020793425122474,0.0,262527.20050206425,6289.019207178508,19991581.996995933,399.962250975156,312.0864614774212
0.010780651698190077,0.41666666666666674,0.005,264.5758465118593,46.27974052382729,0.04403544463111538,0.0,262527.19561891933,6289.019207180243,19991580.36962501,399.962243676308,312.08645862981285
0.010780651698190077,0.41666666666666674,0.015,264.5758465118593,46.279742955028574,0.044020793425122474,0.0,262527.20050206425,6289.019207178508,19991581.996995933,399.962250975156,312.0864614774212
0.010780651698190077,0.45000000000000007,-0.005,264.5625744490706,45.89016744259421,0.050761306592854306,0.0,262505.4586481387,6289.019209263385,19990289.749987237,399.95645536663426,312.084200342147
0.010780651698190077,0.45000000000000007,0.005,264.5625744490706,45.890164605338285,0.050779207539853335,0.0,262505.45271631575,6289.0192092656835,19990287.770958625,399.9564464902259,312.08419687903654
0.010780651698190077,0.45000000000000007,0.015,264.5625744490706,45.89016744259421,0.050761306592854306,0.0,262505.4586481387,6289.019209263385,19990289.749987237,399.95645536663426,312.084200342147
0.010780651698190077,0.4833333333333334,-0.005,264.5463838877843,45.47960199757146,0.06008576534756813,0.0,262482.08100156573,6289.019212020157,19988713.467434138,399.9493855927051,312.08144207376074
0.010780651698190077,0.4833333333333334,0.005,264.5463838877843,45.47959863333569,0.060108912638015655,0.0,262482.07351093227,6289.019212023407,19988710.964482132,399.9493743658529,312.08143769359117
0.010780651698190077,0.4833333333333334,0.015,264.5463838877843,45.47960199757146,0.06008576534756813,0.0,262482.08100156573,6289.019212020157,19988713.467434138,399.9493855927051,312.08144207376074
0.010780651698190077,0.5166666666666667,-0.005,264.5254755932465,45.045359062035196,0.07397629515965377,0.0,262456.45915220625,6289.019215955264,19986678.086564444,399.9402562582573,312.07788023291164
0.010780651698190077,0.5166666666666667,0.005,264.5254755932465,45.04535495864411,0.07400835976375889,0.0,262456.44918136176,6289.019215960368,19986674.748448223,399.94024128450474,312.0778743908178
0.010780651698190077,0.5166666666666667,0.015,264.5254755932465,45.045359062035196,0.07397629515965377,0.0,262456.45915220625,6289.019215955264,19986678.086564444,399.9402562582573,312.07788023291164
0.010780651698190077,0.5500000000000002,-0.005,264.4965435664248,44.58412411615221,0.09615419241606185,0.0,262427.5332696477,6289.019222278096,19983861.93471861,399.92762414319174,312.07295170326256
0.010780651698190077,0.5500000000000002,0.005,264.4965435664248,44.58411890305751,0.0962016070019468,0.0,262427.5192190941,6289.0192222872865,19983857.22109188,399.92760299795475,312.072943453199
0.010780651698190077,0.5500000000000002,0.015,264.4965435664248,44.58412411615221,0.09615419241606185,0.0,262427.5332696477,6289.019222278096,19983861.93471861,399.92762414319174,312.07295170326256
0.010780651698190077,0.5833333333333335,-0.005,264.45379573600854,44.09172255543996,0.13322396721773633,0.0,262393.5049908361,6289.019234045772,19979701.446081016,399.9089605016824,312.0656697786115
0.010780651698190077,0.5833333333333335,0.005,264.45379573600854,44.09171561826427,0.1332971353156738,0.0,262393.48428706435,6289.019234064589,19979694.487510897,399.90892928311956,312.0656575980368
0.010780651698190077,0.5833333333333335,0.015,264.45379573600854,44.09172255543996,0.13322396721773633,0.0,262393.5049908361,6289.019234045772,19979701.446081016,399.9089605016824,312.0656697786115
0.010780651698190077,0.6166666666666667,-0.005,264.38786443393496,43.56280192595458,0.19594392818288048,0.0,262351.5170402661,6289.019258903415,19973285.21400806,399.8801750337105,312.05443832485076
0.010780651698190077,0.6166666666666667,0.005,264.38786443393496,43.562792339525494,0.1960578475200881,0.0,262351.4859850227,6289.019258944766,19973274.760843623,399.8801281316967,312.0544200243911
0.010780651698190077,0.6166666666666667,0.015,264.38786443393496,43.56280192595458,0.19594392818288048,0.0,262351.5170402661,6289.019258903415,19973285.21400806,399.8801750337105,312.05443832485076
0.010780651698190077,0.6500000000000001,-0.005,264.28524134402574,42.99043785532178,0.2998764211827062,0.0,262297.48253100563,6289.019314444241,19963299.262451146,399.8353682655744,312.03695490927345
0.010780651698190077,0.6500000000000001,0.005,264.28524134402574,42.99042441912557,0.3000494036060336,0.0,262297.43661988317,6289.019314534276,19963283.79178105,399.8352988373737,312.0369278179166
0.010780651698190077,0.6500000000000001,0.015,264.28524134402574,42.99043785532178,0.2998764211827062,0.0,262297.48253100563,6289.019314444241,19963299.262451146,399.8353682655744,312.03695490927345
0.010780651698190077,0.6833333333333333,-0.005,264.12942024302396,42.36570378571489,0.4640235202230524,0.0,262226.40451888787,6289.019435265102,19948138.827535365,399.7673277295078,312.0104039001824
0.010780651698190077,0.6833333333333333,0.005,264.12942024302396,42.365685280964406,0.4642724836176071,0.0,262226.3396018723,6289.019435445786,19948116.93418626,399.7672294453305,312.0103655457626
0.010780651698190077,0.6833333333333333,0.015,264.12942024302396,42.36570378571489,0.4640235202230524,0.0,262226.40451888787,6289.019435265102,19948138.827535365,399.7673277295078,312.0104039001824
0.010780651698190077,0.7166666666666668,-0.005,263.90512302413464,41.67724558604754,0.7058194025857835,0.0,262133.57822104785,6289.019674473999,19926320.363524877,399.66936618238503,311.97217304381184
0.010780651698190077,0.7166666666666668,0.005,263.90512302413464,41.67722133236452,0.7061512845912012,0.0,262133.49260665342,6289.019674789869,19926291.470579132,399.6692364018167,311.97212239203236
0.010780651698190077,0.7166666666666668,0.015,263.90512302413464,41.67724558604754,0.7058194025857835,0.0,262133.57822104785,6289.019674473999,19926320.363524877,399.66936618238503,311.97217304381184
0.010780651698190077,0.7500000000000001,-0.005,263.6060327649508,40.91077894309617,1.0319474600788716,0.0,262016.7860072626,6289.020085280779,19897234.126358114,399.53868730587703,311.9211664999829
0.010780651698190077,0.7500000000000001,0.005,263.6060327649508,40.910749549000556,1.0323492115210149,0.0,262016.6828907032,6289.020085740698,19897199.307815876,399.5385307687616,311.9211053954566
0.010780651698190077,0.7500000000000001,0.015,263.6060327649508,40.91077894309617,1.0319474600788716,0.0,262016.7860072626,6289.020085280779,19897234.126358114,399.53868730587703,311.9211664999829
0.010780651698190077,0.7833333333333333,-0.005,263.2438484555668,40.048050814924196,1.4274846124368883,0.0,261878.83610137613,6289.020677355289,19862023.252225116,399.3803376181126,311.85934831338153
0.010780651698190077,0.7833333333333333,0.005,263.2438484555668,40.04801872016344,1.4279179095637713,0.0,261878.72480493723,6289.020677891234,19861985.656826634,399.38016838250644,311.85928223888254
0.010780651698190077,0.7833333333333333,0.015,263.2438484555668,40.048050814924196,1.4274846124368883,0.0,261878.83610137613,6289.020677355289,19862023.252225116,399.3803376181126,311.85934831338153
0.010780651698190077,0.8166666666666668,-0.005,262.85312528965954,39.06406162617881,1.849796864493178,0.0,261728.8327895708,6289.021381087713,19824050.608054385,399.2093537049298,311.7925840849885
0.010780651698190077,0.8166666666666668,0.005,262.85312528965954,39.06403085065794,1.8502047387755804,0.0,261728.72708386922,6289.021381568109,19824014.894330658,399.2091926866294,311.7925212053033
0.010780651698190077,0.8166666666666668,0.015,262.85312528965954,39.06406162617881,1.849796864493178,0.0,261728.8327895708,6289.021381087713,19824050.608054385,399.2093537049298,311.7925840849885
0.010780651698190077,0.8500000000000001,-0.005,262.48533264089446,37.920061434930226,2.234823988370996,0.0,261580.26415753187,6289.022081076287,19788317.850734487,399.0482405628822,311.72966101993416
0.010780651698190077,0.8500000000000001,0.005,262.48533264089446,37.92003622869493,2.235151130205012,0.0,261580.17729469886,6289.022081394231,19788288.50394535,399.04810802831247,311.72960925306023
0.010780651698190077,0.8500000000000001,0.015,262.48533264089446,37.920061434930226,2.234823988370996,0.0,261580.26415753187,6289.022081076287,19788317.850734487,399.0482405628822,311.72966101993416
0.010780651698190077,0.8833333333333334,-0.005,262.19046101674246,36.54696699928927,2.517452022919362,0.0,261445.31759471959,6289.022723408054,19759678.986787938,398.9189875695118,311.67917181722913
0.010780651698190077,0.8833333333333334,0.005,262.19046101674246,36.54694993039451,2.5176692310665927,0.0,261445.25639662895,6289.022723557998,19759658.314392302,398.9188940696148,311.6791352910508
0.010780651698190077,0.8833333333333334,0.015,262.19046101674246,36.54696699928927,2.517452022919362,0.0,261445.31759471959,6289.022723408054,19759678.986787938,398.9189875695118,311.67917181722913
0.010780651698190077,0.9166666666666667,-0.005,261.99481657003565,34.803177125699364,2.654437658542986,0.0,261327.46266426504,6289.023412370583,19740688.277564175,398.83332269134553,311.6457046313206
0.010780651698190077,0.9166666666666667,0.005,261.99481657003565,34.803167875878934,2.654552995929658,0.0,261327.4248437912,6289.0234124212875,19740675.50518318,398.8332648596594,311.64568203667244
0.010780651698190077,0.9166666666666667,0.015,261.99481657003565,34.803177125699364,2.654437658542986,0.0,261327.46266426504,6289.023412370583,19740688.277564175,398.83332269134553,311.6457046313206
0.010780651698190077,0.9500000000000001,-0.005,261.89077383033236,32.331648081898656,2.6243553747630295,0.0,261214.92910975203,6289.024539922363,19730612.908121172,398.7882084019328,311.62807813006333
0.010780651698190077,0.9500000000000001,0.005,261.89077383033236,32.331644205309374,2.6244020164705733,0.0,261214.90619033054,6289.024539937338,19730605.17047121,398.78817334547637,311.6280644328474
0.010780651698190077,0.9500000000000001,0.015,261.89077383033236,32.331648081898656,2.6243553747630295,0.0,261214.92910975203,6289.024539922363,19730612.908121172,398.7882084019328,311.62807813006333
0.010780651698190077,0.9833333333333334,-0.005,261.8466997219563,27.656811966197054,2.336169937588796,0.0,261062.44977970797,6289.027397292492,19726417.029431317,398.7705452507864,311.62117672891804
0.010780651698190077,0.9833333333333334,0.005,261.8466997219563,27.65681100838715,2.3361810992107266,0.0,261062.43302051816,6289.027397298932,19726411.372329917,398.7705196140827,311.6211667119546
0.010780651698190077,0.9833333333333334,0.015,261.8466997219563,27.656811966197054,2.336169937588796,0.0,261062.44977970797,6289.027397292492,19726417.029431317,398.7705452507864,311.62117672891804
0.010780651698190077,1.0166666666666668,-0.005,261.84669972175277,2.1304009247108302e-11,1.7994307150207949e-12,0.0,261062.4497796493,6289.992599418173,19755564.91435425,399.3597712593618,311.8513185066959
0.010780651698190077,1.0166666666666668,0.005,261.8466997215492,-27.656811966197424,-2.3361699375888274,0.0,261062.4497795907,6289.027397292492,19726417.029391788,398.77054525060703,311.6211767288479
0.010780651698190077,1.0166666666666668,0.015,261.84669972175277,2.1304009247108302e-11,1.7994307150207949e-12,0.0,261062.4497796493,6289.992599418173,19755564.91435425,399.3597712593618,311.8513185066959
0.01150591012467347,-0.016666666666666666,-0.005,264.6475799485971,49.879738346402675,0.0,0.0,262720.7639630824,6289.019198371196,19998567.516269054,399.99357652096785,312.09868273993703
0.01150591012467347,-0.016666666666666666,0.005,264.6475799485971,49.879738346402675,-0.0026413603981406304,0.0,262720.7639630824,6289.019198362474,19998567.51600225,399.9935765156315,312.09868273785514
0.01150591012467347,-0.016666666666666666,0.015,264.6475799485971,49.879738346402675,0.0,0.0,262720.7639630824,6289.019198371196,19998567.516269054,399.99357652096785,312.09868273993703
0.01150591012467347,0.016666666666666666,-0.005,264.6475799485971,49.879738346402675,0.0026413603981406304,0.0,262720.7639630824,6289.019198362474,19998567.51600225,399.9935765156315,312.09868273785514
0.01150591012467347,0.016666666666666666,0.005,264.6475799485971,49.879738296281275,0.0026418776602376228,0.0,262720.7626350206,6289.01919836253,19998567.06380604,399.9935744878539,312.09868194675903
0.01150591012467347,0.016666666666666666,0.015,264.6475799485971,49.879738346402675,0.0026413603981406304,0.0,262720.7639630824,6289.019198362474,19998567.51600225,399.9935765156315,312.09868273785514
0.01150591012467347,0.05,-0.005,264.64637009331494,49.63383052421386,0.0072518942433208,0.0,262708.1830659688,6289.01919861835,19998449.68397672,399.9930482363887,312.0984766404077
0.01150591012467347,0.05,0.005,264.64637009331494,49.63383036061305,0.007253462617571377,0.0,262708.1817125688,6289.019198618444,19998449.22504866,399.99304617843205,312.0984758375373
0.01150591012467347,0.05,0.015,264.64637009331494,49.63383052421386,0.0072518942433208,0.0,262708.1830659688,6289.01919861835,19998449.68397672,399.9930482363887,312.0984766404077
0.01150591012467347,0.08333333333333333,-0.005,264.64424710186194,49.3803723151766,0.011241795262060471,0.0,262695.02908943815,6289.019198919811,19998242.917640813,399.99212115987245,312.0981149599518
0.01150591012467347,0.08333333333333333,0.005,264.64424710186194,49.380372025871374,0.011244413382896334,0.0,262695.02768546314,6289.019198919953,19998242.4435561,399.9921190339534,312.0981141305662
0.01150591012467347,0.08333333333333333,0.015,264.64424710186194,49.3803723151766,0.011241795262060471,0.0,262695.02908943815,6289.019198919811,19998242.917640813,399.99212115987245,312.0981149599518
0.01150591012467347,0.11666666666666667,-0.005,264.6412220600662,49.11885122158801,0.01468347519235612,0.0,262681.2857628538,6289.01919927242,19997948.29923547,399.9908001323837,312.0975995866386
0.01150591012467347,0.11666666666666667,0.005,264.6412220600662,49.11885079387828,0.014687137386097653,0.0,262681.28427825077,6289.019199272619,19997947.79993102,399.9907978933707,312.09759871313025
0.01150591012467347,0.11666666666666667,0.015,264.6412220600662,49.11885122158801,0.01468347519235612,0.0,262681.2857628538,6289.01919927242,19997948.29923547,399.9908001323837,312.0975995866386
0.01150591012467347,0.15,-0.005,264.63732238571856,48.848696603092385,0.01768007605397932,0.0,262666.93936730624,6289.019199683652,19997568.503395263,399.98909713841215,312.09693519523734
0.01150591012467347,0.15,0.005,264.63732238571856,48.84869602395793,0.017684760453606767,0.0,262666.93776345975,6289.019199683919,19997567.965888787,399.9890947280809,312.0969342548904
0.01150591012467347,0.15,0.015,264.63732238571856,48.848696603092385,0.01768007605397932,0.0,262666.93936730624,6289.019199683652,19997568.503395263,399.98909713841215,312.09693519523734
0.01150591012467347,0.18333333333333332,-0.005,264.63258971250826,48.56927042039543,0.020366022750768684,0.0,262651.97780291067,6289.019200163306,19997107.589868262,399.98703037206866,312.09612888291605
0.01150591012467347,0.18333333333333332,0.005,264.63258971250826,48.56926967657603,0.020371694308338097,0.0,262651.976032198,6289.019200163655,19997106.998104885,399.98702771841255,312.0961278476378
0.01150591012467347,0.18333333333333332,0.015,264.63258971250826,48.56927042039543,0.020366022750768684,0.0,262651.97780291067,6289.019200163306,19997107.589868262,399.98703037206866,312.09612888291605
0.01150591012467347,0.21666666666666667,-0.005,264.62706749003956,48.27985640768514,0.02289661602775763,0.0,262636.38667172275,6289.019200724199,19996569.794865843,399.9846188180294,312.0951880551423
0.01150591012467347,0.21666666666666667,0.005,264.62706749003956,48.27985548547455,0.02290324119461927,0.0,262636.3846794118,6289.019200724644,19996569.130368542,399.9846158381744,312.09518689259954
0.01150591012467347,0.21666666666666667,0.015,264.62706749003956,48.27985640768514,0.02289661602775763,0.0,262636.38667172275,6289.019200724199,19996569.794865843,399.9846188180294,312.0951880551423
0.01150591012467347,0.25,-0.005,264.6207832556625,47.97964730938264,0.02543320853096165,0.0,262620.1437808092,6289.01920138277,19995957.804000143,399.9818745069448,312.0941174042812
0.01150591012467347,0.25,0.005,264.6207832556625,47.979646194036704,0.0254407764486841,0.0,262620.1415077217,6289.01920138333,19995957.046786986,399.98187111126197,312.0941160795053
0.01150591012467347,0.25,0.015,264.6207832556625,47.97964730938264,0.02543320853096165,0.0,262620.1437808092,6289.01920138277,19995957.804000143,399.9818745069448,312.0941174042812
0.01150591012467347,0.2833333333333333,-0.005,264.61373202206255,47.66772945719093,0.02813294655170306,0.0,262603.2138804581,6289.019202160111,19995271.13475154,399.9787952610589,312.0929160793738
0.01150591012467347,0.2833333333333333,0.005,264.61373202206255,47.66772813199113,0.028141490410954498,0.0,262603.21126416826,6289.019202160811,19995270.26375895,399.97879135506,312.0929145554998
0.01150591012467347,0.2833333333333333,0.015,264.61373202206255,47.66772945719093,0.02813294655170306,0.0,262603.2138804581,6289.019202160111,19995271.13475154,399.9787952610589,312.0929160793738
0.01150591012467347,0.31666666666666665,-0.005,264.6058635440327,47.34306363321382,0.031149309627573916,0.0,262585.54438820167,6289.019203083569,19994504.897525616,399.9753591364921,312.0915755177591
0.01150591012467347,0.31666666666666665,0.005,264.6058635440327,47.34306207822375,0.03115892694916769,0.0,262585.5413609223,6289.01920308444,19994503.889905423,399.97535461767603,312.091573754795
0.01150591012467347,0.31666666666666665,0.015,264.6058635440327,47.34306363321382,0.031149309627573916,0.0,262585.54438820167,6289.019203083569,19994504.897525616,399.9753591364921,312.0915755177591
0.01150591012467347,0.35,-0.005,264.5970703670397,47.004460850125284,0.034646507176942815,0.0,262567.0611662914,6289.019204189638,19993648.633584056,399.971519209192,312.0900774106759
0.01150591012467347,0.35,0.005,264.5970703670397,47.004459040444935,0.03465738647646298,0.0,262567.05764774955,6289.019204190721,19993647.462299168,399.9715139562578,312.09007536129417
0.01150591012467347,0.35,0.015,264.5970703670397,47.004460850125284,0.034646507176942815,0.0,262567.0611662914,6289.019204189638,19993648.633584056,399.971519209192,312.0900774106759
0.01150591012467347,0.38333333333333336,-0.005,264.58716746487426,46.65055119632063,0.03883207730991732,0.0,262547.6616656045,6289.019205529237,19992684.335022815,399.9671946910002,312.0883902369641
0.01150591012467347,0.38333333333333336,0.005,264.58716746487426,46.650549099135844,0.038844549798332725,0.0,262547.6575478029,6289.019205530596,19992682.963692572,399.9671885407229,312.0883878374796
0.01150591012467347,0.38333333333333336,0.015,264.58716746487426,46.65055119632063,0.03883207730991732,0.0,262547.6616656045,6289.019205529237,19992684.335022815,399.9671946910002,312.0883902369641
0.01150591012467347,0.4166666666666667,-0.005,264.57584650855205,46.279742955007144,0.04402079500496921,0.0,262527.20050112077,6289.019207178508,19991581.99667444,399.9622509737141,312.08646147685863
0.01150591012467347,0.4166666666666667,0.005,264.57584650855205,46.279740523805835,0.04403544621162395,0.0,262527.19561797404,6289.019207180244,19991580.369302902,399.9622436748634,312.08645862924925
0.01150591012467347,0.4166666666666667,0.015,264.57584650855205,46.279742955007144,0.04402079500496921,0.0,262527.20050112077,6289.019207178508,19991581.99667444,399.9622509737141,312.08646147685863
0.01150591012467347,0.45,-0.005,264.56257444514137,45.89016744256083,0.05076130851551221,0.0,262505.4586470168,6289.019209263384,19990289.74960527,399.9564553649202,312.0842003414783
0.01150591012467347,0.45,0.005,264.56257444514137,45.89016460530489,0.05077920946343242,0.0,262505.45271519164,6289.019209265682,19990287.770575896,399.9564464885085,312.08419687836647
0.01150591012467347,0.45,0.015,264.56257444514137,45.89016744256083,0.05076130851551221,0.0,262505.4586470168,6289.019209263384,19990289.74960527,399.9564553649202,312.0842003414783
0.01150591012467347,0.48333333333333334,-0.005,264.5463838829875,45.47960199751653,0.06008576782239518,0.0,262482.08100019494,6289.019212020154,19988713.46696784,399.9493855906117,312.08144207294396
0.01150591012467347,0.48333333333333334,0.005,264.5463838829875,45.47959863328073,0.06010891511422163,0.0,262482.07350955857,6289.019212023403,19988710.96401485,399.9493743637551,312.08143769277274
0.01150591012467347,0.48333333333333334,0.015,264.5463838829875,45.47960199751653,0.06008576782239518,0.0,262482.08100019494,6289.019212020154,19988713.46696784,399.9493855906117,312.08144207294396
0.01150591012467347,0.5166666666666667,-0.005,264.525475587145,45.04535906194172,0.0739762985720596,0.0,262456.4591504662,6289.019215955271,19986678.08597176,399.9402562556015,312.07788023187544
0.01150591012467347,0.5166666666666667,0.005,264.525475587145,45.04535495855056,0.07400836317833485,0.0,262456.4491796177,6289.019215960375,19986674.74785419,399.9402412818428,312.07787438977925
0.01150591012467347,0.5166666666666667,0.015,264.525475587145,45.04535906194172,0.0739762985720596,0.0,262456.4591504662,6289.019215955271,19986678.08597176,399.9402562556015,312.07788023187544
0.01150591012467347,0.55,-0.005,264.4965435582718,44.58412411598702,0.09615419744081216,0.0,262427.53326731856,6289.019222278099,19983861.93392661,399.92762413963925,312.07295170187655
0.01150591012467347,0.55,0.005,264.4965435582718,44.584118902892186,0.09620161203015398,0.0,262427.51921675925,6289.019222287289,19983857.220297944,399.9276029943936,312.07294345180964
0.01150591012467347,0.55,0.015,264.4965435582718,44.58412411598702,0.09615419744081216,0.0,262427.53326731856,6289.019222278099,19983861.93392661,399.92762413963925,312.07295170187655
0.01150591012467347,0.5833333333333334,-0.005,264.45379572457637,44.09172255514805,0.13322397494308577,0.0,262393.50498756993,6289.01923404578,19979701.444970828,399.90896049670414,312.06566977666915
0.01150591012467347,0.5833333333333334,0.005,264.45379572457637,44.09171561797214,0.13329714304638565,0.0,262393.4842837898,6289.019234064598,19979694.486397833,399.9089292781285,312.06565759608947
0.01150591012467347,0.5833333333333334,0.015,264.45379572457637,44.09172255514805,0.13322397494308577,0.0,262393.50498756993,6289.01923404578,19979701.444970828,399.90896049670414,312.06566977666915
0.01150591012467347,0.6166666666666667,-0.005,264.38786441740797,43.56280192545182,0.1959439401727749,0.0,262351.5170355391,6289.01925890342,19973285.212403174,399.88017502650933,312.054438322041
0.01150591012467347,0.6166666666666667,0.005,264.38786441740797,43.562792339022394,0.19605785951781027,0.0,262351.48598028306,6289.019258944772,19973274.75923444,399.88012812447624,312.05442002157383
0.01150591012467347,0.6166666666666667,0.015,264.38786441740797,43.56280192545182,0.1959439401727749,0.0,262351.5170355391,6289.01925890342,19973285.212403174,399.88017502650933,312.054438322041
0.01150591012467347,0.65,-0.005,264.28524132003844,42.99043785450141,0.2998764393360587,0.0,262297.482524145,6289.019314444258,19963299.260122355,399.83536825512493,312.036954905196
0.01150591012467347,0.65,0.005,264.28524132003844,42.99042441830472,0.30004942176982125,0.0,262297.4366130041,6289.019314534293,19963283.789445985,399.8352988268961,312.03692781382813
0.01150591012467347,0.65,0.015,264.28524132003844,42.99043785450141,0.2998764393360587,0.0,262297.482524145,6289.019314444258,19963299.260122355,399.83536825512493,312.036954905196
0.01150591012467347,0.6833333333333333,-0.005,264.1294202090691,42.365703784474405,0.4640235462742287,0.0,262226.4045091747,6289.019435265131,19948138.824239332,399.76732771471103,312.01040389440806
0.01150591012467347,0.6833333333333333,0.005,264.1294202090691,42.365685279723365,0.4642725096810969,0.0,262226.3395921337,6289.0194354458135,19948116.930881564,399.7672294304948,312.0103655399732
0.01150591012467347,0.6833333333333333,0.015,264.1294202090691,42.365703784474405,0.4640235462742287,0.0,262226.4045091747,6289.019435265131,19948138.824239332,399.76732771471103,312.01040389440806
0.01150591012467347,0.7166666666666667,-0.005,263.90512297839547,41.67724558434698,0.705819437205031,0.0,262133.57820796265,6289.019674474036,19926320.359085474,399.669366162439,311.97217303602713
0.01150591012467347,0.7166666666666667,0.005,263.90512297839547,41.67722133066345,0.7061513192227826,0.0,262133.49259353563,6289.019674789906,19926291.466128636,399.66923638182084,311.9721223842282
0.01150591012467347,0.7166666666666667,0.015,263.90512297839547,41.67724558434698,0.705819437205031,0.0,262133.57820796265,6289.019674474036,19926320.359085474,399.669366162439,311.97217303602713
0.01150591012467347,0.75,-0.005,263.6060327074013,40.910778941029875,1.0319475018394406,0.0,262016.78599080254,6289.020085280834,19897234.12077344,399.5386872807607,311.92116649017873
0.01150591012467347,0.75,0.005,263.6060327074013,40.91074954693394,1.0323492532912846,0.0,262016.68287420517,6289.0200857407535,19897199.3022183,399.5385307435871,311.92110538562974
0.01150591012467347,0.75,0.015,263.6060327074013,40.910778941029875,1.0319475018394406,0.0,262016.78599080254,6289.020085280834,19897234.12077344,399.5386872807607,311.92116649017873
0.01150591012467347,0.7833333333333333,-0.005,263.2438483887857,40.04805081276826,1.427484657296459,0.0,261878.83608227,6289.020677355333,19862023.245744977,399.38033758891913,311.8593483019836
0.01150591012467347,0.7833333333333333,0.005,263.2438483887857,40.04801871800753,1.427917954428054,0.0,261878.7247857915,6289.020677891277,19861985.65033307,399.3801683532524,311.8592822274609
0.01150591012467347,0.7833333333333333,0.015,263.2438483887857,40.04805081276826,1.427484657296459,0.0,261878.83608227,6289.020677355333,19862023.245744977,399.38033758891913,311.8593483019836
0.01150591012467347,0.8166666666666667,-0.005,262.8531252185513,39.06406162435429,1.8497969065294715,0.0,261728.8327692268,6289.021381087753,19824050.60115509,399.2093536737987,311.7925840728314
0.01150591012467347,0.8166666666666667,0.005,262.8531252185513,39.06403084883383,1.8502047808109492,0.0,261728.727063489,6289.021381568148,19824014.88741911,399.2091926554429,311.7925211931245
0.01150591012467347,0.8166666666666667,0.015,262.8531252185513,39.06406162435429,1.8497969065294715,0.0,261728.8327692268,6289.021381087753,19824050.60115509,399.2093536737987,311.7925840728314
0.01150591012467347,0.85,-0.005,262.4853325710535,37.92006143385059,2.2348240219216535,0.0,261580.2641375434,6289.022081076307,19788317.843957953,399.04824053225275,311.72966100797055
0.01150591012467347,0.85,0.005,262.4853325710535,37.920036227615995,2.2351511637508206,0.0,261580.17727468174,6289.022081394251,19788288.497159116,399.0481079976392,311.72960924107946
0.01150591012467347,0.85,0.015,262.4853325710535,37.92006143385059,2.2348240219216535,0.0,261580.2641375434,6289.022081076307,19788317.843957953,399.04824053225275,311.72966100797055
0.01150591012467347,0.8833333333333333,-0.005,262.1904609520811,36.54696699916705,2.517452045095441,0.0,261445.31757620786,6289.022723408063,19759678.980513368,398.918987541115,311.67917180613574
0.01150591012467347,0.8833333333333333,0.005,262.1904609520811,36.54694993027302,2.5176692532370275,0.0,261445.25637809763,6289.022723558006,19759658.30811111,398.91889404118797,311.67913527994574
0.01150591012467347,0.8833333333333333,0.015,262.1904609520811,36.54696699916705,2.517452045095441,0.0,261445.31757620786,6289.022723408063,19759678.980513368,398.918987541115,311.67917180613574
0.01150591012467347,0.9166666666666666,-0.005,261.9948165113384,34.80317712643637,2.654437670304261,0.0,261327.46264744876,6289.023412370572,19740688.27186704,398.83332266553384,311.6457046212361
0.01150591012467347,0.9166666666666666,0.005,261.9948165113384,34.80316787661644,2.654553007686989,0.0,261327.42482696296,6289.023412421277,19740675.499482002,398.83326483382945,311.64568202658074
0.01150591012467347,0.9166666666666666,0.015,261.9948165113384,34.80317712643637,2.654437670304261,0.0,261327.46264744876,6289.023412370572,19740688.27186704,398.83332266553384,311.6457046212361
0.01150591012467347,0.95,-0.005,261.8907737758174,32.33164808319695,2.6243553795799386,0.0,261214.9290941222,6289.02453992234,19730612.902828917,398.78820837793955,311.6280781206887
0.01150591012467347,0.95,0.005,261.8907737758174,32.33164420660799,2.624402021285776,0.0,261214.90617469331,6289.024539937315,19730605.165176447,398.7881733214718,311.6280644234684
0.01150591012467347,0.95,0.015,261.8907737758174,32.33164808319695,2.6243553795799386,0.0,261214.9290941222,6289.02453992234,19730612.902828917,398.78820837793955,311.6280781206887
0.01150591012467347,0.9833333333333334,-0.005,261.846699669248,27.65681196711989,2.3361699387864094,0.0,261062.449764556,6289.02739729244,19726417.024313226,398.7705452275644,311.6211767198445
0.01150591012467347,0.9833333333333334,0.005,261.846699669248,27.65681100931019,2.33618110040798,0.0,261062.43300536054,6289.027397298878,19726411.367209923,398.770519590852,311.62116670287776
0.01150591012467347,0.9833333333333334,0.015,261.846699669248,27.65681196711989,2.3361699387864094,0.0,261062.449764556,6289.02739729244,19726417.024313226,398.7705452275644,311.6211767198445
0.01150591012467347,1.0166666666666666,-0.005,261.8466996690378,2.2196669295026297e-11,1.874759760893583e-12,0.0,261062.44976449542,6289.992599418247,19755564.90923179,399.3597712361802,311.8513184976449
0.01150591012467347,1.0166666666666666,0.005,261.84669966882757,-27.65681196711989,-2.33616993878641,0.0,261062.44976443492,6289.02739729244,19726417.0242724,398.77054522737916,311.62117671977217
0.01150591012467347,1.0166666666666666,0.015,261.8466996690378,2.2196669295026297e-11,1.874759760893583e-12,0.0,261062.44976449542,6289.992599418247,19755564.90923179,399.3597712361802,311.8513184976449
0.012231168551156867,-0.016666666666666666,-0.005,264.6475799478095,49.87973834640819,0.0,0.0,262720.76396285254,6289.019198371181,19998567.516192067,399.9935765206158,312.09868273979964
0.012231168551156867,-0.016666666666666666,0.005,264.6475799478095,49.87973834640819,-0.0026413604557850518,0.0,262720.76396285254,6289.01919836246,19998567.515925262,399.9935765152794,312.0986827377178
0.012231168551156867,-0.016666666666666666,0.015,264.6475799478095,49.87973834640819,0.0,0.0,262720.76396285254,6289.019198371181,19998567.516192067,399.9935765206158,312.09868273979964
0.012231168551156867,0.016666666666666666,-0.005,264.6475799478095,49.87973834640819,0.0026413604557850518,0.0,262720.76396285254,6289.01919836246,19998567.515925262,399.9935765152794,312.0986827377178
0.012231168551156867,0.016666666666666666,0.005,264.6475799478095,49.87973829628679,0.0026418777178949322,0.0,262720.76263479015,6289.019198362515,19998567.063728873,399.99357448750095,312.09868194662135
0.012231168551156867,0.016666666666666666,0.015,264.6475799478095,49.87973834640819,0.0026413604557850518,0.0,262720.76396285254,6289.01919836246,19998567.515925262,399.9935765152794,312.0986827377178
0.012231168551156867,0.05,-0.005,264.6463700924981,49.633830524219945,0.007251894416168121,0.0,262708.18306573824,6289.0191986183545,19998449.683897477,399.9930482360355,312.0984766402699
0.012231168551156867,0.05,0.005,264.6463700924981,49.63383036061913,0.007253462790458044,0.0,262708.1817123377,6289.019198618448,19998449.224969238,399.9930461780781,312.0984758373992
0.012231168551156867,0.05,0.015,264.6463700924981,49.633830524219945,0.007251894416168121,0.0,262708.18306573824,6289.0191986183545,19998449.683897477,399.9930482360355,312.0984766402699
0.012231168551156867,0.08333333333333333,-0.005,264.6442471009999,49.38037231518178,0.01124179555032501,0.0,262695.02908919123,6289.0191989198065,19998242.917556904,399.99212115949433,312.0981149598042
0.012231168551156867,0.08333333333333333,0.005,264.6442471009999,49.38037202587655,0.011244413671228415,0.0,262695.0276852156,6289.019198919948,19998242.44347201,399.9921190335743,312.09811413041837
0.012231168551156867,0.08333333333333333,0.015,264.6442471009999,49.38037231518178,0.01124179555032501,0.0,262695.02908919123,6289.0191989198065,19998242.917556904,399.99212115949433,312.0981149598042
0.012231168551156867,0.11666666666666667,-0.005,264.64122205912673,49.118851221592834,0.014683475595269656,0.0,262681.2857625876,6289.019199272424,19997948.29914425,399.9908001319762,312.0975995864796
0.012231168551156867,0.11666666666666667,0.005,264.64122205912673,49.11885079388309,0.014687137789109182,0.0,262681.28427798406,6289.019199272622,19997947.799839616,399.99079789296235,312.0975987129709
0.012231168551156867,0.11666666666666667,0.015,264.64122205912673,49.118851221592834,0.014683475595269656,0.0,262681.2857625876,6289.019199272424,19997948.29914425,399.9908001319762,312.0975995864796
0.012231168551156867,0.15,-0.005,264.6373223846757,48.84869660309624,0.017680076568778465,0.0,262666.9393670086,6289.019199683651,19997568.50329384,399.98909713795655,312.09693519505953
0.012231168551156867,0.15,0.005,264.6373223846757,48.8486960239618,0.01768476096853767,0.0,262666.93776316155,6289.019199683918,19997567.965787165,399.98909472762443,312.0969342547124
0.012231168551156867,0.15,0.015,264.6373223846757,48.84869660309624,0.017680076568778465,0.0,262666.9393670086,6289.019199683651,19997568.50329384,399.98909713795655,312.09693519505953
0.012231168551156867,0.18333333333333332,-0.005,264.6325897113266,48.56927042039787,0.020366023373152183,0.0,262651.97780257475,6289.019200163308,19997107.589753445,399.98703037155457,312.0961288827155
0.012231168551156867,0.18333333333333332,0.005,264.6325897113266,48.56926967657846,0.020371694930891134,0.0,262651.9760318613,6289.019200163656,19997106.997989837,399.9870277178973,312.0961278474367
0.012231168551156867,0.18333333333333332,0.015,264.6325897113266,48.56927042039787,0.020366023373152183,0.0,262651.97780257475,6289.019200163308,19997107.589753445,399.98703037155457,312.0961288827155
0.012231168551156867,0.21666666666666667,-0.005,264.62706748868686,48.27985640768565,0.022896616753893352,0.0,262636.3866713354,6289.019200724195,19996569.79473419,399.9846188174368,312.09518805491103
0.012231168551156867,0.21666666666666667,0.005,264.62706748868686,48.27985548547505,0.022903241920965055,0.0,262636.38467902364,6289.01920072464,19996569.130236637,399.9846158375805,312.09518689236785
0.012231168551156867,0.21666666666666667,0.015,264.62706748868686,48.27985640768565,0.022896616753893352,0.0,262636.3866713354,6289.019200724195,19996569.79473419,399.9846188174368,312.09518805491103
0.012231168551156867,0.25,-0.005,264.62078325410096,47.97964730938163,0.025433209359013675,0.0,262620.1437803612,6289.019201382763,19995957.803848106,399.9818745062596,312.09411740401384
0.012231168551156867,0.25,0.005,264.62078325410096,47.97964619403568,0.025440777276988683,0.0,262620.14150727284,6289.019201383324,19995957.046634667,399.98187111057536,312.09411607923744
0.012231168551156867,0.25,0.015,264.62078325410096,47.97964730938163,0.025433209359013675,0.0,262620.1437803612,6289.019201382763,19995957.803848106,399.9818745062596,312.09411740401384
0.012231168551156867,0.2833333333333333,-0.005,264.61373202025254,47.66772945718786,0.028132947484290637,0.0,262603.2138799417,6289.01920216011,19995271.134575542,399.9787952602691,312.09291607906573
0.012231168551156867,0.2833333333333333,0.005,264.61373202025254,47.667728131988056,0.028141491343841248,0.0,262603.2112636509,6289.01920216081,19995270.26358262,399.97879135426876,312.0929145551911
0.012231168551156867,0.2833333333333333,0.015,264.61373202025254,47.66772945718786,0.028132947484290637,0.0,262603.2138799417,6289.01920216011,19995271.134575542,399.9787952602691,312.09291607906573
0.012231168551156867,0.31666666666666665,-0.005,264.60586354193407,47.343063633208274,0.031149310674747487,0.0,262585.544387604,6289.0192030835715,19994504.897321645,399.9753591355782,312.0915755174026
0.012231168551156867,0.31666666666666665,0.005,264.60586354193407,47.343062078218196,0.031158927996693387,0.0,262585.5413603235,6289.019203084441,19994503.889701072,399.9753546167604,312.0915737544378
0.012231168551156867,0.31666666666666665,0.015,264.60586354193407,47.343063633208274,0.031149310674747487,0.0,262585.544387604,6289.0192030835715,19994504.897321645,399.9753591355782,312.0915755174026
0.012231168551156867,0.35,-0.005,264.59707036461026,47.00446085011572,0.03464650835813147,0.0,262567.0611655951,6289.01920418963,19993648.6333476,399.9715192081274,312.09007741026056
0.012231168551156867,0.35,0.005,264.59707036461026,47.004459040435364,0.0346573876580689,0.0,262567.0576470519,6289.019204190713,19993647.462062273,399.97151395519114,312.090075360878
0.012231168551156867,0.35,0.015,264.59707036461026,47.00446085011572,0.03464650835813147,0.0,262567.0611655951,6289.01920418963,19993648.6333476,399.9715192081274,312.09007741026056
0.012231168551156867,0.38333333333333336,-0.005,264.587167462051,46.65055119630629,0.038832078659740636,0.0,262547.6616647963,6289.01920552923,19992684.334748134,399.96719468976477,312.08839023648216
0.012231168551156867,0.38333333333333336,0.005,264.587167462051,46.6505490991215,0.03884455114866752,0.0,262547.65754699317,6289.019205530589,19992682.963417374,399.9671885394851,312.0883878369968
0.012231168551156867,0.38333333333333336,0.015,264.587167462051,46.65055119630629,0.038832078659740636,0.0,262547.6616647963,6289.01920552923,19992684.334748134,399.96719468976477,312.08839023648216
0.012231168551156867,0.4166666666666667,-0.005,264.57584650524603,46.27974295498572,0.04402079658502443,0.0,262527.2005001758,6289.019207178504,19991581.996352937,399.96225097227,312.08646147629526
0.012231168551156867,0.4166666666666667,0.005,264.57584650524603,46.279740523784405,0.04403544779234168,0.0,262527.19561702723,6289.019207180239,19991580.36898077,399.96224367341637,312.08645862868474
0.012231168551156867,0.4166666666666667,0.015,264.57584650524603,46.27974295498572,0.04402079658502443,0.0,262527.2005001758,6289.019207178504,19991581.996352937,399.96225097227,312.08646147629526
0.012231168551156867,0.45,-0.005,264.5625744412102,45.890167442527385,0.05076131043832279,0.0,262505.45864589576,6289.019209263386,19990289.749223217,399.95645536320757,312.0842003408101
0.012231168551156867,0.45,0.005,264.5625744412102,45.89016460527141,0.05077921138716455,0.0,262505.4527140683,6289.0192092656835,19990287.770193074,399.9564464867923,312.08419687769685
0.012231168551156867,0.45,0.015,264.5625744412102,45.890167442527385,0.05076131043832279,0.0,262505.45864589576,6289.019209263386,19990289.749223217,399.95645536320757,312.0842003408101
0.012231168551156867,0.48333333333333334,-0.005,264.5463838781888,45.479601997461785,0.060085770297758134,0.0,262482.0809988248,6289.019212020154,19988713.466501452,399.9493855885193,312.0814420721277
0.012231168551156867,0.48333333333333334,0.005,264.5463838781888,45.47959863322594,0.060108917590964005,0.0,262482.0735081855,6289.019212023403,19988710.96354747,399.9493743616582,312.0814376919546
0.012231168551156867,0.48333333333333334,0.015,264.5463838781888,45.479601997461785,0.060085770297758134,0.0,262482.0809988248,6289.019212020154,19988713.466501452,399.9493855885193,312.0814420721277
0.012231168551156867,0.5166666666666667,-0.005,264.5254755810476,45.045359061848174,0.07397630198543788,0.0,262456.4591487207,6289.019215955261,19986678.085378967,399.94025625293744,312.07788023083606
0.012231168551156867,0.5166666666666667,0.005,264.5254755810476,45.04535495845694,0.07400836659388316,0.0,262456.44917786826,6289.019215960365,19986674.747260053,399.9402412791727,312.0778743887375
0.012231168551156867,0.5166666666666667,0.015,264.5254755810476,45.045359061848174,0.07397630198543788,0.0,262456.4591487207,6289.019215955261,19986678.085378967,399.94025625293744,312.07788023083606
0.012231168551156867,0.55,-0.005,264.49654355011916,44.58412411582226,0.09615420246636892,0.0,262427.5332649877,6289.019222278097,19983861.933134492,399.92762413608415,312.07295170048945
0.012231168551156867,0.55,0.005,264.49654355011916,44.58411890272729,0.09620161705916734,0.0,262427.5192144228,6289.0192222872865,19983857.219503902,399.92760299082994,312.0729434504192
0.012231168551156867,0.55,0.015,264.49654355011916,44.58412411582226,0.09615420246636892,0.0,262427.5332649877,6289.019222278097,19983861.933134492,399.92762413608415,312.07295170048945
0.012231168551156867,0.5833333333333334,-0.005,264.45379571314686,44.09172255485638,0.13322398266873614,0.0,262393.50498430035,6289.019234045777,19979701.443860568,399.9089604917206,312.0656697747247
0.012231168551156867,0.5833333333333334,0.005,264.45379571314686,44.09171561768025,0.13329715077739787,0.0,262393.4842805118,6289.0192340645945,19979694.485284694,399.908929273132,312.06565759413996
0.012231168551156867,0.5833333333333334,0.015,264.45379571314686,44.09172255485638,0.13322398266873614,0.0,262393.50498430035,6289.019234045777,19979701.443860568,399.9089604917206,312.0656697747247
0.012231168551156867,0.6166666666666667,-0.005,264.38786440088177,43.56280192494911,0.19594395216216687,0.0,262351.51703081036,6289.019258903421,19973285.21079822,399.88017501930545,312.05443831923014
0.012231168551156867,0.6166666666666667,0.005,264.38786440088177,43.562792338519344,0.19605787151503026,0.0,262351.4859755416,6289.019258944773,19973274.757625166,399.88012811725287,312.05442001875537
0.012231168551156867,0.6166666666666667,0.015,264.38786440088177,43.56280192494911,0.19594395216216687,0.0,262351.51703081036,6289.019258903421,19973285.21079822,399.88017501930545,312.05443831923014
0.012231168551156867,0.65,-0.005,264.28524129605165,42.99043785368128,0.29987645748837694,0.0,262297.4825172826,6289.01931444427,19963299.25779347,399.83536824467285,312.03695490111744
0.012231168551156867,0.65,0.005,264.28524129605165,42.99042441748413,0.3000494399325752,0.0,262297.4366061232,6289.019314534305,19963283.787110828,399.8352988164158,312.03692780973864
0.012231168551156867,0.65,0.015,264.28524129605165,42.99043785368128,0.29987645748837694,0.0,262297.4825172826,6289.01931444427,19963299.25779347,399.83536824467285,312.03695490111744
0.012231168551156867,0.6833333333333333,-0.005,264.1294201751166,42.36570378323374,0.46402357232442976,0.0,262226.4044994579,6289.019435265147,19948138.8209432,399.7673276999087,312.01040388863163
0.012231168551156867,0.6833333333333333,0.005,264.1294201751166,42.365685278482154,0.46427253574361155,0.0,262226.33958239143,6289.01943544583,19948116.92757676,399.7672294156535,312.0103655341815
0.012231168551156867,0.6833333333333333,0.015,264.1294201751166,42.36570378323374,0.46402357232442976,0.0,262226.4044994579,6289.019435265147,19948138.8209432,399.7673276999087,312.01040388863163
0.012231168551156867,0.7166666666666667,-0.005,263.9051229326574,41.677245582646,0.7058194718236894,0.0,262133.57819487533,6289.019674474067,19926320.354645986,399.66936614248976,311.9721730282412
0.012231168551156867,0.7166666666666667,0.005,263.9051229326574,41.677221328961934,0.7061513538537751,0.0,262133.4925804157,6289.019674789938,19926291.461678065,399.66923636182173,311.9721223764228
0.012231168551156867,0.7166666666666667,0.015,263.9051229326574,41.677245582646,0.7058194718236894,0.0,262133.57819487533,6289.019674474067,19926320.354645986,399.66936614248976,311.9721730282412
0.012231168551156867,0.75,-0.005,263.60603264985406,40.91077893896359,1.031947543599647,0.0,262016.78597433824,6289.020085280877,19897234.115188606,399.5386872556379,311.921166480372
0.012231168551156867,0.75,0.005,263.60603264985406,40.91074954486733,1.0323492950611917,0.0,262016.6828577029,6289.020085740796,19897199.296620563,399.53853071840615,311.9211053758003
0.012231168551156867,0.75,0.015,263.60603264985406,40.91077893896359,1.031947543599647,0.0,262016.78597433824,6289.020085280877,19897234.115188606,399.5386872556379,311.921166480372
0.012231168551156867,0.7833333333333333,-0.005,263.2438483220001,40.04805081061326,1.4274847021559582,0.0,261878.83606316667,6289.020677355386,19862023.239264708,399.3803375597299,311.85934829058726
0.012231168551156867,0.7833333333333333,0.005,263.2438483220001,40.04801871585255,1.4279179992922648,0.0,261878.72476664858,6289.020677891331,19861985.64383938,399.38016832400257,311.85928221604087
0.012231168551156867,0.7833333333333333,0.015,263.2438483220001,40.04805081061326,1.4274847021559582,0.0,261878.83606316667,6289.020677355386,19862023.239264708,399.3803375597299,311.85934829058726
0.012231168551156867,0.8166666666666667,-0.005,262.85312514743754,39.06406162253032,1.8497969485662669,0.0,261728.83274888803,6289.0213810878095,19824050.594255775,399.2093536426756,311.7925840606774
0.012231168551156867,0.8166666666666667,0.005,262.85312514743754,39.06403084701028,1.8502048228468186,0.0,261728.72704311408,6289.0213815682055,19824014.880507533,399.2091926242644,311.7925211809489
0.012231168551156867,0.8166666666666667,0.015,262.85312514743754,39.06406162253032,1.8497969485662669,0.0,261728.83274888803,6289.0213810878095,19824050.594255775,399.2093536426756,311.7925840606774
0.012231168551156867,0.85,-0.005,262.48533250120875,37.920061432771206,2.2348240554730188,0.0,261580.26411755863,6289.022081076338,19788317.83718141,399.04824050162904,311.72966099600916
0.012231168551156867,0.85,0.005,262.48533250120875,37.920036226537285,2.235151197297336,0.0,261580.1772546683,6289.0220813942815,19788288.490372878,399.0481079669715,311.72960922910096
0.012231168551156867,0.85,0.015,262.48533250120875,37.920061432771206,2.2348240554730188,0.0,261580.26411755863,6289.022081076338,19788317.83718141,399.04824050162904,311.72966099600916
0.012231168551156867,0.8833333333333333,-0.005,262.19046088741885,36.546966999045,2.51745206727232,0.0,261445.31755769675,6289.022723408073,19759678.97423878,398.918987512719,311.6791717950428
0.012231168551156867,0.8833333333333333,0.005,262.19046088741885,36.54694993015168,2.517669275408262,0.0,261445.25635956702,6289.022723558018,19759658.301829908,398.91889401276217,311.6791352688411
0.012231168551156867,0.8833333333333333,0.015,262.19046088741885,36.546966999045,2.51745206727232,0.0,261445.31755769675,6289.022723408073,19759678.97423878,398.918987512719,311.6791717950428
0.012231168551156867,0.9166666666666666,-0.005,261.9948164526381,34.803177127173896,2.6544376820664874,0.0,261327.46263063388,6289.023412370567,19740688.26616978,398.8333226397243,311.6457046111524
0.012231168551156867,0.9166666666666666,0.005,261.9948164526381,34.80316787735449,2.6545530194452724,0.0,261327.42481013606,6289.023412421272,19740675.493780695,398.8332648080015,311.6456820164899
0.012231168551156867,0.9166666666666666,0.015,261.9948164526381,34.803177127173896,2.6544376820664874,0.0,261327.46263063388,6289.023412370567,19740688.26616978,398.8333226397243,311.6457046111524
0.012231168551156867,0.95,-0.005,261.89077372130475,32.33164808449486,2.624355384397666,0.0,261214.92907848867,6289.024539922305,19730612.897536553,398.78820835394066,311.6280781113119
0.012231168551156867,0.95,0.005,261.89077372130475,32.33164420790622,2.6244020261017975,0.0,261214.90615905236,6289.02453993728,19730605.159881573,398.7881732974615,311.62806441408713
0.012231168551156867,0.95,0.015,261.89077372130475,32.33164808449486,2.624355384397666,0.0,261214.92907848867,6289.024539922305,19730612.897536553,398.78820835394066,311.6280781113119
0.012231168551156867,0.9833333333333333,-0.005,261.84669961654123,27.656811968042707,2.3361699399844973,0.0,261062.44974940043,6289.027397292375,19726417.01919498,398.7705452043369,311.6211767107689
0.012231168551156867,0.9833333333333333,0.005,261.84669961654123,27.6568110102332,2.3361811016057072,0.0,261062.43299019928,6289.027397298814,19726411.362089768,398.7705195676158,311.6211666937987
0.012231168551156867,0.9833333333333333,0.015,261.84669961654123,27.656811968042707,2.3361699399844973,0.0,261062.44974940043,6289.027397292375,19726417.01919498,398.7705452043369,311.6211767107689
0.012231168551156867,1.0166666666666668,-0.005,261.8466996163244,2.280451174177641e-11,1.925992195691877e-12,0.0,261062.44974933795,6289.99259941831,19755564.904109176,399.3597712129931,311.8513184885918
0.012231168551156867,1.0166666666666668,0.005,261.8466996161075,-27.65681196804289,-2.3361699399845137,0.0,261062.44974927546,6289.027397292375,19726417.01915286,398.7705452041457,311.6211767106942
0.012231168551156867,1.0166666666666668,0.015,261.8466996163244,2.280451174177641e-11,1.925992195691877e-12,0.0,261062.44974933795,6289.99259941831,19755564.904109176,399.3597712129931,311.8513184885918
0.01295642697764026,-0.016666666666666666,-0.005,264.64757994701654,49.87973834641362,0.0,0.0,262720.76396262896,6289.019198371187,19998567.51611516,399.99357652027334,312.09868273966606
0.01295642697764026,-0.016666666666666666,0.005,264.6475799470165,49.87973834641362,-0.0026413605134642847,0.0,262720.76396262896,6289.0191983624645,19998567.515848357,399.993576514937,312.09868273758417
0.01295642697764026,-0.016666666666666666,0.015,264.64757994701654,49.87973834641362,0.0,0.0,262720.76396262896,6289.019198371187,19998567.51611516,399.99357652027334,312.09868273966606
0.01295642697764026,0.016666666666666666,-0.005,264.64757994701654,49.87973834641361,0.0026413605134642847,0.0,262720.76396262896,6289.0191983624645,19998567.515848357,399.993576514937,312.09868273758417
0.01295642697764026,0.016666666666666666,0.005,264.64757994701654,49.879738296292224,0.0026418777755873916,0.0,262720.7626345661,6289.01919836252,19998567.063651793,399.99357448715784,312.09868194648743
0.01295642697764026,0.016666666666666666,0.015,264.64757994701654,49.87973834641361,0.0026413605134642847,0.0,262720.76396262896,6289.0191983624645,19998567.515848357,399.993576514937,312.09868273758417
0.01295642697764026,0.05,-0.005,264.64637009168564,49.6338305242249,0.0072518945891881514,0.0,262708.1830655042,6289.019198618346,19998449.683818296,399.9930482356771,312.09847664013006
0.01295642697764026,0.05,0.005,264.64637009168564,49.63383036062408,0.0072534629635175605,0.0,262708.1817121032,6289.019198618442,19998449.22488989,399.99304617771895,312.0984758372591
0.01295642697764026,0.05,0.015,264.64637009168564,49.6338305242249,0.0072518945891881514,0.0,262708.1830655042,6289.019198618346,19998449.683818296,399.9930482356771,312.09847664013006
0.01295642697764026,0.08333333333333333,-0.005,264.6442471001366,49.38037231518708,0.011241795838982707,0.0,262695.0290889463,6289.019198919809,19998242.91747306,399.9921211591192,312.0981149596579
0.01295642697764026,0.08333333333333333,0.005,264.6442471001366,49.38037202588186,0.011244413959953603,0.0,262695.0276849702,6289.01919891995,19998242.44338798,399.9921190331985,312.0981141302717
0.01295642697764026,0.08333333333333333,0.015,264.6442471001366,49.38037231518708,0.011241795838982707,0.0,262695.0290889463,6289.019198919809,19998242.91747306,399.9921211591192,312.0981149596579
0.01295642697764026,0.11666666666666667,-0.005,264.64122205819007,49.11885122159714,0.014683475998606093,0.0,262681.2857623196,6289.01919927242,19997948.299053095,399.9908001315658,312.09759958631946
0.01295642697764026,0.11666666666666667,0.005,264.64122205819007,49.118850793887404,0.01468713819254378,0.0,262681.2842777154,6289.019199272619,19997947.799748268,399.99079789255103,312.09759871281045
0.01295642697764026,0.11666666666666667,0.015,264.64122205819007,49.11885122159714,0.014683475998606093,0.0,262681.2857623196,6289.01919927242,19997948.299053095,399.9908001315658,312.09759958631946
0.01295642697764026,0.15,-0.005,264.637322383632,48.84869660309945,0.017680077084190195,0.0,262666.93936671276,6289.019199683655,19997568.50319249,399.9890971375037,312.0969351948829
0.01295642697764026,0.15,0.005,264.637322383632,48.848696023965,0.01768476148408165,0.0,262666.93776286504,6289.019199683921,19997567.965685606,399.9890947271706,312.0969342545353
0.01295642697764026,0.15,0.015,264.637322383632,48.84869660309945,0.017680077084190195,0.0,262666.93936671276,6289.019199683655,19997568.50319249,399.9890971375037,312.0969351948829
0.01295642697764026,0.18333333333333332,-0.005,264.6325897101466,48.56927042040017,0.020366023996406916,0.0,262651.9778022373,6289.019200163304,19997107.589638636,399.98703037103826,312.09612888251405
0.01295642697764026,0.18333333333333332,0.005,264.6325897101466,48.569269676580774,0.020371695554315453,0.0,262651.97603152326,6289.019200163654,19997106.997874804,399.98702771737993,312.0961278472349
0.01295642697764026,0.18333333333333332,0.015,264.6325897101466,48.56927042040017,0.020366023996406916,0.0,262651.9778022373,6289.019200163304,19997107.589638636,399.98703037103826,312.09612888251405
0.01295642697764026,0.21666666666666667,-0.005,264.6270674873317,48.27985640768674,0.02289661748061681,0.0,262636.38667095127,6289.019200724199,19996569.7946026,399.98461881684904,312.0951880546817
0.01295642697764026,0.21666666666666667,0.005,264.6270674873317,48.27985548547614,0.02290324264789841,0.0,262636.38467863895,6289.019200724645,19996569.130104806,399.9846158369919,312.0951868921382
0.01295642697764026,0.21666666666666667,0.015,264.6270674873317,48.27985640768674,0.02289661748061681,0.0,262636.38667095127,6289.019200724199,19996569.7946026,399.98461881684904,312.0951880546817
0.01295642697764026,0.25,-0.005,264.62078325253617,47.97964730938096,0.025433210187488245,0.0,262620.1437799174,6289.019201382769,19995957.803696144,399.9818745055806,312.09411740374895
0.01295642697764026,0.25,0.005,264.62078325253617,47.979646194035006,0.02544077810571651,0.0,262620.14150682813,6289.019201383329,19995957.046482418,399.9818711098951,312.09411607897204
0.01295642697764026,0.25,0.015,264.62078325253617,47.97964730938096,0.025433210187488245,0.0,262620.1437799174,6289.019201382769,19995957.803696144,399.9818745055806,312.09411740374895
0.01295642697764026,0.2833333333333333,-0.005,264.61373201844276,47.66772945718473,0.028132948417211964,0.0,262603.21387942455,6289.019202160107,19995271.134399507,399.97879525947826,312.0929160787572
0.01295642697764026,0.2833333333333333,0.005,264.61373201844276,47.66772813198493,0.028141492277061735,0.0,262603.21126313286,6289.019202160807,19995270.26340626,399.9787913534765,312.09291455488204
0.01295642697764026,0.2833333333333333,0.015,264.61373201844276,47.66772945718473,0.028132948417211964,0.0,262603.21387942455,6289.019202160107,19995271.134399507,399.97879525947826,312.0929160787572
0.01295642697764026,0.31666666666666665,-0.005,264.6058635398382,47.343063633202526,0.031149311721745013,0.0,262585.544387004,6289.019203083566,19994504.897117708,399.97535913466066,312.09157551704465
0.01295642697764026,0.31666666666666665,0.005,264.6058635398382,47.34306207821246,0.03115892904404217,0.0,262585.5413597224,6289.0192030844355,19994503.889496755,399.9753546158412,312.0915737540792
0.01295642697764026,0.31666666666666665,0.015,264.6058635398382,47.343063633202526,0.031149311721745013,0.0,262585.544387004,6289.019203083566,19994504.897117708,399.97535913466066,312.09157551704465
0.01295642697764026,0.35,-0.005,264.59707036217685,47.004460850106916,0.03464650953909124,0.0,262567.0611649042,6289.019204189638,19993648.63311127,399.97151920707114,312.09007740984845
0.01295642697764026,0.35,0.005,264.59707036217685,47.00445904042657,0.03465738883944612,0.0,262567.0576463598,6289.019204190721,19993647.46182551,399.97151395413294,312.0900753604652
0.01295642697764026,0.35,0.015,264.59707036217685,47.004460850106916,0.03464650953909124,0.0,262567.0611649042,6289.019204189638,19993648.63311127,399.97151920707114,312.09007740984845
0.01295642697764026,0.38333333333333336,-0.005,264.58716745922464,46.65055119629254,0.03883208000953576,0.0,262547.6616639918,6289.019205529235,19992684.3344735,399.967194688535,312.0883902360024
0.01295642697764026,0.38333333333333336,0.005,264.58716745922464,46.65054909910774,0.03884455249897475,0.0,262547.6575461871,6289.019205530593,19992682.963142216,399.96718853825297,312.088387836516
0.01295642697764026,0.38333333333333336,0.015,264.58716745922464,46.65055119629254,0.03883208000953576,0.0,262547.6616639918,6289.019205529235,19992684.3344735,399.967194688535,312.0883902360024
0.01295642697764026,0.4166666666666667,-0.005,264.57584650193604,46.279742954964455,0.0440207981649635,0.0,262527.20049923507,6289.019207178512,19991581.99603145,399.96225097083226,312.0864614757343
0.01295642697764026,0.4166666666666667,0.005,264.57584650193604,46.27974052376314,0.044035449372943146,0.0,262527.19561608473,6289.0192071802485,19991580.36865867,399.962243671976,312.0864586281228
0.01295642697764026,0.4166666666666667,0.015,264.57584650193604,46.279742954964455,0.0440207981649635,0.0,262527.20049923507,6289.019207178512,19991581.99603145,399.96225097083226,312.0864614757343
0.01295642697764026,0.45,-0.005,264.56257443728,45.89016744249393,0.05076131236091671,0.0,262505.45864477404,6289.019209263386,19990289.748841196,399.9564553614938,312.08420034014154
0.01295642697764026,0.45,0.005,264.56257443728,45.89016460523795,0.05077921331068006,0.0,262505.45271294436,6289.0192092656835,19990287.769810285,399.9564464850751,312.08419687702695
0.01295642697764026,0.45,0.015,264.56257443728,45.89016744249393,0.05076131236091671,0.0,262505.45864477404,6289.019209263386,19990289.748841196,399.9564553614938,312.08420034014154
0.01295642697764026,0.48333333333333334,-0.005,264.54638387339025,45.479601997407485,0.060085772772883767,0.0,262482.08099745534,6289.0192120201555,19988713.46603512,399.9493855864279,312.0814420713117
0.01295642697764026,0.48333333333333334,0.005,264.54638387339025,45.479598633171605,0.06010892006746866,0.0,262482.07350681315,6289.019212023404,19988710.963080153,399.94937435956246,312.08143769113695
0.01295642697764026,0.48333333333333334,0.015,264.54638387339025,45.479601997407485,0.060085772772883767,0.0,262482.08099745534,6289.0192120201555,19988713.46603512,399.9493855864279,312.0814420713117
0.01295642697764026,0.5166666666666667,-0.005,264.5254755749457,45.04535906175452,0.07397630539824952,0.0,262456.4591469803,6289.019215955267,19986678.08478622,399.9402562502811,312.07788022979963
0.01295642697764026,0.5166666666666667,0.005,264.5254755749457,45.04535495836321,0.07400837000886466,0.0,262456.4491761239,6289.019215960371,19986674.74666596,399.94024127651033,312.0778743876987
0.01295642697764026,0.5166666666666667,0.015,264.5254755749457,45.04535906175452,0.07397630539824952,0.0,262456.4591469803,6289.019215955267,19986678.08478622,399.9402562502811,312.07788022979963
0.01295642697764026,0.55,-0.005,264.49654354196565,44.58412411565734,0.09615420749134475,0.0,262427.53326265886,6289.019222278101,19983861.932342473,399.9276241325321,312.0729516991036
0.01295642697764026,0.55,0.005,264.49654354196565,44.58411890256225,0.09620162208759986,0.0,262427.51921208826,6289.01922228729,19983857.218709946,399.9276029872692,312.07294344902994
0.01295642697764026,0.55,0.015,264.49654354196565,44.58412411565734,0.09615420749134475,0.0,262427.53326265886,6289.019222278101,19983861.932342473,399.9276241325321,312.0729516991036
0.01295642697764026,0.5833333333333334,-0.005,264.45379570171764,44.09172255456461,0.13322399039435778,0.0,262393.50498103135,6289.019234045776,19979701.442750383,399.90896048673795,312.06566977278067
0.01295642697764026,0.5833333333333334,0.005,264.45379570171764,44.09171561738826,0.13329715850838147,0.0,262393.4842772343,6289.019234064594,19979694.484171625,399.9089292681364,312.06565759219086
0.01295642697764026,0.5833333333333334,0.015,264.45379570171764,44.09172255456461,0.13322399039435778,0.0,262393.50498103135,6289.019234045776,19979701.442750383,399.90896048673795,312.06566977278067
0.01295642697764026,0.6166666666666667,-0.005,264.3878643843543,43.562801924446994,0.19594396415199825,0.0,262351.51702608383,6289.019258903429,19973285.209193334,399.880175012105,312.0544383164206
0.01295642697764026,0.6166666666666667,0.005,264.3878643843543,43.56279233801689,0.19605788351268955,0.0,262351.48597080243,6289.019258944781,19973274.756015975,399.88012811003307,312.05442001593826
0.01295642697764026,0.6166666666666667,0.015,264.3878643843543,43.562801924446994,0.19594396415199825,0.0,262351.51702608383,6289.019258903429,19973285.209193334,399.880175012105,312.0544383164206
0.01295642697764026,0.65,-0.005,264.2852412720651,42.990437852860836,0.2998764756412789,0.0,262297.48251042096,6289.019314444285,19963299.25546467,399.8353682342219,312.03695489703944
0.01295642697764026,0.65,0.005,264.2852412720651,42.99042441666323,0.3000494580959124,0.0,262297.4365992432,6289.01931453432,19963283.784775756,399.83529880593676,312.0369278056497
0.01295642697764026,0.65,0.015,264.2852412720651,42.990437852860836,0.2998764756412789,0.0,262297.48251042096,6289.019314444285,19963299.25546467,399.8353682342219,312.03695489703944
0.01295642697764026,0.6833333333333333,-0.005,264.129420141164,42.36570378199334,0.4640235983748348,0.0,262226.40448974253,6289.019435265165,19948138.81764716,399.76732768510857,312.010403882856
0.01295642697764026,0.6833333333333333,0.005,264.129420141164,42.3656852772412,0.4642725618063305,0.0,262226.3395726507,6289.019435445849,19948116.92427207,399.7672294008145,312.01036552839076
0.01295642697764026,0.6833333333333333,0.015,264.129420141164,42.36570378199334,0.4640235983748348,0.0,262226.40448974253,6289.019435265165,19948138.81764716,399.76732768510857,312.010403882856
0.01295642697764026,0.7166666666666667,-0.005,263.90512288691974,41.677245580944955,0.7058195064420902,0.0,262133.57818178774,6289.019674474097,19926320.350206517,399.66936612254017,311.9721730204551
0.01295642697764026,0.7166666666666667,0.005,263.90512288691974,41.67722132726037,0.7061513884845106,0.0,262133.49256729553,6289.019674789968,19926291.457227506,399.6692363418222,311.9721223686172
0.01295642697764026,0.7166666666666667,0.015,263.90512288691974,41.677245580944955,0.7058195064420902,0.0,262133.57818178774,6289.019674474097,19926320.350206517,399.66936612254017,311.9721730204551
0.01295642697764026,0.75,-0.005,263.6060325923077,40.910778936896655,1.0319475853598794,0.0,262016.7859578741,6289.020085280919,19897234.109603852,399.53868723051534,311.92116647056537
0.01295642697764026,0.75,0.005,263.6060325923077,40.910749542800055,1.032349336831124,0.0,262016.68284120076,6289.02008574084,19897199.291022904,399.5385306932255,311.92110536597096
0.01295642697764026,0.75,0.015,263.6060325923077,40.910778936896655,1.0319475853598794,0.0,262016.7859578741,6289.020085280919,19897234.109603852,399.53868723051534,311.92116647056537
0.01295642697764026,0.7833333333333333,-0.005,263.2438482552151,40.048050808457916,1.4274847470156438,0.0,261878.8360440637,6289.02067735544,19862023.232784517,399.3803375305413,311.8593482791911
0.01295642697764026,0.7833333333333333,0.005,263.2438482552151,40.04801871369723,1.4279180441566623,0.0,261878.7247475062,6289.020677891385,19861985.637345783,399.38016829475356,311.85928220462125
0.01295642697764026,0.7833333333333333,0.015,263.2438482552151,40.048050808457916,1.4274847470156438,0.0,261878.8360440637,6289.02067735544,19862023.232784517,399.3803375305413,311.8593482791911
0.01295642697764026,0.8166666666666667,-0.005,262.85312507632926,39.06406162070591,1.849796990603044,0.0,261728.83272854396,6289.0213810878495,19824050.58735647,399.2093536115443,311.7925840485203
0.01295642697764026,0.8166666666666667,0.005,262.85312507632926,39.06403084518629,1.8502048648826706,0.0,261728.7270227337,6289.021381568245,19824014.873595968,399.2091925930776,311.79252116877007
0.01295642697764026,0.8166666666666667,0.015,262.85312507632926,39.06406162070591,1.849796990603044,0.0,261728.83272854396,6289.0213810878495,19824050.58735647,399.2093536115443,311.7925840485203
0.01295642697764026,0.85,-0.005,262.48533243136404,37.92006143169208,2.2348240890245825,0.0,261580.26409757315,6289.0220810763685,19788317.830404818,399.0482404710042,311.7296609840474
0.01295642697764026,0.85,0.005,262.48533243136404,37.920036225458844,2.23515123084405,0.0,261580.1772346541,6289.022081394311,19788288.483586587,399.0481079363027,311.729609217122
0.01295642697764026,0.85,0.015,262.48533243136404,37.92006143169208,2.2348240890245825,0.0,261580.26409757315,6289.0220810763685,19788317.830404818,399.0482404710042,311.7296609840474
0.01295642697764026,0.8833333333333333,-0.005,262.1904608227583,36.54696699892255,2.5174520894495034,0.0,261445.31753918345,6289.022723408078,19759678.967964154,398.91898748431976,311.6791717839485
0.01295642697764026,0.8833333333333333,0.005,262.1904608227583,36.546949930029946,2.5176692975798,0.0,261445.25634103405,6289.022723558021,19759658.295548655,398.91889398433284,311.679135257735
0.01295642697764026,0.8833333333333333,0.015,262.1904608227583,36.54696699892255,2.5174520894495034,0.0,261445.31753918345,6289.022723408078,19759678.967964154,398.91898748431976,311.6791717839485
0.01295642697764026,0.9166666666666666,-0.005,261.9948163939395,34.803177127910985,2.654437693828597,0.0,261327.46261381803,6289.023412370559,19740688.26047258,398.8333226139133,311.6457046010681
0.01295642697764026,0.9166666666666666,0.005,261.9948163939395,34.80316787809208,2.6545530312034376,0.0,261327.42479330837,6289.023412421263,19740675.488079455,398.8332647821723,311.64568200639843
0.01295642697764026,0.9166666666666666,0.015,261.9948163939395,34.803177127910985,2.654437693828597,0.0,261327.46261381803,6289.023412370559,19740688.26047258,398.8333226139133,311.6457046010681
0.01295642697764026,0.9500000000000001,-0.005,261.8907736667889,32.33164808579333,2.6243553892153115,0.0,261214.92906285942,6289.024539922284,19730612.892244272,398.78820832994825,311.6280781019376
0.01295642697764026,0.9500000000000001,0.005,261.8907736667889,32.33164420920502,2.6244020309177367,0.0,261214.9061434157,6289.024539937259,19730605.15458678,398.7881732734578,311.6280644047084
0.01295642697764026,0.9500000000000001,0.015,261.8907736667889,32.33164808579333,2.6243553892153115,0.0,261214.92906285942,6289.024539922284,19730612.892244272,398.78820832994825,311.6280781019376
0.01295642697764026,0.9833333333333334,-0.005,261.8466995638384,27.65681196896518,2.336169941182625,0.0,261062.449734242,6289.027397292302,19726417.01407682,398.770545181105,311.6211767016916
0.01295642697764026,0.9833333333333334,0.005,261.8466995638384,27.656811011155877,2.3361811028034745,0.0,261062.43297503525,6289.027397298742,19726411.356969703,398.7705195443753,311.62116668471805
0.01295642697764026,0.9833333333333334,0.015,261.8466995638384,27.65681196896518,2.336169941182625,0.0,261062.449734242,6289.027397292302,19726417.01407682,398.770545181105,311.6211767016916
0.01295642697764026,1.0166666666666666,-0.005,261.8466995636149,2.3599916999570252e-11,1.9935061245037682e-12,0.0,261062.44973417756,6289.992599418364,19755564.89898664,399.3597711898015,311.85131847953687
0.01295642697764026,1.0166666666666666,0.005,261.8466995633914,-27.65681196896518,-2.336169941182625,0.0,261062.44973411318,6289.027397292302,19726417.014033403,398.7705451809079,311.62117670161456
0.01295642697764026,1.0166666666666666,0.015,261.8466995636149,2.3599916999570252e-11,1.9935061245037682e-12,0.0,261062.44973417756,6289.992599418364,19755564.89898664,399.3597711898015,311.85131847953687
0.013681685404123654,-0.016666666666666666,-0.005,264.6475799462246,49.87973834641973,0.0,0.0,262720.76396240405,6289.0191983711875,19998567.516038224,399.99357651992887,312.0986827395316
0.013681685404123654,-0.016666666666666666,0.005,264.6475799462246,49.87973834641973,-0.0026413605712834066,0.0,262720.76396240405,6289.019198362465,19998567.51577142,399.9935765145925,312.0986827374498
0.013681685404123654,-0.016666666666666666,0.015,264.6475799462246,49.87973834641973,0.0,0.0,262720.76396240405,6289.0191983711875,19998567.516038224,399.99357651992887,312.0986827395316
0.013681685404123654,0.016666666666666666,-0.005,264.6475799462246,49.879738346419735,0.0026413605712834066,0.0,262720.76396240405,6289.019198362465,19998567.51577142,399.9935765145925,312.0986827374498
0.013681685404123654,0.016666666666666666,0.005,264.6475799462246,49.879738296298335,0.002641877833419757,0.0,262720.7626343407,6289.019198362522,19998567.063574683,399.99357448681246,312.0986819463527
0.013681685404123654,0.016666666666666666,0.015,264.6475799462246,49.879738346419735,0.0026413605712834066,0.0,262720.76396240405,6289.019198362465,19998567.51577142,399.9935765145925,312.0986827374498
0.013681685404123654,0.05,-0.005,264.64637009087096,49.63383052423065,0.007251894762593981,0.0,262708.1830652716,6289.019198618345,19998449.68373906,399.9930482353208,312.0984766399911
0.013681685404123654,0.05,0.005,264.64637009087096,49.63383036062985,0.007253463136963013,0.0,262708.1817118701,6289.019198618439,19998449.224810474,399.9930461773619,312.0984758371198
0.013681685404123654,0.05,0.015,264.64637009087096,49.63383052423065,0.007251894762593981,0.0,262708.1830652716,6289.019198618345,19998449.68373906,399.9930482353208,312.0984766399911
0.013681685404123654,0.08333333333333333,-0.005,264.6442470992725,49.380372315193,0.011241796127930916,0.0,262695.02908870095,6289.01919891981,19998242.917389117,399.9921211587435,312.09811495951135
0.013681685404123654,0.08333333333333333,0.005,264.6442470992725,49.38037202588779,0.011244414248969235,0.0,262695.0276847243,6289.019198919952,19998242.443303857,399.99211903282185,312.0981141301248
0.013681685404123654,0.08333333333333333,0.015,264.6442470992725,49.380372315193,0.011241796127930916,0.0,262695.02908870095,6289.01919891981,19998242.917389117,399.9921211587435,312.09811495951135
0.013681685404123654,0.11666666666666667,-0.005,264.64122205725187,49.11885122160191,0.01468347640216091,0.0,262681.2857620525,6289.01919927242,19997948.298961908,399.9908001311569,312.09759958615996
0.013681685404123654,0.11666666666666667,0.005,264.64122205725187,49.11885079389218,0.014687138596196239,0.0,262681.2842774478,6289.019199272619,19997947.799656887,399.9907978921413,312.0975987126506
0.013681685404123654,0.11666666666666667,0.015,264.64122205725187,49.11885122160191,0.01468347640216091,0.0,262681.2857620525,6289.01919927242,19997948.298961908,399.9908001311569,312.09759958615996
0.013681685404123654,0.15,-0.005,264.63732238259166,48.84869660310298,0.017680077599594533,0.0,262666.939366413,6289.019199683645,19997568.503091093,399.98909713704484,312.0969351947039
0.013681685404123654,0.15,0.005,264.63732238259166,48.84869602396853,0.017684761999617785,0.0,262666.93776256463,6289.019199683912,19997567.965584002,399.9890947267108,312.0969342543559
0.013681685404123654,0.15,0.015,264.63732238259166,48.84869660310298,0.017680077599594533,0.0,262666.939366413,6289.019199683645,19997568.503091093,399.98909713704484,312.0969351947039
0.013681685404123654,0.18333333333333332,-0.005,264.6325897089666,48.56927042040256,0.020366024619268727,0.0,262651.9778019002,6289.019200163302,19997107.589523844,399.9870303705223,312.09612888231277
0.013681685404123654,0.18333333333333332,0.005,264.6325897089666,48.569269676583154,0.02037169617734712,0.0,262651.9760311855,6289.0192001636515,19997106.99775979,399.98702771686305,312.0961278470332
0.013681685404123654,0.18333333333333332,0.015,264.6325897089666,48.56927042040256,0.020366024619268727,0.0,262651.9778019002,6289.019200163302,19997107.589523844,399.9870303705223,312.09612888231277
0.013681685404123654,0.21666666666666667,-0.005,264.62706748597776,48.27985640768773,0.022896618206709372,0.0,262636.38667056453,6289.019200724198,19996569.794470903,399.98461881625735,312.09518805445094
0.013681685404123654,0.21666666666666667,0.005,264.62706748597776,48.27985548547714,0.022903243374201333,0.0,262636.3846782514,6289.019200724643,19996569.129972853,399.984615836399,312.0951868919069
0.013681685404123654,0.21666666666666667,0.015,264.62706748597776,48.27985640768773,0.022896618206709372,0.0,262636.38667056453,6289.019200724198,19996569.794470903,399.98461881625735,312.09518805445094
0.013681685404123654,0.25,-0.005,264.6207832509706,47.97964730938019,0.02543321101518279,0.0,262620.14377947367,6289.019201382775,19995957.803544126,399.9818745049019,312.0941174034841
0.013681685404123654,0.25,0.005,264.6207832509706,47.97964619403424,0.02544077893366376,0.0,262620.14150638354,6289.019201383336,19995957.046330117,399.98187110921504,312.09411607870675
0.013681685404123654,0.25,0.015,264.6207832509706,47.97964730938019,0.02543321101518279,0.0,262620.14377947367,6289.019201382775,19995957.803544126,399.9818745049019,312.0941174034841
0.013681685404123654,0.2833333333333333,-0.005,264.61373201663275,47.66772945718186,0.028132949349772222,0.0,262603.2138789083,6289.019202160107,19995271.134223517,399.97879525868865,312.09291607844915
0.013681685404123654,0.2833333333333333,0.005,264.61373201663275,47.667728131982074,0.02814149320992094,0.0,262603.2112626157,6289.019202160806,19995270.263229948,399.9787913526855,312.09291455457344
0.013681685404123654,0.2833333333333333,0.015,264.61373201663275,47.66772945718186,0.028132949349772222,0.0,262603.2138789083,6289.019202160107,19995271.134223517,399.97879525868865,312.09291607844915
0.013681685404123654,0.31666666666666665,-0.005,264.60586353773976,47.34306363319693,0.031149312769053528,0.0,262585.54438640684,6289.019203083568,19994504.89691379,399.97535913374753,312.0915755166884
0.013681685404123654,0.31666666666666665,0.005,264.60586353773976,47.343062078206856,0.0311589300917023,0.0,262585.5413591241,6289.019203084439,19994503.889292456,399.97535461492635,312.0915737537223
0.013681685404123654,0.31666666666666665,0.015,264.60586353773976,47.34306363319693,0.031149312769053528,0.0,262585.54438640684,6289.019203083568,19994504.89691379,399.97535913374753,312.0915755166884
0.013681685404123654,0.35,-0.005,264.59707035974424,47.004460850097814,0.0346465107204584,0.0,262567.06116421154,6289.01920418964,19993648.63287486,399.9715192060121,312.0900774094353
0.013681685404123654,0.35,0.005,264.59707035974424,47.004459040417466,0.034657390021230985,0.0,262567.0576456659,6289.019204190724,19993647.461588662,399.97151395307213,312.09007536005134
0.013681685404123654,0.35,0.015,264.59707035974424,47.004460850097814,0.0346465107204584,0.0,262567.06116421154,6289.01920418964,19993648.63287486,399.9715192060121,312.0900774094353
0.013681685404123654,0.38333333333333336,-0.005,264.58716745639913,46.65055119627865,0.03883208135946698,0.0,262547.6616631855,6289.019205529234,19992684.33419879,399.9671946873025,312.0883902355215
0.013681685404123654,0.38333333333333336,0.005,264.58716745639913,46.650549099093844,0.03884455384941758,0.0,262547.6575453793,6289.019205530592,19992682.96286699,399.96718853701816,312.08838783603426
0.013681685404123654,0.38333333333333336,0.015,264.58716745639913,46.65055119627865,0.03883208135946698,0.0,262547.6616631855,6289.019205529234,19992684.33419879,399.9671946873025,312.0883902355215
0.013681685404123654,0.4166666666666667,-0.005,264.57584649863,46.27974295494293,0.044020799745094444,0.0,262527.20049829036,6289.0192071785095,19991581.99570996,399.9622509693885,312.086461475171
0.013681685404123654,0.4166666666666667,0.005,264.57584649863,46.2797405237416,0.04403545095373635,0.0,262527.1956151382,6289.019207180245,19991580.368336566,399.9622436705295,312.08645862755844
0.013681685404123654,0.4166666666666667,0.015,264.57584649863,46.27974295494293,0.044020799745094444,0.0,262527.20049829036,6289.0192071785095,19991581.99570996,399.9622509693885,312.086461475171
0.013681685404123654,0.45,-0.005,264.5625744333497,45.89016744246055,0.05076131428390426,0.0,262505.4586436525,6289.019209263386,19990289.74845917,399.9564553597803,312.08420033947294
0.013681685404123654,0.45,0.005,264.5625744333497,45.89016460520455,0.05077921523458922,0.0,262505.4527118206,6289.019209265684,19990287.769427508,399.95644648335826,312.08419687635717
0.013681685404123654,0.45,0.015,264.5625744333497,45.89016744246055,0.05076131428390426,0.0,262505.4586436525,6289.019209263386,19990289.74845917,399.9564553597803,312.08420033947294
0.013681685404123654,0.48333333333333334,-0.005,264.54638386859267,45.47960199735268,0.060085775248405256,0.0,262482.0809960842,6289.019212020152,19988713.465568736,399.94938558433404,312.08144207049475
0.013681685404123654,0.48333333333333334,0.005,264.54638386859267,45.47959863311675,0.06010892254436953,0.0,262482.07350543904,6289.0192120234005,19988710.962612778,399.94937435746397,312.08143769031824
0.013681685404123654,0.48333333333333334,0.015,264.54638386859267,45.47960199735268,0.060085775248405256,0.0,262482.0809960842,6289.019212020152,19988713.465568736,399.94938558433404,312.08144207049475
0.013681685404123654,0.5166666666666667,-0.005,264.52547556884576,45.045359061661024,0.07397630881164777,0.0,262456.45914523734,6289.019215955265,19986678.08419343,399.9402562476208,312.0778802287617
0.013681685404123654,0.5166666666666667,0.005,264.52547556884576,45.04535495826965,0.07400837342443217,0.0,262456.44917437696,6289.01921596037,19986674.746071827,399.94024127384404,312.0778743866585
0.013681685404123654,0.5166666666666667,0.015,264.52547556884576,45.045359061661024,0.07397630881164777,0.0,262456.45914523734,6289.019215955265,19986678.08419343,399.9402562476208,312.0778802287617
0.013681685404123654,0.55,-0.005,264.4965435338129,44.58412411549248,0.09615421251687802,0.0,262427.53326032974,6289.0192222781025,19983861.931550484,399.92762412897963,312.07295169771754
0.013681685404123654,0.55,0.005,264.4965435338129,44.58411890239726,0.09620162711658925,0.0,262427.51920975343,6289.019222287293,19983857.21791602,399.927602983708,312.0729434476405
0.013681685404123654,0.55,0.015,264.4965435338129,44.58412411549248,0.09615421251687802,0.0,262427.53326032974,6289.0192222781025,19983861.931550484,399.92762412897963,312.07295169771754
0.013681685404123654,0.5833333333333334,-0.005,264.45379569028836,44.09172255427261,0.1332239981198799,0.0,262393.5049777623,6289.019234045775,19979701.441640187,399.9089604817553,312.06566977083656
0.013681685404123654,0.5833333333333334,0.005,264.45379569028836,44.09171561709605,0.13329716623926585,0.0,262393.48427395686,6289.019234064594,19979694.483058557,399.9089292631409,312.06565759024176
0.013681685404123654,0.5833333333333334,0.015,264.45379569028836,44.09172255427261,0.1332239981198799,0.0,262393.5049777623,6289.019234045775,19979701.441640187,399.9089604817553,312.06566977083656
0.013681685404123654,0.6166666666666667,-0.005,264.38786436782755,43.56280192394406,0.19594397614159453,0.0,262351.51702135697,6289.019258903434,19973285.207588475,399.88017500490395,312.0544383136109
0.013681685404123654,0.6166666666666667,0.005,264.38786436782755,43.56279233751362,0.19605789551011354,0.0,262351.48596606293,6289.019258944786,19973274.754406817,399.88012810281276,312.05442001312105
0.013681685404123654,0.6166666666666667,0.015,264.38786436782755,43.56280192394406,0.19594397614159453,0.0,262351.51702135697,6289.019258903434,19973285.207588475,399.88017500490395,312.0544383136109
0.013681685404123654,0.65,-0.005,264.285241248083,42.99043785204031,0.29987649379402953,0.0,262297.4825035551,6289.019314444285,19963299.253135882,399.8353682237645,312.03695489295893
0.013681685404123654,0.65,0.005,264.285241248083,42.99042441584224,0.30004947625909884,0.0,262297.436592359,6289.01931453432,19963283.782440696,399.83529879545125,312.03692780155814
0.013681685404123654,0.65,0.015,264.285241248083,42.99043785204031,0.29987649379402953,0.0,262297.4825035551,6289.019314444285,19963299.253135882,399.8353682237645,312.03695489295893
0.013681685404123654,0.6833333333333333,-0.005,264.12942010721275,42.36570378075238,0.46402362442494577,0.0,262226.4044800249,6289.019435265179,19948138.814351052,399.7673276703049,312.010403877079
0.013681685404123654,0.6833333333333333,0.005,264.12942010721275,42.36568527599969,0.46427258786875536,0.0,262226.3395629075,6289.019435445864,19948116.9209673,399.76722938597186,312.01036552259853
0.013681685404123654,0.6833333333333333,0.015,264.12942010721275,42.36570378075238,0.46402362442494577,0.0,262226.4044800249,6289.019435265179,19948138.814351052,399.7673276703049,312.010403877079
0.013681685404123654,0.7166666666666667,-0.005,263.90512284118165,41.67724557924412,0.705819541060333,0.0,262133.5781687011,6289.019674474131,19926320.345767085,399.66936610259194,311.97217301266954
0.013681685404123654,0.7166666666666667,0.005,263.90512284118165,41.67722132555902,0.7061514231150873,0.0,262133.49255417628,6289.019674790002,19926291.45277699,399.6692363218242,311.97212236081225
0.013681685404123654,0.7166666666666667,0.015,263.90512284118165,41.67724557924412,0.705819541060333,0.0,262133.5781687011,6289.019674474131,19926320.345767085,399.66936610259194,311.97217301266954
0.013681685404123654,0.75,-0.005,263.606032534757,40.910778934830574,1.0319476271198762,0.0,262016.78594141468,6289.020085280978,19897234.104019124,399.5386872053999,311.9211664607615
0.013681685404123654,0.75,0.005,263.606032534757,40.91074954073365,1.0323493786008218,0.0,262016.68282470334,6289.020085740898,19897199.285425276,399.5385306680519,311.92110535614444
0.013681685404123654,0.75,0.015,263.606032534757,40.910778934830574,1.0319476271198762,0.0,262016.78594141468,6289.020085280978,19897234.104019124,399.5386872053999,311.9211664607615
0.013681685404123654,0.7833333333333333,-0.005,263.2438481884288,40.048050806302726,1.4274847918751237,0.0,261878.83602496173,6289.020677355497,19862023.226304296,399.3803375013542,311.8593482677956
0.013681685404123654,0.7833333333333333,0.005,263.2438481884288,40.04801871154207,1.4279180890208538,0.0,261878.7247283646,6289.0206778914435,19861985.630852148,399.3801682655058,311.85928219320203
0.013681685404123654,0.7833333333333333,0.015,263.2438481884288,40.048050806302726,1.4274847918751237,0.0,261878.83602496173,6289.020677355497,19862023.226304296,399.3803375013542,311.8593482677956
0.013681685404123654,0.8166666666666667,-0.005,262.8531250052189,39.06406161888157,1.8497970326395305,0.0,261728.83270820192,6289.021381087896,19824050.580457166,399.2093535804162,311.79258403636436
0.013681685404123654,0.8166666666666667,0.005,262.8531250052189,39.06403084336237,1.8502049069182314,0.0,261728.72700235556,6289.021381568291,19824014.866684407,399.20919256189416,311.79252115659256
0.013681685404123654,0.8166666666666667,0.015,262.8531250052189,39.06406161888157,1.8497970326395305,0.0,261728.83270820192,6289.021381087896,19824050.580457166,399.2093535804162,311.79258403636436
0.013681685404123654,0.85,-0.005,262.48533236152076,37.92006143061267,2.234824122575471,0.0,261580.26407758665,6289.022081076394,19788317.82362826,399.04824044037775,311.72966097208496
0.013681685404123654,0.85,0.005,262.48533236152076,37.92003622438012,2.2351512643900895,0.0,261580.177214639,6289.022081394337,19788288.476800334,399.0481079056325,311.7296092051425
0.013681685404123654,0.85,0.015,262.48533236152076,37.92006143061267,2.234824122575471,0.0,261580.26407758665,6289.022081076394,19788317.82362826,399.04824044037775,311.72966097208496
0.013681685404123654,0.8833333333333333,-0.005,262.19046075809825,36.54696699880025,2.5174521116257433,0.0,261445.31752067062,6289.022723408082,19759678.961689603,398.9189874559213,311.6791717728545
0.013681685404123654,0.8833333333333333,0.005,262.19046075809825,36.546949929908365,2.5176693197503957,0.0,261445.25632250166,6289.022723558027,19759658.28926748,398.91889395590437,311.6791352466293
0.013681685404123654,0.8833333333333333,0.015,262.19046075809825,36.54696699880025,2.5174521116257433,0.0,261445.31752067062,6289.022723408082,19759678.961689603,398.9189874559213,311.6791717728545
0.013681685404123654,0.9166666666666666,-0.005,261.9948163352415,34.8031771286481,2.6544377055904405,0.0,261327.4625970019,6289.023412370548,19740688.2547754,398.83332258810185,311.64570459098366
0.013681685404123654,0.9166666666666666,0.005,261.9948163352415,34.803167878829704,2.654553042961338,0.0,261327.42477648027,6289.023412421254,19740675.482378237,398.83326475634254,311.6456819963069
0.013681685404123654,0.9166666666666666,0.015,261.9948163352415,34.8031771286481,2.6544377055904405,0.0,261327.4625970019,6289.023412370548,19740688.2547754,398.83332258810185,311.64570459098366
0.013681685404123654,0.95,-0.005,261.89077361227373,32.331648087091814,2.6243553940331528,0.0,261214.92904722918,6289.0245399222595,19730612.886951964,398.78820830595436,311.62807809256276
0.013681685404123654,0.95,0.005,261.89077361227373,32.33164421050382,2.6244020357338713,0.0,261214.90612777803,6289.024539937235,19730605.149291966,398.78817324945254,311.6280643953291
0.013681685404123654,0.95,0.015,261.89077361227373,32.331648087091814,2.6243553940331528,0.0,261214.92904722918,6289.0245399222595,19730612.886951964,398.78820830595436,311.62807809256276
0.013681685404123654,0.9833333333333333,-0.005,261.846699511134,27.65681196988798,2.336169942380716,0.0,261062.44971908574,6289.027397292236,19726417.008958705,398.77054515787637,311.62117669261556
0.013681685404123654,0.9833333333333333,0.005,261.846699511134,27.65681101207888,2.3361811040012053,0.0,261062.4329598734,6289.027397298674,19726411.351849675,398.7705195211381,311.6211666756386
0.013681685404123654,0.9833333333333333,0.015,261.846699511134,27.65681196988798,2.336169942380716,0.0,261062.44971908574,6289.027397292236,19726417.008958705,398.77054515787637,311.62117669261556
0.013681685404123654,1.0166666666666668,-0.005,261.84669951090376,2.4211232832233048e-11,2.0449556459331763e-12,0.0,261062.44971901947,6289.992599418424,19755564.893864162,399.3597711666135,311.85131847048336
0.013681685404123654,1.0166666666666668,0.005,261.84669951067355,-27.656811969888164,-2.336169942380732,0.0,261062.4497189531,6289.027397292235,19726417.008913994,398.7705451576735,311.62117669253627
0.013681685404123654,1.0166666666666668,0.015,261.84669951090376,2.4211232832233048e-11,2.0449556459331763e-12,0.0,261062.44971901947,6289.992599418424,19755564.893864162,399.3597711666135,311.85131847048336
0.014406943830607043,-0.016666666666666666,-0.005,264.6475799454348,49.8797383464254,-2.0975498914038942e-19,0.0,262720.76396217773,6289.019198371183,19998567.51596134,399.9935765195822,312.09868273939645
0.014406943830607043,-0.016666666666666666,0.005,264.6475799454348,49.8797383464254,-0.0026413606290556697,0.0,262720.76396217773,6289.019198362463,19998567.515694536,399.99357651424583,312.09868273731456
0.014406943830607043,-0.016666666666666666,0.015,264.6475799454348,49.8797383464254,-2.0975498914038942e-19,0.0,262720.76396217773,6289.019198371183,19998567.51596134,399.9935765195822,312.09868273939645
0.014406943830607043,0.016666666666666666,-0.005,264.64757994543476,49.8797383464254,0.0026413606290556692,0.0,262720.76396217773,6289.019198362463,19998567.515694536,399.99357651424583,312.09868273731456
0.014406943830607043,0.016666666666666666,0.005,264.64757994543476,49.879738296304005,0.0026418778912053876,0.0,262720.76263411384,6289.019198362518,19998567.06349763,399.99357448646504,312.0986819462172
0.014406943830607043,0.016666666666666666,0.015,264.64757994543476,49.8797383464254,0.0026413606290556692,0.0,262720.76396217773,6289.019198362463,19998567.515694536,399.99357651424583,312.09868273731456
0.014406943830607043,0.05,-0.005,264.6463700900544,49.63383052423658,0.007251894935493484,0.0,262708.18306504097,6289.019198618349,19998449.683659833,399.9930482349676,312.0984766398533
0.014406943830607043,0.05,0.005,264.6463700900544,49.63383036063578,0.007253463309902146,0.0,262708.1817116389,6289.019198618444,19998449.224731073,399.99304617700784,312.09847583698166
0.014406943830607043,0.05,0.015,264.6463700900544,49.63383052423658,0.007251894935493484,0.0,262708.18306504097,6289.019198618349,19998449.683659833,399.9930482349676,312.0984766398533
0.014406943830607043,0.08333333333333333,-0.005,264.64424709841,49.380372315198365,0.011241796416152918,0.0,262695.0290884553,6289.01919891981,19998242.917305272,399.99212115836724,312.0981149593645
0.014406943830607043,0.08333333333333333,0.005,264.64424709841,49.38037202589314,0.011244414537258624,0.0,262695.0276844781,6289.019198919952,19998242.44321983,399.9921190324448,312.0981141299777
0.014406943830607043,0.08333333333333333,0.015,264.64424709841,49.380372315198365,0.011241796416152918,0.0,262695.0290884553,6289.01919891981,19998242.917305272,399.99212115836724,312.0981149593645
0.014406943830607043,0.11666666666666667,-0.005,264.6412220563122,49.118851221606704,0.01468347680519224,0.0,262681.28576178727,6289.019199272426,19997948.298870746,399.99080013075076,312.09759958600154
0.014406943830607043,0.11666666666666667,0.005,264.6412220563122,49.11885079389698,0.014687138999325647,0.0,262681.284277182,6289.019199272625,19997947.79956553,399.99079789173436,312.09759871249184
0.014406943830607043,0.11666666666666667,0.015,264.6412220563122,49.118851221606704,0.01468347680519224,0.0,262681.28576178727,6289.019199272426,19997948.298870746,399.99080013075076,312.09759958600154
0.014406943830607043,0.15,-0.005,264.6373223815486,48.848696603106724,0.017680078114719805,0.0,262666.93936611613,6289.019199683647,19997568.502989717,399.98909713659043,312.0969351945266
0.014406943830607043,0.15,0.005,264.6373223815486,48.84869602397228,0.017684762514874965,0.0,262666.9377622672,6289.019199683913,19997567.965482417,399.9890947262555,312.0969342541783
0.014406943830607043,0.15,0.015,264.6373223815486,48.848696603106724,0.017680078114719805,0.0,262666.93936611613,6289.019199683647,19997568.502989717,399.98909713659043,312.0969351945266
0.014406943830607043,0.18333333333333332,-0.005,264.6325897077855,48.56927042040492,0.02036602524219134,0.0,262651.9778015641,6289.019200163303,19997107.58940906,399.987030370008,312.0961288821121
0.014406943830607043,0.18333333333333332,0.005,264.6325897077855,48.56926967658552,0.020371696800438852,0.0,262651.9760308487,6289.0192001636515,19997106.997644775,399.98702771634765,312.0961278468322
0.014406943830607043,0.18333333333333332,0.015,264.6325897077855,48.56927042040492,0.02036602524219134,0.0,262651.9778015641,6289.019200163303,19997107.58940906,399.987030370008,312.0961288821121
0.014406943830607043,0.21666666666666667,-0.005,264.627067484626,48.2798564076885,0.022896618933049433,0.0,262636.3866701773,6289.019200724192,19996569.794339333,399.9846188156649,312.09518805421976
0.014406943830607043,0.21666666666666667,0.005,264.627067484626,48.27985548547791,0.022903244100751445,0.0,262636.3846778634,6289.019200724637,19996569.12984103,399.9846158358053,312.09518689167527
0.014406943830607043,0.21666666666666667,0.015,264.627067484626,48.2798564076885,0.022896618933049433,0.0,262636.3866701773,6289.019200724192,19996569.794339333,399.9846188156649,312.09518805421976
0.014406943830607043,0.25,-0.005,264.6207832494083,47.97964730937917,0.025433211843018822,0.0,262620.143779027,6289.019201382771,19995957.80339214,399.98187450421864,312.0941174032176
0.014406943830607043,0.25,0.005,264.6207832494083,47.979646194033215,0.025440779761753168,0.0,262620.14150593604,6289.019201383332,19995957.04617784,399.9818711085305,312.0941160784397
0.014406943830607043,0.25,0.015,264.6207832494083,47.97964730937917,0.025433211843018822,0.0,262620.143779027,6289.019201382771,19995957.80339214,399.98187450421864,312.0941174032176
0.014406943830607043,0.2833333333333333,-0.005,264.61373201482314,47.66772945717867,0.02813295028203647,0.0,262603.21387839137,6289.019202160104,19995271.13404751,399.9787952578981,312.0929160781407
0.014406943830607043,0.2833333333333333,0.005,264.61373201482314,47.66772813197888,0.028141494142484392,0.0,262603.2112620977,6289.0192021608045,19995270.263053603,399.9787913518933,312.0929145542644
0.014406943830607043,0.2833333333333333,0.015,264.61373201482314,47.66772945717867,0.02813295028203647,0.0,262603.21387839137,6289.019202160104,19995271.13404751,399.9787952578981,312.0929160781407
0.014406943830607043,0.31666666666666665,-0.005,264.6058635356415,47.34306363319152,0.031149313815649823,0.0,262585.5443858094,6289.019203083571,19994504.896709856,399.97535913283394,312.09157551633194
0.014406943830607043,0.31666666666666665,0.005,264.6058635356415,47.34306207820144,0.031158931138650158,0.0,262585.5413585255,6289.019203084441,19994503.889088146,399.975354614011,312.09157375336514
0.014406943830607043,0.31666666666666665,0.015,264.6058635356415,47.34306363319152,0.031149313815649823,0.0,262585.5443858094,6289.019203083571,19994504.896709856,399.97535913283394,312.09157551633194
0.014406943830607043,0.35,-0.005,264.5970703573133,47.004460850088606,0.034646511901252515,0.0,262567.0611635178,6289.019204189639,19993648.632638495,399.97151920495145,312.0900774090215
0.014406943830607043,0.35,0.005,264.5970703573133,47.00445904040825,0.034657391202442635,0.0,262567.05764497083,6289.019204190722,19993647.461351857,399.97151395200945,312.0900753596367
0.014406943830607043,0.35,0.015,264.5970703573133,47.004460850088606,0.034646511901252515,0.0,262567.0611635178,6289.019204189639,19993648.632638495,399.97151920495145,312.0900774090215
0.014406943830607043,0.38333333333333336,-0.005,264.58716745357424,46.650551196264644,0.0388320827092402,0.0,262547.6616623794,6289.019205529233,19992684.333924145,399.9671946860703,312.0883902350408
0.014406943830607043,0.38333333333333336,0.005,264.58716745357424,46.650549099079825,0.03884455519970241,0.0,262547.6575445717,6289.019205530592,19992682.962591827,399.9671885357836,312.0883878355526
0.014406943830607043,0.38333333333333336,0.015,264.58716745357424,46.650551196264644,0.0388320827092402,0.0,262547.6616623794,6289.019205529233,19992684.333924145,399.9671946860703,312.0883902350408
0.014406943830607043,0.4166666666666667,-0.005,264.5758464953229,46.2797429549217,0.04402080132501944,0.0,262527.2004973471,6289.01920717851,19991581.995388497,399.962250967947,312.0864614746086
0.014406943830607043,0.4166666666666667,0.005,264.5758464953229,46.279740523720356,0.044035452534323595,0.0,262527.1956141931,6289.019207180247,19991580.368014473,399.96224366908507,312.0864586269949
0.014406943830607043,0.4166666666666667,0.015,264.5758464953229,46.2797429549217,0.04402080132501944,0.0,262527.2004973471,6289.01920717851,19991581.995388497,399.962250967947,312.0864614746086
0.014406943830607043,0.44999999999999996,-0.005,264.5625744294194,45.8901674424271,0.050761316206683074,0.0,262505.4586425315,6289.019209263388,19990289.74807719,399.9564553580676,312.0842003388048
0.014406943830607043,0.44999999999999996,0.005,264.5625744294194,45.89016460517107,0.05077921715828961,0.0,262505.4527106973,6289.019209265685,19990287.769044757,399.9564464816421,312.0841968756876
0.014406943830607043,0.44999999999999996,0.015,264.5625744294194,45.8901674424271,0.050761316206683074,0.0,262505.4586425315,6289.019209263388,19990289.74807719,399.9564553580676,312.0842003388048
0.014406943830607043,0.48333333333333334,-0.005,264.546383863791,45.479601997298225,0.06008577772416401,0.0,262482.08099471824,6289.019212020164,19988713.46510244,399.949385582248,312.0814420696809
0.014406943830607043,0.48333333333333334,0.005,264.546383863791,45.47959863306227,0.06010892502150768,0.0,262482.0735040703,6289.019212023412,19988710.9621455,399.94937435537366,312.08143768950265
0.014406943830607043,0.48333333333333334,0.015,264.546383863791,45.479601997298225,0.06008577772416401,0.0,262482.08099471824,6289.019212020164,19988713.46510244,399.949385582248,312.0814420696809
0.014406943830607043,0.5166666666666667,-0.005,264.5254755627465,45.04535906156738,0.07397631222527869,0.0,262456.45914349385,6289.019215955262,19986678.083600655,399.9402562449598,312.07788022772354
0.014406943830607043,0.5166666666666667,0.005,264.5254755627465,45.04535495817594,0.07400837684023363,0.0,262456.44917262957,6289.019215960367,19986674.745477706,399.940241271177,312.0778743856179
0.014406943830607043,0.5166666666666667,0.015,264.5254755627465,45.04535906156738,0.07397631222527869,0.0,262456.45914349385,6289.019215955262,19986678.083600655,399.9402562449598,312.07788022772354
0.014406943830607043,0.55,-0.005,264.4965435256609,44.58412411532721,0.09615421754241929,0.0,262427.53325799824,6289.019222278098,19983861.930758376,399.92762412542356,312.0729516963301
0.014406943830607043,0.55,0.005,264.4965435256609,44.58411890223186,0.09620163214558737,0.0,262427.5192074163,6289.019222287289,19983857.21712198,399.9276029801433,312.07294344624967
0.014406943830607043,0.55,0.015,264.4965435256609,44.58412411532721,0.09615421754241929,0.0,262427.53325799824,6289.019222278098,19983861.930758376,399.92762412542356,312.0729516963301
0.014406943830607043,0.5833333333333334,-0.005,264.4537956788547,44.09172255398125,0.13322400584606073,0.0,262393.5049744971,6289.019234045787,19979701.44052995,399.90896047677836,312.0656697688947
0.014406943830607043,0.5833333333333334,0.005,264.4537956788547,44.091715616804464,0.13329717397080856,0.0,262393.48427068314,6289.019234064604,19979694.481945436,399.90892925815103,312.06565758829487
0.014406943830607043,0.5833333333333334,0.015,264.4537956788547,44.09172255398125,0.13322400584606073,0.0,262393.5049744971,6289.019234045787,19979701.44052995,399.90896047677836,312.0656697688947
0.014406943830607043,0.6166666666666667,-0.005,264.387864351302,43.56280192344156,0.19594398813177497,0.0,262351.51701662707,6289.019258903432,19973285.205983486,399.8801749976983,312.05443831079936
0.014406943830607043,0.6166666666666667,0.005,264.387864351302,43.562792337010784,0.19605790750812213,0.0,262351.4859613204,6289.019258944783,19973274.752797518,399.8801280955878,312.054420010302
0.014406943830607043,0.6166666666666667,0.015,264.387864351302,43.56280192344156,0.19594398813177497,0.0,262351.51701662707,6289.019258903432,19973285.205983486,399.8801749976983,312.05443831079936
0.014406943830607043,0.65,-0.005,264.2852412240962,42.99043785121995,0.29987651194703385,0.0,262297.4824966931,6289.019314444297,19963299.25080702,399.83536821331296,312.03695488888064
0.014406943830607043,0.65,0.005,264.2852412240962,42.99042441502141,0.30004949442253814,0.0,262297.4365854784,6289.019314534333,19963283.780105557,399.83529878497137,312.0369277974689
0.014406943830607043,0.65,0.015,264.2852412240962,42.99043785121995,0.29987651194703385,0.0,262297.4824966931,6289.019314444297,19963299.25080702,399.83536821331296,312.03695488888064
0.014406943830607043,0.6833333333333333,-0.005,264.1294200732593,42.365703779511854,0.4640236504755197,0.0,262226.40447030944,6289.019435265199,19948138.811054952,399.76732765550463,312.01040387130337
0.014406943830607043,0.6833333333333333,0.005,264.1294200732593,42.36568527475861,0.46427261393164276,0.0,262226.33955316665,6289.019435445883,19948116.917662535,399.7672293711327,312.0103655168077
0.014406943830607043,0.6833333333333333,0.015,264.1294200732593,42.365703779511854,0.4640236504755197,0.0,262226.40447030944,6289.019435265199,19948138.811054952,399.76732765550463,312.01040387130337
0.014406943830607043,0.7166666666666667,-0.005,263.9051227954431,41.677245577543346,0.7058195756788963,0.0,262133.57815561444,6289.019674474164,19926320.341327608,399.6693660826437,311.972173004884
0.014406943830607043,0.7166666666666667,0.005,263.9051227954431,41.67722132385771,0.7061514577459848,0.0,262133.49254105685,6289.019674790035,19926291.44832642,399.66923630182583,311.97212235300714
0.014406943830607043,0.7166666666666667,0.015,263.9051227954431,41.677245577543346,0.7058195756788963,0.0,262133.57815561444,6289.019674474164,19926320.341327608,399.6693660826437,311.972173004884
0.014406943830607043,0.75,-0.005,263.6060324772116,40.910778932763925,1.0319476688800622,0.0,262016.7859249492,6289.020085281016,19897234.098434344,399.5386871802753,311.9211664509541
0.014406943830607043,0.75,0.005,263.6060324772116,40.91074953866667,1.032349420370708,0.0,262016.68280819996,6289.020085740936,19897199.2798276,399.5385306428693,311.9211053463144
0.014406943830607043,0.75,0.015,263.6060324772116,40.910778932763925,1.0319476688800622,0.0,262016.7859249492,6289.020085281016,19897234.098434344,399.5386871802753,311.9211664509541
0.014406943830607043,0.7833333333333333,-0.005,263.243848121641,40.04805080414786,1.4274848367347666,0.0,261878.83600586155,6289.020677355562,19862023.21982411,399.3803374721698,311.8593482564012
0.014406943830607043,0.7833333333333333,0.005,263.243848121641,40.048018709387236,1.4279181338852085,0.0,261878.72470922495,6289.020677891506,19861985.624358542,399.380168236261,311.859282181784
0.014406943830607043,0.7833333333333333,0.015,263.243848121641,40.04805080414786,1.4274848367347666,0.0,261878.83600586155,6289.020677355562,19862023.21982411,399.3803374721698,311.8593482564012
0.014406943830607043,0.8166666666666667,-0.005,262.8531249341081,39.06406161705734,1.8497970746763033,0.0,261728.83268786062,6289.021381087943,19824050.573557887,399.2093535492892,311.7925840242089
0.014406943830607043,0.8166666666666667,0.005,262.8531249341081,39.06403084153857,1.8502049489540793,0.0,261728.7269819782,6289.02138156834,19824014.85977288,399.2091925307119,311.7925211444155
0.014406943830607043,0.8166666666666667,0.015,262.8531249341081,39.06406161705734,1.8497970746763033,0.0,261728.83268786062,6289.021381087943,19824050.573557887,399.2093535492892,311.7925840242089
0.014406943830607043,0.85,-0.005,262.48533229167595,37.92006142953346,2.2348241561266713,0.0,261580.2640576023,6289.022081076426,19788317.816851746,399.04824040975467,311.72966096012385
0.014406943830607043,0.85,0.005,262.48533229167595,37.920036223301594,2.2351512979364405,0.0,261580.17719462595,6289.02208139437,19788288.47001412,399.04810787496547,311.7296091931642
0.014406943830607043,0.85,0.015,262.48533229167595,37.92006142953346,2.2348241561266713,0.0,261580.2640576023,6289.022081076426,19788317.816851746,399.04824040975467,311.72966096012385
0.014406943830607043,0.8833333333333333,-0.005,262.1904606934383,36.54696699867786,2.5174521338023554,0.0,261445.31750215733,6289.022723408088,19759678.955415025,398.91898742752204,311.6791717617602
0.014406943830607043,0.8833333333333333,0.005,262.1904606934383,36.54694992978669,2.5176693419213634,0.0,261445.2563039688,6289.0227235580305,19759658.28298628,398.9188939274752,311.6791352355233
0.014406943830607043,0.8833333333333333,0.015,262.1904606934383,36.54696699867786,2.5174521338023554,0.0,261445.31750215733,6289.022723408088,19759678.955415025,398.91898742752204,311.6791717617602
0.014406943830607043,0.9166666666666666,-0.005,261.9948162765434,34.80317712938548,2.654437717352207,0.0,261327.46258018538,6289.023412370538,19740688.24907818,398.83332256228977,311.64570458089895
0.014406943830607043,0.9166666666666666,0.005,261.9948162765434,34.80316787956758,2.6545530547191603,0.0,261327.42475965174,6289.023412421243,19740675.476676967,398.8332647305121,311.645681986215
0.014406943830607043,0.9166666666666666,0.015,261.9948162765434,34.80317712938548,2.654437717352207,0.0,261327.46258018538,6289.023412370538,19740688.24907818,398.83332256228977,311.64570458089895
0.014406943830607043,0.95,-0.005,261.8907735577581,32.331648088389954,2.6243553988504384,0.0,261214.92903159914,6289.024539922237,19730612.881659638,398.7882082819608,311.62807808318803
0.014406943830607043,0.95,0.005,261.8907735577581,32.33164421180228,2.6244020405494504,0.0,261214.90611214054,6289.024539937211,19730605.143997125,398.78817322544757,311.62806438594987
0.014406943830607043,0.95,0.015,261.8907735577581,32.331648088389954,2.6243553988504384,0.0,261214.92903159914,6289.024539922237,19730612.881659638,398.7882082819608,311.62807808318803
0.014406943830607043,0.9833333333333333,-0.005,261.84669945842677,27.656811970810764,2.336169943578681,0.0,261062.4497039314,6289.027397292176,19726417.003840514,398.7705451346508,311.6211766835406
0.014406943830607043,0.9833333333333333,0.005,261.84669945842677,27.656811013001864,2.336181105198809,0.0,261062.43294471328,6289.027397298613,19726411.346729573,398.77051949790365,311.62116666656027
0.014406943830607043,0.9833333333333333,0.015,261.84669945842677,27.656811970810764,2.336169943578681,0.0,261062.4497039314,6289.027397292176,19726417.003840514,398.7705451346508,311.6211766835406
0.014406943830607043,1.0166666666666666,-0.005,261.84669945818985,2.510215618876125e-11,2.1205017785026627e-12,0.0,261062.4497038632,6289.992599418491,19755564.8887416,399.3597711434282,311.85131846143094
0.014406943830607043,1.0166666666666666,0.005,261.846699457953,-27.656811970810576,-2.336169943578665,0.0,261062.44970379496,6289.027397292175,19726417.003794517,398.77054513444205,311.6211766834591
0.014406943830607043,1.0166666666666666,0.015,261.84669945818985,2.510215618876125e-11,2.1205017785026627e-12,0.0,261062.4497038632,6289.992599418491,19755564.8887416,399.3597711434282,311.85131846143094
0.015132202257090437,-0.016666666666666666,-0.005,264.6475799446428,49.87973834643119,0.0,0.0,262720.7639619527,6289.019198371184,19998567.515884396,399.99357651923754,312.09868273926196
0.015132202257090437,-0.016666666666666666,0.005,264.6475799446428,49.87973834643119,-0.0026413606866139507,0.0,262720.7639619527,6289.019198362464,19998567.515617598,399.9935765139012,312.09868273718007
0.015132202257090437,-0.016666666666666666,0.015,264.6475799446428,49.87973834643119,0.0,0.0,262720.7639619527,6289.019198371184,19998567.515884396,399.99357651923754,312.09868273926196
0.015132202257090437,0.016666666666666666,-0.005,264.6475799446428,49.87973834643119,0.0026413606866139507,0.0,262720.7639619527,6289.019198362464,19998567.515617598,399.9935765139012,312.09868273718007
0.015132202257090437,0.016666666666666666,0.005,264.6475799446428,49.87973829630981,0.0026418779487766024,0.0,262720.7626338884,6289.019198362519,19998567.063420523,399.99357448611977,312.0986819460825
0.015132202257090437,0.016666666666666666,0.015,264.6475799446428,49.87973834643119,0.0026413606866139507,0.0,262720.7639619527,6289.019198362464,19998567.515617598,399.9935765139012,312.09868273718007
0.015132202257090437,0.05,-0.005,264.64637008923864,49.633830524242576,0.007251895108535731,0.0,262708.1830648105,6289.019198618354,19998449.683580678,399.99304823461466,312.0984766397156
0.015132202257090437,0.05,0.005,264.64637008923864,49.63383036064177,0.0072534634829840615,0.0,262708.1817114079,6289.019198618447,19998449.22465173,399.99304617665393,312.0984758368436
0.015132202257090437,0.05,0.015,264.64637008923864,49.633830524242576,0.007251895108535731,0.0,262708.1830648105,6289.019198618354,19998449.683580678,399.99304823461466,312.0984766397156
0.015132202257090437,0.08333333333333333,-0.005,264.6442470975479,49.38037231520369,0.011241796704864077,0.0,262695.02908820845,6289.0191989198065,19998242.917221367,399.99212115798923,312.098114959217
0.015132202257090437,0.08333333333333333,0.005,264.6442470975479,49.380372025898474,0.011244414826037412,0.0,262695.02768423076,6289.019198919948,19998242.44313575,399.99211903206606,312.09811412983
0.015132202257090437,0.08333333333333333,0.015,264.6442470975479,49.38037231520369,0.011241796704864077,0.0,262695.02908820845,6289.0191989198065,19998242.917221367,399.99212115798923,312.098114959217
0.015132202257090437,0.11666666666666665,-0.005,264.64122205537586,49.118851221611266,0.014683477208495884,0.0,262681.28576151875,6289.01919927242,19997948.29877958,399.99080013033966,312.09759958584107
0.015132202257090437,0.11666666666666665,0.005,264.64122205537586,49.11885079390154,0.014687139402727284,0.0,262681.28427691286,6289.01919927262,19997947.799474176,399.99079789132225,312.0975987123311
0.015132202257090437,0.11666666666666665,0.015,264.64122205537586,49.118851221611266,0.014683477208495884,0.0,262681.28576151875,6289.01919927242,19997948.29877958,399.99080013033966,312.09759958584107
0.015132202257090437,0.15,-0.005,264.6373223805031,48.84869660311089,0.017680078630002496,0.0,262666.93936582166,6289.019199683655,19997568.502888337,399.9890971361396,312.09693519435075
0.015132202257090437,0.15,0.005,264.6373223805031,48.84869602397645,0.017684763030289836,0.0,262666.93776197213,6289.019199683921,19997567.965380833,399.9890947258038,312.09693425400206
0.015132202257090437,0.15,0.015,264.6373223805031,48.84869660311089,0.017680078630002496,0.0,262666.93936582166,6289.019199683655,19997568.502888337,399.9890971361396,312.09693519435075
0.015132202257090437,0.18333333333333332,-0.005,264.6325897066011,48.569270420407754,0.020366025865174553,0.0,262651.9778012308,6289.019200163314,19997107.589294232,399.98703036949786,312.0961288819131
0.015132202257090437,0.18333333333333332,0.005,264.6325897066011,48.56926967658837,0.02037169742359217,0.0,262651.9760305148,6289.019200163662,19997106.997529726,399.98702771583663,312.0961278466328
0.015132202257090437,0.18333333333333332,0.015,264.6325897066011,48.569270420407754,0.020366025865174553,0.0,262651.9778012308,6289.019200163314,19997107.589294232,399.98703036949786,312.0961288819131
0.015132202257090437,0.2166666666666667,-0.005,264.627067483272,48.27985640768942,0.02289661965955631,0.0,262636.38666979026,6289.019200724189,19996569.79420761,399.98461881507274,312.09518805398875
0.015132202257090437,0.2166666666666667,0.005,264.627067483272,48.27985548547884,0.02290324482746844,0.0,262636.3846774757,6289.019200724635,19996569.12970906,399.9846158352122,312.09518689144386
0.015132202257090437,0.2166666666666667,0.015,264.627067483272,48.27985640768942,0.02289661965955631,0.0,262636.38666979026,6289.019200724189,19996569.79420761,399.98461881507274,312.09518805398875
0.015132202257090437,0.25,-0.005,264.6207832478448,47.979647309378,0.025433212671076146,0.0,262620.14377858053,6289.01920138277,19995957.80324008,399.9818745035357,312.09411740295116
0.015132202257090437,0.25,0.005,264.6207832478448,47.97964619403207,0.02544078059006344,0.0,262620.1415054888,6289.019201383329,19995957.046025496,399.98187110784636,312.09411607817276
0.015132202257090437,0.25,0.015,264.6207832478448,47.979647309378,0.025433212671076146,0.0,262620.14377858053,6289.01920138277,19995957.80324008,399.9818745035357,312.09411740295116
0.015132202257090437,0.2833333333333333,-0.005,264.61373201301194,47.667729457176,0.028132951214668172,0.0,262603.2138778752,6289.019202160105,19995271.13387143,399.9787952571086,312.0929160778327
0.015132202257090437,0.2833333333333333,0.005,264.61373201301194,47.6677281319762,0.028141495075414996,0.0,262603.2112615806,6289.019202160805,19995270.262877207,399.9787913511024,312.09291455395584
0.015132202257090437,0.2833333333333333,0.015,264.61373201301194,47.667729457176,0.028132951214668172,0.0,262603.2138778752,6289.019202160105,19995271.13387143,399.9787952571086,312.0929160778327
0.015132202257090437,0.31666666666666665,-0.005,264.6058635335433,47.34306363318601,0.031149314862862286,0.0,262585.5443852115,6289.0192030835715,19994504.896505896,399.9753591319197,312.09157551597525
0.015132202257090437,0.31666666666666665,0.005,264.6058635335433,47.343062078195935,0.03115893218621349,0.0,262585.54135792656,6289.019203084443,19994503.888883814,399.9753546130951,312.0915737530078
0.015132202257090437,0.31666666666666665,0.015,264.6058635335433,47.34306363318601,0.031149314862862286,0.0,262585.5443852115,6289.0192030835715,19994504.896505896,399.9753591319197,312.09157551597525
0.015132202257090437,0.35,-0.005,264.5970703548812,47.0044608500799,0.03464651308249212,0.0,262567.0611628256,6289.019204189643,19993648.632402156,399.97151920389314,312.09007740860864
0.015132202257090437,0.35,0.005,264.5970703548812,47.00445904039953,0.03465739238409938,0.0,262567.05764427735,6289.019204190726,19993647.461115077,399.97151395094915,312.0900753592231
0.015132202257090437,0.35,0.015,264.5970703548812,47.0044608500799,0.03464651308249212,0.0,262567.0611628256,6289.019204189643,19993648.632402156,399.97151920389314,312.09007740860864
0.015132202257090437,0.38333333333333336,-0.005,264.5871674507493,46.65055119625065,0.0388320840589841,0.0,262547.66166157316,6289.019205529232,19992684.333649483,399.96719468483786,312.08839023455994
0.015132202257090437,0.38333333333333336,0.005,264.5871674507493,46.650549099065834,0.038844556549958054,0.0,262547.657543764,6289.0192055305915,19992682.962316655,399.96718853454894,312.08838783507093
0.015132202257090437,0.38333333333333336,0.015,264.5871674507493,46.65055119625065,0.0388320840589841,0.0,262547.66166157316,6289.019205529232,19992684.333649483,399.96719468483786,312.08839023455994
0.015132202257090437,0.4166666666666667,-0.005,264.57584649201607,46.27974295490041,0.04402080290503958,0.0,262527.2004964042,6289.019207178511,19991581.995067086,399.96225096650596,312.0864614740464
0.015132202257090437,0.4166666666666667,0.005,264.57584649201607,46.27974052369905,0.0440354541150062,0.0,262527.1956132484,6289.019207180248,19991580.36769245,399.96224366764136,312.08645862643164
0.015132202257090437,0.4166666666666667,0.015,264.57584649201607,46.27974295490041,0.04402080290503958,0.0,262527.2004964042,6289.019207178511,19991581.995067086,399.96225096650596,312.0864614740464
0.015132202257090437,0.45000000000000007,-0.005,264.5625744254894,45.890167442393526,0.05076131812944286,0.0,262505.4586414097,6289.019209263388,19990289.747695174,399.9564553563538,312.08420033813616
0.015132202257090437,0.45000000000000007,0.005,264.5625744254894,45.890164605137485,0.05077921908197111,0.0,262505.45270957326,6289.019209265685,19990287.768661976,399.9564464799248,312.0841968750176
0.015132202257090437,0.45000000000000007,0.015,264.5625744254894,45.890167442393526,0.05076131812944286,0.0,262505.4586414097,6289.019209263388,19990289.747695174,399.9564553563538,312.08420033813616
0.015132202257090437,0.48333333333333334,-0.005,264.54638385899335,45.47960199724371,0.06008578019914417,0.0,262482.08099334803,6289.019212020162,19988713.464636125,399.94938558015554,312.0814420688645
0.015132202257090437,0.48333333333333334,0.005,264.54638385899335,45.47959863300772,0.06010892749786682,0.0,262482.0735026972,6289.019212023412,19988710.961678203,399.9493743532768,312.0814376886846
0.015132202257090437,0.48333333333333334,0.015,264.54638385899335,45.47960199724371,0.06008578019914417,0.0,262482.08099334803,6289.019212020162,19988713.464636125,399.94938558015554,312.0814420688645
0.015132202257090437,0.5166666666666667,-0.005,264.52547555664347,45.045359061474436,0.0739763156381843,0.0,262456.4591417552,6289.0192159552735,19986678.083007958,399.94025624230613,312.0778802266882
0.015132202257090437,0.5166666666666667,0.005,264.52547555664347,45.045354958082925,0.07400838025530933,0.0,262456.44917088695,6289.019215960377,19986674.74488366,399.9402412685173,312.0778743845802
0.015132202257090437,0.5166666666666667,0.015,264.52547555664347,45.045359061474436,0.0739763156381843,0.0,262456.4591417552,6289.0192159552735,19986678.083007958,399.94025624230613,312.0778802266882
0.015132202257090437,0.55,-0.005,264.496543517507,44.58412411516276,0.09615422256761166,0.0,262427.53325566964,6289.0192222781025,19983861.92996634,399.9276241218719,312.0729516949444
0.015132202257090437,0.55,0.005,264.496543517507,44.58411890206729,0.09620163717423648,0.0,262427.519205082,6289.019222287294,19983857.21632801,399.92760297658293,312.0729434448606
0.015132202257090437,0.55,0.015,264.496543517507,44.58412411516276,0.09615422256761166,0.0,262427.53325566964,6289.0192222781025,19983861.92996634,399.9276241218719,312.0729516949444
0.015132202257090437,0.5833333333333334,-0.005,264.4537956674259,44.09172255368933,0.1332240135713997,0.0,262393.5049712275,6289.019234045783,19979701.439419746,399.90896047179484,312.0656697669503
0.015132202257090437,0.5833333333333334,0.005,264.4537956674259,44.09171561651233,0.1332971817015094,0.0,262393.4842674051,6289.019234064602,19979694.480832357,399.9089292531546,312.0656575863454
0.015132202257090437,0.5833333333333334,0.015,264.4537956674259,44.09172255368933,0.1332240135713997,0.0,262393.5049712275,6289.019234045783,19979701.439419746,399.90896047179484,312.0656697669503
0.015132202257090437,0.6166666666666667,-0.005,264.38786433477463,43.56280192293887,0.1959440001209885,0.0,262351.5170119007,6289.019258903439,19973285.20437862,399.88017499049806,312.0544383079899
0.015132202257090437,0.6166666666666667,0.005,264.38786433477463,43.56279233650776,0.19605791950516316,0.0,262351.4859565814,6289.019258944791,19973274.751188345,399.8801280883683,312.054420007485
0.015132202257090437,0.6166666666666667,0.015,264.38786433477463,43.56280192293887,0.1959440001209885,0.0,262351.5170119007,6289.019258903439,19973285.20437862,399.88017499049806,312.0544383079899
0.015132202257090437,0.65,-0.005,264.2852412001111,42.990437850399665,0.299876530099323,0.0,262297.48248983093,6289.019314444308,19963299.248478286,399.8353682028612,312.0369548848023
0.015132202257090437,0.65,0.005,264.2852412001111,42.99042441420066,0.30004951258526263,0.0,262297.4365785979,6289.019314534344,19963283.777770553,399.8352987744915,312.0369277933795
0.015132202257090437,0.65,0.015,264.2852412001111,42.990437850399665,0.299876530099323,0.0,262297.48248983093,6289.019314444308,19963299.248478286,399.8353682028612,312.0369548848023
0.015132202257090437,0.6833333333333333,-0.005,264.1294200393054,42.36570377827135,0.46402367652564763,0.0,262226.4044605957,6289.019435265223,19948138.807758942,399.767327640707,312.0104038655287
0.015132202257090437,0.6833333333333333,0.005,264.1294200393054,42.36568527351757,0.4642726399940849,0.0,262226.33954342746,6289.019435445907,19948116.91435786,399.76722935629607,312.0103655110179
0.015132202257090437,0.6833333333333333,0.015,264.1294200393054,42.36570377827135,0.46402367652564763,0.0,262226.4044605957,6289.019435265223,19948138.807758942,399.767327640707,312.0104038655287
0.015132202257090437,0.7166666666666667,-0.005,263.9051227497051,41.67724557584208,0.7058196102973768,0.0,262133.5781425275,6289.019674474197,19926320.33688816,399.669366062695,311.9721729970983
0.015132202257090437,0.7166666666666667,0.005,263.9051227497051,41.67722132215591,0.7061514923767999,0.0,262133.49252793743,6289.019674790068,19926291.44387589,399.66923628182747,311.972122345202
0.015132202257090437,0.7166666666666667,0.015,263.9051227497051,41.67724557584208,0.7058196102973768,0.0,262133.5781425275,6289.019674474197,19926320.33688816,399.669366062695,311.9721729970983
0.015132202257090437,0.75,-0.005,263.60603241966237,40.910778930697504,1.0319477106403399,0.0,262016.78590848786,6289.0200852810685,19897234.092849586,399.53868715515705,311.9211664411491
0.015132202257090437,0.75,0.005,263.60603241966237,40.910749536599916,1.032349462140686,0.0,262016.68279170056,6289.020085740988,19897199.27422993,399.5385306176928,311.9211053364866
0.015132202257090437,0.75,0.015,263.60603241966237,40.910778930697504,1.0319477106403399,0.0,262016.78590848786,6289.0200852810685,19897234.092849586,399.53868715515705,311.9211664411491
0.015132202257090437,0.7833333333333333,-0.005,263.2438480548565,40.04805080199273,1.4274848815942707,0.0,261878.83598675788,6289.020677355613,19862023.213343896,399.38033744298,311.85934824500464
0.015132202257090437,0.7833333333333333,0.005,263.2438480548565,40.048018707232124,1.4279181787494242,0.0,261878.7246900817,6289.020677891558,19861985.617864914,399.3801682070106,311.8592821703638
0.015132202257090437,0.7833333333333333,0.015,263.2438480548565,40.04805080199273,1.4274848815942707,0.0,261878.83598675788,6289.020677355613,19862023.213343896,399.38033744298,311.85934824500464
0.015132202257090437,0.8166666666666667,-0.005,262.8531248629966,39.06406161523326,1.8497971167128457,0.0,261728.83266752004,6289.021381087994,19824050.5666586,399.2093535181633,311.79258401205385
0.015132202257090437,0.8166666666666667,0.005,262.8531248629966,39.064030839714896,1.850204990989696,0.0,261728.72696160132,6289.02138156839,19824014.85286133,399.20919249953045,311.79252113223873
0.015132202257090437,0.8166666666666667,0.015,262.8531248629966,39.06406161523326,1.8497971167128457,0.0,261728.83266752004,6289.021381087994,19824050.5666586,399.2093535181633,311.79258401205385
0.015132202257090437,0.85,-0.005,262.48533222183454,37.92006142845382,2.2348241896777385,0.0,261580.2640376134,6289.022081076445,19788317.81007515,399.0482403791246,311.72966094816
0.015132202257090437,0.85,0.005,262.48533222183454,37.92003622222265,2.2351513314826588,0.0,261580.17717460843,6289.022081394388,19788288.463227823,399.04810784429156,311.7296091811832
0.015132202257090437,0.85,0.015,262.48533222183454,37.92006142845382,2.2348241896777385,0.0,261580.2640376134,6289.022081076445,19788317.81007515,399.0482403791246,311.72966094816
0.015132202257090437,0.8833333333333333,-0.005,262.19046062877874,36.54696699855537,2.5174521559788468,0.0,261445.31748364362,6289.022723408089,19759678.94914044,398.91898739912216,311.67917175066566
0.015132202257090437,0.8833333333333333,0.005,262.19046062877874,36.54694992966492,2.51766936409221,0.0,261445.2562854355,6289.022723558033,19759658.276705075,398.9188938990453,311.679135224417
0.015132202257090437,0.8833333333333333,0.015,262.19046062877874,36.54696699855537,2.5174521559788468,0.0,261445.31748364362,6289.022723408089,19759678.94914044,398.91898739912216,311.67917175066566
0.015132202257090437,0.9166666666666667,-0.005,261.99481621784355,34.80317713012293,2.654437729114001,0.0,261327.46256337114,6289.023412370534,19740688.243381005,398.8333225364812,311.64570457081567
0.015132202257090437,0.9166666666666667,0.005,261.99481621784355,34.80316788030554,2.65455306647701,0.0,261327.42474282547,6289.023412421238,19740675.47097574,398.8332647046851,311.6456819761245
0.015132202257090437,0.9166666666666667,0.015,261.99481621784355,34.80317713012293,2.654437729114001,0.0,261327.46256337114,6289.023412370534,19740688.243381005,398.8333225364812,311.64570457081567
0.015132202257090437,0.9499999999999998,-0.005,261.8907735032421,32.33164808968857,2.624355403667848,0.0,261214.9290159702,6289.024539922216,19730612.876367364,398.78820825796896,311.6280780738139
0.015132202257090437,0.9499999999999998,0.005,261.8907735032421,32.331644213101214,2.6244020453651538,0.0,261214.90609650416,6289.02453993719,19730605.138702344,398.78817320144424,311.62806437657133
0.015132202257090437,0.9499999999999998,0.015,261.8907735032421,32.33164808968857,2.624355403667848,0.0,261214.9290159702,6289.024539922216,19730612.876367364,398.78820825796896,311.6280780738139
0.015132202257090437,0.9833333333333333,-0.005,261.84669940572235,27.65681197173352,2.336169944776606,0.0,261062.44968877488,6289.027397292109,19726416.99872238,398.77054511142177,311.62117667446444
0.015132202257090437,0.9833333333333333,0.005,261.84669940572235,27.656811013924827,2.3361811063963738,0.0,261062.43292955114,6289.027397298546,19726411.341609534,398.77051947466606,311.6211666574807
0.015132202257090437,0.9833333333333333,0.015,261.84669940572235,27.65681197173352,2.336169944776606,0.0,261062.44968877488,6289.027397292109,19726416.99872238,398.77054511142177,311.62117667446444
0.015132202257090437,1.0166666666666668,-0.005,261.84669940547883,2.562316400190331e-11,2.1641361828569717e-12,0.0,261062.4496887047,6289.9925994185505,19755564.883619092,399.35977112023954,311.85131845237714
0.015132202257090437,1.0166666666666668,0.005,261.8466994052353,-27.656811971733703,-2.3361699447766218,0.0,261062.44968863452,6289.027397292107,19726416.998675074,398.77054511120707,311.62117667438054
0.015132202257090437,1.0166666666666668,0.015,261.84669940547883,2.562316400190331e-11,2.1641361828569717e-12,0.0,261062.4496887047,6289.9925994185505,19755564.883619092,399.35977112023954,311.85131845237714
0.015857460683573833,-0.016666666666666666,-0.005,264.64757994384996,49.87973834643722,2.0975498914164267e-19,0.0,262720.7639617289,6289.019198371188,19998567.51580748,399.9935765188947,312.0986827391282
0.015857460683573833,-0.016666666666666666,0.005,264.64757994384996,49.87973834643722,-0.00264136074438908,0.0,262720.7639617289,6289.019198362467,19998567.515540674,399.99357651355837,312.0986827370463
0.015857460683573833,-0.016666666666666666,0.015,264.64757994384996,49.87973834643722,2.0975498914164267e-19,0.0,262720.7639617289,6289.019198371188,19998567.51580748,399.9935765188947,312.0986827391282
0.015857460683573833,0.016666666666666666,-0.005,264.64757994384996,49.87973834643722,0.0026413607443890805,0.0,262720.7639617289,6289.019198362467,19998567.515540674,399.99357651355837,312.0986827370463
0.015857460683573833,0.016666666666666666,0.005,264.64757994384996,49.879738296315836,0.002641878006564912,0.0,262720.762633664,6289.019198362523,19998567.06334342,399.993574485776,312.0986819459484
0.015857460683573833,0.016666666666666666,0.015,264.64757994384996,49.87973834643722,0.0026413607443890805,0.0,262720.7639617289,6289.019198362467,19998567.515540674,399.99357651355837,312.0986827370463
0.015857460683573833,0.05,-0.005,264.6463700884231,49.63383052424809,0.007251895281660673,0.0,262708.1830645792,6289.019198618355,19998449.68350147,399.99304823426036,312.09847663957737
0.015857460683573833,0.05,0.005,264.6463700884231,49.63383036064728,0.007253463656148335,0.0,262708.1817111761,6289.01919861845,19998449.224572357,399.993046176299,312.0984758367051
0.015857460683573833,0.05,0.015,264.6463700884231,49.63383052424809,0.007251895281660673,0.0,262708.1830645792,6289.019198618355,19998449.68350147,399.99304823426036,312.09847663957737
0.015857460683573833,0.08333333333333333,-0.005,264.6442470966859,49.380372315208625,0.0112417969935166,0.0,262695.0290879621,6289.019198919805,19998242.917137515,399.9921211576121,312.0981149590699
0.015857460683573833,0.08333333333333333,0.005,264.6442470966859,49.38037202590341,0.011244415114757359,0.0,262695.0276839839,6289.019198919946,19998242.44305171,399.9921190316881,312.09811412968253
0.015857460683573833,0.08333333333333333,0.015,264.6442470966859,49.380372315208625,0.0112417969935166,0.0,262695.0290879621,6289.019198919805,19998242.917137515,399.9921211576121,312.0981149590699
0.015857460683573833,0.11666666666666665,-0.005,264.6412220544388,49.11885122161585,0.014683477611930774,0.0,262681.28576125106,6289.019199272418,19997948.29868843,399.99080012992977,312.09759958568117
0.015857460683573833,0.11666666666666665,0.005,264.6412220544388,49.11885079390612,0.014687139806260338,0.0,262681.28427664464,6289.019199272618,19997947.799382836,399.9907978909116,312.0975987121709
0.015857460683573833,0.11666666666666665,0.015,264.6412220544388,49.11885122161585,0.014683477611930774,0.0,262681.28576125106,6289.019199272418,19997948.29868843,399.99080012992977,312.09759958568117
0.015857460683573833,0.15,-0.005,264.637322379462,48.84869660311428,0.017680079145034364,0.0,262666.93936552235,6289.0191996836475,19997568.502786916,399.9890971356815,312.096935194172
0.015857460683573833,0.15,0.005,264.637322379462,48.84869602397984,0.01768476354545353,0.0,262666.93776167225,6289.019199683915,19997567.96527921,399.9890947253448,312.096934253823
0.015857460683573833,0.15,0.015,264.637322379462,48.84869660311428,0.017680079145034364,0.0,262666.93936552235,6289.0191996836475,19997568.502786916,399.9890971356815,312.096935194172
0.015857460683573833,0.18333333333333332,-0.005,264.63258970542284,48.56927042040981,0.020366026487410763,0.0,262651.9778008922,6289.019200163307,19997107.589179467,399.98703036897973,312.09612888171097
0.015857460683573833,0.18333333333333332,0.005,264.63258970542284,48.56926967659041,0.02037169804599789,0.0,262651.9760301755,6289.019200163655,19997106.997414738,399.9870277153175,312.09612784643025
0.015857460683573833,0.18333333333333332,0.015,264.63258970542284,48.56927042040981,0.020366026487410763,0.0,262651.9778008922,6289.019200163307,19997107.589179467,399.98703036897973,312.09612888171097
0.015857460683573833,0.21666666666666667,-0.005,264.627067481915,48.27985640769048,0.02289662038542913,0.0,262636.3866694078,6289.019200724199,19996569.794076003,399.98461881448753,312.0951880537604
0.015857460683573833,0.21666666666666667,0.005,264.627067481915,48.27985548547989,0.022903245553551776,0.0,262636.3846770924,6289.019200724645,19996569.1295772,399.98461583462574,312.09518689121506
0.015857460683573833,0.21666666666666667,0.015,264.627067481915,48.27985640769048,0.02289662038542913,0.0,262636.3866694078,6289.019200724199,19996569.794076003,399.98461881448753,312.0951880537604
0.015857460683573833,0.25,-0.005,264.6207832462818,47.97964730937691,0.025433213498988277,0.0,262620.1437781346,6289.019201382769,19995957.803088088,399.9818745028536,312.094117402685
0.015857460683573833,0.25,0.005,264.6207832462818,47.97964619403096,0.025440781418228583,0.0,262620.141505042,6289.019201383329,19995957.04587322,399.9818711071629,312.09411607790616
0.015857460683573833,0.25,0.015,264.6207832462818,47.97964730937691,0.025433213498988277,0.0,262620.1437781346,6289.019201382769,19995957.803088088,399.9818745028536,312.094117402685
0.015857460683573833,0.2833333333333333,-0.005,264.6137320111991,47.66772945717302,0.028132952147543966,0.0,262603.21387736173,6289.019202160113,19995271.13369544,399.97879525632334,312.0929160775263
0.015857460683573833,0.2833333333333333,0.005,264.6137320111991,47.66772813197322,0.028141496008589787,0.0,262603.21126106614,6289.019202160814,19995270.26270089,399.9787913503156,312.0929145536489
0.015857460683573833,0.2833333333333333,0.015,264.6137320111991,47.66772945717302,0.028132952147543966,0.0,262603.21387736173,6289.019202160113,19995271.13369544,399.97879525632334,312.0929160775263
0.015857460683573833,0.31666666666666665,-0.005,264.60586353144623,47.34306363318022,0.0311493159101965,0.0,262585.54438461276,6289.019203083569,19994504.896301966,399.9753591310041,312.0915755156181
0.015857460683573833,0.31666666666666665,0.005,264.60586353144623,47.34306207819015,0.03115893323389949,0.0,262585.5413573267,6289.01920308444,19994503.8886795,399.97535461217785,312.09157375264994
0.015857460683573833,0.31666666666666665,0.015,264.60586353144623,47.34306363318022,0.0311493159101965,0.0,262585.54438461276,6289.019203083569,19994504.896301966,399.9753591310041,312.0915755156181
0.015857460683573833,0.35,-0.005,264.59707035244907,47.00446085007077,0.034646514263769086,0.0,262567.0611621328,6289.019204189645,19993648.632165764,399.9715192028339,312.0900774081953
0.015857460683573833,0.35,0.005,264.59707035244907,47.0044590403904,0.03465739356579425,0.0,262567.0576435832,6289.0192041907285,19993647.460878246,399.9715139498879,312.09007535880903
0.015857460683573833,0.35,0.015,264.59707035244907,47.00446085007077,0.034646514263769086,0.0,262567.0611621328,6289.019204189645,19993648.632165764,399.9715192028339,312.0900774081953
0.015857460683573833,0.38333333333333336,-0.005,264.5871674479228,46.650551196236655,0.03883208540923215,0.0,262547.66166076803,6289.019205529235,19992684.333374787,399.96719468360715,312.0883902340797
0.015857460683573833,0.38333333333333336,0.005,264.5871674479228,46.65054909905184,0.03884455790071781,0.0,262547.6575429573,6289.019205530593,19992682.96204144,399.96718853331583,312.0883878345898
0.015857460683573833,0.38333333333333336,0.015,264.5871674479228,46.650551196236655,0.03883208540923215,0.0,262547.66166076803,6289.019205529235,19992684.333374787,399.96719468360715,312.0883902340797
0.015857460683573833,0.4166666666666667,-0.005,264.5758464887072,46.27974295487906,0.04402080448565084,0.0,262527.20049546234,6289.019207178517,19991581.994745597,399.9622509650666,312.08646147348486
0.015857460683573833,0.4166666666666667,0.005,264.5758464887072,46.27974052367769,0.04403545569627935,0.0,262527.19561230467,6289.019207180253,19991580.367370334,399.9622436661991,312.08645862586894
0.015857460683573833,0.4166666666666667,0.015,264.5758464887072,46.27974295487906,0.04402080448565084,0.0,262527.20049546234,6289.019207178517,19991581.994745597,399.9622509650666,312.08646147348486
0.015857460683573833,0.45,-0.005,264.56257442156084,45.89016744236029,0.050761320052716684,0.0,262505.4586402867,6289.019209263382,19990289.74731317,399.956455354638,312.08420033746677
0.015857460683573833,0.45,0.005,264.56257442156084,45.89016460510422,0.05077922100616646,0.0,262505.452708448,6289.019209265681,19990287.768279206,399.95644647820563,312.08419687434684
0.015857460683573833,0.45,0.015,264.56257442156084,45.89016744236029,0.050761320052716684,0.0,262505.4586402867,6289.019209263382,19990289.74731317,399.956455354638,312.08420033746677
0.015857460683573833,0.48333333333333334,-0.005,264.54638385419577,45.47960199718919,0.06008578267466832,0.0,262482.0809919771,6289.01921202016,19988713.464169756,399.94938557806194,312.0814420680477
0.015857460683573833,0.48333333333333334,0.005,264.54638385419577,45.47959863295316,0.06010892997477045,0.0,262482.0735013234,6289.019212023409,19988710.961210847,399.9493743511788,312.081437687866
0.015857460683573833,0.48333333333333334,0.015,264.54638385419577,45.47960199718919,0.06008578267466832,0.0,262482.0809919771,6289.01921202016,19988713.464169756,399.94938557806194,312.0814420680477
0.015857460683573833,0.5166666666666667,-0.005,264.52547555054576,45.04535906138077,0.07397631905129945,0.0,262456.4591400102,6289.019215955265,19986678.082415175,399.9402562396428,312.07788022564904
0.015857460683573833,0.5166666666666667,0.005,264.52547555054576,45.04535495798919,0.0740083836705941,0.0,262456.449169138,6289.0192159603685,19986674.744289536,399.9402412658479,312.0778743835387
0.015857460683573833,0.5166666666666667,0.015,264.52547555054576,45.04535906138077,0.07397631905129945,0.0,262456.4591400102,6289.019215955265,19986678.082415175,399.9402562396428,312.07788022564904
0.015857460683573833,0.55,-0.005,264.4965435093521,44.58412411499808,0.09615422759278762,0.0,262427.53325334203,6289.019222278111,19983861.9291743,399.92762411832166,312.0729516935592
0.015857460683573833,0.55,0.005,264.4965435093521,44.58411890190248,0.09620164220286923,0.0,262427.51920274866,6289.019222287301,19983857.215534035,399.92760297302397,312.072943443472
0.015857460683573833,0.55,0.015,264.4965435093521,44.58412411499808,0.09615422759278762,0.0,262427.53325334203,6289.019222278111,19983861.9291743,399.92762411832166,312.0729516935592
0.015857460683573833,0.5833333333333334,-0.005,264.45379565599836,44.09172255339718,0.1332240212968953,0.0,262393.50496795593,6289.019234045775,19979701.43830949,399.9089604668083,312.06566976500466
0.015857460683573833,0.5833333333333334,0.005,264.45379565599836,44.09171561621997,0.13329718943236743,0.0,262393.4842641251,6289.019234064594,19979694.479719225,399.9089292481552,312.0656575843948
0.015857460683573833,0.5833333333333334,0.015,264.45379565599836,44.09172255339718,0.1332240212968953,0.0,262393.50496795593,6289.019234045775,19979701.43830949,399.9089604668083,312.06566976500466
0.015857460683573833,0.6166666666666667,-0.005,264.38786431824695,43.56280192243607,0.19594401211067214,0.0,262351.51700717345,6289.019258903445,19973285.20277366,399.88017498329646,312.05443830517993
0.015857460683573833,0.6166666666666667,0.005,264.38786431824695,43.562792336004634,0.19605793150267486,0.0,262351.4859518415,6289.019258944797,19973274.749579087,399.88012808114735,312.0544200046676
0.015857460683573833,0.6166666666666667,0.015,264.38786431824695,43.56280192243607,0.19594401211067214,0.0,262351.51700717345,6289.019258903445,19973285.20277366,399.88017498329646,312.05443830517993
0.015857460683573833,0.65,-0.005,264.2852411761287,42.99043784957885,0.29987654825195187,0.0,262297.48248296353,6289.019314444306,19963299.246149354,399.83536819240146,312.0369548807208
0.015857460683573833,0.65,0.005,264.2852411761287,42.990424413379394,0.3000495307483269,0.0,262297.436571712,6289.019314534339,19963283.775435347,399.83529876400354,312.03692778928706
0.015857460683573833,0.65,0.015,264.2852411761287,42.99043784957885,0.29987654825195187,0.0,262297.48248296353,6289.019314444306,19963299.246149354,399.83536819240146,312.0369548807208
0.015857460683573833,0.6833333333333333,-0.005,264.12942000535264,42.36570377703096,0.46402370257603176,0.0,262226.4044508795,6289.019435265242,19948138.804462828,399.7673276259055,312.0104038597526
0.015857460683573833,0.6833333333333333,0.005,264.12942000535264,42.365685272276615,0.4642726660567823,0.0,262226.33953368576,6289.019435445926,19948116.911053084,399.7672293414557,312.0103655052265
0.015857460683573833,0.6833333333333333,0.015,264.12942000535264,42.36570377703096,0.46402370257603176,0.0,262226.4044508795,6289.019435265242,19948138.804462828,399.7673276259055,312.0104038597526
0.015857460683573833,0.7166666666666667,-0.005,263.9051227039675,41.67724557414116,0.7058196449160555,0.0,262133.57812943964,6289.019674474226,19926320.332448673,399.669366042745,311.97217298931207
0.015857460683573833,0.7166666666666667,0.005,263.9051227039675,41.677221320454464,0.7061515270078121,0.0,262133.49251481693,6289.019674790097,19926291.439425312,399.6692362618275,311.97212233739623
0.015857460683573833,0.7166666666666667,0.015,263.9051227039675,41.67724557414116,0.7058196449160555,0.0,262133.57812943964,6289.019674474226,19926320.332448673,399.669366042745,311.97217298931207
0.015857460683573833,0.75,-0.005,263.60603236211455,40.910778928631316,1.0319477524005307,0.0,262016.78589202528,6289.020085281116,19897234.087264843,399.5386871300368,311.9211664313434
0.015857460683573833,0.75,0.005,263.60603236211455,40.91074953453341,1.0323495039105768,0.0,262016.68277520008,6289.020085741036,19897199.268632285,399.5385305925146,311.9211053266583
0.015857460683573833,0.75,0.015,263.60603236211455,40.910778928631316,1.0319477524005307,0.0,262016.78589202528,6289.020085281116,19897234.087264843,399.5386871300368,311.9211664313434
0.015857460683573833,0.7833333333333333,-0.005,263.2438479880729,40.04805079983738,1.4274849264538207,0.0,261878.8359676538,6289.020677355664,19862023.206863724,399.38033741378973,311.85934823360793
0.015857460683573833,0.7833333333333333,0.005,263.2438479880729,40.04801870507678,1.4279182236136858,0.0,261878.72467093804,6289.020677891608,19861985.611371323,399.38016817775974,311.8592821589434
0.015857460683573833,0.7833333333333333,0.015,263.2438479880729,40.04805079983738,1.4274849264538207,0.0,261878.8359676538,6289.020677355664,19862023.206863724,399.38033741378973,311.85934823360793
0.015857460683573833,0.8166666666666667,-0.005,262.85312479188804,39.06406161340908,1.8497971587491238,0.0,261728.83264717646,6289.021381088036,19824050.559759315,399.2093534870328,311.792583999897
0.015857460683573833,0.8166666666666667,0.005,262.85312479188804,39.06403083789114,1.8502050330250486,0.0,261728.72694122163,6289.021381568432,19824014.84594979,399.20919246834467,311.79252112006026
0.015857460683573833,0.8166666666666667,0.015,262.85312479188804,39.06406161340908,1.8497971587491238,0.0,261728.83264717646,6289.021381088036,19824050.559759315,399.2093534870328,311.792583999897
0.015857460683573833,0.85,-0.005,262.4853321519903,37.92006142737452,2.2348242232282804,0.0,261580.26401762897,6289.022081076478,19788317.803298667,399.0482403485014,311.72966093619885
0.015857460683573833,0.85,0.005,262.4853321519903,37.92003622114403,2.2351513650283517,0.0,261580.17715459532,6289.02208139442,19788288.456441652,399.0481078136244,311.72960916920493
0.015857460683573833,0.85,0.015,262.4853321519903,37.92006142737452,2.2348242232282804,0.0,261580.26401762897,6289.022081076478,19788317.803298667,399.0482403485014,311.72966093619885
0.015857460683573833,0.8833333333333334,-0.005,262.1904605641172,36.546966998433035,2.5174521781550667,0.0,261445.3174651324,6289.0227234081,19759678.94286589,398.9189873707261,311.67917173957255
0.015857460683573833,0.8833333333333334,0.005,262.1904605641172,36.54694992954329,2.517669386262785,0.0,261445.2562669047,6289.022723558043,19759658.270423908,398.91889387061923,311.67913521331224
0.015857460683573833,0.8833333333333334,0.015,262.1904605641172,36.546966998433035,2.5174521781550667,0.0,261445.3174651324,6289.0227234081,19759678.94286589,398.9189873707261,311.67917173957255
0.015857460683573833,0.9166666666666666,-0.005,261.9948161591452,34.803177130860234,2.654437740875596,0.0,261327.4625465555,6289.023412370526,19740688.237683833,398.8333225106705,311.64570456073153
0.015857460683573833,0.9166666666666666,0.005,261.9948161591452,34.80316788104335,2.654553078234661,0.0,261327.42472599784,6289.02341242123,19740675.465274528,398.83326467885604,311.6456819660332
0.015857460683573833,0.9166666666666666,0.015,261.9948161591452,34.803177130860234,2.654437740875596,0.0,261327.4625465555,6289.023412370526,19740688.237683833,398.8333225106705,311.64570456073153
0.015857460683573833,0.95,-0.005,261.8907734487299,32.33164809098658,2.6243554084852185,0.0,261214.92900033743,6289.024539922182,19730612.871075086,398.78820823397115,311.62807806443755
0.015857460683573833,0.95,0.005,261.8907734487299,32.33164421439954,2.624402050180817,0.0,261214.90608086396,6289.024539937157,19730605.13340756,398.78817317743517,311.6280643671905
0.015857460683573833,0.95,0.015,261.8907734487299,32.33164809098658,2.6243554084852185,0.0,261214.92900033743,6289.024539922182,19730612.871075086,398.78820823397115,311.62807806443755
0.015857460683573833,0.9833333333333333,-0.005,261.8466993530154,27.656811972656193,2.336169945974602,0.0,261062.44967362087,6289.027397292048,19726416.99360424,398.7705450881966,311.6211766653897
0.015857460683573833,0.9833333333333333,0.005,261.8466993530154,27.656811014847698,2.33618110759401,0.0,261062.4329143915,6289.027397298487,19726411.33648949,398.77051945143234,311.62116664840266
0.015857460683573833,0.9833333333333333,0.015,261.8466993530154,27.656811972656193,2.336169945974602,0.0,261062.44967362087,6289.027397292048,19726416.99360424,398.7705450881966,311.6211766653897
0.015857460683573833,1.0166666666666666,-0.005,261.8466993527652,2.6512350666380195e-11,2.2396823154808436e-12,0.0,261062.44967354872,6289.992599418618,19755564.87849658,399.3597710970547,311.8513184433249
0.015857460683573833,1.0166666666666666,0.005,261.846699352515,-27.65681197265601,-2.336169945974586,0.0,261062.44967347666,6289.027397292048,19726416.99355564,398.770545087976,311.62117666530355
0.015857460683573833,1.0166666666666666,0.015,261.8466993527652,2.6512350666380195e-11,2.2396823154808436e-12,0.0,261062.44967354872,6289.992599418618,19755564.87849658,399.3597710970547,311.8513184433249
0.016582719110057226,-0.016666666666666666,-0.005,264.64757994305717,49.87973834644287,-2.0975498914226959e-19,0.0,262720.7639615053,6289.019198371194,19998567.515730586,399.99357651855223,312.09868273899457
0.016582719110057226,-0.016666666666666666,0.005,264.6475799430571,49.87973834644286,-0.0026413608023291187,0.0,262720.7639615053,6289.019198362473,19998567.515463788,399.9935765132159,312.09868273691274
0.016582719110057226,-0.016666666666666666,0.015,264.64757994305717,49.87973834644287,-2.0975498914226959e-19,0.0,262720.7639615053,6289.019198371194,19998567.515730586,399.99357651855223,312.09868273899457
0.016582719110057226,0.016666666666666666,-0.005,264.64757994305717,49.87973834644286,0.0026413608023291187,0.0,262720.7639615053,6289.019198362473,19998567.515463784,399.9935765132159,312.09868273691274
0.016582719110057226,0.016666666666666666,0.005,264.64757994305717,49.879738296321484,0.0026418780645182443,0.0,262720.76263343997,6289.019198362527,19998567.063266356,399.9935744854329,312.0986819458145
0.016582719110057226,0.016666666666666666,0.015,264.64757994305717,49.87973834644286,0.0026413608023291187,0.0,262720.7639615053,6289.019198362473,19998567.515463784,399.9935765132159,312.09868273691274
0.016582719110057226,0.05,-0.005,264.6463700876089,49.633830524253845,0.007251895455037273,0.0,262708.1830643462,6289.019198618352,19998449.683422238,399.99304823390344,312.0984766394381
0.016582719110057226,0.05,0.005,264.6463700876089,49.633830360653036,0.007253463829564617,0.0,262708.18171094253,6289.019198618446,19998449.224492945,399.99304617594123,312.09847583656557
0.016582719110057226,0.05,0.015,264.6463700876089,49.633830524253845,0.007251895455037273,0.0,262708.1830643462,6289.019198618352,19998449.683422238,399.99304823390344,312.0984766394381
0.016582719110057226,0.08333333333333333,-0.005,264.64424709582323,49.38037231521402,0.011241797282315476,0.0,262695.02908771596,6289.019198919802,19998242.91705361,399.99212115723503,312.0981149589228
0.016582719110057226,0.08333333333333333,0.005,264.64424709582323,49.380372025908805,0.011244415403623384,0.0,262695.02768373716,6289.019198919944,19998242.442967627,399.9921190313102,312.0981141295351
0.016582719110057226,0.08333333333333333,0.015,264.64424709582323,49.38037231521402,0.011241797282315476,0.0,262695.02908771596,6289.019198919802,19998242.91705361,399.99212115723503,312.0981149589228
0.016582719110057226,0.11666666666666668,-0.005,264.64122205350003,49.11885122162067,0.014683478015115735,0.0,262681.2857609847,6289.01919927242,19997948.298597246,399.9908001295219,312.09759958552206
0.016582719110057226,0.11666666666666668,0.005,264.64122205350003,49.118850793910944,0.014687140209542782,0.0,262681.2842763777,6289.01919927262,19997947.79929146,399.9907978905029,312.09759871201146
0.016582719110057226,0.11666666666666668,0.015,264.64122205350003,49.11885122162067,0.014683478015115735,0.0,262681.2857609847,6289.01919927242,19997948.298597246,399.9908001295219,312.09759958552206
0.016582719110057226,0.15,-0.005,264.6373223784196,48.8486966031179,0.01768007966012029,0.0,262666.9393652258,6289.0191996836475,19997568.50268561,399.98909713522755,312.0969351939949
0.016582719110057226,0.15,0.005,264.6373223784196,48.848696023983464,0.01768476406067142,0.0,262666.9377613751,6289.019199683916,19997567.9651777,399.98909472488987,312.09693425364554
0.016582719110057226,0.15,0.015,264.6373223784196,48.8486966031179,0.01768007966012029,0.0,262666.9393652258,6289.0191996836475,19997568.50268561,399.98909713522755,312.0969351939949
0.016582719110057226,0.18333333333333332,-0.005,264.6325897042412,48.56927042041238,0.020366027110425514,0.0,262651.97780055675,6289.019200163309,19997107.589064684,399.9870303684664,312.09612888151065
0.016582719110057226,0.18333333333333332,0.005,264.6325897042412,48.56926967659299,0.020371698669182325,0.0,262651.9760298394,6289.019200163659,19997106.99729973,399.98702771480316,312.0961278462296
0.016582719110057226,0.18333333333333332,0.015,264.6325897042412,48.56927042041238,0.020366027110425514,0.0,262651.97780055675,6289.019200163309,19997107.589064684,399.9870303684664,312.09612888151065
0.016582719110057226,0.21666666666666667,-0.005,264.6270674805611,48.27985640769146,0.022896621111817325,0.0,262636.386669022,6289.019200724199,19996569.79394438,399.98461881389727,312.0951880535302
0.016582719110057226,0.21666666666666667,0.005,264.6270674805611,48.27985548548088,0.022903246280149933,0.0,262636.38467670593,6289.019200724645,19996569.129445333,399.98461583403446,312.0951868909844
0.016582719110057226,0.21666666666666667,0.015,264.6270674805611,48.27985640769146,0.022896621111817325,0.0,262636.386669022,6289.019200724199,19996569.79394438,399.98461881389727,312.0951880535302
0.016582719110057226,0.25,-0.005,264.6207832447185,47.97964730937659,0.025433214326979852,0.0,262620.1437776892,6289.019201382769,19995957.802936118,399.9818745021722,312.0941174024192
0.016582719110057226,0.25,0.005,264.6207832447185,47.97964619403064,0.025440782246473077,0.0,262620.1415045958,6289.019201383329,19995957.04572097,399.98187110648036,312.09411607763985
0.016582719110057226,0.25,0.015,264.6207832447185,47.97964730937659,0.025433214326979852,0.0,262620.1437776892,6289.019201382769,19995957.802936118,399.9818745021722,312.0941174024192
0.016582719110057226,0.2833333333333333,-0.005,264.61373200938823,47.66772945717009,0.02813295308020353,0.0,262603.21387684636,6289.019202160115,19995271.13351946,399.97879525553515,312.09291607721883
0.016582719110057226,0.2833333333333333,0.005,264.61373200938823,47.6677281319703,0.028141496941548674,0.0,262603.2112605499,6289.019202160815,19995270.26252458,399.97879134952603,312.09291455334085
0.016582719110057226,0.2833333333333333,0.015,264.61373200938823,47.66772945717009,0.02813295308020353,0.0,262603.21387684636,6289.019202160115,19995271.13351946,399.97879525553515,312.09291607721883
0.016582719110057226,0.31666666666666665,-0.005,264.60586352934706,47.3430636331746,0.031149316957493855,0.0,262585.5443840165,6289.019203083575,19994504.896098055,399.97535913009233,312.0915755152623
0.016582719110057226,0.31666666666666665,0.005,264.60586352934706,47.34306207818452,0.03115893428154827,0.0,262585.5413567293,6289.0192030844455,19994503.888475213,399.97535461126427,312.0915737522936
0.016582719110057226,0.31666666666666665,0.015,264.60586352934706,47.3430636331746,0.031149316957493855,0.0,262585.5443840165,6289.019203083575,19994504.896098055,399.97535913009233,312.0915755152623
0.016582719110057226,0.35,-0.005,264.59707035001816,47.004460850061506,0.03464651544526087,0.0,262567.06116143917,6289.0192041896435,19993648.631929412,399.97151920177345,312.0900774077816
0.016582719110057226,0.35,0.005,264.59707035001816,47.00445904038113,0.03465739474770334,0.0,262567.0576428883,6289.0192041907285,19993647.46064145,399.9715139488254,312.09007535839453
0.016582719110057226,0.35,0.015,264.59707035001816,47.004460850061506,0.03464651544526087,0.0,262567.06116143917,6289.0192041896435,19993648.631929412,399.97151920177345,312.0900774077816
0.016582719110057226,0.38333333333333336,-0.005,264.58716744509843,46.650551196222665,0.0388320867593465,0.0,262547.66165996145,6289.019205529233,19992684.333100144,399.9671946823742,312.0883902335987
0.016582719110057226,0.38333333333333336,0.005,264.58716744509843,46.65054909903783,0.03884455925134387,0.0,262547.6575421492,6289.0192055305915,19992682.961766277,399.9671885320805,312.08838783410783
0.016582719110057226,0.38333333333333336,0.015,264.58716744509843,46.650551196222665,0.0388320867593465,0.0,262547.66165996145,6289.019205529233,19992684.333100144,399.9671946823742,312.0883902335987
0.016582719110057226,0.41666666666666674,-0.005,264.5758464854016,46.27974295485775,0.044020806065793706,0.0,262527.20049451775,6289.019207178514,19991581.994424146,399.962250963623,312.08646147292166
0.016582719110057226,0.41666666666666674,0.005,264.5758464854016,46.27974052365636,0.044035457277084966,0.0,262527.19561135833,6289.019207180249,19991580.36704827,399.9622436647528,312.0864586253047
0.016582719110057226,0.41666666666666674,0.015,264.5758464854016,46.27974295485775,0.044020806065793706,0.0,262527.20049451775,6289.019207178514,19991581.994424146,399.962250963623,312.08646147292166
0.016582719110057226,0.45,-0.005,264.5625744176314,45.89016744232654,0.050761321975634606,0.0,262505.4586391639,6289.01920926338,19990289.74693112,399.9564553529226,312.08420033679744
0.016582719110057226,0.45,0.005,264.5625744176314,45.89016460507047,0.05077922293000624,0.0,262505.4527073231,6289.019209265677,19990287.767896403,399.956446476487,312.0841968736763
0.016582719110057226,0.45,0.015,264.5625744176314,45.89016744232654,0.050761321975634606,0.0,262505.4586391639,6289.01920926338,19990289.74693112,399.9564553529226,312.08420033679744
0.016582719110057226,0.48333333333333334,-0.005,264.54638384939784,45.47960199713423,0.06008578515018449,0.0,262482.0809906068,6289.019212020158,19988713.463703413,399.9493855759693,312.0814420672312
0.016582719110057226,0.48333333333333334,0.005,264.54638384939784,45.47959863289815,0.06010893245166588,0.0,262482.0734999501,6289.019212023408,19988710.960743513,399.9493743490816,312.0814376870478
0.016582719110057226,0.48333333333333334,0.015,264.54638384939784,45.47960199713423,0.06008578515018449,0.0,262482.0809906068,6289.019212020158,19988713.463703413,399.9493855759693,312.0814420672312
0.016582719110057226,0.5166666666666667,-0.005,264.5254755444446,45.04535906128718,0.07397632246460975,0.0,262456.4591382683,6289.019215955267,19986678.081822377,399.9402562369842,312.0778802246118
0.016582719110057226,0.5166666666666667,0.005,264.5254755444446,45.045354957895526,0.07400838708607453,0.0,262456.44916739216,6289.019215960371,19986674.74369539,399.9402412631833,312.0778743824991
0.016582719110057226,0.5166666666666667,0.015,264.5254755444446,45.04535906128718,0.07397632246460975,0.0,262456.4591382683,6289.019215955267,19986678.081822377,399.9402562369842,312.0778802246118
0.016582719110057226,0.55,-0.005,264.49654350120244,44.584124114832726,0.09615423261806656,0.0,262427.53325100814,6289.019222278099,19983861.928382188,399.92762411476195,312.07295169217036
0.016582719110057226,0.55,0.005,264.49654350120244,44.58411890173699,0.09620164723160479,0.0,262427.5192004091,6289.019222287289,19983857.21473999,399.9276029694556,312.07294344207975
0.016582719110057226,0.55,0.015,264.49654350120244,44.584124114832726,0.09615423261806656,0.0,262427.53325100814,6289.019222278099,19983861.928382188,399.92762411476195,312.07295169217036
0.016582719110057226,0.5833333333333334,-0.005,264.453795644566,44.09172255310554,0.13322402902245264,0.0,262393.5049646893,6289.019234045782,19979701.437199242,399.9089604618293,312.065669763062
0.016582719110057226,0.5833333333333334,0.005,264.453795644566,44.09171561592811,0.13329719716328664,0.0,262393.48426085,6289.019234064601,19979694.478606097,399.90892924316313,312.06565758244705
0.016582719110057226,0.5833333333333334,0.015,264.453795644566,44.09172255310554,0.13322402902245264,0.0,262393.5049646893,6289.019234045782,19979701.437199242,399.9089604618293,312.065669763062
0.016582719110057226,0.6166666666666667,-0.005,264.3878643017196,43.56280192193369,0.19594402410023987,0.0,262351.5170024463,6289.0192589034505,19973285.20116874,399.88017497609496,312.05443830237004
0.016582719110057226,0.6166666666666667,0.005,264.3878643017196,43.5627923355019,0.19605794350007025,0.0,262351.4859471017,6289.0192589448025,19973274.74796986,399.8801280739266,312.0544200018501
0.016582719110057226,0.6166666666666667,0.015,264.3878643017196,43.56280192193369,0.19594402410023987,0.0,262351.5170024463,6289.0192589034505,19973285.20116874,399.88017497609496,312.05443830237004
0.016582719110057226,0.65,-0.005,264.28524115214185,42.990437848758305,0.29987656640467303,0.0,262297.48247610225,6289.01931444432,19963299.24382055,399.835368181951,312.036954876643
0.016582719110057226,0.65,0.005,264.28524115214185,42.99042441255836,0.3000495489114833,0.0,262297.4365648323,6289.019314534355,19963283.77310027,399.83529875352497,312.03692778519826
0.016582719110057226,0.65,0.015,264.28524115214185,42.990437848758305,0.29987656640467303,0.0,262297.48247610225,6289.01931444432,19963299.24382055,399.835368181951,312.036954876643
0.016582719110057226,0.6833333333333333,-0.005,264.1294199714013,42.36570377579049,0.46402372862627195,0.0,262226.4044411621,6289.019435265256,19948138.801166736,399.7673276111023,312.0104038539758
0.016582719110057226,0.6833333333333333,0.005,264.1294199714013,42.3656852710356,0.464272692119336,0.0,262226.33952394297,6289.01943544594,19948116.907748334,399.7672293266136,312.01036549943456
0.016582719110057226,0.6833333333333333,0.015,264.1294199714013,42.36570377579049,0.46402372862627195,0.0,262226.4044411621,6289.019435265256,19948138.801166736,399.7673276111023,312.0104038539758
0.016582719110057226,0.7166666666666667,-0.005,263.90512265822946,41.677245572440135,0.705819679534271,0.0,262133.57811635348,6289.019674474261,19926320.32800928,399.66936602279753,311.9721729815268
0.016582719110057226,0.7166666666666667,0.005,263.90512265822946,41.67722131875292,0.7061515616383621,0.0,262133.4925016982,6289.019674790132,19926291.434974834,399.6692362418302,311.97212232959157
0.016582719110057226,0.7166666666666667,0.015,263.90512265822946,41.677245572440135,0.705819679534271,0.0,262133.57811635348,6289.019674474261,19926320.32800928,399.66936602279753,311.9721729815268
0.016582719110057226,0.75,-0.005,263.6060323045651,40.91077892656526,1.0319477941604736,0.0,262016.7858755644,6289.0200852811695,19897234.0816801,399.53868710491923,311.9211664215387
0.016582719110057226,0.75,0.005,263.6060323045651,40.910749532467015,1.0323495456802203,0.0,262016.68275870118,6289.020085741089,19897199.26303464,399.53853056733874,311.9211053168309
0.016582719110057226,0.75,0.015,263.6060323045651,40.91077892656526,1.0319477941604736,0.0,262016.7858755644,6289.0200852811695,19897234.0816801,399.53868710491923,311.9211664215387
0.016582719110057226,0.7833333333333333,-0.005,263.24384792128797,40.048050797682194,1.4274849713129698,0.0,261878.8359485507,6289.020677355717,19862023.20038353,399.3803373846008,311.85934822221174
0.016582719110057226,0.7833333333333333,0.005,263.24384792128797,40.04801870292163,1.4279182684775469,0.0,261878.7246517955,6289.020677891663,19861985.604877718,399.38016814851045,311.8592821475237
0.016582719110057226,0.7833333333333333,0.015,263.24384792128797,40.048050797682194,1.4274849713129698,0.0,261878.8359485507,6289.020677355717,19862023.20038353,399.3803373846008,311.85934822221174
0.016582719110057226,0.8166666666666667,-0.005,262.85312472077607,39.06406161158467,1.8497972007854095,0.0,261728.8326268365,6289.021381088089,19824050.552860044,399.20935345590783,311.7925839877423
0.016582719110057226,0.8166666666666667,0.005,262.85312472077607,39.06403083606714,1.8502050750604089,0.0,261728.72692084542,6289.021381568484,19824014.839038264,399.20919243716423,311.79252110788394
0.016582719110057226,0.8166666666666667,0.015,262.85312472077607,39.06406161158467,1.8497972007854095,0.0,261728.8326268365,6289.021381088089,19824050.552860044,399.20935345590783,311.7925839877423
0.016582719110057226,0.8500000000000001,-0.005,262.48533208214735,37.920061426295284,2.234824256779494,0.0,261580.26399764267,6289.022081076503,19788317.79652215,399.0482403178753,311.72966092423655
0.016582719110057226,0.8500000000000001,0.005,262.48533208214735,37.92003622006549,2.2351513985747165,0.0,261580.1771345804,6289.022081394446,19788288.449655432,399.04810778295445,311.72960915722547
0.016582719110057226,0.8500000000000001,0.015,262.48533208214735,37.920061426295284,2.234824256779494,0.0,261580.26399764267,6289.022081076503,19788317.79652215,399.0482403178753,311.72966092423655
0.016582719110057226,0.8833333333333333,-0.005,262.19046049945297,36.54696699831106,2.517452200332145,0.0,261445.31744662364,6289.022723408118,19759678.936591335,398.91898734233376,311.679171728481
0.016582719110057226,0.8833333333333333,0.005,262.19046049945297,36.54694992942205,2.517669408434219,0.0,261445.25624837633,6289.022723558062,19759658.264142726,398.91889384219695,311.6791352022089
0.016582719110057226,0.8833333333333333,0.015,262.19046049945297,36.54696699831106,2.517452200332145,0.0,261445.31744662364,6289.022723408118,19759678.936591335,398.91898734233376,311.679171728481
0.016582719110057226,0.9166666666666666,-0.005,261.99481610044853,34.80317713159742,2.6544377526378566,0.0,261327.46252973747,6289.0234123705095,19740688.231986605,398.8333224848561,311.6457045506459
0.016582719110057226,0.9166666666666666,0.005,261.99481610044853,34.80316788178104,2.6545530899929775,0.0,261327.42470916788,6289.023412421215,19740675.45957326,398.83326465302343,311.64568195594046
0.016582719110057226,0.9166666666666666,0.015,261.99481610044853,34.80317713159742,2.6544377526378566,0.0,261327.46252973747,6289.0234123705095,19740688.231986605,398.8333224848561,311.6457045506459
0.016582719110057226,0.9500000000000001,-0.005,261.89077339421493,32.33164809228493,2.624355413302998,0.0,261214.92898470713,6289.024539922158,19730612.865782797,398.7882082099772,311.6280780550627
0.016582719110057226,0.9500000000000001,0.005,261.89077339421493,32.331644215698205,2.62440205499689,0.0,261214.9060652263,6289.024539937132,19730605.128112763,398.7881731534299,311.62806435781124
0.016582719110057226,0.9500000000000001,0.015,261.89077339421493,32.33164809228493,2.624355413302998,0.0,261214.92898470713,6289.024539922158,19730612.865782797,398.7882082099772,311.6280780550627
0.016582719110057226,0.9833333333333332,-0.005,261.846699300311,27.656811973578918,2.336169947172746,0.0,261062.4496584639,6289.0273972919795,19726416.988486066,398.770545064967,311.62117665631325
0.016582719110057226,0.9833333333333332,0.005,261.846699300311,27.65681101577062,2.3361811087917927,0.0,261062.4328992289,6289.027397298419,19726411.33136941,398.77051942819406,311.62116663932284
0.016582719110057226,0.9833333333333332,0.015,261.846699300311,27.656811973578918,2.336169947172746,0.0,261062.4496584639,6289.0273972919795,19726416.988486066,398.770545064967,311.62117665631325
0.016582719110057226,1.0166666666666668,-0.005,261.8466993000541,2.7125403192815474e-11,2.2913489235879963e-12,0.0,261062.4496583899,6289.992599418676,19755564.873374037,399.3597710738655,311.8513184342709
0.016582719110057226,1.0166666666666668,0.005,261.84669929979725,-27.656811973578918,-2.336169947172746,0.0,261062.4496583159,6289.0273972919795,19726416.98843617,398.7705450647406,311.6211766562248
0.016582719110057226,1.0166666666666668,0.015,261.8466993000541,2.7125403192815474e-11,2.2913489235879963e-12,0.0,261062.4496583899,6289.992599418676,19755564.873374037,399.3597710738655,311.8513184342709
0.01730797753654062,-0.016666666666666666,-0.005,264.6475799422656,49.879738346448825,0.0,0.0,262720.7639612799,6289.019198371194,19998567.51565364,399.9935765182069,312.09868273885985
0.01730797753654062,-0.016666666666666666,0.005,264.6475799422656,49.879738346448825,-0.0026413608599895216,0.0,262720.7639612799,6289.019198362472,19998567.515386835,399.99357651287056,312.098682736778
0.01730797753654062,-0.016666666666666666,0.015,264.6475799422656,49.879738346448825,0.0,0.0,262720.7639612799,6289.019198371194,19998567.51565364,399.9935765182069,312.09868273885985
0.01730797753654062,0.016666666666666666,-0.005,264.6475799422656,49.879738346448825,0.0026413608599895216,0.0,262720.7639612799,6289.019198362472,19998567.515386835,399.99357651287056,312.098682736778
0.01730797753654062,0.016666666666666666,0.005,264.6475799422656,49.879738296327446,0.0026418781221915744,0.0,262720.76263321395,6289.019198362527,19998567.06318923,399.99357448508664,312.09868194567946
0.01730797753654062,0.016666666666666666,0.015,264.6475799422656,49.879738346448825,0.0026413608599895216,0.0,262720.7639612799,6289.019198362472,19998567.515386835,399.99357651287056,312.098682736778
0.01730797753654062,0.05,-0.005,264.64637008679574,49.6338305242596,0.007251895628036866,0.0,262708.18306411244,6289.019198618346,19998449.68334303,399.99304823354544,312.09847663929844
0.01730797753654062,0.05,0.005,264.64637008679574,49.63383036065881,0.007253464002603741,0.0,262708.18171070836,6289.01919861844,19998449.224413563,399.99304617558255,312.0984758364256
0.01730797753654062,0.05,0.015,264.64637008679574,49.6338305242596,0.007251895628036866,0.0,262708.18306411244,6289.019198618346,19998449.68334303,399.99304823354544,312.09847663929844
0.01730797753654062,0.08333333333333333,-0.005,264.6442470949594,49.380372315219596,0.01124179757100119,0.0,262695.0290874713,6289.019198919806,19998242.916969746,399.9921211568604,312.09811495877665
0.01730797753654062,0.08333333333333333,0.005,264.6442470949594,49.380372025914404,0.01124441569237679,0.0,262695.02768349205,6289.0191989199475,19998242.44288358,399.9921190309348,312.0981141293886
0.01730797753654062,0.08333333333333333,0.015,264.6442470949594,49.380372315219596,0.01124179757100119,0.0,262695.0290874713,6289.019198919806,19998242.916969746,399.9921211568604,312.09811495877665
0.01730797753654062,0.11666666666666667,-0.005,264.6412220525609,49.11885122162538,0.014683478418615215,0.0,262681.28576071834,6289.019199272423,19997948.29850604,399.9908001291141,312.09759958536296
0.01730797753654062,0.11666666666666667,0.005,264.6412220525609,49.11885079391566,0.014687140613140389,0.0,262681.2842761109,6289.019199272622,19997947.799200073,399.99079789009437,312.0975987118521
0.01730797753654062,0.11666666666666667,0.015,264.6412220525609,49.11885122162538,0.014683478418615215,0.0,262681.28576071834,6289.019199272423,19997948.29850604,399.9908001291141,312.09759958536296
0.01730797753654062,0.15,-0.005,264.6373223773763,48.84869660312178,0.01768008017553906,0.0,262666.9393649287,6289.0191996836475,19997568.502584197,399.98909713477275,312.0969351938175
0.01730797753654062,0.15,0.005,264.6373223773763,48.84869602398736,0.01768476457622193,0.0,262666.9377610775,6289.019199683916,19997567.965076085,399.9890947244343,312.0969342534678
0.01730797753654062,0.15,0.015,264.6373223773763,48.84869660312178,0.01768008017553906,0.0,262666.9393649287,6289.0191996836475,19997568.502584197,399.98909713477275,312.0969351938175
0.01730797753654062,0.18333333333333332,-0.005,264.63258970305986,48.56927042041508,0.020366027733580358,0.0,262651.9778002209,6289.019200163311,19997107.58894989,399.98703036795234,312.0961288813101
0.01730797753654062,0.18333333333333332,0.005,264.63258970305986,48.569269676595695,0.02037169929250652,0.0,262651.9760295028,6289.01920016366,19997106.99718471,399.987027714288,312.0961278460286
0.01730797753654062,0.18333333333333332,0.015,264.63258970305986,48.56927042041508,0.020366027733580358,0.0,262651.9778002209,6289.019200163311,19997107.58894989,399.98703036795234,312.0961288813101
0.01730797753654062,0.2166666666666667,-0.005,264.62706747920805,48.27985640769229,0.022896621838315492,0.0,262636.3866686351,6289.019200724198,19996569.793812744,399.9846188133054,312.09518805329924
0.01730797753654062,0.2166666666666667,0.005,264.62706747920805,48.27985548548171,0.02290324700685808,0.0,262636.3846763183,6289.019200724642,19996569.12931344,399.9846158334414,312.09518689075304
0.01730797753654062,0.2166666666666667,0.015,264.62706747920805,48.27985640769229,0.022896621838315492,0.0,262636.3866686351,6289.019200724198,19996569.793812744,399.9846188133054,312.09518805329924
0.01730797753654062,0.25,-0.005,264.62078324315377,47.97964730937579,0.025433215155087216,0.0,262620.1437772451,6289.019201382774,19995957.802784134,399.9818745014928,312.09411740215415
0.01730797753654062,0.25,0.005,264.62078324315377,47.979646194029854,0.02544078307483328,0.0,262620.1415041509,6289.019201383334,19995957.045568705,399.98187110579977,312.09411607737434
0.01730797753654062,0.25,0.015,264.62078324315377,47.97964730937579,0.025433215155087216,0.0,262620.1437772451,6289.019201382774,19995957.802784134,399.9818745014928,312.09411740215415
0.01730797753654062,0.2833333333333333,-0.005,264.61373200757816,47.66772945716725,0.028132954012874856,0.0,262603.2138763299,6289.019202160114,19995271.133343447,399.9787952547452,312.0929160769106
0.01730797753654062,0.2833333333333333,0.005,264.61373200757816,47.66772813196746,0.02814149787451885,0.0,262603.21126003243,6289.0192021608145,19995270.26234824,399.9787913487346,312.0929145530321
0.01730797753654062,0.2833333333333333,0.015,264.61373200757816,47.66772945716725,0.028132954012874856,0.0,262603.2138763299,6289.019202160114,19995271.133343447,399.9787952547452,312.0929160769106
0.01730797753654062,0.31666666666666665,-0.005,264.605863527249,47.34306363316906,0.031149318004551892,0.0,262585.54438341927,6289.019203083579,19994504.895894162,399.9753591291791,312.0915755149061
0.01730797753654062,0.31666666666666665,0.005,264.605863527249,47.34306207817898,0.031158935328957905,0.0,262585.541356131,6289.019203084448,19994503.888270944,399.9753546103495,312.0915737519366
0.01730797753654062,0.31666666666666665,0.015,264.605863527249,47.34306363316906,0.031149318004551892,0.0,262585.54438341927,6289.019203083579,19994504.895894162,399.9753591291791,312.0915755149061
0.01730797753654062,0.35,-0.005,264.59707034758947,47.0044608500521,0.03464651662630182,0.0,262567.061160743,6289.019204189635,19993648.631693035,399.9715192007091,312.0900774073664
0.01730797753654062,0.35,0.005,264.59707034758947,47.004459040371735,0.03465739592916195,0.0,262567.05764219095,6289.019204190719,19993647.460404642,399.9715139477593,312.0900753579786
0.01730797753654062,0.35,0.015,264.59707034758947,47.0044608500521,0.03464651662630182,0.0,262567.061160743,6289.019204189635,19993648.631693035,399.9715192007091,312.0900774073664
0.01730797753654062,0.38333333333333336,-0.005,264.5871674422718,46.65055119620881,0.03883208810888369,0.0,262547.6616591567,6289.019205529236,19992684.33282547,399.96719468114406,312.0883902331188
0.01730797753654062,0.38333333333333336,0.005,264.5871674422718,46.65054909902397,0.038844560601393005,0.0,262547.6575413429,6289.019205530596,19992682.961491086,399.96718853084803,312.08838783362705
0.01730797753654062,0.38333333333333336,0.015,264.5871674422718,46.65055119620881,0.03883208810888369,0.0,262547.6616591567,6289.019205529236,19992684.33282547,399.96719468114406,312.0883902331188
0.01730797753654062,0.4166666666666667,-0.005,264.5758464820932,46.279742954836586,0.04402080764563723,0.0,262527.2004935756,6289.019207178519,19991581.99410267,399.9622509621831,312.0864614723599
0.01730797753654062,0.4166666666666667,0.005,264.5758464820932,46.2797405236352,0.044035458857590706,0.0,262527.1956104144,6289.019207180255,19991580.36672618,399.9622436633102,312.08645862474185
0.01730797753654062,0.4166666666666667,0.015,264.5758464820932,46.279742954836586,0.04402080764563723,0.0,262527.2004935756,6289.019207178519,19991581.99410267,399.9622509621831,312.0864614723599
0.01730797753654062,0.45,-0.005,264.5625744137017,45.89016744229286,0.05076132389836522,0.0,262505.4586380421,6289.01920926338,19990289.746549133,399.95645535120883,312.08420033612884
0.01730797753654062,0.45,0.005,264.5625744137017,45.89016460503676,0.050779224853658364,0.0,262505.452706199,6289.019209265677,19990287.76751364,399.95644647476973,312.0841968730063
0.01730797753654062,0.45,0.015,264.5625744137017,45.89016744229286,0.05076132389836522,0.0,262505.4586380421,6289.01920926338,19990289.746549133,399.95645535120883,312.08420033612884
0.01730797753654062,0.4833333333333333,-0.005,264.5463838445999,45.4796019970795,0.060085787625376245,0.0,262482.0809892363,6289.019212020156,19988713.46323705,399.9493855738763,312.08144206641464
0.01730797753654062,0.4833333333333333,0.005,264.5463838445999,45.47959863284338,0.06010893492823703,0.0,262482.07349857676,6289.019212023405,19988710.96027617,399.9493743469843,312.0814376862296
0.01730797753654062,0.4833333333333333,0.015,264.5463838445999,45.4796019970795,0.060085787625376245,0.0,262482.0809892363,6289.019212020156,19988713.46323705,399.9493855738763,312.08144206641464
0.01730797753654062,0.5166666666666667,-0.005,264.52547553834523,45.04535906119348,0.07397632587778365,0.0,262456.4591365254,6289.019215955265,19986678.081229635,399.94025623432407,312.0778802235739
0.01730797753654062,0.5166666666666667,0.005,264.52547553834523,45.04535495780176,0.07400839050141844,0.0,262456.4491656454,6289.01921596037,19986674.74310131,399.94024126051727,312.07787438145897
0.01730797753654062,0.5166666666666667,0.015,264.52547553834523,45.04535906119348,0.07397632587778365,0.0,262456.4591365254,6289.019215955265,19986678.081229635,399.94025623432407,312.0778802235739
0.01730797753654062,0.55,-0.005,264.4965434930473,44.58412411466792,0.09615423764337132,0.0,262427.53324868035,6289.019222278106,19983861.92759012,399.92762411121157,312.07295169078515
0.01730797753654062,0.55,0.005,264.4965434930473,44.58411890157207,0.09620165226036624,0.0,262427.5191980757,6289.019222287297,19983857.213945992,399.9276029658966,312.0729434406912
0.01730797753654062,0.55,0.015,264.4965434930473,44.58412411466792,0.09615423764337132,0.0,262427.53324868035,6289.019222278106,19983861.92759012,399.92762411121157,312.07295169078515
0.01730797753654062,0.5833333333333334,-0.005,264.4537956331349,44.091722552813664,0.1332240367480021,0.0,262393.5049614216,6289.019234045785,19979701.436089016,399.9089604568486,312.0656697611187
0.01730797753654062,0.5833333333333334,0.005,264.4537956331349,44.09171561563601,0.13329720489419813,0.0,262393.4842575739,6289.019234064604,19979694.47749299,399.9089292381697,312.06565758049874
0.01730797753654062,0.5833333333333334,0.015,264.4537956331349,44.091722552813664,0.1332240367480021,0.0,262393.5049614216,6289.019234045785,19979701.436089016,399.9089604568486,312.0656697611187
0.01730797753654062,0.6166666666666667,-0.005,264.38786428519563,43.56280192143088,0.19594403608999356,0.0,262351.51699771587,6289.019258903445,19973285.19956382,399.8801749688885,312.05443829955817
0.01730797753654062,0.6166666666666667,0.005,264.38786428519563,43.562792334998775,0.19605795549765198,0.0,262351.4859423586,6289.019258944798,19973274.74636063,399.88012806670076,312.0544199990307
0.01730797753654062,0.6166666666666667,0.015,264.38786428519563,43.56280192143088,0.19594403608999356,0.0,262351.51699771587,6289.019258903445,19973285.19956382,399.8801749688885,312.05443829955817
0.01730797753654062,0.65,-0.005,264.28524112815603,42.99043784793786,0.29987658455761723,0.0,262297.4824692392,6289.019314444329,19963299.241491698,399.835368171498,312.0369548725642
0.01730797753654062,0.65,0.005,264.28524112815603,42.99042441173747,0.30004956707486297,0.0,262297.43655795086,6289.019314534365,19963283.770765144,399.8352987430438,312.03692778110843
0.01730797753654062,0.65,0.015,264.28524112815603,42.99043784793786,0.29987658455761723,0.0,262297.4824692392,6289.019314444329,19963299.241491698,399.835368171498,312.0369548725642
0.01730797753654062,0.6833333333333333,-0.005,264.12941993744755,42.365703774550134,0.46402375467694,0.0,262226.4044314468,6289.019435265277,19948138.79787062,399.7673275963022,312.0104038482002
0.01730797753654062,0.6833333333333333,0.005,264.12941993744755,42.36568526979468,0.46427271818231775,0.0,262226.33951420215,6289.01943544596,19948116.90444355,399.7672293117745,312.0103654936438
0.01730797753654062,0.6833333333333333,0.015,264.12941993744755,42.365703774550134,0.46402375467694,0.0,262226.4044314468,6289.019435265277,19948138.79787062,399.7673275963022,312.0104038482002
0.01730797753654062,0.7166666666666667,-0.005,263.9051226124917,41.67724557073912,0.7058197141529479,0.0,262133.57810326552,6289.01967447429,19926320.323569775,399.6693660028473,311.97217297374044
0.01730797753654062,0.7166666666666667,0.005,263.9051226124917,41.677221317051384,0.7061515962693727,0.0,262133.49248857767,6289.019674790161,19926291.430524237,399.66923622183015,311.9721223217858
0.01730797753654062,0.7166666666666667,0.015,263.9051226124917,41.67724557073912,0.7058197141529479,0.0,262133.57810326552,6289.01967447429,19926320.323569775,399.6693660028473,311.97217297374044
0.01730797753654062,0.75,-0.005,263.6060322470194,40.910778924498544,1.031947835920597,0.0,262016.78585909968,6289.02008528121,19897234.076095358,399.5386870797957,311.92116641173175
0.01730797753654062,0.75,0.005,263.6060322470194,40.91074953039998,1.032349587450044,0.0,262016.68274219846,6289.02008574113,19897199.257436994,399.53853054215716,311.9211053070012
0.01730797753654062,0.75,0.015,263.6060322470194,40.910778924498544,1.031947835920597,0.0,262016.78585909968,6289.02008528121,19897234.076095358,399.5386870797957,311.92116641173175
0.01730797753654062,0.7833333333333333,-0.005,263.2438478545011,40.048050795526954,1.4274850161725672,0.0,261878.83592944985,6289.020677355778,19862023.193903357,399.3803373554154,311.85934821081696
0.01730797753654062,0.7833333333333333,0.005,263.2438478545011,40.04801870076642,1.4279183133418563,0.0,261878.7246326551,6289.020677891723,19861985.598384123,399.3801681192645,311.8592821361052
0.01730797753654062,0.7833333333333333,0.015,263.2438478545011,40.048050795526954,1.4274850161725672,0.0,261878.83592944985,6289.020677355778,19862023.193903357,399.3803373554154,311.85934821081696
0.01730797753654062,0.8166666666666667,-0.005,262.8531246496679,39.0640616097607,1.8497972428222016,0.0,261728.8326064924,6289.021381088128,19824050.545960747,399.2093534247765,311.7925839755851
0.01730797753654062,0.8166666666666667,0.005,262.8531246496679,39.0640308342436,1.8502051170962757,0.0,261728.72690046518,6289.021381568523,19824014.83212671,399.20919240597755,311.7925210957051
0.01730797753654062,0.8166666666666667,0.015,262.8531246496679,39.0640616097607,1.8497972428222016,0.0,261728.8326064924,6289.021381088128,19824050.545960747,399.2093534247765,311.7925839755851
0.01730797753654062,0.8499999999999999,-0.005,262.4853320123028,37.920061425215806,2.2348242903306392,0.0,261580.26397765748,6289.022081076533,19788317.78974559,399.04824028725085,311.72966091227494
0.01730797753654062,0.8499999999999999,0.005,262.4853320123028,37.920036218986695,2.2351514321210124,0.0,261580.1771145665,6289.022081394477,19788288.442869183,399.04810775228617,311.7296091452467
0.01730797753654062,0.8499999999999999,0.015,262.4853320123028,37.920061425215806,2.2348242903306392,0.0,261580.26397765748,6289.022081076533,19788317.78974559,399.04824028725085,311.72966091227494
0.01730797753654062,0.8833333333333333,-0.005,262.1904604347933,36.54696699818883,2.517452222508595,0.0,261445.31742811,6289.022723408121,19759678.930316746,398.918987313934,311.67917171738645
0.01730797753654062,0.8833333333333333,0.005,262.1904604347933,36.54694992930052,2.5176694306050242,0.0,261445.25622984304,6289.022723558064,19759658.257861514,398.91889381376706,311.67913519110266
0.01730797753654062,0.8833333333333333,0.015,262.1904604347933,36.54696699818883,2.517452222508595,0.0,261445.31742811,6289.022723408121,19759678.930316746,398.918987313934,311.67917171738645
0.01730797753654062,0.9166666666666667,-0.005,261.9948160417503,34.80317713233438,2.654437764399439,0.0,261327.46251292128,6289.0234123705,19740688.226289406,398.8333224590446,311.64570454056144
0.01730797753654062,0.9166666666666667,0.005,261.9948160417503,34.803167882518515,2.6545531017506168,0.0,261327.42469233973,6289.023412421205,19740675.453872018,398.83326462719356,311.6456819458488
0.01730797753654062,0.9166666666666667,0.015,261.9948160417503,34.80317713233438,2.654437764399439,0.0,261327.46251292128,6289.0234123705,19740688.226289406,398.8333224590446,311.64570454056144
0.01730797753654062,0.95,-0.005,261.89077333969965,32.3316480935831,2.6243554181203885,0.0,261214.92896907736,6289.024539922135,19730612.860490516,398.78820818598405,311.6280780456881
0.01730797753654062,0.95,0.005,261.89077333969965,32.33164421699668,2.624402059812574,0.0,261214.90604958902,6289.02453993711,19730605.12281797,398.7881731294253,311.6280643484322
0.01730797753654062,0.95,0.015,261.89077333969965,32.3316480935831,2.6243554181203885,0.0,261214.92896907736,6289.024539922135,19730612.860490516,398.78820818598405,311.6280780456881
0.01730797753654062,0.9833333333333333,-0.005,261.8466992476048,27.656811974501792,2.336169948370775,0.0,261062.4496433092,6289.027397291918,19726416.983367935,398.7705450417408,311.6211766472382
0.01730797753654062,0.9833333333333333,0.005,261.8466992476048,27.656811016693702,2.336181109989462,0.0,261062.43288406855,6289.027397298357,19726411.326249365,398.77051940495915,311.6211666302443
0.01730797753654062,0.9833333333333333,0.015,261.8466992476048,27.656811974501792,2.336169948370775,0.0,261062.4496433092,6289.027397291918,19726416.983367935,398.7705450417408,311.6211766472382
0.01730797753654062,1.0166666666666666,-0.005,261.84669924734123,2.7917335067050135e-11,2.3584286793812806e-12,0.0,261062.44964323324,6289.9925994187415,19755564.868251536,399.3597710506796,311.8513184252182
0.01730797753654062,1.0166666666666666,0.005,261.84669924707765,-27.65681197450161,-2.336169948370759,0.0,261062.44964315734,6289.027397291917,19726416.983316746,398.77054504150846,311.62117664714737
0.01730797753654062,1.0166666666666666,0.015,261.84669924734123,2.7917335067050135e-11,2.3584286793812806e-12,0.0,261062.44964323324,6289.9925994187415,19755564.868251536,399.3597710506796,311.8513184252182
0.018033235963024013,-0.016666666666666666,-0.005,264.64757994147476,49.87973834645446,0.0,0.0,262720.763961054,6289.019198371191,19998567.51557672,399.9935765178609,312.0986827387249
0.018033235963024013,-0.016666666666666666,0.005,264.64757994147476,49.87973834645446,-0.002641360917694113,0.0,262720.763961054,6289.019198362469,19998567.515309915,399.99357651252456,312.098682736643
0.018033235963024013,-0.016666666666666666,0.015,264.64757994147476,49.87973834645446,0.0,0.0,262720.763961054,6289.019198371191,19998567.51557672,399.9935765178609,312.0986827387249
0.018033235963024013,0.016666666666666666,-0.005,264.6475799414748,49.87973834645446,0.002641360917694113,0.0,262720.763961054,6289.019198362469,19998567.515309915,399.99357651252456,312.098682736643
0.018033235963024013,0.016666666666666666,0.005,264.6475799414748,49.879738296333095,0.0026418781799093707,0.0,262720.7626329876,6289.0191983625255,19998567.063112136,399.99357448473995,312.0986819455442
0.018033235963024013,0.016666666666666666,0.015,264.6475799414748,49.87973834645446,0.002641360917694113,0.0,262720.763961054,6289.019198362469,19998567.515309915,399.99357651252456,312.098682736643
0.018033235963024013,0.05,-0.005,264.64637008598027,49.63383052426535,0.007251895800991674,0.0,262708.18306388095,6289.019198618347,19998449.683263823,399.9930482331909,312.09847663916014
0.018033235963024013,0.05,0.005,264.64637008598027,49.63383036066456,0.007253464175598068,0.0,262708.18171047635,6289.019198618442,19998449.224334173,399.99304617522716,312.098475836287
0.018033235963024013,0.05,0.015,264.64637008598027,49.63383052426535,0.007251895800991674,0.0,262708.18306388095,6289.019198618347,19998449.683263823,399.9930482331909,312.09847663916014
0.018033235963024013,0.08333333333333333,-0.005,264.64424709409224,49.38037231522537,0.01124179785950388,0.0,262695.02908722963,6289.019198919818,19998242.916885853,399.9921211564902,312.09811495863227
0.018033235963024013,0.08333333333333333,0.005,264.64424709409224,49.38037202592017,0.011244415980946868,0.0,262695.02768324973,6289.01919891996,19998242.442799497,399.9921190305637,312.0981141292438
0.018033235963024013,0.08333333333333333,0.015,264.64424709409224,49.38037231522537,0.01124179785950388,0.0,262695.02908722963,6289.019198919818,19998242.916885853,399.9921211564902,312.09811495863227
0.018033235963024013,0.11666666666666667,-0.005,264.6412220516253,49.11885122163016,0.014683478821936819,0.0,262681.28576044925,6289.019199272417,19997948.29841489,399.9908001287021,312.0975995852022
0.018033235963024013,0.11666666666666667,0.005,264.6412220516253,49.118850793920444,0.014687141016559846,0.0,262681.2842758412,6289.019199272616,19997947.79910872,399.99079788968146,312.0975987116909
0.018033235963024013,0.11666666666666667,0.015,264.6412220516253,49.11885122163016,0.014683478821936819,0.0,262681.28576044925,6289.019199272417,19997948.29841489,399.9908001287021,312.0975995852022
0.018033235963024013,0.15,-0.005,264.637322376332,48.84869660312587,0.01768008069081725,0.0,262666.93936463306,6289.019199683652,19997568.502482817,399.9890971343202,312.09693519364095
0.018033235963024013,0.15,0.005,264.637322376332,48.84869602399144,0.017684765091632384,0.0,262666.9377607812,6289.019199683919,19997567.964974497,399.98909472398077,312.0969342532909
0.018033235963024013,0.15,0.015,264.637322376332,48.84869660312587,0.01768008069081725,0.0,262666.93936463306,6289.019199683652,19997568.502482817,399.9890971343202,312.09693519364095
0.018033235963024013,0.18333333333333332,-0.005,264.6325897018801,48.56927042041741,0.02036602835638495,0.0,262651.9777998829,6289.019200163307,19997107.58883506,399.9870303674351,312.0961288811084
0.018033235963024013,0.18333333333333332,0.005,264.6325897018801,48.569269676598026,0.02037169991548092,0.0,262651.9760291642,6289.019200163655,19997106.99706965,399.9870277137698,312.09612784582646
0.018033235963024013,0.18333333333333332,0.015,264.6325897018801,48.56927042041741,0.02036602835638495,0.0,262651.9777998829,6289.019200163307,19997107.58883506,399.9870303674351,312.0961288811084
0.018033235963024013,0.21666666666666667,-0.005,264.6270674778537,48.27985640769325,0.022896622564728127,0.0,262636.38666824956,6289.0192007241985,19996569.793681107,399.9846188127155,312.09518805306914
0.018033235963024013,0.21666666666666667,0.005,264.6270674778537,48.27985548548268,0.02290324773348078,0.0,262636.38467593206,6289.019200724643,19996569.12918155,399.98461583285035,312.0951868905224
0.018033235963024013,0.21666666666666667,0.015,264.6270674778537,48.27985640769325,0.022896622564728127,0.0,262636.38666824956,6289.0192007241985,19996569.793681107,399.9846188127155,312.09518805306914
0.018033235963024013,0.25,-0.005,264.62078324158915,47.979647309375,0.025433215983218533,0.0,262620.1437768,6289.0192013827755,19995957.802632097,399.98187450081207,312.0941174018886
0.018033235963024013,0.25,0.005,264.62078324158915,47.97964619402906,0.02544078390321792,0.0,262620.141503705,6289.019201383337,19995957.045416377,399.9818711051177,312.09411607710825
0.018033235963024013,0.25,0.015,264.62078324158915,47.979647309375,0.025433215983218533,0.0,262620.1437768,6289.0192013827755,19995957.802632097,399.98187450081207,312.0941174018886
0.018033235963024013,0.2833333333333333,-0.005,264.6137320057699,47.66772945716418,0.02813295494536219,0.0,262603.21387581096,6289.019202160106,19995271.133167382,399.9787952539516,312.092916076601
0.018033235963024013,0.2833333333333333,0.005,264.6137320057699,47.66772813196438,0.0281414988073054,0.0,262603.2112595126,6289.019202160806,19995270.262171857,399.97879134793953,312.0929145527219
0.018033235963024013,0.2833333333333333,0.015,264.6137320057699,47.66772945716418,0.02813295494536219,0.0,262603.21387581096,6289.019202160106,19995271.133167382,399.9787952539516,312.092916076601
0.018033235963024013,0.31666666666666665,-0.005,264.6058635251527,47.34306363316335,0.031149319051190835,0.0,262585.5443828192,6289.019203083572,19994504.895690177,399.9753591282615,312.0915755145481
0.018033235963024013,0.31666666666666665,0.005,264.6058635251527,47.34306207817325,0.031158936375948333,0.0,262585.54135552986,6289.019203084443,19994503.888066586,399.97535460943016,312.091573751578
0.018033235963024013,0.31666666666666665,0.015,264.6058635251527,47.34306363316335,0.031149319051190835,0.0,262585.5443828192,6289.019203083572,19994504.895690177,399.9753591282615,312.0915755145481
0.018033235963024013,0.35,-0.005,264.5970703451565,47.00446085004322,0.034646517806914696,0.0,262567.0611600508,6289.019204189639,19993648.63145663,399.97151919965074,312.09007740695347
0.018033235963024013,0.35,0.005,264.5970703451565,47.004459040362846,0.034657397110192494,0.0,262567.05764149735,6289.019204190724,19993647.460167788,399.97151394669885,312.09007535756484
0.018033235963024013,0.35,0.015,264.5970703451565,47.00446085004322,0.034646517806914696,0.0,262567.0611600508,6289.019204189639,19993648.63145663,399.97151919965074,312.09007740695347
0.018033235963024013,0.3833333333333333,-0.005,264.58716743944547,46.65055119619474,0.038832089458518106,0.0,262547.6616583511,6289.019205529238,19992684.332550753,399.96719467991255,312.08839023263835
0.018033235963024013,0.3833333333333333,0.005,264.58716743944547,46.65054909900989,0.03884456195153917,0.0,262547.65754053567,6289.019205530597,19992682.961215846,399.96718852961413,312.08838783314565
0.018033235963024013,0.3833333333333333,0.015,264.58716743944547,46.65055119619474,0.038832089458518106,0.0,262547.6616583511,6289.019205529238,19992684.332550753,399.96719467991255,312.08839023263835
0.018033235963024013,0.41666666666666663,-0.005,264.5758464787874,46.279742954814985,0.04402080922579635,0.0,262527.2004926305,6289.019207178514,19991581.99378117,399.96225096073874,312.0864614717964
0.018033235963024013,0.41666666666666663,0.005,264.5758464787874,46.27974052361359,0.04403546043841204,0.0,262527.1956094674,6289.0192071802485,19991580.366404053,399.962243661863,312.0864586241772
0.018033235963024013,0.41666666666666663,0.015,264.5758464787874,46.279742954814985,0.04402080922579635,0.0,262527.2004926305,6289.019207178514,19991581.99378117,399.96225096073874,312.0864614717964
0.018033235963024013,0.44999999999999996,-0.005,264.5625744097699,45.890167442259745,0.05076132582154109,0.0,262505.45863692166,6289.019209263382,19990289.74616708,399.956455349497,312.084200335461
0.018033235963024013,0.44999999999999996,0.005,264.5625744097699,45.890164605003626,0.050779226777755586,0.0,262505.45270507626,6289.019209265681,19990287.767130822,399.9564464730543,312.0841968723371
0.018033235963024013,0.44999999999999996,0.015,264.5625744097699,45.890167442259745,0.05076132582154109,0.0,262505.45863692166,6289.019209263382,19990289.74616708,399.956455349497,312.084200335461
0.018033235963024013,0.4833333333333333,-0.005,264.54638383979847,45.47960199702533,0.06008579010119453,0.0,262482.0809878694,6289.0192120201655,19988713.462770704,399.94938557178887,312.08144206560024
0.018033235963024013,0.4833333333333333,0.005,264.54638383979847,45.479598632789184,0.060108937405434264,0.0,262482.073497207,6289.019212023416,19988710.959808838,399.9493743448925,312.08143768541345
0.018033235963024013,0.4833333333333333,0.015,264.54638383979847,45.47960199702533,0.06008579010119453,0.0,262482.0809878694,6289.0192120201655,19988713.462770704,399.94938557178887,312.08144206560024
0.018033235963024013,0.5166666666666667,-0.005,264.52547553224554,45.04535906110012,0.07397632929113612,0.0,262456.4591347825,6289.019215955264,19986678.080636863,399.9402562316639,312.07788022253607
0.018033235963024013,0.5166666666666667,0.005,264.52547553224554,45.04535495770832,0.07400839391694043,0.0,262456.4491638984,6289.019215960368,19986674.742507186,399.94024125785086,312.0778743804186
0.018033235963024013,0.5166666666666667,0.015,264.52547553224554,45.04535906110012,0.07397632929113612,0.0,262456.4591347825,6289.019215955264,19986678.080636863,399.9402562316639,312.07788022253607
0.018033235963024013,0.55,-0.005,264.49654348489406,44.584124114503304,0.09615424266858592,0.0,262427.5332463513,6289.019222278109,19983861.926798105,399.9276241076592,312.07295168939913
0.018033235963024013,0.55,0.005,264.49654348489406,44.58411890140732,0.09620165728903735,0.0,262427.519195741,6289.019222287299,19983857.21315204,399.9276029623356,312.0729434393018
0.018033235963024013,0.55,0.015,264.49654348489406,44.584124114503304,0.09615424266858592,0.0,262427.5332463513,6289.019222278109,19983861.926798105,399.9276241076592,312.07295168939913
0.018033235963024013,0.5833333333333334,-0.005,264.45379562170586,44.09172255252219,0.13322404447349112,0.0,262393.5049581524,6289.019234045783,19979701.434978824,399.9089604518657,312.0656697591745
0.018033235963024013,0.5833333333333334,0.005,264.45379562170586,44.091715615344334,0.1332972126250493,0.0,262393.4842542963,6289.019234064602,19979694.47637992,399.90892923317386,312.06565757854946
0.018033235963024013,0.5833333333333334,0.015,264.45379562170586,44.09172255252219,0.13322404447349112,0.0,262393.5049581524,6289.019234045783,19979701.434978824,399.9089604518657,312.0656697591745
0.018033235963024013,0.6166666666666667,-0.005,264.3878642686668,43.56280192092862,0.19594404807949306,0.0,262351.51699299057,6289.019258903456,19973285.197958928,399.8801749616899,312.0544382967494
0.018033235963024013,0.6166666666666667,0.005,264.3878642686668,43.562792334496166,0.19605796749497922,0.0,262351.4859376207,6289.019258944808,19973274.74475143,399.8801280594828,312.0544199962144
0.018033235963024013,0.6166666666666667,0.015,264.3878642686668,43.56280192092862,0.19594404807949306,0.0,262351.51699299057,6289.019258903456,19973285.197958928,399.8801749616899,312.0544382967494
0.018033235963024013,0.65,-0.005,264.28524110417084,42.99043784711741,0.29987660271026817,0.0,262297.4824623766,6289.01931444434,19963299.23916292,399.8353681610455,312.0369548684855
0.018033235963024013,0.65,0.005,264.28524110417084,42.99042441091655,0.30004958523794895,0.0,262297.4365510699,6289.019314534376,19963283.7684301,399.8352987325633,312.03692777701883
0.018033235963024013,0.65,0.015,264.28524110417084,42.99043784711741,0.29987660271026817,0.0,262297.4824623766,6289.01931444434,19963299.23916292,399.8353681610455,312.0369548684855
0.018033235963024013,0.6833333333333333,-0.005,264.12941990349697,42.36570377330906,0.4640237807272667,0.0,262226.40442172973,6289.019435265291,19948138.794574615,399.76732758149944,312.0104038424236
0.018033235963024013,0.6833333333333333,0.005,264.12941990349697,42.36568526855306,0.4642727442449581,0.0,262226.33950445964,6289.0194354459745,19948116.901138876,399.7672292969329,312.01036548785197
0.018033235963024013,0.6833333333333333,0.015,264.12941990349697,42.36570377330906,0.4640237807272667,0.0,262226.40442172973,6289.019435265291,19948138.794574615,399.76732758149944,312.0104038424236
0.018033235963024013,0.7166666666666667,-0.005,263.9051225667534,41.6772455690382,0.7058197487714319,0.0,262133.5780901796,6289.019674474325,19926320.319130372,399.6693659829002,311.97217296595534
0.018033235963024013,0.7166666666666667,0.005,263.9051225667534,41.67722131534994,0.7061516309001912,0.0,262133.4924754591,6289.019674790196,19926291.426073752,399.66923620183314,311.9721223139812
0.018033235963024013,0.7166666666666667,0.015,263.9051225667534,41.6772455690382,0.7058197487714319,0.0,262133.5780901796,6289.019674474325,19926320.319130372,399.6693659829002,311.97217296595534
0.018033235963024013,0.75,-0.005,263.60603218947205,40.91077892243208,1.0319478776806486,0.0,262016.78584263692,6289.020085281257,19897234.07051063,399.5386870546752,311.9211664019259
0.018033235963024013,0.75,0.005,263.60603218947205,40.910749528333184,1.0323496292197962,0.0,262016.68272569773,6289.020085741176,19897199.251839362,399.53853051697854,311.9211052971727
0.018033235963024013,0.75,0.015,263.60603218947205,40.91077892243208,1.0319478776806486,0.0,262016.78584263692,6289.020085281257,19897234.07051063,399.5386870546752,311.9211664019259
0.018033235963024013,0.7833333333333333,-0.005,263.24384778771747,40.04805079337203,1.427485061031782,0.0,261878.83591034543,6289.0206773558275,19862023.18742315,399.3803373262245,311.8593481994199
0.018033235963024013,0.7833333333333333,0.005,263.24384778771747,40.048018698611514,1.4279183582057828,0.0,261878.72461351115,6289.020677891773,19861985.59189051,399.3801680900131,311.8592821246846
0.018033235963024013,0.7833333333333333,0.015,263.24384778771747,40.04805079337203,1.427485061031782,0.0,261878.83591034543,6289.0206773558275,19862023.18742315,399.3803373262245,311.8593481994199
0.018033235963024013,0.8166666666666667,-0.005,262.85312457855673,39.064061607936175,1.8497972848582411,0.0,261728.8325861512,6289.021381088177,19824050.53906145,399.2093533936497,311.7925839634297
0.018033235963024013,0.8166666666666667,0.005,262.85312457855673,39.0640308324195,1.85020515913139,0.0,261728.72688008778,6289.021381568572,19824014.825215153,399.20919237479535,311.7925210835281
0.018033235963024013,0.8166666666666667,0.015,262.85312457855673,39.064061607936175,1.8497972848582411,0.0,261728.8325861512,6289.021381088177,19824050.53906145,399.2093533936497,311.7925839634297
0.018033235963024013,0.85,-0.005,262.48533194245937,37.920061424136506,2.2348243238811225,0.0,261580.26395767138,6289.02208107656,19788317.78296905,399.0482402566251,311.72966090031275
0.018033235963024013,0.85,0.005,262.48533194245937,37.92003621790808,2.235151465666646,0.0,261580.17709455182,6289.022081394503,19788288.436082948,399.0481077216166,311.72960913326745
0.018033235963024013,0.85,0.015,262.48533194245937,37.920061424136506,2.2348243238811225,0.0,261580.26395767138,6289.02208107656,19788317.78296905,399.0482402566251,311.72966090031275
0.018033235963024013,0.8833333333333333,-0.005,262.19046037013567,36.546966998066196,2.5174522446845553,0.0,261445.3174095946,6289.022723408118,19759678.92404218,398.91898728553156,311.6791717062909
0.018033235963024013,0.8833333333333333,0.005,262.19046037013567,36.546949929178595,2.517669452775339,0.0,261445.2562113081,6289.0227235580605,19759658.25158033,398.9188937853347,311.6791351799954
0.018033235963024013,0.8833333333333333,0.015,262.19046037013567,36.546966998066196,2.5174522446845553,0.0,261445.3174095946,6289.022723408118,19759678.92404218,398.91898728553156,311.6791717062909
0.018033235963024013,0.9166666666666665,-0.005,261.99481598305204,34.80317713307169,2.6544377761607914,0.0,261327.4624961049,6289.02341237049,19740688.220592182,398.83332243323275,311.6457045304768
0.018033235963024013,0.9166666666666665,0.005,261.99481598305204,34.80316788325633,2.6545531135080247,0.0,261327.42467551134,6289.023412421194,19740675.448170748,398.8332646013634,311.645681935757
0.018033235963024013,0.9166666666666665,0.015,261.99481598305204,34.80317713307169,2.6544377761607914,0.0,261327.4624961049,6289.02341237049,19740688.220592182,398.83332243323275,311.6457045304768
0.018033235963024013,0.95,-0.005,261.89077328518533,32.33164809488134,2.624355422937501,0.0,261214.92895344645,6289.024539922108,19730612.85519822,398.78820816198913,311.6280780363128
0.018033235963024013,0.95,0.005,261.89077328518533,32.331644218295246,2.62440206462798,0.0,261214.90603395065,6289.024539937082,19730605.117523167,398.78817310541893,311.62806433905246
0.018033235963024013,0.95,0.015,261.89077328518533,32.33164809488134,2.624355422937501,0.0,261214.92895344645,6289.024539922108,19730612.85519822,398.78820816198913,311.6280780363128
0.018033235963024013,0.9833333333333332,-0.005,261.8466991948983,27.656811975424603,2.3361699495686326,0.0,261062.4496281545,6289.027397291857,19726416.978249773,398.7705450185146,311.62117663816304
0.018033235963024013,0.9833333333333332,0.005,261.8466991948983,27.656811017616715,2.3361811111869586,0.0,261062.43286890822,6289.027397298295,19726411.3211293,398.77051938172434,311.6211666211658
0.018033235963024013,0.9833333333333332,0.015,261.8466991948983,27.656811975424603,2.3361699495686326,0.0,261062.4496281545,6289.027397291857,19726416.978249773,398.7705450185146,311.62117663816304
0.018033235963024013,1.0166666666666668,-0.005,261.84669919462806,2.8537334364795237e-11,2.4105294607069006e-12,0.0,261062.44962807663,6289.992599418808,19755564.863129,399.3597710274938,311.8513184161656
0.018033235963024013,1.0166666666666668,0.005,261.8466991943578,-27.656811975424603,-2.3361699495686326,0.0,261062.4496279988,6289.027397291857,19726416.978197288,398.77054501827644,311.62117663807004
0.018033235963024013,1.0166666666666668,0.015,261.84669919462806,2.8537334364795237e-11,2.4105294607069006e-12,0.0,261062.44962807663,6289.992599418808,19755564.863129,399.3597710274938,311.8513184161656
0.018758494389507403,-0.016666666666666666,-0.005,264.64757994068407,49.879738346460115,2.0975498914414624e-19,0.0,262720.7639608283,6289.019198371188,19998567.515499815,399.9935765175153,312.09868273859007
0.018758494389507403,-0.016666666666666666,0.005,264.64757994068407,49.87973834646012,-0.0026413609755685033,0.0,262720.76396082836,6289.019198362468,19998567.51523301,399.993576512179,312.0986827365082
0.018758494389507403,-0.016666666666666666,0.015,264.64757994068407,49.879738346460115,2.0975498914414624e-19,0.0,262720.7639608283,6289.019198371188,19998567.515499815,399.9935765175153,312.09868273859007
0.018758494389507403,0.016666666666666666,-0.005,264.64757994068407,49.87973834646012,0.0026413609755685033,0.0,262720.76396082836,6289.019198362468,19998567.515233014,399.993576512179,312.0986827365082
0.018758494389507403,0.016666666666666666,0.005,264.64757994068407,49.87973829633876,0.0026418782377970883,0.0,262720.76263276144,6289.019198362524,19998567.063035067,399.99357448439355,312.09868194540906
0.018758494389507403,0.016666666666666666,0.015,264.64757994068407,49.87973834646012,0.0026413609755685033,0.0,262720.76396082836,6289.019198362468,19998567.515233014,399.993576512179,312.0986827365082
0.018758494389507403,0.049999999999999996,-0.005,264.6463700851636,49.63383052427112,0.0072518959743290935,0.0,262708.18306365056,6289.019198618352,19998449.6831846,399.993048232838,312.09847663902246
0.018758494389507403,0.049999999999999996,0.005,264.6463700851636,49.63383036067033,0.007253464348975087,0.0,262708.1817102455,6289.019198618446,19998449.22425478,399.9930461748736,312.098475836149
0.018758494389507403,0.049999999999999996,0.015,264.6463700851636,49.63383052427112,0.0072518959743290935,0.0,262708.18306365056,6289.019198618352,19998449.6831846,399.993048232838,312.09847663902246
0.018758494389507403,0.08333333333333333,-0.005,264.6442470932322,49.380372315230446,0.01124179814832102,0.0,262695.02908698126,6289.019198919809,19998242.91680199,399.9921211561099,312.09811495848385
0.018758494389507403,0.08333333333333333,0.005,264.6442470932322,49.380372025925254,0.011244416269831452,0.0,262695.02768300095,6289.01919891995,19998242.442715462,399.9921190301827,312.0981141290952
0.018758494389507403,0.08333333333333333,0.015,264.6442470932322,49.380372315230446,0.01124179814832102,0.0,262695.02908698126,6289.019198919809,19998242.91680199,399.9921211561099,312.09811495848385
0.018758494389507403,0.11666666666666667,-0.005,264.64122205068526,49.118851221634856,0.014683479225338159,0.0,262681.28576018405,6289.019199272423,19997948.298323702,399.99080012829603,312.09759958504384
0.018758494389507403,0.11666666666666667,0.005,264.64122205068526,49.11885079392514,0.014687141420059438,0.0,262681.28427557537,6289.019199272621,19997947.79901734,399.9907978892744,312.09759871153216
0.018758494389507403,0.11666666666666667,0.015,264.64122205068526,49.118851221634856,0.014683479225338159,0.0,262681.28576018405,6289.019199272423,19997948.298323702,399.99080012829603,312.09759958504384
0.018758494389507403,0.15,-0.005,264.6373223752888,48.848696603129646,0.017680081206113984,0.0,262666.93936433597,6289.019199683652,19997568.50238141,399.9890971338654,312.09693519346354
0.018758494389507403,0.15,0.005,264.6373223752888,48.84869602399522,0.017684765607061115,0.0,262666.9377604835,6289.019199683919,19997567.964872885,399.98909472352506,312.0969342531131
0.018758494389507403,0.15,0.015,264.6373223752888,48.848696603129646,0.017680081206113984,0.0,262666.93936433597,6289.019199683652,19997568.50238141,399.9890971338654,312.09693519346354
0.018758494389507403,0.18333333333333332,-0.005,264.63258970069927,48.56927042041987,0.02036602897939374,0.0,262651.9777995463,6289.019200163306,19997107.58872025,399.98703036692,312.09612888090743
0.018758494389507403,0.18333333333333332,0.005,264.63258970069927,48.56926967660048,0.020371700538659342,0.0,262651.97602882696,6289.019200163654,19997106.99695462,399.98702771325367,312.0961278456251
0.018758494389507403,0.18333333333333332,0.015,264.63258970069927,48.56927042041987,0.02036602897939374,0.0,262651.9777995463,6289.019200163306,19997107.58872025,399.98703036692,312.09612888090743
0.018758494389507403,0.21666666666666667,-0.005,264.62706747649975,48.27985640769425,0.02289662329109271,0.0,262636.3866678632,6289.019200724196,19996569.793549433,399.98461881212427,312.09518805283847
0.018758494389507403,0.21666666666666667,0.005,264.62706747649975,48.279855485483665,0.022903248460055592,0.0,262636.3846755449,6289.019200724642,19996569.129049625,399.98461583225804,312.09518689029136
0.018758494389507403,0.21666666666666667,0.015,264.62706747649975,48.27985640769425,0.02289662329109271,0.0,262636.3866678632,6289.019200724196,19996569.793549433,399.98461881212427,312.09518805283847
0.018758494389507403,0.25,-0.005,264.6207832400265,47.979647309374016,0.025433216811196563,0.0,262620.14377635333,6289.019201382772,19995957.802480076,399.9818745001288,312.094117401622
0.018758494389507403,0.25,0.005,264.6207832400265,47.97964619402808,0.025440784731448878,0.0,262620.1415032573,6289.019201383333,19995957.04526406,399.9818711044329,312.09411607684103
0.018758494389507403,0.25,0.015,264.6207832400265,47.979647309374016,0.025433216811196563,0.0,262620.14377635333,6289.019201382772,19995957.802480076,399.9818745001288,312.094117401622
0.018758494389507403,0.2833333333333333,-0.005,264.6137320039565,47.667729457161165,0.02813295587814384,0.0,262603.21387529746,6289.019202160114,19995271.13299135,399.9787952531662,312.09291607629467
0.018758494389507403,0.2833333333333333,0.005,264.6137320039565,47.66772813196136,0.028141499740386204,0.0,262603.2112589981,6289.0192021608145,19995270.26199549,399.97879134715265,312.09291455241487
0.018758494389507403,0.2833333333333333,0.015,264.6137320039565,47.667729457161165,0.02813295587814384,0.0,262603.21387529746,6289.019202160114,19995271.13299135,399.9787952531662,312.09291607629467
0.018758494389507403,0.31666666666666665,-0.005,264.6058635230546,47.3430636331579,0.031149320098588586,0.0,262585.54438222095,6289.019203083572,19994504.895486202,399.9753591273467,312.09157551419116
0.018758494389507403,0.31666666666666665,0.005,264.6058635230546,47.34306207816781,0.03115893742369752,0.0,262585.54135493055,6289.019203084444,19994503.887862235,399.9753546085137,312.09157375122044
0.018758494389507403,0.31666666666666665,0.015,264.6058635230546,47.3430636331579,0.031149320098588586,0.0,262585.54438222095,6289.019203083572,19994504.895486202,399.9753591273467,312.09157551419116
0.018758494389507403,0.35,-0.005,264.59707034272503,47.004460850034064,0.03464651898827064,0.0,262567.0611593571,6289.019204189639,19993648.63122022,399.9715191985901,312.0900774065397
0.018758494389507403,0.35,0.005,264.59707034272503,47.00445904035368,0.034657398291965506,0.0,262567.0576408023,6289.019204190722,19993647.459930938,399.97151394563616,312.0900753571503
0.018758494389507403,0.35,0.015,264.59707034272503,47.004460850034064,0.03464651898827064,0.0,262567.0611593571,6289.019204189639,19993648.63122022,399.9715191985901,312.0900774065397
0.018758494389507403,0.38333333333333336,-0.005,264.58716743662325,46.65055119618064,0.03883209080857609,0.0,262547.66165754246,6289.019205529229,19992684.332276125,399.9671946786765,312.08839023215614
0.018758494389507403,0.38333333333333336,0.005,264.58716743662325,46.6505490989958,0.038844563302108406,0.0,262547.6575397257,6289.019205530588,19992682.960940704,399.96718852837597,312.0883878326626
0.018758494389507403,0.38333333333333336,0.015,264.58716743662325,46.65055119618064,0.03883209080857609,0.0,262547.66165754246,6289.019205529229,19992684.332276125,399.9671946786765,312.08839023215614
0.018758494389507403,0.4166666666666667,-0.005,264.57584647548157,46.27974295479382,0.04402081080577968,0.0,262527.20049168594,6289.01920717851,19991581.993459713,399.96225095929526,312.0864614712332
0.018758494389507403,0.4166666666666667,0.005,264.57584647548157,46.27974052359242,0.04403546201905746,0.0,262527.1956085211,6289.019207180247,19991580.36608197,399.9622436604168,312.08645862361294
0.018758494389507403,0.4166666666666667,0.015,264.57584647548157,46.27974295479382,0.04402081080577968,0.0,262527.20049168594,6289.01920717851,19991581.993459713,399.96225095929526,312.0864614712332
0.018758494389507403,0.45,-0.005,264.56257440584,45.89016744222621,0.05076132774399798,0.0,262505.45863580063,6289.019209263384,19990289.74578512,399.9564553477843,312.0842003347928
0.018758494389507403,0.45,0.005,264.56257440584,45.89016460497005,0.050779228701134306,0.0,262505.45270395296,6289.019209265682,19990287.7667481,399.95644647133815,312.08419687166753
0.018758494389507403,0.45,0.015,264.56257440584,45.89016744222621,0.05076132774399798,0.0,262505.45863580063,6289.019209263384,19990289.74578512,399.9564553477843,312.0842003347928
0.018758494389507403,0.4833333333333334,-0.005,264.5463838350026,45.47960199697043,0.060085792576198824,0.0,262482.0809864973,6289.019212020158,19988713.462304372,399.94938556969345,312.08144206478266
0.018758494389507403,0.4833333333333334,0.005,264.5463838350026,45.479598632734245,0.060108939881818105,0.0,262482.073495832,6289.019212023408,19988710.959341515,399.9493743427926,312.0814376845941
0.018758494389507403,0.4833333333333334,0.015,264.5463838350026,45.47960199697043,0.060085792576198824,0.0,262482.0809864973,6289.019212020158,19988713.462304372,399.94938556969345,312.08144206478266
0.018758494389507403,0.5166666666666667,-0.005,264.52547552614493,45.04535906100669,0.07397633270403788,0.0,262456.4591330405,6289.019215955265,19986678.080044094,399.9402562290052,312.07788022149873
0.018758494389507403,0.5166666666666667,0.005,264.52547552614493,45.04535495761482,0.07400839733201234,0.0,262456.4491621525,6289.0192159603685,19986674.741913076,399.9402412551861,312.07787437937895
0.018758494389507403,0.5166666666666667,0.015,264.52547552614493,45.04535906100669,0.07397633270403788,0.0,262456.4591330405,6289.019215955265,19986678.080044094,399.9402562290052,312.07788022149873
0.018758494389507403,0.55,-0.005,264.4965434767434,44.58412411433794,0.09615424769372344,0.0,262427.53324401914,6289.0192222781025,19983861.926006045,399.9276241041021,312.0729516880113
0.018758494389507403,0.55,0.005,264.4965434767434,44.58411890124183,0.09620166231763157,0.0,262427.51919340313,6289.019222287293,19983857.212358043,399.9276029587698,312.07294343791057
0.018758494389507403,0.55,0.015,264.4965434767434,44.58412411433794,0.09615424769372344,0.0,262427.53324401914,6289.0192222781025,19983861.926006045,399.9276241041021,312.0729516880113
0.018758494389507403,0.5833333333333334,-0.005,264.4537956102763,44.09172255223011,0.1332240521991133,0.0,262393.5049548831,6289.019234045782,19979701.433868583,399.90896044688253,312.06566975723024
0.018758494389507403,0.5833333333333334,0.005,264.4537956102763,44.091715615052024,0.13329722035603347,0.0,262393.4842510184,6289.019234064601,19979694.4752668,399.90892922817767,312.06565757660013
0.018758494389507403,0.5833333333333334,0.015,264.4537956102763,44.09172255223011,0.1332240521991133,0.0,262393.5049548831,6289.019234045782,19979701.433868583,399.90896044688253,312.06566975723024
0.018758494389507403,0.6166666666666667,-0.005,264.3878642521404,43.56280192042585,0.19594406006904982,0.0,262351.5169882621,6289.019258903458,19973285.196353976,399.8801749544865,312.05443829393874
0.018758494389507403,0.6166666666666667,0.005,264.3878642521404,43.562792333993066,0.19605797949236387,0.0,262351.4859328796,6289.019258944811,19973274.743142176,399.8801280522601,312.05441999339615
0.018758494389507403,0.6166666666666667,0.015,264.3878642521404,43.56280192042585,0.19594406006904982,0.0,262351.5169882621,6289.019258903458,19973285.196353976,399.8801749544865,312.05443829393874
0.018758494389507403,0.65,-0.005,264.285241080185,42.990437846296935,0.2998766208628066,0.0,262297.48245551396,6289.01931444435,19963299.236834098,399.83536815059307,312.03695486440694
0.018758494389507403,0.65,0.005,264.285241080185,42.99042441009561,0.30004960340092274,0.0,262297.4365441889,6289.019314534386,19963283.766095005,399.8352987220827,312.03692777292923
0.018758494389507403,0.65,0.015,264.285241080185,42.990437846296935,0.2998766208628066,0.0,262297.48245551396,6289.01931444435,19963299.236834098,399.83536815059307,312.03695486440694
0.018758494389507403,0.6833333333333333,-0.005,264.129419869542,42.36570377206875,0.4640238067776544,0.0,262226.40441201633,6289.019435265316,19948138.791278545,399.7673275667023,312.0104038366491
0.018758494389507403,0.6833333333333333,0.005,264.129419869542,42.36568526731219,0.46427277030765923,0.0,262226.33949472074,6289.019435446,19948116.89783415,399.76722928209676,312.01036548206235
0.018758494389507403,0.6833333333333333,0.015,264.129419869542,42.36570377206875,0.4640238067776544,0.0,262226.40441201633,6289.019435265316,19948138.791278545,399.7673275667023,312.0104038366491
0.018758494389507403,0.7166666666666667,-0.005,263.9051225210154,41.67724556733728,0.7058197833899453,0.0,262133.57807709242,6289.019674474357,19926320.314690914,399.66936596295125,311.9721729581695
0.018758494389507403,0.7166666666666667,0.005,263.9051225210154,41.677221313648495,0.7061516655310388,0.0,262133.49246233935,6289.019674790228,19926291.4216232,399.6692361818343,311.9721223061759
0.018758494389507403,0.7166666666666667,0.015,263.9051225210154,41.67724556733728,0.7058197833899453,0.0,262133.57807709242,6289.019674474357,19926320.314690914,399.66936596295125,311.9721729581695
0.018758494389507403,0.75,-0.005,263.6060321319254,40.91077892036539,1.031947919440885,0.0,262016.78582617303,6289.0200852813,19897234.06492588,399.5386870295531,311.9211663921194
0.018758494389507403,0.75,0.005,263.6060321319254,40.91074952626617,1.0323496709897328,0.0,262016.6827091959,6289.020085741221,19897199.24624171,399.5385304917983,311.92110528734355
0.018758494389507403,0.75,0.015,263.6060321319254,40.91077892036539,1.031947919440885,0.0,262016.78582617303,6289.0200852813,19897234.06492588,399.5386870295531,311.9211663921194
0.018758494389507403,0.7833333333333332,-0.005,263.2438477209318,40.048050791216575,1.4274851058913642,0.0,261878.83589124284,6289.020677355883,19862023.180942934,399.3803372970365,311.85934818802406
0.018758494389507403,0.7833333333333332,0.005,263.2438477209318,40.04801869645608,1.4279184030700767,0.0,261878.72459436895,6289.020677891827,19861985.58539687,399.3801680607644,311.85928211326507
0.018758494389507403,0.7833333333333332,0.015,263.2438477209318,40.048050791216575,1.4274851058913642,0.0,261878.83589124284,6289.020677355883,19862023.180942934,399.3803372970365,311.85934818802406
0.018758494389507403,0.8166666666666667,-0.005,262.8531245074462,39.06406160611228,1.8497973268948884,0.0,261728.83256580992,6289.021381088224,19824050.532162182,399.2093533625227,311.7925839512742
0.018758494389507403,0.8166666666666667,0.005,262.8531245074462,39.06403083059603,1.850205201167112,0.0,261728.7268597104,6289.021381568621,19824014.81830364,399.2091923436131,311.792521071351
0.018758494389507403,0.8166666666666667,0.015,262.8531245074462,39.06406160611228,1.8497973268948884,0.0,261728.83256580992,6289.021381088224,19824050.532162182,399.2093533625227,311.7925839512742
0.018758494389507403,0.85,-0.005,262.4853318726156,37.920061423056985,2.2348243574325184,0.0,261580.26393768605,6289.0220810765895,19788317.77619254,399.04824022600053,311.7296608883511
0.018758494389507403,0.85,0.005,262.4853318726156,37.92003621682924,2.2351514992131927,0.0,261580.17707453782,6289.022081394533,19788288.429296743,399.0481076909481,311.7296091212886
0.018758494389507403,0.85,0.015,262.4853318726156,37.920061423056985,2.2348243574325184,0.0,261580.26393768605,6289.0220810765895,19788317.77619254,399.04824022600053,311.7296608883511
0.018758494389507403,0.8833333333333333,-0.005,262.1904603054734,36.54696699794407,2.5174522668614103,0.0,261445.31739108413,6289.02272340813,19759678.917767636,398.9189872571366,311.6791716951983
0.018758494389507403,0.8833333333333333,0.005,262.1904603054734,36.54694992905719,2.5176694749465507,0.0,261445.25619277806,6289.022723558073,19759658.245299168,398.91889375690977,311.6791351688911
0.018758494389507403,0.8833333333333333,0.015,262.1904603054734,36.54696699794407,2.5174522668614103,0.0,261445.31739108413,6289.02272340813,19759678.917767636,398.9189872571366,311.6791716951983
0.018758494389507403,0.9166666666666666,-0.005,261.99481592435404,34.80317713380914,2.654437787922835,0.0,261327.46247928918,6289.023412370482,19740688.214895036,398.833322407422,311.6457045203926
0.018758494389507403,0.9166666666666666,0.005,261.99481592435404,34.80316788399428,2.6545531252661245,0.0,261327.42465868362,6289.023412421186,19740675.442469552,398.8332645755342,311.64568192566566
0.018758494389507403,0.9166666666666666,0.015,261.99481592435404,34.80317713380914,2.654437787922835,0.0,261327.46247928918,6289.023412370482,19740688.214895036,398.833322407422,311.6457045203926
0.018758494389507403,0.9500000000000001,-0.005,261.89077323066994,32.3316480961798,2.624355427755068,0.0,261214.92893781685,6289.024539922086,19730612.84990595,398.78820813799626,311.62807802693834
0.018758494389507403,0.9500000000000001,0.005,261.89077323066994,32.33164421959402,2.62440206944384,0.0,261214.9060183136,6289.02453993706,19730605.11222838,398.78817308141464,311.6280643296735
0.018758494389507403,0.9500000000000001,0.015,261.89077323066994,32.3316480961798,2.624355427755068,0.0,261214.92893781685,6289.024539922086,19730612.84990595,398.78820813799626,311.62807802693834
0.018758494389507403,0.9833333333333333,-0.005,261.8466991421939,27.656811976347328,2.3361699507665303,0.0,261062.4496129987,6289.02739729179,19726416.97313169,398.77054499528674,311.62117662908724
0.018758494389507403,0.9833333333333333,0.005,261.8466991421939,27.65681101853963,2.3361811123844958,0.0,261062.43285374666,6289.0273972982295,19726411.316009305,398.77051935848766,311.62116661208665
0.018758494389507403,0.9833333333333333,0.015,261.8466991421939,27.656811976347328,2.3361699507665303,0.0,261062.4496129987,6289.02739729179,19726416.97313169,398.77054499528674,311.62117662908724
0.018758494389507403,1.0166666666666666,-0.005,261.84669914191704,2.932926623963257e-11,2.4776092165511493e-12,0.0,261062.4496129189,6289.992599418869,19755564.85800655,399.3597710043063,311.8513184071123
0.018758494389507403,1.0166666666666666,0.005,261.8466991416401,-27.65681197634714,-2.3361699507665143,0.0,261062.44961283918,6289.02739729179,19726416.973077912,398.7705449950427,311.6211766289919
0.018758494389507403,1.0166666666666666,0.015,261.84669914191704,2.932926623963257e-11,2.4776092165511493e-12,0.0,261062.4496129189,6289.992599418869,19755564.85800655,399.3597710043063,311.8513184071123
0.0194837528159908,-0.016666666666666666,-0.005,264.6475799398909,49.87973834646601,0.0,0.0,262720.7639606047,6289.019198371194,19998567.515422884,399.9935765171727,312.0986827384564
0.0194837528159908,-0.016666666666666666,0.005,264.6475799398908,49.87973834646601,-0.002641361033355497,0.0,262720.7639606047,6289.019198362473,19998567.515156083,399.99357651183635,312.09868273637454
0.0194837528159908,-0.016666666666666666,0.015,264.6475799398909,49.87973834646601,0.0,0.0,262720.7639606047,6289.019198371194,19998567.515422884,399.9935765171727,312.0986827384564
0.0194837528159908,0.016666666666666666,-0.005,264.6475799398909,49.87973834646601,0.002641361033355497,0.0,262720.7639606047,6289.019198362473,19998567.515156083,399.99357651183635,312.09868273637454
0.0194837528159908,0.016666666666666666,0.005,264.6475799398909,49.87973829634465,0.002641878295597176,0.0,262720.7626325373,6289.019198362528,19998567.062957957,399.9935744840502,312.0986819452751
0.0194837528159908,0.016666666666666666,0.015,264.6475799398909,49.87973834646601,0.002641361033355497,0.0,262720.7639606047,6289.019198362473,19998567.515156083,399.99357651183635,312.09868273637454
0.0194837528159908,0.05,-0.005,264.6463700843498,49.633830524276796,0.007251896147442578,0.0,262708.1830634171,6289.019198618347,19998449.68310536,399.9930482324804,312.0984766388829
0.0194837528159908,0.05,0.005,264.6463700843498,49.633830360676,0.007253464522128282,0.0,262708.1817100114,6289.019198618442,19998449.22417536,399.99304617451503,312.09847583600913
0.0194837528159908,0.05,0.015,264.6463700843498,49.633830524276796,0.007251896147442578,0.0,262708.1830634171,6289.019198618347,19998449.68310536,399.9930482324804,312.0984766388829
0.0194837528159908,0.08333333333333333,-0.005,264.64424709236823,49.38037231523592,0.011241798437043801,0.0,262695.0290867362,6289.019198919811,19998242.91671808,399.9921211557346,312.0981149583374
0.0194837528159908,0.08333333333333333,0.005,264.64424709236823,49.38037202593071,0.011244416558621543,0.0,262695.0276827554,6289.019198919953,19998242.44263137,399.99211902980664,312.09811412894845
0.0194837528159908,0.08333333333333333,0.015,264.64424709236823,49.38037231523592,0.011241798437043801,0.0,262695.0290867362,6289.019198919811,19998242.91671808,399.9921211557346,312.0981149583374
0.0194837528159908,0.11666666666666667,-0.005,264.64122204974694,49.11885122163955,0.014683479629061783,0.0,262681.2857599174,6289.019199272424,19997948.29823254,399.9908001278878,312.09759958488456
0.0194837528159908,0.11666666666666667,0.005,264.64122204974694,49.11885079392985,0.014687141823880652,0.0,262681.28427530825,6289.019199272622,19997947.79892599,399.9907978888654,312.0975987113726
0.0194837528159908,0.11666666666666667,0.015,264.64122204974694,49.11885122163955,0.014683479629061783,0.0,262681.2857599174,6289.019199272424,19997948.29823254,399.9908001278878,312.09759958488456
0.0194837528159908,0.15,-0.005,264.6373223742477,48.848696603132886,0.017680081722024045,0.0,262666.93936403724,6289.019199683647,19997568.502280034,399.98909713340817,312.0969351932851
0.0194837528159908,0.15,0.005,264.6373223742477,48.848696023998464,0.017684766123103293,0.0,262666.93776018417,6289.019199683915,19997567.964771304,399.9890947230669,312.0969342529343
0.0194837528159908,0.15,0.015,264.6373223742477,48.848696603132886,0.017680081722024045,0.0,262666.93936403724,6289.019199683647,19997568.502280034,399.98909713340817,312.0969351932851
0.0194837528159908,0.1833333333333333,-0.005,264.63258969952017,48.56927042042215,0.020366029602805227,0.0,262651.97779920755,6289.019200163299,19997107.58860541,399.98703036640165,312.0961288807052
0.0194837528159908,0.1833333333333333,0.005,264.63258969952017,48.569269676602765,0.020371701162240283,0.0,262651.9760284876,6289.019200163647,19997106.996839557,399.9870277127344,312.0961278454225
0.0194837528159908,0.1833333333333333,0.015,264.63258969952017,48.56927042042215,0.020366029602805227,0.0,262651.97779920755,6289.019200163299,19997107.58860541,399.98703036640165,312.0961288807052
0.0194837528159908,0.2166666666666667,-0.005,264.6270674751449,48.27985640769513,0.022896624017724868,0.0,262636.38666747825,6289.019200724199,19996569.793417804,399.98461881153537,312.09518805260876
0.0194837528159908,0.2166666666666667,0.005,264.6270674751449,48.27985548548454,0.02290324918689785,0.0,262636.3846751593,6289.019200724644,19996569.12891775,399.98461583166807,312.0951868900612
0.0194837528159908,0.2166666666666667,0.015,264.6270674751449,48.27985640769513,0.022896624017724868,0.0,262636.38666747825,6289.019200724199,19996569.793417804,399.98461881153537,312.09518805260876
0.0194837528159908,0.25,-0.005,264.6207832384646,47.97964730937304,0.02543321763930602,0.0,262620.1437759057,6289.019201382766,19995957.802328035,399.9818744994441,312.0941174013548
0.0194837528159908,0.25,0.005,264.6207832384646,47.9796461940271,0.02544078555981154,0.0,262620.1415028089,6289.0192013833275,19995957.045111746,399.981871103747,312.09411607657347
0.0194837528159908,0.25,0.015,264.6207832384646,47.97964730937304,0.02543321763930602,0.0,262620.1437759057,6289.019201382766,19995957.802328035,399.9818744994441,312.0941174013548
0.0194837528159908,0.2833333333333333,-0.005,264.6137320021496,47.66772945715809,0.028132956810532992,0.0,262603.2138747774,6289.0192021601015,19995271.1328153,399.9787952523708,312.0929160759843
0.0194837528159908,0.2833333333333333,0.005,264.6137320021496,47.6677281319583,0.02814150067307442,0.0,262603.21125847707,6289.019202160803,19995270.26181912,399.9787913463558,312.09291455210405
0.0194837528159908,0.2833333333333333,0.015,264.6137320021496,47.66772945715809,0.028132956810532992,0.0,262603.2138747774,6289.0192021601015,19995271.1328153,399.9787952523708,312.0929160759843
0.0194837528159908,0.31666666666666665,-0.005,264.6058635209577,47.343063633152035,0.03114932114550895,0.0,262585.54438162205,6289.019203083571,19994504.895282265,399.9753591264309,312.0915755138339
0.0194837528159908,0.31666666666666665,0.005,264.6058635209577,47.343062078161935,0.03115893847096942,0.0,262585.54135433043,6289.01920308444,19994503.887657914,399.97535460759605,312.09157375086244
0.0194837528159908,0.31666666666666665,0.015,264.6058635209577,47.343063633152035,0.03114932114550895,0.0,262585.54438162205,6289.019203083571,19994504.895282265,399.9753591264309,312.0915755138339
0.0194837528159908,0.35,-0.005,264.59707034029327,47.004460850024984,0.03464652016936833,0.0,262567.0611586636,6289.019204189639,19993648.63098381,399.97151919752986,312.09007740612606
0.0194837528159908,0.35,0.005,264.59707034029327,47.004459040344585,0.034657399473480975,0.0,262567.05764010746,6289.019204190722,19993647.459694084,399.97151394457387,312.0900753567358
0.0194837528159908,0.35,0.015,264.59707034029327,47.004460850024984,0.03464652016936833,0.0,262567.0611586636,6289.019204189639,19993648.63098381,399.97151919752986,312.09007740612606
0.0194837528159908,0.3833333333333334,-0.005,264.5871674337958,46.65055119616682,0.038832092158222954,0.0,262547.66165673785,6289.019205529234,19992684.332001396,399.96719467744657,312.08839023167627
0.0194837528159908,0.3833333333333334,0.005,264.5871674337958,46.65054909898197,0.038844564652267245,0.0,262547.65753891953,6289.019205530592,19992682.960665457,399.96718852714366,312.0883878321818
0.0194837528159908,0.3833333333333334,0.015,264.5871674337958,46.65055119616682,0.038832092158222954,0.0,262547.66165673785,6289.019205529234,19992684.332001396,399.96719467744657,312.08839023167627
0.0194837528159908,0.4166666666666667,-0.005,264.5758464721737,46.2797429547722,0.04402081238555631,0.0,262527.20049074286,6289.019207178512,19991581.993138205,399.962250957854,312.08646147067094
0.0194837528159908,0.4166666666666667,0.005,264.5758464721737,46.27974052357077,0.044035463599496415,0.0,262527.19560757617,6289.019207180248,19991580.365759846,399.9622436589727,312.0864586230496
0.0194837528159908,0.4166666666666667,0.015,264.5758464721737,46.2797429547722,0.04402081238555631,0.0,262527.20049074286,6289.019207178512,19991581.993138205,399.962250957854,312.08646147067094
0.0194837528159908,0.45,-0.005,264.5625744019088,45.89016744219317,0.050761329666511534,0.0,262505.45863467944,6289.019209263386,19990289.745403063,399.9564553460713,312.0842003341245
0.0194837528159908,0.45,0.005,264.5625744019088,45.890164604937,0.05077923062456952,0.0,262505.4527028295,6289.019209265684,19990287.76636527,399.9564464696217,312.08419687099786
0.0194837528159908,0.45,0.015,264.5625744019088,45.89016744219317,0.050761329666511534,0.0,262505.45863467944,6289.019209263386,19990289.745403063,399.9564553460713,312.0842003341245
0.0194837528159908,0.4833333333333334,-0.005,264.5463838302025,45.47960199691589,0.06008579505131107,0.0,262482.0809851289,6289.019212020165,19988713.46183801,399.9493855676037,312.08144206396736
0.0194837528159908,0.4833333333333334,0.005,264.5463838302025,45.47959863267967,0.06010894235830945,0.0,262482.07349446067,6289.019212023413,19988710.95887417,399.94937434069845,312.08143768377715
0.0194837528159908,0.4833333333333334,0.015,264.5463838302025,45.47960199691589,0.06008579505131107,0.0,262482.0809851289,6289.019212020165,19988713.46183801,399.9493855676037,312.08144206396736
0.0194837528159908,0.5166666666666667,-0.005,264.5254755200438,45.04535906091338,0.07397633611724097,0.0,262456.45913129917,6289.019215955269,19986678.07945134,399.9402562263474,312.0778802204618
0.0194837528159908,0.5166666666666667,0.005,264.5254755200438,45.045354957521425,0.07400840074738507,0.0,262456.4491604071,6289.019215960372,19986674.741318967,399.9402412525222,312.07787437833963
0.0194837528159908,0.5166666666666667,0.015,264.5254755200438,45.04535906091338,0.07397633611724097,0.0,262456.45913129917,6289.019215955269,19986678.07945134,399.9402562263474,312.0778802204618
0.0194837528159908,0.55,-0.005,264.4965434685893,44.58412411417344,0.09615425271894121,0.0,262427.53324169037,6289.019222278106,19983861.92521398,399.92762410055013,312.0729516866254
0.0194837528159908,0.55,0.005,264.4965434685893,44.584118901077204,0.09620166734630607,0.0,262427.51919106866,6289.019222287297,19983857.21156405,399.9276029552091,312.07294343652137
0.0194837528159908,0.55,0.015,264.4965434685893,44.58412411417344,0.09615425271894121,0.0,262427.53324169037,6289.019222278106,19983861.92521398,399.92762410055013,312.0729516866254
0.0194837528159908,0.5833333333333334,-0.005,264.45379559884486,44.0917225519383,0.13322405992451453,0.0,262393.504951616,6289.019234045787,19979701.43275837,399.9089604419028,312.0656697552873
0.0194837528159908,0.5833333333333334,0.005,264.45379559884486,44.09171561476,0.13329722808679662,0.0,262393.48424774286,6289.019234064605,19979694.47415371,399.90892922318505,312.0656575746521
0.0194837528159908,0.5833333333333334,0.015,264.45379559884486,44.0917225519383,0.13322405992451453,0.0,262393.504951616,6289.019234045787,19979701.43275837,399.9089604419028,312.0656697552873
0.0194837528159908,0.6166666666666667,-0.005,264.38786423561396,43.56280191992329,0.1959440720585036,0.0,262351.51698353427,6289.019258903461,19973285.19474907,399.88017494728393,312.0544382911284
0.0194837528159908,0.6166666666666667,0.005,264.38786423561396,43.562792333490165,0.19605799148964523,0.0,262351.48592813907,6289.0192589448125,19973274.74153296,399.8801280450382,312.05441999057825
0.0194837528159908,0.6166666666666667,0.015,264.38786423561396,43.56280191992329,0.1959440720585036,0.0,262351.51698353427,6289.019258903461,19973285.19474907,399.88017494728393,312.0544382911284
0.0194837528159908,0.65,-0.005,264.28524105619937,42.99043784547669,0.29987663901501727,0.0,262297.4824486516,6289.019314444362,19963299.234505292,399.83536814014093,312.0369548603284
0.0194837528159908,0.65,0.005,264.28524105619937,42.990424409274894,0.3000496215635687,0.0,262297.4365373079,6289.0193145343965,19963283.763759922,399.8352987116022,312.0369277688397
0.0194837528159908,0.65,0.015,264.28524105619937,42.99043784547669,0.29987663901501727,0.0,262297.4824486516,6289.019314444362,19963299.234505292,399.83536814014093,312.0369548603284
0.0194837528159908,0.6833333333333333,-0.005,264.12941983558875,42.36570377082855,0.4640238328274214,0.0,262226.4044023013,6289.019435265338,19948138.787982486,399.7673275519026,312.0104038308737
0.0194837528159908,0.6833333333333333,0.005,264.12941983558875,42.36568526607144,0.46427279636974017,0.0,262226.3394849803,6289.019435446021,19948116.894529425,399.7672292672582,312.0103654762717
0.0194837528159908,0.6833333333333333,0.015,264.12941983558875,42.36570377082855,0.4640238328274214,0.0,262226.4044023013,6289.019435265338,19948138.787982486,399.7673275519026,312.0104038308737
0.0194837528159908,0.7166666666666667,-0.005,263.9051224752764,41.67724556563633,0.7058198180082245,0.0,262133.5780640069,6289.0196744743935,19926320.310251493,399.6693659430047,311.97217295038456
0.0194837528159908,0.7166666666666667,0.005,263.9051224752764,41.67722131194702,0.7061517001616521,0.0,262133.49244922114,6289.0196747902655,19926291.417172693,399.66923616183783,311.9721222983715
0.0194837528159908,0.7166666666666667,0.015,263.9051224752764,41.67724556563633,0.7058198180082245,0.0,262133.5780640069,6289.0196744743935,19926320.310251493,399.6693659430047,311.97217295038456
0.0194837528159908,0.75,-0.005,263.60603207437697,40.91077891829899,1.031947961200883,0.0,262016.78580971132,6289.0200852813505,19897234.05934115,399.5386870044342,311.9211663823142
0.0194837528159908,0.75,0.005,263.60603207437697,40.910749524199446,1.0323497127594317,0.0,262016.68269269628,6289.020085741272,19897199.240644086,399.5385304666214,311.9211052775157
0.0194837528159908,0.75,0.015,263.60603207437697,40.91077891829899,1.031947961200883,0.0,262016.78580971132,6289.0200852813505,19897234.05934115,399.5386870044342,311.9211663823142
0.0194837528159908,0.7833333333333332,-0.005,263.2438476541483,40.04805078906122,1.4274851507505775,0.0,261878.83587213888,6289.020677355935,19862023.17446278,399.3803372678463,311.8593481766274
0.0194837528159908,0.7833333333333332,0.005,263.2438476541483,40.04801869430075,1.427918447934001,0.0,261878.7245752255,6289.020677891879,19861985.578903303,399.3801680315138,311.85928210184477
0.0194837528159908,0.7833333333333332,0.015,263.2438476541483,40.04805078906122,1.4274851507505775,0.0,261878.83587213888,6289.020677355935,19862023.17446278,399.3803372678463,311.8593481766274
0.0194837528159908,0.8166666666666667,-0.005,262.8531244363337,39.064061604288405,1.8497973689312965,0.0,261728.83254547106,6289.02138108828,19824050.525262956,399.2093533313994,311.79258393912016
0.0194837528159908,0.8166666666666667,0.005,262.8531244363337,39.06403082877256,1.8502052432025946,0.0,261728.72683933537,6289.021381568677,19824014.81139216,399.2091923124344,311.79252105917533
0.0194837528159908,0.8166666666666667,0.015,262.8531244363337,39.064061604288405,1.8497973689312965,0.0,261728.83254547106,6289.02138108828,19824050.525262956,399.2093533313994,311.79258393912016
0.0194837528159908,0.85,-0.005,262.4853318027739,37.920061421977515,2.2348243909835492,0.0,261580.26391769852,6289.022081076612,19788317.769416023,399.04824019537256,311.72966087638804
0.0194837528159908,0.85,0.005,262.4853318027739,37.920036215750464,2.2351515327593745,0.0,261580.17705452157,6289.022081394555,19788288.42251052,399.0481076602761,311.72960910930834
0.0194837528159908,0.85,0.015,262.4853318027739,37.920061421977515,2.2348243909835492,0.0,261580.26391769852,6289.022081076612,19788317.769416023,399.04824019537256,311.72966087638804
0.0194837528159908,0.8833333333333332,-0.005,262.1904602408139,36.5469669978219,2.5174522890381463,0.0,261445.3173725705,6289.022723408132,19759678.911493063,398.91898722873685,311.6791716841038
0.0194837528159908,0.8833333333333332,0.005,262.1904602408139,36.54694992893573,2.5176694971176414,0.0,261445.2561742448,6289.022723558076,19759658.239017967,398.91889372848,311.67913515778486
0.0194837528159908,0.8833333333333332,0.015,262.1904602408139,36.5469669978219,2.5174522890381463,0.0,261445.3173725705,6289.022723408132,19759678.911493063,398.91898722873685,311.6791716841038
0.0194837528159908,0.9166666666666666,-0.005,261.99481586565724,34.80317713454624,2.654437799684825,0.0,261327.46246247125,6289.023412370466,19740688.20919781,398.83332238160773,311.6457045103071
0.0194837528159908,0.9166666666666666,0.005,261.99481586565724,34.803167884731884,2.654553137024171,0.0,261327.4246418537,6289.023412421171,19740675.436768282,398.8332645497016,311.64568191557294
0.0194837528159908,0.9166666666666666,0.015,261.99481586565724,34.80317713454624,2.654437799684825,0.0,261327.46246247125,6289.023412370466,19740688.20919781,398.83332238160773,311.6457045103071
0.0194837528159908,0.95,-0.005,261.8907731761539,32.33164809747827,2.6243554325726146,0.0,261214.92892218698,6289.024539922062,19730612.844613604,398.78820811400294,311.6280780175637
0.0194837528159908,0.95,0.005,261.8907731761539,32.33164422089281,2.6244020742596796,0.0,261214.90600267635,6289.024539937038,19730605.106933527,398.78817305741,311.6280643202944
0.0194837528159908,0.95,0.015,261.8907731761539,32.33164809747827,2.6243554325726146,0.0,261214.92892218698,6289.024539922062,19730612.844613604,398.78820811400294,311.6280780175637
0.0194837528159908,0.9833333333333332,-0.005,261.84669908948825,27.656811977269925,2.336169951964546,0.0,261062.44959784325,6289.027397291727,19726416.96801354,398.7705449720594,311.62117662001174
0.0194837528159908,0.9833333333333332,0.005,261.84669908948825,27.65681101946243,2.336181113582151,0.0,261062.4328385856,6289.027397298165,19726411.310889248,398.7705193352518,311.62116660300774
0.0194837528159908,0.9833333333333332,0.015,261.84669908948825,27.656811977269925,2.336169951964546,0.0,261062.44959784325,6289.027397291727,19726416.96801354,398.7705449720594,311.62117662001174
0.0194837528159908,1.0166666666666668,-0.005,261.84669908920466,2.99423187671283e-11,2.52927582474778e-12,0.0,261062.44959776153,6289.992599418932,19755564.852884028,399.35977098111937,311.85131839805916
0.0194837528159908,1.0166666666666668,0.005,261.84669908892107,-27.65681197726992,-2.336169951964546,0.0,261062.44959767986,6289.027397291727,19726416.967958465,398.77054497180944,311.6211766199141
0.0194837528159908,1.0166666666666668,0.015,261.84669908920466,2.99423187671283e-11,2.52927582474778e-12,0.0,261062.44959776153,6289.992599418932,19755564.852884028,399.35977098111937,311.85131839805916
0.020209011242474192,-0.016666666666666666,-0.005,264.64757993910143,49.87973834647191,0.0,0.0,262720.7639603775,6289.0191983711875,19998567.51534597,399.9935765168247,312.0986827383207
0.020209011242474192,-0.016666666666666666,0.005,264.6475799391015,49.87973834647191,-0.0026413610908576804,0.0,262720.7639603775,6289.019198362467,19998567.515079163,399.99357651148836,312.0986827362388
0.020209011242474192,-0.016666666666666666,0.015,264.64757993910143,49.87973834647191,0.0,0.0,262720.7639603775,6289.0191983711875,19998567.51534597,399.9935765168247,312.0986827383207
0.020209011242474192,0.016666666666666666,-0.005,264.64757993910143,49.87973834647191,0.0026413610908576804,0.0,262720.7639603775,6289.019198362467,19998567.515079163,399.99357651148836,312.0986827362388
0.020209011242474192,0.016666666666666666,0.005,264.64757993910143,49.879738296350546,0.002641878353112492,0.0,262720.76263230963,6289.019198362523,19998567.062880874,399.99357448370154,312.09868194513905
0.020209011242474192,0.016666666666666666,0.015,264.64757993910143,49.87973834647191,0.0026413610908576804,0.0,262720.7639603775,6289.019198362467,19998567.515079163,399.99357651148836,312.0986827362388
0.020209011242474192,0.05,-0.005,264.6463700835336,49.6338305242827,0.007251896320237543,0.0,262708.1830631871,6289.019198618354,19998449.68302621,399.99304823212816,312.0984766387455
0.020209011242474192,0.05,0.005,264.6463700835336,49.63383036068191,0.007253464694962679,0.0,262708.1817097809,6289.019198618447,19998449.224096034,399.993046174162,312.09847583587145
0.020209011242474192,0.05,0.015,264.6463700835336,49.6338305242827,0.007251896320237543,0.0,262708.1830631871,6289.019198618354,19998449.68302621,399.99304823212816,312.0984766387455
0.020209011242474192,0.08333333333333333,-0.005,264.6442470915041,49.3803723152414,0.011241798725438835,0.0,262695.0290864921,6289.019198919816,19998242.916634228,399.99212115536073,312.09811495819156
0.020209011242474192,0.08333333333333333,0.005,264.6442470915041,49.380372025936204,0.011244416847084354,0.0,262695.0276825106,6289.0191989199575,19998242.442547332,399.99211902943176,312.09811412880225
0.020209011242474192,0.08333333333333333,0.015,264.6442470915041,49.3803723152414,0.011241798725438835,0.0,262695.0290864921,6289.019198919816,19998242.916634228,399.99212115536073,312.09811495819156
0.020209011242474192,0.11666666666666665,-0.005,264.6412220488086,49.11885122164434,0.014683480032186516,0.0,262681.28575965087,6289.019199272425,19997948.298141368,399.99080012747964,312.09759958472534
0.020209011242474192,0.11666666666666665,0.005,264.6412220488086,49.118850793934634,0.014687142227103744,0.0,262681.284275041,6289.019199272623,19997947.798834622,399.9907978884563,312.097598711213
0.020209011242474192,0.11666666666666665,0.015,264.6412220488086,49.11885122164434,0.014683480032186516,0.0,262681.28575965087,6289.019199272425,19997948.298141368,399.99080012747964,312.09759958472534
0.020209011242474192,0.15,-0.005,264.63732237320465,48.848696603136446,0.01768008223708324,0.0,262666.9393637401,6289.019199683647,19997568.502178635,399.98909713295336,312.09693519310764
0.020209011242474192,0.15,0.005,264.63732237320465,48.84869602400202,0.017684766638294366,0.0,262666.93775988644,6289.019199683915,19997567.964669704,399.9890947226112,312.09693425275657
0.020209011242474192,0.15,0.015,264.63732237320465,48.848696603136446,0.01768008223708324,0.0,262666.9393637401,6289.019199683647,19997568.502178635,399.98909713295336,312.09693519310764
0.020209011242474192,0.18333333333333332,-0.005,264.6325896983354,48.569270420424544,0.02036603022550852,0.0,262651.9777988753,6289.019200163311,19997107.58849064,399.9870303658932,312.09612888050685
0.020209011242474192,0.18333333333333332,0.005,264.6325896983354,48.56926967660516,0.020371701785113046,0.0,262651.9760281547,6289.019200163661,19997106.996724557,399.9870277122249,312.09612784522375
0.020209011242474192,0.18333333333333332,0.015,264.6325896983354,48.569270420424544,0.02036603022550852,0.0,262651.9777988753,6289.019200163311,19997107.58849064,399.9870303658932,312.09612888050685
0.020209011242474192,0.21666666666666667,-0.005,264.6270674737911,48.27985640769609,0.022896624744029925,0.0,262636.3866670924,6289.019200724199,19996569.793286186,399.984618810945,312.0951880523784
0.020209011242474192,0.21666666666666667,0.005,264.6270674737911,48.279855485485506,0.02290324991341296,0.0,262636.3846747726,6289.019200724644,19996569.12878588,399.98461583107644,312.0951868898304
0.020209011242474192,0.21666666666666667,0.015,264.6270674737911,48.27985640769609,0.022896624744029925,0.0,262636.3866670924,6289.019200724199,19996569.793286186,399.984618810945,312.0951880523784
0.020209011242474192,0.25,-0.005,264.6207832369016,47.97964730937184,0.025433218467410396,0.0,262620.1437754601,6289.019201382766,19995957.802176073,399.9818744987624,312.0941174010889
0.020209011242474192,0.25,0.005,264.6207832369016,47.97964619402588,0.025440786388168917,0.0,262620.14150236244,6289.0192013833275,19995957.044959497,399.98187110306407,312.094116076307
0.020209011242474192,0.25,0.015,264.6207832369016,47.97964730937184,0.025433218467410396,0.0,262620.1437754601,6289.019201382766,19995957.802176073,399.9818744987624,312.0941174010889
0.020209011242474192,0.2833333333333333,-0.005,264.61373200033773,47.66772945715492,0.028132957743455922,0.0,262603.213874263,6289.019202160107,19995271.132639315,399.9787952515841,312.0929160756774
0.020209011242474192,0.2833333333333333,0.005,264.61373200033773,47.667728131955116,0.028141501606296453,0.0,262603.2112579617,6289.019202160807,19995270.261642806,399.9787913455677,312.0929145517965
0.020209011242474192,0.2833333333333333,0.015,264.61373200033773,47.66772945715492,0.028132957743455922,0.0,262603.213874263,6289.019202160107,19995271.132639315,399.9787952515841,312.0929160756774
0.020209011242474192,0.31666666666666665,-0.005,264.605863518861,47.34306363314627,0.03114932219291057,0.0,262585.5443810235,6289.019203083568,19994504.89507837,399.97535912551564,312.0915755134768
0.020209011242474192,0.31666666666666665,0.005,264.605863518861,47.34306207815618,0.031158939518722274,0.0,262585.54135373083,6289.019203084439,19994503.88745364,399.9753546066792,312.0915737505047
0.020209011242474192,0.31666666666666665,0.015,264.605863518861,47.34306363314627,0.03114932219291057,0.0,262585.5443810235,6289.019203083568,19994504.89507837,399.97535912551564,312.0915755134768
0.020209011242474192,0.35,-0.005,264.5970703378618,47.00446085001578,0.03464652135091274,0.0,262567.0611579714,6289.019204189643,19993648.630747527,399.97151919647155,312.09007740571315
0.020209011242474192,0.35,0.005,264.5970703378618,47.0044590403354,0.034657400655442615,0.0,262567.05763941415,6289.019204190726,19993647.45945737,399.97151394351386,312.09007535632225
0.020209011242474192,0.35,0.015,264.5970703378618,47.00446085001578,0.03464652135091274,0.0,262567.0611579714,6289.019204189643,19993648.630747527,399.97151919647155,312.09007740571315
0.020209011242474192,0.38333333333333336,-0.005,264.5871674309707,46.650551196152776,0.03883209350872486,0.0,262547.66165593266,6289.019205529236,19992684.3317268,399.96719467621574,312.08839023119606
0.020209011242474192,0.38333333333333336,0.005,264.5871674309707,46.650549098967915,0.03884456600328105,0.0,262547.6575381129,6289.019205530595,19992682.960390355,399.9671885259106,312.08838783170074
0.020209011242474192,0.38333333333333336,0.015,264.5871674309707,46.650551196152776,0.03883209350872486,0.0,262547.66165593266,6289.019205529236,19992684.3317268,399.96719467621574,312.08839023119606
0.020209011242474192,0.41666666666666674,-0.005,264.57584646886556,46.279742954750965,0.04402081396637501,0.0,262527.2004898009,6289.019207178517,19991581.992816765,399.9622509564144,312.08646147010927
0.020209011242474192,0.41666666666666674,0.005,264.57584646886556,46.27974052354953,0.04403546518097781,0.0,262527.1956066324,6289.019207180252,19991580.36543779,399.96224365753034,312.0864586224869
0.020209011242474192,0.41666666666666674,0.015,264.57584646886556,46.279742954750965,0.04402081396637501,0.0,262527.2004898009,6289.019207178517,19991581.992816765,399.9622509564144,312.08646147010927
0.020209011242474192,0.45,-0.005,264.5625743979797,45.89016744215979,0.05076133158986096,0.0,262505.4586335563,6289.0192092633815,19990289.745021008,399.95645534435545,312.08420033345504
0.020209011242474192,0.45,0.005,264.5625743979797,45.89016460490361,0.050779232548840515,0.0,262505.4527017042,6289.01920926568,19990287.765982457,399.95644646790254,312.0841968703271
0.020209011242474192,0.45,0.015,264.5625743979797,45.89016744215979,0.05076133158986096,0.0,262505.4586335563,6289.0192092633815,19990289.745021008,399.95645534435545,312.08420033345504
0.020209011242474192,0.48333333333333334,-0.005,264.5463838254064,45.47960199686102,0.06008579752657563,0.0,262482.0809837568,6289.019212020157,19988713.461371668,399.94938556550835,312.0814420631499
0.020209011242474192,0.48333333333333334,0.005,264.5463838254064,45.479598632624764,0.06010894483495331,0.0,262482.07349308574,6289.019212023407,19988710.958406843,399.9493743385987,312.0814376829579
0.020209011242474192,0.48333333333333334,0.015,264.5463838254064,45.47960199686102,0.06008579752657563,0.0,262482.0809837568,6289.019212020157,19988713.461371668,399.94938556550835,312.0814420631499
0.020209011242474192,0.5166666666666667,-0.005,264.52547551394383,45.04535906082007,0.07397633953011537,0.0,262456.45912955655,6289.019215955269,19986678.078858573,399.9402562236877,312.0778802194241
0.020209011242474192,0.5166666666666667,0.005,264.52547551394383,45.04535495742806,0.07400840416242968,0.0,262456.44915866066,6289.019215960372,19986674.74072486,399.9402412498565,312.0778743772996
0.020209011242474192,0.5166666666666667,0.015,264.52547551394383,45.04535906082007,0.07397633953011537,0.0,262456.45912955655,6289.019215955269,19986678.078858573,399.9402562236877,312.0778802194241
0.020209011242474192,0.55,-0.005,264.4965434604351,44.58412411400857,0.09615425774400592,0.0,262427.53323936166,6289.019222278111,19983861.924421914,399.92762409699833,312.0729516852397
0.020209011242474192,0.55,0.005,264.4965434604351,44.5841189009122,0.09620167237482734,0.0,262427.51918873424,6289.019222287301,19983857.21077004,399.92760295164857,312.0729434351321
0.020209011242474192,0.55,0.015,264.4965434604351,44.58412411400857,0.09615425774400592,0.0,262427.53323936166,6289.019222278111,19983861.924421914,399.92762409699833,312.0729516852397
0.020209011242474192,0.5833333333333334,-0.005,264.45379558741297,44.091722551646654,0.13322406765004674,0.0,262393.5049483493,6289.019234045793,19979701.43164816,399.9089604369238,312.0656697533446
0.020209011242474192,0.5833333333333334,0.005,264.45379558741297,44.09171561446815,0.13329723581769082,0.0,262393.4842444678,6289.019234064612,19979694.47304062,399.9089292181931,312.0656575727045
0.020209011242474192,0.5833333333333334,0.015,264.45379558741297,44.091722551646654,0.13322406765004674,0.0,262393.5049483493,6289.019234045793,19979701.43164816,399.9089604369238,312.0656697533446
0.020209011242474192,0.6166666666666667,-0.005,264.387864219089,43.56280191942033,0.19594408404818325,0.0,262351.5169788051,6289.01925890346,19973285.193144176,399.8801749400795,312.05443828831733
0.020209011242474192,0.6166666666666667,0.005,264.387864219089,43.562792332986874,0.19605800348715263,0.0,262351.4859233973,6289.0192589448125,19973274.73992376,399.88012803781436,312.0544199877597
0.020209011242474192,0.6166666666666667,0.015,264.387864219089,43.56280191942033,0.19594408404818325,0.0,262351.5169788051,6289.01925890346,19973285.193144176,399.8801749400795,312.05443828831733
0.020209011242474192,0.65,-0.005,264.2852410322164,42.99043784465604,0.29987665716770473,0.0,262297.4824417865,6289.019314444365,19963299.232176498,399.83536812968475,312.03695485624837
0.020209011242474192,0.65,0.005,264.2852410322164,42.990424408453784,0.30004963972669163,0.0,262297.43653042446,6289.0193145344,19963283.761424858,399.83529870111795,312.03692776474867
0.020209011242474192,0.65,0.015,264.2852410322164,42.99043784465604,0.29987665716770473,0.0,262297.4824417865,6289.019314444365,19963299.232176498,399.83536812968475,312.03695485624837
0.020209011242474192,0.6833333333333333,-0.005,264.12941980163674,42.36570376958783,0.4640238588777165,0.0,262226.4043925848,6289.019435265354,19948138.784686413,399.76732753710075,312.01040382509746
0.020209011242474192,0.6833333333333333,0.005,264.12941980163674,42.36568526483019,0.46427282243234924,0.0,262226.33947523835,6289.019435446038,19948116.89122469,399.7672292524174,312.0103654704802
0.020209011242474192,0.6833333333333333,0.015,264.12941980163674,42.36570376958783,0.4640238588777165,0.0,262226.4043925848,6289.019435265354,19948138.784686413,399.76732753710075,312.01040382509746
0.020209011242474192,0.7166666666666667,-0.005,263.9051224295399,41.67724556393537,0.705819852626535,0.0,262133.57805091812,6289.01967447442,19926320.30581202,399.66936592305325,311.9721729425978
0.020209011242474192,0.7166666666666667,0.005,263.9051224295399,41.67722131024554,0.7061517347922966,0.0,262133.49243609986,6289.019674790292,19926291.412722137,399.6692361418366,311.97212229056527
0.020209011242474192,0.7166666666666667,0.015,263.9051224295399,41.67724556393537,0.705819852626535,0.0,262133.57805091812,6289.01967447442,19926320.30581202,399.66936592305325,311.9721729425978
0.020209011242474192,0.75,-0.005,263.6060320168279,40.91077891623277,1.0319480029606865,0.0,262016.78579325005,6289.020085281403,19897234.053756412,399.538686979316,311.92116637250933
0.020209011242474192,0.75,0.005,263.6060320168279,40.910749522132896,1.0323497545289348,0.0,262016.68267619694,6289.020085741323,19897199.235046435,399.53853044144495,311.921105267688
0.020209011242474192,0.75,0.015,263.6060320168279,40.91077891623277,1.0319480029606865,0.0,262016.78579325005,6289.020085281403,19897234.053756412,399.538686979316,311.92116637250933
0.020209011242474192,0.7833333333333333,-0.005,263.2438475873604,40.048050786906245,1.4274851956097572,0.0,261878.83585303932,6289.020677355999,19862023.16798263,399.3803372386629,311.8593481652333
0.020209011242474192,0.7833333333333333,0.005,263.2438475873604,40.04801869214581,1.4279184927978932,0.0,261878.7245560864,6289.020677891944,19861985.572409738,399.38016800226984,311.8592820904271
0.020209011242474192,0.7833333333333333,0.015,263.2438475873604,40.048050786906245,1.4274851956097572,0.0,261878.83585303932,6289.020677355999,19862023.16798263,399.3803372386629,311.8593481652333
0.020209011242474192,0.8166666666666668,-0.005,262.8531243652271,39.06406160246399,1.8497974109674729,0.0,261728.83252512562,6289.021381088316,19824050.518363673,399.2093533002661,311.7925839269622
0.020209011242474192,0.8166666666666668,0.005,262.8531243652271,39.06403082694856,1.850205285237845,0.0,261728.72681895364,6289.021381568711,19824014.804480612,399.2091922812455,311.7925210469957
0.020209011242474192,0.8166666666666668,0.015,262.8531243652271,39.06406160246399,1.8497974109674729,0.0,261728.83252512562,6289.021381088316,19824050.518363673,399.2093533002661,311.7925839269622
0.020209011242474192,0.85,-0.005,262.48533173293106,37.92006142089829,2.2348244245340987,0.0,261580.26389771226,6289.022081076639,19788317.762639515,399.0482401647465,311.7296608644258
0.020209011242474192,0.85,0.005,262.48533173293106,37.92003621467192,2.235151566305074,0.0,261580.17703450663,6289.022081394581,19788288.41572431,399.0481076296062,311.72960909732893
0.020209011242474192,0.85,0.015,262.48533173293106,37.92006142089829,2.2348244245340987,0.0,261580.26389771226,6289.022081076639,19788317.762639515,399.0482401647465,311.7296608644258
0.020209011242474192,0.8833333333333333,-0.005,262.19046017615466,36.54696699769926,2.5174523112141904,0.0,261445.31735405698,6289.022723408136,19759678.905218523,398.9189872003373,311.6791716730094
0.020209011242474192,0.8833333333333333,0.005,262.19046017615466,36.546949928813795,2.5176695192880407,0.0,261445.25615571166,6289.02272355808,19759658.232736804,398.9188937000504,311.67913514667873
0.020209011242474192,0.8833333333333333,0.015,262.19046017615466,36.54696699769926,2.5174523112141904,0.0,261445.31735405698,6289.022723408136,19759678.905218523,398.9189872003373,311.6791716730094
0.020209011242474192,0.9166666666666665,-0.005,261.9948158069583,34.80317713528367,2.6544378114462717,0.0,261327.4624456566,6289.023412370461,19740688.203500673,398.83332235579854,311.64570450022353
0.020209011242474192,0.9166666666666665,0.005,261.9948158069583,34.803167885469826,2.6545531487816736,0.0,261327.4246250271,6289.023412421165,19740675.431067098,398.8332645238741,311.6456819054822
0.020209011242474192,0.9166666666666665,0.015,261.9948158069583,34.80317713528367,2.6544378114462717,0.0,261327.4624456566,6289.023412370461,19740688.203500673,398.83332235579854,311.64570450022353
0.020209011242474192,0.95,-0.005,261.8907731216402,32.33164809877641,2.6243554373898923,0.0,261214.92890655645,6289.024539922037,19730612.839321386,398.7882080900086,311.62807800818865
0.020209011242474192,0.95,0.005,261.8907731216402,32.33164422219127,2.624402079075252,0.0,261214.90598703842,6289.024539937011,19730605.101638805,398.78817303340435,311.62806431091497
0.020209011242474192,0.95,0.015,261.8907731216402,32.33164809877641,2.6243554373898923,0.0,261214.92890655645,6289.024539922037,19730612.839321386,398.7882080900086,311.62807800818865
0.020209011242474192,0.9833333333333333,-0.005,261.8466990367831,27.656811978192515,2.3361699531625155,0.0,261062.44958268717,6289.027397291661,19726416.96289538,398.77054494883106,311.6211766109358
0.020209011242474192,0.9833333333333333,0.005,261.8466990367831,27.656811020385227,2.336181114779761,0.0,261062.43282342388,6289.0273972980995,19726411.30576918,398.7705193120148,311.6211665939284
0.020209011242474192,0.9833333333333333,0.015,261.8466990367831,27.656811978192515,2.3361699531625155,0.0,261062.44958268717,6289.027397291661,19726416.96289538,398.77054494883106,311.6211766109358
0.020209011242474192,1.0166666666666668,-0.005,261.84669903649285,3.05553712948707e-11,2.5809424329651995e-12,0.0,261062.44958260353,6289.992599418993,19755564.847761497,399.35977095793146,311.8513183890057
0.020209011242474192,1.0166666666666668,0.005,261.84669903620255,-27.6568119781927,-2.3361699531625315,0.0,261062.4495825199,6289.02739729166,19726416.962839004,398.7705449485752,311.6211766108358
0.020209011242474192,1.0166666666666668,0.015,261.84669903649285,3.05553712948707e-11,2.5809424329651995e-12,0.0,261062.44958260353,6289.992599418993,19755564.847761497,399.35977095793146,311.8513183890057
0.020934269668957586,-0.016666666666666666,-0.005,264.6475799383094,49.879738346478995,-2.0975498914602414e-19,0.0,262720.7639601512,6289.019198371186,19998567.515268907,399.99357651647796,312.09868273818535
0.020934269668957586,-0.016666666666666666,0.005,264.6475799383094,49.87973834647899,-0.0026413611485714772,0.0,262720.7639601512,6289.019198362464,19998567.515002113,399.9935765111416,312.0986827361035
0.020934269668957586,-0.016666666666666666,0.015,264.6475799383094,49.879738346478995,-2.0975498914602414e-19,0.0,262720.7639601512,6289.019198371186,19998567.515268907,399.99357651647796,312.09868273818535
0.020934269668957586,0.016666666666666666,-0.005,264.6475799383094,49.87973834647899,0.0026413611485714777,0.0,262720.7639601512,6289.019198362464,19998567.51500211,399.9935765111416,312.0986827361035
0.020934269668957586,0.016666666666666666,0.005,264.6475799383094,49.87973829635762,0.002641878410839447,0.0,262720.7626320827,6289.019198362519,19998567.062803634,399.9935744833538,312.0986819450034
0.020934269668957586,0.016666666666666666,0.015,264.6475799383094,49.87973834647899,0.0026413611485714777,0.0,262720.7639601512,6289.019198362464,19998567.51500211,399.9935765111416,312.0986827361035
0.020934269668957586,0.05,-0.005,264.64637008271905,49.63383052428978,0.007251896493053607,0.0,262708.18306295254,6289.019198618346,19998449.682946824,399.9930482317688,312.0984766386053
0.020934269668957586,0.05,0.005,264.64637008271905,49.63383036068899,0.007253464867818153,0.0,262708.1817095459,6289.01919861844,19998449.22401648,399.993046173802,312.098475835731
0.020934269668957586,0.05,0.015,264.64637008271905,49.63383052428978,0.007251896493053607,0.0,262708.18306295254,6289.019198618346,19998449.682946824,399.9930482317688,312.0984766386053
0.020934269668957586,0.08333333333333333,-0.005,264.6442470906414,49.38037231524809,0.011241799013343615,0.0,262695.0290862443,6289.01919891981,19998242.916550208,399.9921211549812,312.09811495804354
0.020934269668957586,0.08333333333333333,0.005,264.6442470906414,49.3803720259429,0.011244417135056096,0.0,262695.02768226236,6289.019198919952,19998242.442463126,399.99211902905154,312.0981141286539
0.020934269668957586,0.08333333333333333,0.015,264.6442470906414,49.38037231524809,0.011241799013343615,0.0,262695.0290862443,6289.01919891981,19998242.916550208,399.9921211549812,312.09811495804354
0.020934269668957586,0.11666666666666668,-0.005,264.64122204787043,49.11885122165003,0.014683480434481005,0.0,262681.28575938306,6289.019199272424,19997948.298050124,399.9908001270696,312.09759958456533
0.020934269668957586,0.11666666666666668,0.005,264.64122204787043,49.11885079394033,0.014687142629495708,0.0,262681.28427477274,6289.019199272622,19997947.79874319,399.99079788804545,312.0975987110527
0.020934269668957586,0.11666666666666668,0.015,264.64122204787043,49.11885122165003,0.014683480434481005,0.0,262681.28575938306,6289.019199272424,19997948.298050124,399.9908001270696,312.09759958456533
0.020934269668957586,0.15,-0.005,264.63732237215856,48.84869660314106,0.017680082751607335,0.0,262666.93936344597,6289.019199683656,19997568.502077233,399.98909713250305,312.09693519293205
0.020934269668957586,0.15,0.005,264.63732237215856,48.848696024006635,0.01768476715295034,0.0,262666.9377595917,6289.019199683922,19997567.964568093,399.9890947221599,312.0969342525805
0.020934269668957586,0.15,0.015,264.63732237215856,48.84869660314106,0.017680082751607335,0.0,262666.93936344597,6289.019199683656,19997568.502077233,399.98909713250305,312.09693519293205
0.020934269668957586,0.18333333333333335,-0.005,264.6325896971551,48.5692704204278,0.020366030848080963,0.0,262651.9777985376,6289.019200163308,19997107.588375777,399.9870303653763,312.0961288803052
0.020934269668957586,0.18333333333333335,0.005,264.6325896971551,48.569269676608414,0.020371702407855203,0.0,262651.9760278163,6289.019200163656,19997106.996609475,399.987027711707,312.09612784502167
0.020934269668957586,0.18333333333333335,0.015,264.6325896971551,48.5692704204278,0.020366030848080963,0.0,262651.9777985376,6289.019200163308,19997107.588375777,399.9870303653763,312.0961288803052
0.020934269668957586,0.21666666666666667,-0.005,264.6270674724364,48.27985640769748,0.02289662547002529,0.0,262636.38666670606,6289.0192007241985,19996569.79315446,399.9846188103539,312.09518805214776
0.020934269668957586,0.21666666666666667,0.005,264.6270674724364,48.279855485486905,0.022903250639618546,0.0,262636.3846743856,6289.019200724644,19996569.128653906,399.9846158304843,312.0951868895994
0.020934269668957586,0.21666666666666667,0.015,264.6270674724364,48.27985640769748,0.02289662547002529,0.0,262636.38666670606,6289.0192007241985,19996569.79315446,399.9846188103539,312.09518805214776
0.020934269668957586,0.25,-0.005,264.6207832353355,47.97964730937173,0.02543321929517985,0.0,262620.14377501624,6289.019201382772,19995957.802024014,399.98187449808347,312.094117400824
0.020934269668957586,0.25,0.005,264.6207832353355,47.97964619402579,0.025440787216191148,0.0,262620.14150191785,6289.019201383333,19995957.04480716,399.98187110238393,312.0941160760417
0.020934269668957586,0.25,0.015,264.6207832353355,47.97964730937173,0.02543321929517985,0.0,262620.14377501624,6289.019201382772,19995957.802024014,399.98187449808347,312.094117400824
0.020934269668957586,0.2833333333333333,-0.005,264.6137319985253,47.66772945715243,0.02813295867611766,0.0,262603.2138737483,6289.019202160113,19995271.132463265,399.97879525079696,312.0929160753703
0.020934269668957586,0.2833333333333333,0.005,264.6137319985253,47.66772813195263,0.028141502539256995,0.0,262603.2112574461,6289.019202160814,19995270.26146643,399.97879134477904,312.0929145514889
0.020934269668957586,0.2833333333333333,0.015,264.6137319985253,47.66772945715243,0.02813295867611766,0.0,262603.2138737483,6289.019202160113,19995271.132463265,399.97879525079696,312.0929160753703
0.020934269668957586,0.31666666666666665,-0.005,264.6058635167631,47.343063633140744,0.031149323240182946,0.0,262585.5443804252,6289.019203083568,19994504.8948744,399.9753591246007,312.09157551311984
0.020934269668957586,0.31666666666666665,0.005,264.6058635167631,47.34306207815065,0.031158940566346046,0.0,262585.54135313147,6289.019203084439,19994503.887249306,399.97535460576273,312.0915737501472
0.020934269668957586,0.31666666666666665,0.015,264.6058635167631,47.343063633140744,0.031149323240182946,0.0,262585.5443804252,6289.019203083568,19994504.8948744,399.9753591246007,312.09157551311984
0.020934269668957586,0.35,-0.005,264.597070335432,47.00446085000689,0.034646522532068846,0.0,262567.06115727575,6289.019204189635,19993648.630511105,399.971519195408,312.09007740529825
0.020934269668957586,0.35,0.005,264.597070335432,47.00445904032651,0.03465740183701631,0.0,262567.0576387172,6289.019204190719,19993647.459220506,399.97151394244827,312.09007535590655
0.020934269668957586,0.35,0.015,264.597070335432,47.00446085000689,0.034646522532068846,0.0,262567.06115727575,6289.019204189635,19993648.630511105,399.971519195408,312.09007740529825
0.020934269668957586,0.3833333333333333,-0.005,264.5871674281444,46.65055119613888,0.038832094858521696,0.0,262547.6616551272,6289.019205529237,19992684.3314521,399.96719467498446,312.0883902307157
0.020934269668957586,0.3833333333333333,0.005,264.5871674281444,46.650549098954016,0.03884456735358953,0.0,262547.65753730584,6289.019205530597,19992682.96011513,399.96718852467694,312.08838783121945
0.020934269668957586,0.3833333333333333,0.015,264.5871674281444,46.65055119613888,0.038832094858521696,0.0,262547.6616551272,6289.019205529237,19992684.3314521,399.96719467498446,312.0883902307157
0.020934269668957586,0.4166666666666667,-0.005,264.57584646556114,46.2797429547294,0.044020815546289505,0.0,262527.20048885443,6289.019207178508,19991581.99249526,399.962250954968,312.08646146954493
0.020934269668957586,0.4166666666666667,0.005,264.57584646556114,46.27974052352796,0.044035466761554454,0.0,262527.19560568413,6289.019207180244,19991580.36511567,399.96224365608117,312.0864586219215
0.020934269668957586,0.4166666666666667,0.015,264.57584646556114,46.2797429547294,0.044020815546289505,0.0,262527.20048885443,6289.019207178508,19991581.99249526,399.962250954968,312.08646146954493
0.020934269668957586,0.45,-0.005,264.56257439404783,45.89016744212637,0.05076133351257131,0.0,262505.4586324366,6289.019209263388,19990289.74463901,399.95645534264474,312.0842003327876
0.020934269668957586,0.45,0.005,264.56257439404783,45.89016460487016,0.05077923447247239,0.0,262505.4527005822,6289.019209265685,19990287.765599694,399.9564464661883,312.08419686965834
0.020934269668957586,0.45,0.015,264.56257439404783,45.89016744212637,0.05076133351257131,0.0,262505.4586324366,6289.019209263388,19990289.74463901,399.95645534264474,312.0842003327876
0.020934269668957586,0.48333333333333334,-0.005,264.54638382060887,45.4796019968063,0.060085800001953155,0.0,262482.0809823856,6289.019212020153,19988713.460905284,399.9493855634144,312.08144206233294
0.020934269668957586,0.48333333333333334,0.005,264.54638382060887,45.47959863257001,0.06010894731171011,0.0,262482.07349171164,6289.019212023403,19988710.957939472,399.9493743365003,312.0814376821392
0.020934269668957586,0.48333333333333334,0.015,264.54638382060887,45.4796019968063,0.060085800001953155,0.0,262482.0809823856,6289.019212020153,19988713.460905284,399.9493855634144,312.08144206233294
0.020934269668957586,0.5166666666666667,-0.005,264.5254755078429,45.04535906072657,0.07397634294320236,0.0,262456.45912781486,6289.019215955271,19986678.0782658,399.94025622102936,312.0778802183869
0.020934269668957586,0.5166666666666667,0.005,264.5254755078429,45.04535495733448,0.07400840757768637,0.0,262456.449156915,6289.019215960375,19986674.740130745,399.94024124719226,312.0778743762601
0.020934269668957586,0.5166666666666667,0.015,264.5254755078429,45.04535906072657,0.07397634294320236,0.0,262456.45912781486,6289.019215955271,19986678.0782658,399.94025622102936,312.0778802183869
0.020934269668957586,0.55,-0.005,264.4965434522838,44.58412411384325,0.09615426276919495,0.0,262427.5332370305,6289.019222278107,19983861.923629884,399.9276240934427,312.0729516838524
0.020934269668957586,0.55,0.005,264.4965434522838,44.58411890074675,0.0962016774034729,0.0,262427.51918639743,6289.019222287297,19983857.20997608,399.92760294808437,312.07294343374156
0.020934269668957586,0.55,0.015,264.4965434522838,44.58412411384325,0.09615426276919495,0.0,262427.5332370305,6289.019222278107,19983861.923629884,399.9276240934427,312.0729516838524
0.020934269668957586,0.5833333333333334,-0.005,264.45379557598346,44.09172255135491,0.13322407537562048,0.0,262393.5049450804,6289.0192340457925,19979701.430537954,399.9089604319412,312.06566975140055
0.020934269668957586,0.5833333333333334,0.005,264.45379557598346,44.09171561417618,0.13329724354862652,0.0,262393.4842411903,6289.019234064611,19979694.471927527,399.9089292131975,312.0656575707553
0.020934269668957586,0.5833333333333334,0.015,264.45379557598346,44.09172255135491,0.13322407537562048,0.0,262393.5049450804,6289.0192340457925,19979701.430537954,399.9089604319412,312.06566975140055
0.020934269668957586,0.6166666666666667,-0.005,264.38786420256065,43.562801918917984,0.1959440960380532,0.0,262351.5169740795,6289.0192589034705,19973285.19153929,399.8801749328803,312.05443828550835
0.020934269668957586,0.6166666666666667,0.005,264.38786420256065,43.56279233248419,0.1960580154848507,0.0,262351.4859186591,6289.0192589448225,19973274.738314576,399.880128030596,312.0544199849432
0.020934269668957586,0.6166666666666667,0.015,264.38786420256065,43.562801918917984,0.1959440960380532,0.0,262351.5169740795,6289.0192589034705,19973285.19153929,399.8801749328803,312.05443828550835
0.020934269668957586,0.65,-0.005,264.2852410082311,42.99043784383561,0.29987667532099743,0.0,262297.482434923,6289.019314444373,19963299.229847647,399.83536811923096,312.03695485216923
0.020934269668957586,0.65,0.005,264.2852410082311,42.99042440763289,0.30004965789041943,0.0,262297.43652354256,6289.019314534408,19963283.75908973,399.835298690636,312.0369277606585
0.020934269668957586,0.65,0.015,264.2852410082311,42.99043784383561,0.29987667532099743,0.0,262297.482434923,6289.019314444373,19963299.229847647,399.83536811923096,312.03695485216923
0.020934269668957586,0.6833333333333333,-0.005,264.1294197676858,42.36570376834686,0.4640238849284745,0.0,262226.4043828675,6289.019435265369,19948138.781390358,399.7673275222977,312.01040381932063
0.020934269668957586,0.6833333333333333,0.005,264.1294197676858,42.36568526358867,0.46427284849542055,0.0,262226.3394654956,6289.019435446053,19948116.887919974,399.76722923757546,312.0103654646883
0.020934269668957586,0.6833333333333333,0.015,264.1294197676858,42.36570376834686,0.4640238849284745,0.0,262226.4043828675,6289.019435265369,19948138.781390358,399.7673275222977,312.01040381932063
0.020934269668957586,0.7166666666666667,-0.005,263.9051223838022,41.6772455622345,0.7058198872450925,0.0,262133.5780378312,6289.019674474453,19926320.3013726,399.6693659031046,311.97217293481214
0.020934269668957586,0.7166666666666667,0.005,263.9051223838022,41.67722130854415,0.7061517694231886,0.0,262133.49242298037,6289.019674790325,19926291.40827163,399.6692361218382,311.97212228276015
0.020934269668957586,0.7166666666666667,0.015,263.9051223838022,41.6772455622345,0.7058198872450925,0.0,262133.5780378312,6289.019674474453,19926320.3013726,399.6693659031046,311.97217293481214
0.020934269668957586,0.75,-0.005,263.60603195928127,40.91077891416641,1.0319480447206937,0.0,262016.7857767863,6289.020085281447,19897234.048171666,399.538686954194,311.9211663627029
0.020934269668957586,0.75,0.005,263.60603195928127,40.9107495200662,1.0323497962986425,0.0,262016.68265969516,6289.0200857413665,19897199.229448784,399.5385304162648,311.92110525785887
0.020934269668957586,0.75,0.015,263.60603195928127,40.91077891416641,1.0319480447206937,0.0,262016.7857767863,6289.020085281447,19897234.048171666,399.538686954194,311.9211663627029
0.020934269668957586,0.7833333333333333,-0.005,263.2438475205767,40.04805078475115,1.4274852404689493,0.0,261878.83583393527,6289.020677356049,19862023.161502454,399.38033720947254,311.8593481538366
0.020934269668957586,0.7833333333333333,0.005,263.2438475205767,40.048018689990734,1.427918537661797,0.0,261878.7245369428,6289.020677891995,19861985.56591614,399.38016797301896,311.8592820790067
0.020934269668957586,0.7833333333333333,0.015,263.2438475205767,40.04805078475115,1.4274852404689493,0.0,261878.83583393527,6289.020677356049,19862023.161502454,399.38033720947254,311.8593481538366
0.020934269668957586,0.8166666666666665,-0.005,262.853124294115,39.06406160064013,1.849797453003524,0.0,261728.8325047856,6289.021381088368,19824050.51146439,399.20935326914105,311.7925839148075
0.020934269668957586,0.8166666666666665,0.005,262.853124294115,39.06403082512513,1.8502053272729717,0.0,261728.72679857758,6289.021381568764,19824014.797569085,399.20919225006526,311.79252103481946
0.020934269668957586,0.8166666666666665,0.015,262.853124294115,39.06406160064013,1.849797453003524,0.0,261728.8325047856,6289.021381088368,19824050.51146439,399.20935326914105,311.7925839148075
0.020934269668957586,0.85,-0.005,262.48533166308755,37.920061419819184,2.234824458084615,0.0,261580.26387772654,6289.022081076667,19788317.75586299,399.0482401341213,311.72966085246384
0.020934269668957586,0.85,0.005,262.48533166308755,37.9200362135935,2.235151599850741,0.0,261580.17701449228,6289.022081394609,19788288.4089381,399.0481075989371,311.72960908534986
0.020934269668957586,0.85,0.015,262.48533166308755,37.920061419819184,2.234824458084615,0.0,261580.26387772654,6289.022081076667,19788317.75586299,399.0482401341213,311.72966085246384
0.020934269668957586,0.8833333333333333,-0.005,262.190460111494,36.546966997577215,2.51745233339019,0.0,261445.31733554447,6289.022723408142,19759678.898943946,398.91898717193925,311.6791716619155
0.020934269668957586,0.8833333333333333,0.005,262.190460111494,36.54694992869248,2.517669541458396,0.0,261445.25613717962,6289.022723558085,19759658.22645561,398.9188936716224,311.6791351355732
0.020934269668957586,0.8833333333333333,0.015,262.190460111494,36.546966997577215,2.51745233339019,0.0,261445.31733554447,6289.022723408142,19759678.898943946,398.91898717193925,311.6791716619155
0.020934269668957586,0.9166666666666666,-0.005,261.99481574825916,34.803177136020906,2.6544378232074854,0.0,261327.4624288417,6289.023412370455,19740688.1978035,398.833322329989,311.64570449013985
0.020934269668957586,0.9166666666666666,0.005,261.99481574825916,34.80316788620757,2.654553160538944,0.0,261327.42460820026,6289.023412421159,19740675.425365888,398.8332644980463,311.6456818953914
0.020934269668957586,0.9166666666666666,0.015,261.99481574825916,34.803177136020906,2.6544378232074854,0.0,261327.4624288417,6289.023412370455,19740688.1978035,398.833322329989,311.64570449013985
0.020934269668957586,0.95,-0.005,261.89077306712363,32.33164810007485,2.6243554422071553,0.0,261214.92889092828,6289.024539922018,19730612.834029127,398.78820806601783,311.628077998815
0.020934269668957586,0.95,0.005,261.89077306712363,32.33164422349003,2.624402083890808,0.0,261214.9059714027,6289.024539936993,19730605.096344035,398.7881730094021,311.6280643015369
0.020934269668957586,0.95,0.015,261.89077306712363,32.33164810007485,2.6243554422071553,0.0,261214.92889092828,6289.024539922018,19730612.834029127,398.78820806601783,311.628077998815
0.020934269668957586,0.9833333333333334,-0.005,261.8466989840773,27.656811979115293,2.3361699543605536,0.0,261062.4495675319,6289.0273972915975,19726416.957777232,398.77054492560404,311.6211766018603
0.020934269668957586,0.9833333333333334,0.005,261.8466989840773,27.656811021308204,2.3361811159774377,0.0,261062.43280826297,6289.027397298035,19726411.300649125,398.77051928877916,311.62116658484956
0.020934269668957586,0.9833333333333334,0.015,261.8466989840773,27.656811979115293,2.3361699543605536,0.0,261062.4495675319,6289.0273972915975,19726416.957777232,398.77054492560404,311.6211766018603
0.020934269668957586,1.0166666666666666,-0.005,261.84669898378036,3.134903986328881e-11,2.648022188884251e-12,0.0,261062.44956744634,6289.992599419057,19755564.84263898,399.3597709347448,311.8513183799528
0.020934269668957586,1.0166666666666666,0.005,261.8466989834834,-27.656811979115293,-2.3361699543605536,0.0,261062.44956736083,6289.027397291597,19726416.957719564,398.77054492534234,311.62117660175807
0.020934269668957586,1.0166666666666666,0.015,261.84669898378036,3.134903986328881e-11,2.648022188884251e-12,0.0,261062.44956744634,6289.992599419057,19755564.84263898,399.3597709347448,311.8513183799528
0.02165952809544098,-0.016666666666666666,-0.005,264.6475799374965,49.87973834651101,-2.0975498914666694e-19,0.0,262720.76395992184,6289.019198371187,19998567.51518996,399.99357651612473,312.09868273804756
0.02165952809544098,-0.016666666666666666,0.005,264.6475799374966,49.879738346511004,-0.0026413612057292184,0.0,262720.7639599218,6289.019198362465,19998567.51492316,399.9935765107883,312.09868273596567
0.02165952809544098,-0.016666666666666666,0.015,264.6475799374965,49.87973834651101,-2.0975498914666694e-19,0.0,262720.76395992184,6289.019198371187,19998567.51518996,399.99357651612473,312.09868273804756
0.02165952809544098,0.016666666666666666,-0.005,264.6475799374965,49.879738346511004,0.002641361205729219,0.0,262720.76395992184,6289.019198362465,19998567.51492316,399.99357651078833,312.09868273596567
0.02165952809544098,0.016666666666666666,0.005,264.6475799374965,49.87973829638968,0.002641878468009355,0.0,262720.7626318529,6289.019198362522,19998567.062724512,399.9935744829998,312.09868194486535
0.02165952809544098,0.016666666666666666,0.015,264.6475799374965,49.879738346511004,0.002641361205729219,0.0,262720.76395992184,6289.019198362465,19998567.51492316,399.99357651078833,312.09868273596567
0.02165952809544098,0.05,-0.005,264.64637008188527,49.63383052431839,0.00725189666482677,0.0,262708.18306271656,6289.019198618346,19998449.6828658,399.9930482314056,312.09847663846364
0.02165952809544098,0.05,0.005,264.64637008188527,49.633830360717646,0.007253465039628614,0.0,262708.18170930934,6289.01919861844,19998449.22393527,399.99304617343796,312.09847583558894
0.02165952809544098,0.05,0.015,264.64637008188527,49.63383052431839,0.00725189666482677,0.0,262708.18306271656,6289.019198618346,19998449.6828658,399.9930482314056,312.09847663846364
0.02165952809544098,0.08333333333333333,-0.005,264.64424708976287,49.38037231527259,0.0112417993005308,0.0,262695.0290859945,6289.019198919807,19998242.91646476,399.9921211545972,312.0981149578937
0.02165952809544098,0.08333333333333333,0.005,264.64424708976287,49.38037202596743,0.011244417422307987,0.0,262695.027682012,6289.019198919949,19998242.4423775,399.9921190286667,312.0981141285037
0.02165952809544098,0.08333333333333333,0.015,264.64424708976287,49.38037231527259,0.0112417993005308,0.0,262695.0290859945,6289.019198919807,19998242.91646476,399.9921211545972,312.0981149578937
0.02165952809544098,0.11666666666666667,-0.005,264.6412220469204,49.1188512216702,0.014683480836441786,0.0,262681.2857591113,6289.019199272418,19997948.29795762,399.9908001266523,312.0975995844026
0.02165952809544098,0.11666666666666667,0.005,264.6412220469204,49.11885079396052,0.014687143031551712,0.0,262681.28427450045,6289.019199272617,19997947.7986505,399.99079788762737,312.0975987108896
0.02165952809544098,0.11666666666666667,0.015,264.6412220469204,49.1188512216702,0.014683480836441786,0.0,262681.2857591113,6289.019199272418,19997948.29795762,399.9908001266523,312.0975995844026
0.02165952809544098,0.15,-0.005,264.63732237110526,48.848696603157556,0.01768008326558545,0.0,262666.93936314556,6289.019199683653,19997568.501974765,399.9890971320423,312.09693519275226
0.02165952809544098,0.15,0.005,264.63732237110526,48.84869602402317,0.017684767667058014,0.0,262666.93775929074,6289.01919968392,19997567.964465424,399.98909472169834,312.09693425240044
0.02165952809544098,0.15,0.015,264.63732237110526,48.848696603157556,0.01768008326558545,0.0,262666.93936314556,6289.019199683653,19997568.501974765,399.9890971320423,312.09693519275226
0.02165952809544098,0.18333333333333332,-0.005,264.63258969596524,48.56927042044023,0.02036603146986451,0.0,262651.9777981988,6289.019200163307,19997107.58826008,399.9870303648571,312.0961288801026
0.02165952809544098,0.18333333333333332,0.005,264.63258969596524,48.56926967662086,0.02037170302980601,0.0,262651.97602747683,6289.019200163656,19997106.996493552,399.9870277111867,312.0961278448187
0.02165952809544098,0.18333333333333332,0.015,264.63258969596524,48.56927042044023,0.02036603146986451,0.0,262651.9777981988,6289.019200163307,19997107.58826008,399.9870303648571,312.0961288801026
0.02165952809544098,0.21666666666666665,-0.005,264.6270674710771,48.279856407706106,0.022896626195481128,0.0,262636.386666317,6289.019200724194,19996569.793022152,399.98461880975805,312.09518805191533
0.02165952809544098,0.21666666666666665,0.005,264.6270674710771,48.27985548549553,0.022903251365282255,0.0,262636.3846739957,6289.019200724639,19996569.128521338,399.9846158298872,312.0951868893664
0.02165952809544098,0.21666666666666665,0.015,264.6270674710771,48.279856407706106,0.022896626195481128,0.0,262636.386666317,6289.019200724194,19996569.793022152,399.98461880975805,312.09518805191533
0.02165952809544098,0.25,-0.005,264.62078323376574,47.97964730937739,0.025433220122413246,0.0,262620.1437745701,6289.019201382775,19995957.80187147,399.98187449740044,312.0941174005576
0.02165952809544098,0.25,0.005,264.62078323376574,47.97964619403147,0.02544078804367589,0.0,262620.1415014708,6289.019201383336,19995957.04465433,399.98187110169965,312.0941160757747
0.02165952809544098,0.25,0.015,264.62078323376574,47.97964730937739,0.025433220122413246,0.0,262620.1437745701,6289.019201382775,19995957.80187147,399.98187449740044,312.0941174005576
0.02165952809544098,0.2833333333333333,-0.005,264.6137319967125,47.66772945715415,0.028132959607925546,0.0,262603.2138732295,6289.019202160107,19995271.132286854,399.97879525000315,312.0929160750606
0.02165952809544098,0.2833333333333333,0.005,264.6137319967125,47.66772813195436,0.028141503471362683,0.0,262603.21125692636,6289.019202160807,19995270.26128969,399.9787913439838,312.0929145511786
0.02165952809544098,0.2833333333333333,0.015,264.6137319967125,47.66772945715415,0.028132959607925546,0.0,262603.2138732295,6289.019202160107,19995271.132286854,399.97879525000315,312.0929160750606
0.02165952809544098,0.31666666666666665,-0.005,264.6058635146625,47.34306363313904,0.03114932428646883,0.0,262585.5443798264,6289.019203083568,19994504.894670177,399.97535912368477,312.0915755127625
0.02165952809544098,0.31666666666666665,0.005,264.6058635146625,47.343062078148954,0.03115894161298249,0.0,262585.54135253147,6289.019203084439,19994503.887044694,399.9753546048449,312.09157374978906
0.02165952809544098,0.31666666666666665,0.015,264.6058635146625,47.34306363313904,0.03114932428646883,0.0,262585.5443798264,6289.019203083568,19994504.894670177,399.97535912368477,312.0915755127625
0.02165952809544098,0.35,-0.005,264.597070332998,47.00446085000097,0.03464652371244579,0.0,262567.0611565822,6289.019204189637,19993648.630274504,399.9715191943474,312.0900774048845
0.02165952809544098,0.35,0.005,264.597070332998,47.00445904032057,0.0346574030178101,0.0,262567.05763802223,6289.01920419072,19993647.45898346,399.9715139413855,312.09007535549193
0.02165952809544098,0.35,0.015,264.597070332998,47.00446085000097,0.03464652371244579,0.0,262567.0611565822,6289.019204189637,19993648.630274504,399.9715191943474,312.0900774048845
0.02165952809544098,0.38333333333333336,-0.005,264.58716742531766,46.65055119612712,0.03883209620769109,0.0,262547.6616543206,6289.019205529237,19992684.331177272,399.96719467375135,312.08839023023467
0.02165952809544098,0.38333333333333336,0.005,264.58716742531766,46.65054909894224,0.03884456870326991,0.0,262547.6575364977,6289.019205530596,19992682.959839776,399.96718852344145,312.0883878307374
0.02165952809544098,0.38333333333333336,0.015,264.58716742531766,46.65055119612712,0.03883209620769109,0.0,262547.6616543206,6289.019205529237,19992684.331177272,399.96719467375135,312.08839023023467
0.02165952809544098,0.4166666666666667,-0.005,264.5758464622519,46.279742954709896,0.044020817126007174,0.0,262527.2004879122,6289.019207178512,19991581.992173713,399.9622509535279,312.0864614689831
0.02165952809544098,0.4166666666666667,0.005,264.5758464622519,46.27974052350844,0.04403546834193384,0.0,262527.19560474006,6289.0192071802485,19991580.364793498,399.96224365463826,312.08645862135853
0.02165952809544098,0.4166666666666667,0.015,264.5758464622519,46.279742954709896,0.044020817126007174,0.0,262527.2004879122,6289.019207178512,19991581.992173713,399.9622509535279,312.0864614689831
0.02165952809544098,0.45000000000000007,-0.005,264.5625743901171,45.89016744209414,0.050761335435092744,0.0,262505.4586313146,6289.019209263388,19990289.74425692,399.9564553409305,312.0842003321188
0.02165952809544098,0.45000000000000007,0.005,264.5625743901171,45.89016460483791,0.05077923639591521,0.0,262505.45269945794,6289.019209265685,19990287.765216835,399.9564464644706,312.08419686898816
0.02165952809544098,0.45000000000000007,0.015,264.5625743901171,45.89016744209414,0.050761335435092744,0.0,262505.4586313146,6289.019209263388,19990289.74425692,399.9564553409305,312.0842003321188
0.02165952809544098,0.48333333333333334,-0.005,264.5463838158067,45.47960199675296,0.06008580247691345,0.0,262482.0809810192,6289.019212020165,19988713.46043891,399.9493855613276,312.0814420615187
0.02165952809544098,0.48333333333333334,0.005,264.5463838158067,45.479598632516634,0.06010894978804939,0.0,262482.0734903423,6289.019212023413,19988710.95747211,399.949374334409,312.0814376813233
0.02165952809544098,0.48333333333333334,0.015,264.5463838158067,45.47960199675296,0.06008580247691345,0.0,262482.0809810192,6289.019212020165,19988713.46043891,399.9493855613276,312.0814420615187
0.02165952809544098,0.5166666666666667,-0.005,264.5254755017412,45.04535906063371,0.07397634635613695,0.0,262456.4591260735,6289.019215955274,19986678.077673003,399.9402562183716,312.07788021734996
0.02165952809544098,0.5166666666666667,0.005,264.5254755017412,45.04535495724156,0.07400841099279089,0.0,262456.4491551697,6289.0192159603785,19986674.7395366,399.94024124452835,312.0778743752208
0.02165952809544098,0.5166666666666667,0.015,264.5254755017412,45.04535906063371,0.07397634635613695,0.0,262456.4591260735,6289.019215955274,19986678.077673003,399.9402562183716,312.07788021734996
0.02165952809544098,0.55,-0.005,264.49654344413165,44.58412411367894,0.09615426779428782,0.0,262427.5332346991,6289.0192222781025,19983861.922837764,399.92762408988676,312.072951682465
0.02165952809544098,0.55,0.005,264.49654344413165,44.58411890058232,0.09620168243202247,0.0,262427.5191840604,6289.019222287294,19983857.20918203,399.9276029445198,312.07294343235077
0.02165952809544098,0.55,0.015,264.49654344413165,44.58412411367894,0.09615426779428782,0.0,262427.5332346991,6289.0192222781025,19983861.922837764,399.92762408988676,312.072951682465
0.02165952809544098,0.5833333333333334,-0.005,264.45379556455083,44.091722551063924,0.13322408310107683,0.0,262393.5049418137,6289.019234045801,19979701.429427683,399.9089604269621,312.0656697494578
0.02165952809544098,0.5833333333333334,0.005,264.45379556455083,44.091715613884986,0.13329725127944494,0.0,262393.48423791525,6289.019234064618,19979694.47081438,399.90892920820556,312.0656575688076
0.02165952809544098,0.5833333333333334,0.015,264.45379556455083,44.091722551063924,0.13322408310107683,0.0,262393.5049418137,6289.019234045801,19979701.429427683,399.9089604269621,312.0656697494578
0.02165952809544098,0.6166666666666667,-0.005,264.3878641860329,43.56280191841576,0.19594410802720114,0.0,262351.51696935185,6289.019258903475,19973285.1899343,399.88017492567815,312.0544382826982
0.02165952809544098,0.6166666666666667,0.005,264.3878641860329,43.56279233198162,0.19605802748182627,0.0,262351.48591391876,6289.019258944827,19973274.736705277,399.88012802337437,312.0544199821254
0.02165952809544098,0.6166666666666667,0.015,264.3878641860329,43.56280191841576,0.19594410802720114,0.0,262351.51696935185,6289.019258903475,19973285.1899343,399.88017492567815,312.0544382826982
0.02165952809544098,0.65,-0.005,264.28524098424487,42.99043784301538,0.2998766934730259,0.0,262297.4824280609,6289.019314444386,19963299.227518834,399.8353681087793,312.03695484809094
0.02165952809544098,0.65,0.005,264.28524098424487,42.9904244068122,0.3000496760528829,0.0,262297.43651666207,6289.019314534421,19963283.756754644,399.8352986801562,312.03692775656924
0.02165952809544098,0.65,0.015,264.28524098424487,42.99043784301538,0.2998766934730259,0.0,262297.4824280609,6289.019314444386,19963299.227518834,399.8353681087793,312.03695484809094
0.02165952809544098,0.6833333333333333,-0.005,264.12941973373233,42.36570376710644,0.4640239109784784,0.0,262226.4043731528,6289.019435265391,19948138.778094307,399.7673275074985,312.0104038135455
0.02165952809544098,0.6833333333333333,0.005,264.12941973373233,42.36568526234768,0.46427287455773764,0.0,262226.3394557554,6289.019435446075,19948116.88461526,399.7672292227373,312.0103654588979
0.02165952809544098,0.6833333333333333,0.015,264.12941973373233,42.36570376710644,0.4640239109784784,0.0,262226.4043731528,6289.019435265391,19948138.778094307,399.7673275074985,312.0104038135455
0.02165952809544098,0.7166666666666667,-0.005,263.9051223380645,41.677245560533336,0.705819921863434,0.0,262133.57802474478,6289.019674474486,19926320.296933208,399.6693658831568,311.9721729270267
0.02165952809544098,0.7166666666666667,0.005,263.9051223380645,41.67722130684245,0.7061518040538637,0.0,262133.49240986124,6289.019674790357,19926291.40382114,399.6692361018403,311.9721222749552
0.02165952809544098,0.7166666666666667,0.015,263.9051223380645,41.677245560533336,0.705819921863434,0.0,262133.57802474478,6289.019674474486,19926320.296933208,399.6693658831568,311.9721729270267
0.02165952809544098,0.75,-0.005,263.60603190173265,40.910778912100106,1.0319480864808088,0.0,262016.78576032564,6289.0200852815005,19897234.042587,399.53868692907673,311.9211663528983
0.02165952809544098,0.75,0.005,263.60603190173265,40.91074951799956,1.0323498380684577,0.0,262016.68264319655,6289.02008574142,19897199.223851223,399.5385303910894,311.92110524803167
0.02165952809544098,0.75,0.015,263.60603190173265,40.910778912100106,1.0319480864808088,0.0,262016.78576032564,6289.0200852815005,19897234.042587,399.53868692907673,311.9211663528983
0.02165952809544098,0.7833333333333333,-0.005,263.243847453793,40.048050782595816,1.4274852853284101,0.0,261878.8358148322,6289.020677356103,19862023.15502235,399.38033718028373,311.8593481424404
0.02165952809544098,0.7833333333333333,0.005,263.243847453793,40.04801868783542,1.4279185825259688,0.0,261878.72451780015,6289.020677892047,19861985.559422623,399.3801679437696,311.8592820675869
0.02165952809544098,0.7833333333333333,0.015,263.243847453793,40.048050782595816,1.4274852853284101,0.0,261878.8358148322,6289.020677356103,19862023.15502235,399.38033718028373,311.8593481424404
0.02165952809544098,0.8166666666666667,-0.005,262.85312422300666,39.06406159881558,1.8497974950399803,0.0,261728.83248444405,6289.021381088413,19824050.504565276,399.20935323801365,311.79258390265187
0.02165952809544098,0.8166666666666667,0.005,262.85312422300666,39.064030823301,1.8502053693085025,0.0,261728.72677819978,6289.02138156881,19824014.790657707,399.2091922188824,311.7925210226421
0.02165952809544098,0.8166666666666667,0.015,262.85312422300666,39.06406159881558,1.8497974950399803,0.0,261728.83248444405,6289.021381088413,19824050.504565276,399.20935323801365,311.79258390265187
0.02165952809544098,0.8499999999999999,-0.005,262.48533159324455,37.920061418739614,2.2348244916356013,0.0,261580.26385774117,6289.022081076696,19788317.74908654,399.04824010349665,311.7296608405021
0.02165952809544098,0.8499999999999999,0.005,262.48533159324455,37.920036212514624,2.235151633396879,0.0,261580.17699447833,6289.022081394638,19788288.402151957,399.04810756826873,311.729609073371
0.02165952809544098,0.8499999999999999,0.015,262.48533159324455,37.920061418739614,2.2348244916356013,0.0,261580.26385774117,6289.022081076696,19788317.74908654,399.04824010349665,311.7296608405021
0.02165952809544098,0.8833333333333334,-0.005,262.1904600468326,36.54696699745473,2.5174523555667205,0.0,261445.31731703412,6289.022723408153,19759678.892669473,398.9189871435445,311.679171650823
0.02165952809544098,0.8833333333333334,0.005,262.1904600468326,36.54694992857072,2.5176695636292816,0.0,261445.25611864968,6289.022723558098,19759658.220174517,398.9188936431977,311.67913512446887
0.02165952809544098,0.8833333333333334,0.015,262.1904600468326,36.54696699745473,2.5174523555667205,0.0,261445.31731703412,6289.022723408153,19759678.892669473,398.9189871435445,311.679171650823
0.02165952809544098,0.9166666666666666,-0.005,261.9948156895625,34.80317713675793,2.654437834969175,0.0,261327.46241202482,6289.023412370442,19740688.19210636,398.8333223041764,311.6457044800549
0.02165952809544098,0.9166666666666666,0.005,261.9948156895625,34.8031678869451,2.654553172296688,0.0,261327.4245913713,6289.0234124211465,19740675.419664696,398.83326447221515,311.64568188529927
0.02165952809544098,0.9166666666666666,0.015,261.9948156895625,34.80317713675793,2.654437834969175,0.0,261327.46241202482,6289.023412370442,19740688.19210636,398.8333223041764,311.6457044800549
0.02165952809544098,0.95,-0.005,261.89077301260994,32.33164810137308,2.6243554470243495,0.0,261214.92887529766,6289.024539921992,19730612.82873691,398.7882080420234,311.62807798943993
0.02165952809544098,0.95,0.005,261.89077301260994,32.33164422478858,2.624402088706296,0.0,261214.90595576476,6289.024539936967,19730605.091049306,398.7881729853964,311.6280642921574
0.02165952809544098,0.95,0.015,261.89077301260994,32.33164810137308,2.6243554470243495,0.0,261214.92887529766,6289.024539921992,19730612.82873691,398.7882080420234,311.62807798943993
0.02165952809544098,0.9833333333333333,-0.005,261.8466989313716,27.65681198003803,2.3361699555584026,0.0,261062.44955237783,6289.027397291537,19726416.952659182,398.7705449023788,311.6211765927856
0.02165952809544098,0.9833333333333333,0.005,261.8466989313716,27.656811022231143,2.3361811171749265,0.0,261062.43279310327,6289.027397297975,19726411.295529164,398.77051926554526,311.62116657577144
0.02165952809544098,0.9833333333333333,0.015,261.8466989313716,27.65681198003803,2.3361699555584026,0.0,261062.44955237783,6289.027397291537,19726416.952659182,398.7705449023788,311.6211765927856
0.02165952809544098,1.0166666666666668,-0.005,261.846698931068,3.19620923915611e-11,2.6996887971463665e-12,0.0,261062.44955229035,6289.9925994191235,19755564.837516557,399.3597709115599,311.85131837090046
0.02165952809544098,1.0166666666666668,0.005,261.8466989307643,-27.656811980038214,-2.3361699555584186,0.0,261062.4495522029,6289.027397291536,19726416.95260021,398.77054490211117,311.621176592681
0.02165952809544098,1.0166666666666668,0.015,261.846698931068,3.19620923915611e-11,2.6996887971463665e-12,0.0,261062.44955229035,6289.9925994191235,19755564.837516557,399.3597709115599,311.85131837090046
0.022384786521924372,-0.016666666666666666,-0.005,264.6475799363361,49.879738346970704,2.0975498914758486e-19,0.0,262720.76395961334,6289.019198371186,19998567.515077095,399.99357651561775,312.09868273784974
0.022384786521924372,-0.016666666666666666,0.005,264.64757993633606,49.879738346970704,-0.0026413612533373178,0.0,262720.76395961334,6289.019198362464,19998567.51481029,399.99357651028134,312.09868273576785
0.022384786521924372,-0.016666666666666666,0.015,264.6475799363361,49.879738346970704,2.0975498914758486e-19,0.0,262720.76395961334,6289.019198371186,19998567.515077095,399.99357651561775,312.09868273784974
0.022384786521924372,0.016666666666666666,-0.005,264.6475799363361,49.879738346970704,0.0026413612533373178,0.0,262720.76395961334,6289.019198362464,19998567.514810294,399.99357651028134,312.09868273576785
0.022384786521924372,0.016666666666666666,0.005,264.6475799363361,49.879738296850064,0.002641878515614316,0.0,262720.76263154374,6289.019198362519,19998567.06261142,399.9935744824918,312.0986819446671
0.022384786521924372,0.016666666666666666,0.015,264.6475799363361,49.879738346970704,0.0026413612533373178,0.0,262720.76395961334,6289.019198362464,19998567.514810294,399.99357651028134,312.09868273576785
0.022384786521924372,0.05,-0.005,264.6463700807328,49.6338305247268,0.007251896813582554,0.0,262708.18306241103,6289.019198618354,19998449.68275397,399.9930482309072,312.0984766382692
0.022384786521924372,0.05,0.005,264.6463700807328,49.63383036112666,0.00725346518838549,0.0,262708.18170900317,6289.019198618447,19998449.223823216,399.9930461729385,312.09847583539414
0.022384786521924372,0.05,0.015,264.6463700807328,49.6338305247268,0.007251896813582554,0.0,262708.18306241103,6289.019198618354,19998449.68275397,399.9930482309072,312.0984766382692
0.022384786521924372,0.08333333333333333,-0.005,264.6442470886104,49.380372315621464,0.011241799560032077,0.0,262695.0290856814,6289.019198919803,19998242.91635259,399.99212115409193,312.09811495769657
0.022384786521924372,0.08333333333333333,0.005,264.6442470886104,49.38037202631682,0.011244417681830028,0.0,262695.0276816983,6289.019198919945,19998242.442265105,399.9921190281604,312.09811412830624
0.022384786521924372,0.08333333333333333,0.015,264.6442470886104,49.380372315621464,0.011241799560032077,0.0,262695.0290856814,6289.019198919803,19998242.91635259,399.99212115409193,312.09811495769657
0.022384786521924372,0.11666666666666667,-0.005,264.6412220457355,49.11885122196189,0.014683481211004648,0.0,262681.28575878986,6289.019199272423,19997948.297842585,399.99080012613865,312.0975995842022
0.022384786521924372,0.11666666666666667,0.005,264.6412220457355,49.11885079425265,0.014687143406165712,0.0,262681.2842741783,6289.019199272622,19997947.798535228,399.99079788711265,312.0975987106888
0.022384786521924372,0.11666666666666667,0.015,264.6412220457355,49.11885122196189,0.014683481211004648,0.0,262681.28575878986,6289.019199272423,19997948.297842585,399.99080012613865,312.0975995842022
0.022384786521924372,0.15,-0.005,264.6373223698605,48.84869660339726,0.017680083754725462,0.0,262666.9393628009,6289.019199683648,19997568.501853626,399.9890971314971,312.09693519253955
0.022384786521924372,0.15,0.005,264.6373223698605,48.84869602426322,0.017684768156286897,0.0,262666.93775894534,6289.019199683917,19997567.964344043,399.98909472115196,312.0969342521872
0.022384786521924372,0.15,0.015,264.6373223698605,48.84869660339726,0.017680083754725462,0.0,262666.9393628009,6289.019199683648,19997568.501853626,399.9890971314971,312.09693519253955
0.022384786521924372,0.18333333333333332,-0.005,264.6325896946198,48.56927042063491,0.020366032069989923,0.0,262651.9777978231,6289.019200163303,19997107.58812915,399.98703036426787,312.0961288798727
0.022384786521924372,0.18333333333333332,0.005,264.6325896946198,48.56926967681585,0.020371703630063614,0.0,262651.9760271004,6289.0192001636515,19997106.996362373,399.9870277105964,312.0961278445884
0.022384786521924372,0.18333333333333332,0.015,264.6325896946198,48.56927042063491,0.020366032069989923,0.0,262651.9777978231,6289.019200163303,19997107.58812915,399.98703036426787,312.0961288798727
0.022384786521924372,0.21666666666666667,-0.005,264.6270674695877,48.279856407862496,0.02289662690283403,0.0,262636.3866659016,6289.019200724198,19996569.792877465,399.984618809111,312.0951880516629
0.022384786521924372,0.21666666666666667,0.005,264.6270674695877,48.27985548565217,0.022903252072813757,0.0,262636.38467357954,6289.019200724642,19996569.128376383,399.984615829239,312.0951868891135
0.022384786521924372,0.21666666666666667,0.015,264.6270674695877,48.279856407862496,0.02289662690283403,0.0,262636.3866659016,6289.019200724198,19996569.792877465,399.984618809111,312.0951880516629
0.022384786521924372,0.25,-0.005,264.62078323209516,47.979647309501225,0.025433220934944364,0.0,262620.1437740985,6289.019201382771,19995957.801708948,399.98187449666995,312.0941174002726
0.022384786521924372,0.25,0.005,264.62078323209516,47.97964619415548,0.025440788856433704,0.0,262620.14150099835,6289.019201383332,19995957.044491503,399.9818711009678,312.0941160754892
0.022384786521924372,0.25,0.015,264.62078323209516,47.979647309501225,0.025433220934944364,0.0,262620.1437740985,6289.019201382771,19995957.801708948,399.98187449666995,312.0941174002726
0.022384786521924372,0.2833333333333333,-0.005,264.61373199481346,47.66772945725119,0.028132960527870284,0.0,262603.21387269534,6289.019202160113,19995271.13210241,399.97879524917886,312.09291607473904
0.022384786521924372,0.2833333333333333,0.005,264.61373199481346,47.66772813205156,0.028141504391584995,0.0,262603.21125639114,6289.019202160814,19995270.261104908,399.9787913431579,312.09291455085645
0.022384786521924372,0.2833333333333333,0.015,264.61373199481346,47.66772945725119,0.028132960527870284,0.0,262603.21387269534,6289.019202160113,19995271.13210241,399.97879524917886,312.09291607473904
0.022384786521924372,0.31666666666666665,-0.005,264.6058635124965,47.34306363321253,0.03114932532318192,0.0,262585.5443792113,6289.019203083564,19994504.89445951,399.9753591227385,312.0915755123933
0.022384786521924372,0.31666666666666665,0.005,264.6058635124965,47.343062078222566,0.03115894265002955,0.0,262585.54135191534,6289.0192030844355,19994503.88683364,399.975354603897,312.0915737494193
0.022384786521924372,0.31666666666666665,0.015,264.6058635124965,47.34306363321253,0.03114932532318192,0.0,262585.5443792113,6289.019203083564,19994504.89445951,399.9753591227385,312.0915755123933
0.022384786521924372,0.35,-0.005,264.59707033050836,47.00446085005471,0.03464652488531449,0.0,262567.06115587935,6289.019204189647,19993648.63003279,399.9715191932683,312.0900774044635
0.022384786521924372,0.35,0.005,264.59707033050836,47.004459040374414,0.03465740419108204,0.0,262567.0576373182,6289.019204190732,19993647.458741304,399.9715139403046,312.0900753550702
0.022384786521924372,0.35,0.015,264.59707033050836,47.00446085005471,0.03464652488531449,0.0,262567.06115587935,6289.019204189647,19993648.63003279,399.9715191932683,312.0900774044635
0.022384786521924372,0.38333333333333336,-0.005,264.5871674224491,46.65055119616231,0.03883209755086949,0.0,262547.6616535041,6289.019205529235,19992684.330898363,399.9671946724998,312.0883902297463
0.022384786521924372,0.38333333333333336,0.005,264.5871674224491,46.65054909897751,0.03884457004694844,0.0,262547.65753567975,6289.019205530595,19992682.95956035,399.9671885221876,312.0883878302482
0.022384786521924372,0.38333333333333336,0.015,264.5871674224491,46.65055119616231,0.03883209755086949,0.0,262547.6616535041,6289.019205529235,19992684.330898363,399.9671946724998,312.0883902297463
0.022384786521924372,0.4166666666666667,-0.005,264.57584645891177,46.27974295472706,0.04402081870054441,0.0,262527.20048695995,6289.01920717851,19991581.991848934,399.96225095206984,312.08646146841426
0.022384786521924372,0.4166666666666667,0.005,264.57584645891177,46.27974052352565,0.04403546991712384,0.0,262527.19560378586,6289.019207180245,19991580.36446809,399.9622436531772,312.08645862078856
0.022384786521924372,0.4166666666666667,0.015,264.57584645891177,46.27974295472706,0.04402081870054441,0.0,262527.20048695995,6289.01920717851,19991581.991848934,399.96225095206984,312.08646146841426
0.022384786521924372,0.45,-0.005,264.56257438616234,45.890167442090345,0.050761337353779655,0.0,262505.45863018546,6289.019209263382,19990289.743872363,399.95645533920333,312.0842003314449
0.022384786521924372,0.45,0.005,264.56257438616234,45.89016460483414,0.05077923831551616,0.0,262505.4526983266,6289.019209265681,19990287.76483152,399.9564464627401,312.08419686831303
0.022384786521924372,0.45,0.015,264.56257438616234,45.890167442090345,0.050761337353779655,0.0,262505.45863018546,6289.019209263382,19990289.743872363,399.95645533920333,312.0842003314449
0.022384786521924372,0.48333333333333334,-0.005,264.54638381099016,45.4796019967214,0.06008580494924484,0.0,262482.0809796422,6289.019212020157,19988713.45997057,399.9493855592231,312.08144206069767
0.022384786521924372,0.48333333333333334,0.005,264.54638381099016,45.47959863248506,0.06010895226175424,0.0,262482.0734889625,6289.019212023407,19988710.957002785,399.94937433230024,312.0814376805005
0.022384786521924372,0.48333333333333334,0.015,264.54638381099016,45.4796019967214,0.06008580494924484,0.0,262482.0809796422,6289.019212020157,19988713.45997057,399.9493855592231,312.08144206069767
0.022384786521924372,0.5166666666666667,-0.005,264.52547549562684,45.04535906055799,0.07397634976678195,0.0,262456.4591243256,6289.019215955269,19986678.077078685,399.94025621570256,312.07788021630864
0.022384786521924372,0.5166666666666667,0.005,264.52547549562684,45.0453549571658,0.074008414405601,0.0,262456.44915341784,6289.019215960372,19986674.73894093,399.94024124185324,312.0778743741771
0.022384786521924372,0.5166666666666667,0.015,264.52547549562684,45.04535906055799,0.07397634976678195,0.0,262456.4591243256,6289.019215955269,19986678.077078685,399.94025621570256,312.07788021630864
0.022384786521924372,0.55,-0.005,264.49654343596626,44.58412411352739,0.09615427281735746,0.0,262427.53323236713,6289.019222278106,19983861.922044568,399.92762408632905,312.0729516810769
0.022384786521924372,0.55,0.005,264.49654343596626,44.58411890043065,0.09620168745854495,0.0,262427.5191817227,6289.019222287296,19983857.20838689,399.9276029409533,312.0729434309593
0.022384786521924372,0.55,0.015,264.49654343596626,44.58412411352739,0.09615427281735746,0.0,262427.53323236713,6289.019222278106,19983861.922044568,399.92762408632905,312.0729516810769
0.022384786521924372,0.5833333333333334,-0.005,264.4537955531145,44.09172255078199,0.13322409082459083,0.0,262393.5049385401,6289.019234045792,19979701.42831657,399.9089604219717,312.0656697475107
0.022384786521924372,0.5833333333333334,0.005,264.4537955531145,44.091715613602844,0.133297259008318,0.0,262393.4842346331,6289.01923406461,19979694.469700385,399.90892920320215,312.0656575668554
0.022384786521924372,0.5833333333333334,0.015,264.4537955531145,44.09172255078199,0.13322409082459083,0.0,262393.5049385401,6289.019234045792,19979701.42831657,399.9089604219717,312.0656697475107
0.022384786521924372,0.6166666666666667,-0.005,264.3878641695006,43.562801917920915,0.19594412001512154,0.0,262351.5169646221,6289.019258903476,19973285.188328773,399.88017491847216,312.0544382798865
0.022384786521924372,0.6166666666666667,0.005,264.3878641695006,43.562792331486456,0.196058039477572,0.0,262351.48590917635,6289.019258944829,19973274.735095445,399.88012801614906,312.0544199793062
0.022384786521924372,0.6166666666666667,0.015,264.3878641695006,43.562801917920915,0.19594412001512154,0.0,262351.5169646221,6289.019258903476,19973285.188328773,399.88017491847216,312.0544382798865
0.022384786521924372,0.65,-0.005,264.28524096025285,42.99043784220048,0.2998767116244189,0.0,262297.48242119874,6289.0193144444,19963299.225189555,399.8353680983272,312.0369548440124
0.022384786521924372,0.65,0.005,264.28524096025285,42.99042440599685,0.3000496942147096,0.0,262297.4365097815,6289.019314534436,19963283.754419096,399.835298669676,312.03692775247976
0.022384786521924372,0.65,0.015,264.28524096025285,42.99043784220048,0.2998767116244189,0.0,262297.48242119874,6289.0193144444,19963299.225189555,399.8353680983272,312.0369548440124
0.022384786521924372,0.6833333333333333,-0.005,264.1294196997751,42.36570376587052,0.46402393702777955,0.0,262226.4043634373,6289.0194352654125,19948138.774797898,399.7673274926979,312.01040380776965
0.022384786521924372,0.6833333333333333,0.005,264.1294196997751,42.365685261111224,0.46427290061935134,0.0,262226.3394460145,6289.019435446096,19948116.881310187,399.76722920789774,312.0103654531069
0.022384786521924372,0.6833333333333333,0.015,264.1294196997751,42.36570376587052,0.46402393702777955,0.0,262226.4043634373,6289.0194352654125,19948138.774797898,399.7673274926979,312.01040380776965
0.022384786521924372,0.7166666666666667,-0.005,263.90512229232326,41.677245558835516,0.7058199564810426,0.0,262133.5780116577,6289.01967447452,19926320.2924935,399.66936586320776,311.97217291924085
0.022384786521924372,0.7166666666666667,0.005,263.90512229232326,41.677221305144116,0.7061518386838056,0.0,262133.4923967416,6289.019674790392,19926291.399370346,399.66923608184146,311.97212226714987
0.022384786521924372,0.7166666666666667,0.015,263.90512229232326,41.677245558835516,0.7058199564810426,0.0,262133.5780116577,6289.01967447452,19926320.2924935,399.66936586320776,311.97217291924085
0.022384786521924372,0.75,-0.005,263.60603184418443,40.91077891003547,1.0319481282401983,0.0,262016.78574386123,6289.020085281543,19897234.03700209,399.5386869039536,311.9211663430915
0.022384786521924372,0.75,0.005,263.60603184418443,40.91074951593461,1.0323498798375472,0.0,262016.68262669418,6289.020085741463,19897199.218253404,399.53853036590823,311.9211052382022
0.022384786521924372,0.75,0.015,263.60603184418443,40.91077891003547,1.0319481282401983,0.0,262016.78574386123,6289.020085281543,19897234.03700209,399.5386869039536,311.9211663430915
0.022384786521924372,0.7833333333333333,-0.005,263.24384738700485,40.04805078044233,1.4274853301874721,0.0,261878.83579573088,6289.020677356163,19862023.148542035,399.38033715109754,311.85934813104524
0.022384786521924372,0.7833333333333333,0.005,263.24384738700485,40.04801868568196,1.4279186273897426,0.0,261878.72449865937,6289.020677892107,19861985.5529289,399.38016791452293,311.8592820561681
0.022384786521924372,0.7833333333333333,0.015,263.24384738700485,40.04805078044233,1.4274853301874721,0.0,261878.83579573088,6289.020677356163,19862023.148542035,399.38033715109754,311.85934813104524
0.022384786521924372,0.8166666666666667,-0.005,262.853124151896,39.06406159699264,1.8497975370763162,0.0,261728.83246410073,6289.021381088458,19824050.497665845,399.2093532068835,311.7925838904951
0.022384786521924372,0.8166666666666667,0.005,262.853124151896,39.06403082147848,1.8502054113439126,0.0,261728.72675782035,6289.021381568853,19824014.783746026,399.20919218769694,311.7925210104638
0.022384786521924372,0.8166666666666667,0.015,262.853124151896,39.06406159699264,1.8497975370763162,0.0,261728.83246410073,6289.021381088458,19824050.497665845,399.2093532068835,311.7925838904951
0.022384786521924372,0.8499999999999999,-0.005,262.48533152340286,37.92006141766092,2.2348245251863927,0.0,261580.26383775292,6289.022081076717,19788317.742309965,399.04824007286754,311.72966082853867
0.022384786521924372,0.8499999999999999,0.005,262.48533152340286,37.92003621143662,2.2351516669428206,0.0,261580.17697446133,6289.022081394659,19788288.395365678,399.0481075375956,311.72960906139036
0.022384786521924372,0.8499999999999999,0.015,262.48533152340286,37.92006141766092,2.2348245251863927,0.0,261580.26383775292,6289.022081076717,19788317.742309965,399.04824007286754,311.72966082853867
0.022384786521924372,0.8833333333333332,-0.005,262.1904599821709,36.54696699733342,2.517452377742939,0.0,261445.31729852222,6289.022723408163,19759678.886394866,398.9189871151474,311.67917163972953
0.022384786521924372,0.8833333333333332,0.005,262.1904599821709,36.54694992845012,2.517669585799856,0.0,261445.25610011813,6289.022723558106,19759658.21389329,398.91889361477047,311.6791351133637
0.022384786521924372,0.8833333333333332,0.015,262.1904599821709,36.54696699733342,2.517452377742939,0.0,261445.31729852222,6289.022723408163,19759678.886394866,398.9189871151474,311.67917163972953
0.022384786521924372,0.9166666666666665,-0.005,261.9948156308653,34.803177137495496,2.6544378467307816,0.0,261327.46239520743,6289.023412370429,19740688.186409142,398.83332227836297,311.6457044699697
0.022384786521924372,0.9166666666666665,0.005,261.9948156308653,34.803167887683166,2.6545531840543517,0.0,261327.42457454203,6289.023412421133,19740675.41396344,398.8332644463836,311.64568187520695
0.022384786521924372,0.9166666666666665,0.015,261.9948156308653,34.803177137495496,2.6544378467307816,0.0,261327.46239520743,6289.023412370429,19740688.186409142,398.83332227836297,311.6457044699697
0.022384786521924372,0.9500000000000001,-0.005,261.89077295809403,32.331648102671785,2.6243554518416787,0.0,261214.92885966777,6289.024539921969,19730612.82344457,398.78820801803005,311.6280779800653
0.022384786521924372,0.9500000000000001,0.005,261.89077295809403,32.33164422608761,2.624402093521918,0.0,261214.90594012744,6289.024539936943,19730605.08575446,398.78817296139164,311.62806428277827
0.022384786521924372,0.9500000000000001,0.015,261.89077295809403,32.331648102671785,2.6243554518416787,0.0,261214.92885966777,6289.024539921969,19730612.82344457,398.78820801803005,311.6280779800653
0.022384786521924372,0.9833333333333334,-0.005,261.8466988786654,27.656811980961162,2.336169956756282,0.0,261062.44953722286,6289.027397291475,19726416.94754102,398.77054487915217,311.62117658371034
0.022384786521924372,0.9833333333333334,0.005,261.8466988786654,27.656811023154475,2.336181118372446,0.0,261062.43277794262,6289.027397297913,19726411.290409103,398.77051924230994,311.6211665666928
0.022384786521924372,0.9833333333333334,0.015,261.8466988786654,27.656811980961162,2.336169956756282,0.0,261062.44953722286,6289.027397291475,19726416.94754102,398.77054487915217,311.62117658371034
0.022384786521924372,1.0166666666666666,-0.005,261.84669887835514,3.2759234345976035e-11,2.767202726290599e-12,0.0,261062.44953713342,6289.992599419188,19755564.832394026,399.35977088837365,311.85131836184763
0.022384786521924372,1.0166666666666666,0.005,261.84669887804483,-27.656811980961162,-2.336169956756282,0.0,261062.44953704404,6289.027397291473,19726416.947480757,398.77054487887864,311.62117658360347
0.022384786521924372,1.0166666666666666,0.015,261.84669887835514,3.2759234345976035e-11,2.767202726290599e-12,0.0,261062.44953713342,6289.992599419188,19755564.832394026,399.35977088837365,311.85131836184763
0.02311004494840777,-0.016666666666666666,-0.005,264.64757992984056,49.87973835400334,2.097549891527256e-19,0.0,262720.76395811036,6289.019198371181,19998567.514445182,399.99357651278194,312.09868273674346
0.02311004494840777,-0.016666666666666666,0.005,264.64757992984056,49.879738354003344,-0.0026413611594630296,0.0,262720.76395811036,6289.019198362459,19998567.514178373,399.99357650744554,312.0986827346615
0.02311004494840777,-0.016666666666666666,0.015,264.64757992984056,49.87973835400334,2.097549891527256e-19,0.0,262720.76395811036,6289.019198371181,19998567.514445182,399.99357651278194,312.09868273674346
0.02311004494840777,0.016666666666666666,-0.005,264.64757992984056,49.879738354003344,0.0026413611594630296,0.0,262720.76395811036,6289.019198362459,19998567.514178377,399.99357650744554,312.0986827346615
0.02311004494840777,0.016666666666666666,0.005,264.64757992984056,49.879738303892175,0.0026418784215340523,0.0,262720.76263003855,6289.0191983625145,19998567.061978586,399.9935744796519,312.0986819435592
0.02311004494840777,0.016666666666666666,0.015,264.64757992984056,49.879738354003344,0.0026413611594630296,0.0,262720.76395811036,6289.019198362459,19998567.514178377,399.99357650744554,312.0986827346615
0.02311004494840777,0.05,-0.005,264.6463700746757,49.63383053103637,0.007251896617459446,0.0,262708.18306099606,6289.01919861835,19998449.682164755,399.9930482282636,312.0984766372378
0.02311004494840777,0.05,0.005,264.6463700746757,49.63383036744478,0.007253464991777392,0.0,262708.18170758616,6289.019198618445,19998449.223233134,399.9930461702911,312.09847583436124
0.02311004494840777,0.05,0.015,264.6463700746757,49.63383053103637,0.007251896617459446,0.0,262708.18306099606,6289.01919861835,19998449.682164755,399.9930482282636,312.0984766372378
0.02311004494840777,0.08333333333333331,-0.005,264.64424708311884,49.38037232110184,0.011241799397886816,0.0,262695.0290843891,6289.01919891981,19998242.915818684,399.99212115170104,312.0981149567638
0.02311004494840777,0.08333333333333331,0.005,264.64424708311884,49.38037203180466,0.011244417519099475,0.0,262695.02768040396,6289.019198919952,19998242.4417304,399.9921190257658,312.098114127372
0.02311004494840777,0.08333333333333331,0.015,264.64424708311884,49.38037232110184,0.011241799397886816,0.0,262695.0290843891,6289.01919891981,19998242.915818684,399.99212115170104,312.0981149567638
0.02311004494840777,0.11666666666666667,-0.005,264.6412220408185,49.11885122662733,0.01468348115933696,0.0,262681.2857576169,6289.019199272423,19997948.297364347,399.9908001239938,312.0975995833654
0.02311004494840777,0.11666666666666667,0.005,264.6412220408185,49.11885079892447,0.01468714335392624,0.0,262681.2842730036,6289.019199272621,19997947.798056267,399.99079788496454,312.09759870985073
0.02311004494840777,0.11666666666666667,0.015,264.6412220408185,49.11885122662733,0.01468348115933696,0.0,262681.2857576169,6289.019199272423,19997948.297364347,399.9908001239938,312.0975995833654
0.02311004494840777,0.15,-0.005,264.63732236544973,48.84869660731739,0.017680083848826224,0.0,262666.93936173746,6289.019199683656,19997568.501424856,399.9890971295774,312.09693519179064
0.02311004494840777,0.15,0.005,264.63732236544973,48.84869602818873,0.017684768249891295,0.0,262666.93775788025,6289.019199683922,19997567.963914618,399.98909471922934,312.0969342514372
0.02311004494840777,0.15,0.015,264.63732236544973,48.84869660731739,0.017680083848826224,0.0,262666.93936173746,6289.019199683656,19997568.501424856,399.9890971295774,312.09693519179064
0.02311004494840777,0.18333333333333332,-0.005,264.63258969062196,48.56927042389923,0.02036603232057227,0.0,262651.97779684485,6289.01920016331,19997107.587740578,399.98703036252886,312.0961288791942
0.02311004494840777,0.18333333333333332,0.005,264.63258969062196,48.569269680084666,0.020371703880253878,0.0,262651.97602612065,6289.019200163659,19997106.995973196,399.9870277088547,312.0961278439089
0.02311004494840777,0.18333333333333332,0.015,264.63258969062196,48.56927042389923,0.02036603232057227,0.0,262651.97779684485,6289.01920016331,19997107.587740578,399.98703036252886,312.0961288791942
0.02311004494840777,0.21666666666666667,-0.005,264.6270674658979,48.279856410562296,0.022896627308031912,0.0,262636.38666498114,6289.019200724199,19996569.792518724,399.9846188075036,312.0951880510358
0.02311004494840777,0.21666666666666667,0.005,264.6270674658979,48.2798554883557,0.02290325247773415,0.0,262636.38467265764,6289.019200724645,19996569.12801708,399.984615827629,312.09518688848544
0.02311004494840777,0.21666666666666667,0.015,264.6270674658979,48.279856410562296,0.022896627308031912,0.0,262636.38666498114,6289.019200724199,19996569.792518724,399.9846188075036,312.0951880510358
0.02311004494840777,0.25,-0.005,264.62078322860646,47.979647311720754,0.025433221489854937,0.0,262620.14377321134,6289.019201382774,19995957.801369753,399.9818744951499,312.09411739967953
0.02311004494840777,0.25,0.005,264.62078322860646,47.97964619637809,0.02544078941118125,0.0,262620.14150010975,6289.019201383334,19995957.044151764,399.98187109944524,312.09411607489517
0.02311004494840777,0.25,0.015,264.62078322860646,47.979647311720754,0.025433221489854937,0.0,262620.14377321134,6289.019201382774,19995957.801369753,399.9818744951499,312.09411739967953
0.02311004494840777,0.2833333333333333,-0.005,264.61373199142713,47.667729459065214,0.028132961230732327,0.0,262603.2138718147,6289.01920216011,19995271.131772988,399.9787952476994,312.09291607416185
0.02311004494840777,0.2833333333333333,0.005,264.61373199142713,47.667728133868096,0.028141505094394472,0.0,262603.2112555091,6289.01920216081,19995270.260774948,399.9787913416762,312.0929145502783
0.02311004494840777,0.2833333333333333,0.015,264.61373199142713,47.667729459065214,0.028132961230732327,0.0,262603.2138718147,6289.01920216011,19995271.131772988,399.9787952476994,312.09291607416185
0.02311004494840777,0.31666666666666665,-0.005,264.6058635091103,47.34306363468719,0.031149326178273585,0.0,262585.5443783188,6289.019203083572,19994504.894130476,399.97535912126637,312.09157551181903
0.02311004494840777,0.31666666666666665,0.005,264.6058635091103,47.34306207969929,0.03115894350517849,0.0,262585.5413510214,6289.019203084444,19994503.886504058,399.9753546024225,312.09157374884404
0.02311004494840777,0.31666666666666665,0.015,264.6058635091103,47.34306363468719,0.031149326178273585,0.0,262585.5443783188,6289.019203083572,19994504.894130476,399.97535912126637,312.09157551181903
0.02311004494840777,0.3499999999999999,-0.005,264.5970703270373,47.004460851244,0.03464652590667038,0.0,262567.0611549408,6289.019204189635,19993648.629694905,399.971519191747,312.0900774038699
0.02311004494840777,0.3499999999999999,0.005,264.5970703270373,47.00445904156537,0.034657405212610175,0.0,262567.057636378,6289.019204190719,19993647.45840284,399.9715139387806,312.09007535447563
0.02311004494840777,0.3499999999999999,0.015,264.5970703270373,47.004460851244,0.03464652590667038,0.0,262567.0611549408,6289.019204189635,19993648.629694905,399.971519191747,312.0900774038699
0.02311004494840777,0.38333333333333336,-0.005,264.5871674187823,46.65055119711486,0.038832098768857036,0.0,262547.661652503,6289.019205529235,19992684.33054183,399.9671946709003,312.0883902291223
0.02311004494840777,0.38333333333333336,0.005,264.5871674187823,46.6505490999314,0.03884457126524448,0.0,262547.65753467684,6289.019205530593,19992682.959203187,399.96718852058524,312.0883878296231
0.02311004494840777,0.38333333333333336,0.015,264.5871674187823,46.65055119711486,0.038832098768857036,0.0,262547.661652503,6289.019205529235,19992684.33054183,399.9671946709003,312.0883902291223
0.02311004494840777,0.4166666666666667,-0.005,264.57584645492665,46.27974295548055,0.04402082017247736,0.0,262527.20048586145,6289.019207178516,19991581.991461705,399.962250950336,312.0864614677378
0.02311004494840777,0.4166666666666667,0.005,264.57584645492665,46.27974052428022,0.044035471389552154,0.0,262527.1956026854,6289.019207180252,19991580.36408015,399.96224365144025,312.0864586201109
0.02311004494840777,0.4166666666666667,0.015,264.57584645492665,46.27974295548055,0.04402082017247736,0.0,262527.20048586145,6289.019207178516,19991581.991461705,399.962250950336,312.0864614677378
0.02311004494840777,0.45,-0.005,264.5625743816926,45.890167442674496,0.05076133918811336,0.0,262505.45862893754,6289.019209263381,19990289.74343782,399.9564553372532,312.0842003306841
0.02311004494840777,0.45,0.005,264.5625743816926,45.890164605419145,0.050779240150634626,0.0,262505.4526970763,6289.019209265679,19990287.76439613,399.9564464607862,312.0841968675507
0.02311004494840777,0.45,0.015,264.5625743816926,45.890167442674496,0.05076133918811336,0.0,262505.45862893754,6289.019209263381,19990289.74343782,399.9564553372532,312.0842003306841
0.02311004494840777,0.48333333333333334,-0.005,264.54638380576273,45.47960199715641,0.060085807352418634,0.0,262482.0809781725,6289.019212020158,19988713.459462516,399.9493855569443,312.0814420598086
0.02311004494840777,0.48333333333333334,0.005,264.54638380576273,45.47959863292072,0.06010895466619532,0.0,262482.0734874897,6289.019212023408,19988710.956493683,399.9493743300167,312.0814376796096
0.02311004494840777,0.48333333333333334,0.015,264.54638380576273,45.47960199715641,0.060085807352418634,0.0,262482.0809781725,6289.019212020158,19988713.459462516,399.9493855569443,312.0814420598086
0.02311004494840777,0.5166666666666667,-0.005,264.52547548918886,45.04535906084999,0.07397635312125493,0.0,262456.4591225038,6289.019215955267,19986678.076453038,399.9402562128952,312.0778802152133
0.02311004494840777,0.5166666666666667,0.005,264.52547548918886,45.045354957458265,0.07400841776215301,0.0,262456.44915159204,6289.019215960371,19986674.738313895,399.9402412390397,312.07787437307934
0.02311004494840777,0.5166666666666667,0.015,264.52547548918886,45.04535906084999,0.07397635312125493,0.0,262456.4591225038,6289.019215955267,19986678.076453038,399.9402562128952,312.0778802152133
0.02311004494840777,0.55,-0.005,264.4965434275473,44.58412411366456,0.09615427779531319,0.0,262427.53322997654,6289.019222278111,19983861.921226766,399.92762408266196,312.07295167964617
0.02311004494840777,0.55,0.005,264.4965434275473,44.58411890056813,0.09620169243988382,0.0,262427.5191793264,6289.019222287302,19983857.207567126,399.92760293727747,312.0729434295251
0.02311004494840777,0.55,0.015,264.4965434275473,44.58412411366456,0.09615427779531319,0.0,262427.53322997654,6289.019222278111,19983861.921226766,399.92762408266196,312.07295167964617
0.02311004494840777,0.5833333333333334,-0.005,264.4537955414753,44.09172255072485,0.1332240985124647,0.0,262393.5049352264,6289.0192340458025,19979701.427186333,399.9089604169049,312.0656697455338
0.02311004494840777,0.5833333333333334,0.005,264.4537955414753,44.09171561354582,0.13329726670149533,0.0,262393.4842313109,6289.01923406462,19979694.46856724,399.9089291981223,312.0656575648734
0.02311004494840777,0.5833333333333334,0.015,264.4537955414753,44.09172255072485,0.1332240985124647,0.0,262393.5049352264,6289.0192340458025,19979701.427186333,399.9089604169049,312.0656697455338
0.02311004494840777,0.6166666666666667,-0.005,264.3878641528143,43.56280191759919,0.19594413197492166,0.0,262351.5169598568,6289.0192589034805,19973285.18670835,399.8801749112003,312.05443827704914
0.02311004494840777,0.6166666666666667,0.005,264.3878641528143,43.56279233116466,0.19605805144515348,0.0,262351.4859043983,6289.0192589448325,19973274.733470682,399.88012800885775,312.0544199764612
0.02311004494840777,0.6166666666666667,0.015,264.3878641528143,43.56280191759919,0.19594413197492166,0.0,262351.5169598568,6289.0192589034805,19973285.18670835,399.8801749112003,312.05443827704914
0.02311004494840777,0.65,-0.005,264.2852409361495,42.990437841518485,0.2998767297533353,0.0,262297.4824143021,6289.019314444396,19963299.222848814,399.83536808781366,312.03695483991
0.02311004494840777,0.65,0.005,264.2852409361495,42.99042440531458,0.3000497123540243,0.0,262297.43650286633,6289.019314534431,19963283.75207206,399.835298659134,312.0369277483663
0.02311004494840777,0.65,0.015,264.2852409361495,42.990437841518485,0.2998767297533353,0.0,262297.4824143021,6289.019314444396,19963299.222848814,399.83536808781366,312.03695483991
0.02311004494840777,0.6833333333333333,-0.005,264.1294196657308,42.3657037647352,0.4640239630592484,0.0,262226.40435369784,6289.019435265426,19948138.771492768,399.76732747785405,312.010403801977
0.02311004494840777,0.6833333333333333,0.005,264.1294196657308,42.36568525997549,0.4642729266631048,0.0,262226.3394362495,6289.019435446111,19948116.87799638,399.7672291930149,312.010365447299
0.02311004494840777,0.6833333333333333,0.015,264.1294196657308,42.3657037647352,0.4640239630592484,0.0,262226.40435369784,6289.019435265426,19948138.771492768,399.76732747785405,312.010403801977
0.02311004494840777,0.7166666666666667,-0.005,263.90512224651343,41.67724555721391,0.7058199910850556,0.0,262133.57799855608,6289.019674474559,19926320.288047258,399.6693658432316,311.9721729114444
0.02311004494840777,0.7166666666666667,0.005,263.90512224651343,41.677221303522096,0.7061518733001297,0.0,262133.49238360734,6289.01967479043,19926291.39491301,399.66923606181535,311.97212225933396
0.02311004494840777,0.7166666666666667,0.015,263.90512224651343,41.67724555721391,0.7058199910850556,0.0,262133.57799855608,6289.019674474559,19926320.288047258,399.6693658432316,311.9721729114444
0.02311004494840777,0.75,-0.005,263.6060317865847,40.910778908028846,1.0319481699891342,0.0,262016.78572738572,6289.02008528159,19897234.031412262,399.5386868788099,311.9211663332766
0.02311004494840777,0.75,0.005,263.6060317865847,40.91074951392775,1.0323499215961658,0.0,262016.68261018072,6289.020085741509,19897199.212650664,399.5385303407065,311.9211052283645
0.02311004494840777,0.75,0.015,263.6060317865847,40.910778908028846,1.0319481699891342,0.0,262016.78572738572,6289.02008528159,19897234.031412262,399.5386868788099,311.9211663332766
0.02311004494840777,0.7833333333333333,-0.005,263.24384732018336,40.048050778331266,1.42748537503797,0.0,261878.8357766165,6289.0206773562095,19862023.14205809,399.3803371218887,311.85934811964125
0.02311004494840777,0.7833333333333333,0.005,263.24384732018336,40.04801868357099,1.4279186722449386,0.0,261878.72447950538,6289.020677892155,19861985.54643153,399.3801678852535,311.8592820447405
0.02311004494840777,0.7833333333333333,0.015,263.24384732018336,40.048050778331266,1.42748537503797,0.0,261878.8357766165,6289.0206773562095,19862023.14205809,399.3803371218887,311.85934811964125
0.02311004494840777,0.8166666666666667,-0.005,262.853124080756,39.064061595200926,1.849797579105701,0.0,261728.83244375326,6289.021381088507,19824050.490763802,399.20935317574515,311.7925838783352
0.02311004494840777,0.8166666666666667,0.005,262.853124080756,39.064030819687225,1.8502054533723618,0.0,261728.72673743672,6289.021381568904,19824014.776831724,399.2091921565032,311.7925209982822
0.02311004494840777,0.8166666666666667,0.015,262.853124080756,39.064061595200926,1.849797579105701,0.0,261728.83244375326,6289.021381088507,19824050.490763802,399.20935317574515,311.7925838783352
0.02311004494840777,0.85,-0.005,262.485331453536,37.920061416605435,2.234824558732226,0.0,261580.26381776464,6289.022081076752,19788317.735531423,399.048240042237,311.7296608165746
0.02311004494840777,0.85,0.005,262.485331453536,37.920036210381845,2.235151700483797,0.0,261580.1769544444,6289.022081394695,19788288.38857744,399.04810750692127,311.7296090494092
0.02311004494840777,0.85,0.015,262.485331453536,37.920061416605435,2.234824558732226,0.0,261580.26381776464,6289.022081076752,19788317.735531423,399.048240042237,311.7296608165746
0.02311004494840777,0.8833333333333333,-0.005,262.1904599174962,36.54696699722832,2.517452399916056,0.0,261445.31728000488,6289.022723408165,19759678.880118817,398.91898708674097,311.6791716286324
0.02311004494840777,0.8833333333333333,0.005,262.1904599174962,36.54694992834575,2.5176696079673224,0.0,261445.2560815812,6289.02272355811,19759658.20761062,398.9188935863341,311.67913510225486
0.02311004494840777,0.8833333333333333,0.015,262.1904599174962,36.54696699722832,2.517452399916056,0.0,261445.31728000488,6289.022723408165,19759678.880118817,398.91898708674097,311.6791716286324
0.02311004494840777,0.9166666666666666,-0.005,261.99481557215427,34.80317713824604,2.6544378584905677,0.0,261327.46237839025,6289.023412370424,19740688.18071087,398.83332225254924,311.64570445988437
0.02311004494840777,0.9166666666666666,0.005,261.99481557215427,34.80316788843424,2.6545531958101902,0.0,261327.42455771286,6289.023412421129,19740675.40826112,398.8332644205515,311.6456818651144
0.02311004494840777,0.9166666666666666,0.015,261.99481557215427,34.80317713824604,2.6544378584905677,0.0,261327.46237839025,6289.023412370424,19740688.18071087,398.83332225254924,311.64570445988437
0.02311004494840777,0.95,-0.005,261.8907729035724,32.331648103979994,2.6243554566584644,0.0,261214.92884403325,6289.024539921937,19730612.818151426,398.7882079940291,311.6280779706876
0.02311004494840777,0.95,0.005,261.8907729035724,32.331644227396154,2.6244020983369953,0.0,261214.9059244854,6289.024539936912,19730605.0804588,398.7881729373793,311.62806427339615
0.02311004494840777,0.95,0.015,261.8907729035724,32.331648103979994,2.6243554566584644,0.0,261214.92884403325,6289.024539921937,19730612.818151426,398.7882079940291,311.6280779706876
0.02311004494840777,0.9833333333333333,-0.005,261.8466988259536,27.65681198189279,2.3361699579547683,0.0,261062.44952206317,6289.027397291404,19726416.942422073,398.77054485591793,311.6211765746321
0.02311004494840777,0.9833333333333333,0.005,261.8466988259536,27.656811024086323,2.336181119570572,0.0,261062.43276277732,6289.027397297842,19726411.28528824,398.7705192190671,311.6211665576112
0.02311004494840777,0.9833333333333333,0.015,261.8466988259536,27.65681198189279,2.3361699579547683,0.0,261062.44952206317,6289.027397291404,19726416.942422073,398.77054485591793,311.6211765746321
0.02311004494840777,1.0166666666666668,-0.005,261.8466988256358,3.3459121509653734e-11,2.8262502785618572e-12,0.0,261062.44952197166,6289.992599419245,19755564.827270646,399.35977086518,311.8513183527919
0.02311004494840777,1.0166666666666668,0.005,261.846698825318,-27.65681198189298,-2.3361699579547843,0.0,261062.44952188001,6289.027397291402,19726416.94236035,398.77054485563775,311.6211765745226
0.02311004494840777,1.0166666666666668,0.015,261.8466988256358,3.3459121509653734e-11,2.8262502785618572e-12,0.0,261062.44952197166,6289.992599419245,19755564.827270646,399.35977086518,311.8513183527919
0.02383530337489116,-0.016666666666666666,-0.005,264.647579850424,49.87973845090469,0.0,0.0,262720.76394029526,6289.019198371182,19998567.50671894,399.9935764781354,312.0986827232268
0.02383530337489116,-0.016666666666666666,0.005,264.64757985042394,49.87973845090469,-0.0026413591995411547,0.0,262720.76394029526,6289.019198362461,19998567.50645214,399.9935764727991,312.09868272114494
0.02383530337489116,-0.016666666666666666,0.015,264.647579850424,49.87973845090469,0.0,0.0,262720.76394029526,6289.019198371182,19998567.50671894,399.9935764781354,312.0986827232268
0.02383530337489116,0.016666666666666666,-0.005,264.647579850424,49.87973845090469,0.0026413591995411547,0.0,262720.76394029526,6289.019198362461,19998567.50645214,399.9935764727991,312.09868272114494
0.02383530337489116,0.016666666666666666,0.005,264.647579850424,49.8797384009101,0.0026418764590066496,0.0,262720.76261220186,6289.019198362515,19998567.054243002,399.99357444496343,312.09868193002615
0.02383530337489116,0.016666666666666666,0.015,264.647579850424,49.87973845090469,0.0026413591995411547,0.0,262720.76394029526,6289.019198362461,19998567.50645214,399.9935764727991,312.09868272114494
0.02383530337489116,0.05,-0.005,264.64637000081393,49.63383061899956,0.007251891821624932,0.0,262708.1830442976,6289.019198618351,19998449.674978975,399.99304819604043,312.0984766246666
0.02383530337489116,0.05,0.005,264.64637000081393,49.63383045551431,0.007253460189650422,0.0,262708.18169086723,6289.019198618445,19998449.216038615,399.99304613802855,312.0984758217747
0.02383530337489116,0.05,0.015,264.64637000081393,49.63383061899956,0.007251891821624932,0.0,262708.1830442976,6289.019198618351,19998449.674978975,399.99304819604043,312.0984766246666
0.02383530337489116,0.08333333333333331,-0.005,264.6442470167591,49.380372398761374,0.011241793505941018,0.0,262695.02906929766,6289.019198919807,19998242.909362726,399.99212112274864,312.09811494546864
0.02383530337489116,0.08333333333333331,0.005,264.6442470167591,49.38037210955859,0.011244411619180923,0.0,262695.027665294,6289.019198919949,19998242.435266536,399.992118996778,312.098114116063
0.02383530337489116,0.08333333333333331,0.015,264.6442470167591,49.380372398761374,0.011241793505941018,0.0,262695.02906929766,6289.019198919807,19998242.909362726,399.99212112274864,312.09811494546864
0.02383530337489116,0.11666666666666667,-0.005,264.64122198248197,49.11885129400235,0.014683475192768044,0.0,262681.28574428963,6289.019199272424,19997948.29168912,399.99080009854407,312.09759957343664
0.02383530337489116,0.11666666666666667,0.005,264.64122198248197,49.118850866381806,0.014687137379017412,0.0,262681.2842596598,6289.019199272622,19997947.79237404,399.9907978594834,312.0975986999098
0.02383530337489116,0.11666666666666667,0.015,264.64122198248197,49.11885129400235,0.014683475192768044,0.0,262681.28574428963,6289.019199272424,19997948.29168912,399.99080009854407,312.09759957343664
0.02383530337489116,0.15,-0.005,264.6373223148624,48.84869666510625,0.017680078336580543,0.0,262666.9393501303,6289.019199683648,19997568.49650332,399.9890971075032,312.0969351831788
0.02383530337489116,0.15,0.005,264.6373223148624,48.84869608604848,0.017684762729677516,0.0,262666.9377462586,6289.019199683916,19997567.95898696,399.9890946971277,312.0969342428146
0.02383530337489116,0.15,0.015,264.6373223148624,48.84869666510625,0.017680078336580543,0.0,262666.9393501303,6289.019199683648,19997568.49650332,399.9890971075032,312.0969351831788
0.02383530337489116,0.18333333333333332,-0.005,264.63258964711076,48.569270473076195,0.020366027490840155,0.0,262651.97778682207,6289.019200163306,19997107.58350755,399.98703034354287,312.0961288717872
0.02383530337489116,0.18333333333333332,0.005,264.63258964711076,48.569269729322144,0.020371699043284616,0.0,262651.97601608525,6289.019200163654,19997106.991734874,399.987027689845,312.0961278364926
0.02383530337489116,0.18333333333333332,0.015,264.63258964711076,48.569270473076195,0.020366027490840155,0.0,262651.97778682207,6289.019200163306,19997107.58350755,399.98703034354287,312.0961288717872
0.02383530337489116,0.21666666666666665,-0.005,264.62706742864304,48.27985645216169,0.02289662322470386,0.0,262636.3866563648,6289.0192007242,19996569.788894556,399.98461879125045,312.0951880446949
0.02383530337489116,0.21666666666666665,0.005,264.62706742864304,48.279855530006444,0.022903248388032295,0.0,262636.3846640304,6289.019200724645,19996569.12438834,399.98461581135547,312.09518688213655
0.02383530337489116,0.21666666666666665,0.015,264.62706742864304,48.27985645216169,0.02289662322470386,0.0,262636.3866563648,6289.0192007242,19996569.788894556,399.98461879125045,312.0951880446949
0.02383530337489116,0.25,-0.005,264.6207831967729,47.979647346734765,0.025433218137345264,0.0,262620.1437658105,6289.019201382769,19995957.79827287,399.9818744812587,312.0941173942601
0.02383530337489116,0.25,0.005,264.6207831967729,47.97964623143541,0.02544078605317113,0.0,262620.14149269945,6289.019201383329,19995957.04105095,399.98187108553645,312.0941160694689
0.02383530337489116,0.25,0.015,264.6207831967729,47.979647346734765,0.025433218137345264,0.0,262620.1437658105,6289.019201382769,19995957.79827287,399.9818744812587,312.0941173942601
0.02383530337489116,0.2833333333333333,-0.005,264.6137319642192,47.667729488402614,0.02813295856299545,0.0,262603.21386545216,6289.019202160106,19995271.12912618,399.9787952358272,312.09291606953
0.02383530337489116,0.2833333333333333,0.005,264.6137319642192,47.667728163241875,0.028141502421983405,0.0,262603.2112491382,6289.019202160806,19995270.25812473,399.9787913297885,312.0929145456405
0.02383530337489116,0.2833333333333333,0.015,264.6137319642192,47.667729488402614,0.02813295856299545,0.0,262603.21386545216,6289.019202160106,19995271.12912618,399.9787952358272,312.09291606953
0.02383530337489116,0.31666666666666665,-0.005,264.6058634857996,47.34306365915849,0.03114932414492444,0.0,262585.54437282967,6289.019203083573,19994504.891862977,399.97535911109713,312.0915755078516
0.02383530337489116,0.31666666666666665,0.005,264.6058634857996,47.34306210420099,0.03115894146791306,0.0,262585.54134552495,6289.019203084445,19994503.884233605,399.97535459223997,312.0915737448714
0.02383530337489116,0.31666666666666665,0.015,264.6058634857996,47.34306365915849,0.03114932414492444,0.0,262585.54437282967,6289.019203083573,19994504.891862977,399.97535911109713,312.0915755078516
0.02383530337489116,0.35,-0.005,264.5970703069663,47.004460871564575,0.03464652446572226,0.0,262567.0611501749,6289.019204189643,19993648.62774282,399.9715191829952,312.0900774004555
0.02383530337489116,0.35,0.005,264.5970703069663,47.00445906191125,0.03465740376843793,0.0,262567.05763160565,6289.019204190727,19993647.456448164,399.97151393001724,312.0900753510567
0.02383530337489116,0.35,0.015,264.5970703069663,47.004460871564575,0.03464652446572226,0.0,262567.0611501749,6289.019204189643,19993648.62774282,399.9715191829952,312.0900774004555
0.02383530337489116,0.38333333333333336,-0.005,264.5871674013598,46.65055121390806,0.03883209789674438,0.0,262547.66164831707,6289.019205529234,19992684.328847148,399.96719466329847,312.0883902261565
0.02383530337489116,0.38333333333333336,0.005,264.5871674013598,46.65054911674556,0.03884457039055114,0.0,262547.65753048507,6289.019205530592,19992682.957506206,399.96718851297305,312.0883878266532
0.02383530337489116,0.38333333333333336,0.015,264.5871674013598,46.65055121390806,0.03883209789674438,0.0,262547.66164831707,6289.019205529234,19992684.328847148,399.96719466329847,312.0883902261565
0.02383530337489116,0.41666666666666674,-0.005,264.5758464395958,46.27974296928862,0.04402081987778442,0.0,262527.2004821267,6289.019207178512,19991581.98997048,399.9622509436452,312.0864614651274
0.02383530337489116,0.41666666666666674,0.005,264.5758464395958,46.27974053810555,0.04403547109290717,0.0,262527.19559894537,6289.0192071802485,19991580.362586845,399.9622436447402,312.0864586174969
0.02383530337489116,0.41666666666666674,0.015,264.5758464395958,46.27974296928862,0.04402081987778442,0.0,262527.2004821267,6289.019207178512,19991581.98997048,399.9622509436452,312.0864614651274
0.02383530337489116,0.45,-0.005,264.56257436790406,45.89016745396436,0.05076133953616079,0.0,262505.45862552436,6289.019209263384,19990289.742096897,399.9564553312393,312.0842003283378
0.02383530337489116,0.45,0.005,264.56257436790406,45.89016461672316,0.05077924049740321,0.0,262505.4526936579,6289.019209265681,19990287.76305324,399.9564464547633,312.08419686520085
0.02383530337489116,0.45,0.015,264.56257436790406,45.89016745396436,0.05076133953616079,0.0,262505.45862552436,6289.019209263384,19990289.742096897,399.9564553312393,312.0842003283378
0.02383530337489116,0.48333333333333334,-0.005,264.5463837929253,45.47960200632489,0.06008580851120904,0.0,262482.08097492845,6289.019212020157,19988713.458214168,399.9493855513438,312.0814420576236
0.02383530337489116,0.48333333333333334,0.005,264.5463837929253,45.47959864210073,0.060108955824521915,0.0,262482.0734842404,6289.019212023407,19988710.95524336,399.9493743244073,312.0814376774211
0.02383530337489116,0.48333333333333334,0.015,264.5463837929253,45.47960200632489,0.06008580851120904,0.0,262482.08097492845,6289.019212020157,19988713.458214168,399.9493855513438,312.0814420576236
0.02383530337489116,0.5166666666666667,-0.005,264.5254754765654,45.04535906822885,0.07397635543941337,0.0,262456.45911923854,6289.019215955271,19986678.07522587,399.9402562073914,312.077880213066
0.02383530337489116,0.5166666666666667,0.005,264.5254754765654,45.04535496484645,0.07400842008094524,0.0,262456.4491483208,6289.019215960376,19986674.73708458,399.9402412335262,312.07787437092827
0.02383530337489116,0.5166666666666667,0.015,264.5254754765654,45.04535906822885,0.07397635543941337,0.0,262456.45911923854,6289.019215955271,19986678.07522587,399.9402562073914,312.077880213066
0.02383530337489116,0.55,-0.005,264.4965434141324,44.58412411951952,0.09615428191419353,0.0,262427.5332264131,6289.01922227811,19983861.919922847,399.9276240768109,312.07295167736333
0.02383530337489116,0.55,0.005,264.4965434141324,44.58411890643055,0.09620169656094668,0.0,262427.5191757557,6289.019222287299,19983857.206260618,399.9276029314147,312.07294342723765
0.02383530337489116,0.55,0.015,264.4965434141324,44.58412411951952,0.09615428191419353,0.0,262427.5332264131,6289.01922227811,19983861.919922847,399.9276240768109,312.07295167736333
0.02383530337489116,0.5833333333333334,-0.005,264.45379552582676,44.09172255525413,0.13322410549170877,0.0,262393.50493096403,6289.019234045796,19979701.42566562,399.9089604100776,312.06566974287
0.02383530337489116,0.5833333333333334,0.005,264.45379552582676,44.091715618080976,0.13329727368505012,0.0,262393.48422703886,6289.0192340646145,19979694.467043128,399.9089291912798,312.0656575622036
0.02383530337489116,0.5833333333333334,0.015,264.45379552582676,44.09172255525413,0.13322410549170877,0.0,262393.50493096403,6289.019234045796,19979701.42566562,399.9089604100776,312.06566974287
0.02383530337489116,0.6166666666666667,-0.005,264.3878641329211,43.56280192093435,0.19594414335363994,0.0,262351.51695433754,6289.019258903489,19973285.184776183,399.88017490253156,312.0544382736667
0.02383530337489116,0.6166666666666667,0.005,264.3878641329211,43.56279233450434,0.1960580628308373,0.0,262351.48589886545,6289.019258944842,19973274.731533803,399.88012800016793,312.0544199730706
0.02383530337489116,0.6166666666666667,0.015,264.3878641329211,43.56280192093435,0.19594414335363994,0.0,262351.51695433754,6289.019258903489,19973285.184776183,399.88017490253156,312.0544382736667
0.02383530337489116,0.65,-0.005,264.28524090949827,42.99043784373343,0.299876747409017,0.0,262297.48240680905,6289.0193144444065,19963299.220260795,399.83536807619737,312.0369548353772
0.02383530337489116,0.65,0.005,264.28524090949827,42.99042440753291,0.3000497300194382,0.0,262297.436495354,6289.019314534442,19963283.74947744,399.83529864748806,312.0369277438219
0.02383530337489116,0.65,0.015,264.28524090949827,42.99043784373343,0.299876747409017,0.0,262297.48240680905,6289.0193144444065,19963299.220260795,399.83536807619737,312.0369548353772
0.02383530337489116,0.6833333333333333,-0.005,264.1294196296822,42.36570376587943,0.4640239887075976,0.0,262226.4043434815,6289.019435265438,19948138.7679927,399.76732746213327,312.01040379584214
0.02383530337489116,0.6833333333333333,0.005,264.1294196296822,42.36568526112221,0.4642729523231979,0.0,262226.339426007,6289.019435446122,19948116.874487385,399.7672291772539,312.01036544114845
0.02383530337489116,0.6833333333333333,0.015,264.1294196296822,42.36570376587943,0.4640239887075976,0.0,262226.4043434815,6289.019435265438,19948138.7679927,399.76732746213327,312.01040379584214
0.02383530337489116,0.7166666666666667,-0.005,263.9051221991369,41.67724555737436,0.7058200253802688,0.0,262133.57798507635,6289.019674474586,19926320.28344839,399.66936582256375,311.97217290337795
0.02383530337489116,0.7166666666666667,0.005,263.9051221991369,41.6772213036844,0.7061519076072189,0.0,262133.49237009455,6289.019674790458,19926291.39030285,399.6692360410968,311.9721222512477
0.02383530337489116,0.7166666666666667,0.015,263.9051221991369,41.67724555737436,0.7058200253802688,0.0,262133.57798507635,6289.019674474586,19926320.28344839,399.66936582256375,311.97217290337795
0.02383530337489116,0.7499999999999999,-0.005,263.60603172776234,40.91077890740515,1.0319482114914316,0.0,262016.78571061903,6289.020085281642,19897234.025703788,399.5386868531346,311.92116632325417
0.02383530337489116,0.7499999999999999,0.005,263.60603172776234,40.910749513305575,1.0323499631077977,0.0,262016.68259337568,6289.020085741562,19897199.206929136,399.5385303149723,311.9211052183192
0.02383530337489116,0.7499999999999999,0.015,263.60603172776234,40.91077890740515,1.0319482114914316,0.0,262016.78571061903,6289.020085281642,19897234.025703788,399.5386868531346,311.92116632325417
0.02383530337489116,0.7833333333333333,-0.005,263.243847252415,40.04805077728701,1.427485419693764,0.0,261878.83575727808,6289.020677356269,19862023.13548252,399.38033709227227,311.85934810807817
0.02383530337489116,0.7833333333333333,0.005,263.243847252415,40.04801868252818,1.427918716905155,0.0,261878.72446012718,6289.020677892214,19861985.539842427,399.3801678555761,311.8592820331536
0.02383530337489116,0.7833333333333333,0.015,263.243847252415,40.04805077728701,1.427485419693764,0.0,261878.83575727808,6289.020677356269,19862023.13548252,399.38033709227227,311.85934810807817
0.02383530337489116,0.8166666666666667,-0.005,262.85312400889137,39.0640615942275,1.8497976209835993,0.0,261728.8324232297,6289.021381088559,19824050.483791392,399.20935314428897,311.7925838660512
0.02383530337489116,0.8166666666666667,0.005,262.85312400889137,39.064030818715324,1.8502054952491087,0.0,261728.7267168767,6289.021381568954,19824014.769846957,399.2091921249911,311.79252098597635
0.02383530337489116,0.8166666666666667,0.015,262.85312400889137,39.0640615942275,1.8497976209835993,0.0,261728.8324232297,6289.021381088559,19824050.483791392,399.20935314428897,311.7925838660512
0.02383530337489116,0.85,-0.005,262.4853313831174,37.92006141617494,2.2348245921621595,0.0,261580.2637976352,6289.022081076772,19788317.728698857,399.0482400113548,311.72966080451226
0.02383530337489116,0.85,0.005,262.4853313831174,37.92003620995288,2.2351517339087086,0.0,261580.17693428614,6289.022081394716,19788288.381735105,399.04810747599475,311.7296090373296
0.02383530337489116,0.85,0.015,262.4853313831174,37.92006141617494,2.2348245921621595,0.0,261580.2637976352,6289.022081076772,19788317.728698857,399.0482400113548,311.72966080451226
0.02383530337489116,0.8833333333333333,-0.005,262.1904598523894,36.546966997602496,2.5174524220036862,0.0,261445.31726138399,6289.022723408177,19759678.873801094,398.9189870581497,311.67917161746317
0.02383530337489116,0.8833333333333333,0.005,262.1904598523894,36.54694992872128,2.517669630049181,0.0,261445.25606294055,6289.02272355812,19759658.20128621,398.9188935577126,311.6791350910737
0.02383530337489116,0.8833333333333333,0.015,262.1904598523894,36.546966997602496,2.5174524220036862,0.0,261445.31726138399,6289.022723408177,19759678.873801094,398.9189870581497,311.67917161746317
0.02383530337489116,0.9166666666666666,-0.005,261.9948155131032,34.803177139369545,2.6544378701932447,0.0,261327.46236148826,6289.02341237042,19740688.174979612,398.8333222265861,311.64570444974066
0.02383530337489116,0.9166666666666666,0.005,261.9948155131032,34.80316788955875,2.654553207508839,0.0,261327.42454079873,6289.023412421125,19740675.402525775,398.83326439456977,311.64568185496347
0.02383530337489116,0.9166666666666666,0.015,261.9948155131032,34.803177139369545,2.6544378701932447,0.0,261327.46236148826,6289.02341237042,19740688.174979612,398.8333222265861,311.64570444974066
0.02383530337489116,0.95,-0.005,261.89077284876237,32.33164810559207,2.624355461447602,0.0,261214.9288283301,6289.0245399219175,19730612.812830657,398.7882079699083,311.6280779612632
0.02383530337489116,0.95,0.005,261.89077284876237,32.331644229008965,2.6244021031243867,0.0,261214.9059087748,6289.024539936892,19730605.075135488,398.78817291324697,311.62806426396725
0.02383530337489116,0.95,0.015,261.89077284876237,32.33164810559207,2.624355461447602,0.0,261214.9288283301,6289.0245399219175,19730612.812830657,398.7882079699083,311.6280779612632
0.02383530337489116,0.9833333333333333,-0.005,261.8466987729728,27.656811983097995,2.3361699591616585,0.0,261062.4495068362,6289.027397291338,19726416.937277216,398.7705448325692,311.6211765655091
0.02383530337489116,0.9833333333333333,0.005,261.8466987729728,27.6568110252921,2.3361811207771126,0.0,261062.43274754458,6289.0273972977775,19726411.280141443,398.7705191957096,311.6211665484848
0.02383530337489116,0.9833333333333333,0.015,261.8466987729728,27.656811983097995,2.3361699591616585,0.0,261062.4495068362,6289.027397291338,19726416.937277216,398.7705448325692,311.6211765655091
0.02383530337489116,1.0166666666666666,-0.005,261.8466987726259,3.671021024676571e-11,3.101298985152894e-12,0.0,261062.44950673627,6289.992599419328,19755564.822119806,399.3597708418737,311.85131834369224
0.02383530337489116,1.0166666666666666,0.005,261.8466987722791,-27.656811983097814,-2.3361699591616425,0.0,261062.44950663636,6289.027397291338,19726416.937209856,398.7705448322635,311.62117656538965
0.02383530337489116,1.0166666666666666,0.015,261.8466987726259,3.671021024676571e-11,3.101298985152894e-12,0.0,261062.44950673627,6289.992599419328,19755564.822119806,399.3597708418737,311.85131834369224
0.02456056180137455,-0.016666666666666666,-0.005,264.6475788928089,49.879739630934665,0.0,0.0,262720.76372600894,6289.019198371186,19998567.41354015,399.993576060291,312.0986825602133
0.02456056180137455,-0.016666666666666666,0.005,264.6475788928089,49.879739630934665,-0.0026413356700956585,0.0,262720.76372600894,6289.019198362464,19998567.413273353,399.99357605495476,312.0986825581315
0.02456056180137455,-0.016666666666666666,0.015,264.6475788928089,49.879739630934665,0.0,0.0,262720.76372600894,6289.019198371186,19998567.41354015,399.993576060291,312.0986825602133
0.02456056180137455,0.016666666666666666,-0.005,264.6475788928089,49.879739630934665,0.0026413356700956585,0.0,262720.76372600894,6289.019198362464,19998567.413273353,399.99357605495476,312.0986825581315
0.02456056180137455,0.016666666666666666,0.005,264.6475788928089,49.879739582188684,0.0026418529025302407,0.0,262720.76239769004,6289.019198362519,19998566.960966043,399.99357402667886,312.09868176684097
0.02456056180137455,0.016666666666666666,0.015,264.6475788928089,49.879739630934665,0.0026413356700956585,0.0,262720.76372600894,6289.019198362464,19998567.413273353,399.99357605495476,312.0986825581315
0.02456056180137455,0.05,-0.005,264.6463691014878,49.63383170256135,0.007251833213553565,0.0,262708.18284155714,6289.019198618349,19998449.58747231,399.9930478036274,312.09847647157454
0.02456056180137455,0.05,0.005,264.6463691014878,49.63383154022826,0.007253401515413304,0.0,262708.1814879124,6289.019198618443,19998449.12843928,399.99304574520016,312.0984756685206
0.02456056180137455,0.05,0.015,264.6463691014878,49.63383170256135,0.007251833213553565,0.0,262708.18284155714,6289.019198618349,19998449.58747231,399.9930478036274,312.09847647157454
0.02456056180137455,0.08333333333333333,-0.005,264.6442461976297,49.38037337081375,0.011241719266996391,0.0,262695.02888365136,6289.019198919806,19998242.8296602,399.9921207653295,312.09811480602855
0.02456056180137455,0.08333333333333333,0.005,264.6442461976297,49.38037308265028,0.011244337294427585,0.0,262695.0274794498,6289.0191989199475,19998242.355478987,399.9921186389776,312.0981139764743
0.02456056180137455,0.08333333333333333,0.015,264.6442461976297,49.38037337081375,0.011241719266996391,0.0,262695.02888365136,6289.019198919806,19998242.8296602,399.9921207653295,312.09811480602855
0.02456056180137455,0.11666666666666667,-0.005,264.64122125123765,49.11885215307817,0.014683397157162568,0.0,262681.28557790845,6289.019199272424,19997948.22053878,399.990799779474,312.09759944895757
0.02456056180137455,0.11666666666666667,0.005,264.64122125123765,49.118851726380804,0.014687059251296226,0.0,262681.2840930999,6289.019199272623,19997947.72114727,399.9907975400705,312.0975985752969
0.02456056180137455,0.11666666666666667,0.015,264.64122125123765,49.11885215307817,0.014683397157162568,0.0,262681.28557790845,6289.019199272424,19997948.22053878,399.990799779474,312.09759944895757
0.02456056180137455,0.15,-0.005,264.63732167075585,48.84869741685043,0.01768000299702176,0.0,262666.939203129,6289.019199683652,19997568.433832265,399.98909682645524,312.096935073533
0.02456056180137455,0.15,0.005,264.63732167075585,48.84869683860395,0.01768468729962984,0.0,262666.93759909837,6289.019199683919,19997567.896248184,399.989094415776,312.09693413305035
0.02456056180137455,0.15,0.015,264.63732167075585,48.84869741685043,0.01768000299702176,0.0,262666.939203129,6289.019199683652,19997568.433832265,399.98909682645524,312.096935073533
0.02456056180137455,0.18333333333333332,-0.005,264.6325890849115,48.56927112635824,0.020365957963752266,0.0,262651.9776581891,6289.019200163306,19997107.528806522,399.98703009823095,312.096128776083
0.02456056180137455,0.18333333333333332,0.005,264.6325890849115,48.569270383311725,0.020371629431541593,0.0,262651.97588731244,6289.019200163654,19997106.936974436,399.98702744426663,312.09612774068444
0.02456056180137455,0.18333333333333332,0.015,264.6325890849115,48.56927112635824,0.020365957963752266,0.0,262651.9776581891,6289.019200163306,19997107.528806522,399.98703009823095,312.096128776083
0.02456056180137455,0.21666666666666667,-0.005,264.6270669411072,48.279857016908764,0.02289656068068704,0.0,262636.38654456084,6289.019200724194,19996569.74145843,399.98461857851083,312.0951879616979
0.02456056180137455,0.21666666666666667,0.005,264.6270669411072,48.27985609536696,0.022903185767052626,0.0,262636.3845521043,6289.019200724639,19996569.076900475,399.98461559838364,312.095186799049
0.02456056180137455,0.21666666666666667,0.015,264.6270669411072,48.279857016908764,0.02289656068068704,0.0,262636.38654456084,6289.019200724194,19996569.74145843,399.98461857851083,312.0951879616979
0.02456056180137455,0.25,-0.005,264.6207827760616,47.97964783281754,0.025433162725122645,0.0,262620.1436691204,6289.019201382757,19995957.75733889,399.98187429767245,312.09411732263663
0.02456056180137455,0.25,0.005,264.6207827760616,47.979646718047555,0.025440730572184798,0.0,262620.14139590337,6289.0192013833175,19995957.000072155,399.9818709017492,312.094115997767
0.02456056180137455,0.25,0.015,264.6207827760616,47.97964783281754,0.025433162725122645,0.0,262620.1436691204,6289.019201382757,19995957.75733889,399.98187429767245,312.09411732263663
0.02456056180137455,0.2833333333333333,-0.005,264.6137316026303,47.66772990512069,0.02813290994973133,0.0,262603.2137821734,6289.019202160111,19995271.093945496,399.97879507804686,312.0929160079741
0.02456056180137455,0.2833333333333333,0.005,264.6137316026303,47.66772858041484,0.028141453747954254,0.0,262603.21116576786,6289.019202160811,19995270.222905397,399.97879117183487,312.09291448401694
0.02456056180137455,0.2833333333333333,0.015,264.6137316026303,47.66772990512069,0.02813290994973133,0.0,262603.2137821734,6289.019202160111,19995271.093945496,399.97879507804686,312.0929160079741
0.02456056180137455,0.31666666666666665,-0.005,264.60586317613587,47.34306401503776,0.031149281806098588,0.0,262585.5443013421,6289.019203083571,19994504.861734472,399.97535897596737,312.0915754551323
0.02456056180137455,0.31666666666666665,0.005,264.60586317613587,47.3430624604696,0.031158899075794843,0.0,262585.5412739584,6289.019203084441,19994503.85407188,399.97535445696116,312.09157369209396
0.02456056180137455,0.31666666666666665,0.015,264.60586317613587,47.34306401503776,0.031149281806098588,0.0,262585.5443013421,6289.019203083571,19994504.861734472,399.97535897596737,312.0915754551323
0.02456056180137455,0.35,-0.005,264.5970700426359,47.0044611743124,0.03464648783036863,0.0,262567.06108899735,6289.0192041896335,19993648.60202516,399.9715190676419,312.0900773554515
0.02456056180137455,0.35,0.005,264.5970700426359,47.00445936499101,0.03465736708662372,0.0,262567.0575703602,6289.019204190718,19993647.43070203,399.97151381453614,312.09007530600286
0.02456056180137455,0.35,0.015,264.5970700426359,47.0044611743124,0.03464648783036863,0.0,262567.06108899735,6289.0192041896335,19993648.60202516,399.9715190676419,312.0900773554515
0.02456056180137455,0.38333333333333336,-0.005,264.58716717640124,46.65055147043403,0.038832066416951784,0.0,262547.6615961089,6289.019205529232,19992684.306960657,399.9671945651284,312.0883901878562
0.02456056180137455,0.38333333333333336,0.005,264.58716717640124,46.65054937355342,0.03884453887048258,0.0,262547.6574782187,6289.01920553059,19992682.935595367,399.9671884146938,312.08838778831034
0.02456056180137455,0.38333333333333336,0.015,264.58716717640124,46.65055147043403,0.038832066416951784,0.0,262547.6615961089,6289.019205529232,19992684.306960657,399.9671945651284,312.0883901878562
0.02456056180137455,0.4166666666666667,-0.005,264.5758462486498,46.27974318575284,0.04402079306708268,0.0,262527.2004376737,6289.019207178517,19991581.971393686,399.9622508603203,312.08646143261865
0.02456056180137455,0.4166666666666667,0.005,264.5758462486498,46.27974075480816,0.04403544424752011,0.0,262527.19555444235,6289.019207180253,19991580.343989242,399.9622435613219,312.08645858495163
0.02456056180137455,0.4166666666666667,0.015,264.5758462486498,46.27974318575284,0.04402079306708268,0.0,262527.2004376737,6289.019207178517,19991581.971393686,399.9622508603203,312.08646143261865
0.02456056180137455,0.45000000000000007,-0.005,264.56257420614685,45.89016763583472,0.05076131700156049,0.0,262505.4585877194,6289.019209263374,19990289.7263598,399.95645526064163,312.08420030079424
0.02456056180137455,0.45000000000000007,0.005,264.56257420614685,45.890164798794245,0.05077921793321158,0.0,262505.45265581005,6289.0192092656725,19990287.747298364,399.95644638408595,312.0841968376263
0.02456056180137455,0.45000000000000007,0.015,264.56257420614685,45.89016763583472,0.05076131700156049,0.0,262505.4585877194,6289.019209263374,19990289.7263598,399.95645526064163,312.08420030079424
0.02456056180137455,0.48333333333333334,-0.005,264.54638365595144,45.47960215843573,0.06008579000128918,0.0,262482.0809427691,6289.01921202016,19988713.444888957,399.9493854915671,312.08144203430163
0.02456056180137455,0.48333333333333334,0.005,264.54638365595144,45.47959879437984,0.060108937289747005,0.0,262482.07345204393,6289.019212023409,19988710.94190288,399.9493742645621,312.08143765407243
0.02456056180137455,0.48333333333333334,0.015,264.54638365595144,45.47960215843573,0.06008579000128918,0.0,262482.0809427691,6289.01921202016,19988713.444888957,399.9493854915671,312.08144203430163
0.02456056180137455,0.5166666666666667,-0.005,264.52547536028374,45.045359194832294,0.07397634092131013,0.0,262456.4590917633,6289.019215955265,19986678.063913994,399.94025615663884,312.0778801932646
0.02456056180137455,0.5166666666666667,0.005,264.52547536028374,45.04535509159027,0.07400840554254924,0.0,262456.44912081305,6289.0192159603685,19986674.725759428,399.94024118271426,312.0778743511036
0.02456056180137455,0.5166666666666667,0.015,264.52547536028374,45.045359194832294,0.07397634092131013,0.0,262456.4590917633,6289.019215955265,19986678.063913994,399.94025615663884,312.0778801932646
0.02456056180137455,0.55,-0.005,264.49654331456924,44.58412422433398,0.09615427168436355,0.0,262427.53320267843,6289.019222278107,19983861.91023822,399.9276240333557,312.07295166040876
0.02456056180137455,0.55,0.005,264.49654331456924,44.584119011361516,0.09620168631542445,0.0,262427.5191519914,6289.019222287297,19983857.19656413,399.9276028879063,312.0729434102623
0.02456056180137455,0.55,0.015,264.49654331456924,44.58412422433398,0.09615427168436355,0.0,262427.53320267843,6289.019222278107,19983861.91023822,399.9276240333557,312.07295166040876
0.02456056180137455,0.5833333333333334,-0.005,264.4537954389348,44.09172264150697,0.13322410029856163,0.0,262393.5049099782,6289.019234045804,19979701.41721497,399.90896037215794,312.06566972807485
0.02456056180137455,0.5833333333333334,0.005,264.4537954389348,44.091715704429966,0.1332972684810157,0.0,262393.4842060247,6289.019234064623,19979694.458581388,399.9089291533103,312.06565754738904
0.02456056180137455,0.5833333333333334,0.015,264.4537954389348,44.09172264150697,0.13322410029856163,0.0,262393.5049099782,6289.019234045804,19979701.41721497,399.90896037215794,312.06566972807485
0.02456056180137455,0.6166666666666667,-0.005,264.38786405442903,43.56280199140305,0.19594414445620428,0.0,262351.5169350128,6289.019258903491,19973285.177143924,399.8801748682733,312.05443826029966
0.02456056180137455,0.6166666666666667,0.005,264.38786405442903,43.56279240505192,0.1960580639275077,0.0,262351.4858795117,6289.019258944844,19973274.72389047,399.88012796585986,312.0544199596841
0.02456056180137455,0.6166666666666667,0.015,264.38786405442903,43.56280199140305,0.19594414445620428,0.0,262351.5169350128,6289.019258903491,19973285.177143924,399.8801748682733,312.05443826029966
0.02456056180137455,0.65,-0.005,264.28524083490254,42.99043790079588,0.29987675643455153,0.0,262297.4823879856,6289.019314444424,19963299.213009953,399.8353680436454,312.0369548226752
0.02456056180137455,0.65,0.005,264.28524083490254,42.99042446465966,0.30004973904388116,0.0,262297.43647649867,6289.019314534459,19963283.742214788,399.83529861488313,312.0369277310993
0.02456056180137455,0.65,0.015,264.28524083490254,42.99043790079588,0.29987675643455153,0.0,262297.4823879856,6289.019314444424,19963299.213009953,399.8353680436454,312.0369548226752
0.02456056180137455,0.6833333333333333,-0.005,264.1294195546295,42.36570381158065,0.4640240071493073,0.0,262226.40432401444,6289.019435265463,19948138.7607002,399.7673274293786,312.01040378306
0.02456056180137455,0.6833333333333333,0.005,264.1294195546295,42.365685306875534,0.46427297076759244,0.0,262226.33940650354,6289.019435446146,19948116.86718172,399.7672291444402,312.0103654283432
0.02456056180137455,0.6833333333333333,0.015,264.1294195546295,42.36570381158065,0.4640240071493073,0.0,262226.40432401444,6289.019435265463,19948138.7607002,399.7673274293786,312.01040378306
0.02456056180137455,0.7166666666666667,-0.005,263.90512212021633,41.67724559352361,0.7058200536951861,0.0,262133.57796407855,6289.019674474617,19926320.275782984,399.6693657881071,311.97217288993
0.02456056180137455,0.7166666666666667,0.005,263.90512212021633,41.677221339875665,0.7061519359264765,0.0,262133.49234905507,6289.019674790488,19926291.3826227,399.66923600657367,311.97212223777376
0.02456056180137455,0.7166666666666667,0.015,263.90512212021633,41.67724559352361,0.7058200536951861,0.0,262133.57796407855,6289.019674474617,19926320.275782984,399.6693657881071,311.97217288993
0.02456056180137455,0.7499999999999999,-0.005,263.60603164357605,40.910778935682494,1.031948248065944,0.0,262016.78568777247,6289.020085281687,19897234.017530117,399.5386868163577,311.92116630889825
0.02456056180137455,0.7499999999999999,0.005,263.60603164357605,40.9107495416168,1.0323499996854215,0.0,262016.6825704839,6289.0200857416075,19897199.19873963,399.53853027812414,311.9211052039355
0.02456056180137455,0.7499999999999999,0.015,263.60603164357605,40.910778935682494,1.031948248065944,0.0,262016.78568777247,6289.020085281687,19897234.017530117,399.5386868163577,311.92116630889825
0.02456056180137455,0.7833333333333333,-0.005,263.2438471643566,40.048050799325445,1.427485460325237,0.0,261878.8357330457,6289.020677356319,19862023.12693557,399.380337053764,311.8593480930434
0.02456056180137455,0.7833333333333333,0.005,263.2438471643566,40.04801870459401,1.427918757535959,0.0,261878.72443584935,6289.020677892263,19861985.5312797,399.38016781699656,311.85928201809094
0.02456056180137455,0.7833333333333333,0.015,263.2438471643566,40.048050799325445,1.427485460325237,0.0,261878.8357330457,6289.020677356319,19862023.12693557,399.380337053764,311.8593480930434
0.02456056180137455,0.8166666666666667,-0.005,262.85312392085484,39.06406161160678,1.8497976596172852,0.0,261728.83239877876,6289.021381088601,19824050.475248355,399.20935310573725,311.79258385099627
0.02456056180137455,0.8166666666666667,0.005,262.85312392085484,39.06403083611682,1.8502055338775358,0.0,261728.72669238487,6289.021381568996,19824014.761289787,399.20919208637554,311.7925209708965
0.02456056180137455,0.8166666666666667,0.015,262.85312392085484,39.06406161160678,1.8497976596172852,0.0,261728.83239877876,6289.021381088601,19824050.475248355,399.20935310573725,311.79258385099627
0.02456056180137455,0.85,-0.005,262.48533129980643,37.92006143030655,2.2348246230350712,0.0,261580.26377435835,6289.022081076805,19788317.720615257,399.04823997482174,311.72966079024275
0.02456056180137455,0.85,0.005,262.48533129980643,37.92003622410252,2.235151764773362,0.0,261580.17691097682,6289.022081394747,19788288.37364031,399.04810743941107,311.7296090230404
0.02456056180137455,0.85,0.015,262.48533129980643,37.92006143030655,2.2348246230350712,0.0,261580.26377435835,6289.022081076805,19788317.720615257,399.04823997482174,311.72966079024275
0.02456056180137455,0.8833333333333333,-0.005,262.1904597769387,36.546967009569045,2.5174524421662685,0.0,261445.3172402087,6289.022723408178,19759678.866479423,398.9189870250102,311.679171604517
0.02456056180137455,0.8833333333333333,0.005,262.1904597769387,36.546949940702405,2.517669650203559,0.0,261445.25604174257,6289.022723558122,19759658.19395671,398.9188935245375,311.67913507811375
0.02456056180137455,0.8833333333333333,0.015,262.1904597769387,36.546967009569045,2.5174524421662685,0.0,261445.3172402087,6289.022723408178,19759678.866479423,398.9189870250102,311.679171604517
0.02456056180137455,0.9166666666666667,-0.005,261.9948154455585,34.80317714986292,2.6544378805981053,0.0,261327.46234246183,6289.023412370399,19740688.168423846,398.8333221968796,311.64570443813443
0.02456056180137455,0.9166666666666667,0.005,261.9948154455585,34.80316790006388,2.6545532179080347,0.0,261327.42452175773,6289.023412421103,19740675.395964954,398.83326436484026,311.64568184334826
0.02456056180137455,0.9166666666666667,0.015,261.9948154455585,34.80317714986292,2.6544378805981053,0.0,261327.46234246183,6289.023412370399,19740688.168423846,398.8333221968796,311.64570443813443
0.02456056180137455,0.95,-0.005,261.89077278660085,32.331648115073286,2.6243554656344417,0.0,261214.92881076378,6289.024539921888,19730612.806796525,398.7882079425505,311.62807795057404
0.02456056180137455,0.95,0.005,261.89077278660085,32.331644238499976,2.6244021073087076,0.0,261214.90589119875,6289.024539936863,19730605.069097977,398.78817288587385,311.62806425327204
0.02456056180137455,0.95,0.015,261.89077278660085,32.331648115073286,2.6243554656344417,0.0,261214.92881076378,6289.024539921888,19730612.806796525,398.7882079425505,311.62807795057404
0.02456056180137455,0.9833333333333333,-0.005,261.84669871297734,27.656811991521803,2.3361699606268576,0.0,261062.44948979342,6289.027397291274,19726416.931451958,398.77054480613646,311.6211765551811
0.02456056180137455,0.9833333333333333,0.005,261.84669871297734,27.65681103372472,2.3361811222422326,0.0,261062.4327304939,6289.027397297712,19726411.274313446,398.77051916926433,311.6211665381519
0.02456056180137455,0.9833333333333333,0.015,261.84669871297734,27.656811991521803,2.3361699606268576,0.0,261062.44948979342,6289.027397291274,19726416.931451958,398.77054480613646,311.6211765551811
0.02456056180137455,1.0166666666666668,-0.005,261.84669871211213,9.121978397467941e-11,7.70527132888451e-12,0.0,261062.44948954452,6289.992599419918,19755564.816255417,399.3597708155746,311.85131833342405
0.02456056180137455,1.0166666666666668,0.005,261.846698711247,-27.656811991521995,-2.3361699606268735,0.0,261062.44948929563,6289.027397291273,19726416.931284025,398.7705448053749,311.6211765548835
0.02456056180137455,1.0166666666666668,0.015,261.84669871211213,9.121978397467941e-11,7.70527132888451e-12,0.0,261062.44948954452,6289.992599419918,19755564.816255417,399.3597708155746,311.85131833342405
0.025285820227857945,-0.016666666666666666,-0.005,264.6475687232944,49.879752181163276,2.09754998026649e-19,0.0,262720.76145086717,6289.019198371182,19998566.423871152,399.99357162227165,312.0986808288105
0.025285820227857945,-0.016666666666666666,0.005,264.6475687232944,49.87975218116327,-0.0026410969555904235,0.0,262720.76145086717,6289.019198362463,19998566.423604403,399.9935716169364,312.09868082672904
0.025285820227857945,-0.016666666666666666,0.015,264.6475687232944,49.879752181163276,2.09754998026649e-19,0.0,262720.76145086717,6289.019198371182,19998566.423871152,399.99357162227165,312.0986808288105
0.025285820227857945,0.016666666666666666,-0.005,264.6475687232944,49.879752181163276,0.0026410969555904235,0.0,262720.76145086717,6289.019198362463,19998566.423604406,399.9935716169364,312.09868082672904
0.025285820227857945,0.016666666666666666,0.005,264.6475687232944,49.87975214388418,0.0026416139503513706,0.0,262720.76012048585,6289.019198362518,19998565.97039846,399.99356958463056,312.0986800338664
0.025285820227857945,0.016666666666666666,0.015,264.6475687232944,49.879752181163276,0.0026410969555904235,0.0,262720.76145086717,6289.019198362463,19998566.423604406,399.9935716169364,312.09868082672904
0.025285820227857945,0.05000000000000001,-0.005,264.6463594520974,49.63384335681868,0.007251230886656756,0.0,262708.1806672396,6289.019198618347,19998448.648426153,399.99304359260015,312.09847482872703
0.025285820227857945,0.05000000000000001,0.005,264.6463594520974,49.63384320518625,0.007252798599059293,0.0,262708.17931161314,6289.019198618442,19998448.188535947,399.99304153032887,312.0984740241734
0.025285820227857945,0.05000000000000001,0.015,264.6463594520974,49.63384335681868,0.007251230886656756,0.0,262708.1806672396,6289.019198618347,19998448.648426153,399.99304359260015,312.09847482872703
0.025285820227857945,0.08333333333333333,-0.005,264.6442372762073,49.3803839895884,0.011240940373700206,0.0,262695.0268629188,6289.019198919805,19998241.9614653,399.99211687199386,312.09811328712027
0.025285820227857945,0.08333333333333333,0.005,264.6442372762073,49.38038371122968,0.011243557619099136,0.0,262695.02545686095,6289.019198919946,19998241.486485716,399.9921147420617,312.09811245616913
0.025285820227857945,0.08333333333333333,0.015,264.6442372762073,49.3803839895884,0.011240940373700206,0.0,262695.0268629188,6289.019198919805,19998241.9614653,399.99211687199386,312.09811328712027
0.025285820227857945,0.11666666666666668,-0.005,264.64121314570764,49.11886170832791,0.014682559707901824,0.0,262681.2837349069,6289.019199272419,19997947.43175072,399.9907962421883,312.09759806895283
0.025285820227857945,0.11666666666666668,0.005,264.64121314570764,49.11886129049959,0.014686220941938352,0.0,262681.28224839235,6289.019199272618,19997946.93162868,399.99079399950875,312.0975971940141
0.025285820227857945,0.11666666666666668,0.015,264.64121314570764,49.11886170832791,0.014682559707901824,0.0,262681.2837349069,6289.019199272419,19997947.43175072,399.9907962421883,312.09759806895283
0.025285820227857945,0.15,-0.005,264.6373143936164,48.8487059428424,0.01767917525875773,0.0,262666.9375435782,6289.0191996836475,19997567.725665994,399.98909365066805,312.09693383455743
0.025285820227857945,0.15,0.005,264.6373143936164,48.848705372545346,0.017683858695509147,0.0,262666.93593800114,6289.019199683915,19997567.187421963,399.98909123702913,312.0969328929201
0.025285820227857945,0.15,0.015,264.6373143936164,48.8487059428424,0.01767917525875773,0.0,262666.9375435782,6289.0191996836475,19997567.725665994,399.98909365066805,312.09693383455743
0.025285820227857945,0.18333333333333332,-0.005,264.6325826052635,48.56927868862535,0.020365175522252272,0.0,262651.9761769387,6289.019200163298,19997106.898253325,399.98702727044844,312.0961276728722
0.025285820227857945,0.18333333333333332,0.005,264.6325826052635,48.56927795265638,0.020370846160069577,0.0,262651.97440467414,6289.019200163646,19997106.305830583,399.9870246138351,312.0961266364402
0.025285820227857945,0.18333333333333332,0.015,264.6325826052635,48.56927868862535,0.020365175522252272,0.0,262651.9761769387,6289.019200163298,19997106.898253325,399.98702727044844,312.0961276728722
0.025285820227857945,0.21666666666666667,-0.005,264.6270612058826,48.27986369392408,0.022895839372685887,0.0,262636.3852307355,6289.019200724189,19996569.183352906,399.98461607557664,312.0951869852182
0.025285820227857945,0.21666666666666667,0.005,264.6270612058826,48.2798627786514,0.022902463686131587,0.0,262636.3832370425,6289.019200724634,19996568.518269934,399.984613093095,312.0951858216507
0.025285820227857945,0.21666666666666667,0.015,264.6270612058826,48.27986369392408,0.022895839372685887,0.0,262636.3852307355,6289.019200724189,19996569.183352906,399.98461607557664,312.0951869852182
0.025285820227857945,0.25,-0.005,264.620777723031,47.979653705922395,0.025432507381968436,0.0,262620.1425093244,6289.019201382766,19995957.265624356,399.98187209243537,312.09411646229574
0.025285820227857945,0.25,0.005,264.620777723031,47.97965259668227,0.025440074521724133,0.0,262620.14023501164,6289.019201383326,19995956.507893395,399.98186869443003,312.09411513661377
0.025285820227857945,0.25,0.015,264.620777723031,47.979653705922395,0.025432507381968436,0.0,262620.1425093244,6289.019201382766,19995957.265624356,399.98187209243537,312.09411646229574
0.025285820227857945,0.2833333333333333,-0.005,264.6137271677568,47.66773505342256,0.028132319770245492,0.0,262603.21276232164,6289.0192021601015,19995270.662388418,399.9787931425438,312.09291525286307
0.025285820227857945,0.2833333333333333,0.005,264.6137271677568,47.66773373357663,0.02814086292819556,0.0,262603.2101449495,6289.019202160802,19995269.790939618,399.9787892344988,312.0929137281908
0.025285820227857945,0.2833333333333333,0.015,264.6137271677568,47.66773505342256,0.028132319770245492,0.0,262603.21276232164,6289.0192021601015,19995270.662388418,399.9787931425438,312.09291525286307
0.025285820227857945,0.31666666666666665,-0.005,264.60585929733026,47.34306851309055,0.03114875339063951,0.0,262585.5434076591,6289.019203083568,19994504.48429276,399.97535728312045,312.09157479468746
0.025285820227857945,0.31666666666666665,0.005,264.60585929733026,47.343066962778884,0.031158370084828076,0.0,262585.5403794258,6289.019203084439,19994503.47627168,399.97535276250636,312.0915730310219
0.025285820227857945,0.31666666666666665,0.015,264.60585929733026,47.34306851309055,0.03114875339063951,0.0,262585.5434076591,6289.019203083568,19994504.48429276,399.97535728312045,312.09157479468746
0.025285820227857945,0.3499999999999999,-0.005,264.59706666151976,47.00446509123882,0.0346460167650801,0.0,262567.0603084477,6289.019204189637,19993648.273017168,399.971517591976,312.09007677973466
0.025285820227857945,0.3499999999999999,0.005,264.59706666151976,47.00446328563285,0.03465689550663863,0.0,262567.0567890663,6289.01920419072,19993647.10138067,399.9715123374646,312.09007472973764
0.025285820227857945,0.3499999999999999,0.015,264.59706666151976,47.00446509123882,0.0346460167650801,0.0,262567.0603084477,6289.019204189637,19993648.273017168,399.971517591976,312.09007677973466
0.025285820227857945,0.38333333333333336,-0.005,264.5871642389456,46.65055486975276,0.03883164804287848,0.0,262547.6609165829,6289.019205529229,19992684.0211279,399.9671932830621,312.08838968766764
0.025285820227857945,0.38333333333333336,0.005,264.5871642389456,46.650552776104206,0.038844120037957466,0.0,262547.6567980429,6289.019205530589,19992682.64948959,399.9671871314028,312.08838728764397
0.025285820227857945,0.38333333333333336,0.015,264.5871642389456,46.65055486975276,0.03883164804287848,0.0,262547.6609165829,6289.019205529229,19992684.0211279,399.9671932830621,312.08838968766764
0.025285820227857945,0.4166666666666667,-0.005,264.5758437052784,46.27974612551569,0.044020422833481884,0.0,262527.1998480315,6289.019207178506,19991581.723911207,399.96224975021676,312.0864609995174
0.025285820227857945,0.4166666666666667,0.005,264.5758437052784,46.27974369737273,0.04403507360707446,0.0,262527.19496423454,6289.01920718024,19991580.096269686,399.9622424501548,312.08645815143547
0.025285820227857945,0.4166666666666667,0.015,264.5758437052784,46.27974612551569,0.044020422833481884,0.0,262527.1998480315,6289.019207178506,19991581.723911207,399.96224975021676,312.0864609995174
0.025285820227857945,0.45,-0.005,264.5625720115771,45.89017016889474,0.05076099063053815,0.0,262505.4580777735,6289.019209263377,19990289.5128216,399.9564543027564,312.0841999270775
0.025285820227857945,0.45,0.005,264.5625720115771,45.89016733427413,0.050778891202505685,0.0,262505.4521453734,6289.019209265675,19990287.53355495,399.95644542528015,312.08419646355037
0.025285820227857945,0.45,0.015,264.5625720115771,45.89017016889474,0.05076099063053815,0.0,262505.4580777735,6289.019209263377,19990289.5128216,399.9564543027564,312.0841999270775
0.025285820227857945,0.48333333333333334,-0.005,264.5463817689468,45.47960433275516,0.06008550358247419,0.0,262482.0805032005,6289.019212020156,19988713.261281487,399.9493846678917,312.0814417129437
0.025285820227857945,0.48333333333333334,0.005,264.5463817689468,45.479600970781384,0.06010865055429137,0.0,262482.0730120505,6289.019212023405,19988710.75811831,399.949373440092,312.08143733240445
0.025285820227857945,0.48333333333333334,0.015,264.5463817689468,45.47960433275516,0.06008550358247419,0.0,262482.0805032005,6289.019212020156,19988713.261281487,399.9493846678917,312.0814417129437
0.025285820227857945,0.5166666666666667,-0.005,264.5254737432919,45.045361053802374,0.07397609100189263,0.0,262456.4587140659,6289.019215955263,19986677.90658335,399.9402554507873,312.0778799178727
0.025285820227857945,0.5166666666666667,0.005,264.5254737432919,45.0453569523448,0.07400815534582317,0.0,262456.44874274865,6289.019215960367,19986674.568276312,399.94024047617836,312.0778740754447
0.025285820227857945,0.5166666666666667,0.015,264.5254737432919,45.045361053802374,0.07397609100189263,0.0,262456.4587140659,6289.019215955263,19986677.90658335,399.9402554507873,312.0778799178727
0.025285820227857945,0.55,-0.005,264.49654193334254,44.58412580708504,0.09615405537945473,0.0,262427.5328790527,6289.019222278099,19983861.775852054,399.9276234303741,312.07295142514835
0.025285820227857945,0.55,0.005,264.49654193334254,44.584120595635596,0.0962014697692708,0.0,262427.51882804895,6289.01922228729,19983857.062046893,399.92760228433644,312.0729431747725
0.025285820227857945,0.55,0.015,264.49654193334254,44.58412580708504,0.09615405537945473,0.0,262427.5328790527,6289.019222278099,19983861.775852054,399.9276234303741,312.07295142514835
0.025285820227857945,0.5833333333333334,-0.005,264.4537942621159,44.091723983209015,0.13322391540789152,0.0,262393.5046332315,6289.019234045779,19979701.3027225,399.9089598583461,312.06566952760045
0.025285820227857945,0.5833333333333334,0.005,264.4537942621159,44.09171704742633,0.13329708338229454,0.0,262393.4839290041,6289.019234064597,19979694.343976147,399.90892863899234,312.06565734671716
0.025285820227857945,0.5833333333333334,0.015,264.4537942621159,44.091723983209015,0.13322391540789152,0.0,262393.5046332315,6289.019234045779,19979701.3027225,399.9089598583461,312.06566952760045
0.025285820227857945,0.6166666666666668,-0.005,264.38786305316427,43.562803123559,0.19594398951598196,0.0,262351.5166984835,6289.019258903475,19973285.079739697,399.8801744310424,312.05443808969875
0.025285820227857945,0.6166666666666668,0.005,264.38786305316427,43.56279353830288,0.19605790880976656,0.0,262351.485642744,6289.019258944827,19973274.62638884,399.88012752819157,312.05441978891247
0.025285820227857945,0.6166666666666668,0.015,264.38786305316427,43.562803123559,0.19594398951598196,0.0,262351.5166984835,6289.019258903475,19973285.079739697,399.8801744310424,312.05443808969875
0.025285820227857945,0.65,-0.005,264.2852399826732,42.99043885153108,0.299876630566346,0.0,262297.48218547844,6289.0193144443965,19963299.130114883,399.8353676713935,312.03695467742
0.025285820227857945,0.65,0.005,264.2852399826732,42.99042541631698,0.3000496130258665,0.0,262297.4362737821,6289.019314534432,19963283.659234945,399.8352982422504,312.0369275856954
0.025285820227857945,0.65,0.015,264.2852399826732,42.99043885153108,0.299876630566346,0.0,262297.48218547844,6289.0193144443965,19963299.130114883,399.8353676713935,312.03695467742
0.025285820227857945,0.6833333333333333,-0.005,264.1294188273803,42.36570460594995,0.4640239095530912,0.0,262226.4041498857,6289.019435265437,19948138.689975917,399.76732711159264,312.01040365904714
0.025285820227857945,0.6833333333333333,0.005,264.1294188273803,42.36568610201773,0.4642728730458357,0.0,262226.33923218824,6289.019435446121,19948116.796382893,399.7672288263189,312.0103653041996
0.025285820227857945,0.6833333333333333,0.015,264.1294188273803,42.36570460594995,0.4640239095530912,0.0,262226.4041498857,6289.019435265437,19948138.689975917,399.76732711159264,312.01040365904714
0.025285820227857945,0.7166666666666667,-0.005,263.9051214969507,41.677246253836294,0.705819982747736,0.0,262133.57781341288,6289.019674474595,19926320.215188116,399.6693655156045,311.9721727835755
0.025285820227857945,0.7166666666666667,0.005,263.9051214969507,41.67722200083322,0.7061518648734404,0.0,262133.49219822165,6289.019674790467,19926291.321961727,399.6692357337735,311.9721221313032
0.025285820227857945,0.7166666666666667,0.015,263.9051214969507,41.677246253836294,0.705819982747736,0.0,262133.57781341288,6289.019674474595,19926320.215188116,399.6693655156045,311.9721727835755
0.025285820227857945,0.7499999999999999,-0.005,263.60603110719256,40.91077948184716,1.0319482002990057,0.0,262016.78555664688,6289.020085281673,19897233.965401057,399.5386865816633,311.9211662172849
0.025285820227857945,0.7499999999999999,0.005,263.60603110719256,40.910750088317165,1.0323499518280168,0.0,262016.6824392071,6289.020085741593,19897199.146551896,399.53853004316505,311.92110511221875
0.025285820227857945,0.7499999999999999,0.015,263.60603110719256,40.91077948184716,1.0319482002990057,0.0,262016.78555664688,6289.020085281673,19897233.965401057,399.5386865816633,311.9211662172849
0.025285820227857945,0.7833333333333333,-0.005,263.24384670216875,40.048051249178044,1.4274854299407975,0.0,261878.83561869868,6289.020677356322,19862023.08203636,399.38033685134866,311.85934801401464
0.025285820227857945,0.7833333333333333,0.005,263.24384670216875,40.04801915489003,1.4279187270719582,0.0,261878.72432136844,6289.020677892267,19861985.486329164,399.3801676143495,311.85928193897166
0.025285820227857945,0.7833333333333333,0.015,263.24384670216875,40.048051249178044,1.4274854299407975,0.0,261878.83561869868,6289.020677356322,19862023.08203636,399.38033685134866,311.85934801401464
0.025285820227857945,0.8166666666666667,-0.005,262.853123524037,39.064061981182014,1.8497976392921807,0.0,261728.83229944977,6289.021381088597,19824050.436715405,399.2093529317613,311.79258378305644
0.025285820227857945,0.8166666666666667,0.005,262.853123524037,39.064031206058196,1.850205513481665,0.0,261728.7265929411,6289.021381568992,19824014.722713213,399.2091919122024,311.7925209028797
0.025285820227857945,0.8166666666666667,0.015,262.853123524037,39.064061981182014,1.8497976392921807,0.0,261728.83229944977,6289.021381088597,19824050.436715405,399.2093529317613,311.79258378305644
0.025285820227857945,0.85,-0.005,262.485330961363,37.9200617340538,2.234824606179788,0.0,261580.26368873558,6289.022081076793,19788317.687762238,399.0482398262783,311.72966073222295
0.025285820227857945,0.85,0.005,262.485330961363,37.920036528152,2.2351517478568717,0.0,261580.17682525967,6289.022081394735,19788288.340751577,399.0481072907059,311.7296089649574
0.025285820227857945,0.85,0.015,262.485330961363,37.9200617340538,2.234824606179788,0.0,261580.26368873558,6289.022081076793,19788317.687762238,399.0482398262783,311.72966073222295
0.025285820227857945,0.8833333333333332,-0.005,262.1904594889028,36.54696726059788,2.51745242562816,0.0,261445.31716662826,6289.022723408168,19759678.83852657,398.91898689847994,311.6791715550874
0.025285820227857945,0.8833333333333332,0.005,262.1904594889028,36.5469501919818,2.5176696336166646,0.0,261445.25596808703,6289.022723558111,19759658.165975433,398.91889339787855,311.6791350286338
0.025285820227857945,0.8833333333333332,0.015,262.1904594889028,36.54696726059788,2.51745242562816,0.0,261445.31716662826,6289.022723408168,19759678.83852657,398.91898689847994,311.6791715550874
0.025285820227857945,0.9166666666666666,-0.005,261.99481519691744,34.80317736045579,2.6544378660391925,0.0,261327.46227831114,6289.023412370394,19740688.144297685,398.8333220875923,311.6457043954362
0.025285820227857945,0.9166666666666666,0.005,261.99481519691744,34.80316811086766,2.6545532033159507,0.0,261327.42445754693,6289.023412421097,19740675.37181606,398.83326425545,311.6456818006098
0.025285820227857945,0.9166666666666666,0.015,261.99481519691744,34.80317736045579,2.6544378660391925,0.0,261327.46227831114,6289.023412370394,19740688.144297685,398.8333220875923,311.6457043954362
0.025285820227857945,0.95,-0.005,261.89077256295946,32.33164829758876,2.6243554586354976,0.0,261214.92875235868,6289.024539921865,19730612.785096828,398.7882078442064,311.62807791214914
0.025285820227857945,0.95,0.005,261.89077256295946,32.331644421198305,2.624402100294687,0.0,261214.9058327424,6289.02453993684,19730605.04737901,398.78817278744236,311.62806421481304
0.025285820227857945,0.95,0.015,261.89077256295946,32.33164829758876,2.6243554586354976,0.0,261214.92875235868,6289.024539921865,19730612.785096828,398.7882078442064,311.62807791214914
0.025285820227857945,0.9833333333333333,-0.005,261.84669849684536,27.656812161085302,2.3361699683999158,0.0,261062.4494323319,6289.027397291174,19726416.910478976,398.77054471103315,311.6211765180216
0.025285820227857945,0.9833333333333333,0.005,261.84669849684536,27.656811203456783,2.336181130021066,0.0,261062.43267298336,6289.027397297613,19726411.253322344,398.7705190740789,311.6211665009603
0.025285820227857945,0.9833333333333333,0.015,261.84669849684536,27.656812161085302,2.3361699683999158,0.0,261062.4494323319,6289.027397291174,19726416.910478976,398.77054471103315,311.6211765180216
0.025285820227857945,1.0166666666666666,-0.005,261.8466984861912,1.1244355819817548e-09,9.498102626775583e-11,0.0,261062.44942926816,6289.9925994318455,19755564.79466374,399.359770723367,311.8513182974226
0.025285820227857945,1.0166666666666666,0.005,261.84669847553704,-27.656812161085117,-2.3361699683999,0.0,261062.44942620443,6289.027397291169,19726416.9084114,398.7705447016597,311.62117651435915
0.025285820227857945,1.0166666666666666,0.015,261.8466984861912,1.1244355819817548e-09,9.498102626775583e-11,0.0,261062.44942926816,6289.9925994318455,19755564.79466374,399.359770723367,311.8513182974226
0.02601107865434134,-0.016666666666666666,-0.005,264.64747566489626,49.87986711821125,-4.195101434536313e-19,0.0,262720.74063255684,6289.019198371246,19998557.36638529,399.99353100539844,312.09866498296475
0.02601107865434134,-0.016666666666666666,0.005,264.64747566489626,49.87986711821125,-0.002639040165682498,0.0,262720.7406325569,6289.01919836254,19998557.366118956,399.9935310000715,312.09866498088655
0.02601107865434134,-0.016666666666666666,0.015,264.64747566489626,49.87986711821125,-4.195101434536313e-19,0.0,262720.74063255684,6289.019198371246,19998557.36638529,399.99353100539844,312.09866498296475
0.02601107865434134,0.016666666666666666,-0.005,264.64747566489626,49.87986711821125,0.002639040165682498,0.0,262720.7406325569,6289.01919836254,19998557.366118953,399.9935310000715,312.09866498088655
0.02601107865434134,0.016666666666666666,0.005,264.64747566489626,49.879867169428834,0.0026395554236440058,0.0,262720.73928630544,6289.0191983625955,19998556.905993514,399.99352893673586,312.09866417591815
0.02601107865434134,0.016666666666666666,0.015,264.64747566489626,49.87986711821125,0.002639040165682498,0.0,262720.7406325569,6289.01919836254,19998557.366118953,399.9935310000715,312.09866498088655
0.02601107865434134,0.05,-0.005,264.6462702660065,49.63395126335822,0.0072459713470709565,0.0,262708.16057654936,6289.01919861843,19998439.967884373,399.9930046659061,312.0984596422602
0.02601107865434134,0.05,0.005,264.6462702660065,49.63395119522049,0.007247534690814059,0.0,262708.159205522,6289.0191986185255,19998439.501326926,399.9930025737358,312.098458826042
0.02601107865434134,0.05,0.015,264.6462702660065,49.63395126335822,0.0072459713470709565,0.0,262708.16057654936,6289.01919861843,19998439.967884373,399.9930046659061,312.0984596422602
0.02601107865434134,0.08333333333333333,-0.005,264.64415360566875,49.380483803606175,0.011233995755899432,0.0,262695.00791891734,6289.01919891987,19998233.817822434,399.99208035265093,312.09809903981665
0.02601107865434134,0.08333333333333333,0.005,264.64415360566875,49.38048360292253,0.011236607061889479,0.0,262695.00649821776,6289.019198920012,19998233.33653991,399.99207819445326,312.0980981978382
0.02601107865434134,0.08333333333333333,0.015,264.64415360566875,49.380483803606175,0.011233995755899432,0.0,262695.00791891734,6289.01919891987,19998233.817822434,399.99208035265093,312.09809903981665
0.02601107865434134,0.11666666666666667,-0.005,264.64113580291996,49.11895311104406,0.014674925189956724,0.0,262681.26615698443,6289.019199272465,19997939.90405562,399.9907624846081,312.09758489907495
0.02601107865434134,0.11666666666666667,0.005,264.64113580291996,49.11895276473349,0.014678579722634939,0.0,262681.26465677295,6289.019199272663,19997939.398063105,399.99076021560217,312.0975840138654
0.02601107865434134,0.11666666666666667,0.015,264.64113580291996,49.11895311104406,0.014674925189956724,0.0,262681.26615698443,6289.019199272465,19997939.90405562,399.9907624846081,312.09758489907495
0.02601107865434134,0.15,-0.005,264.6372436343668,48.848789060274534,0.017671457587865255,0.0,262666.9214145063,6289.019199683656,19997560.83880449,399.98906276640434,312.09692178562364
0.02601107865434134,0.15,0.005,264.6372436343668,48.84878855532495,0.01767613410519683,0.0,262666.9197962699,6289.019199683922,19997560.295153473,399.98906032851704,312.0969208345263
0.02601107865434134,0.15,0.015,264.6372436343668,48.848789060274534,0.017671457587865255,0.0,262666.9214145063,6289.019199683656,19997560.83880449,399.98906276640434,312.09692178562364
0.02601107865434134,0.18333333333333332,-0.005,264.63251833921134,48.5693538918761,0.020357715149830084,0.0,262651.9614927333,6289.019200163299,19997100.6434223,399.9869992200338,312.0961167294849
0.02601107865434134,0.18333333333333332,0.005,264.63251833921134,48.56935321527559,0.020363378989393117,0.0,262651.9597088731,6289.019200163647,19997100.046060808,399.9869965412715,312.09611568441176
0.02601107865434134,0.18333333333333332,0.015,264.63251833921134,48.5693538918761,0.020357715149830084,0.0,262651.9614927333,6289.019200163299,19997100.6434223,399.9869992200338,312.0961167294849
0.02601107865434134,0.21666666666666667,-0.005,264.62700314579945,48.27993147357844,0.022888807625435593,0.0,262636.3719368687,6289.019200724185,19996563.532586,399.98459073361664,312.0951770984581
0.02601107865434134,0.21666666666666667,0.005,264.62700314579945,48.279930612003305,0.022895425454831274,0.0,262636.3699326253,6289.01920072463,19996562.863020178,399.9845877310301,312.095175927047
0.02601107865434134,0.21666666666666667,0.015,264.62700314579945,48.27993147357844,0.022888807625435593,0.0,262636.3719368687,6289.019200724185,19996563.532586,399.98459073361664,312.0951770984581
0.02601107865434134,0.25,-0.005,264.6207254829078,47.979714598083675,0.02542597587670832,0.0,262620.13052501914,6289.019201382733,19995952.181341995,399.98184929043043,312.09410756642797
0.02601107865434134,0.25,0.005,264.6207254829078,47.979713537236016,0.025433536943035625,0.0,262620.1282411556,6289.019201383294,19995951.419561572,399.9818458742634,312.09410623366045
0.02601107865434134,0.25,0.015,264.6207254829078,47.979714598083675,0.02542597587670832,0.0,262620.13052501914,6289.019201382733,19995952.181341995,399.98184929043043,312.09410756642797
0.02601107865434134,0.2833333333333333,-0.005,264.6136803225375,47.667789599101596,0.02812630557006863,0.0,262603.20199561387,6289.0192021600715,19995266.10321396,399.97877269499975,312.092907275523
0.02601107865434134,0.2833333333333333,0.005,264.6136803225375,47.66778832272944,0.028134843102537013,0.0,262603.1993696305,6289.019202160772,19995265.228121396,399.9787687706121,312.0929057444748
0.02601107865434134,0.2833333333333333,0.015,264.6136803225375,47.667789599101596,0.02812630557006863,0.0,262603.20199561387,6289.0192021600715,19995266.10321396,399.97877269499975,312.092907275523
0.02601107865434134,0.31666666666666665,-0.005,264.60581741659354,47.343117237581176,0.03114324598632126,0.0,262585.53376395913,6289.019203083521,19994500.408327274,399.97533900217775,312.0915676625878
0.02601107865434134,0.31666666666666665,0.005,264.60581741659354,47.343115726210094,0.031152857506913482,0.0,262585.53072798776,6289.01920308439,19994499.39703839,399.9753344669066,312.09156589320384
0.02601107865434134,0.31666666666666665,0.015,264.60581741659354,47.343117237581176,0.03114324598632126,0.0,262585.53376395913,6289.019203083521,19994500.408327274,399.97533900217775,312.0915676625878
0.02601107865434134,0.35,-0.005,264.5970293268731,47.00450849462874,0.03464099297643146,0.0,262567.051695089,6289.019204189588,19993644.639534835,399.9715012950519,312.0900704216465
0.02601107865434134,0.35,0.005,264.5970293268731,47.00450672380324,0.03465186698289763,0.0,262567.0481687753,6289.019204190671,19993643.464976653,399.9714960274354,312.09006836653657
0.02601107865434134,0.35,0.015,264.5970293268731,47.00450849462874,0.03464099297643146,0.0,262567.051695089,6289.019204189588,19993644.639534835,399.9715012950519,312.0900704216465
0.02601107865434134,0.38333333333333336,-0.005,264.58713105217686,46.65059342320836,0.038827079663667705,0.0,262547.65324495995,6289.019205529178,19992680.791367482,399.9671787963689,312.0883840357931
0.02601107865434134,0.38333333333333336,0.005,264.58713105217686,46.650591360535344,0.03883954734069531,0.0,262547.64912022726,6289.019205530537,19992679.417124618,399.9671726330264,312.0883816312113
0.02601107865434134,0.38333333333333336,0.015,264.58713105217686,46.65059342320836,0.038827079663667705,0.0,262547.65324495995,6289.019205529178,19992680.791367482,399.9671787963689,312.0883840357931
0.02601107865434134,0.4166666666666667,-0.005,264.57581429156954,46.279780270371496,0.04401628029384098,0.0,262527.19303449884,6289.019207178453,19991578.86138952,399.9622369101753,312.0864559900407
0.02601107865434134,0.4166666666666667,0.005,264.57581429156954,46.27977786973419,0.044030927141790424,0.0,262527.18814518576,6289.0192071801885,19991577.231432967,399.96222959972835,312.0864531379071
0.02601107865434134,0.4166666666666667,0.015,264.57581429156954,46.279780270371496,0.04401628029384098,0.0,262527.19303449884,6289.019207178453,19991578.86138952,399.9622369101753,312.0864559900407
0.02601107865434134,0.45,-0.005,264.56254602031464,45.89020031700611,0.05075724465326164,0.0,262505.45204390364,6289.019209263315,19990286.983412102,399.95644295633656,312.08419550029765
0.02601107865434134,0.45,0.005,264.56254602031464,45.890197506735596,0.050775141666633765,0.0,262505.446106604,6289.0192092656125,19990285.00209389,399.95643406965644,312.08419203317953
0.02601107865434134,0.45,0.015,264.56254602031464,45.89020031700611,0.05075724465326164,0.0,262505.45204390364,6289.019209263315,19990286.983412102,399.95644295633656,312.08419550029765
0.02601107865434134,0.48333333333333334,-0.005,264.5463588734026,45.479630867397596,0.060082125913470036,0.0,262482.075175753,6289.019212020074,19988711.03318402,399.9493746724722,312.08143781321905
0.02601107865434134,0.48333333333333334,0.005,264.5463588734026,45.47962752691221,0.06010526966880687,0.0,262482.067680264,6289.019212023323,19988708.52820833,399.9493634365405,312.08143342950706
0.02601107865434134,0.48333333333333334,0.015,264.5463588734026,45.479630867397596,0.060082125913470036,0.0,262482.075175753,6289.019212020074,19988711.03318402,399.9493746724722,312.08143781321905
0.02601107865434134,0.5166666666666667,-0.005,264.52545363980533,45.04538433078301,0.07397305475976022,0.0,262456.45402481826,6289.019215955153,19986675.950245515,399.94024667379165,312.0778764934784
0.02601107865434134,0.5166666666666667,0.005,264.52545363980533,45.04538024822602,0.07400511620535648,0.0,262456.4440496696,6289.0192159602575,19986672.61034216,399.94023169201984,312.0778706482558
0.02601107865434134,0.5166666666666667,0.015,264.52545363980533,45.04538433078301,0.07397305475976022,0.0,262456.45402481826,6289.019215955153,19986675.950245515,399.94024667379165,312.0778764934784
0.02601107865434134,0.55,-0.005,264.4965243402797,44.5841461559411,0.09615133527585376,0.0,262427.5287645628,6289.019222277953,19983860.063869078,399.92761574879864,312.07294842809114
0.02601107865434134,0.55,0.005,264.4965243402797,44.584140961059155,0.096198747062716,0.0,262427.5147101856,6289.019222287143,19983855.348662436,399.9275945964712,312.07294017526107
0.02601107865434134,0.55,0.015,264.4965243402797,44.5841461559411,0.09615133527585376,0.0,262427.5287645628,6289.019222277953,19983860.063869078,399.92761574879864,312.07294842809114
0.02601107865434134,0.5833333333333334,-0.005,264.45377891872164,44.09174170843643,0.1332214879182736,0.0,262393.50103456737,6289.019234045579,19979699.80972688,399.9089531582383,312.0656669134134
0.02601107865434134,0.5833333333333334,0.005,264.45377891872164,44.09173478712451,0.13329465356359665,0.0,262393.48032737785,6289.019234064396,19979692.84975395,399.90892193337805,312.06565473038154
0.02601107865434134,0.5833333333333334,0.015,264.45377891872164,44.09174170843643,0.1332214879182736,0.0,262393.50103456737,6289.019234045579,19979699.80972688,399.9089531582383,312.0656669134134
0.02601107865434134,0.6166666666666667,-0.005,264.3878497184045,43.562818505870446,0.19594183297362855,0.0,262351.5135609488,6289.0192589031785,19973283.782289185,399.88016860697206,312.05443581723426
0.02601107865434134,0.6166666666666667,0.005,264.3878497184045,43.562808933207194,0.19605575019183438,0.0,262351.4825026148,6289.01925894453,19973273.32786805,399.8801216993144,312.0544175145723
0.02601107865434134,0.6166666666666667,0.015,264.3878497184045,43.562818505870446,0.19594183297362855,0.0,262351.5135609488,6289.0192589031785,19973283.782289185,399.88016860697206,312.05443581723426
0.02601107865434134,0.6499999999999999,-0.005,264.28522843413253,42.99045214915244,0.29987472506826335,0.0,262297.4794583911,6289.019314443979,19963298.006586086,399.835362625999,312.0369527086728
0.02601107865434134,0.6499999999999999,0.005,264.28522843413253,42.990438724855544,0.300047705686168,0.0,262297.43354442716,6289.019314534014,19963282.534774877,399.8352931926707,312.0369256153149
0.02601107865434134,0.6499999999999999,0.015,264.28522843413253,42.99045214915244,0.29987472506826335,0.0,262297.4794583911,6289.019314443979,19963298.006586086,399.835362625999,312.0369527086728
0.02601107865434134,0.6833333333333333,-0.005,264.1294088603558,42.36571605598871,0.4640222365536084,0.0,262226.4017864168,6289.019435264862,19948137.720472034,399.76732275520436,312.0104019590102
0.02601107865434134,0.6833333333333333,0.005,264.1294088603558,42.36569756148464,0.464271198419665,0.0,262226.33686674107,6289.019435445546,19948115.826070845,399.7672244662954,312.0103636027438
0.02601107865434134,0.6833333333333333,0.015,264.1294088603558,42.36571605598871,0.4640222365536084,0.0,262226.4017864168,6289.019435264862,19948137.720472034,399.76732275520436,312.0104019590102
0.02601107865434134,0.7166666666666667,-0.005,263.90511292367137,41.67725607378483,0.7058185243712675,0.0,262133.57577053958,6289.019674473888,19926319.38145783,399.6693617660201,311.9721713201584
0.02601107865434134,0.7166666666666667,0.005,263.90511292367137,41.67723182889296,0.7061504050666902,0.0,262133.4901536254,6289.019674789758,19926290.487531967,399.66923198103893,311.97212066665634
0.02601107865434134,0.7166666666666667,0.015,263.90511292367137,41.67725607378483,0.7058185243712675,0.0,262133.57577053958,6289.019674473888,19926319.38145783,399.6693617660201,311.9721713201584
0.02601107865434134,0.7499999999999999,-0.005,263.6060237559287,40.910787871304365,1.031946938757562,0.0,262016.78379506143,6289.02008528086,19897233.250740338,399.53868336383385,311.9211649611999
0.02601107865434134,0.7499999999999999,0.005,263.6060237559287,40.91075848472753,1.0323486890355522,0.0,262016.68067612447,6289.020085740779,19897198.43128755,399.5385268226133,311.92110385507084
0.02601107865434134,0.7499999999999999,0.015,263.6060237559287,40.910787871304365,1.031946938757562,0.0,262016.78379506143,6289.02008528086,19897233.250740338,399.53868336383385,311.9211649611999
0.02601107865434134,0.7833333333333333,-0.005,263.24384041547376,40.04805839192359,1.4274843478780272,0.0,261878.83410251807,6289.020677355495,19862022.47111026,399.38033409674813,311.8593469385386
0.02601107865434134,0.7833333333333333,0.005,263.24384041547376,40.048026303577885,1.4279176439236574,0.0,261878.72280389056,6289.020677891439,19861984.874883868,399.3801648574039,311.8592808625799
0.02601107865434134,0.7833333333333333,0.015,263.24384041547376,40.04805839192359,1.4274843478780272,0.0,261878.83410251807,6289.020677355495,19862022.47111026,399.38033409674813,311.8593469385386
0.02601107865434134,0.8166666666666667,-0.005,262.8531181552856,39.064068047795296,1.8497967220019516,0.0,261728.83099535503,6289.021381087889,19824049.915218297,399.20935057689087,311.7925828634498
0.02601107865434134,0.8166666666666667,0.005,262.8531181552856,39.06403727774049,1.8502045952637616,0.0,261728.72528772563,6289.021381568284,19824014.200770833,399.20918955531806,311.7925199824864
0.02601107865434134,0.8166666666666667,0.015,262.8531181552856,39.064068047795296,1.8497967220019516,0.0,261728.83099535503,6289.021381087889,19824049.915218297,399.20935057689087,311.7925828634498
0.02601107865434134,0.8500000000000001,-0.005,262.4853263689898,37.920066885365024,2.2348238460678083,0.0,261580.26256433863,6289.022081076303,19788317.241863824,399.0482378100148,311.7296599446877
0.02601107865434134,0.8500000000000001,0.005,262.4853263689898,37.920041683789464,2.235150986976086,0.0,261580.17569989437,6289.022081394245,19788287.89447129,399.0481052727134,311.72960817674664
0.02601107865434134,0.8500000000000001,0.015,262.4853263689898,37.920066885365024,2.2348238460678083,0.0,261580.26256433863,6289.022081076303,19788317.241863824,399.0482378100148,311.7296599446877
0.02601107865434134,0.8833333333333333,-0.005,262.1904555285306,36.54697165241195,2.5174518281476876,0.0,261445.31618815233,6289.022723407938,19759678.454123665,398.9189851584232,311.679170875326
0.02601107865434134,0.8833333333333333,0.005,262.1904555285306,36.54695458750625,2.5176690355374314,0.0,261445.25498876773,6289.022723557882,19759657.78124259,398.9188916563269,311.67913434828836
0.02601107865434134,0.8833333333333333,0.015,262.1904555285306,36.54697165241195,2.5174518281476876,0.0,261445.31618815233,6289.022723407938,19759678.454123665,398.9189851584232,311.679170875326
0.02601107865434134,0.9166666666666666,-0.005,261.9948117120519,34.80318115127232,2.654437455733067,0.0,261327.46140779654,6289.02341237039,19740687.806127954,398.83332055576693,311.6457037969572
0.02601107865434134,0.9166666666666666,0.005,261.9948117120519,34.8031719049123,2.654552792604141,0.0,261327.42358628116,6289.023412421096,19740675.033355262,398.83326272230545,311.64568120161533
0.02601107865434134,0.9166666666666666,0.015,261.9948117120519,34.80318115127232,2.654437455733067,0.0,261327.46140779654,6289.02341237039,19740687.806127954,398.83332055576693,311.6457037969572
0.02601107865434134,0.9500000000000001,-0.005,261.8907693737303,32.33165165935297,2.6243552842483266,0.0,261214.9279439685,6289.024539921971,19730612.475654464,398.78820644200283,311.6280773642819
0.02601107865434134,0.9500000000000001,0.005,261.8907693737303,32.33164778583842,2.6244019257311657,0.0,261214.90502365344,6289.024539936944,19730604.73766959,398.7881713840283,311.62806366647277
0.02601107865434134,0.9500000000000001,0.015,261.8907693737303,32.33165165935297,2.6243552842483266,0.0,261214.9279439685,6289.024539921971,19730612.475654464,398.78820644200283,311.6280773642819
0.02601107865434134,0.9833333333333333,-0.005,261.84669537997485,27.656815329563916,2.3361701039396627,0.0,261062.44862400397,6289.027397290435,19726416.60804505,398.7705433399588,311.62117598230526
0.02601107865434134,0.9833333333333333,0.005,261.84669537997485,27.656814374622577,2.3361812656683947,0.0,261062.4318639579,6289.027397296875,19726410.950627804,398.77051770182345,311.62116596478245
0.02601107865434134,0.9833333333333333,0.015,261.84669537997485,27.656815329563916,2.3361701039396627,0.0,261062.44862400397,6289.027397290435,19726416.60804505,398.7705433399588,311.62117598230526
0.02601107865434134,1.0166666666666668,-0.005,261.8466952158078,1.7326979808043928e-08,1.4636090794643612e-09,0.0,261062.44857679206,6289.992599654774,19755564.48362376,399.35976941929334,311.85131778826127
0.02601107865434134,1.0166666666666668,0.005,261.84669505164084,-27.6568153295641,-2.3361701039396787,0.0,261062.44852958023,6289.027397290367,19726416.576182347,398.7705431955143,311.62117592586685
0.02601107865434134,1.0166666666666668,0.015,261.8466952158078,1.7326979808043928e-08,1.4636090794643612e-09,0.0,261062.44857679206,6289.992599654774,19755564.48362376,399.35976941929334,311.85131778826127
0.02673633708082473,-0.016666666666666666,-0.005,264.64675552484584,49.880757160198726,0.0,0.0,262720.579531432,6289.019198378407,19998487.26451051,399.9932166472287,312.0985423425009
0.02673633708082473,-0.016666666666666666,0.005,264.6467555248459,49.880757160198726,-0.002624316658924084,0.0,262720.579531432,6289.019198369799,19998487.26424714,399.993216641961,312.0985423404458
0.02673633708082473,-0.016666666666666666,0.015,264.64675552484584,49.880757160198726,0.0,0.0,262720.579531432,6289.019198378407,19998487.26451051,399.9932166472287,312.0985423425009
0.02673633708082473,0.016666666666666666,-0.005,264.64675552484584,49.880757160198726,0.002624316658924084,0.0,262720.579531432,6289.019198369799,19998487.26424714,399.993216641961,312.0985423404458
0.02673633708082473,0.016666666666666666,0.005,264.64675552484584,49.88075776971846,0.0026248217062068437,0.0,262720.5780854083,6289.019198369862,19998486.76058685,399.9932143833976,312.09854145931297
0.02673633708082473,0.016666666666666666,0.015,264.64675552484584,49.880757160198726,0.002624316658924084,0.0,262720.579531432,6289.019198369799,19998487.26424714,399.993216641961,312.0985423404458
0.02673633708082473,0.05000000000000001,-0.005,264.6455734489441,49.634795839273046,0.007207769494948697,0.0,262708.003654905,6289.019198625161,19998372.136695582,399.99270048871784,312.09834097362244
0.02673633708082473,0.05000000000000001,0.005,264.6455734489441,49.63479630356734,0.007209306750233987,0.0,262708.00218613475,6289.019198625264,19998371.62778075,399.99269820659913,312.0983400832994
0.02673633708082473,0.05000000000000001,0.015,264.6455734489441,49.634795839273046,0.007207769494948697,0.0,262708.003654905,6289.019198625161,19998372.136695582,399.99270048871784,312.09834097362244
0.02673633708082473,0.08333333333333333,-0.005,264.64349063158164,49.38127652339277,0.01118242324793072,0.0,262694.8578792169,6289.019198925872,19998169.281515896,399.99179094830305,312.09798613437727
0.02673633708082473,0.08333333333333333,0.005,264.64349063158164,49.38127682537699,0.011184998104061632,0.0,262694.85636424646,6289.01919892602,19998168.759608362,399.9917886079238,312.09798522132394
0.02673633708082473,0.08333333333333333,0.015,264.64349063158164,49.38127652339277,0.01118242324793072,0.0,262694.8578792169,6289.019198925872,19998169.281515896,399.99179094830305,312.09798613437727
0.02673633708082473,0.11666666666666667,-0.005,264.6405126412521,49.119691424312585,0.014616899557692924,0.0,262681.124597319,6289.019199277656,19997879.243732516,399.99049045829014,312.09747877315993
0.02673633708082473,0.11666666666666667,0.005,264.6405126412521,49.119691548853794,0.014620511797729224,0.0,262681.12300737476,6289.019199277862,19997878.69924164,399.99048801663713,312.09747782059515
0.02673633708082473,0.11666666666666667,0.015,264.6405126412521,49.119691424312585,0.014616899557692924,0.0,262681.124597319,6289.019199277656,19997879.243732516,399.99049045829014,312.09747877315993
0.02673633708082473,0.15,-0.005,264.6366629855809,48.849472895798044,0.01761143101208911,0.0,262666.78912425303,6289.019199688086,19997504.317300547,399.98880929638534,312.09682289888826
0.02673633708082473,0.15,0.005,264.6366629855809,48.84947282921791,0.01761606265342811,0.0,262666.78742148087,6289.019199688359,19997503.737509374,399.9888066964235,312.09682188456014
0.02673633708082473,0.15,0.015,264.6366629855809,48.849472895798044,0.01761143101208911,0.0,262666.78912425303,6289.019199688086,19997504.317300547,399.98880929638534,312.09682289888826
0.02673633708082473,0.18333333333333335,-0.005,264.6319806992298,48.569984676299384,0.02029836414491711,0.0,262651.8387060824,6289.019200167007,19997048.30895299,399.98676452236396,312.0960251662063
0.02673633708082473,0.18333333333333335,0.005,264.6319806992298,48.56998440589756,0.020303982730412687,0.0,262651.83684321505,6289.0192001673595,19997047.67791281,399.98676169256265,312.09602406220756
0.02673633708082473,0.18333333333333335,0.015,264.6319806992298,48.569984676299384,0.02029836414491711,0.0,262651.8387060824,6289.019200167007,19997048.30895299,399.98676452236396,312.0960251662063
0.02673633708082473,0.21666666666666667,-0.005,264.6265076274968,48.280511465297955,0.02283161709909904,0.0,262636.25853348157,6289.019200727254,19996515.29873447,399.98437442080575,312.0950927074644
0.02673633708082473,0.21666666666666667,0.005,264.6265076274968,48.28051097870214,0.02283819068304231,0.0,262636.256455846,6289.019200727704,19996514.597960413,399.9843712782557,312.0950914814485
0.02673633708082473,0.21666666666666667,0.015,264.6265076274968,48.280511465297955,0.02283161709909904,0.0,262636.25853348157,6289.019200727254,19996515.29873447,399.98437442080575,312.0950927074644
0.02673633708082473,0.25,-0.005,264.6202704035447,47.98024646344362,0.025371685677663482,0.0,262620.0261763206,6289.019201385272,19995907.8842505,399.9816506278512,312.0940300611259
0.02673633708082473,0.25,0.005,264.6202704035447,47.980245747689054,0.025379204305741043,0.0,262620.02382459777,6289.019201385837,19995907.09367751,399.9816470825507,312.09402867797854
0.02673633708082473,0.25,0.015,264.6202704035447,47.98024646344362,0.025371685677663482,0.0,262620.0261763206,6289.019201385272,19995907.8842505,399.9816506278512,312.0940300611259
0.02673633708082473,0.2833333333333333,-0.005,264.6132635925055,47.66827616029778,0.02807522139260626,0.0,262603.10626310774,6289.0192021621315,19995225.53942638,399.9785907705006,312.0928363000661
0.02673633708082473,0.2833333333333333,0.005,264.6132635925055,47.66827520066588,0.028083718701938234,0.0,262603.10357460915,6289.019202162834,19995224.63786272,399.9785867273869,312.09283472269817
0.02673633708082473,0.2833333333333333,0.015,264.6132635925055,47.66827616029778,0.02807522139260626,0.0,262603.10626310774,6289.0192021621315,19995225.53942638,399.9785907705006,312.0928363000661
0.02673633708082473,0.31666666666666665,-0.005,264.6054367775204,47.34356133267518,0.031095437740825748,0.0,262585.44616027427,6289.01920308517,19994463.35796913,399.97517283002026,312.0915028324227
0.02673633708082473,0.31666666666666665,0.005,264.6054367775204,47.34356011130757,0.031105011421190557,0.0,262585.44306688325,6289.019203086043,19994462.32241489,399.97516818591197,312.0915010205768
0.02673633708082473,0.31666666666666665,0.015,264.6054367775204,47.34356133267518,0.031095437740825748,0.0,262585.44616027427,6289.01920308517,19994463.35796913,399.97517283002026,312.0915028324227
0.02673633708082473,0.35,-0.005,264.596682486761,47.00491290513953,0.03459641139391632,0.0,262566.9717189813,6289.019204190872,19993610.879465684,399.9713498748337,312.09001134649884
0.02673633708082473,0.35,0.005,264.596682486761,47.00491139920915,0.034607249974198964,0.0,262566.96814006596,6289.019204191958,19993609.68272237,399.97134450770625,312.0900092525652
0.02673633708082473,0.35,0.015,264.596682486761,47.00491290513953,0.03459641139391632,0.0,262566.9717189813,6289.019204190872,19993610.879465684,399.9713498748337,312.09001134649884
0.02673633708082473,0.38333333333333336,-0.005,264.58681575642674,46.650960839426084,0.038785619754532,0.0,262547.5803999205,6289.019205530138,19992650.10209459,399.96704114400666,312.08833033175284
0.02673633708082473,0.38333333333333336,0.005,264.58681575642674,46.650959018141855,0.038798054378538206,0.0,262547.57622711675,6289.019205531498,19992648.707618732,399.9670348899049,312.08832789176154
0.02673633708082473,0.38333333333333336,0.015,264.58681575642674,46.650960839426084,0.038785619754532,0.0,262547.5803999205,6289.019205530138,19992650.10209459,399.96704114400666,312.08833033175284
0.02673633708082473,0.4166666666666667,-0.005,264.5755283574416,46.280113276265524,0.04397781349113945,0.0,262527.1268378756,6289.019207179112,19991551.030422498,399.96211207290514,312.0864072854123
0.02673633708082473,0.4166666666666667,0.005,264.5755283574416,46.28011109506643,0.04399242958338435,0.0,262527.12190473545,6289.019207180848,19991549.382058382,399.96210467988243,312.0864044010617
0.02673633708082473,0.4166666666666667,0.015,264.5755283574416,46.280113276265524,0.04397781349113945,0.0,262527.1268378756,6289.019207179112,19991551.030422498,399.96211207290514,312.0864072854123
0.02673633708082473,0.45,-0.005,264.5622873521194,45.89050138465702,0.05072163407688954,0.0,262505.39203098696,6289.019209263692,19990261.8067446,399.9563300193067,312.0841514381688
0.02673633708082473,0.45,0.005,264.5622873521194,45.89049877337429,0.05073950254071872,0.0,262505.38605382416,6289.019209265991,19990259.80872102,399.95632105768135,312.08414794181056
0.02673633708082473,0.45,0.015,264.5622873521194,45.89050138465702,0.05072163407688954,0.0,262505.39203098696,6289.019209263692,19990261.8067446,399.9563300193067,312.0841514381688
0.02673633708082473,0.48333333333333334,-0.005,264.54612546828963,45.479902355811134,0.06004923327895109,0.0,262482.0209013373,6289.019212020131,19988688.315861415,399.94927276116306,312.0813980523993
0.02673633708082473,0.48333333333333334,0.005,264.54612546828963,45.479899195303794,0.060072350594231064,0.0,262482.013369678,6289.01921202338,19988685.79576374,399.9492614573833,312.0813936422158
0.02673633708082473,0.48333333333333334,0.015,264.54612546828963,45.479902355811134,0.06004923327895109,0.0,262482.0209013373,6289.019212020131,19988688.315861415,399.94927276116306,312.0813980523993
0.02673633708082473,0.5166666666666667,-0.005,264.5252435891795,45.045628486687455,0.07394274350505499,0.0,262456.4050636091,6289.019215954845,19986655.506514948,399.94015495454494,312.077840708696
0.02673633708082473,0.5166666666666667,0.005,264.5252435891795,45.045624566478736,0.07397478052260363,0.0,262456.3950557218,6289.019215959947,19986652.15295903,399.94013991150985,312.0778348395705
0.02673633708082473,0.5166666666666667,0.015,264.5252435891795,45.045628486687455,0.07394274350505499,0.0,262456.4050636091,6289.019215954845,19986655.506514948,399.94015495454494,312.077840708696
0.02673633708082473,0.55,-0.005,264.4963358293248,44.58436511553062,0.0961234721697052,0.0,262427.4847109613,6289.019222277115,19983841.717146005,399.9275334283554,312.0729163097981
0.02673633708082473,0.55,0.005,264.4963358293248,44.58436006668656,0.09617086144460608,0.0,262427.47062702617,6289.019222286303,19983836.989647243,399.92751222085866,312.07290803544225
0.02673633708082473,0.55,0.015,264.4963358293248,44.58436511553062,0.0961234721697052,0.0,262427.4847109613,6289.019222277115,19983841.717146005,399.9275334283554,312.0729163097981
0.02673633708082473,0.5833333333333334,-0.005,264.4536102248727,44.09193749972406,0.1331959442016456,0.0,262393.46150219603,6289.01923404398,19979683.39246927,399.90887948286996,312.0656381674278
0.02673633708082473,0.5833333333333334,0.005,264.4536102248727,44.09193070939928,0.13326908915808874,0.0,262393.4407683882,6289.019234062796,19979676.421460655,399.9088482084646,312.06562596506376
0.02673633708082473,0.5833333333333334,0.015,264.4536102248727,44.09193749972406,0.1331959442016456,0.0,262393.46150219603,6289.01923404398,19979683.39246927,399.90887948286996,312.0656381674278
0.02673633708082473,0.6166666666666666,-0.005,264.3876992089709,43.56299305162217,0.19591848549630356,0.0,262351.4781819038,6289.019258900445,19973269.13578366,399.8801028611691,312.05441016421133
0.02673633708082473,0.6166666666666666,0.005,264.3876992089709,43.56298359609682,0.1960323837596636,0.0,262351.4470996597,6289.019258941793,19973258.671484087,399.88005590914116,312.0543918442352
0.02673633708082473,0.6166666666666666,0.015,264.3876992089709,43.56299305162217,0.19591848549630356,0.0,262351.4781819038,6289.019258900445,19973269.13578366,399.8801028611691,312.05441016421133
0.02673633708082473,0.65,-0.005,264.2850945625084,42.990607270603505,0.2998534576847149,0.0,262297.44788232,6289.019314439674,19963284.98058712,399.8353041308094,312.03692988345136
0.02673633708082473,0.65,0.005,264.2850945625084,42.99059395074085,0.3000264209979058,0.0,262297.4019469314,6289.019314529703,19963269.499960013,399.8352346578554,312.0369027746293
0.02673633708082473,0.65,0.015,264.2850945625084,42.990607270603505,0.2998534576847149,0.0,262297.44788232,6289.019314439674,19963284.98058712,399.8353041308094,312.03692988345136
0.02673633708082473,0.6833333333333333,-0.005,264.1292901597751,42.36585347775188,0.4640029421834892,0.0,262226.3736792765,6289.019435258612,19948126.172568943,399.76727086589324,312.01038170972464
0.02673633708082473,0.6833333333333333,0.005,264.1292901597751,42.36583507607133,0.46425188831826664,0.0,262226.30874044786,6289.019435439289,19948104.270323675,399.7671725416918,312.0103433396832
0.02673633708082473,0.6833333333333333,0.015,264.1292901597751,42.36585347775188,0.4640029421834892,0.0,262226.3736792765,6289.019435258612,19948126.172568943,399.76727086589324,312.01038170972464
0.02673633708082473,0.7166666666666667,-0.005,263.9050079968431,41.67737743068178,0.7058011086835351,0.0,262133.5508127714,6289.019674465554,19926309.175992113,399.6693158685217,311.9721534069231
0.02673633708082473,0.7166666666666667,0.005,263.9050079968431,41.677353268047725,0.7061329751557974,0.0,262133.4651787704,6289.019674781416,19926280.275106367,399.6691860521863,311.97210274118095
0.02673633708082473,0.7166666666666667,0.015,263.9050079968431,41.67737743068178,0.7058011086835351,0.0,262133.5508127714,6289.019674465554,19926309.175992113,399.6693158685217,311.9721534069231
0.02673633708082473,0.75,-0.005,263.6059312583866,40.91089471836821,1.031931327414788,0.0,262016.76167862234,6289.020085270857,19897224.257069886,399.538642869059,311.9211491539975
0.02673633708082473,0.75,0.005,263.6059312583866,40.910865404487545,1.0323330649317304,0.0,262016.6585444647,6289.0200857307655,19897189.431455668,399.53848630003966,311.92108803701404
0.02673633708082473,0.75,0.015,263.6059312583866,40.91089471836821,1.031931327414788,0.0,262016.76167862234,6289.020085270857,19897224.257069886,399.538642869059,311.9211491539975
0.02673633708082473,0.7833333333333333,-0.005,263.2437590304656,40.04815221949914,1.4274705003166643,0.0,261878.81452567963,6289.020677344928,19862014.561040312,399.38029843114987,311.85933301365367
0.02673633708082473,0.7833333333333333,0.005,263.2437590304656,40.04812019526148,1.4279037850496124,0.0,261878.70321350006,6289.020677880862,19861976.959365353,399.3801291671853,311.8592669280795
0.02673633708082473,0.7833333333333333,0.015,263.2437590304656,40.04815221949914,1.4274705003166643,0.0,261878.81452567963,6289.020677344928,19862014.561040312,399.38029843114987,311.85933301365367
0.02673633708082473,0.8166666666666667,-0.005,262.85304655820465,39.064150304410106,1.8497846550965484,0.0,261728.8136539549,6289.021381078435,19824042.959475078,399.20931916755296,311.7925705977066
0.02673633708082473,0.8166666666666667,0.005,262.85304655820465,39.06411959083278,1.8501925185304466,0.0,261728.70793423973,6289.021381558824,19824007.240204375,399.2091581241562,311.7925077082181
0.02673633708082473,0.8166666666666667,0.015,262.85304655820465,39.064150304410106,1.8497846550965484,0.0,261728.8136539549,6289.021381078435,19824042.959475078,399.20931916755296,311.7925705977066
0.02673633708082473,0.8499999999999999,-0.005,262.485263179642,37.92013901161131,2.2348136700905563,0.0,261580.24713812544,6289.022081069661,19788311.105505925,399.0482100626702,311.72964910681196
0.02673633708082473,0.8499999999999999,0.005,262.485263179642,37.92011385984357,2.235140802763518,0.0,261580.16026284502,6289.0220813876,19788281.75382343,399.0480775059389,311.72959733127993
0.02673633708082473,0.8499999999999999,0.015,262.485263179642,37.92013901161131,2.2348136700905563,0.0,261580.24713812544,6289.022081069661,19788311.105505925,399.0482100626702,311.72964910681196
0.02673633708082473,0.8833333333333333,-0.005,262.1903992487642,36.54703512969382,2.517443795632833,0.0,261445.30232110847,6289.022723405055,19759672.990657836,398.91896042740444,311.6791612140366
0.02673633708082473,0.8833333333333333,0.005,262.1903992487642,36.54701810891454,2.517660996582558,0.0,261445.24111189396,6289.022723554997,19759652.31392055,398.9188669078329,311.67912468017107
0.02673633708082473,0.8833333333333333,0.015,262.1903992487642,36.54703512969382,2.517443795632833,0.0,261445.30232110847,6289.022723405055,19759672.990657836,398.91896042740444,311.6791612140366
0.02673633708082473,0.9166666666666666,-0.005,261.9947606428232,34.80323758540112,2.6544320236755405,0.0,261327.44868100988,6289.023412370818,19740682.849675983,398.83329810448646,311.64569502531646
0.02673633708082473,0.9166666666666666,0.005,261.9947606428232,34.8032283786099,2.654547356231593,0.0,261327.41085038948,6289.023412421523,19740670.073370047,398.8332402550093,311.64567242371663
0.02673633708082473,0.9166666666666666,0.015,261.9947606428232,34.80323758540112,2.6544320236755405,0.0,261327.44868100988,6289.023412370818,19740682.849675983,398.83329810448646,311.64569502531646
0.02673633708082473,0.95,-0.005,261.8907214970837,32.331702899768864,2.6243531820041746,0.0,261214.915833055,6289.024539924166,19730607.829657987,398.78818538948013,311.6280691386659
0.02673633708082473,0.95,0.005,261.8907214970837,32.33169906235622,2.6243998217630145,0.0,261214.89290401514,6289.0245399391415,19730600.08833672,398.7881503163807,311.6280554349469
0.02673633708082473,0.95,0.015,261.8907214970837,32.331702899768864,2.6243531820041746,0.0,261214.915833055,6289.024539924166,19730607.829657987,398.78818538948013,311.6280691386659
0.02673633708082473,0.9833333333333333,-0.005,261.8466481365741,27.65686413974331,2.3361723500519807,0.0,261062.43639263703,6289.027397280543,19726412.023339864,398.77052255596124,311.6211678614273
0.02673633708082473,0.9833333333333333,0.005,261.8466481365741,27.656863218898856,2.3361835132849964,0.0,261062.41962378024,6289.027397286992,19726406.362629317,398.7704969028998,311.6211578380722
0.02673633708082473,0.9833333333333333,0.015,261.8466481365741,27.65686413974331,2.3361723500519807,0.0,261062.43639263703,6289.027397280543,19726412.023339864,398.77052255596124,311.6211678614273
0.02673633708082473,1.0166666666666666,-0.005,261.8466460450102,2.2078807953733676e-07,1.8649945675885348e-08,0.0,261062.43579106312,6289.992603090223,19755559.8089304,399.35974986034955,311.85131015168525
0.02673633708082473,1.0166666666666666,0.005,261.8466439534463,-27.656864139743124,-2.3361723500519647,0.0,261062.43518948907,6289.02739727974,19726411.617336698,398.770520715448,311.6211671422883
0.02673633708082473,1.0166666666666666,0.015,261.8466460450102,2.2078807953733676e-07,1.8649945675885348e-08,0.0,261062.43579106312,6289.992603090223,19755559.8089304,399.35974986034955,311.85131015168525
0.027461595507308128,-0.016666666666666666,-0.005,264.6421548187866,49.886445516503166,2.0975928692030337e-19,0.0,262719.5503384816,6289.019198643618,19998039.354582366,399.99120816660496,312.09775877338546
0.027461595507308128,-0.016666666666666666,0.005,264.6421548187866,49.88644551650317,-0.0025396703432764563,0.0,262719.55033848167,6289.019198635557,19998039.354335714,399.9912081616717,312.0977587714608
0.027461595507308128,-0.016666666666666666,0.015,264.6421548187866,49.886445516503166,2.0975928692030337e-19,0.0,262719.5503384816,6289.019198643618,19998039.354582366,399.99120816660496,312.09775877338546
0.027461595507308128,0.016666666666666666,-0.005,264.6421548187866,49.88644551650317,0.002539670343276456,0.0,262719.55033848167,6289.019198635557,19998039.354335718,399.9912081616717,312.0977587714608
0.027461595507308128,0.016666666666666666,0.005,264.6421548187866,49.88644889185241,0.002540129436207593,0.0,262719.54840051243,6289.019198635847,19998038.635777447,399.99120493947987,312.0977575143846
0.027461595507308128,0.016666666666666666,0.015,264.6421548187866,49.88644551650317,0.002539670343276456,0.0,262719.55033848167,6289.019198635557,19998039.354335718,399.9912081616717,312.0977587714608
0.027461595507308128,0.05,-0.005,264.64108121583234,49.6402502563608,0.006984534179246722,0.0,262706.99239987496,6289.0191988737215,19997934.78875984,399.9907393560121,312.09757587589274
0.027461595507308128,0.05,0.005,264.64108121583234,49.64025338625964,0.006985951889502036,0.0,262706.99044484424,6289.019198874036,19997934.068818625,399.9907361276172,312.0975746163958
0.027461595507308128,0.05,0.015,264.64108121583234,49.6402502563608,0.006984534179246722,0.0,262706.99239987496,6289.0191988737215,19997934.78875984,399.9907393560121,312.09757587589274
0.027461595507308128,0.08333333333333333,-0.005,264.63915906068576,49.38646839666089,0.01087365389040413,0.0,262693.87811737467,6289.019199154499,19997747.577412166,399.9898999452984,312.09724839557805
0.027461595507308128,0.08333333333333333,0.005,264.63915906068576,49.38647125124854,0.010876056308506717,0.0,262693.8761268923,6289.019199154844,19997746.85028315,399.9898966846611,312.097247123501
0.027461595507308128,0.08333333333333333,0.015,264.63915906068576,49.38646839666089,0.01087365389040413,0.0,262693.87811737467,6289.019199154499,19997747.577412166,399.9898999452984,312.09724839557805
0.027461595507308128,0.11666666666666667,-0.005,264.6363754421132,49.12460634236106,0.01426076925824444,0.0,262680.1853322922,6289.019199485367,19997476.465581197,399.9886842982075,312.09677413310243
0.027461595507308128,0.11666666666666667,0.005,264.6363754421132,49.12460889803375,0.014264174902034842,0.0,262680.1832819985,6289.019199485751,19997475.723309334,399.988680969646,312.0967728345241
0.027461595507308128,0.11666666666666667,0.015,264.6363754421132,49.12460634236106,0.01426076925824444,0.0,262680.1853322922,6289.019199485367,19997476.465581197,399.9886842982075,312.09677413310243
0.027461595507308128,0.15,-0.005,264.6327394031353,48.85410649207187,0.01723399073163258,0.0,262665.89573817194,6289.019199875075,19997122.338711247,399.9870963778802,312.0961546339478
0.027461595507308128,0.15,0.005,264.6327394031353,48.85410873048306,0.01723839633624746,0.0,262665.8935934768,6289.019199875511,19997121.569756366,399.9870929296344,312.0961532886741
0.027461595507308128,0.15,0.015,264.6327394031353,48.85410649207187,0.01723399073163258,0.0,262665.89573817194,6289.019199875075,19997122.338711247,399.9870963778802,312.0961546339478
0.027461595507308128,0.18333333333333332,-0.005,264.6282792920726,48.57433928649162,0.019916378329549744,0.0,262650.99386546004,6289.019200334225,19996687.96299813,399.98514857948624,312.09539473302306
0.027461595507308128,0.18333333333333332,0.005,264.6282792920726,48.57434119339713,0.019921762345222273,0.0,262650.9915812745,6289.019200334725,19996687.152164068,399.9851449433983,312.09539331446257
0.027461595507308128,0.18333333333333332,0.015,264.6282792920726,48.57433928649162,0.019916378329549744,0.0,262650.99386546004,6289.019200334225,19996687.96299813,399.98514857948624,312.09539473302306
0.027461595507308128,0.21666666666666667,-0.005,264.6230295572495,48.28459360790369,0.022455196145319153,0.0,262635.4629991935,6289.019200876027,19996176.698286228,399.98285595920026,312.0945003032412
0.027461595507308128,0.21666666666666667,0.005,264.6230295572495,48.28459517176362,0.022461534196790436,0.0,262635.46052207967,6289.019200876606,19996175.827478465,399.9828520541107,312.09449877972963
0.027461595507308128,0.21666666666666667,0.015,264.6230295572495,48.28459360790369,0.022455196145319153,0.0,262635.4629991935,6289.019200876027,19996176.698286228,399.98285595920026,312.0945003032412
0.027461595507308128,0.25,-0.005,264.6170120661176,47.984065072131905,0.025006494194101694,0.0,262619.2794649318,6289.019201517067,19995590.678210497,399.98022807343597,312.09347507174766
0.027461595507308128,0.25,0.005,264.6170120661176,47.98406628247963,0.025013781216731833,0.0,262619.2767360553,6289.019201517749,19995589.727470487,399.98022380981996,312.093473408357
0.027461595507308128,0.25,0.015,264.6170120661176,47.984065072131905,0.025006494194101694,0.0,262619.2794649318,6289.019201517067,19995590.678210497,399.98022807343597,312.09347507174766
0.027461595507308128,0.2833333333333333,-0.005,264.610218547952,47.671841431672725,0.027724157053986658,0.0,262602.40713961894,6289.01920227842,19994929.100637864,399.97726131177313,312.09231762869297
0.027461595507308128,0.2833333333333333,0.005,264.610218547952,47.671842277359644,0.02773242960188351,0.0,262602.4040962309,6289.019202279228,19994928.048676807,399.9772565941329,312.0923157881643
0.027461595507308128,0.2833333333333333,0.015,264.610218547952,47.671841431672725,0.027724157053986658,0.0,262602.40713961894,6289.01920227842,19994929.100637864,399.97726131177313,312.09231762869297
0.027461595507308128,0.3166666666666667,-0.005,264.6025970491932,47.34688402798339,0.030759793124195,0.0,262584.79297393287,6289.019203187349,19994186.909707457,399.97393298497377,312.0910191206451
0.027461595507308128,0.3166666666666667,0.005,264.6025970491932,47.3468844953492,0.030769150472478454,0.0,262584.78954749374,6289.019203188313,19994185.733294886,399.9739277090941,312.09101706231763
0.027461595507308128,0.3166666666666667,0.015,264.6025970491932,47.34688402798339,0.030759793124195,0.0,262584.79297393287,6289.019203187349,19994186.909707457,399.97393298497377,312.0910191206451
0.027461595507308128,0.35000000000000003,-0.005,264.5940393665457,47.008003955705526,0.03427660949789595,0.0,262566.36261340714,6289.019204280219,19993353.573833287,399.97019584224086,312.08956111136956
0.027461595507308128,0.35000000000000003,0.005,264.5940393665457,47.0080040264496,0.03428724093345365,0.0,262566.3587226425,6289.019204281385,19993352.24546054,399.97018988470643,312.089558787091
0.027461595507308128,0.35000000000000003,0.015,264.5940393665457,47.008003955705526,0.03427660949789595,0.0,262566.36261340714,6289.019204280219,19993353.573833287,399.97019584224086,312.08956111136956
0.027461595507308128,0.3833333333333333,-0.005,264.5843602663286,46.65383113766934,0.03848164215636822,0.0,262547.01343441504,6289.019205607832,19992411.06496153,399.9659690047148,312.08791204430497
0.027461595507308128,0.3833333333333333,0.005,264.5843602663286,46.65383078567027,0.03849387910582793,0.0,262547.00897019723,6289.019205609262,19992409.5477322,399.9659621999876,312.0879093894877
0.027461595507308128,0.3833333333333333,0.015,264.5843602663286,46.65383113766934,0.03848164215636822,0.0,262547.01343441504,6289.019205607832,19992411.06496153,399.9659690047148,312.08791204430497
0.027461595507308128,0.41666666666666663,-0.005,264.5732514958838,46.282773570939646,0.04368943079325045,0.0,262526.6000523536,6289.01920724618,19991329.38541284,399.9611178970591,312.086019412472
0.027461595507308128,0.41666666666666663,0.005,264.5732514958838,46.28277275634386,0.04370385871036882,0.0,262526.59484741214,6289.019207247976,19991327.622798502,399.9611099915199,312.08601632816186
0.027461595507308128,0.41666666666666663,0.015,264.5732514958838,46.282773570939646,0.04368943079325045,0.0,262526.6000523536,6289.01920724618,19991329.38541284,399.9611178970591,312.086019412472
0.027461595507308128,0.44999999999999996,-0.005,264.5601802174764,45.89296223031345,0.050448521434421294,0.0,262504.903478389,6289.019209320937,19990056.6872875,399.9554099198379,312.0837924631939
0.027461595507308128,0.44999999999999996,0.005,264.5601802174764,45.892960887641074,0.05046621112557251,0.0,262504.89724819106,6289.019209323286,19990054.58313761,399.9554004821012,312.0837887810776
0.027461595507308128,0.44999999999999996,0.015,264.5601802174764,45.89296223031345,0.050448521434421294,0.0,262504.903478389,6289.019209320937,19990056.6872875,399.9554099198379,312.0837924631939
0.027461595507308128,0.4833333333333333,-0.005,264.5441793181572,45.482174088720505,0.05979102519530281,0.0,262481.568662749,6289.019212068146,19988498.87101805,399.94842291898885,312.0810664852573
0.027461595507308128,0.4833333333333333,0.005,264.5441793181572,45.48217210347247,0.05981397298527425,0.0,262481.56089596805,6289.019212071436,19988496.252539046,399.94841117379764,312.0810619028516
0.027461595507308128,0.4833333333333333,0.015,264.5441793181572,45.482174088720505,0.05979102519530281,0.0,262481.568662749,6289.019212068146,19988498.87101805,399.94842291898885,312.0810664852573
0.027461595507308128,0.5166666666666667,-0.005,264.52344986856644,45.047721213282294,0.07369905968174292,0.0,262455.9872545257,6289.019215993707,19986480.903817225,399.9393716295157,312.07753508984234
0.027461595507308128,0.5166666666666667,0.005,264.52344986856644,45.04771837956321,0.07373093624348288,0.0,262455.9770285801,6289.019215998845,19986477.459250085,399.93935617807716,312.07752906137
0.027461595507308128,0.5166666666666667,0.015,264.52344986856644,45.047721213282294,0.07369905968174292,0.0,262455.9872545257,6289.019215993707,19986480.903817225,399.9393716295157,312.07753508984234
0.027461595507308128,0.55,-0.005,264.494686184082,44.586288707317024,0.09589393170760835,0.0,262427.0994830693,6289.019222306291,19983681.144068323,399.9268129631915,312.07263521166493
0.027461595507308128,0.55,0.005,264.494686184082,44.586284660708344,0.0959411694153361,0.0,262427.08519729367,6289.019222315503,19983676.33255941,399.92679137862507,312.07262679018334
0.027461595507308128,0.55,0.015,264.494686184082,44.586288707317024,0.09589393170760835,0.0,262427.0994830693,6289.019222306291,19983681.144068323,399.9268129631915,312.07263521166493
0.027461595507308128,0.5833333333333334,-0.005,264.45209650668863,44.093701592870204,0.13298017747146915,0.0,262393.1070421257,6289.019234061914,19979536.05713431,399.90821830252173,312.0653801939703
0.027461595507308128,0.5833333333333334,0.005,264.45209650668863,44.093695724976286,0.13305317958008941,0.0,262393.08612185356,6289.019234080742,19979529.00875396,399.90818668072444,312.0653678560539
0.027461595507308128,0.5833333333333334,0.015,264.45209650668863,44.093701592870204,0.13298017747146915,0.0,262393.1070421257,6289.019234061914,19979536.05713431,399.90821830252173,312.0653801939703
0.027461595507308128,0.6166666666666667,-0.005,264.3863134707196,43.56460705200858,0.19571614948216323,0.0,262351.1527072302,6289.019258904399,19973134.266755957,399.8794974679054,312.0541739487707
0.027461595507308128,0.6166666666666667,0.005,264.3863134707196,43.56459844349909,0.1958299134749016,0.0,262351.12145305664,6289.019258945743,19973123.731365893,399.87945019652,312.05415550417223
0.027461595507308128,0.6166666666666667,0.015,264.3863134707196,43.56460705200858,0.19571614948216323,0.0,262351.1527072302,6289.019258904399,19973134.266755957,399.8794974679054,312.0541739487707
0.027461595507308128,0.65,-0.005,264.2838290362742,42.99208036708131,0.2996642600824778,0.0,262297.14963389974,6289.0193144258765,19963161.824885163,399.83475109307926,312.03671408427937
0.027461595507308128,0.65,0.005,264.2838290362742,42.99206782316091,0.29983709760854255,0.0,262297.1035402698,6289.019314515885,19963146.27909412,399.8346813271622,312.03668686112235
0.027461595507308128,0.65,0.015,264.2838290362742,42.99208036708131,0.2996642600824778,0.0,262297.14963389974,6289.0193144258765,19963161.824885163,399.83475109307926,312.03671408427937
0.027461595507308128,0.6833333333333333,-0.005,264.1281372029138,42.36719466844608,0.4638266814521076,0.0,262226.10090810666,6289.019435223142,19948013.990277644,399.76676679710516,312.0101850018448
0.027461595507308128,0.6833333333333333,0.005,264.1281372029138,42.36717697594849,0.46407551027058525,0.0,262226.03582386347,6289.019435403778,19947992.028436564,399.7666682046813,312.01014652710796
0.027461595507308128,0.6833333333333333,0.015,264.1281372029138,42.36719466844608,0.4638266814521076,0.0,262226.10090810666,6289.019435223142,19948013.990277644,399.76676679710516,312.0101850018448
0.027461595507308128,0.7166666666666667,-0.005,263.90395998556636,41.67859556989529,0.7056377415582284,0.0,262133.3017581848,6289.019674406425,19926207.229279358,399.66885738944194,311.97197446805893
0.027461595507308128,0.7166666666666667,0.005,263.90395998556636,41.67857205400492,0.7059694993048312,0.0,262133.21599070562,6289.019674722229,19926178.273993913,399.6687273279291,311.9719237065979
0.027461595507308128,0.7166666666666667,0.015,263.90395998556636,41.67859556989529,0.7056377415582284,0.0,262133.3017581848,6289.019674406425,19926207.229279358,399.66885738944194,311.97197446805893
0.027461595507308128,0.75,-0.005,263.60498040701975,40.91199859522124,1.0317810814102013,0.0,262016.5345324733,6289.020085190932,19897131.79142524,399.538226544587,311.9209866410042
0.027461595507308128,0.75,0.005,263.60498040701975,40.91196987001942,1.0321827191231883,0.0,262016.4312758337,6289.020085650776,19897096.91620877,399.538069751658,311.9209254365854
0.027461595507308128,0.75,0.015,263.60498040701975,40.91199859522124,1.0317810814102013,0.0,262016.5345324733,6289.020085190932,19897131.79142524,399.538226544587,311.9209866410042
0.027461595507308128,0.7833333333333333,-0.005,263.2428971208271,40.0491506836944,1.4273340537063377,0.0,261878.6073748659,6289.020677254371,19861930.777512766,399.37992067028233,311.8591855248059
0.027461595507308128,0.7833333333333333,0.005,263.2428971208271,40.049119194567034,1.42776724821005,0.0,261878.4959501772,6289.020677790244,19861893.130593456,399.3797512017601,311.8591193593352
0.027461595507308128,0.7833333333333333,0.015,263.2428971208271,40.0491506836944,1.4273340537063377,0.0,261878.6073748659,6289.020677254371,19861930.777512766,399.37992067028233,311.8591855248059
0.027461595507308128,0.8166666666666667,-0.005,262.8522645771155,39.06505245826391,1.8496634055905559,0.0,261728.62439228268,6289.021380994547,19823966.97838851,399.20897607615973,311.7924366161519
0.027461595507308128,0.8166666666666667,0.005,262.8522645771155,39.0650222309341,1.8500711894817405,0.0,261728.51856888106,6289.02138147489,19823931.217738084,399.208814845434,311.79237365348206
0.027461595507308128,0.8166666666666667,0.015,262.8522645771155,39.06505245826391,1.8496634055905559,0.0,261728.62439228268,6289.021380994547,19823966.97838851,399.20897607615973,311.7924366161519
0.027461595507308128,0.85,-0.005,262.48455087574547,37.92095448928955,2.2347101016706534,0.0,261580.07333938623,6289.022081011951,19788241.92348259,399.0478972435021,311.72952692229114
0.027461595507308128,0.85,0.005,262.48455087574547,37.9209297799255,2.2350371672034273,0.0,261579.98636791212,6289.022081329869,19788212.53372837,399.0477645142679,311.7294750793606
0.027461595507308128,0.85,0.015,262.48455087574547,37.92095448928955,2.2347101016706534,0.0,261580.07333938623,6289.022081011951,19788241.92348259,399.0478972435021,311.72952692229114
0.027461595507308128,0.8833333333333333,-0.005,262.1897446173476,36.54777448879193,2.517361933992337,0.0,261445.14106725555,6289.0227233862,19759609.43206893,398.91867272856155,311.6790488231012
0.027461595507308128,0.8833333333333333,0.005,262.1897446173476,36.547757872020114,2.517579082661527,0.0,261445.07976777214,6289.022723536145,19759588.71993997,398.9185790485616,311.67901222655036
0.027461595507308128,0.8833333333333333,0.015,262.1897446173476,36.54777448879193,2.517361933992337,0.0,261445.14106725555,6289.0227233862,19759609.43206893,398.91867272856155,311.6790488231012
0.027461595507308128,0.9166666666666666,-0.005,261.9941493124126,34.80391300668441,2.654377963249623,0.0,261327.2963369657,6289.023412388742,19740623.50940254,398.8330293160967,311.64559001056585
0.027461595507308128,0.9166666666666666,0.005,261.9941493124126,34.8039041723151,2.6544932617637653,0.0,261327.258420149,6289.023412439461,19740610.69967295,398.83297131509005,311.64556734975633
0.027461595507308128,0.9166666666666666,0.015,261.9941493124126,34.80391300668441,2.654377963249623,0.0,261327.2963369657,6289.023412388742,19740623.50940254,398.8330293160967,311.64559001056585
0.027461595507308128,0.95,-0.005,261.8901359088303,32.332329232445204,2.6243355714392784,0.0,261214.76769001829,6289.024539962744,19730550.995434985,398.78792786034614,311.6279685171798
0.027461595507308128,0.95,0.005,261.8901359088303,32.33232574207289,2.624382199579405,0.0,261214.744676537,6289.024539977738,19730543.221847262,398.7878926409594,311.6279547562991
0.027461595507308128,0.95,0.015,261.8901359088303,32.332329232445204,2.6243355714392784,0.0,261214.76769001829,6289.024539962744,19730550.995434985,398.78792786034614,311.6279685171798
0.027461595507308128,0.9833333333333333,-0.005,261.84606598671996,27.657465607172156,2.336202355196992,0.0,261062.28565867955,6289.027397170258,19726355.52085984,398.7702664165723,311.62106778072445
0.027461595507308128,0.9833333333333333,0.005,261.84606598671996,27.657465016748322,2.336213534465506,0.0,261062.26880392662,6289.027397176811,19726349.82806241,398.77024061807464,311.62105770054023
0.027461595507308128,0.9833333333333333,0.015,261.84606598671996,27.657465607172156,2.336202355196992,0.0,261062.28565867955,6289.027397170258,19726355.52085984,398.7702664165723,311.62106778072445
0.027461595507308128,1.0166666666666668,-0.005,261.84604523304984,2.1911561431802373e-06,1.8508507661177548e-07,0.0,261062.27969008032,6289.992645448776,19755502.69225314,399.35951106517683,311.85121691670275
0.027461595507308128,1.0166666666666668,0.005,261.8460244793797,-27.65746560717234,-2.336202355197008,0.0,261062.2737214801,6289.027397169514,19726351.491898417,398.77024815566483,311.6210606456845
0.027461595507308128,1.0166666666666668,0.015,261.84604523304984,2.1911561431802373e-06,1.8508507661177548e-07,0.0,261062.27969008032,6289.992645448776,19755502.69225314,399.35951106517683,311.85121691670275
0.028186853933791518,-0.016666666666666666,-0.005,264.61867755814546,49.915463616718625,0.0,0.0,262714.2990247775,6289.019204424686,19995753.538465567,399.98095985731675,312.093760566947
0.028186853933791518,-0.016666666666666666,0.005,264.61867755814546,49.915463616718625,-0.0021690609174128397,0.0,262714.2990247775,6289.019204418806,19995753.538285673,399.98095985371816,312.0937605655431
0.028186853933791518,-0.016666666666666666,0.015,264.61867755814546,49.915463616718625,0.0,0.0,262714.2990247775,6289.019204424686,19995753.538465567,399.98095985731675,312.093760566947
0.028186853933791518,0.016666666666666666,-0.005,264.61867755814546,49.915463616718625,0.0021690609174128397,0.0,262714.2990247775,6289.019204418806,19995753.538285673,399.98095985371816,312.0937605655431
0.028186853933791518,0.016666666666666666,0.005,264.61867755814546,49.915477088979664,0.0021693743525581237,0.0,262714.29530369065,6289.019204422464,19995752.039283156,399.9809531326757,312.093757943424
0.028186853933791518,0.016666666666666666,0.015,264.61867755814546,49.915463616718625,0.0021690609174128397,0.0,262714.2990247775,6289.019204418806,19995753.538285673,399.98095985371816,312.0937605655431
0.028186853933791518,0.05000000000000001,-0.005,264.6179645529885,49.66836100881152,0.005988360968356798,0.0,262701.7916879169,6289.019204374719,19995684.08240681,399.9806483342158,312.09363903061814
0.028186853933791518,0.05000000000000001,0.005,264.6179645529885,49.668373971685845,0.005989391403543443,0.0,262701.78795591916,6289.019204378253,19995682.58946327,399.9806416402698,312.0936364190693
0.028186853933791518,0.05000000000000001,0.015,264.6179645529885,49.66836100881152,0.005988360968356798,0.0,262701.7916879169,6289.019204374719,19995684.08240681,399.9806483342158,312.09363903061814
0.028186853933791518,0.08333333333333333,-0.005,264.61658972177827,49.4135866037074,0.009457320129941504,0.0,262688.77732098347,6289.019204345367,19995550.165550437,399.9800477221015,312.0934047101684
0.028186853933791518,0.08333333333333333,0.005,264.61658972177827,49.4135990036313,0.009459140990372107,0.0,262688.77356996125,6289.019204348771,19995548.67675043,399.98004104664176,312.0934021058298
0.028186853933791518,0.08333333333333333,0.015,264.61658972177827,49.4135866037074,0.009457320129941504,0.0,262688.77732098347,6289.019204345367,19995550.165550437,399.9800477221015,312.0934047101684
0.028186853933791518,0.11666666666666667,-0.005,264.6144908584063,49.150678670872274,0.012581727453230737,0.0,262675.22133730754,6289.019204351362,19995345.731422767,399.9791308607473,312.09304700914396
0.028186853933791518,0.11666666666666667,0.005,264.6144908584063,49.1506904636956,0.012584408185057896,0.0,262675.2175544138,6289.019204354631,19995344.243061747,399.97912418714066,312.0930444055253
0.028186853933791518,0.11666666666666667,0.015,264.6144908584063,49.150678670872274,0.012581727453230737,0.0,262675.22133730754,6289.019204351362,19995345.731422767,399.9791308607473,312.09304700914396
0.028186853933791518,0.15,-0.005,264.61163344832596,48.87910525989357,0.015407289061530709,0.0,262661.09430824616,6289.0192044123705,19995067.42340968,399.97788269770507,312.0925600545995
0.028186853933791518,0.15,0.005,264.61163344832596,48.87911641120316,0.01541087159492304,0.0,262661.09046920156,6289.019204415515,19995065.927706275,399.9778759910359,312.09255743807785
0.028186853933791518,0.15,0.015,264.61163344832596,48.87910525989357,0.015407289061530709,0.0,262661.09430824616,6289.0192044123705,19995067.42340968,399.97788269770507,312.0925600545995
0.028186853933791518,0.18333333333333332,-0.005,264.60800960642416,48.59825618548007,0.01802162071756815,0.0,262646.3714022188,6289.01920454722,19994714.47910922,399.976299811792,312.09194251119646
0.028186853933791518,0.18333333333333332,0.005,264.60800960642416,48.59826667003487,0.018026121224865473,0.0,262646.36747047154,6289.019204550251,19994712.963930763,399.97629301763095,312.0919398605358
0.028186853933791518,0.18333333333333332,0.015,264.60800960642416,48.59825618548007,0.01802162071756815,0.0,262646.3714022188,6289.01920454722,19994714.47910922,399.976299811792,312.09194251119646
0.028186853933791518,0.21666666666666667,-0.005,264.603625648117,48.30743401214424,0.020544290332574284,0.0,262631.02855906,6289.019204774585,19994287.518804032,399.9743849801423,312.091195461628
0.028186853933791518,0.21666666666666667,0.005,264.603625648117,48.3074438123254,0.020549713806534798,0.0,262631.0244876175,6289.01920477752,19994285.968320053,399.97437802747476,312.0911927491214
0.028186853933791518,0.21666666666666667,0.015,264.603625648117,48.30743401214424,0.020544290332574284,0.0,262631.02855906,6289.019204774585,19994287.518804032,399.9743849801423,312.091195461628
0.028186853933791518,0.25,-0.005,264.5984831505253,48.00584338518124,0.023111247151585038,0.0,262615.0367588327,6289.019205114292,19993786.700426325,399.97213890402116,312.09031917855566
0.028186853933791518,0.25,0.005,264.5984831505253,48.005852488654526,0.02311760976028017,0.0,262615.03249321424,6289.019205117155,19993785.096156172,399.97213170994434,312.09031637185797
0.028186853933791518,0.25,0.015,264.5984831505253,48.00584338518124,0.023111247151585038,0.0,262615.0367588327,6289.019205114292,19993786.700426325,399.97213890402116,312.09031917855566
0.028186853933791518,0.2833333333333333,-0.005,264.59256026768736,47.69257764030129,0.025862863877867796,0.0,262598.356274153,6289.019205589036,19993209.900132377,399.96955204885865,312.08930994106106
0.028186853933791518,0.2833333333333333,0.005,264.59256026768736,47.69258603729289,0.025870216417607537,0.0,262598.3517541372,6289.0192055918615,19993208.221587162,399.96954452145775,312.08930700431085
0.028186853933791518,0.2833333333333333,0.015,264.59256026768736,47.69257764030129,0.025862863877867796,0.0,262598.356274153,6289.019205589036,19993209.900132377,399.96955204885865,312.08930994106106
0.028186853933791518,0.31666666666666665,-0.005,264.58579660677174,47.366601376023674,0.028942337259586774,0.0,262580.93179938314,6289.019206226656,19992551.240509003,399.96659804247975,312.08815745894105
0.028186853933791518,0.31666666666666665,0.005,264.58579660677174,47.36660905652876,0.02895078788826623,0.0,262580.9269575406,6289.01920622948,19992549.464736734,399.9665900787849,312.08815435196306
0.028186853933791518,0.31666666666666665,0.015,264.58579660677174,47.366601376023674,0.028942337259586774,0.0,262580.93179938314,6289.019206226656,19992551.240509003,399.96659804247975,312.08815745894105
0.028186853933791518,0.3499999999999999,-0.005,264.5780790666723,47.026727504458,0.03250801644706041,0.0,262562.68766154326,6289.019207063496,19991799.713279188,399.96322749610715,312.0868424618534
0.028186853933791518,0.3499999999999999,0.005,264.5780790666723,47.026734455323734,0.03251775963275186,0.0,262562.682416717,6289.0192070663725,19991797.81268685,399.96321897232116,312.0868391363458
0.028186853933791518,0.3499999999999999,0.015,264.5780790666723,47.026727504458,0.03250801644706041,0.0,262562.68766154326,6289.019207063496,19991799.713279188,399.96322749610715,312.0868424618534
0.028186853933791518,0.38333333333333336,-0.005,264.56921973636446,46.67158694359635,0.03676432700855245,0.0,262543.52050995704,6289.019208149913,19990937.029931832,399.9593583609313,312.0853329367054
0.028186853933791518,0.38333333333333336,0.005,264.56921973636446,46.6715931447809,0.0367756970368827,0.0,262543.51475249935,6289.01920815291,19990934.967307173,399.95934911009374,312.08532932752524
0.028186853933791518,0.38333333333333336,0.015,264.56921973636446,46.67158694359635,0.03676432700855245,0.0,262543.52050995704,6289.019208149913,19990937.029931832,399.9593583609313,312.0853329367054
0.028186853933791518,0.4166666666666667,-0.005,264.55890896209945,46.299588248866876,0.042024498934266484,0.0,262523.28457357956,6289.019209561205,19989933.056677926,399.954855447083,312.08357613655363
0.028186853933791518,0.4166666666666667,0.005,264.55890896209945,46.29959366717343,0.04203808278664728,0.0,262523.27813531697,6289.019209564434,19989930.775038857,399.9548452135292,312.0835721439479
0.028186853933791518,0.4166666666666667,0.015,264.55890896209945,46.299588248866876,0.042024498934266484,0.0,262523.28457357956,6289.019209561205,19989933.056677926,399.954855447083,312.08357613655363
0.028186853933791518,0.45,-0.005,264.54661318341044,45.908862735839534,0.04883646425537742,0.0,262501.7606566902,6289.019211422007,19988735.875750404,399.94948583381085,312.081481182943
0.028186853933791518,0.45,0.005,264.54661318341044,45.908867312820036,0.04885333356867021,0.0,262501.7532519637,6289.019211425661,19988733.278414316,399.9494741837477,312.08147663765783
0.028186853933791518,0.45,0.015,264.54661318341044,45.908862735839534,0.04883646425537742,0.0,262501.7606566902,6289.019211422007,19988735.875750404,399.94948583381085,312.081481182943
0.028186853933791518,0.48333333333333334,-0.005,264.5313649014635,45.49718761626298,0.05823207138227211,0.0,262478.5935880725,6289.019213966675,19987251.35091251,399.94282718745615,312.0788832937846
0.028186853933791518,0.48333333333333334,0.005,264.5313649014635,45.49719124472211,0.05825422298840026,0.0,262478.58470429387,6289.019213971145,19987248.264509685,399.9428133430015,312.0788778923102
0.028186853933791518,0.48333333333333334,0.015,264.5313649014635,45.49718761626298,0.05823207138227211,0.0,262478.5935880725,6289.019213966675,19987251.35091251,399.94282718745615,312.0788832937846
0.028186853933791518,0.5166666666666667,-0.005,264.51136495779303,45.061875153448945,0.07219335497513056,0.0,262453.1749284454,6289.019217698464,19985304.428729333,399.93409412243346,312.07547603170525
0.028186853933791518,0.5166666666666667,0.005,264.51136495779303,45.061877635024324,0.0722244599477744,0.0,262453.1636416745,6289.019217704654,19985300.540898528,399.93407668201866,312.0754692271768
0.028186853933791518,0.5166666666666667,0.015,264.51136495779303,45.061875153448945,0.07219335497513056,0.0,262453.1749284454,6289.019217698464,19985304.428729333,399.93409412243346,312.07547603170525
0.028186853933791518,0.55,-0.005,264.4833075004855,44.59961063869731,0.09444165424207226,0.0,262424.4448204934,6289.019223821654,19982573.454223756,399.9218434411713,312.07069628609145
0.028186853933791518,0.55,0.005,264.4833075004855,44.59961161672864,0.09448814539437145,0.0,262424.42952861456,6289.019223831794,19982568.223490834,399.921819975004,312.0706871304234
0.028186853933791518,0.55,0.015,264.4833075004855,44.59961063869731,0.09444165424207226,0.0,262424.4448204934,6289.019223821654,19982573.454223756,399.9218434411713,312.07069628609145
0.028186853933791518,0.5833333333333334,-0.005,264.441400598155,44.10621930388449,0.13158165825810333,0.0,262390.60484806076,6289.019235385703,19978494.88068066,399.9035463913819,312.06355734322926
0.028186853933791518,0.5833333333333334,0.005,264.441400598155,44.10621817798771,0.13165393945572187,0.0,262390.5829748459,6289.019235405322,19978487.436476342,399.90351299228684,312.0635443117862
0.028186853933791518,0.5833333333333334,0.015,264.441400598155,44.10621930388449,0.13158165825810333,0.0,262390.60484806076,6289.019235385703,19978494.88068066,399.9035463913819,312.06355734322926
0.028186853933791518,0.6166666666666667,-0.005,264.37627661527085,43.576348603640234,0.19437205394045193,0.0,262348.79762448155,6289.019260025755,19972157.31262958,399.87511258954385,312.0524630291628
0.028186853933791518,0.6166666666666667,0.005,264.37627661527085,43.57634446281343,0.19448512361548312,0.0,262348.76546880975,6289.019260067744,19972146.404145148,399.8750636418689,312.05244393039607
0.028186853933791518,0.6166666666666667,0.015,264.37627661527085,43.576348603640234,0.19437205394045193,0.0,262348.79762448155,6289.019260025755,19972157.31262958,399.87511258954385,312.0524630291628
0.028186853933791518,0.65,-0.005,264.2744269807102,43.00307422110848,0.29837588998237674,0.0,262294.93604983034,6289.019315325082,19962246.75921264,399.8306423307156,312.035110811931
0.028186853933791518,0.65,0.005,264.2744269807102,43.00306587930992,0.29854806130216,0.0,262294.88910421124,6289.019315415574,19962230.86232718,399.83057098589387,312.03508297253114
0.028186853933791518,0.65,0.015,264.2744269807102,43.00307422110848,0.29837588998237674,0.0,262294.93604983034,6289.019315325082,19962246.75921264,399.8306423307156,312.035110811931
0.028186853933791518,0.6833333333333333,-0.005,264.11934460763433,42.377469919728924,0.46259647153671496,0.0,262224.0228020964,6289.019435876829,19947158.38222045,399.76292265879476,312.008684860652
0.028186853933791518,0.6833333333333333,0.005,264.11934460763433,42.37745617313329,0.4628446646694445,0.0,262223.9569131268,6289.019436057783,19947136.090444896,399.7628225807385,312.0086458059737
0.028186853933791518,0.6833333333333333,0.015,264.11934460763433,42.377469919728924,0.46259647153671496,0.0,262224.0228020964,6289.019435876829,19947158.38222045,399.76292265879476,312.008684860652
0.028186853933791518,0.7166666666666667,-0.005,263.89574940753545,41.68818233450356,0.7044700463584844,0.0,262131.35246507078,6289.019674801378,19925408.448047314,399.66526542070454,311.9705725623608
0.028186853933791518,0.7166666666666667,0.005,263.89574940753545,41.68816251844396,0.7048012026715688,0.0,262131.26593745625,6289.019675117356,19925379.18296202,399.665133962015,311.97052125536777
0.028186853933791518,0.7166666666666667,0.015,263.89574940753545,41.68818233450356,0.7044700463584844,0.0,262131.35246507078,6289.019674801378,19925408.448047314,399.66526542070454,311.9705725623608
0.028186853933791518,0.75,-0.005,263.5973206653874,40.92092861611711,1.0306833656894625,0.0,262014.7063914808,6289.02008534677,19896386.83827832,399.5348727343618,311.9196774721684
0.028186853933791518,0.75,0.005,263.5973206653874,40.920903355902,1.0310844418194507,0.0,262014.60241605647,6289.020085806693,19896351.67209716,399.5347146269223,311.9196157543688
0.028186853933791518,0.75,0.015,263.5973206653874,40.92092861611711,1.0306833656894625,0.0,262014.7063914808,6289.02008534677,19896386.83827832,399.5348727343618,311.9196774721684
0.028186853933791518,0.7833333333333333,-0.005,263.23575099308954,40.05745821869394,1.4263185921498698,0.0,261876.89123038983,6289.020677247061,19861236.049213257,399.37678860323166,311.8579626718983
0.028186853933791518,0.7833333333333333,0.005,263.23575099308954,40.05742997231396,1.4267512730009084,0.0,261876.7791242951,6289.020677783002,19861198.12851203,399.3766178958157,311.85789602246575
0.028186853933791518,0.7833333333333333,0.015,263.23575099308954,40.05745821869394,1.4263185921498698,0.0,261876.89123038983,6289.020677247061,19861236.049213257,399.37678860323166,311.8579626718983
0.028186853933791518,0.8166666666666667,-0.005,262.8455859697453,39.07277550793513,1.8487495279168646,0.0,261727.00891902126,6289.02138096224,19823317.981068827,399.2060458216413,311.7912923121313
0.028186853933791518,0.8166666666666667,0.005,262.8455859697453,39.07274831538339,1.8491568572178725,0.0,261726.90244672025,6289.021381442725,19823281.961775303,399.20588341908297,311.791228891613
0.028186853933791518,0.8166666666666667,0.015,262.8455859697453,39.07277550793513,1.8487495279168646,0.0,261727.00891902126,6289.02138096224,19823317.981068827,399.2060458216413,311.7912923121313
0.028186853933791518,0.85,-0.005,262.4782818204017,37.9281364111676,2.2339268673979835,0.0,261578.54418488548,6289.022081122411,19787632.97773914,399.04514404025906,311.72845154232954
0.028186853933791518,0.85,0.005,262.4782818204017,37.92811454477566,2.2342535519460025,0.0,261578.45659110465,6289.022081440593,19787603.342064112,399.0450101960673,311.7283992637256
0.028186853933791518,0.85,0.015,262.4782818204017,37.9281364111676,2.2339268673979835,0.0,261578.54418488548,6289.022081122411,19787632.97773914,399.04514404025906,311.72845154232954
0.028186853933791518,0.8833333333333333,-0.005,262.1838124861903,36.55446608749903,2.5167509372089953,0.0,261443.67982291835,6289.022723765619,19759033.411556777,398.91606559143713,311.67803033060846
0.028186853933791518,0.8833333333333333,0.005,262.1838124861903,36.55445214011345,2.5169677964948107,0.0,261443.61792066772,6289.022723915932,19759012.463501334,398.9159708415728,311.6779933159889
0.028186853933791518,0.8833333333333333,0.015,262.1838124861903,36.55446608749903,2.5167509372089953,0.0,261443.67982291835,6289.022723765619,19759033.411556777,398.91606559143713,311.67803033060846
0.028186853933791518,0.9166666666666666,-0.005,261.98846433679194,34.81017654034069,2.653995931962339,0.0,261325.87931193114,6289.023413049349,19740071.618362382,398.8305296677963,311.6446134044014
0.028186853933791518,0.9166666666666666,0.005,261.98846433679194,34.81017022831416,2.654111054387338,0.0,261325.84080375926,6289.023413100463,19740058.57970686,398.8304706287154,311.64459033794736
0.028186853933791518,0.9166666666666666,0.015,261.98846433679194,34.81017654034069,2.653995931962339,0.0,261325.87931193114,6289.023413049349,19740071.618362382,398.8305296677963,311.6446134044014
0.028186853933791518,0.9499999999999998,-0.005,261.8845883111245,32.338245039541015,2.624255882225945,0.0,261213.36385571357,6289.024540790589,19730012.509041995,398.78548804301687,311.62701523295567
0.028186853933791518,0.9499999999999998,0.005,261.8845883111245,32.33824394296384,2.624302470966628,0.0,261213.34025211455,6289.02454080597,19730004.510284353,398.7854518026746,311.62700107312503
0.028186853933791518,0.9499999999999998,0.015,261.8845883111245,32.338245039541015,2.624255882225945,0.0,261213.36385571357,6289.024540790589,19730012.509041995,398.78548804301687,311.62701523295567
0.028186853933791518,0.9833333333333333,-0.005,261.8405196375991,27.6631720778875,2.336512602725511,0.0,261060.84916454722,6289.027397224218,19725817.15622366,398.7678263739369,311.6201143873566
0.028186853933791518,0.9833333333333333,0.005,261.8405196375991,27.66317378989909,2.336523906625882,0.0,261060.83170635803,6289.027397231219,19725811.23823717,398.7677995544544,311.6201039082133
0.028186853933791518,0.9833333333333333,0.015,261.8405196375991,27.6631720778875,2.336512602725511,0.0,261060.84916454722,6289.027397224218,19725817.15622366,398.7678263739369,311.6201143873566
0.028186853933791518,1.0166666666666666,-0.005,261.8403674600396,1.6072756997085064e-05,1.35755217028541e-06,0.0,261060.80541452143,6289.993048654665,19754962.93774873,399.3572557950278,311.8503363695843
0.028186853933791518,1.0166666666666666,0.005,261.84021528248013,-27.663172077887314,-2.336512602725495,0.0,261060.7616644448,6289.027397329237,19725787.612896338,398.7676925208266,311.6200620870928
0.028186853933791518,1.0166666666666666,0.015,261.8403674600396,1.6072756997085064e-05,1.35755217028541e-06,0.0,261060.80541452143,6289.993048654665,19754962.93774873,399.3572557950278,311.8503363695843
0.028912112360274914,-0.016666666666666666,-0.005,264.5273962360491,50.028040935436096,0.0,0.0,262693.8892610819,6289.019275845768,19986866.989697736,399.9411321793146,312.0782219782509
0.028912112360274914,-0.016666666666666666,0.005,264.5273962360491,50.028040935436096,-0.0010453385973470167,0.0,262693.8892610819,6289.019275844401,19986866.989655964,399.94113217847877,312.0782219779248
0.028912112360274914,-0.016666666666666666,0.015,264.5273962360491,50.028040935436096,0.0,0.0,262693.8892610819,6289.019275845768,19986866.989697736,399.9411321793146,312.0782219782509
0.028912112360274914,0.016666666666666666,-0.005,264.5273962360491,50.028040935436096,0.0010453385973470167,0.0,262693.8892610819,6289.019275844401,19986866.989655964,399.94113217847877,312.0782219779248
0.028912112360274914,0.016666666666666666,0.005,264.5273962360491,50.028078601469744,0.0010453769226669882,0.0,262693.88132080465,6289.019275871578,19986863.63681724,399.94111714926134,312.07821611419746
0.028912112360274914,0.016666666666666666,0.015,264.5273962360491,50.028040935436096,0.0010453385973470167,0.0,262693.8892610819,6289.019275844401,19986866.989655964,399.94113217847877,312.0782219779248
0.028912112360274914,0.05,-0.005,264.5274188735763,49.77852451734131,0.002895747583805192,0.0,262681.4430854321,6289.019273522835,19986869.11372396,399.94114060595405,312.0782252659481
0.028912112360274914,0.05,0.005,264.5274188735763,49.77856129073856,0.0028960248220766863,0.0,262681.4351194173,6289.019273549251,19986865.770544853,399.94112561971355,312.07821941898845
0.028912112360274914,0.05,0.015,264.5274188735763,49.77852451734131,0.002895747583805192,0.0,262681.4430854321,6289.019273522835,19986869.11372396,399.94114060595405,312.0782252659481
0.028912112360274914,0.08333333333333333,-0.005,264.5271999603527,49.52120751882446,0.0049122681982537095,0.0,262668.6038172763,6289.019271106581,19986847.710052073,399.9410434340213,312.0781873538117
0.028912112360274914,0.08333333333333333,0.005,264.5271999603527,49.52124333443475,0.004912889530802719,0.0,262668.5958210977,6289.019271132215,19986844.37607182,399.94102848866663,312.0781815228032
0.028912112360274914,0.08333333333333333,0.015,264.5271999603527,49.52120751882446,0.0049122681982537095,0.0,262668.6038172763,6289.019271106581,19986847.710052073,399.9410434340213,312.0781873538117
0.028912112360274914,0.11666666666666667,-0.005,264.5266158428952,49.25565359664252,0.007017990083077615,0.0,262655.3206809588,6289.01926864003,19986790.735774506,399.9407866544413,312.078087169897
0.028912112360274914,0.11666666666666667,0.005,264.5266158428952,49.25568839187297,0.007019088397842898,0.0,262655.31265415053,6289.01926866486,19986787.411821496,399.9407717536576,312.07808135627624
0.028912112360274914,0.11666666666666667,0.015,264.5266158428952,49.25565359664252,0.007017990083077615,0.0,262655.3206809588,6289.01926864003,19986790.735774506,399.9407866544413,312.078087169897
0.028912112360274914,0.15,-0.005,264.52556216903264,48.981357854689776,0.009171740938666408,0.0,262641.54572987196,6289.019266173466,19986688.03222462,399.94032471405484,312.0779069413249
0.028912112360274914,0.15,0.005,264.52556216903264,48.98139157297337,0.00917343140476324,0.0,262641.53766393516,6289.019266197472,19986684.71626839,399.9403098486974,312.0779011415225
0.028912112360274914,0.15,0.015,264.52556216903264,48.981357854689776,0.009171740938666408,0.0,262641.54572987196,6289.019266173466,19986688.03222462,399.94032471405484,312.0779069413249
0.028912112360274914,0.18333333333333332,-0.005,264.5239594154532,48.697735573486646,0.011376131844398046,0.0,262627.2349987066,6289.01926375647,19986531.859937746,399.93962291129935,312.07763312893644
0.028912112360274914,0.18333333333333332,0.005,264.5239594154532,48.6977681670145,0.011378506431963717,0.0,262627.22687439,6289.019263779642,19986528.546116937,399.9396080550362,312.07762733267714
0.028912112360274914,0.18333333333333332,0.015,264.5239594154532,48.697735573486646,0.011376131844398046,0.0,262627.2349987066,6289.01926375647,19986531.859937746,399.93962291129935,312.07763312893644
0.028912112360274914,0.2166666666666667,-0.005,264.52174767012946,48.40411084484827,0.013674407342999507,0.0,262612.3466217321,6289.019261434083,19986316.389557417,399.93865510991577,312.0772555352566
0.028912112360274914,0.2166666666666667,0.005,264.52174767012946,48.40414227564832,0.013677541484585862,0.0,262612.33840872976,6289.019261456421,19986313.06806115,399.93864021869723,312.07724972535226
0.028912112360274914,0.2166666666666667,0.015,264.52174767012946,48.40411084484827,0.013674407342999507,0.0,262612.3466217321,6289.019261434083,19986316.389557417,399.93865510991577,312.0772555352566
0.028912112360274914,0.25,-0.005,264.5188732345634,48.09970486693242,0.016140049538813962,0.0,262596.83663613885,6289.019259246154,19986036.396445047,399.93739788166613,312.07676501921736
0.028912112360274914,0.25,0.005,264.5188732345634,48.09973510598793,0.016144018389423635,0.0,262596.82829432486,6289.019259267675,19986033.053951204,399.93738289569114,312.076759172334
0.028912112360274914,0.25,0.015,264.5188732345634,48.09970486693242,0.016140049538813962,0.0,262596.83663613885,6289.019259246154,19986036.396445047,399.93739788166613,312.07676501921736
0.028912112360274914,0.2833333333333333,-0.005,264.5152724156915,47.78362271293952,0.01886688238388623,0.0,262580.653953556,6289.0192572290325,19985685.682328906,399.93582342527696,312.07615073340315
0.028912112360274914,0.2833333333333333,0.005,264.5152724156915,47.78365173775897,0.018871781504198066,0.0,262580.64543385204,6289.019257249763,19985682.30234277,399.9358082705101,312.0761448206528
0.028912112360274914,0.2833333333333333,0.015,264.5152724156915,47.78362271293952,0.01886688238388623,0.0,262580.653953556,6289.0192572290325,19985685.682328906,399.93582342527696,312.07615073340315
0.028912112360274914,0.31666666666666665,-0.005,264.51085587750515,47.45483680068044,0.021966462276690652,0.0,262563.7353872602,6289.019255419218,19985255.5522605,399.93389273381945,312.07539745818974
0.028912112360274914,0.31666666666666665,0.005,264.51085587750515,47.45486459201124,0.021972430852791144,0.0,262563.7266301374,6289.019255439198,19985252.1146594,399.9338773199445,312.0753914443318
0.028912112360274914,0.31666666666666665,0.015,264.51085587750515,47.45483680068044,0.021966462276690652,0.0,262563.7353872602,6289.019255419218,19985255.5522605,399.93389273381945,312.07539745818974
0.028912112360274914,0.35,-0.005,264.50549204259715,47.11216507760773,0.025577458800160432,0.0,262546.00022501015,6289.019253857999,19984733.199874148,399.9315483500465,312.0744827750593
0.028912112360274914,0.35,0.005,264.50549204259715,47.112191615696155,0.025584711162188852,0.0,262545.99115450005,6289.0192538772835,19984729.678926487,399.9315325615739,312.07447661503085
0.028912112360274914,0.35,0.015,264.50549204259715,47.11216507760773,0.025577458800160432,0.0,262546.00022501015,6289.019253857999,19984733.199874148,399.9315483500465,312.0744827750593
0.028912112360274914,0.38333333333333336,-0.005,264.49898194096716,46.754241736388245,0.02989306578732672,0.0,262527.34209842613,6289.019252598378,19984099.261085104,399.9287033899577,312.0733727838235
0.028912112360274914,0.38333333333333336,0.005,264.49898194096716,46.75426699643192,0.02990194817134319,0.0,262527.3326080944,6289.019252617047,19984095.62073935,399.92868706508045,312.0733664144888
0.028912112360274914,0.38333333333333336,0.015,264.49898194096716,46.754241736388245,0.02989306578732672,0.0,262527.34209842613,6289.019252598378,19984099.261085104,399.9287033899577,312.0733727838235
0.028912112360274914,0.4166666666666667,-0.005,264.4910095432281,46.37947760871496,0.03522063428683185,0.0,262507.61349453777,6289.019251716517,19983322.983057927,399.92521986486065,312.07201364432655
0.028912112360274914,0.4166666666666667,0.005,264.4910095432281,46.37950155397707,0.035231740656311676,0.0,262507.6034181275,6289.019251734685,19983319.167037852,399.92520275100253,312.072006967133
0.028912112360274914,0.4166666666666667,0.015,264.4910095432281,46.37947760871496,0.03522063428683185,0.0,262507.61349453777,6289.019251716517,19983322.983057927,399.92521986486065,312.07201364432655
0.028912112360274914,0.45,-0.005,264.4810375771733,45.98600578422171,0.042105317045424986,0.0,262486.59419283486,6289.019251336168,19982352.089456424,399.92086320324626,312.0703138317141
0.028912112360274914,0.45,0.005,264.4810375771733,45.986028353534294,0.04211972326305325,0.0,262486.58324580453,6289.019251354031,19982348.0015138,399.9208448684361,312.07030667811125
0.028912112360274914,0.45,0.015,264.4810375771733,45.98600578422171,0.042105317045424986,0.0,262486.59419283486,6289.019251336168,19982352.089456424,399.92086320324626,312.0703138317141
0.028912112360274914,0.48333333333333334,-0.005,264.4680961939764,45.57160504061138,0.051577883214027495,0.0,262463.92834436265,6289.019251688258,19981092.22031891,399.9152099869621,312.0681081363166
0.028912112360274914,0.48333333333333334,0.005,264.4680961939764,45.57162612466369,0.05159758908093017,0.0,262463.9160147383,6289.019251706213,19981087.687363897,399.91518965435387,312.0681002031867
0.028912112360274914,0.48333333333333334,0.015,264.4680961939764,45.57160504061138,0.051577883214027495,0.0,262463.92834436265,6289.019251688258,19981092.22031891,399.9152099869621,312.0681081363166
0.028912112360274914,0.5166666666666667,-0.005,264.4503844709431,45.1335891694551,0.0656202746555644,0.0,262439.0069434512,6289.01925326827,19979368.15981754,399.9074739494606,312.0650897686697
0.028912112360274914,0.5166666666666667,0.005,264.4503844709431,45.13360856829592,0.06564895398594667,0.0,262438.99230752327,6289.019253287212,19979362.86967671,399.9074502179442,312.06508050930546
0.028912112360274914,0.5166666666666667,0.015,264.4503844709431,45.1335891694551,0.0656202746555644,0.0,262439.0069434512,6289.01925326827,19979368.15981754,399.9074739494606,312.0650897686697
0.028912112360274914,0.55,-0.005,264.4245948835776,44.668645068540265,0.08795452675284254,0.0,262410.76950700255,6289.0192572654205,19976858.106982183,399.8962109624203,312.0606952398865
0.028912112360274914,0.55,0.005,264.4245948835776,44.66866242447836,0.08799861573126695,0.0,262410.7509624711,6289.019257287556,19976851.51829502,399.89618140206386,312.06068370611183
0.028912112360274914,0.55,0.015,264.4245948835776,44.668645068540265,0.08795452675284254,0.0,262410.76950700255,6289.0192572654205,19976858.106982183,399.8962109624203,312.0606952398865
0.028912112360274914,0.5833333333333334,-0.005,264.3849334597607,44.17259977398683,0.12518704378706164,0.0,262377.41676185187,6289.019266703615,19972998.344805777,399.8788910444691,312.05393733119297
0.028912112360274914,0.5833333333333334,0.005,264.3849334597607,44.17261448630365,0.12525695125558858,0.0,262377.39173171745,6289.019266734431,19972989.587014463,399.8788517471239,312.05392199793596
0.028912112360274914,0.5833333333333334,0.015,264.3849334597607,44.17259977398683,0.12518704378706164,0.0,262377.41676185187,6289.019266703615,19972998.344805777,399.8788910444691,312.05393733119297
0.028912112360274914,0.6166666666666667,-0.005,264.32202947070806,43.6401029193762,0.18807990741754604,0.0,262336.0900031535,6289.019289181161,19966877.220078755,399.851421946561,312.04321910179686
0.028912112360274914,0.6166666666666667,0.005,264.32202947070806,43.64011407769993,0.18819063969490854,0.0,262336.05478462373,6289.019289233492,19966865.042193845,399.85136729430394,312.0431977765422
0.028912112360274914,0.6166666666666667,0.015,264.32202947070806,43.6401029193762,0.18807990741754604,0.0,262336.0900031535,6289.019289181161,19966877.220078755,399.851421946561,312.04321910179686
0.028912112360274914,0.65,-0.005,264.22236900921513,43.064233029943324,0.29220238640041085,0.0,262282.70002091123,6289.019342241041,19957180.28039293,399.8079009541465,312.0262367936448
0.028912112360274914,0.65,0.005,264.22236900921513,43.06423945025151,0.29237226918832665,0.0,262282.6501034803,6289.019342340962,19957163.157743987,399.80782409414195,312.02620680131713
0.028912112360274914,0.65,0.015,264.22236900921513,43.064233029943324,0.29220238640041085,0.0,262282.70002091123,6289.019342241041,19957180.28039293,399.8079009541465,312.0262367936448
0.028912112360274914,0.6833333333333333,-0.005,264.0694354578804,42.43606782194031,0.45656849685548173,0.0,262212.24614236585,6289.019460457365,19942301.822808016,399.7411102307062,312.00017261570207
0.028912112360274914,0.6833333333333333,0.005,264.0694354578804,42.43606830439939,0.45681446959824445,0.0,262212.1773677503,6289.019460646824,19942278.347710446,399.74100481971107,312.00013147876365
0.028912112360274914,0.6833333333333333,0.015,264.0694354578804,42.43606782194031,0.45656849685548173,0.0,262212.24614236585,6289.019460457365,19942301.822808016,399.7411102307062,312.00017261570207
0.028912112360274914,0.7166666666666667,-0.005,263.84793221704297,41.74425962032814,0.6986317983797594,0.0,262120.01781617332,6289.019696999001,19920756.552605804,399.6443539401082,311.9624109175091
0.028912112360274914,0.7166666666666667,0.005,263.84793221704297,41.74425350691454,0.6989608306138169,0.0,262119.9284818313,6289.019697322649,19920726.144447736,399.64421731973533,311.9623575945681
0.028912112360274914,0.7166666666666667,0.015,263.84793221704297,41.74425962032814,0.6986317983797594,0.0,262120.01781617332,6289.019696999001,19920756.552605804,399.6443539401082,311.9624109175091
0.028912112360274914,0.75,-0.005,263.55151182551197,40.97453376908657,1.0251052337257476,0.0,262003.7889086448,6289.020105283895,19891931.745190334,399.5148226962156,311.91185077126886
0.028912112360274914,0.75,0.005,263.55151182551197,40.97452169502565,1.0255043208313914,0.0,262003.6821954556,6289.020105750899,19891895.472672597,399.51465958278266,311.9117870977641
0.028912112360274914,0.75,0.015,263.55151182551197,40.97453376908657,1.0251052337257476,0.0,262003.7889086448,6289.020105283895,19891931.745190334,399.5148226962156,311.91185077126886
0.028912112360274914,0.7833333333333333,-0.005,263.191827222672,40.10865120820675,1.4211079305326015,0.0,261866.35575590274,6289.020695353134,19856965.955432154,399.3575443309566,311.8504490256195
0.028912112360274914,0.7833333333333333,0.005,263.191827222672,40.10863564501618,1.421538807241403,0.0,261866.24096829366,6289.020695895932,19856926.96016865,399.3573687528925,311.8503804728842
0.028912112360274914,0.7833333333333333,0.015,263.191827222672,40.10865120820675,1.4211079305326015,0.0,261866.35575590274,6289.020695353134,19856965.955432154,399.3575443309566,311.8504490256195
0.028912112360274914,0.8166666666666665,-0.005,262.8033708675155,39.12163172847901,1.8440620827918341,0.0,261716.80690960368,6289.021398024568,19819215.753531445,399.18753052219574,311.7840617401736
0.028912112360274914,0.8166666666666665,0.005,262.8033708675155,39.12161673311505,1.8444678523649751,0.0,261716.69779691432,6289.021398512027,19819178.685278278,399.1873633599071,311.7839964593985
0.028912112360274914,0.8166666666666665,0.015,262.8033708675155,39.12163172847901,1.8440620827918341,0.0,261716.80690960368,6289.021398024568,19819215.753531445,399.18753052219574,311.7840617401736
0.028912112360274914,0.85,-0.005,262.43753550315506,37.97475104655424,2.229976656485607,0.0,261568.61072610575,6289.0220981317825,19783675.104776397,399.0272555723336,311.72146435430597
0.028912112360274914,0.85,0.005,262.43753550315506,37.97474091098864,2.2303020914020677,0.0,261568.52051625174,6289.022098457184,19783644.43900355,399.02711705254137,311.72141024823225
0.028912112360274914,0.85,0.015,262.43753550315506,37.97475104655424,2.229976656485607,0.0,261568.61072610575,6289.0220981317825,19783675.104776397,399.0272555723336,311.72146435430597
0.028912112360274914,0.8833333333333333,-0.005,262.1442277647225,36.598959100424,2.5138159617752387,0.0,261433.9309575338,6289.02274155102,19755189.6654971,398.8986740523355,311.6712361448129
0.028912112360274914,0.8833333333333333,0.005,262.1442277647225,36.59895643879982,2.5140319484295897,0.0,261433.8664459001,6289.022741708647,19755167.699714508,398.8985746841935,311.67119732518825
0.028912112360274914,0.8833333333333333,0.015,262.1442277647225,36.598959100424,2.5138159617752387,0.0,261433.9309575338,6289.02274155102,19755189.6654971,398.8986740523355,311.6712361448129
0.028912112360274914,0.9166666666666666,-0.005,261.9496699583972,34.85270457756367,2.652418258137804,0.0,261316.20922759094,6289.023431894937,19736305.477972668,398.8134772432254,311.6379509843088
0.028912112360274914,0.9166666666666666,0.005,261.9496699583972,34.85270916012892,2.6525329511681264,0.0,261316.16809973173,6289.023431953072,19736291.428296033,398.81341361825923,311.6379261256268
0.028912112360274914,0.9166666666666666,0.015,261.9496699583972,34.85270457756367,2.652418258137804,0.0,261316.20922759094,6289.023431894937,19736305.477972668,398.8134772432254,311.6379509843088
0.028912112360274914,0.95,-0.005,261.8461545080391,32.37903013621787,2.624435082292152,0.0,261203.63769458543,6289.024560294672,19726281.826123275,398.76858986243934,311.62041270412743
0.028912112360274914,0.95,0.005,261.8461545080391,32.37903953851118,2.624481740044591,0.0,261203.61143983234,6289.0245603166995,19726272.818242062,398.7685490462503,311.6203967560835
0.028912112360274914,0.95,0.015,261.8461545080391,32.37903013621787,2.624435082292152,0.0,261203.63769458543,6289.024560294672,19726281.826123275,398.76858986243934,311.62041270412743
0.028912112360274914,0.9833333333333333,-0.005,261.8019515200449,27.702638559019306,2.3388845387307544,0.0,261050.86015565606,6289.027414953663,19722073.545586295,398.75086590347297,311.61348737334527
0.028912112360274914,0.9833333333333333,0.005,261.8019515200449,27.70265043262024,2.3388964705014064,0.0,261050.8399805005,6289.027414967011,19722066.615409806,398.75083449469713,311.61347510077206
0.028912112360274914,0.9833333333333333,0.015,261.8019515200449,27.702638559019306,2.3388845387307544,0.0,261050.86015565606,6289.027414953663,19722073.545586295,398.75086590347297,311.61348737334527
0.028912112360274914,1.0166666666666668,-0.005,261.80119250414907,8.030338717439371e-05,6.77987225872075e-06,0.0,261050.64215376295,6289.9958587010815,19751239.155762218,399.3417085667825,311.8442660459876
0.028912112360274914,1.0166666666666668,0.005,261.80043348825325,-27.70263855901949,-2.3388845387307704,0.0,261050.42415060595,6289.027416794192,19721926.21838551,398.75019892560147,311.61322676025924
0.028912112360274914,1.0166666666666668,0.015,261.80119250414907,8.030338717439371e-05,6.77987225872075e-06,0.0,261050.64215376295,6289.9958587010815,19751239.155762218,399.3417085667825,311.8442660459876
0.029637370786758304,-0.016666666666666666,-0.005,264.2754156847484,50.33644252259196,0.0,0.0,262637.5674933972,6289.019758843227,19962346.180597484,399.83129925190195,312.03536714845114
0.029637370786758304,-0.016666666666666666,0.005,264.2754156847484,50.33644252259196,0.0008343741800123849,0.0,262637.5674933972,6289.019758842357,19962346.1805709,399.8312992513695,312.03536714824344
0.029637370786758304,-0.016666666666666666,0.015,264.2754156847484,50.33644252259196,0.0,0.0,262637.5674933972,6289.019758843227,19962346.180597484,399.83129925190195,312.03536714845114
0.029637370786758304,0.016666666666666666,-0.005,264.2754156847484,50.33644252259196,-0.0008343741800123849,0.0,262637.5674933972,6289.019758842357,19962346.1805709,399.8312992513695,312.03536714824344
0.029637370786758304,0.016666666666666666,0.005,264.2754156847484,50.33650893147351,-0.0008345248052513404,0.0,262637.5546889483,6289.019758919386,19962340.671858028,399.83127455016364,312.03535750961584
0.029637370786758304,0.016666666666666666,0.015,264.2754156847484,50.33644252259196,-0.0008343741800123849,0.0,262637.5674933972,6289.019758842357,19962346.1805709,399.8312992513695,312.03536714824344
0.029637370786758304,0.05,-0.005,264.2760273981359,50.08337026418973,-0.002450625329071149,0.0,262625.0319461022,6289.019749701593,19962405.460674427,399.831561120455,312.03546933184305
0.029637370786758304,0.05,0.005,264.2760273981359,50.083435639582895,-0.0024508945108927464,0.0,262625.0190753185,6289.019749777458,19962399.952831917,399.8315364226628,312.03545969455075
0.029637370786758304,0.05,0.015,264.2760273981359,50.08337026418973,-0.002450625329071149,0.0,262625.0319461022,6289.019749701593,19962405.460674427,399.831561120455,312.03546933184305
0.029637370786758304,0.08333333333333333,-0.005,264.2768157769993,49.82248799835148,-0.003302836957946045,0.0,262612.2218265614,6289.019740583113,19962481.950686064,399.83190028295013,312.0356016759552
0.029637370786758304,0.08333333333333333,0.005,264.2768157769993,49.82255228466109,-0.0033032070556406968,0.0,262612.2088633879,6289.019740657818,19962476.435770858,399.8318755529199,312.03559202608744
0.029637370786758304,0.08333333333333333,0.015,264.2768157769993,49.82248799835148,-0.003302836957946045,0.0,262612.2218265614,6289.019740583113,19962481.950686064,399.83190028295013,312.0356016759552
0.029637370786758304,0.11666666666666667,-0.005,264.2776858375423,49.55334365259358,-0.003465849769495143,0.0,262599.09368019423,6289.019731487493,19962566.397323303,399.83227518545897,312.03574796606165
0.029637370786758304,0.11666666666666667,0.005,264.2776858375423,49.5534067934894,-0.003466224505504598,0.0,262599.08061361103,6289.0197315610385,19962560.872514714,399.83225041053316,312.03573829867975
0.029637370786758304,0.11666666666666667,0.015,264.2776858375423,49.55334365259358,-0.003465849769495143,0.0,262599.09368019423,6289.019731487493,19962566.397323303,399.83227518545897,312.03574796606165
0.029637370786758304,0.15,-0.005,264.2785260279603,49.27541997335417,-0.0030210334555422435,0.0,262585.59680706984,6289.019722419556,19962647.93908297,399.8326370551892,312.0358891706034
0.029637370786758304,0.15,0.005,264.2785260279603,49.275481914824205,-0.003021294150543488,0.0,262585.583627016,6289.019722491948,19962642.40183603,399.83261222393884,312.03587948124755
0.029637370786758304,0.15,0.015,264.2785260279603,49.27541997335417,-0.0030210334555422435,0.0,262585.59680706984,6289.019722419556,19962647.93908297,399.8326370551892,312.0358891706034
0.029637370786758304,0.18333333333333332,-0.005,264.279214954229,48.988123251992064,-0.0020440833407573663,0.0,262571.67475148896,6289.019713388036,19962714.75705353,399.83293282247683,312.03600458138146
0.029637370786758304,0.18333333333333332,0.005,264.279214954229,48.988183944987924,-0.002044095121023814,0.0,262571.6614466038,6289.019713459278,19962709.204286207,399.83290792105004,312.03599486464583
0.029637370786758304,0.18333333333333332,0.015,264.279214954229,48.988123251992064,-0.0020440833407573663,0.0,262571.67475148896,6289.019713388036,19962714.75705353,399.83293282247683,312.03600458138146
0.029637370786758304,0.21666666666666667,-0.005,264.279627012252,48.69077163138364,-0.0005932951919438468,0.0,262557.2665024559,6289.019704405289,19962754.623397276,399.83310758353423,312.0360727745338
0.029637370786758304,0.21666666666666667,0.005,264.279627012252,48.69083103324346,-0.0005929122184670287,0.0,262557.2530574631,6289.019704475388,19962749.050577298,399.83308259155586,312.03606302246635
0.029637370786758304,0.21666666666666667,0.015,264.279627012252,48.69077163138364,-0.0005932951919438468,0.0,262557.2665024559,6289.019704405289,19962754.623397276,399.83310758353423,312.0360727745338
0.029637370786758304,0.25,-0.005,264.2796347420837,48.382582764044805,0.001299509118076075,0.0,262542.30676226225,6289.019695487493,19962755.130603075,399.8331056295992,312.0360720120929
0.029637370786758304,0.25,0.005,264.2796347420837,48.382640838303935,0.0013004422763426649,0.0,262542.2931552828,6289.01969555646,19962749.530837968,399.8330805160851,312.0360622126012
0.029637370786758304,0.25,0.015,264.2796347420837,48.382582764044805,0.001299509118076075,0.0,262542.30676226225,6289.019695487493,19962755.130603075,399.8331056295992,312.0360720120929
0.029637370786758304,0.2833333333333333,-0.005,264.27910673875857,48.06265979482397,0.0036354546298317447,0.0,262526.7249073069,6289.019686655298,19962703.48818492,399.8328695335856,312.03597988555
0.029637370786758304,0.2833333333333333,0.005,264.27910673875857,48.06271650961479,0.00363710774549161,0.0,262526.7111069629,6289.019686723149,19962697.851264108,399.8328442526401,312.03597002072223
0.029637370786758304,0.2833333333333333,0.015,264.27910673875857,48.06265979482397,0.0036354546298317447,0.0,262526.7249073069,6289.019686655298,19962703.48818492,399.8328695335856,312.03597988555
0.029637370786758304,0.31666666666666665,-0.005,264.2779003023097,47.72997409904927,0.006454744904106634,0.0,262510.44234298833,6289.01967793527,19962585.807473928,399.83233693801634,312.0357720624214
0.029637370786758304,0.31666666666666665,0.005,264.2779003023097,47.730029424560456,0.006457315862439665,0.0,262510.4283045171,6289.019678002026,19962580.11858835,399.83231142308176,312.0357621062827
0.029637370786758304,0.31666666666666665,0.015,264.2779003023097,47.72997409904927,0.006454744904106634,0.0,262510.44234298833,6289.01967793527,19962585.807473928,399.83233693801634,312.0357720624214
0.029637370786758304,0.35,-0.005,264.2758468589663,47.3833429282885,0.009847133172793914,0.0,262493.36761893413,6289.0196693625085,19962385.68328483,399.8314341855295,312.03541980073294
0.029637370786758304,0.35,0.005,264.2758468589663,47.38339683355182,0.009850877093354589,0.0,262493.35327742307,6289.019669428201,19962379.920775272,399.83140833927223,312.035409715298
0.029637370786758304,0.35,0.015,264.2758468589663,47.3833429282885,0.009847133172793914,0.0,262493.36761893413,6289.0196693625085,19962385.68328483,399.8314341855295,312.03541980073294
0.029637370786758304,0.38333333333333336,-0.005,264.2727245911624,47.021399809528035,0.013975566098834066,0.0,262475.3876384795,6289.019660985423,19962081.531651348,399.8300643632779,312.0348852836954
0.029637370786758304,0.38333333333333336,0.005,264.2727245911624,47.02145225815977,0.013980854498214608,0.0,262475.37289520574,6289.019661050102,19962075.662423078,399.8300380369917,312.03487501093133
0.029637370786758304,0.38333333333333336,0.015,264.2727245911624,47.021399809528035,0.013975566098834066,0.0,262475.3876384795,6289.019660985423,19962081.531651348,399.8300643632779,312.0348852836954
0.029637370786758304,0.4166666666666667,-0.005,264.26820487446656,46.64255479730225,0.01913040335912785,0.0,262456.3510344647,6289.019652875714,19961641.380258996,399.8280839081278,312.03411249055665
0.029637370786758304,0.4166666666666667,0.005,264.26820487446656,46.642605740722914,0.01913784433921129,0.0,262456.3357283897,6289.019652939464,19961635.350176338,399.8280568585875,312.03410193554595
0.029637370786758304,0.4166666666666667,0.015,264.26820487446656,46.64255479730225,0.01913040335912785,0.0,262456.3510344647,6289.019652875714,19961641.380258996,399.8280839081278,312.03411249055665
0.029637370786758304,0.45,-0.005,264.2617443271375,46.24494004940527,0.025848200266414736,0.0,262436.03550053557,6289.019645150794,19961012.369043764,399.82525545588106,312.03300879726584
0.029637370786758304,0.45,0.005,264.2617443271375,46.24498941433846,0.025858877063895475,0.0,262436.01935067365,6289.0196452137725,19961006.083487455,399.82522725800857,312.03299779412504
0.029637370786758304,0.45,0.015,264.2617443271375,46.24494004940527,0.025848200266414736,0.0,262436.03550053557,6289.019645150794,19961012.369043764,399.82525545588106,312.03300879726584
0.029637370786758304,0.48333333333333334,-0.005,264.2523705942245,45.82633324308898,0.03515618338071283,0.0,262414.08399665187,6289.019638030613,19960099.913845446,399.8211542672155,312.0314084612401
0.029637370786758304,0.48333333333333334,0.005,264.2523705942245,45.82638090778579,0.03517210007485848,0.0,262414.06649346557,6289.0196380931675,19960093.201067656,399.8211241494666,312.0313967088807
0.029637370786758304,0.48333333333333334,0.015,264.2523705942245,45.82633324308898,0.03515618338071283,0.0,262414.08399665187,6289.019638030613,19960099.913845446,399.8211542672155,312.0314084612401
0.029637370786758304,0.5166666666666667,-0.005,264.23828181775417,45.38404686215046,0.04903620111868954,0.0,262389.8865512522,6289.019631990197,19958728.744335476,399.8149932448623,312.02900433646096
0.029637370786758304,0.5166666666666667,0.005,264.23828181775417,45.38409261377897,0.049061035902810024,0.0,262389.8667724872,6289.019632053157,19958721.293331746,399.8149598101105,312.02899128966095
0.029637370786758304,0.5166666666666667,0.015,264.23828181775417,45.38404686215046,0.04903620111868954,0.0,262389.8865512522,6289.019631990197,19958728.744335476,399.8149932448623,312.02900433646096
0.029637370786758304,0.55,-0.005,264.21616943748273,44.91476617700016,0.07121379123085463,0.0,262362.3813175639,6289.019628181456,19956577.02518731,399.80532703822735,312.0252323980479
0.029637370786758304,0.55,0.005,264.21616943748273,44.91480964435051,0.0712539882684099,0.0,262362.3576610666,6289.01962824693,19956568.29557814,399.8052878587986,312.0252171093938
0.029637370786758304,0.55,0.015,264.21616943748273,44.91476617700016,0.07121379123085463,0.0,262362.3813175639,6289.019628181456,19956577.02518731,399.80532703822735,312.0252323980479
0.029637370786758304,0.5833333333333334,-0.005,264.1802362897399,44.414316034126905,0.10830454830948112,0.0,262329.7664676222,6289.019629565247,19953080.84318543,399.78962294588837,312.01910426411723
0.029637370786758304,0.5833333333333334,0.005,264.1802362897399,44.41435660197397,0.10837053274150558,0.0,262329.73635437567,6289.019629638591,19953069.965027224,399.78957411298205,312.0190852080947
0.029637370786758304,0.5833333333333334,0.015,264.1802362897399,44.414316034126905,0.10830454830948112,0.0,262329.7664676222,6289.019629565247,19953080.84318543,399.78962294588837,312.01910426411723
0.029637370786758304,0.6166666666666667,-0.005,264.12110294231445,43.877342877099466,0.1710898886444296,0.0,262289.178366013,6289.019643648219,19947327.87862613,399.7637828287923,312.0090205350606
0.029637370786758304,0.6166666666666667,0.005,264.12110294231445,43.87737961898754,0.17119669796119538,0.0,262289.13808766,6289.019643742101,19947313.60078081,399.7637187189338,312.0089955167175
0.029637370786758304,0.6166666666666667,0.015,264.12110294231445,43.877342877099466,0.1710898886444296,0.0,262289.178366013,6289.019643648219,19947327.87862613,399.7637828287923,312.0090205350606
0.029637370786758304,0.65,-0.005,264.02523569885614,43.296920363709525,0.27517570460455354,0.0,262236.51878449984,6289.019687874751,19938002.005320385,399.72189243178883,311.9926727257825
0.029637370786758304,0.65,0.005,264.02523569885614,43.29695207710125,0.2753417185896865,0.0,262236.4638197139,6289.019688015105,19937982.80156137,399.72180617912477,311.9926390646282
0.029637370786758304,0.65,0.015,264.02523569885614,43.296920363709525,0.27517570460455354,0.0,262236.51878449984,6289.019687874751,19938002.005320385,399.72189243178883,311.9926727257825
0.029637370786758304,0.6833333333333333,-0.005,263.8760788553704,42.664118800063655,0.4396392839724844,0.0,262166.77180986037,6289.01979678954,19923494.011591863,399.65671351594864,311.9672348230999
0.029637370786758304,0.6833333333333333,0.005,263.8760788553704,42.664144263219626,0.4398815265569944,0.0,262166.6979828217,6289.019797018314,19923468.470453583,399.65659875435637,311.96719003233574
0.029637370786758304,0.6833333333333333,0.015,263.8760788553704,42.664118800063655,0.4396392839724844,0.0,262166.77180986037,6289.01979678954,19923494.011591863,399.65671351594864,311.9672348230999
0.029637370786758304,0.7166666666666667,-0.005,263.658267587702,41.96757974947998,0.6820335125534709,0.0,262075.20339479996,6289.020023749761,19902312.218228836,399.5615177281102,311.9300782655174
0.029637370786758304,0.7166666666666667,0.005,263.658267587702,41.96759827847615,0.6823590711413932,0.0,262075.1089784671,6289.0200241119,19902279.75238938,399.5613717656022,311.9300212904351
0.029637370786758304,0.7166666666666667,0.015,263.658267587702,41.96757974947998,0.6820335125534709,0.0,262075.20339479996,6289.020023749761,19902312.218228836,399.5615177281102,311.9300782655174
0.029637370786758304,0.75,-0.005,263.3653491079464,41.19301418832488,1.009211767456946,0.0,261959.55471772325,6289.0204227462455,19873833.728054635,399.43344924079,311.880083942859
0.029637370786758304,0.75,0.005,263.3653491079464,41.19302638897971,1.0096077821648026,0.0,261959.44286350362,6289.020423251559,19873795.396510348,399.4332767516899,311.88001660257873
0.029637370786758304,0.75,0.015,263.3653491079464,41.19301418832488,1.009211767456946,0.0,261959.55471772325,6289.0204227462455,19873833.728054635,399.43344924079,311.880083942859
0.029637370786758304,0.7833333333333333,-0.005,263.0088340946465,40.3221660349919,1.4064694288691661,0.0,261822.58159278298,6289.021004787707,19839183.00531674,399.27747723681,311.81918604931326
0.029637370786758304,0.7833333333333333,0.005,263.0088340946465,40.32217434813921,1.4068977866392933,0.0,261822.46157533102,6289.021005369385,19839141.938155998,399.2772922057992,311.81911379852374
0.029637370786758304,0.7833333333333333,0.015,263.0088340946465,40.3221660349919,1.4064694288691661,0.0,261822.58159278298,6289.021004787707,19839183.00531674,399.27747723681,311.81918604931326
0.029637370786758304,0.8166666666666667,-0.005,262.6230511010213,39.330038015022424,1.831420141725308,0.0,261673.32858049238,6289.021701701917,19801700.036122814,399.10854961998456,311.7532163319786
0.029637370786758304,0.8166666666666667,0.005,262.6230511010213,39.330046469487996,1.8318240750873613,0.0,261673.21412557334,6289.021702229168,19801660.87240311,399.1083728923439,311.7531473088813
0.029637370786758304,0.8166666666666667,0.015,262.6230511010213,39.330038015022424,1.831420141725308,0.0,261673.32858049238,6289.021701701917,19801700.036122814,399.10854961998456,311.7532163319786
0.029637370786758304,0.85,-0.005,262.25924013212114,38.177892701122566,2.220244262795026,0.0,261525.2231774049,6289.022398725736,19766363.018182263,398.94908425409454,311.69092900740384
0.029637370786758304,0.85,0.005,262.25924013212114,38.177905567140535,2.2205686191046867,0.0,261525.12750149317,6289.022399091347,19766330.226942785,398.9489360409186,311.6908711094056
0.029637370786758304,0.85,0.015,262.25924013212114,38.177892701122566,2.220244262795026,0.0,261525.2231774049,6289.022398725736,19766363.018182263,398.94908425409454,311.69092900740384
0.029637370786758304,0.8833333333333333,-0.005,261.96720759722217,36.796674715855644,2.5080187119865824,0.0,261390.39694063182,6289.023041126163,19738006.994808763,398.8210008019055,311.64089047292606
0.029637370786758304,0.8833333333333333,0.005,261.96720759722217,36.79669459325136,2.5082343819199955,0.0,261390.3268418604,6289.023041323326,19737982.87390262,398.8208916220727,311.64084781606675
0.029637370786758304,0.8833333333333333,0.015,261.96720759722217,36.796674715855644,2.5080187119865824,0.0,261390.39694063182,6289.023041126163,19738006.994808763,398.8210008019055,311.64089047292606
0.029637370786758304,0.9166666666666666,-0.005,261.77315659112026,35.04483874649571,2.6516141787278094,0.0,261272.26562550172,6289.023731316669,19719175.69862163,398.7359858325468,311.60767312383666
0.029637370786758304,0.9166666666666666,0.005,261.77315659112026,35.04486542465125,2.651729264153174,0.0,261272.2188031014,6289.023731412679,19719159.47107694,398.73591230902986,311.6076443949359
0.029637370786758304,0.9166666666666666,0.015,261.77315659112026,35.04483874649571,2.6516141787278094,0.0,261272.26562550172,6289.023731316669,19719175.69862163,398.7359858325468,311.60767312383666
0.029637370786758304,0.95,-0.005,261.6694373189208,32.56548296044295,2.629650716022877,0.0,261158.97653555963,6289.024859561005,19709134.189844515,398.6909866550116,311.59008945301304
0.029637370786758304,0.95,0.005,261.6694373189208,32.56551402021215,2.629698395070818,0.0,261158.9444907166,6289.02485961882,19709122.991891462,398.69093589537056,311.59006961784985
0.029637370786758304,0.95,0.015,261.6694373189208,32.56548296044295,2.629650716022877,0.0,261158.97653555963,6289.024859561005,19709134.189844515,398.6909866550116,311.59008945301304
0.029637370786758304,0.9833333333333333,-0.005,261.6244292339006,27.88337208730535,2.3510992597419804,0.0,261004.94351299162,6289.027711945967,19704848.442075852,398.6728970719781,311.58302057144624
0.029637370786758304,0.9833333333333333,0.005,261.6244292339006,27.883405041275644,2.351112777361536,0.0,261004.91742574098,6289.027711993489,19704839.31902123,398.67285571080305,311.58300440852133
0.029637370786758304,0.9833333333333333,0.015,261.6244292339006,27.88337208730535,2.3510992597419804,0.0,261004.94351299162,6289.027711945967,19704848.442075852,398.6728970719781,311.58302057144624
0.029637370786758304,1.0166666666666666,-0.005,261.6222736980658,0.00022979801242275404,1.9376348571118308e-05,0.0,261004.3227344939,6290.008997986359,19734240.36389241,399.2708515258366,311.8165988355438
0.029637370786758304,1.0166666666666666,0.005,261.620118162231,-27.883372087305165,-2.351099259741965,0.0,261003.7019457639,6289.027711618587,19704429.78097722,398.6709977869432,311.5822783769338
0.029637370786758304,1.0166666666666666,0.015,261.6222736980658,0.00022979801242275404,1.9376348571118308e-05,0.0,261004.3227344939,6290.008997986359,19734240.36389241,399.2708515258366,311.8165988355438
0.030362629213241697,-0.016666666666666666,-0.005,264.1282192099054,50.51367945143206,-0.0009036872913029624,0.0,262604.4901174909,6289.019924152751,19948020.40030442,399.76702756215866,312.01028676285404
0.030362629213241697,-0.016666666666666666,0.005,264.0546209724839,50.60237201617812,-0.0009383728258082235,0.0,262587.93760034116,6289.019949025187,19940856.610227164,399.7348468061452,311.99772828717397
0.030362629213241697,-0.016666666666666666,0.015,264.1282192099054,50.51367945143206,-0.0009036872913029624,0.0,262604.4901174909,6289.019924152751,19948020.40030442,399.76702756215866,312.01028676285404
0.030362629213241697,0.016666666666666666,-0.005,264.0546209724839,50.60237201617812,-0.0017734446865934645,0.0,262587.93760034116,6289.019949022355,19940856.61014076,399.73484680441305,311.997728286498
0.030362629213241697,0.016666666666666666,0.005,263.83382626021944,50.86874660782036,-0.0027140869573717957,0.0,262538.2246395191,6289.019791762062,19919361.63395477,399.63812446610723,311.9599795441116
0.030362629213241697,0.016666666666666666,0.015,264.0546209724839,50.60237201617812,-0.0017734446865934645,0.0,262587.93760034116,6289.019949022355,19940856.61014076,399.73484680441305,311.997728286498
0.030362629213241697,0.05,-0.005,264.05478271639066,50.348400960549746,-0.005121571986993859,0.0,262575.15930341894,6289.019935785978,19940871.95505378,399.73490949153705,311.9977527505141
0.030362629213241697,0.05,0.005,263.8335380346454,50.613876155011965,-0.007796998241947515,0.0,262525.2030164813,6289.019774907036,19919333.07965671,399.63798802980165,311.9599262925972
0.030362629213241697,0.05,0.015,264.05478271639066,50.348400960549746,-0.005121571986993859,0.0,262575.15930341894,6289.019935785978,19940871.95505378,399.73490949153705,311.9977527505141
0.030362629213241697,0.08333333333333333,-0.005,264.05522828035055,50.086735532249286,-0.007406942590888412,0.0,262562.1414647448,6289.0199229774635,19940914.950412128,399.7350966539354,311.99782579172154
0.030362629213241697,0.08333333333333333,0.005,263.8336407837018,50.351426937157655,-0.01151794211414584,0.0,262511.9769802102,6289.019758885541,19919342.611281827,399.63802330610895,311.9599400610505
0.030362629213241697,0.08333333333333333,0.015,264.05522828035055,50.086735532249286,-0.007406942590888412,0.0,262562.1414647448,6289.0199229774635,19940914.950412128,399.7350966539354,311.99782579172154
0.030362629213241697,0.11666666666666667,-0.005,264.0558668896425,49.81692776925861,-0.00870336623823877,0.0,262548.84181918367,6289.0199105879865,19940976.75372242,399.7353685451582,311.99793189881177
0.030362629213241697,0.11666666666666667,0.005,263.8340479417427,50.08095510418314,-0.01394968962206795,0.0,262498.5054593701,6289.019743688907,19919381.797200963,399.6381923638041,311.96000604479053
0.030362629213241697,0.11666666666666667,0.015,264.0558668896425,49.81692776925861,-0.00870336623823877,0.0,262548.84181918367,6289.0199105879865,19940976.75372242,399.7353685451582,311.99793189881177
0.030362629213241697,0.15,-0.005,264.056583007864,49.53845472267265,-0.009112296553862814,0.0,262535.2079889661,6289.019898583578,19941046.11637016,399.7356745929279,311.9980513356448
0.030362629213241697,0.15,0.005,263.8346399877677,49.80193201273099,-0.015213807849750955,0.0,262484.73439459264,6289.019729251673,19919439.002092924,399.63844283367723,311.9601038039292
0.030362629213241697,0.15,0.015,264.056583007864,49.53845472267265,-0.009112296553862814,0.0,262535.2079889661,6289.019898583578,19941046.11637016,399.7356745929279,311.9980513356448
0.030362629213241697,0.18333333333333332,-0.005,264.05724336139804,49.25070753161036,-0.008748550283788365,0.0,262521.179088438,6289.019886909566,19941110.063263103,399.7359564561842,311.99816133429744
0.030362629213241697,0.18333333333333332,0.005,263.83527176856705,49.51373364975523,-0.01546429852591284,0.0,262470.5984586503,6289.019715460437,19919500.095393438,399.63871110000196,311.96020850904193
0.030362629213241697,0.18333333333333332,0.015,264.05724336139804,49.25070753161036,-0.008748550283788365,0.0,262521.179088438,6289.019886909566,19941110.063263103,399.7359564561842,311.99816133429744
0.030362629213241697,0.21666666666666667,-0.005,264.0577052152097,48.95298285120809,-0.0077211509598823225,0.0,262506.6878500495,6289.0198755014935,19941154.699076828,399.73615165392937,311.9982375112452
0.030362629213241697,0.21666666666666667,0.005,263.83578341816735,49.21563518187911,-0.014860997726887268,0.0,262456.0241105435,6289.01970217634,19919549.515187893,399.6389270971095,311.9602928133044
0.030362629213241697,0.21666666666666667,0.015,264.0577052152097,48.95298285120809,-0.0077211509598823225,0.0,262506.6878500495,6289.0198755014935,19941154.699076828,399.73615165392937,311.9982375112452
0.030362629213241697,0.25,-0.005,264.0578225343613,48.64447499748938,-0.006114527961353545,0.0,262491.662213172,6289.019864298745,19941165.80859524,399.73619626958396,311.9982549227367
0.030362629213241697,0.25,0.005,263.8360103266389,48.90680758713005,-0.013541031302661882,0.0,262440.932508288,6289.0196892630365,19919571.239482373,399.6390186915154,311.96032856284495
0.030362629213241697,0.25,0.015,264.0578225343613,48.64447499748938,-0.006114527961353545,0.0,262491.662213172,6289.019864298745,19941165.80859524,399.73619626958396,311.9982549227367
0.030362629213241697,0.2833333333333333,-0.005,264.0574472679897,48.324265890340094,-0.003973866337684387,0.0,262476.0254455579,6289.019853255909,19941128.982116397,399.7360255193437,311.9981882865611
0.030362629213241697,0.2833333333333333,0.005,263.8357877972208,48.58631155834984,-0.011595973124222812,0.0,262425.24079432286,6289.019676609679,19919549.240182377,399.6389137343414,311.96028759778005
0.030362629213241697,0.2833333333333333,0.015,264.0574472679897,48.324265890340094,-0.003973866337684387,0.0,262476.0254455579,6289.019853255909,19941128.982116397,399.7360255193437,311.9981882865611
0.030362629213241697,0.31666666666666665,-0.005,264.05642393663527,47.99131003909849,-0.0012946085834208993,0.0,262459.6941546791,6289.019842349289,19941029.089039426,399.73557138834275,311.99801105949035
0.030362629213241697,0.31666666666666665,0.005,263.83494757096076,48.25308473632584,-0.009056972468477458,0.0,262408.86076518433,6289.019664143175,19919467.1454017,399.6385385471395,311.9601411611709
0.030362629213241697,0.31666666666666665,0.015,264.05642393663527,47.99131003909849,-0.0012946085834208993,0.0,262459.6941546791,6289.019842349289,19941029.089039426,399.73557138834275,311.99801105949035
0.030362629213241697,0.35,-0.005,264.05457547255577,47.644412620604406,0.0019885611766862162,0.0,262442.5735295494,6289.019831579566,19940848.900538262,399.7347564401376,311.99769302130846
0.030362629213241697,0.35,0.005,263.83330408614523,47.905920220142505,-0.005883192454572679,0.0,262391.69424031477,6289.019651831225,19919306.90313474,399.63781191078493,311.95985755278366
0.030362629213241697,0.35,0.015,264.05457547255577,47.644412620604406,0.0019885611766862162,0.0,262442.5735295494,6289.019831579566,19940848.900538262,399.7347564401376,311.99769302130846
0.030362629213241697,0.38333333333333336,-0.005,264.051675274082,47.28219910078709,0.00602347887560957,0.0,262424.5483283494,6289.019820973225,19940566.371703308,399.7334815996938,311.99719550690907
0.030362629213241697,0.38333333333333336,0.005,263.83062595700164,47.54343541110583,-0.0019419335896586638,0.0,262373.6238272383,6289.0196396805395,19919046.007837813,399.636632586821,311.9593972584919
0.030362629213241697,0.38333333333333336,0.015,264.051675274082,47.28219910078709,0.00602347887560957,0.0,262424.5483283494,6289.019820973225,19940566.371703308,399.7334815996938,311.99719550690907
0.030362629213241697,0.4166666666666667,-0.005,264.0473927172517,46.90307423178191,0.01109201570007886,0.0,262405.4659035689,6289.019810588372,19940149.34298009,399.73160233719307,311.99646211160194
0.030362629213241697,0.4166666666666667,0.005,263.82658056003686,47.1640297546855,0.0030401724314237655,0.0,262354.49559508695,6289.019627738545,19918652.11292362,399.63485507942136,311.95870348981754
0.030362629213241697,0.4166666666666667,0.015,264.0473927172517,46.90307423178191,0.01109201570007886,0.0,262405.4659035689,6289.019810588372,19940149.34298009,399.73160233719307,311.99646211160194
0.030362629213241697,0.45,-0.005,264.0411843972538,46.50516638541752,0.01772643185664147,0.0,262385.1032056377,6289.019800532899,19939544.964478187,399.7288811332639,311.9954001397207
0.030362629213241697,0.45,0.005,263.82062446737007,46.765827831484145,0.009591083487404402,0.0,262334.0857496685,6289.019616107444,19918072.37883016,399.6322417162682,311.95768348029696
0.030362629213241697,0.45,0.015,264.0411843972538,46.50516638541752,0.01772643185664147,0.0,262385.1032056377,6289.019800532899,19939544.964478187,399.7288811332639,311.9954001397207
0.030362629213241697,0.48333333333333334,-0.005,264.03207945302665,46.086249902548076,0.02695218406167383,0.0,262363.1027467079,6289.019791017487,19938658.819759723,399.7248936464338,311.9938439841482
0.030362629213241697,0.48333333333333334,0.005,263.8117883118289,46.34660063918809,0.01873448354739809,0.0,262312.0363548678,6289.019604993662,19917212.556989256,399.6283685574224,311.9561717596915
0.030362629213241697,0.48333333333333334,0.015,264.03207945302665,46.086249902548076,0.02695218406167383,0.0,262363.1027467079,6289.019791017487,19938658.819759723,399.7248936464338,311.9938439841482
0.030362629213241697,0.5166666666666667,-0.005,264.0182789952239,45.643633398757835,0.04075107399134703,0.0,262338.85424487595,6289.01978250386,19937315.96881652,399.71885360635883,311.99148678489746
0.030362629213241697,0.5166666666666667,0.005,263.7982761726937,45.90365291599988,0.032452127581814594,0.0,262287.73681852117,6289.0195948524315,19915898.037898898,399.6224501648824,311.95386175612225
0.030362629213241697,0.5166666666666667,0.015,264.0182789952239,45.643633398757835,0.04075107399134703,0.0,262338.85424487595,6289.01978250386,19937315.96881652,399.71885360635883,311.99148678489746
0.030362629213241697,0.55,-0.005,263.99647925293266,45.17399661763602,0.0628503890465401,0.0,262311.2955673617,6289.019776121272,19935195.11840578,399.70931689309487,311.9877649300604
0.030362629213241697,0.55,0.005,263.7767890683826,45.43365886568042,0.05447305570886659,0.0,262260.1247221939,6289.0195867999355,19913808.0706818,399.6130436571952,311.95019027361985
0.030362629213241697,0.55,0.015,263.99647925293266,45.17399661763602,0.0628503890465401,0.0,262311.2955673617,6289.019776121272,19935195.11840578,399.70931689309487,311.9877649300604
0.030362629213241697,0.5833333333333334,-0.005,263.9608902510911,44.67315568652477,0.09987031507331295,0.0,262278.6244919379,6289.019774792087,19931733.18785836,399.6937524384983,311.98169055742346
0.030362629213241697,0.5833333333333334,0.005,263.74154421244225,44.932425877507384,0.09142205283190051,0.0,262227.3974497129,6289.019583733891,19910380.40767275,399.597619610816,311.944169973847
0.030362629213241697,0.5833333333333334,0.015,263.9608902510911,44.67315568652477,0.09987031507331295,0.0,262278.6244919379,6289.019774792087,19931733.18785836,399.6937524384983,311.98169055742346
0.030362629213241697,0.6166666666666667,-0.005,263.9021425285006,44.13574305071284,0.16260192759352862,0.0,262237.9766365186,6289.019785964248,19926019.04251067,399.6680640284099,311.9716648285588
0.030362629213241697,0.6166666666666667,0.005,263.68318211468664,44.39457237124304,0.15409986987131308,0.0,262186.6898720027,6289.019593063407,19904705.099985883,399.57208375240754,311.9342025853669
0.030362629213241697,0.6166666666666667,0.015,263.9021425285006,44.13574305071284,0.16260192759352862,0.0,262237.9766365186,6289.019785964248,19926019.04251067,399.6680640284099,311.9716648285588
0.030362629213241697,0.65,-0.005,263.8067144434022,43.55481064014023,0.2666694156348268,0.0,262185.2521995233,6289.019827009894,19916738.038171515,399.62633918496977,311.9553796787046
0.030362629213241697,0.65,0.005,263.58819318794826,43.81312851166436,0.25814902280869617,0.0,262133.90061196155,6289.019632115732,19895468.986552883,399.53052540235115,311.91798047125576
0.030362629213241697,0.65,0.015,263.8067144434022,43.55481064014023,0.2666694156348268,0.0,262185.2521995233,6289.019827009894,19916738.038171515,399.62633918496977,311.9553796787046
0.030362629213241697,0.6833333333333333,-0.005,263.6580613226355,42.92139724659333,0.4311816768714302,0.0,262115.43205500636,6289.019932421065,19902282.412990656,399.56134026274026,311.93000899359
0.030362629213241697,0.6833333333333333,0.005,263.44004378990064,43.17910152974907,0.42271007108948694,0.0,262064.00732471695,6289.01973536478,19881065.756917976,399.4657075330567,311.89267742470315
0.030362629213241697,0.6833333333333333,0.015,263.6580613226355,42.92139724659333,0.4311816768714302,0.0,262115.43205500636,6289.019932421065,19902282.412990656,399.56134026274026,311.93000899359
0.030362629213241697,0.7166666666666667,-0.005,263.4408216974789,42.22410279467856,0.6737412198091692,0.0,262023.7761531374,6289.020155591728,19881161.161500916,399.46633653907435,311.892922980567
0.030362629213241697,0.7166666666666667,0.005,263.2233758072558,42.48104966142464,0.6654352267271822,0.0,261972.26394455446,6289.019956279514,19860005.081292067,399.37089707513076,311.8556624296471
0.030362629213241697,0.7166666666666667,0.015,263.4408216974789,42.22410279467856,0.6737412198091692,0.0,262023.7761531374,6289.020155591728,19881161.161500916,399.46633653907435,311.892922980567
0.030362629213241697,0.75,-0.005,263.1485288409617,41.448589197087486,1.0012715820004836,0.0,261908.0156499011,6289.020550721182,19852750.17342191,399.33846466039375,311.8429994669657
0.030362629213241697,0.75,0.005,262.93170857397706,41.70458571309462,0.9933183011881445,0.0,261856.39158123886,6289.020349302152,19831661.638313048,399.2432231616287,311.8058102548551
0.030362629213241697,0.75,0.015,263.1485288409617,41.448589197087486,1.0012715820004836,0.0,261908.0156499011,6289.020550721182,19852750.17342191,399.33846466039375,311.8429994669657
0.030362629213241697,0.7833333333333333,-0.005,262.7926538009498,40.57654968051963,1.3991561990430013,0.0,261770.8916246014,6289.021129208395,19818169.79363365,399.18267972329187,311.78216738443365
0.030362629213241697,0.7833333333333333,0.005,262.57647350725307,40.83135219578854,1.3918309272057308,0.0,261719.11654338703,6289.020926243999,19797151.655167364,399.08762679734247,311.7450445667421
0.030362629213241697,0.7833333333333333,0.015,262.7926538009498,40.57654968051963,1.3991561990430013,0.0,261770.8916246014,6289.021129208395,19818169.79363365,399.18267972329187,311.78216738443365
0.030362629213241697,0.8166666666666667,-0.005,262.40746085416185,39.58294097099721,1.8251043644020573,0.0,261621.4298776532,6289.021823290455,19780752.977525465,399.0139105048899,311.7162517044315
0.030362629213241697,0.8166666666666667,0.005,262.19187060730235,39.83625983085714,1.8187782006587818,0.0,261569.4458263764,6289.021619758786,19759801.05746622,398.91901760871036,311.67918355218364
0.030362629213241697,0.8166666666666667,0.015,262.40746085416185,39.58294097099721,1.8251043644020573,0.0,261621.4298776532,6289.021823290455,19780752.977525465,399.0139105048899,311.7162517044315
0.030362629213241697,0.85,-0.005,262.0441203473103,38.42898553926889,2.2153820607439187,0.0,261473.03767964838,6289.022518328915,19745469.986387715,398.85455739990687,311.65400085088527
0.030362629213241697,0.85,0.005,261.82900056249946,38.68049097409421,2.2105118691044447,0.0,261420.7664304891,6289.022315341046,19724572.1703049,398.7597784977728,311.6169698348394
0.030362629213241697,0.85,0.015,262.0441203473103,38.42898553926889,2.2153820607439187,0.0,261473.03767964838,6289.022518328915,19745469.986387715,398.85455739990687,311.65400085088527
0.030362629213241697,0.8833333333333333,-0.005,261.75240358502833,37.04558200891076,2.505122465805708,0.0,261337.82842893188,6289.023159249623,19717151.311698478,398.7265370396802,311.6039810394668
0.030362629213241697,0.8833333333333333,0.005,261.53759957283444,37.29489816163427,2.502221462197926,0.0,261285.1735672339,6289.022957631483,19696290.93358633,398.6318230877458,311.5669694606007
0.030362629213241697,0.8833333333333333,0.015,261.75240358502833,37.04558200891076,2.505122465805708,0.0,261337.82842893188,6289.023159249623,19717151.311698478,398.7265370396802,311.6039810394668
0.030362629213241697,0.9166666666666666,-0.005,261.5585692524272,35.29109651549533,2.651212468861912,0.0,261219.20292066192,6289.023847883157,19698345.47052569,398.64156668570104,311.57077719064176
0.030362629213241697,0.9166666666666666,0.005,261.3439819137342,35.537758683031434,2.6508100993178147,0.0,261166.05307753506,6289.023648080641,19677510.650864992,398.5468994887963,311.5337799406105
0.030362629213241697,0.9166666666666666,0.015,261.5585692524272,35.29109651549533,2.651212468861912,0.0,261219.20292066192,6289.023847883157,19698345.47052569,398.64156668570104,311.57077719064176
0.030362629213241697,0.95,-0.005,261.4552181390068,32.8083943298781,2.632256396225876,0.0,261105.28915477142,6289.024974140018,19688342.00505468,398.5967017584704,311.55324390417593
0.030362629213241697,0.95,0.005,261.2409989590928,33.05170407481609,2.6348663497536013,0.0,261051.51372648933,6289.024776863748,19667545.353915747,398.50217173757136,311.51629818827985
0.030362629213241697,0.95,0.015,261.4552181390068,32.8083943298781,2.632256396225876,0.0,261105.28915477142,6289.024974140018,19688342.00505468,398.5967017584704,311.55324390417593
0.030362629213241697,0.9833333333333333,-0.005,261.41169850207393,28.1211994406617,2.3572016502491278,0.0,260950.40296596262,6289.027823196357,19684201.585404616,398.57925412311977,311.5464250734445
0.030362629213241697,0.9833333333333333,0.005,261.1989677702472,28.359414183707337,2.3633139807532064,0.0,260895.77357950763,6289.0276308647235,19663550.445819955,398.4853718481234,311.5097317315571
0.030362629213241697,0.9833333333333333,0.015,261.41169850207393,28.1211994406617,2.3572016502491278,0.0,260950.40296596262,6289.027823196357,19684201.585404616,398.57925412311977,311.5464250734445
0.030362629213241697,1.0166666666666668,-0.005,261.48117172212625,9.443089102769392,0.7869340542030278,0.0,260968.17873316276,6289.907915348883,19717473.072390396,399.14688135674515,311.7681868898847
0.030362629213241697,1.0166666666666668,0.005,261.4095429662391,0.21536840769239932,0.004208558624936406,0.0,260949.78123243237,6290.02599936531,19714071.898305044,399.1873812787976,311.78400345714414
0.030362629213241697,1.0166666666666668,0.015,261.48117172212625,9.443089102769392,0.7869340542030278,0.0,260968.17873316276,6289.907915348883,19717473.072390396,399.14688135674515,311.7681868898847
