RHEA: START SIMULATION
----------------------------------------------------------------------------------------------
Time iteration 0: delta_t = 2.0027576931858724e-08 [s], time = 0.0 [s]
----------------------------------------------------------------------------------------------
P_inlet = 150.0 [bar], T_inlet = 600.0 [K], V_inlet = 100.0 [m/s]
P_outlet = 150.0 [bar], T_outlet = 600.0 [K], Ma_outlet = 0.20027576931858726
u_g_inlet = 100.0 [m/s], u_in_inlet = 100.0 [m/s]
----------------------------------------------------------------------------------------------
----------------------------------------------------------------------------------------------
Time iteration 1: delta_t = 1.9983805028029243e-08 [s], time = 2.0027576931858724e-08 [s]
----------------------------------------------------------------------------------------------
P_inlet = 147.9111614802245 [bar], T_inlet = 597.5888547587274 [K], V_inlet = 99.99031770678687 [m/s]
P_outlet = 149.99999999999997 [bar], T_outlet = 599.9999999999999 [K], Ma_outlet = 0.20027576931858726
u_g_inlet = -1.006411633742426 [m/s], u_in_inlet = 100.0 [m/s]
----------------------------------------------------------------------------------------------
----------------------------------------------------------------------------------------------
Time iteration 2: delta_t = 1.9947381343554597e-08 [s], time = 4.001138195988797e-08 [s]
----------------------------------------------------------------------------------------------
P_inlet = 147.90634113476415 [bar], T_inlet = 597.583409723418 [K], V_inlet = 99.9589969172654 [m/s]
P_outlet = 149.99999999999997 [bar], T_outlet = 599.9999999999999 [K], Ma_outlet = 0.20027576931858726
u_g_inlet = -1.002427302034978 [m/s], u_in_inlet = 99.96386613570563 [m/s]
----------------------------------------------------------------------------------------------
----------------------------------------------------------------------------------------------
Time iteration 3: delta_t = 1.9924732144043738e-08 [s], time = 5.995876330344257e-08 [s]
----------------------------------------------------------------------------------------------
P_inlet = 147.901366933358 [bar], T_inlet = 597.5778204038304 [K], V_inlet = 99.93023843743404 [m/s]
P_outlet = 149.99999999999997 [bar], T_outlet = 599.9999999999999 [K], Ma_outlet = 0.20027576931858726
u_g_inlet = -0.9987047683254577 [m/s], u_in_inlet = 99.93213147397775 [m/s]
----------------------------------------------------------------------------------------------
----------------------------------------------------------------------------------------------
Time iteration 4: delta_t = 1.99106482127224e-08 [s], time = 7.988349544748631e-08 [s]
----------------------------------------------------------------------------------------------
P_inlet = 147.89644185423705 [bar], T_inlet = 597.5722860369627 [K], V_inlet = 99.90161839677644 [m/s]
P_outlet = 149.99999999999997 [bar], T_outlet = 599.9999999999999 [K], Ma_outlet = 0.20027576931858726
u_g_inlet = -0.9950375215127669 [m/s], u_in_inlet = 99.89979397394052 [m/s]
----------------------------------------------------------------------------------------------
----------------------------------------------------------------------------------------------
Time iteration 5: delta_t = 1.9901867899168923e-08 [s], time = 9.979414366020872e-08 [s]
----------------------------------------------------------------------------------------------
P_inlet = 147.89155651413432 [bar], T_inlet = 597.566795944197 [K], V_inlet = 99.87312139288345 [m/s]
P_outlet = 149.99999999999997 [bar], T_outlet = 599.9999999999999 [K], Ma_outlet = 0.20027576931858726
u_g_inlet = -0.9914053216008055 [m/s], u_in_inlet = 99.86702298159096 [m/s]
----------------------------------------------------------------------------------------------
----------------------------------------------------------------------------------------------
Time iteration 6: delta_t = 1.9896393029364337e-08 [s], time = 1.1969601155937765e-07 [s]
----------------------------------------------------------------------------------------------
P_inlet = 147.88670438611433 [bar], T_inlet = 597.5613427128424 [K], V_inlet = 99.8447380344972 [m/s]
P_outlet = 149.99999999999997 [bar], T_outlet = 599.9999999999999 [K], Ma_outlet = 0.20027576931858726
u_g_inlet = -0.9877957546743891 [m/s], u_in_inlet = 99.83393821955123 [m/s]
----------------------------------------------------------------------------------------------
----------------------------------------------------------------------------------------------
Time iteration 7: delta_t = 1.9892985293148438e-08 [s], time = 1.3959240458874198e-07 [s]
----------------------------------------------------------------------------------------------
P_inlet = 147.88188083711844 [bar], T_inlet = 597.5559210799843 [K], V_inlet = 99.81646236250535 [m/s]
P_outlet = 149.99999999999997 [bar], T_outlet = 599.9999999999999 [K], Ma_outlet = 0.20027576931858726
u_g_inlet = -0.9842016788169559 [m/s], u_in_inlet = 99.80063082959545 [m/s]
----------------------------------------------------------------------------------------------
----------------------------------------------------------------------------------------------
Time iteration 8: delta_t = 1.989087250428075e-08 [s], time = 1.5948538988189043e-07 [s]
----------------------------------------------------------------------------------------------
P_inlet = 147.87708255267452 [bar], T_inlet = 597.5505272806492 [K], V_inlet = 99.78829053195962 [m/s]
P_outlet = 149.99999999999997 [bar], T_outlet = 599.9999999999999 [K], Ma_outlet = 0.20027576931858726
u_g_inlet = -0.9806192442997261 [m/s], u_in_inlet = 99.76716999820201 [m/s]
----------------------------------------------------------------------------------------------
----------------------------------------------------------------------------------------------
Time iteration 9: delta_t = 1.9889571410918325e-08 [s], time = 1.7937626238617116e-07 [s]
----------------------------------------------------------------------------------------------
P_inlet = 147.87230714340126 [bar], T_inlet = 597.5451586015076 [K], V_inlet = 99.76022001110354 [m/s]
P_outlet = 149.99999999999997 [bar], T_outlet = 599.9999999999999 [K], Ma_outlet = 0.20027576931858726
u_g_inlet = -0.9770466257617246 [m/s], u_in_inlet = 99.73360814753943 [m/s]
----------------------------------------------------------------------------------------------
----------------------------------------------------------------------------------------------
Time iteration 10: delta_t = 1.988877941720043e-08 [s], time = 1.9926583379708948e-07 [s]
----------------------------------------------------------------------------------------------
P_inlet = 147.86755287354364 [bar], T_inlet = 597.539813072724 [K], V_inlet = 99.73224908782817 [m/s]
P_outlet = 149.99999999999997 [bar], T_outlet = 599.9999999999999 [K], Ma_outlet = 0.20027576931858726
u_g_inlet = -0.9734832078960742 [m/s], u_in_inlet = 99.69998492083127 [m/s]
----------------------------------------------------------------------------------------------
----------------------------------------------------------------------------------------------
Time iteration 11: delta_t = 1.9888306546640525e-08 [s], time = 2.1915461321428992e-07 [s]
----------------------------------------------------------------------------------------------
P_inlet = 147.86281847184247 [bar], T_inlet = 597.534489253108 [K], V_inlet = 99.70437656274046 [m/s]
P_outlet = 149.99999999999997 [bar], T_outlet = 599.9999999999999 [K], Ma_outlet = 0.20027576931858726
u_g_inlet = -0.9699290687662735 [m/s], u_in_inlet = 99.66633020297047 [m/s]
----------------------------------------------------------------------------------------------
----------------------------------------------------------------------------------------------
Time iteration 12: delta_t = 1.9888033618738612e-08 [s], time = 2.3904291976093046e-07 [s]
----------------------------------------------------------------------------------------------
P_inlet = 147.858102999047 [bar], T_inlet = 597.529186079508 [K], V_inlet = 99.67660155803102 [m/s]
P_outlet = 149.99999999999997 [bar], T_outlet = 599.9999999999999 [K], Ma_outlet = 0.20027576931858726
u_g_inlet = -0.9663846504084547 [m/s], u_in_inlet = 99.63266651440189 [m/s]
----------------------------------------------------------------------------------------------
----------------------------------------------------------------------------------------------
Time iteration 13: delta_t = 1.9887885934302943e-08 [s], time = 2.589309533796691e-07 [s]
----------------------------------------------------------------------------------------------
P_inlet = 147.85340575434185 [bar], T_inlet = 597.5239027603757 [K], V_inlet = 99.64892339791457 [m/s]
P_outlet = 149.99999999999997 [bar], T_outlet = 599.9999999999999 [K], Ma_outlet = 0.20027576931858726
u_g_inlet = -0.9628505591996606 [m/s], u_in_inlet = 99.59901078391984 [m/s]
----------------------------------------------------------------------------------------------
----------------------------------------------------------------------------------------------
Time iteration 14: delta_t = 1.9887816698654103e-08 [s], time = 2.7881883931397206e-07 [s]
----------------------------------------------------------------------------------------------
P_inlet = 147.84872620894288 [bar], T_inlet = 597.5186387001906 [K], V_inlet = 99.62134153363701 [m/s]
P_outlet = 149.99999999999997 [bar], T_outlet = 599.9999999999999 [K], Ma_outlet = 0.20027576931858726
u_g_inlet = -0.9593274464559514 [m/s], u_in_inlet = 99.56537570646051 [m/s]
----------------------------------------------------------------------------------------------
----------------------------------------------------------------------------------------------
Time iteration 15: delta_t = 1.9887796631681855e-08 [s], time = 2.987066560126262e-07 [s]
----------------------------------------------------------------------------------------------
P_inlet = 147.8440639587471 [bar], T_inlet = 597.513393445543 [K], V_inlet = 99.5938554964746 [m/s]
P_outlet = 149.99999999999997 [bar], T_outlet = 599.9999999999999 [K], Ma_outlet = 0.20027576931858726
u_g_inlet = -0.9558159405369848 [m/s], u_in_inlet = 99.53177077681923 [m/s]
----------------------------------------------------------------------------------------------
----------------------------------------------------------------------------------------------
Time iteration 16: delta_t = 1.988780743381874e-08 [s], time = 3.1859445264430805e-07 [s]
----------------------------------------------------------------------------------------------
P_inlet = 147.83941869040444 [bar], T_inlet = 597.508166646482 [K], V_inlet = 99.56646486827171 [m/s]
P_outlet = 149.99999999999997 [bar], T_outlet = 599.9999999999999 [K], Ma_outlet = 0.20027576931858726
u_g_inlet = -0.9523166113783712 [m/s], u_in_inlet = 99.49820307387368 [m/s]
----------------------------------------------------------------------------------------------
----------------------------------------------------------------------------------------------
Time iteration 17: delta_t = 1.9887837679985513e-08 [s], time = 3.384822600781268e-07 [s]
----------------------------------------------------------------------------------------------
P_inlet = 147.83479015690006 [bar], T_inlet = 597.5029580286872 [K], V_inlet = 99.53916926297377 [m/s]
P_outlet = 149.99999999999997 [bar], T_outlet = 599.9999999999999 [K], Ma_outlet = 0.20027576931858726
u_g_inlet = -0.9488299549770575 [m/s], u_in_inlet = 99.46467785429977 [m/s]
----------------------------------------------------------------------------------------------
----------------------------------------------------------------------------------------------
Time iteration 18: delta_t = 1.9887880243177922e-08 [s], time = 3.583700977581123e-07 [s]
----------------------------------------------------------------------------------------------
P_inlet = 147.83017815990738 [bar], T_inlet = 597.4977673733481 [K], V_inlet = 99.51196831505986 [m/s]
P_outlet = 149.99999999999997 [bar], T_outlet = 599.9999999999999 [K], Ma_outlet = 0.20027576931858726
u_g_inlet = -0.9453563897622256 [m/s], u_in_inlet = 99.43119900159562 [m/s]
----------------------------------------------------------------------------------------------
----------------------------------------------------------------------------------------------
Time iteration 19: delta_t = 1.9887930669025552e-08 [s], time = 3.782579780012902e-07 [s]
----------------------------------------------------------------------------------------------
P_inlet = 147.82558253698235 [bar], T_inlet = 597.492594502559 [K], V_inlet = 99.4848616723013 [m/s]
P_outlet = 149.99999999999997 [bar], T_outlet = 599.9999999999999 [K], Ma_outlet = 0.20027576931858726
u_g_inlet = -0.9418962596665166 [m/s], u_in_inlet = 99.39776936557257 [m/s]
----------------------------------------------------------------------------------------------
----------------------------------------------------------------------------------------------
Time iteration 20: delta_t = 1.9887986185379223e-08 [s], time = 3.9814590867031576e-07 [s]
----------------------------------------------------------------------------------------------
P_inlet = 147.82100315223704 [bar], T_inlet = 597.487439268679 [K], V_inlet = 99.45784899124058 [m/s]
P_outlet = 149.99999999999997 [bar], T_outlet = 599.9999999999999 [K], Ma_outlet = 0.20027576931858726
u_g_inlet = -0.9384498406674994 [m/s], u_in_inlet = 99.36439101861014 [m/s]
----------------------------------------------------------------------------------------------
----------------------------------------------------------------------------------------------
Time iteration 21: delta_t = 1.9888045069377008e-08 [s], time = 4.18033894855695e-07 [s]
----------------------------------------------------------------------------------------------
P_inlet = 147.8164398895139 [bar], T_inlet = 597.4823015465429 [K], V_inlet = 99.43092993435006 [m/s]
P_outlet = 149.99999999999997 [bar], T_outlet = 599.9999999999999 [K], Ma_outlet = 0.20027576931858726
u_g_inlet = -0.9350173488179454 [m/s], u_in_inlet = 99.33106544886112 [m/s]
----------------------------------------------------------------------------------------------
----------------------------------------------------------------------------------------------
Time iteration 22: delta_t = 1.9888106245276892e-08 [s], time = 4.3792193992507204e-07 [s]
----------------------------------------------------------------------------------------------
P_inlet = 147.81189264737654 [bar], T_inlet = 597.4771812277426 [K], V_inlet = 99.40410416824626 [m/s]
P_outlet = 149.99999999999997 [bar], T_outlet = 599.9999999999999 [K], Ma_outlet = 0.20027576931858726
u_g_inlet = -0.9315989485883565 [m/s], u_in_inlet = 99.29779370578898 [m/s]
----------------------------------------------------------------------------------------------
----------------------------------------------------------------------------------------------
Time iteration 23: delta_t = 1.98881690398594e-08 [s], time = 4.578100461703489e-07 [s]
----------------------------------------------------------------------------------------------
P_inlet = 147.8073613354214 [bar], T_inlet = 597.4720782164175 [K], V_inlet = 99.377371362576 [m/s]
P_outlet = 149.99999999999997 [bar], T_outlet = 599.9999999999999 [K], Ma_outlet = 0.20027576931858726
u_g_inlet = -0.9281947608400045 [m/s], u_in_inlet = 99.26457650972914 [m/s]
----------------------------------------------------------------------------------------------
----------------------------------------------------------------------------------------------
Time iteration 24: delta_t = 1.9888233030171903e-08 [s], time = 4.776982152102084e-07 [s]
----------------------------------------------------------------------------------------------
P_inlet = 147.802845871552 [bar], T_inlet = 597.4669924261415 [K], V_inlet = 99.35073118931912 [m/s]
P_outlet = 149.99999999999997 [bar], T_outlet = 599.9999999999999 [K], Ma_outlet = 0.20027576931858726
u_g_inlet = -0.9248048700867915 [m/s], u_in_inlet = 99.23141433430808 [m/s]
----------------------------------------------------------------------------------------------
----------------------------------------------------------------------------------------------
Time iteration 25: delta_t = 1.9888297948933996e-08 [s], time = 4.975864482403803e-07 [s]
----------------------------------------------------------------------------------------------
P_inlet = 147.79834617995672 [bar], T_inlet = 597.461923777614 [K], V_inlet = 99.32418332234914 [m/s]
P_outlet = 149.99999999999997 [bar], T_outlet = 599.9999999999999 [K], Ma_outlet = 0.20027576931858726
u_g_inlet = -0.9214293308924358 [m/s], u_in_inlet = 99.19830746840081 [m/s]
----------------------------------------------------------------------------------------------
----------------------------------------------------------------------------------------------
Time iteration 26: delta_t = 1.988836362581372e-08 [s], time = 5.174747461893143e-07 [s]
----------------------------------------------------------------------------------------------
P_inlet = 147.79386218960556 [bar], T_inlet = 597.4568721969426 [K], V_inlet = 99.29772743715525 [m/s]
P_outlet = 149.99999999999997 [bar], T_outlet = 599.9999999999999 [K], Ma_outlet = 0.20027576931858726
u_g_inlet = -0.9180681733757144 [m/s], u_in_inlet = 99.16525606267749 [m/s]
----------------------------------------------------------------------------------------------
----------------------------------------------------------------------------------------------
Time iteration 27: delta_t = 1.9888429950981926e-08 [s], time = 5.37363109815128e-07 [s]
----------------------------------------------------------------------------------------------
P_inlet = 147.7893938331277 [bar], T_inlet = 597.451837614362 [K], V_inlet = 99.27136321066524 [m/s]
P_outlet = 149.99999999999997 [bar], T_outlet = 599.9999999999999 [K], Ma_outlet = 0.20027576931858726
u_g_inlet = -0.9147214078657767 [m/s], u_in_inlet = 99.13226016455347 [m/s]
----------------------------------------------------------------------------------------------
----------------------------------------------------------------------------------------------
Time iteration 28: delta_t = 1.988849685248784e-08 [s], time = 5.5725153976611e-07 [s]
----------------------------------------------------------------------------------------------
P_inlet = 147.78494104597178 [bar], T_inlet = 597.446819963274 [K], V_inlet = 99.24509032113146 [m/s]
P_outlet = 149.99999999999997 [bar], T_outlet = 599.9999999999999 [K], Ma_outlet = 0.20027576931858726
u_g_inlet = -0.9113890287906339 [m/s], u_in_inlet = 99.09931974442058 [m/s]
----------------------------------------------------------------------------------------------
----------------------------------------------------------------------------------------------
Time iteration 29: delta_t = 1.988856428220802e-08 [s], time = 5.771400366185978e-07 [s]
----------------------------------------------------------------------------------------------
P_inlet = 147.78050376577573 [bar], T_inlet = 597.4418191795285 [K], V_inlet = 99.21890844805696 [m/s]
P_outlet = 149.99999999999997 [bar], T_outlet = 599.9999999999999 [K], Ma_outlet = 0.20027576931858726
u_g_inlet = -0.9080710178888399 [m/s], u_in_inlet = 99.06643471532801 [m/s]
----------------------------------------------------------------------------------------------
----------------------------------------------------------------------------------------------
Time iteration 30: delta_t = 1.988863220710888e-08 [s], time = 5.970286009008058e-07 [s]
----------------------------------------------------------------------------------------------
P_inlet = 147.77608193189272 [bar], T_inlet = 597.4368352008812 [K], V_inlet = 99.19281727214626 [m/s]
P_outlet = 149.99999999999997 [bar], T_outlet = 599.9999999999999 [K], Ma_outlet = 0.20027576931858726
u_g_inlet = -0.9047673468393498 [m/s], u_in_inlet = 99.03360494773793 [m/s]
----------------------------------------------------------------------------------------------
----------------------------------------------------------------------------------------------
Time iteration 31: delta_t = 1.9888700603801908e-08 [s], time = 6.169172331079147e-07 [s]
----------------------------------------------------------------------------------------------
P_inlet = 147.77167548503297 [bar], T_inlet = 597.4318679665864 [K], V_inlet = 99.16681647527236 [m/s]
P_outlet = 149.99999999999997 [bar], T_outlet = 599.9999999999999 [K], Ma_outlet = 0.20027576931858726
u_g_inlet = -0.9014779793982757 [m/s], u_in_inlet = 99.00083028058256 [m/s]
----------------------------------------------------------------------------------------------
----------------------------------------------------------------------------------------------
Time iteration 32: delta_t = 1.9888769455137533e-08 [s], time = 6.368059337117166e-07 [s]
----------------------------------------------------------------------------------------------
P_inlet = 147.76728436699347 [bar], T_inlet = 597.4269174170861 [K], V_inlet = 99.14090574045363 [m/s]
P_outlet = 149.99999999999997 [bar], T_outlet = 599.9999999999999 [K], Ma_outlet = 0.20027576931858726
u_g_inlet = -0.8982028731228808 [m/s], u_in_inlet = 98.9681105295483 [m/s]
----------------------------------------------------------------------------------------------
----------------------------------------------------------------------------------------------
Time iteration 33: delta_t = 1.988883874806325e-08 [s], time = 6.566947031668541e-07 [s]
----------------------------------------------------------------------------------------------
P_inlet = 147.7629085204525 [bar], T_inlet = 597.4219834937771 [K], V_inlet = 99.11508475183747 [m/s]
P_outlet = 149.99999999999997 [bar], T_outlet = 599.9999999999999 [K], Ma_outlet = 0.20027576931858726
u_g_inlet = -0.8949419807539631 [m/s], u_in_inlet = 98.93544549327679 [m/s]
----------------------------------------------------------------------------------------------
----------------------------------------------------------------------------------------------
Time iteration 34: delta_t = 1.9888908472267128e-08 [s], time = 6.765835419149174e-07 [s]
----------------------------------------------------------------------------------------------
P_inlet = 147.7585478888136 [bar], T_inlet = 597.4170661388332 [K], V_inlet = 99.08935319468807 [m/s]
P_outlet = 149.99999999999997 [bar], T_outlet = 599.9999999999999 [K], Ma_outlet = 0.20027576931858726
u_g_inlet = -0.8916952513193888 [m/s], u_in_inlet = 98.90283495800728 [m/s]
----------------------------------------------------------------------------------------------
----------------------------------------------------------------------------------------------
Time iteration 35: delta_t = 1.9888978619311034e-08 [s], time = 6.964724503871845e-07 [s]
----------------------------------------------------------------------------------------------
P_inlet = 147.7542024160868 [bar], T_inlet = 597.4121652950687 [K], V_inlet = 99.06371075537699 [m/s]
P_outlet = 149.99999999999997 [bar], T_outlet = 599.9999999999999 [K], Ma_outlet = 0.20027576931858726
u_g_inlet = -0.8884626310106903 [m/s], u_in_inlet = 98.87027870104795 [m/s]
----------------------------------------------------------------------------------------------
----------------------------------------------------------------------------------------------
Time iteration 36: delta_t = 1.988904918207068e-08 [s], time = 7.163614290064956e-07 [s]
----------------------------------------------------------------------------------------------
P_inlet = 147.74987204679744 [bar], T_inlet = 597.4072809058349 [K], V_inlet = 99.03815712137552 [m/s]
P_outlet = 149.99999999999997 [bar], T_outlet = 599.9999999999999 [K], Ma_outlet = 0.20027576931858726
u_g_inlet = -0.885244063876541 [m/s], u_in_inlet = 98.8377764933719 [m/s]
----------------------------------------------------------------------------------------------
----------------------------------------------------------------------------------------------
Time iteration 37: delta_t = 1.9889120154369335e-08 [s], time = 7.362504781885662e-07 [s]
----------------------------------------------------------------------------------------------
P_inlet = 147.74555672591694 [bar], T_inlet = 597.4024129149424 [K], V_inlet = 99.01269198124855 [m/s]
P_outlet = 149.99999999999997 [bar], T_outlet = 599.9999999999999 [K], Ma_outlet = 0.20027576931858726
u_g_inlet = -0.8820394923693337 [m/s], u_in_inlet = 98.80532810155714 [m/s]
----------------------------------------------------------------------------------------------
----------------------------------------------------------------------------------------------
Time iteration 38: delta_t = 1.988919153073401e-08 [s], time = 7.561395983429356e-07 [s]
----------------------------------------------------------------------------------------------
P_inlet = 147.74125639880918 [bar], T_inlet = 597.3975612665982 [K], V_inlet = 98.98731502464904 [m/s]
P_outlet = 149.99999999999997 [bar], T_outlet = 599.9999999999999 [K], Ma_outlet = 0.20027576931858726
u_g_inlet = -0.8788488577743949 [m/s], u_in_inlet = 98.77293328923575 [m/s]
----------------------------------------------------------------------------------------------
----------------------------------------------------------------------------------------------
Time iteration 39: delta_t = 1.9889263306229487e-08 [s], time = 7.760287898736696e-07 [s]
----------------------------------------------------------------------------------------------
P_inlet = 147.7369710111892 [bar], T_inlet = 597.392725905361 [K], V_inlet = 98.96202594231309 [m/s]
P_outlet = 149.99999999999997 [bar], T_outlet = 599.9999999999999 [K], Ma_outlet = 0.20027576931858726
u_g_inlet = -0.875672100545118 [m/s], u_in_inlet = 98.74059181817557 [m/s]
----------------------------------------------------------------------------------------------
----------------------------------------------------------------------------------------------
Time iteration 40: delta_t = 1.988933547634275e-08 [s], time = 7.95918053179899e-07 [s]
----------------------------------------------------------------------------------------------
P_inlet = 147.73270050909173 [bar], T_inlet = 597.3879067761038 [K], V_inlet = 98.93682442605571 [m/s]
P_outlet = 149.99999999999997 [bar], T_outlet = 599.9999999999999 [K], Ma_outlet = 0.20027576931858726
u_g_inlet = -0.8725091605644222 [m/s], u_in_inlet = 98.70830344908639 [m/s]
----------------------------------------------------------------------------------------------
----------------------------------------------------------------------------------------------
Time iteration 41: delta_t = 1.988940803690053e-08 [s], time = 8.158073886562417e-07 [s]
----------------------------------------------------------------------------------------------
P_inlet = 147.72844483884614 [bar], T_inlet = 597.3831038239871 [K], V_inlet = 98.91171016876659 [m/s]
P_outlet = 149.99999999999997 [bar], T_outlet = 599.9999999999999 [K], Ma_outlet = 0.20027576931858726
u_g_inlet = -0.8693599773475277 [m/s], u_in_inlet = 98.67606794222138 [m/s]
----------------------------------------------------------------------------------------------
----------------------------------------------------------------------------------------------
Time iteration 42: delta_t = 1.988948098400933e-08 [s], time = 8.356967966931422e-07 [s]
----------------------------------------------------------------------------------------------
P_inlet = 147.72420394705765 [bar], T_inlet = 597.3783169944363 [K], V_inlet = 98.88668286440625 [m/s]
P_outlet = 149.99999999999997 [bar], T_outlet = 599.9999999999999 [K], Ma_outlet = 0.20027576931858726
u_g_inlet = -0.8662244901994074 [m/s], u_in_inlet = 98.64388505782514 [m/s]
----------------------------------------------------------------------------------------------
----------------------------------------------------------------------------------------------
Time iteration 43: delta_t = 1.9889554314010673e-08 [s], time = 8.555862776771516e-07 [s]
----------------------------------------------------------------------------------------------
P_inlet = 147.719977780592 [bar], T_inlet = 597.373546233126 [K], V_inlet = 98.86174220800241 [m/s]
P_outlet = 149.99999999999997 [bar], T_outlet = 599.9999999999999 [K], Ma_outlet = 0.20027576931858726
u_g_inlet = -0.8631026383363124 [m/s], u_in_inlet = 98.61175455646654 [m/s]
----------------------------------------------------------------------------------------------
----------------------------------------------------------------------------------------------
Time iteration 44: delta_t = 1.988962802344712e-08 [s], time = 8.754758319911623e-07 [s]
----------------------------------------------------------------------------------------------
P_inlet = 147.71576628656368 [bar], T_inlet = 597.368791485966 [K], V_inlet = 98.83688789564626 [m/s]
P_outlet = 149.99999999999997 [bar], T_outlet = 599.9999999999999 [K], Ma_outlet = 0.20027576931858726
u_g_inlet = -0.8599943609799 [m/s], u_in_inlet = 98.5796761992856 [m/s]
----------------------------------------------------------------------------------------------
----------------------------------------------------------------------------------------------
Time iteration 45: delta_t = 1.9889702109030904e-08 [s], time = 8.953654600146094e-07 [s]
----------------------------------------------------------------------------------------------
P_inlet = 147.7115694123269 [bar], T_inlet = 597.3640526990916 [K], V_inlet = 98.81211962448904 [m/s]
P_outlet = 149.99999999999997 [bar], T_outlet = 599.9999999999999 [K], Ma_outlet = 0.20027576931858726
u_g_inlet = -0.8568995974292113 [m/s], u_in_inlet = 98.54764974817648 [m/s]
----------------------------------------------------------------------------------------------
----------------------------------------------------------------------------------------------
Time iteration 46: delta_t = 1.988977656748886e-08 [s], time = 9.152551621236403e-07 [s]
----------------------------------------------------------------------------------------------
P_inlet = 147.7073871054676 [bar], T_inlet = 597.3593298188551 [K], V_inlet = 98.78743709273868 [m/s]
P_outlet = 149.99999999999997 [bar], T_outlet = 599.9999999999999 [K], Ma_outlet = 0.20027576931858726
u_g_inlet = -0.8538182871159863 [m/s], u_in_inlet = 98.51567496592276 [m/s]
----------------------------------------------------------------------------------------------
----------------------------------------------------------------------------------------------
Time iteration 47: delta_t = 1.988985139580653e-08 [s], time = 9.351449386911291e-07 [s]
----------------------------------------------------------------------------------------------
P_inlet = 147.70321931379814 [bar], T_inlet = 597.3546227918191 [K], V_inlet = 98.7628399996565 [m/s]
P_outlet = 149.99999999999997 [bar], T_outlet = 599.9999999999999 [K], Ma_outlet = 0.20027576931858726
u_g_inlet = -0.8507503696464747 [m/s], u_in_inlet = 98.48375161629659 [m/s]
----------------------------------------------------------------------------------------------
----------------------------------------------------------------------------------------------
Time iteration 48: delta_t = 1.98899265911201e-08 [s], time = 9.550347900869356e-07 [s]
----------------------------------------------------------------------------------------------
P_inlet = 147.6990659853519 [bar], T_inlet = 597.3499315647521 [K], V_inlet = 98.73832804555381 [m/s]
P_outlet = 149.99999999999997 [bar], T_outlet = 599.9999999999999 [K], Ma_outlet = 0.20027576931858726
u_g_inlet = -0.8476957848330713 [m/s], u_in_inlet = 98.45187946413172 [m/s]
----------------------------------------------------------------------------------------------
----------------------------------------------------------------------------------------------
Time iteration 49: delta_t = 1.989000215069273e-08 [s], time = 9.749247166780556e-07 [s]
----------------------------------------------------------------------------------------------
P_inlet = 147.69492706837937 [bar], T_inlet = 597.3452560846233 [K], V_inlet = 98.71390093178854 [m/s]
P_outlet = 149.99999999999997 [bar], T_outlet = 599.9999999999999 [K], Ma_outlet = 0.20027576931858726
u_g_inlet = -0.8446544727178316 [m/s], u_in_inlet = 98.42005827537608 [m/s]
----------------------------------------------------------------------------------------------
----------------------------------------------------------------------------------------------
Time iteration 50: delta_t = 1.9890078071884377e-08 [s], time = 9.948147188287485e-07 [s]
----------------------------------------------------------------------------------------------
P_inlet = 147.69080251134525 [bar], T_inlet = 597.3405962986003 [K], V_inlet = 98.68955836076209 [m/s]
P_outlet = 149.99999999999997 [bar], T_outlet = 599.9999999999999 [K], Ma_outlet = 0.20027576931858726
u_g_inlet = -0.8416263735897801 [m/s], u_in_inlet = 98.3882878171299 [m/s]
----------------------------------------------------------------------------------------------
----------------------------------------------------------------------------------------------
Time iteration 51: delta_t = 1.9890154352139334e-08 [s], time = 1.0147047969006328e-06 [s]
----------------------------------------------------------------------------------------------
P_inlet = 147.6866922629251 [bar], T_inlet = 597.3359521540451 [K], V_inlet = 98.6653000359158 [m/s]
P_outlet = 149.99999999999997 [bar], T_outlet = 599.9999999999999 [K], Ma_outlet = 0.20027576931858726
u_g_inlet = -0.8386114279974073 [m/s], u_in_inlet = 98.35656785767301 [m/s]
----------------------------------------------------------------------------------------------
----------------------------------------------------------------------------------------------
Time iteration 52: delta_t = 1.9890230988978482e-08 [s], time = 1.0345949512527722e-06 [s]
----------------------------------------------------------------------------------------------
P_inlet = 147.6825962720034 [bar], T_inlet = 597.3313235985125 [K], V_inlet = 98.64112566172795 [m/s]
P_outlet = 149.99999999999997 [bar], T_outlet = 599.9999999999999 [K], Ma_outlet = 0.20027576931858726
u_g_inlet = -0.8356095767577272 [m/s], u_in_inlet = 98.32489816648386 [m/s]
----------------------------------------------------------------------------------------------
----------------------------------------------------------------------------------------------
Time iteration 53: delta_t = 1.989030798000028e-08 [s], time = 1.0544851822417507e-06 [s]
----------------------------------------------------------------------------------------------
P_inlet = 147.6785144876713 [bar], T_inlet = 597.3267105797481 [K], V_inlet = 98.6170349437104 [m/s]
P_outlet = 149.99999999999997 [bar], T_outlet = 599.9999999999999 [K], Ma_outlet = 0.20027576931858726
u_g_inlet = -0.8326207609619686 [m/s], u_in_inlet = 98.29327851425255 [m/s]
----------------------------------------------------------------------------------------------
----------------------------------------------------------------------------------------------
Time iteration 54: delta_t = 1.9890385322874668e-08 [s], time = 1.074375490221751e-06 [s]
----------------------------------------------------------------------------------------------
P_inlet = 147.67444685922524 [bar], T_inlet = 597.3221130456865 [K], V_inlet = 98.59302758840522 [m/s]
P_outlet = 149.99999999999997 [bar], T_outlet = 599.9999999999999 [K], Ma_outlet = 0.20027576931858726
u_g_inlet = -0.8296449219798449 [m/s], u_in_inlet = 98.26170867288937 [m/s]
----------------------------------------------------------------------------------------------
----------------------------------------------------------------------------------------------
Time iteration 55: delta_t = 1.9890463015335776e-08 [s], time = 1.0942658755446257e-06 [s]
----------------------------------------------------------------------------------------------
P_inlet = 147.67039333616512 [bar], T_inlet = 597.31753094445 [K], V_inlet = 98.56910330338155 [m/s]
P_outlet = 149.99999999999997 [bar], T_outlet = 599.9999999999999 [K], Ma_outlet = 0.20027576931858726
u_g_inlet = -0.8266820014614932 [m/s], u_in_inlet = 98.23018841552977 [m/s]
----------------------------------------------------------------------------------------------
----------------------------------------------------------------------------------------------
Time iteration 56: delta_t = 1.9890541055177445e-08 [s], time = 1.1141563385599615e-06 [s]
----------------------------------------------------------------------------------------------
P_inlet = 147.6663538681934 [bar], T_inlet = 597.3129642243478 [K], V_inlet = 98.54526179723194 [m/s]
P_outlet = 149.99999999999997 [bar], T_outlet = 599.9999999999999 [K], Ma_outlet = 0.20027576931858726
u_g_inlet = -0.8237319413386903 [m/s], u_in_inlet = 98.19871751653712 [m/s]
----------------------------------------------------------------------------------------------
----------------------------------------------------------------------------------------------
Time iteration 57: delta_t = 1.9890619440250357e-08 [s], time = 1.134046879615139e-06 [s]
----------------------------------------------------------------------------------------------
P_inlet = 147.66232840521405 [bar], T_inlet = 597.3084128338753 [K], V_inlet = 98.52150277956922 [m/s]
P_outlet = 149.99999999999997 [bar], T_outlet = 599.9999999999999 [K], Ma_outlet = 0.20027576931858726
u_g_inlet = -0.8207946838249103 [m/s], u_in_inlet = 98.16729575150312 [m/s]
----------------------------------------------------------------------------------------------
----------------------------------------------------------------------------------------------
Time iteration 58: delta_t = 1.9890698168459615e-08 [s], time = 1.1539374990553894e-06 [s]
----------------------------------------------------------------------------------------------
P_inlet = 147.65831689733187 [bar], T_inlet = 597.3038767217131 [K], V_inlet = 98.49782596102264 [m/s]
P_outlet = 149.99999999999997 [bar], T_outlet = 599.9999999999999 [K], Ma_outlet = 0.20027576931858726
u_g_inlet = -0.8178701714147052 [m/s], u_in_inlet = 98.13592289724745 [m/s]
----------------------------------------------------------------------------------------------
----------------------------------------------------------------------------------------------
Time iteration 59: delta_t = 1.9890777237761243e-08 [s], time = 1.173828197223849e-06 [s]
----------------------------------------------------------------------------------------------
P_inlet = 147.6543192948522 [bar], T_inlet = 597.2993558367274 [K], V_inlet = 98.47423105323433 [m/s]
P_outlet = 149.99999999999997 [bar], T_outlet = 599.9999999999999 [K], Ma_outlet = 0.20027576931858726
u_g_inlet = -0.8149583468826743 [m/s], u_in_inlet = 98.10459873181574 [m/s]
----------------------------------------------------------------------------------------------
----------------------------------------------------------------------------------------------
Time iteration 60: delta_t = 1.9890856646158968e-08 [s], time = 1.1937189744616102e-06 [s]
----------------------------------------------------------------------------------------------
P_inlet = 147.65033554828094 [bar], T_inlet = 597.2948501279706 [K], V_inlet = 98.45071776885521 [m/s]
P_outlet = 149.99999999999997 [bar], T_outlet = 599.9999999999999 [K], Ma_outlet = 0.20027576931858726
u_g_inlet = -0.8120591532817563 [m/s], u_in_inlet = 98.07332303447741 [m/s]
----------------------------------------------------------------------------------------------
----------------------------------------------------------------------------------------------
Time iteration 61: delta_t = 1.98909363917015e-08 [s], time = 1.2136098311077692e-06 [s]
----------------------------------------------------------------------------------------------
P_inlet = 147.64636560832508 [bar], T_inlet = 597.290359544682 [K], V_inlet = 98.42728582154079 [m/s]
P_outlet = 149.99999999999997 [bar], T_outlet = 599.9999999999998 [K], Ma_outlet = 0.2002757693185873
u_g_inlet = -0.8091725339418743 [m/s], u_in_inlet = 98.04209558572244 [m/s]
----------------------------------------------------------------------------------------------
----------------------------------------------------------------------------------------------
Time iteration 62: delta_t = 1.9891016472480342e-08 [s], time = 1.2335007674994706e-06 [s]
----------------------------------------------------------------------------------------------
P_inlet = 147.6424094258938 [bar], T_inlet = 597.2858840362892 [K], V_inlet = 98.40393492594673 [m/s]
P_outlet = 149.99999999999997 [bar], T_outlet = 600.0 [K], Ma_outlet = 0.20027576931858743
u_g_inlet = -0.8062984324676449 [m/s], u_in_inlet = 98.0109161672582 [m/s]
----------------------------------------------------------------------------------------------
----------------------------------------------------------------------------------------------
Time iteration 63: delta_t = 1.9891096886627936e-08 [s], time = 1.253391783971951e-06 [s]
----------------------------------------------------------------------------------------------
P_inlet = 147.6384669521004 [bar], T_inlet = 597.2814235524108 [K], V_inlet = 98.38066479772351 [m/s]
P_outlet = 149.9999999999999 [bar], T_outlet = 599.9999999999997 [K], Ma_outlet = 0.20027576931858734
u_g_inlet = -0.8034367927365215 [m/s], u_in_inlet = 97.97978456200589 [m/s]
----------------------------------------------------------------------------------------------
----------------------------------------------------------------------------------------------
Time iteration 64: delta_t = 1.9891177632315786e-08 [s], time = 1.273282880858579e-06 [s]
----------------------------------------------------------------------------------------------
P_inlet = 147.63453813826507 [bar], T_inlet = 597.27697804286 [K], V_inlet = 98.35747515351107 [m/s]
P_outlet = 149.99999999999991 [bar], T_outlet = 599.9999999999999 [K], Ma_outlet = 0.20027576931858748
u_g_inlet = -0.8005875588967308 [m/s], u_in_inlet = 97.94870055409659 [m/s]
----------------------------------------------------------------------------------------------
----------------------------------------------------------------------------------------------
Time iteration 65: delta_t = 1.9891258707752506e-08 [s], time = 1.2931740584908946e-06 [s]
----------------------------------------------------------------------------------------------
P_inlet = 147.63062293591875 [bar], T_inlet = 597.2725474576492 [K], V_inlet = 98.3343657109321 [m/s]
P_outlet = 149.99999999999986 [bar], T_outlet = 599.9999999999998 [K], Ma_outlet = 0.20027576931858765
u_g_inlet = -0.7977506753650914 [m/s], u_in_inlet = 97.91766392886758 [m/s]
----------------------------------------------------------------------------------------------
----------------------------------------------------------------------------------------------
Time iteration 66: delta_t = 1.989134011118212e-08 [s], time = 1.313065317198647e-06 [s]
----------------------------------------------------------------------------------------------
P_inlet = 147.62672129680865 [bar], T_inlet = 597.2681317469967 [K], V_inlet = 98.31133618858487 [m/s]
P_outlet = 149.99999999999974 [bar], T_outlet = 599.9999999999998 [K], Ma_outlet = 0.20027576931858787
u_g_inlet = -0.794926086920616 [m/s], u_in_inlet = 97.88667447123866 [m/s]
----------------------------------------------------------------------------------------------
----------------------------------------------------------------------------------------------
Time iteration 67: delta_t = 1.9891421840882533e-08 [s], time = 1.3329566573098292e-06 [s]
----------------------------------------------------------------------------------------------
P_inlet = 147.62283317290556 [bar], T_inlet = 597.2637308613355 [K], V_inlet = 98.28838630603441 [m/s]
P_outlet = 149.9999999999996 [bar], T_outlet = 599.9999999999995 [K], Ma_outlet = 0.20027576931858815
u_g_inlet = -0.7921137385774109 [m/s], u_in_inlet = 97.85573196759142 [m/s]
----------------------------------------------------------------------------------------------
----------------------------------------------------------------------------------------------
Time iteration 68: delta_t = 1.989150389516417e-08 [s], time = 1.3528480791507117e-06 [s]
----------------------------------------------------------------------------------------------
P_inlet = 147.61895851641302 [bar], T_inlet = 597.2593447513241 [K], V_inlet = 98.26551578380239 [m/s]
P_outlet = 149.99999999999932 [bar], T_outlet = 599.9999999999991 [K], Ma_outlet = 0.20027576931858848
u_g_inlet = -0.7893135755879416 [m/s], u_in_inlet = 97.82483620564095 [m/s]
----------------------------------------------------------------------------------------------
----------------------------------------------------------------------------------------------
Time iteration 69: delta_t = 1.989158627236878e-08 [s], time = 1.3727395830458759e-06 [s]
----------------------------------------------------------------------------------------------
P_inlet = 147.61509727977975 [bar], T_inlet = 597.2549733678609 [K], V_inlet = 98.24272434335505 [m/s]
P_outlet = 149.99999999999903 [bar], T_outlet = 599.9999999999987 [K], Ma_outlet = 0.2002757693185891
u_g_inlet = -0.786525543449175 [m/s], u_in_inlet = 97.7939869743205 [m/s]
----------------------------------------------------------------------------------------------
----------------------------------------------------------------------------------------------
Time iteration 70: delta_t = 1.9891668970868258e-08 [s], time = 1.3926311693182446e-06 [s]
----------------------------------------------------------------------------------------------
P_inlet = 147.6112494157148 [bar], T_inlet = 597.2506166621022 [K], V_inlet = 98.2200117070889 [m/s]
P_outlet = 149.99999999999858 [bar], T_outlet = 599.999999999998 [K], Ma_outlet = 0.20027576931858992
u_g_inlet = -0.7837495879032353 [m/s], u_in_inlet = 97.7631840637765 [m/s]
----------------------------------------------------------------------------------------------
----------------------------------------------------------------------------------------------
Time iteration 71: delta_t = 1.9891751989063518e-08 [s], time = 1.4125228382891127e-06 [s]
----------------------------------------------------------------------------------------------
P_inlet = 147.60741487720742 [bar], T_inlet = 597.2462745854855 [K], V_inlet = 98.19737759831337 [m/s]
P_outlet = 149.99999999999798 [bar], T_outlet = 599.9999999999975 [K], Ma_outlet = 0.2002757693185912
u_g_inlet = -0.7809856549381972 [m/s], u_in_inlet = 97.73242726536333 [m/s]
----------------------------------------------------------------------------------------------
----------------------------------------------------------------------------------------------
Time iteration 72: delta_t = 1.9891835325383446e-08 [s], time = 1.4324145902781762e-06 [s]
----------------------------------------------------------------------------------------------
P_inlet = 147.6035936175505 [bar], T_inlet = 597.2419470897553 [K], V_inlet = 98.17482174123003 [m/s]
P_outlet = 149.9999999999971 [bar], T_outlet = 599.9999999999966 [K], Ma_outlet = 0.2002757693185929
u_g_inlet = -0.7782336907880572 [m/s], u_in_inlet = 97.70171637163835 [m/s]
----------------------------------------------------------------------------------------------
----------------------------------------------------------------------------------------------
Time iteration 73: delta_t = 1.9891918978283926e-08 [s], time = 1.4523064256035596e-06 [s]
----------------------------------------------------------------------------------------------
P_inlet = 147.59978559037097 [bar], T_inlet = 597.237634127001 [K], V_inlet = 98.15234386090808 [m/s]
P_outlet = 149.99999999999585 [bar], T_outlet = 599.9999999999951 [K], Ma_outlet = 0.20027576931859536
u_g_inlet = -0.7754936419328927 [m/s], u_in_inlet = 97.67105117635695 [m/s]
----------------------------------------------------------------------------------------------
----------------------------------------------------------------------------------------------
Time iteration 74: delta_t = 1.9892002946246976e-08 [s], time = 1.4721983445818436e-06 [s]
----------------------------------------------------------------------------------------------
P_inlet = 147.59599074966624 [bar], T_inlet = 597.2333356496964 [K], V_inlet = 98.12994368325411 [m/s]
P_outlet = 149.999999999994 [bar], T_outlet = 599.9999999999927 [K], Ma_outlet = 0.2002757693185986
u_g_inlet = -0.772765455098248 [m/s], u_in_inlet = 97.64043147446742 [m/s]
----------------------------------------------------------------------------------------------
----------------------------------------------------------------------------------------------
Time iteration 75: delta_t = 1.9892087227779946e-08 [s], time = 1.4920903475280906e-06 [s]
----------------------------------------------------------------------------------------------
P_inlet = 147.5922090498482 [bar], T_inlet = 597.2290516107521 [K], V_inlet = 98.10762093497654 [m/s]
P_outlet = 149.99999999999153 [bar], T_outlet = 599.9999999999902 [K], Ma_outlet = 0.20027576931860339
u_g_inlet = -0.770049077254803 [m/s], u_in_inlet = 97.60985706210627 [m/s]
----------------------------------------------------------------------------------------------
----------------------------------------------------------------------------------------------
Time iteration 76: delta_t = 1.9892171821414745e-08 [s], time = 1.5119824347558705e-06 [s]
----------------------------------------------------------------------------------------------
P_inlet = 147.58844044579726 [bar], T_inlet = 597.2247819635772 [K], V_inlet = 98.0853753435427 [m/s]
P_outlet = 149.99999999998803 [bar], T_outlet = 599.9999999999861 [K], Ma_outlet = 0.20027576931860983
u_g_inlet = -0.7673444556172382 [m/s], u_in_inlet = 97.57932773659333 [m/s]
----------------------------------------------------------------------------------------------
----------------------------------------------------------------------------------------------
Time iteration 77: delta_t = 1.989225672570715e-08 [s], time = 1.5318746065772852e-06 [s]
----------------------------------------------------------------------------------------------
P_inlet = 147.58468489292633 [bar], T_inlet = 597.2205266621535 [K], V_inlet = 98.06320663712764 [m/s]
P_outlet = 149.99999999998323 [bar], T_outlet = 599.9999999999808 [K], Ma_outlet = 0.20027576931861873
u_g_inlet = -0.7646515376435619 [m/s], u_in_inlet = 97.54884329642708 [m/s]
----------------------------------------------------------------------------------------------
----------------------------------------------------------------------------------------------
Time iteration 78: delta_t = 1.9892341939236077e-08 [s], time = 1.5517668633029925e-06 [s]
----------------------------------------------------------------------------------------------
P_inlet = 147.58094234725755 [bar], T_inlet = 597.216285661124 [K], V_inlet = 98.04111454455331 [m/s]
P_outlet = 149.99999999997658 [bar], T_outlet = 599.999999999973 [K], Ma_outlet = 0.2002757693186309
u_g_inlet = -0.7619702710337666 [m/s], u_in_inlet = 97.51840354127997 [m/s]
----------------------------------------------------------------------------------------------
----------------------------------------------------------------------------------------------
Time iteration 79: delta_t = 1.989242746060298e-08 [s], time = 1.5716592052422286e-06 [s]
----------------------------------------------------------------------------------------------
P_inlet = 147.57721276551294 [bar], T_inlet = 597.2120589158966 [K], V_inlet = 98.01909879521631 [m/s]
P_outlet = 149.99999999996749 [bar], T_outlet = 599.9999999999627 [K], Ma_outlet = 0.20027576931864738
u_g_inlet = -0.7593006037285435 [m/s], u_in_inlet = 97.4880082719939 [m/s]
----------------------------------------------------------------------------------------------
----------------------------------------------------------------------------------------------
Time iteration 80: delta_t = 1.9892513288431194e-08 [s], time = 1.5915516327028315e-06 [s]
----------------------------------------------------------------------------------------------
P_inlet = 147.57349610522135 [bar], T_inlet = 597.2078463827684 [K], V_inlet = 97.99715911900249 [m/s]
P_outlet = 149.99999999995512 [bar], T_outlet = 599.9999999999484 [K], Ma_outlet = 0.20027576931866972
u_g_inlet = -0.7566424839078867 [m/s], u_in_inlet = 97.45765729057561 [m/s]
----------------------------------------------------------------------------------------------
----------------------------------------------------------------------------------------------
Time iteration 81: delta_t = 1.989259942136538e-08 [s], time = 1.6114441459912626e-06 [s]
----------------------------------------------------------------------------------------------
P_inlet = 147.56979232484355 [bar], T_inlet = 597.203648019069 [K], V_inlet = 97.97529524618643 [m/s]
P_outlet = 149.99999999993838 [bar], T_outlet = 599.9999999999292 [K], Ma_outlet = 0.2002757693186997
u_g_inlet = -0.7539958599894814 [m/s], u_in_inlet = 97.4273504001922 [m/s]
----------------------------------------------------------------------------------------------
----------------------------------------------------------------------------------------------
Time iteration 82: delta_t = 1.9892685858070955e-08 [s], time = 1.631336745412628e-06 [s]
----------------------------------------------------------------------------------------------
P_inlet = 147.566101383918 [bar], T_inlet = 597.1994637833286 [K], V_inlet = 97.95350690731381 [m/s]
P_outlet = 149.99999999991584 [bar], T_outlet = 599.9999999999034 [K], Ma_outlet = 0.20027576931873992
u_g_inlet = -0.7513606806272005 [m/s], u_in_inlet = 97.39708740516677 [m/s]
----------------------------------------------------------------------------------------------
----------------------------------------------------------------------------------------------
Time iteration 83: delta_t = 1.9892772597233566e-08 [s], time = 1.651229431270699e-06 [s]
----------------------------------------------------------------------------------------------
P_inlet = 147.56242324322977 [bar], T_inlet = 597.1952936354728 [K], V_inlet = 97.93179383306337 [m/s]
P_outlet = 149.99999999988566 [bar], T_outlet = 599.999999999869 [K], Ma_outlet = 0.20027576931879357
u_g_inlet = -0.748736894709509 [m/s], u_in_inlet = 97.36686811097391 [m/s]
----------------------------------------------------------------------------------------------
----------------------------------------------------------------------------------------------
Time iteration 84: delta_t = 1.989285963755854e-08 [s], time = 1.6711222038679326e-06 [s]
----------------------------------------------------------------------------------------------
P_inlet = 147.5587578650051 [bar], T_inlet = 597.1911375370455 [K], V_inlet = 97.91015575408697 [m/s]
P_outlet = 149.99999999984544 [bar], T_outlet = 599.9999999998231 [K], Ma_outlet = 0.2002757693188646
u_g_inlet = -0.7461244513578952 [m/s], u_in_inlet = 97.33669232423547 [m/s]
----------------------------------------------------------------------------------------------
----------------------------------------------------------------------------------------------
Time iteration 85: delta_t = 1.989294697777033e-08 [s], time = 1.6910150635054912e-06 [s]
----------------------------------------------------------------------------------------------
P_inlet = 147.55510521313465 [bar], T_inlet = 597.1869954514673 [K], V_inlet = 97.8885924008242 [m/s]
P_outlet = 149.99999999979195 [bar], T_outlet = 599.9999999997622 [K], Ma_outlet = 0.20027576931895844
u_g_inlet = -0.7435232999255068 [m/s], u_in_inlet = 97.30655985271613 [m/s]
----------------------------------------------------------------------------------------------
----------------------------------------------------------------------------------------------
Time iteration 86: delta_t = 1.9893034616611976e-08 [s], time = 1.7109080104832616e-06 [s]
----------------------------------------------------------------------------------------------
P_inlet = 147.55146525342795 [bar], T_inlet = 597.1828673443271 [K], V_inlet = 97.86710350328809 [m/s]
P_outlet = 149.99999999972118 [bar], T_outlet = 599.9999999996812 [K], Ma_outlet = 0.20027576931908156
u_g_inlet = -0.7409333899956568 [m/s], u_in_inlet = 97.27647050531925 [m/s]
----------------------------------------------------------------------------------------------
----------------------------------------------------------------------------------------------
Time iteration 87: delta_t = 1.9893122552844486e-08 [s], time = 1.7308010450998735e-06 [s]
----------------------------------------------------------------------------------------------
P_inlet = 147.54783795390247 [bar], T_inlet = 597.1787531837158 [K], V_inlet = 97.8456887908194 [m/s]
P_outlet = 149.9999999996281 [bar], T_outlet = 599.9999999995746 [K], Ma_outlet = 0.2002757693192427
u_g_inlet = -0.7383546713804017 [m/s], u_in_inlet = 97.24642409208259 [m/s]
----------------------------------------------------------------------------------------------
----------------------------------------------------------------------------------------------
Time iteration 88: delta_t = 1.9893210785246187e-08 [s], time = 1.750694167652718e-06 [s]
----------------------------------------------------------------------------------------------
P_inlet = 147.54422328511006 [bar], T_inlet = 597.1746529406012 [K], V_inlet = 97.82434799180524 [m/s]
P_outlet = 149.99999999950614 [bar], T_outlet = 599.9999999994352 [K], Ma_outlet = 0.20027576931945257
u_g_inlet = -0.7357870941191597 [m/s], u_in_inlet = 97.2164204241741 [m/s]
----------------------------------------------------------------------------------------------
----------------------------------------------------------------------------------------------
Time iteration 89: delta_t = 1.9893299312612015e-08 [s], time = 1.7705873784379643e-06 [s]
----------------------------------------------------------------------------------------------
P_inlet = 147.5406212205039 [bar], T_inlet = 597.1705665892509 [K], V_inlet = 97.80308083335828 [m/s]
P_outlet = 149.99999999934693 [bar], T_outlet = 599.9999999992532 [K], Ma_outlet = 0.2002757693197248
u_g_inlet = -0.733230608477572 [m/s], u_in_inlet = 97.18645931388768 [m/s]
----------------------------------------------------------------------------------------------
----------------------------------------------------------------------------------------------
Time iteration 90: delta_t = 1.9893388133752686e-08 [s], time = 1.7904806777505764e-06 [s]
----------------------------------------------------------------------------------------------
P_inlet = 147.5370317368495 [bar], T_inlet = 597.1664941077048 [K], V_inlet = 97.7818870409531 [m/s]
P_outlet = 149.99999999914002 [bar], T_outlet = 599.9999999990168 [K], Ma_outlet = 0.20027576932007654
u_g_inlet = -0.7306851649458946 [m/s], u_in_inlet = 97.15654057463908 [m/s]
----------------------------------------------------------------------------------------------
----------------------------------------------------------------------------------------------
Time iteration 91: delta_t = 1.9893477247493665e-08 [s], time = 1.810374065884329e-06 [s]
----------------------------------------------------------------------------------------------
P_inlet = 147.53345481468185 [bar], T_inlet = 597.162435478302 [K], V_inlet = 97.76076633801469 [m/s]
P_outlet = 149.99999999887214 [bar], T_outlet = 599.9999999987106 [K], Ma_outlet = 0.2002757693205289
u_g_inlet = -0.7281507142461686 [m/s], u_in_inlet = 97.12666402084258 [m/s]
----------------------------------------------------------------------------------------------
----------------------------------------------------------------------------------------------
Time iteration 92: delta_t = 1.989356665267401e-08 [s], time = 1.8302675431318227e-06 [s]
----------------------------------------------------------------------------------------------
P_inlet = 147.52989043881294 [bar], T_inlet = 597.1583906882643 [K], V_inlet = 97.73971844545542 [m/s]
P_outlet = 149.9999999985267 [bar], T_outlet = 599.9999999983158 [K], Ma_outlet = 0.20027576932110863
u_g_inlet = -0.7256272073632202 [m/s], u_in_inlet = 97.09682946738998 [m/s]
----------------------------------------------------------------------------------------------
----------------------------------------------------------------------------------------------
Time iteration 93: delta_t = 1.9893656348144903e-08 [s], time = 1.8501611097844967e-06 [s]
----------------------------------------------------------------------------------------------
P_inlet = 147.52633859889113 [bar], T_inlet = 597.1543597303403 [K], V_inlet = 97.71874308115575 [m/s]
P_outlet = 149.9999999980829 [bar], T_outlet = 599.9999999978085 [K], Ma_outlet = 0.20027576932184857
u_g_inlet = -0.7231145954605862 [m/s], u_in_inlet = 97.06703673053981 [m/s]
----------------------------------------------------------------------------------------------
----------------------------------------------------------------------------------------------
Time iteration 94: delta_t = 1.9893746332767803e-08 [s], time = 1.8700547661326415e-06 [s]
----------------------------------------------------------------------------------------------
P_inlet = 147.52279929001637 [bar], T_inlet = 597.1503426035138 [K], V_inlet = 97.69783995938403 [m/s]
P_outlet = 149.99999999751492 [bar], T_outlet = 599.9999999971593 [K], Ma_outlet = 0.20027576932278943
u_g_inlet = -0.7206128299324469 [m/s], u_in_inlet = 97.03728562764866 [m/s]
----------------------------------------------------------------------------------------------
----------------------------------------------------------------------------------------------
Time iteration 95: delta_t = 1.9893836605412233e-08 [s], time = 1.8899485124654094e-06 [s]
----------------------------------------------------------------------------------------------
P_inlet = 147.51927251341246 [bar], T_inlet = 597.1463393137776 [K], V_inlet = 97.67700879015108 [m/s]
P_outlet = 149.99999999679062 [bar], T_outlet = 599.9999999963314 [K], Ma_outlet = 0.20027576932398156
u_g_inlet = -0.7181218623832805 [m/s], u_in_inlet = 97.00757597719101 [m/s]
----------------------------------------------------------------------------------------------
----------------------------------------------------------------------------------------------
Time iteration 96: delta_t = 1.98939271649529e-08 [s], time = 1.9098423490708214e-06 [s]
----------------------------------------------------------------------------------------------
P_inlet = 147.51575827715942 [bar], T_inlet = 597.1423498749765 [K], V_inlet = 97.65624927849483 [m/s]
P_outlet = 149.99999999587033 [bar], T_outlet = 599.9999999952797 [K], Ma_outlet = 0.20027576932548638
u_g_inlet = -0.7156416446281401 [m/s], u_in_inlet = 96.97790759875407 [m/s]
----------------------------------------------------------------------------------------------
----------------------------------------------------------------------------------------------
Time iteration 97: delta_t = 1.989401801026618e-08 [s], time = 1.9297362762357744e-06 [s]
----------------------------------------------------------------------------------------------
P_inlet = 147.5122565969867 [bar], T_inlet = 597.1383743097211 [K], V_inlet = 97.63556112369008 [m/s]
P_outlet = 149.99999999470506 [bar], T_outlet = 599.9999999939481 [K], Ma_outlet = 0.2002757693273794
u_g_inlet = -0.7131721286922172 [m/s], u_in_inlet = 96.94828031303228 [m/s]
----------------------------------------------------------------------------------------------
----------------------------------------------------------------------------------------------
Time iteration 98: delta_t = 1.9894109140225683e-08 [s], time = 1.9496302942460405e-06 [s]
----------------------------------------------------------------------------------------------
P_inlet = 147.50876749712947 [bar], T_inlet = 597.1344126503736 [K], V_inlet = 97.61494401837956 [m/s]
P_outlet = 149.9999999932347 [bar], T_outlet = 599.9999999922677 [K], Ma_outlet = 0.2002757693297524
u_g_inlet = -0.7107132668103603 [m/s], u_in_inlet = 96.91869394182214 [m/s]
----------------------------------------------------------------------------------------------
----------------------------------------------------------------------------------------------
Time iteration 99: delta_t = 1.9894200553696762e-08 [s], time = 1.969524403386266e-06 [s]
----------------------------------------------------------------------------------------------
P_inlet = 147.50529101124837 [bar], T_inlet = 597.1304649401063 [K], V_inlet = 97.59439764762165 [m/s]
P_outlet = 149.99999999138552 [bar], T_outlet = 599.9999999901543 [K], Ma_outlet = 0.2002757693327172
u_g_inlet = -0.7082650114261418 [m/s], u_in_inlet = 96.88914830801723 [m/s]
----------------------------------------------------------------------------------------------
----------------------------------------------------------------------------------------------
Time iteration 100: delta_t = 1.9894292249529623e-08 [s], time = 1.989418603939963e-06 [s]
----------------------------------------------------------------------------------------------
P_inlet = 147.5018271834126 [bar], T_inlet = 597.1265312340357 [K], V_inlet = 97.5739216878502 [m/s]
P_outlet = 149.9999999890676 [bar], T_outlet = 599.9999999875051 [K], Ma_outlet = 0.20027576933640892
u_g_inlet = -0.7058273151909265 [m/s], u_in_inlet = 96.85964323560326 [m/s]
----------------------------------------------------------------------------------------------
----------------------------------------------------------------------------------------------
Time iteration 101: delta_t = 1.989438422655089e-08 [s], time = 2.0093128961894924e-06 [s]
----------------------------------------------------------------------------------------------
P_inlet = 147.49837606914662 [bar], T_inlet = 597.1226116004259 [K], V_inlet = 97.55351580574366 [m/s]
P_outlet = 149.9999999861715 [bar], T_outlet = 599.9999999841955 [K], Ma_outlet = 0.20027576934099106
u_g_inlet = -0.7034001309624656 [m/s], u_in_inlet = 96.8301785496536 [m/s]
----------------------------------------------------------------------------------------------
----------------------------------------------------------------------------------------------
Time iteration 102: delta_t = 1.989447648355319e-08 [s], time = 2.0292072804160432e-06 [s]
----------------------------------------------------------------------------------------------
P_inlet = 147.49493773653916 [bar], T_inlet = 597.118706121968 [K], V_inlet = 97.5331796569988 [m/s]
P_outlet = 149.99999998256436 [bar], T_outlet = 599.999999980073 [K], Ma_outlet = 0.20027576934665997
u_g_inlet = -0.700983411803741 [m/s], u_in_inlet = 96.80075407632441 [m/s]
----------------------------------------------------------------------------------------------
----------------------------------------------------------------------------------------------
Time iteration 103: delta_t = 1.989456901928244e-08 [s], time = 2.0491017568995964e-06 [s]
----------------------------------------------------------------------------------------------
P_inlet = 147.4915122674126 [bar], T_inlet = 597.1148148971265 [K], V_inlet = 97.51291288500707 [m/s]
P_outlet = 149.9999999780856 [bar], T_outlet = 599.9999999749543 [K], Ma_outlet = 0.20027576935365177
u_g_inlet = -0.6985771109812929 [m/s], u_in_inlet = 96.77136964285029 [m/s]
----------------------------------------------------------------------------------------------
----------------------------------------------------------------------------------------------
Time iteration 104: delta_t = 1.989466183242233e-08 [s], time = 2.068996325918879e-06 [s]
----------------------------------------------------------------------------------------------
P_inlet = 147.48809975855022 [bar], T_inlet = 597.1109380415539 [K], V_inlet = 97.49271511943006 [m/s]
P_outlet = 149.99999997254136 [bar], T_outlet = 599.999999968618 [K], Ma_outlet = 0.20027576936224886
u_g_inlet = -0.6961811819635633 [m/s], u_in_inlet = 96.74202507753994 [m/s]
----------------------------------------------------------------------------------------------
----------------------------------------------------------------------------------------------
Time iteration 105: delta_t = 1.989475492157568e-08 [s], time = 2.0888909877513013e-06 [s]
----------------------------------------------------------------------------------------------
P_inlet = 147.48470032297882 [bar], T_inlet = 597.1070756895685 [K], V_inlet = 97.47258597467268 [m/s]
P_outlet = 149.99999996569858 [bar], T_outlet = 599.9999999607976 [K], Ma_outlet = 0.200275769372788
u_g_inlet = -0.6937955784192167 [m/s], u_in_inlet = 96.71272020977165 [m/s]
----------------------------------------------------------------------------------------------
----------------------------------------------------------------------------------------------
Time iteration 106: delta_t = 1.9894848285241923e-08 [s], time = 2.108785742672877e-06 [s]
----------------------------------------------------------------------------------------------
P_inlet = 147.48131409130096 [bar], T_inlet = 597.1032279956903 [K], V_inlet = 97.4525250482523 [m/s]
P_outlet = 149.99999995727782 [bar], T_outlet = 599.9999999511738 [K], Ma_outlet = 0.20027576938566993
u_g_inlet = -0.6914202542152177 [m/s], u_in_inlet = 96.68345486998929 [m/s]
----------------------------------------------------------------------------------------------
----------------------------------------------------------------------------------------------
Time iteration 107: delta_t = 1.9894941921790264e-08 [s], time = 2.128680590958119e-06 [s]
----------------------------------------------------------------------------------------------
P_inlet = 147.47794121307328 [bar], T_inlet = 597.0993951362298 [K], V_inlet = 97.4325319190631 [m/s]
P_outlet = 149.99999994694474 [bar], T_outlet = 599.9999999393647 [K], Ma_outlet = 0.20027576940136987
u_g_inlet = -0.6890551634147614 [m/s], u_in_inlet = 96.65422888969802 [m/s]
----------------------------------------------------------------------------------------------
----------------------------------------------------------------------------------------------
Time iteration 108: delta_t = 1.989503582942782e-08 [s], time = 2.148575532879909e-06 [s]
----------------------------------------------------------------------------------------------
P_inlet = 147.47458185822464 [bar], T_inlet = 597.0955773109229 [K], V_inlet = 97.4126061455358 [m/s]
P_outlet = 149.99999993430075 [bar], T_outlet = 599.9999999249144 [K], Ma_outlet = 0.20027576942045017
u_g_inlet = -0.6867002602757335 [m/s], u_in_inlet = 96.62504210146025 [m/s]
----------------------------------------------------------------------------------------------
----------------------------------------------------------------------------------------------
Time iteration 109: delta_t = 1.9894654276822397e-08 [s], time = 2.1684705687093368e-06 [s]
----------------------------------------------------------------------------------------------
P_inlet = 147.4712362185066 [bar], T_inlet = 597.0917747446045 [K], V_inlet = 97.39274726369347 [m/s]
P_outlet = 149.99999991887137 [bar], T_outlet = 599.9999999072807 [K], Ma_outlet = 0.20027576944357448
u_g_inlet = -0.6843554992483221 [m/s], u_in_inlet = 96.59589433889167 [m/s]
----------------------------------------------------------------------------------------------
----------------------------------------------------------------------------------------------
Time iteration 110: delta_t = 1.989255897631855e-08 [s], time = 2.1883652229861593e-06 [s]
----------------------------------------------------------------------------------------------
P_inlet = 147.4679046043614 [bar], T_inlet = 597.0879877982397 [K], V_inlet = 97.37295513896825 [m/s]
P_outlet = 149.99999990009465 [bar], T_outlet = 599.9999998858215 [K], Ma_outlet = 0.20027576947152295
u_g_inlet = -0.6820208576998859 [m/s], u_in_inlet = 96.56678579342173 [m/s]
----------------------------------------------------------------------------------------------
----------------------------------------------------------------------------------------------
Time iteration 111: delta_t = 1.9890575828625028e-08 [s], time = 2.2082577819624778e-06 [s]
----------------------------------------------------------------------------------------------
P_inlet = 147.4645875831555 [bar], T_inlet = 597.0842171266783 [K], V_inlet = 97.35323064191267 [m/s]
P_outlet = 149.99999987730672 [bar], T_outlet = 599.999999859778 [K], Ma_outlet = 0.20027576950520973
u_g_inlet = -0.6796964059880155 [m/s], u_in_inlet = 96.5377179273209 [m/s]
----------------------------------------------------------------------------------------------
----------------------------------------------------------------------------------------------
Time iteration 112: delta_t = 1.9888701755563478e-08 [s], time = 2.228148357791103e-06 [s]
----------------------------------------------------------------------------------------------
P_inlet = 147.46128534433598 [bar], T_inlet = 597.0804629498957 [K], V_inlet = 97.3335735539202 [m/s]
P_outlet = 149.99999984972365 [bar], T_outlet = 599.9999998282547 [K], Ma_outlet = 0.20027576954570392
u_g_inlet = -0.6773822145219257 [m/s], u_in_inlet = 96.50869172429167 [m/s]
----------------------------------------------------------------------------------------------
----------------------------------------------------------------------------------------------
Time iteration 113: delta_t = 1.9886933389509858e-08 [s], time = 2.2480370595466664e-06 [s]
----------------------------------------------------------------------------------------------
P_inlet = 147.45799815666322 [bar], T_inlet = 597.0767255817539 [K], V_inlet = 97.31398317178784 [m/s]
P_outlet = 149.99999981642216 [bar], T_outlet = 599.9999997901957 [K], Ma_outlet = 0.20027576959425467
u_g_inlet = -0.6750782202601533 [m/s], u_in_inlet = 96.47970684440868 [m/s]
----------------------------------------------------------------------------------------------
----------------------------------------------------------------------------------------------
Time iteration 114: delta_t = 1.9885267119644563e-08 [s], time = 2.267923992936176e-06 [s]
----------------------------------------------------------------------------------------------
P_inlet = 147.45472631945614 [bar], T_inlet = 597.0730053712621 [K], V_inlet = 97.29445876372606 [m/s]
P_outlet = 149.9999997763182 [bar], T_outlet = 599.9999997443624 [K], Ma_outlet = 0.20027576965231686
u_g_inlet = -0.6727843623137464 [m/s], u_in_inlet = 96.45076295775951 [m/s]
----------------------------------------------------------------------------------------------
----------------------------------------------------------------------------------------------
Time iteration 115: delta_t = 1.9883699151188745e-08 [s], time = 2.287809260055821e-06 [s]
----------------------------------------------------------------------------------------------
P_inlet = 147.45147016396314 [bar], T_inlet = 597.0693027041672 [K], V_inlet = 97.27499956711955 [m/s]
P_outlet = 149.99999972814192 [bar], T_outlet = 599.9999996893036 [K], Ma_outlet = 0.2002757697215804
u_g_inlet = -0.670500580839367 [m/s], u_in_inlet = 96.42185974147235 [m/s]
----------------------------------------------------------------------------------------------
----------------------------------------------------------------------------------------------
Time iteration 116: delta_t = 1.9882225559355804e-08 [s], time = 2.3076929592070097e-06 [s]
----------------------------------------------------------------------------------------------
P_inlet = 147.44823005463437 [bar], T_inlet = 597.065618004424 [K], V_inlet = 97.25560478609525 [m/s]
P_outlet = 149.99999967040918 [bar], T_outlet = 599.9999996233233 [K], Ma_outlet = 0.2002757698040033
u_g_inlet = -0.6682268169955193 [m/s], u_in_inlet = 96.3929968800138 [m/s]
----------------------------------------------------------------------------------------------
----------------------------------------------------------------------------------------------
Time iteration 117: delta_t = 1.9880842338291056e-08 [s], time = 2.3275751847663655e-06 [s]
----------------------------------------------------------------------------------------------
P_inlet = 147.44500639037963 [bar], T_inlet = 597.0619517356513 [K], V_inlet = 97.23627358897322 [m/s]
P_outlet = 149.99999960138976 [bar], T_outlet = 599.9999995444435 [K], Ma_outlet = 0.2002757699018493
u_g_inlet = -0.6659630128993549 [m/s], u_in_inlet = 96.36417406536765 [m/s]
----------------------------------------------------------------------------------------------
----------------------------------------------------------------------------------------------
Time iteration 118: delta_t = 1.987954544474287e-08 [s], time = 2.3474560271046567e-06 [s]
----------------------------------------------------------------------------------------------
P_inlet = 147.4417996057855 [bar], T_inlet = 597.0583044025395 [K], V_inlet = 97.21700510561553 [m/s]
P_outlet = 149.99999951907074 [bar], T_outlet = 599.9999994503644 [K], Ma_outlet = 0.20027577001772942
u_g_inlet = -0.6637091115920842 [m/s], u_in_inlet = 96.33539099713792 [m/s]
----------------------------------------------------------------------------------------------
----------------------------------------------------------------------------------------------
Time iteration 119: delta_t = 1.9878330836468706e-08 [s], time = 2.3673355725493996e-06 [s]
----------------------------------------------------------------------------------------------
P_inlet = 147.43861017227098 [bar], T_inlet = 597.0546765521899 [K], V_inlet = 97.19779842469018 [m/s]
P_outlet = 149.99999942111577 [bar], T_outlet = 599.9999993384156 [K], Ma_outlet = 0.2002757701546479
u_g_inlet = -0.6614650570087517 [m/s], u_in_inlet = 96.30664738258388 [m/s]
----------------------------------------------------------------------------------------------
----------------------------------------------------------------------------------------------
Time iteration 120: delta_t = 1.9877194505504312e-08 [s], time = 2.3872139033858683e-06 [s]
----------------------------------------------------------------------------------------------
P_inlet = 147.4354385991629 [bar], T_inlet = 597.0510687753604 [K], V_inlet = 97.17865259086776 [m/s]
P_outlet = 149.9999993048191 [bar], T_outlet = 599.9999992055048 [K], Ma_outlet = 0.20027577031605437
u_g_inlet = -0.6592307939501825 [m/s], u_in_inlet = 96.27794293659557 [m/s]
----------------------------------------------------------------------------------------------
----------------------------------------------------------------------------------------------
Time iteration 121: delta_t = 1.9876132506513395e-08 [s], time = 2.4070910978913726e-06 [s]
----------------------------------------------------------------------------------------------
P_inlet = 147.4322854346732 [bar], T_inlet = 597.0474817076006 [K], V_inlet = 97.15956660196912 [m/s]
P_outlet = 149.9999991670539 [bar], T_outlet = 599.9999990480583 [K], Ma_outlet = 0.2002757705059008
u_g_inlet = -0.6570062680561443 [m/s], u_in_inlet = 96.24927738161738 [m/s]
----------------------------------------------------------------------------------------------
----------------------------------------------------------------------------------------------
Time iteration 122: delta_t = 1.987514098049879e-08 [s], time = 2.426967230397886e-06 [s]
----------------------------------------------------------------------------------------------
P_inlet = 147.42915126676368 [bar], T_inlet = 597.0439160302556 [K], V_inlet = 97.14053940608314 [m/s]
P_outlet = 149.9999990042143 [bar], T_outlet = 599.9999988619555 [K], Ma_outlet = 0.20027577072870484
u_g_inlet = -0.6547914257785974 [m/s], u_in_inlet = 96.22065044752813 [m/s]
----------------------------------------------------------------------------------------------
----------------------------------------------------------------------------------------------
Time iteration 123: delta_t = 1.9874216174198386e-08 [s], time = 2.4468423713783845e-06 [s]
----------------------------------------------------------------------------------------------
P_inlet = 147.4260367238826 [bar], T_inlet = 597.0403724713249 [K], V_inlet = 97.12156989867388 [m/s]
P_outlet = 149.99999881215106 [bar], T_outlet = 599.9999986424541 [K], Ma_outlet = 0.2002757709896196
u_g_inlet = -0.6525862143546401 [m/s], u_in_inlet = 96.19206187148438 [m/s]
----------------------------------------------------------------------------------------------
----------------------------------------------------------------------------------------------
Time iteration 124: delta_t = 1.9873354455516252e-08 [s], time = 2.466716587552583e-06 [s]
----------------------------------------------------------------------------------------------
P_inlet = 147.42294247555915 [bar], T_inlet = 597.0368518061555 [K], V_inlet = 97.1026569196973 [m/s]
P_outlet = 149.99999858609903 [bar], T_outlet = 599.9999983841082 [K], Ma_outlet = 0.20027577129451093
u_g_inlet = -0.6503905817793999 [m/s], u_in_inlet = 96.1635113977342 [m/s]
----------------------------------------------------------------------------------------------
----------------------------------------------------------------------------------------------
Time iteration 125: delta_t = 1.9872552325274682e-08 [s], time = 2.486589942008099e-06 [s]
----------------------------------------------------------------------------------------------
P_inlet = 147.41986923284412 [bar], T_inlet = 597.0333548579613 [K], V_inlet = 97.08379925074702 [m/s]
P_outlet = 149.99999832059746 [bar], T_outlet = 599.9999980806772 [K], Ma_outlet = 0.20027577165004226
u_g_inlet = -0.6482044767784038 [m/s], u_in_inlet = 96.13499877740722 [m/s]
----------------------------------------------------------------------------------------------
----------------------------------------------------------------------------------------------
Time iteration 126: delta_t = 1.987180642405536e-08 [s], time = 2.5064624943333737e-06 [s]
----------------------------------------------------------------------------------------------
P_inlet = 147.41681774858418 [bar], T_inlet = 597.0298824981479 [K], V_inlet = 97.06499561224982 [m/s]
P_outlet = 149.99999800940012 [bar], T_outlet = 599.999997725022 [K], Ma_outlet = 0.20027577206376654
u_g_inlet = -0.6460278487798886 [m/s], u_in_inlet = 96.1065237682873 [m/s]
----------------------------------------------------------------------------------------------
----------------------------------------------------------------------------------------------
Time iteration 127: delta_t = 1.9871113541757342e-08 [s], time = 2.526334300757429e-06 [s]
----------------------------------------------------------------------------------------------
P_inlet = 147.41378881751936 [bar], T_inlet = 597.0264356464374 [K], V_inlet = 97.04624466073211 [m/s]
P_outlet = 149.99999764537748 [bar], T_outlet = 599.9999973089953 [K], Ma_outlet = 0.20027577254422985
u_g_inlet = -0.6438606478873928 [m/s], u_in_inlet = 96.07808613457367 [m/s]
----------------------------------------------------------------------------------------------
----------------------------------------------------------------------------------------------
Time iteration 128: delta_t = 1.987047061993293e-08 [s], time = 2.5462054142991862e-06 [s]
----------------------------------------------------------------------------------------------
P_inlet = 147.4107832761766 [bar], T_inlet = 597.0230152707555 [K], V_inlet = 97.02754498617387 [m/s]
P_outlet = 149.9999972204065 [bar], T_outlet = 599.9999968233128 [K], Ma_outlet = 0.2002757731010805
u_g_inlet = -0.6417028248522744 [m/s], u_in_inlet = 96.04968564663197 [m/s]
----------------------------------------------------------------------------------------------
----------------------------------------------------------------------------------------------
Time iteration 129: delta_t = 1.9869874752028883e-08 [s], time = 2.5660758849191193e-06 [s]
----------------------------------------------------------------------------------------------
P_inlet = 147.4078020025832 [bar], T_inlet = 597.0196223869139 [K], V_inlet = 97.00889510947204 [m/s]
P_outlet = 149.99999672525027 [bar], T_outlet = 599.9999962574184 [K], Ma_outlet = 0.20027577374519118
u_g_inlet = -0.6395543310467229 [m/s], u_in_inlet = 96.02132208073965 [m/s]
----------------------------------------------------------------------------------------------
----------------------------------------------------------------------------------------------
Time iteration 130: delta_t = 1.9869323182579965e-08 [s], time = 2.585945759671148e-06 [s]
----------------------------------------------------------------------------------------------
P_inlet = 147.4048459157676 [bar], T_inlet = 597.0162580580458 [K], V_inlet = 96.99029348003451 [m/s]
P_outlet = 149.99999614942544 [bar], T_outlet = 599.9999955993311 [K], Ma_outlet = 0.20027577448879103
u_g_inlet = -0.6374151184374224 [m/s], u_in_inlet = 95.99299521883069 [m/s]
----------------------------------------------------------------------------------------------
----------------------------------------------------------------------------------------------
Time iteration 131: delta_t = 1.9868813305278884e-08 [s], time = 2.605815082853728e-06 [s]
----------------------------------------------------------------------------------------------
P_inlet = 147.40191597504779 [bar], T_inlet = 597.0129233937987 [K], V_inlet = 96.9717384735229 [m/s]
P_outlet = 149.9999954810552 [bar], T_outlet = 599.9999948354773 [K], Ma_outlet = 0.20027577534560737
u_g_inlet = -0.6352851395600125 [m/s], u_in_inlet = 95.9647048482439 [m/s]
----------------------------------------------------------------------------------------------
----------------------------------------------------------------------------------------------
Time iteration 132: delta_t = 1.9868342659372046e-08 [s], time = 2.625683896159007e-06 [s]
----------------------------------------------------------------------------------------------
P_inlet = 147.39901317909548 [bar], T_inlet = 597.009619549268 [K], V_inlet = 96.9532283897628 [m/s]
P_outlet = 149.99999470670932 [bar], T_outlet = 599.9999939505083 [K], Ma_outlet = 0.20027577633102212
u_g_inlet = -0.633164347494759 [m/s], u_in_inlet = 95.93645076147445 [m/s]
----------------------------------------------------------------------------------------------
----------------------------------------------------------------------------------------------
Time iteration 133: delta_t = 1.9867908925183337e-08 [s], time = 2.645552238818379e-06 [s]
----------------------------------------------------------------------------------------------
P_inlet = 147.39613856477732 [bar], T_inlet = 597.0063477236728 [K], V_inlet = 96.93476145084013 [m/s]
P_outlet = 149.9999938112278 [bar], T_outlet = 599.999992927098 [K], Ma_outlet = 0.20027577746223796
u_g_inlet = -0.6310526958429244 [m/s], u_in_inlet = 95.90823275593175 [m/s]
----------------------------------------------------------------------------------------------
----------------------------------------------------------------------------------------------
Time iteration 134: delta_t = 1.9867509918918587e-08 [s], time = 2.6654201477435622e-06 [s]
----------------------------------------------------------------------------------------------
P_inlet = 147.3932932057687 [bar], T_inlet = 597.0031091587725 [K], V_inlet = 96.91633579940088 [m/s]
P_outlet = 149.99999277752875 [bar], T_outlet = 599.9999917457246 [K], Ma_outlet = 0.2002757787584596
u_g_inlet = -0.6289501387046359 [m/s], u_in_inlet = 95.88005063370521 [m/s]
----------------------------------------------------------------------------------------------
----------------------------------------------------------------------------------------------
Time iteration 135: delta_t = 1.9867143586925723e-08 [s], time = 2.685287657662481e-06 [s]
----------------------------------------------------------------------------------------------
P_inlet = 147.39047821093766 [bar], T_inlet = 596.999905137015 [K], V_inlet = 96.89794949717124 [m/s]
P_outlet = 149.99999158639818 [bar], T_outlet = 599.9999903844293 [K], Ma_outlet = 0.20027578024108803
u_g_inlet = -0.6268566306576905 [m/s], u_in_inlet = 95.85190420133831 [m/s]
----------------------------------------------------------------------------------------------
----------------------------------------------------------------------------------------------
Time iteration 136: delta_t = 1.986568291856132e-08 [s], time = 2.7051548012494065e-06 [s]
----------------------------------------------------------------------------------------------
P_inlet = 147.3876947224991 [bar], T_inlet = 596.996736979423 [K], V_inlet = 96.87960052371416 [m/s]
P_outlet = 149.99999021626104 [bar], T_outlet = 599.9999888185541 [K], Ma_outlet = 0.2002757819339293
u_g_inlet = -0.6247721267378207 [m/s], u_in_inlet = 95.82379326961286 [m/s]
----------------------------------------------------------------------------------------------
----------------------------------------------------------------------------------------------
Time iteration 137: delta_t = 1.9862142570144612e-08 [s], time = 2.725020484167968e-06 [s]
----------------------------------------------------------------------------------------------
P_inlet = 147.3849441023617 [bar], T_inlet = 596.9936062595551 [K], V_inlet = 96.86128755167097 [m/s]
P_outlet = 149.9999886430096 [bar], T_outlet = 599.9999870205479 [K], Ma_outlet = 0.2002757838633681
u_g_inlet = -0.6226966305102838 [m/s], u_in_inlet = 95.795718465987 [m/s]
----------------------------------------------------------------------------------------------
----------------------------------------------------------------------------------------------
Time iteration 138: delta_t = 1.985869455977286e-08 [s], time = 2.7448826267381126e-06 [s]
----------------------------------------------------------------------------------------------
P_inlet = 147.3822278671263 [bar], T_inlet = 596.9905147273939 [K], V_inlet = 96.84301010163156 [m/s]
P_outlet = 149.99998683979874 [bar], T_outlet = 599.9999849597305 [K], Ma_outlet = 0.2002757860585044
u_g_inlet = -0.6206302588692577 [m/s], u_in_inlet = 95.76768191498029 [m/s]
----------------------------------------------------------------------------------------------
----------------------------------------------------------------------------------------------
Time iteration 139: delta_t = 1.9855341626759737e-08 [s], time = 2.7647413212978857e-06 [s]
----------------------------------------------------------------------------------------------
P_inlet = 147.37954716196506 [bar], T_inlet = 596.9874637054595 [K], V_inlet = 96.82476633134658 [m/s]
P_outlet = 149.99998477655208 [bar], T_outlet = 599.9999826017282 [K], Ma_outlet = 0.200275788551511
u_g_inlet = -0.6185730957730099 [m/s], u_in_inlet = 95.73968485351513 [m/s]
----------------------------------------------------------------------------------------------
----------------------------------------------------------------------------------------------
Time iteration 140: delta_t = 1.985208606624997e-08 [s], time = 2.7845966629246453e-06 [s]
----------------------------------------------------------------------------------------------
P_inlet = 147.37690320885173 [bar], T_inlet = 596.9844546077247 [K], V_inlet = 96.8065538100973 [m/s]
P_outlet = 149.9999824197024 [bar], T_outlet = 599.9999799081788 [K], Ma_outlet = 0.20027579137803772
u_g_inlet = -0.6165250844382211 [m/s], u_in_inlet = 95.71172699177562 [m/s]
----------------------------------------------------------------------------------------------
----------------------------------------------------------------------------------------------
Time iteration 141: delta_t = 1.9848929722609272e-08 [s], time = 2.804448748990895e-06 [s]
----------------------------------------------------------------------------------------------
P_inlet = 147.37429725002733 [bar], T_inlet = 596.9814888717092 [K], V_inlet = 96.78837002191686 [m/s]
P_outlet = 149.99997973188522 [bar], T_outlet = 599.9999768363796 [K], Ma_outlet = 0.20027579457738712
u_g_inlet = -0.6144861695828493 [m/s], u_in_inlet = 95.683808041474 [m/s]
----------------------------------------------------------------------------------------------
----------------------------------------------------------------------------------------------
Time iteration 142: delta_t = 1.9845874006191742e-08 [s], time = 2.8242976787135046e-06 [s]
----------------------------------------------------------------------------------------------
P_inlet = 147.37173054487917 [bar], T_inlet = 596.9785679548969 [K], V_inlet = 96.77021236668223 [m/s]
P_outlet = 149.99997667157547 [bar], T_outlet = 599.9999733388736 [K], Ma_outlet = 0.20027579819281616
u_g_inlet = -0.6124562963255378 [m/s], u_in_inlet = 95.65592771311182 [m/s]
----------------------------------------------------------------------------------------------
----------------------------------------------------------------------------------------------
Time iteration 143: delta_t = 1.9842919912236685e-08 [s], time = 2.8441435527196964e-06 [s]
----------------------------------------------------------------------------------------------
P_inlet = 147.36920436659267 [bar], T_inlet = 596.9756933308857 [K], V_inlet = 96.7520781614043 [m/s]
P_outlet = 149.99997319269596 [bar], T_outlet = 599.999969363001 [K], Ma_outlet = 0.20027580227185732
u_g_inlet = -0.6104354101735937 [m/s], u_in_inlet = 95.62808571664496 [m/s]
----------------------------------------------------------------------------------------------
----------------------------------------------------------------------------------------------
Time iteration 144: delta_t = 1.9840068041768987e-08 [s], time = 2.8639864726319332e-06 [s]
----------------------------------------------------------------------------------------------
P_inlet = 147.3667199986817 [bar], T_inlet = 596.9728664853969 [K], V_inlet = 96.73396464179837 [m/s]
P_outlet = 149.99996924419784 [bar], T_outlet = 599.9999648504197 [K], Ma_outlet = 0.200275806866657
u_g_inlet = -0.6084234570170862 [m/s], u_in_inlet = 95.60028176208309 [m/s]
----------------------------------------------------------------------------------------------
----------------------------------------------------------------------------------------------
Time iteration 145: delta_t = 1.9837318624011984e-08 [s], time = 2.8838265406737024e-06 [s]
----------------------------------------------------------------------------------------------
P_inlet = 147.36427873139522 [bar], T_inlet = 596.9700889121405 [K], V_inlet = 96.71586896413757 [m/s]
P_outlet = 149.99996476960953 [bar], T_outlet = 599.9999597365909 [K], Ma_outlet = 0.20027581203433414
u_g_inlet = -0.6064203831357059 [m/s], u_in_inlet = 95.5725155600579 [m/s]
----------------------------------------------------------------------------------------------
----------------------------------------------------------------------------------------------
Time iteration 146: delta_t = 1.9834671539907178e-08 [s], time = 2.9036638592977144e-06 [s]
----------------------------------------------------------------------------------------------
P_inlet = 147.36188185800577 [bar], T_inlet = 596.9673621085449 [K], V_inlet = 96.69778820739064 [m/s]
P_outlet = 149.99995970655485 [bar], T_outlet = 599.9999539502273 [K], Ma_outlet = 0.2002758178373556
u_g_inlet = -0.6044261352128724 [m/s], u_in_inlet = 95.54478682235585 [m/s]
----------------------------------------------------------------------------------------------
----------------------------------------------------------------------------------------------
Time iteration 147: delta_t = 1.9832126346385887e-08 [s], time = 2.9234985308376216e-06 [s]
----------------------------------------------------------------------------------------------
P_inlet = 147.35953067098848 [bar], T_inlet = 596.9646875713579 [K], V_inlet = 96.67971937564428 [m/s]
P_outlet = 149.99995398623753 [bar], T_outlet = 599.9999474127037 [K], Ma_outlet = 0.2002758243439323
u_g_inlet = -0.6024406603542006 [m/s], u_in_inlet = 95.51709526241507 [m/s]
----------------------------------------------------------------------------------------------
----------------------------------------------------------------------------------------------
Time iteration 148: delta_t = 1.982968230107742e-08 [s], time = 2.9433306571840073e-06 [s]
----------------------------------------------------------------------------------------------
P_inlet = 147.35722645810318 [bar], T_inlet = 596.9620667921379 [K], V_inlet = 96.66165940080852 [m/s]
P_outlet = 149.9999475328913 [bar], T_outlet = 599.9999400374306 [K], Ma_outlet = 0.20027583162843388
u_g_inlet = -0.6004639061080123 [m/s], u_in_inlet = 95.48944059578483 [m/s]
----------------------------------------------------------------------------------------------
----------------------------------------------------------------------------------------------
Time iteration 149: delta_t = 1.9827338387173097e-08 [s], time = 2.963160339485085e-06 [s]
----------------------------------------------------------------------------------------------
P_inlet = 147.35497049839466 [bar], T_inlet = 596.9595012526468 [K], V_inlet = 96.64360514560343 [m/s]
P_outlet = 149.9999402631943 [bar], T_outlet = 599.9999317291829 [K], Ma_outlet = 0.20027583977182223
u_g_inlet = -0.5984958204860972 [m/s], u_in_inlet = 95.46182254054727 [m/s]
----------------------------------------------------------------------------------------------
----------------------------------------------------------------------------------------------
Time iteration 150: delta_t = 1.9825093338195854e-08 [s], time = 2.9829876778722577e-06 [s]
----------------------------------------------------------------------------------------------
P_inlet = 147.35276405812726 [bar], T_inlet = 596.9569924201685 [K], V_inlet = 96.6255534068228 [m/s]
P_outlet = 149.99993208564607 [bar], T_outlet = 599.9999223833872 [K], Ma_outlet = 0.20027584886210464
u_g_inlet = -0.5965363519840226 [m/s], u_in_inlet = 95.43424081770132 [m/s]
----------------------------------------------------------------------------------------------
----------------------------------------------------------------------------------------------
Time iteration 151: delta_t = 1.9822945662455016e-08 [s], time = 3.0028127712104535e-06 [s]
----------------------------------------------------------------------------------------------
P_inlet = 147.35060838667138 [bar], T_inlet = 596.9545417427705 [K], V_inlet = 96.6075009188696 [m/s]
P_outlet = 149.99992289990618 [bar], T_outlet = 599.9999118853689 [K], Ma_outlet = 0.2002758589948061
u_g_inlet = -0.5945854496000863 [m/s], u_in_inlet = 95.40669515150904 [m/s]
----------------------------------------------------------------------------------------------
----------------------------------------------------------------------------------------------
Time iteration 152: delta_t = 1.9820893666993317e-08 [s], time = 3.0226357168729086e-06 [s]
----------------------------------------------------------------------------------------------
P_inlet = 147.34850471236496 [bar], T_inlet = 596.9521506445357 [K], V_inlet = 96.5894443575512 [m/s]
P_outlet = 149.99991259609334 [bar], T_outlet = 599.9999001095487 [K], Ma_outlet = 0.2002758702734602
u_g_inlet = -0.5926430628523617 [m/s], u_in_inlet = 95.37918526980494 [m/s]
----------------------------------------------------------------------------------------------
----------------------------------------------------------------------------------------------
Time iteration 153: delta_t = 1.981893548086022e-08 [s], time = 3.042456610539902e-06 [s]
----------------------------------------------------------------------------------------------
P_inlet = 147.34645423837316 [bar], T_inlet = 596.9498205207907 [K], V_inlet = 96.57138034409665 [m/s]
P_outlet = 149.99990105404328 [bar], T_outlet = 599.9998869185953 [K], Ma_outlet = 0.20027588281011866
u_g_inlet = -0.5907091417938837 [m/s], u_in_inlet = 95.35171090426971 [m/s]
----------------------------------------------------------------------------------------------
----------------------------------------------------------------------------------------------
Time iteration 154: delta_t = 1.981706907757093e-08 [s], time = 3.062275546020762e-06 [s]
----------------------------------------------------------------------------------------------
P_inlet = 147.34445813856038 [bar], T_inlet = 596.9475527333484 [K], V_inlet = 96.55330544943232 [m/s]
P_outlet = 149.9998881425246 [bar], T_outlet = 599.9998721625293 [K], Ma_outlet = 0.20027589672587898
u_g_inlet = -0.5887836370254514 [m/s], u_in_inlet = 95.32427179066845 [m/s]
----------------------------------------------------------------------------------------------
----------------------------------------------------------------------------------------------
Time iteration 155: delta_t = 1.9815292296634915e-08 [s], time = 3.082092615098333e-06 [s]
----------------------------------------------------------------------------------------------
P_inlet = 147.34251755336567 [bar], T_inlet = 596.9453486057521 [K], V_inlet = 96.53521619877561 [m/s]
P_outlet = 149.99987371841203 [bar], T_outlet = 599.9998556777782 [K], Ma_outlet = 0.20027591215142967
u_g_inlet = -0.586866499706401 [m/s], u_in_inlet = 95.29686766905581 [m/s]
----------------------------------------------------------------------------------------------
----------------------------------------------------------------------------------------------
Time iteration 156: delta_t = 1.9813602864060487e-08 [s], time = 3.101907907394968e-06 [s]
----------------------------------------------------------------------------------------------
P_inlet = 147.34063358575216 [bar], T_inlet = 596.9432094186056 [K], V_inlet = 96.51710907640513 [m/s]
P_outlet = 149.99985762581497 [bar], T_outlet = 599.9998372861802 [K], Ma_outlet = 0.20027592922761267
u_g_inlet = -0.5849576815631004 [m/s], u_in_inlet = 95.26949828394913 [m/s]
----------------------------------------------------------------------------------------------
----------------------------------------------------------------------------------------------
Time iteration 157: delta_t = 1.9811998411762576e-08 [s], time = 3.1217215102590286e-06 [s]
----------------------------------------------------------------------------------------------
P_inlet = 147.3388072972292 [bar], T_inlet = 596.941136404985 [K], V_inlet = 96.49898053063255 [m/s]
P_outlet = 149.9998396951616 [bar], T_outlet = 599.9998167939377 [K], Ma_outlet = 0.20027594810600127
u_g_inlet = -0.5830571348950824 [m/s], u_in_inlet = 95.24216338447064 [m/s]
----------------------------------------------------------------------------------------------
----------------------------------------------------------------------------------------------
Time iteration 158: delta_t = 1.9810476495821144e-08 [s], time = 3.141533508670791e-06 [s]
----------------------------------------------------------------------------------------------
P_inlet = 147.33703970396928 [bar], T_inlet = 596.9391307459581 [K], V_inlet = 96.48082697896972 [m/s]
P_outlet = 149.99981974223707 [bar], T_outlet = 599.9997939905181 [K], Ma_outlet = 0.20027596894949418
u_g_inlet = -0.5811648125794326 [m/s], u_in_inlet = 95.21486272446157 [m/s]
----------------------------------------------------------------------------------------------
----------------------------------------------------------------------------------------------
Time iteration 159: delta_t = 1.980903461355487e-08 [s], time = 3.161343985166612e-06 [s]
----------------------------------------------------------------------------------------------
P_inlet = 147.33533177303963 [bar], T_inlet = 596.937193566237 [K], V_inlet = 96.46264481347433 [m/s]
P_outlet = 149.99979756717522 [bar], T_outlet = 599.9997686475015 [K], Ma_outlet = 0.2002759919329233
u_g_inlet = -0.5792806680730406 [m/s], u_in_inlet = 95.18759606256907 [m/s]
----------------------------------------------------------------------------------------------
----------------------------------------------------------------------------------------------
Time iteration 160: delta_t = 1.9807670219390962e-08 [s], time = 3.181153019780167e-06 [s]
----------------------------------------------------------------------------------------------
P_inlet = 147.3336844187677 [bar], T_inlet = 596.9353259299826 [K], V_inlet = 96.44443040625639 [m/s]
P_outlet = 149.99977295340358 [bar], T_outlet = 599.9997405173744 [K], Ma_outlet = 0.2002760172436749
u_g_inlet = -0.5774046554129679 [m/s], u_in_inlet = 95.16036316230799 [m/s]
----------------------------------------------------------------------------------------------
----------------------------------------------------------------------------------------------
Time iteration 161: delta_t = 1.980638073952627e-08 [s], time = 3.200960689999558e-06 [s]
----------------------------------------------------------------------------------------------
P_inlet = 147.33209849925964 [bar], T_inlet = 596.933528836784 [K], V_inlet = 96.42618011512727 [m/s]
P_outlet = 149.99974566654106 [bar], T_outlet = 599.9997093322706 [K], Ma_outlet = 0.20027604508232213
u_g_inlet = -0.5755367292153118 [m/s], u_in_inlet = 95.13316379209955 [m/s]
----------------------------------------------------------------------------------------------
----------------------------------------------------------------------------------------------
Time iteration 162: delta_t = 1.980516358538728e-08 [s], time = 3.2207670707390844e-06 [s]
----------------------------------------------------------------------------------------------
P_inlet = 147.33057481308967 [bar], T_inlet = 596.9318032178353 [K], V_inlet = 96.40789028937198 [m/s]
P_outlet = 149.99971545324757 [bar], T_outlet = 599.999674802656 [K], Ma_outlet = 0.20027607566326883
u_g_inlet = -0.573676844672438 [m/s], u_in_inlet = 95.10599772528869 [m/s]
----------------------------------------------------------------------------------------------
----------------------------------------------------------------------------------------------
Time iteration 163: delta_t = 1.9804016165907677e-08 [s], time = 3.240572234324472e-06 [s]
----------------------------------------------------------------------------------------------
P_inlet = 147.32911409617682 [bar], T_inlet = 596.9301499323269 [K], V_inlet = 96.38955727562461 [m/s]
P_outlet = 149.99968204002664 [bar], T_outlet = 599.9996366159603 [K], Ma_outlet = 0.20027610921540148
u_g_inlet = -0.5718249575485792 [m/s], u_in_inlet = 95.07886474014167 [m/s]
----------------------------------------------------------------------------------------------
----------------------------------------------------------------------------------------------
Time iteration 164: delta_t = 1.9802935898651388e-08 [s], time = 3.2603762504903798e-06 [s]
----------------------------------------------------------------------------------------------
P_inlet = 147.32771701886597 [bar], T_inlet = 596.9285697640714 [K], V_inlet = 96.37117742382604 [m/s]
P_outlet = 149.99964513197978 [bar], T_outlet = 599.9995944351527 [K], Ma_outlet = 0.20027614598274882
u_g_inlet = -0.5699810241745868 [m/s], u_in_inlet = 95.05176461982607 [m/s]
----------------------------------------------------------------------------------------------
----------------------------------------------------------------------------------------------
Time iteration 165: delta_t = 1.980192021981699e-08 [s], time = 3.2801791863890313e-06 [s]
----------------------------------------------------------------------------------------------
P_inlet = 147.3263841832263 [bar], T_inlet = 596.9270634183781 [K], V_inlet = 96.35274709324268 [m/s]
P_outlet = 149.99960441151384 [bar], T_outlet = 599.9995478972662 [K], Ma_outlet = 0.2002761862251462
u_g_inlet = -0.5681450014411554 [m/s], u_in_inlet = 95.02469715237478 [m/s]
----------------------------------------------------------------------------------------------
----------------------------------------------------------------------------------------------
Time iteration 166: delta_t = 1.9800966593165727e-08 [s], time = 3.299981106608848e-06 [s]
----------------------------------------------------------------------------------------------
P_inlet = 147.32511612058227 [bar], T_inlet = 596.9256315191976 [K], V_inlet = 96.33426265852441 [m/s]
P_outlet = 149.99955953700078 [bar], T_outlet = 599.9994966118632 [K], Ma_outlet = 0.2002762302189045
u_g_inlet = -0.5663168467911428 [m/s], u_in_inlet = 94.99766213063553 [m/s]
----------------------------------------------------------------------------------------------
----------------------------------------------------------------------------------------------
Time iteration 167: delta_t = 1.980007251792071e-08 [s], time = 3.319782073202014e-06 [s]
----------------------------------------------------------------------------------------------
P_inlet = 147.32391328928747 [bar], T_inlet = 596.9242746065424 [K], V_inlet = 96.31572051577945 [m/s]
P_outlet = 149.9995101413918 [bar], T_outlet = 599.9994401594538 [K], Ma_outlet = 0.2002762782574791
u_g_inlet = -0.5644965182112552 [m/s], u_in_inlet = 94.9706593522077 [m/s]
----------------------------------------------------------------------------------------------
----------------------------------------------------------------------------------------------
Time iteration 168: delta_t = 1.97992355356887e-08 [s], time = 3.339582145719935e-06 [s]
----------------------------------------------------------------------------------------------
P_inlet = 147.32277607275367 [bar], T_inlet = 596.9229931342022 [K], V_inlet = 96.29711708864448 [m/s]
P_outlet = 149.9994558307848 [bar], T_outlet = 599.9993780898576 [K], Ma_outlet = 0.20027633065213918
u_g_inlet = -0.5626839742224843 [m/s], u_in_inlet = 94.94368861936807 [m/s]
----------------------------------------------------------------------------------------------
----------------------------------------------------------------------------------------------
Time iteration 169: delta_t = 1.9798453236458947e-08 [s], time = 3.3593813812556236e-06 [s]
----------------------------------------------------------------------------------------------
P_inlet = 147.32170477774267 [bar], T_inlet = 596.9217874677629 [K], V_inlet = 96.27844883432688 [m/s]
P_outlet = 149.99939618294806 [bar], T_outlet = 599.9993099205161 [K], Ma_outlet = 0.20027638773263304
u_g_inlet = -0.5608791738704342 [m/s], u_in_inlet = 94.91674973898657 [m/s]
----------------------------------------------------------------------------------------------
----------------------------------------------------------------------------------------------
Time iteration 170: delta_t = 1.9797723263735498e-08 [s], time = 3.3791798344920826e-06 [s]
----------------------------------------------------------------------------------------------
P_inlet = 147.32069963292938 [bar], T_inlet = 596.9206578829346 [K], V_inlet = 96.25971224959777 [m/s]
P_outlet = 149.9993307458001 [bar], T_outlet = 599.9992351347555 [K], Ma_outlet = 0.2002764498478483
u_g_inlet = -0.5590820767144633 [m/s], u_in_inlet = 94.88984252243404 [m/s]
----------------------------------------------------------------------------------------------
----------------------------------------------------------------------------------------------
Time iteration 171: delta_t = 1.9797043318859934e-08 [s], time = 3.3989775577558183e-06 [s]
----------------------------------------------------------------------------------------------
P_inlet = 147.31976078774184 [bar], T_inlet = 596.9196045642011 [K], V_inlet = 96.24090387671333 [m/s]
P_outlet = 149.99925903584747 [bar], T_outlet = 599.9991531800013 [K], Ma_outlet = 0.20027651736646335
u_g_inlet = -0.5572926428170226 [m/s], u_in_inlet = 94.86296678548231 [m/s]
----------------------------------------------------------------------------------------------
----------------------------------------------------------------------------------------------
Time iteration 172: delta_t = 1.9796411164582306e-08 [s], time = 3.418774601074678e-06 [s]
----------------------------------------------------------------------------------------------
P_inlet = 147.3188883114833 [bar], T_inlet = 596.9186276037922 [K], V_inlet = 96.22202030924316 [m/s]
P_outlet = 149.99918053658237 [bar], T_outlet = 599.9990634659462 [K], Ma_outlet = 0.20027659067758877
u_g_inlet = -0.5555108327321306 [m/s], u_in_inlet = 94.8361223481988 [m/s]
----------------------------------------------------------------------------------------------
----------------------------------------------------------------------------------------------
Time iteration 173: delta_t = 1.9795824627688853e-08 [s], time = 3.4385710122392604e-06 [s]
----------------------------------------------------------------------------------------------
P_inlet = 147.31808219273756 [bar], T_inlet = 596.9177270009825 [K], V_inlet = 96.20305819778456 [m/s]
P_outlet = 149.9990946968416 [bar], T_outlet = 599.9989653626749 [K], Ma_outlet = 0.2002766701913941
u_g_inlet = -0.5537366074939576 [m/s], u_in_inlet = 94.80930903483596 [m/s]
----------------------------------------------------------------------------------------------
----------------------------------------------------------------------------------------------
Time iteration 174: delta_t = 1.9795281601656254e-08 [s], time = 3.4583668368669494e-06 [s]
----------------------------------------------------------------------------------------------
P_inlet = 147.31734233906136 [bar], T_inlet = 596.9169026617213 [K], V_inlet = 96.18401425554197 [m/s]
P_outlet = 149.99900092912958 [bar], T_outlet = 599.9988581987463 [K], Ma_outlet = 0.20027675633971903
u_g_inlet = -0.5519699286047075 [m/s], u_in_inlet = 94.78252667371744 [m/s]
----------------------------------------------------------------------------------------------
----------------------------------------------------------------------------------------------
Time iteration 175: delta_t = 1.979478004825372e-08 [s], time = 3.4781621184686057e-06 [s]
----------------------------------------------------------------------------------------------
P_inlet = 147.3166685769606 [bar], T_inlet = 596.916154398589 [K], V_inlet = 96.16488526375248 [m/s]
P_outlet = 149.998898607907 [bar], T_outlet = 599.9987412592393 [K], Ma_outlet = 0.2002768495766646
u_g_inlet = -0.5502107580230284 [m/s], u_in_inlet = 94.75577509712053 [m/s]
----------------------------------------------------------------------------------------------
----------------------------------------------------------------------------------------------
Time iteration 176: delta_t = 1.9794317998571314e-08 [s], time = 3.4979568985168594e-06 [s]
----------------------------------------------------------------------------------------------
P_inlet = 147.31606065215144 [bar], T_inlet = 596.9154819310799 [K], V_inlet = 96.14566807693721 [m/s]
P_outlet = 149.99878706784858 [bar], T_outlet = 599.9986137837584 [K], Ma_outlet = 0.20027695037916188
u_g_inlet = -0.5484590581516833 [m/s], u_in_inlet = 94.72905414115702 [m/s]
----------------------------------------------------------------------------------------------
----------------------------------------------------------------------------------------------
Time iteration 177: delta_t = 1.9793893553676054e-08 [s], time = 3.5177512165154306e-06 [s]
----------------------------------------------------------------------------------------------
P_inlet = 147.31551823010054 [bar], T_inlet = 596.9148848862098 [K], V_inlet = 96.12635962796216 [m/s]
P_outlet = 149.99866560207195 [bar], T_outlet = 599.9984749644116 [K], Ma_outlet = 0.20027705924751535
u_g_inlet = -0.5467147918257613 [m/s], u_in_inlet = 94.70236364565228 [m/s]
----------------------------------------------------------------------------------------------
----------------------------------------------------------------------------------------------
Time iteration 178: delta_t = 1.979350488484035e-08 [s], time = 3.537545110069107e-06 [s]
----------------------------------------------------------------------------------------------
P_inlet = 147.31504089684114 [bar], T_inlet = 596.9143627994393 [K], V_inlet = 96.10695693289016 [m/s]
P_outlet = 149.99853346034146 [bar], T_outlet = 599.9983239437555 [K], Ma_outlet = 0.2002771767059169
u_g_inlet = -0.544977922300479 [m/s], u_in_inlet = 94.67570345402387 [m/s]
----------------------------------------------------------------------------------------------
----------------------------------------------------------------------------------------------
Time iteration 179: delta_t = 1.9793150233390233e-08 [s], time = 3.557338614953947e-06 [s]
----------------------------------------------------------------------------------------------
P_inlet = 147.31462816005822 [bar], T_inlet = 596.9139151159056 [K], V_inlet = 96.08745709560925 [m/s]
P_outlet = 149.9983898472502 [bar], T_outlet = 599.9981598127179 [K], Ma_outlet = 0.2002773033029291
u_g_inlet = -0.5432484132395634 [m/s], u_in_inlet = 94.64907341316008 [m/s]
----------------------------------------------------------------------------------------------
----------------------------------------------------------------------------------------------
Time iteration 180: delta_t = 1.9792827910217335e-08 [s], time = 3.5771317651873374e-06 [s]
----------------------------------------------------------------------------------------------
P_inlet = 147.31427945043524 [bar], T_inlet = 596.9135411919603 [K], V_inlet = 96.0678573122218 [m/s]
P_outlet = 149.99823392038326 [bar], T_outlet = 599.9979816084974 [K], Ma_outlet = 0.20027743961193153
u_g_inlet = -0.541526228703366 [m/s], u_in_inlet = 94.6224733732989 [m/s]
----------------------------------------------------------------------------------------------
----------------------------------------------------------------------------------------------
Time iteration 181: delta_t = 1.9792536294996143e-08 [s], time = 3.596924593097555e-06 [s]
----------------------------------------------------------------------------------------------
P_inlet = 147.3139941232537 [bar], T_inlet = 596.9132402969938 [K], V_inlet = 96.04815487518128 [m/s]
P_outlet = 149.9980647884666 [bar], T_outlet = 599.997788312447 [K], Ma_outlet = 0.20027758623153039
u_g_inlet = -0.5398113331372935 [m/s], u_in_inlet = 94.59590318790772 [m/s]
----------------------------------------------------------------------------------------------
----------------------------------------------------------------------------------------------
Time iteration 182: delta_t = 1.979227383514501e-08 [s], time = 3.616717129392551e-06 [s]
----------------------------------------------------------------------------------------------
P_inlet = 147.31377146023567 [bar], T_inlet = 596.9130116155425 [K], V_inlet = 96.02834717716466 [m/s]
P_outlet = 149.99788150950593 [bar], T_outlet = 599.9975788479471 [K], Ma_outlet = 0.20027774378592478
u_g_inlet = -0.5381036913606896 [m/s], u_in_inlet = 94.5693627135645 [m/s]
----------------------------------------------------------------------------------------------
----------------------------------------------------------------------------------------------
Time iteration 183: delta_t = 1.979203904456695e-08 [s], time = 3.6365094032276957e-06 [s]
----------------------------------------------------------------------------------------------
P_inlet = 147.31361067161768 [bar], T_inlet = 596.9128542496626 [K], V_inlet = 96.0084317146694 [m/s]
P_outlet = 149.99768308891876 [bar], T_outlet = 599.9973520782685 [K], Ma_outlet = 0.20027791292522942
u_g_inlet = -0.5364032685556486 [m/s], u_in_inlet = 94.54285180984029 [m/s]
----------------------------------------------------------------------------------------------
----------------------------------------------------------------------------------------------
Time iteration 184: delta_t = 1.9791830502203166e-08 [s], time = 3.6563014422722626e-06 [s]
----------------------------------------------------------------------------------------------
P_inlet = 147.31351089844517 [bar], T_inlet = 596.9127672215576 [K], V_inlet = 95.98840609132552 [m/s]
P_outlet = 149.9974684776658 [bar], T_outlet = 599.9971068044358 [K], Ma_outlet = 0.20027809432574822
u_g_inlet = -0.5347100302563064 [m/s], u_in_inlet = 94.51637033918384 [m/s]
----------------------------------------------------------------------------------------------
----------------------------------------------------------------------------------------------
Time iteration 185: delta_t = 1.9791646850429773e-08 [s], time = 3.676093272774466e-06 [s]
----------------------------------------------------------------------------------------------
P_inlet = 147.31347121507275 [bar], T_inlet = 596.9127494764429 [K], V_inlet = 95.96826802091476 [m/s]
P_outlet = 149.99723657038467 [bar], T_outlet = 599.9968417630943 [K], Ma_outlet = 0.20027828869019654
u_g_inlet = -0.5330239423384954 [m/s], u_in_inlet = 94.48991816680805 [m/s]
----------------------------------------------------------------------------------------------
----------------------------------------------------------------------------------------------
Time iteration 186: delta_t = 1.9791486793325435e-08 [s], time = 3.6958849196248957e-06 [s]
----------------------------------------------------------------------------------------------
P_inlet = 147.313490631858 [bar], T_inlet = 596.912799885635 [K], V_inlet = 95.94801533009026 [m/s]
P_outlet = 149.99698620353294 [bar], T_outlet = 599.9965556243858 [K], Ma_outlet = 0.20027849674786938
u_g_inlet = -0.5313449710096052 [m/s], u_in_inlet = 94.46349516057892 [m/s]
----------------------------------------------------------------------------------------------
----------------------------------------------------------------------------------------------
Time iteration 187: delta_t = 1.9791349094835215e-08 [s], time = 3.7156764064182213e-06 [s]
----------------------------------------------------------------------------------------------
P_inlet = 147.31356809803358 [bar], T_inlet = 596.912917249846 [K], V_inlet = 95.92764596079137 [m/s]
P_outlet = 149.99671615354362 [bar], T_outlet = 599.9962469898383 [K], Ma_outlet = 0.20027871925475155
u_g_inlet = -0.5296730827989033 [m/s], u_in_inlet = 94.43710119090667 [m/s]
----------------------------------------------------------------------------------------------
----------------------------------------------------------------------------------------------
Time iteration 188: delta_t = 1.979123257685331e-08 [s], time = 3.7354677555130564e-06 [s]
----------------------------------------------------------------------------------------------
P_inlet = 147.31370250474274 [bar], T_inlet = 596.913100302666 [K], V_inlet = 95.9071579723499 [m/s]
P_outlet = 149.99642513500015 [bar], T_outlet = 599.9959143902793 [K], Ma_outlet = 0.2002789569935668
u_g_inlet = -0.5280082445483197 [m/s], u_in_inlet = 94.4107361306395 [m/s]
----------------------------------------------------------------------------------------------
----------------------------------------------------------------------------------------------
Time iteration 189: delta_t = 1.9791136117245174e-08 [s], time = 3.7552589880899097e-06 [s]
----------------------------------------------------------------------------------------------
P_inlet = 147.31389268822275 [bar], T_inlet = 596.9133477142167 [K], V_inlet = 95.88654954328524 [m/s]
P_outlet = 149.9961117988358 [bar], T_outlet = 599.9955562837763 [K], Ma_outlet = 0.20027921077376437
u_g_inlet = -0.5263504234035263 [m/s], u_in_inlet = 94.38439985495985 [m/s]
----------------------------------------------------------------------------------------------
----------------------------------------------------------------------------------------------
Time iteration 190: delta_t = 1.9791058647827342e-08 [s], time = 3.775050124207155e-06 [s]
----------------------------------------------------------------------------------------------
P_inlet = 147.3141374331201 [bar], T_inlet = 596.9136580949594 [K], V_inlet = 95.86581897278742 [m/s]
P_outlet = 149.9957747305629 [bar], T_outlet = 599.9951710536095 [K], Ma_outlet = 0.2002794814314378
u_g_inlet = -0.5246995868055089 [m/s], u_in_inlet = 94.3580922412832 [m/s]
----------------------------------------------------------------------------------------------
----------------------------------------------------------------------------------------------
Time iteration 191: delta_t = 1.9790999152321083e-08 [s], time = 3.7948411828549825e-06 [s]
----------------------------------------------------------------------------------------------
P_inlet = 147.31443547592136 [bar], T_inlet = 596.9140299996329 [K], V_inlet = 95.84496468188863 [m/s]
P_outlet = 149.99541244853853 [bar], T_outlet = 599.9947570062892 [K], Ma_outlet = 0.20027976982917614
u_g_inlet = -0.5230557024827985 [m/s], u_in_inlet = 94.3318131691594 [m/s]
----------------------------------------------------------------------------------------------
----------------------------------------------------------------------------------------------
Time iteration 192: delta_t = 1.9790956664294255e-08 [s], time = 3.8146321820073035e-06 [s]
----------------------------------------------------------------------------------------------
P_inlet = 147.31478550848328 [bar], T_inlet = 596.9144619313093 [K], V_inlet = 95.82398521432431 [m/s]
P_outlet = 149.99502340227247 [bar], T_outlet = 599.9943123696171 [K], Ma_outlet = 0.2002800768558424
u_g_inlet = -0.5214187384437532 [m/s], u_in_inlet = 94.30556252017665 [m/s]
----------------------------------------------------------------------------------------------
----------------------------------------------------------------------------------------------
Time iteration 193: delta_t = 1.9790930265103756e-08 [s], time = 3.834423138671598e-06 [s]
----------------------------------------------------------------------------------------------
P_inlet = 147.3151861816457 [bar], T_inlet = 596.9149523455458 [K], V_inlet = 95.80287923708738 [m/s]
P_outlet = 149.994605970783 [bar], T_outlet = 599.9938352908068 [K], Ma_outlet = 0.20028040342627873
u_g_inlet = -0.5197886629698121 [m/s], u_in_inlet = 94.27934017786787 [m/s]
----------------------------------------------------------------------------------------------
----------------------------------------------------------------------------------------------
Time iteration 194: delta_t = 1.9790919081849918e-08 [s], time = 3.854214068936702e-06 [s]
----------------------------------------------------------------------------------------------
P_inlet = 147.31563610891033 [bar], T_inlet = 596.9154996546102 [K], V_inlet = 95.78164554067932 [m/s]
P_outlet = 149.9941584610079 [bar], T_outlet = 599.9933238346625 [K], Ma_outlet = 0.20028075048093474
u_g_inlet = -0.5181654446089826 [m/s], u_in_inlet = 94.25314602761945 [m/s]
----------------------------------------------------------------------------------------------
----------------------------------------------------------------------------------------------
Time iteration 195: delta_t = 1.9790922285349902e-08 [s], time = 3.874004988018551e-06 [s]
----------------------------------------------------------------------------------------------
P_inlet = 147.31613387016978 [bar], T_inlet = 596.9161022317685 [K], V_inlet = 95.76028303906358 [m/s]
P_outlet = 149.9936791062762 [bar], T_outlet = 599.9927759818294 [K], Ma_outlet = 0.2002811189854186
u_g_inlet = -0.516549052170007 [m/s], u_in_inlet = 94.2269799565823 [m/s]
----------------------------------------------------------------------------------------------
----------------------------------------------------------------------------------------------
Time iteration 196: delta_t = 1.9790939088141536e-08 [s], time = 3.8937959103039015e-06 [s]
----------------------------------------------------------------------------------------------
P_inlet = 147.31667801547027 [bar], T_inlet = 596.9167584156094 [K], V_inlet = 95.73879076932762 [m/s]
P_outlet = 149.99316606484737 [bar], T_outlet = 599.9921896271214 [K], Ma_outlet = 0.2002815099299671
u_g_inlet = -0.5149394547170073 [m/s], u_in_inlet = 94.20084185358509 [m/s]
----------------------------------------------------------------------------------------------
----------------------------------------------------------------------------------------------
Time iteration 197: delta_t = 1.979096874252312e-08 [s], time = 3.913586849392043e-06 [s]
----------------------------------------------------------------------------------------------
P_inlet = 147.31726706879164 [bar], T_inlet = 596.9174665143908 [K], V_inlet = 95.71716789106134 [m/s]
P_outlet = 149.9926174185245 [bar], T_outlet = 599.9915625779299 [K], Ma_outlet = 0.20028192432883454
u_g_inlet = -0.513336621564809 [m/s], u_in_inlet = 94.17473160904963 [m/s]
----------------------------------------------------------------------------------------------
----------------------------------------------------------------------------------------------
Time iteration 198: delta_t = 1.9791010538634248e-08 [s], time = 3.9333778181345665e-06 [s]
----------------------------------------------------------------------------------------------
P_inlet = 147.31789953183034 [bar], T_inlet = 596.9182248103893 [K], V_inlet = 95.69541368546004 [m/s]
P_outlet = 149.9920311713483 [bar], T_outlet = 599.9908925527284 [K], Ma_outlet = 0.20028236321959852
u_g_inlet = -0.5117405222747923 [m/s], u_in_inlet = 94.14864911490812 [m/s]
----------------------------------------------------------------------------------------------
----------------------------------------------------------------------------------------------
Time iteration 199: delta_t = 1.979106380247835e-08 [s], time = 3.953168828673201e-06 [s]
----------------------------------------------------------------------------------------------
P_inlet = 147.31857388776905 [bar], T_inlet = 596.9190315642363 [K], V_inlet = 95.67352755416132 [m/s]
P_outlet = 149.9914052483776 [bar], T_outlet = 599.9901771796722 [K], Ma_outlet = 0.20028282766238142
u_g_inlet = -0.5101511266514513 [m/s], u_in_inlet = 94.12259426452233 [m/s]
----------------------------------------------------------------------------------------------
----------------------------------------------------------------------------------------------
Time iteration 200: delta_t = 1.979112789298582e-08 [s], time = 3.97295989247568e-06 [s]
----------------------------------------------------------------------------------------------
P_inlet = 147.3192886050196 [bar], T_inlet = 596.9198850192231 [K], V_inlet = 95.65150901782653 [m/s]
P_outlet = 149.99073749456392 [bar], T_outlet = 599.9894139953074 [K], Ma_outlet = 0.20028331873898678
u_g_inlet = -0.5085684047394391 [m/s], u_in_inlet = 94.09656695260422 [m/s]
----------------------------------------------------------------------------------------------
----------------------------------------------------------------------------------------------
Time iteration 201: delta_t = 1.9791202202908665e-08 [s], time = 3.992751020368666e-06 [s]
----------------------------------------------------------------------------------------------
P_inlet = 147.32004214092385 [bar], T_inlet = 596.9207834055583 [K], V_inlet = 95.6293577144778 [m/s]
P_outlet = 149.99002567372588 [bar], T_outlet = 599.9886004433922 [K], Ma_outlet = 0.20028383755195023
u_g_inlet = -0.5069923268217101 [m/s], u_in_inlet = 94.07056707513915 [m/s]
----------------------------------------------------------------------------------------------
----------------------------------------------------------------------------------------------
Time iteration 202: delta_t = 1.9791286155719652e-08 [s], time = 4.012542222571575e-06 [s]
----------------------------------------------------------------------------------------------
P_inlet = 147.32083294540038 [bar], T_inlet = 596.9217249445642 [K], V_inlet = 95.60707339760029 [m/s]
P_outlet = 149.98926746763047 [bar], T_outlet = 599.9877338738411 [K], Ma_outlet = 0.2002843852235033
u_g_inlet = -0.5054228634177615 [m/s], u_in_inlet = 94.04459452930911 [m/s]
----------------------------------------------------------------------------------------------
----------------------------------------------------------------------------------------------
Time iteration 203: delta_t = 1.9791379203839147e-08 [s], time = 4.032333508727294e-06 [s]
----------------------------------------------------------------------------------------------
P_inlet = 147.32165946452406 [bar], T_inlet = 596.9227078527958 [K], V_inlet = 95.58465593402346 [m/s]
P_outlet = 149.98846047518668 [bar], T_outlet = 599.9868115417953 [K], Ma_outlet = 0.20028496289445216
u_g_inlet = -0.5038599852830402 [m/s], u_in_inlet = 94.01864921341615 [m/s]
----------------------------------------------------------------------------------------------
----------------------------------------------------------------------------------------------
Time iteration 204: delta_t = 1.9791480827041318e-08 [s], time = 4.052124887931133e-06 [s]
----------------------------------------------------------------------------------------------
P_inlet = 147.3225201440259 [bar], T_inlet = 596.92373034607 [K], V_inlet = 95.56210530159434 [m/s]
P_outlet = 149.9876022117587 [bar], T_outlet = 599.9858306068302 [K], Ma_outlet = 0.20028557172296899
u_g_inlet = -0.5023036634089377 [m/s], u_in_inlet = 93.99273102680807 [m/s]
----------------------------------------------------------------------------------------------
----------------------------------------------------------------------------------------------
Time iteration 205: delta_t = 1.979159053090821e-08 [s], time = 4.071916368758174e-06 [s]
----------------------------------------------------------------------------------------------
P_inlet = 147.32341343270264 [bar], T_inlet = 596.9247906433889 [K], V_inlet = 95.53942158665848 [m/s]
P_outlet = 149.98669010860448 [bar], T_outlet = 599.9847881323055 [K], Ma_outlet = 0.2002862128832989
u_g_inlet = -0.5007538690236315 [m/s], u_in_inlet = 93.96683986980437 [m/s]
----------------------------------------------------------------------------------------------
----------------------------------------------------------------------------------------------
Time iteration 206: delta_t = 1.9791707845340045e-08 [s], time = 4.091707959289082e-06 [s]
----------------------------------------------------------------------------------------------
P_inlet = 147.32433778571843 [bar], T_inlet = 596.9258869707422 [K], V_inlet = 95.51660498148885 [m/s]
P_outlet = 149.98572151244517 [bar], T_outlet = 599.9836810848644 [K], Ma_outlet = 0.2002868875643807
u_g_inlet = -0.49921057359362947 [m/s], u_in_inlet = 93.94097564362316 [m/s]
----------------------------------------------------------------------------------------------
----------------------------------------------------------------------------------------------
Time iteration 207: delta_t = 1.979183232312167e-08 [s], time = 4.1114996671344225e-06 [s]
----------------------------------------------------------------------------------------------
P_inlet = 147.32529166781862 [bar], T_inlet = 596.9270175648094 [K], V_inlet = 95.49365578110462 [m/s]
P_outlet = 149.9846936851719 [bar], T_outlet = 599.9825063340879 [K], Ma_outlet = 0.20028759696838455
u_g_inlet = -0.4976737488264342 [m/s], u_in_inlet = 93.91513825030802 [m/s]
----------------------------------------------------------------------------------------------
----------------------------------------------------------------------------------------------
Time iteration 208: delta_t = 1.979196353854507e-08 [s], time = 4.131291499457544e-06 [s]
----------------------------------------------------------------------------------------------
P_inlet = 147.32627355640733 [bar], T_inlet = 596.9281806765031 [K], V_inlet = 95.47057438040011 [m/s]
P_outlet = 149.98360380369573 [bar], T_outlet = 599.9812606523135 [K], Ma_outlet = 0.20028834230916673
u_g_inlet = -0.4961433666737896 [m/s], u_in_inlet = 93.8893275926551 [m/s]
----------------------------------------------------------------------------------------------
----------------------------------------------------------------------------------------------
Time iteration 209: delta_t = 1.9792101086087554e-08 [s], time = 4.151083462996089e-06 [s]
----------------------------------------------------------------------------------------------
P_inlet = 147.32728194449035 [bar], T_inlet = 596.9293745743589 [K], V_inlet = 95.44736127103236 [m/s]
P_outlet = 149.98244895994458 [bar], T_outlet = 599.9799407146199 [K], Ma_outlet = 0.20028912481064334
u_g_inlet = -0.4946193993361504 [m/s], u_in_inlet = 93.86354357414025 [m/s]
----------------------------------------------------------------------------------------------
----------------------------------------------------------------------------------------------
Time iteration 210: delta_t = 1.9792244579144902e-08 [s], time = 4.170875564082177e-06 [s]
----------------------------------------------------------------------------------------------
P_inlet = 147.32831534349756 [bar], T_inlet = 596.9305975477887 [K], V_inlet = 95.42401703810604 [m/s]
P_outlet = 149.98122616101463 [bar], T_outlet = 599.9785430989889 [K], Ma_outlet = 0.20028994570508538
u_g_inlet = -0.4931018192678766 [m/s], u_in_inlet = 93.83778609884523 [m/s]
----------------------------------------------------------------------------------------------
----------------------------------------------------------------------------------------------
Time iteration 211: delta_t = 1.9792393648818823e-08 [s], time = 4.1906678086613215e-06 [s]
----------------------------------------------------------------------------------------------
P_inlet = 147.3293722859631 [bar], T_inlet = 596.9318479101692 [K], V_inlet = 95.40054235675498 [m/s]
P_outlet = 149.97993232947888 [bar], T_outlet = 599.9770642866438 [K], Ma_outlet = 0.20029080623133613
u_g_inlet = -0.49159059918348175 [m/s], u_in_inlet = 93.81205507138407 [m/s]
----------------------------------------------------------------------------------------------
----------------------------------------------------------------------------------------------
Time iteration 212: delta_t = 1.9792547942757688e-08 [s], time = 4.21046020231014e-06 [s]
----------------------------------------------------------------------------------------------
P_inlet = 147.3304513280594 [bar], T_inlet = 596.9331240017634 [K], V_inlet = 95.37693798863927 [m/s]
P_outlet = 149.97856430385912 [bar], T_outlet = 599.9755006625758 [K], Ma_outlet = 0.20029170763295578
u_g_inlet = -0.4900857120652378 [m/s], u_in_inlet = 93.78635039682801 [m/s]
----------------------------------------------------------------------------------------------
----------------------------------------------------------------------------------------------
Time iteration 213: delta_t = 1.9792707124049722e-08 [s], time = 4.230252750252898e-06 [s]
----------------------------------------------------------------------------------------------
P_inlet = 147.3315510519818 [bar], T_inlet = 596.9344241924708 [K], V_inlet = 95.3532047783583 [m/s]
P_outlet = 149.97711883926456 [bar], T_outlet = 599.9738485162595 [K], Ma_outlet = 0.2002926511562928
u_g_inlet = -0.4885871311713547 [m/s], u_in_inlet = 93.76067198062987 [m/s]
----------------------------------------------------------------------------------------------
----------------------------------------------------------------------------------------------
Time iteration 214: delta_t = 1.97928708701675e-08 [s], time = 4.2500454573769475e-06 [s]
----------------------------------------------------------------------------------------------
P_inlet = 147.33267006817994 [bar], T_inlet = 596.9357468844012 [K], V_inlet = 95.32934364979293 [m/s]
P_outlet = 149.97559260820125 [bar], T_outlet = 599.9721040425618 [K], Ma_outlet = 0.2002936380484884
u_g_inlet = -0.48709483004579285 [m/s], u_in_inlet = 93.73501972854663 [m/s]
----------------------------------------------------------------------------------------------
----------------------------------------------------------------------------------------------
Time iteration 215: delta_t = 1.9793038871962834e-08 [s], time = 4.2698383282471145e-06 [s]
----------------------------------------------------------------------------------------------
P_inlet = 147.33380701743326 [bar], T_inlet = 596.9370905142691 [K], V_inlet = 95.30535560239052 [m/s]
P_outlet = 149.97398220155662 [bar], T_outlet = 599.9702633428502 [K], Ma_outlet = 0.20029466955541533
u_g_inlet = -0.4856087825290517 [m/s], u_in_inlet = 93.70939354656105 [m/s]
----------------------------------------------------------------------------------------------
----------------------------------------------------------------------------------------------
Time iteration 216: delta_t = 1.9793210832710727e-08 [s], time = 4.289631367119077e-06 [s]
----------------------------------------------------------------------------------------------
P_inlet = 147.33496057276915 [bar], T_inlet = 596.9384535556097 [K], V_inlet = 95.28124170740568 [m/s]
P_outlet = 149.97228412976114 [bar], T_outlet = 599.968322426304 [K], Ma_outlet = 0.20029574691955526
u_g_inlet = -0.48412896277010226 [m/s], u_in_inlet = 93.68379334080093 [m/s]
----------------------------------------------------------------------------------------------
----------------------------------------------------------------------------------------------
Time iteration 217: delta_t = 1.979338646720158e-08 [s], time = 4.3094245779517875e-06 [s]
----------------------------------------------------------------------------------------------
P_inlet = 147.33612944122171 [bar], T_inlet = 596.9398345208084 [K], V_inlet = 95.25700310410961 [m/s]
P_outlet = 149.97049482413112 [bar], T_outlet = 599.966277211429 [K], Ma_outlet = 0.2002968713778197
u_g_inlet = -0.48265534524008147 [m/s], u_in_inlet = 93.65821901745682 [m/s]
----------------------------------------------------------------------------------------------
----------------------------------------------------------------------------------------------
Time iteration 218: delta_t = 1.979356550088162e-08 [s], time = 4.3292179644189894e-06 [s]
----------------------------------------------------------------------------------------------
P_inlet = 147.3373123654315 [bar], T_inlet = 596.9412319629507 [K], V_inlet = 95.23264099598009 [m/s]
P_outlet = 149.96861063839407 [bar], T_outlet = 599.9641235277817 [K], Ma_outlet = 0.20029804415931624
u_g_inlet = -0.48118790474676243 [m/s], u_in_inlet = 93.6326704826971 [m/s]
----------------------------------------------------------------------------------------------
----------------------------------------------------------------------------------------------
Time iteration 219: delta_t = 1.9793747669039224e-08 [s], time = 4.349011529919871e-06 [s]
----------------------------------------------------------------------------------------------
P_inlet = 147.33850812508618 [bar], T_inlet = 596.942644477488 [K], V_inlet = 95.20815664688423 [m/s]
P_outlet = 149.96662785039985 [bar], T_outlet = 599.961857117905 [K], Ma_outlet = 0.20029926648306756
u_g_inlet = -0.4797266164509907 [m/s], u_in_inlet = 93.60714764258078 [m/s]
----------------------------------------------------------------------------------------------
----------------------------------------------------------------------------------------------
Time iteration 220: delta_t = 1.9793932716037095e-08 [s], time = 4.368805277588911e-06 [s]
----------------------------------------------------------------------------------------------
P_inlet = 147.33971553820317 [bar], T_inlet = 596.9440707037215 [K], V_inlet = 95.18355137726522 [m/s]
P_outlet = 149.96454266401756 [bar], T_outlet = 599.9594736394722 [K], Ma_outlet = 0.2003005395556853
u_g_inlet = -0.4782714558841416 [m/s], u_in_inlet = 93.58165040296731 [m/s]
----------------------------------------------------------------------------------------------
----------------------------------------------------------------------------------------------
Time iteration 221: delta_t = 1.9794120394589174e-08 [s], time = 4.388599210304948e-06 [s]
----------------------------------------------------------------------------------------------
P_inlet = 147.34093346225595 [bar], T_inlet = 596.9455093261079 [K], V_inlet = 95.15882656034398 [m/s]
P_outlet = 149.9623512112209 [bar], T_outlet = 599.95696866765 [K], Ma_outlet = 0.20030186456900514
u_g_inlet = -0.47682239896765494 [m/s], u_in_inlet = 93.55617866942319 [m/s]
----------------------------------------------------------------------------------------------
----------------------------------------------------------------------------------------------
Time iteration 222: delta_t = 1.9794310465081315e-08 [s], time = 4.4083933306995376e-06 [s]
----------------------------------------------------------------------------------------------
P_inlet = 147.34216079514593 [bar], T_inlet = 596.9469590753858 [K], V_inlet = 95.13398361834628 [m/s]
P_outlet = 149.96004955436183 [bar], T_outlet = 599.9543376976708 [K], Ma_outlet = 0.20030324269768784
u_g_inlet = -0.47537942203369205 [m/s], u_in_inlet = 93.53073234712564 [m/s]
----------------------------------------------------------------------------------------------
----------------------------------------------------------------------------------------------
Time iteration 223: delta_t = 1.9794500978282485e-08 [s], time = 4.428187641164619e-06 [s]
----------------------------------------------------------------------------------------------
P_inlet = 147.34339647602323 [bar], T_inlet = 596.9484187295296 [K], V_inlet = 95.10902401876473 [m/s]
P_outlet = 149.95763368863263 [bar], T_outlet = 599.9515761476221 [K], Ma_outlet = 0.20030467509679084
u_g_inlet = -0.4739425018477837 [m/s], u_in_inlet = 93.50531134076212 [m/s]
----------------------------------------------------------------------------------------------
----------------------------------------------------------------------------------------------
Time iteration 224: delta_t = 1.979469298838204e-08 [s], time = 4.4479821421429015e-06 [s]
----------------------------------------------------------------------------------------------
P_inlet = 147.34463948589323 [bar], T_inlet = 596.9498871144572 [K], V_inlet = 95.0839492723 [m/s]
P_outlet = 149.95509954488628 [bar], T_outlet = 599.9486793616438 [K], Ma_outlet = 0.2003061628992637
u_g_inlet = -0.4725116156850486 [m/s], u_in_inlet = 93.47991555554306 [m/s]
----------------------------------------------------------------------------------------------
----------------------------------------------------------------------------------------------
Time iteration 225: delta_t = 1.979488682895776e-08 [s], time = 4.467776835131284e-06 [s]
----------------------------------------------------------------------------------------------
P_inlet = 147.3458888482162 [bar], T_inlet = 596.9513631047262 [K], V_inlet = 95.05876092693718 [m/s]
P_outlet = 149.95244299226488 [bar], T_outlet = 599.9456426129047 [K], Ma_outlet = 0.20030770721348498
u_g_inlet = -0.47108674133962275 [m/s], u_in_inlet = 93.45454489623552 [m/s]
----------------------------------------------------------------------------------------------
----------------------------------------------------------------------------------------------
Time iteration 226: delta_t = 1.979508228003794e-08 [s], time = 4.487571721960242e-06 [s]
----------------------------------------------------------------------------------------------
P_inlet = 147.34714362943268 [bar], T_inlet = 596.9528456241881 [K], V_inlet = 95.03346055438135 [m/s]
P_outlet = 149.9496598411789 [bar], T_outlet = 599.9424611069782 [K], Ma_outlet = 0.20030930912089337
u_g_inlet = -0.46966785704327335 [m/s], u_in_inlet = 93.42919926560842 [m/s]
----------------------------------------------------------------------------------------------
----------------------------------------------------------------------------------------------
Time iteration 227: delta_t = 1.9795279126837598e-08 [s], time = 4.507366804240279e-06 [s]
----------------------------------------------------------------------------------------------
P_inlet = 147.3484029305605 [bar], T_inlet = 596.9543336363034 [K], V_inlet = 95.00804967244557 [m/s]
P_outlet = 149.94674584658398 [bar], T_outlet = 599.9391299855577 [K], Ma_outlet = 0.20031096967346113
u_g_inlet = -0.46825494154635855 [m/s], u_in_inlet = 93.40387856514896 [m/s]
----------------------------------------------------------------------------------------------
----------------------------------------------------------------------------------------------
Time iteration 228: delta_t = 1.979547715931719e-08 [s], time = 4.527162083367117e-06 [s]
----------------------------------------------------------------------------------------------
P_inlet = 147.34966590387828 [bar], T_inlet = 596.9558261631419 [K], V_inlet = 94.98252982848847 [m/s]
P_outlet = 149.94369671139054 [bar], T_outlet = 599.9356443303238 [K], Ma_outlet = 0.20031268989118187
u_g_inlet = -0.46684797417413393 [m/s], u_in_inlet = 93.3785826952959 [m/s]
----------------------------------------------------------------------------------------------
----------------------------------------------------------------------------------------------
Time iteration 229: delta_t = 1.9795676171780118e-08 [s], time = 4.546957560526434e-06 [s]
----------------------------------------------------------------------------------------------
P_inlet = 147.35093174626334 [bar], T_inlet = 596.9573222783248 [K], V_inlet = 94.95690267198515 [m/s]
P_outlet = 149.9405080900344 [bar], T_outlet = 599.9319991669913 [K], Ma_outlet = 0.20031447075958772
u_g_inlet = -0.46544693486072347 [m/s], u_in_inlet = 93.35331155531071 [m/s]
----------------------------------------------------------------------------------------------
----------------------------------------------------------------------------------------------
Time iteration 230: delta_t = 1.9795875962508073e-08 [s], time = 4.566753236698215e-06 [s]
----------------------------------------------------------------------------------------------
P_inlet = 147.3521996966194 [bar], T_inlet = 596.9588211034223 [K], V_inlet = 94.93116988454899 [m/s]
P_outlet = 149.93717559222446 [bar], T_outlet = 599.928189469561 [K], Ma_outlet = 0.20031631322727966
u_g_inlet = -0.4640518041857035 [m/s], u_in_inlet = 93.3280650431431 [m/s]
----------------------------------------------------------------------------------------------
----------------------------------------------------------------------------------------------
Time iteration 231: delta_t = 1.979607633343333e-08 [s], time = 4.5865491126607224e-06 [s]
----------------------------------------------------------------------------------------------
P_inlet = 147.35346903667613 [bar], T_inlet = 596.9603218091327 [K], V_inlet = 94.90533316560052 [m/s]
P_outlet = 149.9336947868624 [bar], T_outlet = 599.9242101647646 [K], Ma_outlet = 0.20031821820347748
u_g_inlet = -0.46266256341247114 [m/s], u_in_inlet = 93.30284305529061 [m/s]
----------------------------------------------------------------------------------------------
----------------------------------------------------------------------------------------------
Time iteration 232: delta_t = 1.9796277089847144e-08 [s], time = 4.606345188994156e-06 [s]
----------------------------------------------------------------------------------------------
P_inlet = 147.35473909065269 [bar], T_inlet = 596.9618236149054 [K], V_inlet = 94.87939422928748 [m/s]
P_outlet = 149.93006120613103 [bar], T_outlet = 599.9200561367034 [K], Ma_outlet = 0.20032018655559147
u_g_inlet = -0.4612791945293766 [m/s], u_in_inlet = 93.27764548665179 [m/s]
----------------------------------------------------------------------------------------------
----------------------------------------------------------------------------------------------
Time iteration 233: delta_t = 1.979647804014304e-08 [s], time = 4.6261414660840036e-06 [s]
----------------------------------------------------------------------------------------------
P_inlet = 147.35600922481802 [bar], T_inlet = 596.9633257884443 [K], V_inlet = 94.85335480150817 [m/s]
P_outlet = 149.9262703497456 [bar], T_outlet = 599.915722231669 [K], Ma_outlet = 0.20032221910682652
u_g_inlet = -0.4599016802930913 [m/s], u_in_inlet = 93.25247223037294 [m/s]
----------------------------------------------------------------------------------------------
----------------------------------------------------------------------------------------------
Time iteration 234: delta_t = 1.9796678995593995e-08 [s], time = 4.6459379441241465e-06 [s]
----------------------------------------------------------------------------------------------
P_inlet = 147.3572788469535 [bar], T_inlet = 596.9648276450998 [K], V_inlet = 94.82721661703967 [m/s]
P_outlet = 149.92231768936372 [bar], T_outlet = 599.9112032631492 [K], Ma_outlet = 0.200324316633821
u_g_inlet = -0.458530004274526 [m/s], u_in_inlet = 93.22732317768772 [m/s]
----------------------------------------------------------------------------------------------
----------------------------------------------------------------------------------------------
Time iteration 235: delta_t = 1.9796879770162315e-08 [s], time = 4.665734623119741e-06 [s]
----------------------------------------------------------------------------------------------
P_inlet = 147.3585474057251 [bar], T_inlet = 596.9663285471554 [K], V_inlet = 94.80098141677344 [m/s]
P_outlet = 149.9181986731484 [bar], T_outlet = 599.9064940170041 [K], Ma_outlet = 0.20032647986433053
u_g_inlet = -0.4571641509070836 [m/s], u_in_inlet = 93.20219821774933 [m/s]
----------------------------------------------------------------------------------------------
----------------------------------------------------------------------------------------------
Time iteration 236: delta_t = 1.979708018034078e-08 [s], time = 4.685531502889903e-06 [s]
----------------------------------------------------------------------------------------------
P_inlet = 147.35981438997158 [bar], T_inlet = 596.9678279030179 [K], V_inlet = 94.774650945061 [m/s]
P_outlet = 149.91390873047658 [bar], T_outlet = 599.9015892568095 [K], Ma_outlet = 0.20032870947495895
u_g_inlet = -0.455804105537954 [m/s], u_in_inlet = 93.17709723745543 [m/s]
----------------------------------------------------------------------------------------------
----------------------------------------------------------------------------------------------
Time iteration 237: delta_t = 1.979728004502387e-08 [s], time = 4.705328583070244e-06 [s]
----------------------------------------------------------------------------------------------
P_inlet = 147.36107932791583 [bar], T_inlet = 596.9693251663197 [K], V_inlet = 94.74822694717177 [m/s]
P_outlet = 149.90944327679517 [bar], T_outlet = 599.8964837293679 [K], Ma_outlet = 0.2003310060889761
u_g_inlet = -0.45444985448151975 [m/s], u_in_inlet = 93.15202012126497 [m/s]
----------------------------------------------------------------------------------------------
----------------------------------------------------------------------------------------------
Time iteration 238: delta_t = 1.9797479176136848e-08 [s], time = 4.725125863115268e-06 [s]
----------------------------------------------------------------------------------------------
P_inlet = 147.36234178630505 [bar], T_inlet = 596.9708198349379 [K], V_inlet = 94.72171116686408 [m/s]
P_outlet = 149.90479771859935 [bar], T_outlet = 599.8911721703583 [K], Ma_outlet = 0.20033337027414774
u_g_inlet = -0.45310138507591036 [m/s], u_in_inlet = 93.12696675100669 [m/s]
----------------------------------------------------------------------------------------------
----------------------------------------------------------------------------------------------
Time iteration 239: delta_t = 1.9797675064252474e-08 [s], time = 4.744923342291405e-06 [s]
----------------------------------------------------------------------------------------------
P_inlet = 147.36360136948642 [bar], T_inlet = 596.9723114499404 [K], V_inlet = 94.69510534408033 [m/s]
P_outlet = 149.89996745857326 [bar], T_outlet = 599.8856493101713 [K], Ma_outlet = 0.2003358025407969
u_g_inlet = -0.4517586857423476 [m/s], u_in_inlet = 93.10193700568529 [m/s]
----------------------------------------------------------------------------------------------
----------------------------------------------------------------------------------------------
Time iteration 240: delta_t = 1.9797869971766448e-08 [s], time = 4.764721017355658e-06 [s]
----------------------------------------------------------------------------------------------
P_inlet = 147.36485771833827 [bar], T_inlet = 596.9737995943632 [K], V_inlet = 94.66841121510407 [m/s]
P_outlet = 149.89494790119005 [bar], T_outlet = 599.8799098802707 [K], Ma_outlet = 0.20033830333932656
u_g_inlet = -0.45042174611329766 [m/s], u_in_inlet = 93.07693076276455 [m/s]
----------------------------------------------------------------------------------------------
----------------------------------------------------------------------------------------------
Time iteration 241: delta_t = 1.9798063722655076e-08 [s], time = 4.784518887327424e-06 [s]
----------------------------------------------------------------------------------------------
P_inlet = 147.36611050935508 [bar], T_inlet = 596.9752838921634 [K], V_inlet = 94.64163050645496 [m/s]
P_outlet = 149.8897344573763 [bar], T_outlet = 599.8739486184832 [K], Ma_outlet = 0.2003408730585083
u_g_inlet = -0.449090557055137 [m/s], u_in_inlet = 93.05194789635544 [m/s]
----------------------------------------------------------------------------------------------
----------------------------------------------------------------------------------------------
Time iteration 242: delta_t = 1.979825230194721e-08 [s], time = 4.804316951050079e-06 [s]
----------------------------------------------------------------------------------------------
P_inlet = 147.36735945359965 [bar], T_inlet = 596.9767640070305 [K], V_inlet = 94.6147649337591 [m/s]
P_outlet = 149.8843225500517 [bar], T_outlet = 599.8677602752875 [K], Ma_outlet = 0.20034351202387826
u_g_inlet = -0.44776511061082636 [m/s], u_in_inlet = 93.02698827554964 [m/s]
----------------------------------------------------------------------------------------------
----------------------------------------------------------------------------------------------
Time iteration 243: delta_t = 1.9798433967450657e-08 [s], time = 4.824115203352026e-06 [s]
----------------------------------------------------------------------------------------------
P_inlet = 147.36860429538024 [bar], T_inlet = 596.9782396408646 [K], V_inlet = 94.58781620463884 [m/s]
P_outlet = 149.87870762063545 [bar], T_outlet = 599.8613396212127 [K], Ma_outlet = 0.2003462204955934
u_g_inlet = -0.4464454002800461 [m/s], u_in_inlet = 93.0020517681747 [m/s]
----------------------------------------------------------------------------------------------
----------------------------------------------------------------------------------------------
Time iteration 244: delta_t = 1.9798607890372752e-08 [s], time = 4.843913637319477e-06 [s]
----------------------------------------------------------------------------------------------
P_inlet = 147.36984481108277 [bar], T_inlet = 596.9797105324355 [K], V_inlet = 94.56078601601567 [m/s]
P_outlet = 149.87288513460058 [bar], T_outlet = 599.8546814531443 [K], Ma_outlet = 0.20034899866645828
u_g_inlet = -0.445131421178798 [m/s], u_in_inlet = 92.97713824149467 [m/s]
----------------------------------------------------------------------------------------------
----------------------------------------------------------------------------------------------
Time iteration 245: delta_t = 1.9798773187011003e-08 [s], time = 4.86371224520985e-06 [s]
----------------------------------------------------------------------------------------------
P_inlet = 147.3710808080828 [bar], T_inlet = 596.9811764561425 [K], V_inlet = 94.53367605080683 [m/s]
P_outlet = 149.8668505868839 [bar], T_outlet = 599.847780600468 [K], Ma_outlet = 0.20035184666032266
u_g_inlet = -0.4438231699946949 [m/s], u_in_inlet = 92.95224755993128 [m/s]
----------------------------------------------------------------------------------------------
----------------------------------------------------------------------------------------------
Time iteration 246: delta_t = 1.979892835973881e-08 [s], time = 4.883511018396861e-06 [s]
----------------------------------------------------------------------------------------------
P_inlet = 147.37231212356318 [bar], T_inlet = 596.9826372206621 [K], V_inlet = 94.50648797616591 [m/s]
P_outlet = 149.8605995076097 [bar], T_outlet = 599.8406319315718 [K], Ma_outlet = 0.20035476453073733
u_g_inlet = -0.4425206450304752 [m/s], u_in_inlet = 92.92737958425755 [m/s]
----------------------------------------------------------------------------------------------
----------------------------------------------------------------------------------------------
Time iteration 247: delta_t = 1.9799068355895788e-08 [s], time = 4.9033099467566e-06 [s]
----------------------------------------------------------------------------------------------
P_inlet = 147.37353862326773 [bar], T_inlet = 596.9840926675204 [K], V_inlet = 94.47922344273904 [m/s]
P_outlet = 149.85412746814504 [bar], T_outlet = 599.8332303607247 [K], Ma_outlet = 0.20035775226022412
u_g_inlet = -0.44122384630469086 [m/s], u_in_inlet = 92.90253417174343 [m/s]
----------------------------------------------------------------------------------------------
----------------------------------------------------------------------------------------------
Time iteration 248: delta_t = 1.9799200201414636e-08 [s], time = 4.923109015112496e-06 [s]
----------------------------------------------------------------------------------------------
P_inlet = 147.37476020012622 [bar], T_inlet = 596.985542669515 [K], V_inlet = 94.45188408728026 [m/s]
P_outlet = 149.84743008797113 [bar], T_outlet = 599.8255708558934 [K], Ma_outlet = 0.20036080975832535
u_g_inlet = -0.43993277575691186 [m/s], u_in_inlet = 92.87771117850288 [m/s]
----------------------------------------------------------------------------------------------
----------------------------------------------------------------------------------------------
Time iteration 249: delta_t = 1.9799313975569957e-08 [s], time = 4.942908215313911e-06 [s]
----------------------------------------------------------------------------------------------
P_inlet = 147.3759767733361 [bar], T_inlet = 596.9869871296637 [K], V_inlet = 94.42447152020164 [m/s]
P_outlet = 149.84050303794658 [bar], T_outlet = 599.8176484424328 [K], Ma_outlet = 0.20036393686078682
u_g_inlet = -0.43864743713978077 [m/s], u_in_inlet = 92.8529104537413 [m/s]
----------------------------------------------------------------------------------------------
----------------------------------------------------------------------------------------------
Time iteration 250: delta_t = 1.9799415802180012e-08 [s], time = 4.962707529289481e-06 [s]
----------------------------------------------------------------------------------------------
P_inlet = 147.37718828684714 [bar], T_inlet = 596.9884259794801 [K], V_inlet = 94.39698733785984 [m/s]
P_outlet = 149.8333420494344 [bar], T_outlet = 599.8094582134822 [K], Ma_outlet = 0.20036713332859185
u_g_inlet = -0.43736783610118013 [m/s], u_in_inlet = 92.82813184265073 [m/s]
----------------------------------------------------------------------------------------------
----------------------------------------------------------------------------------------------
Time iteration 251: delta_t = 1.9799500873776118e-08 [s], time = 4.982506945091661e-06 [s]
----------------------------------------------------------------------------------------------
P_inlet = 147.37839470821208 [bar], T_inlet = 596.9898591776346 [K], V_inlet = 94.36943311079645 [m/s]
P_outlet = 149.82594291773825 [bar], T_outlet = 599.8009953338587 [K], Ma_outlet = 0.20037039884649657
u_g_inlet = -0.4360939805015893 [m/s], u_in_inlet = 92.80337518650242 [m/s]
----------------------------------------------------------------------------------------------
----------------------------------------------------------------------------------------------
Time iteration 252: delta_t = 1.9799568111917285e-08 [s], time = 5.002306445965437e-06 [s]
----------------------------------------------------------------------------------------------
P_inlet = 147.3795960273971 [bar], T_inlet = 596.991286708614 [K], V_inlet = 94.34181038863807 [m/s]
P_outlet = 149.8183015094144 [bar], T_outlet = 599.7922550483768 [K], Ma_outlet = 0.20037373302302222
u_g_inlet = -0.434825880178147 [m/s], u_in_inlet = 92.7786403192136 [m/s]
----------------------------------------------------------------------------------------------
----------------------------------------------------------------------------------------------
Time iteration 253: delta_t = 1.9799618211463267e-08 [s], time = 5.022106014077354e-06 [s]
----------------------------------------------------------------------------------------------
P_inlet = 147.380792255378 [bar], T_inlet = 596.9927085810932 [K], V_inlet = 94.31412069923039 [m/s]
P_outlet = 149.81041376835978 [bar], T_outlet = 599.7832326887774 [K], Ma_outlet = 0.200377135389025
u_g_inlet = -0.4335635473686176 [m/s], u_in_inlet = 92.7539270714687 [m/s]
----------------------------------------------------------------------------------------------
----------------------------------------------------------------------------------------------
Time iteration 254: delta_t = 1.9799642902991183e-08 [s], time = 5.041905632288817e-06 [s]
----------------------------------------------------------------------------------------------
P_inlet = 147.38198342307226 [bar], T_inlet = 596.9941248267191 [K], V_inlet = 94.2863655447741 [m/s]
P_outlet = 149.80227572087193 [bar], T_outlet = 599.7739236794787 [K], Ma_outlet = 0.2003806053976024
u_g_inlet = -0.4323069966147806 [m/s], u_in_inlet = 92.72923526690654 [m/s]
----------------------------------------------------------------------------------------------
----------------------------------------------------------------------------------------------
Time iteration 255: delta_t = 1.9799650277455098e-08 [s], time = 5.061705275191808e-06 [s]
----------------------------------------------------------------------------------------------
P_inlet = 147.38316957988158 [bar], T_inlet = 596.9955354984368 [K], V_inlet = 94.25854641001365 [m/s]
P_outlet = 149.79388348414312 [bar], T_outlet = 599.7643235472588 [K], Ma_outlet = 0.20038414242326386
u_g_inlet = -0.4310562450377714 [m/s], u_in_inlet = 92.70456472630724 [m/s]
----------------------------------------------------------------------------------------------
----------------------------------------------------------------------------------------------
Time iteration 256: delta_t = 1.9799616890091108e-08 [s], time = 5.081504925469263e-06 [s]
----------------------------------------------------------------------------------------------
P_inlet = 147.38435079278722 [bar], T_inlet = 596.9969406694433 [K], V_inlet = 94.23066474764936 [m/s]
P_outlet = 149.78523326815954 [bar], T_outlet = 599.7544279233969 [K], Ma_outlet = 0.20038774576185184
u_g_inlet = -0.4298113123428578 [m/s], u_in_inlet = 92.6799152624601 [m/s]
----------------------------------------------------------------------------------------------
----------------------------------------------------------------------------------------------
Time iteration 257: delta_t = 1.97995608384161e-08 [s], time = 5.101304542359354e-06 [s]
----------------------------------------------------------------------------------------------
P_inlet = 147.38552714460658 [bar], T_inlet = 596.9983404312005 [K], V_inlet = 94.20272200542288 [m/s]
P_outlet = 149.77632138986385 [bar], T_outlet = 599.7442325598429 [K], Ma_outlet = 0.20039141462984258
u_g_inlet = -0.42857222114094784 [m/s], u_in_inlet = 92.6552866894645 [m/s]
----------------------------------------------------------------------------------------------
----------------------------------------------------------------------------------------------
Time iteration 258: delta_t = 1.97982842701391e-08 [s], time = 5.1211041031977705e-06 [s]
----------------------------------------------------------------------------------------------
P_inlet = 147.38669873331358 [bar], T_inlet = 596.999734892619 [K], V_inlet = 94.17471959303062 [m/s]
P_outlet = 149.7671442694162 [bar], T_outlet = 599.7337333249154 [K], Ma_outlet = 0.20039514816391965
u_g_inlet = -0.42733899713830087 [m/s], u_in_inlet = 92.63067881573339 [m/s]
----------------------------------------------------------------------------------------------
----------------------------------------------------------------------------------------------
Time iteration 259: delta_t = 1.9796187663507577e-08 [s], time = 5.14090238746791e-06 [s]
----------------------------------------------------------------------------------------------
P_inlet = 147.38786563414183 [bar], T_inlet = 597.001124135877 [K], V_inlet = 94.14666016025811 [m/s]
P_outlet = 149.75769886470397 [bar], T_outlet = 599.7229267004147 [K], Ma_outlet = 0.20039894533265482
u_g_inlet = -0.42611169949557687 [m/s], u_in_inlet = 92.60609218128354 [m/s]
----------------------------------------------------------------------------------------------
----------------------------------------------------------------------------------------------
Time iteration 260: delta_t = 1.9794109734029878e-08 [s], time = 5.160698575131417e-06 [s]
----------------------------------------------------------------------------------------------
P_inlet = 147.38902791581518 [bar], T_inlet = 597.0025082337114 [K], V_inlet = 94.11854633859681 [m/s]
P_outlet = 149.747982313735 [bar], T_outlet = 599.7118093725386 [K], Ma_outlet = 0.20040280491158452
u_g_inlet = -0.4248904233781323 [m/s], u_in_inlet = 92.58152780370858 [m/s]
----------------------------------------------------------------------------------------------
----------------------------------------------------------------------------------------------
Time iteration 261: delta_t = 1.979205204342936e-08 [s], time = 5.180492684865447e-06 [s]
----------------------------------------------------------------------------------------------
P_inlet = 147.39018569629673 [bar], T_inlet = 597.0038873167375 [K], V_inlet = 94.09037970294004 [m/s]
P_outlet = 149.73799155668993 [bar], T_outlet = 599.7003777994187 [K], Ma_outlet = 0.20040672569429047
u_g_inlet = -0.42367522878525404 [m/s], u_in_inlet = 92.55698591241891 [m/s]
----------------------------------------------------------------------------------------------
----------------------------------------------------------------------------------------------
Time iteration 262: delta_t = 1.9790016085600447e-08 [s], time = 5.200284736908877e-06 [s]
----------------------------------------------------------------------------------------------
P_inlet = 147.391339127499 [bar], T_inlet = 597.0052615562195 [K], V_inlet = 94.06216149994643 [m/s]
P_outlet = 149.72772355260915 [bar], T_outlet = 599.6886284589809 [K], Ma_outlet = 0.20041070649569367
u_g_inlet = -0.4224661477055453 [m/s], u_in_inlet = 92.53246620624891 [m/s]
----------------------------------------------------------------------------------------------
----------------------------------------------------------------------------------------------
Time iteration 263: delta_t = 1.9788003281159424e-08 [s], time = 5.220074752994478e-06 [s]
----------------------------------------------------------------------------------------------
P_inlet = 147.39248837113013 [bar], T_inlet = 597.0066311347543 [K], V_inlet = 94.03389294464445 [m/s]
P_outlet = 149.717175391434 [bar], T_outlet = 599.6765579771186 [K], Ma_outlet = 0.20041474606010812
u_g_inlet = -0.42126321562040503 [m/s], u_in_inlet = 92.5079683721202 [m/s]
----------------------------------------------------------------------------------------------
----------------------------------------------------------------------------------------------
Time iteration 264: delta_t = 1.978601497318637e-08 [s], time = 5.239862756275637e-06 [s]
----------------------------------------------------------------------------------------------
P_inlet = 147.3936335977032 [bar], T_inlet = 597.0079962451357 [K], V_inlet = 94.00557522063887 [m/s]
P_outlet = 149.7063442994169 [bar], T_outlet = 599.664163133876 [K], Ma_outlet = 0.20041884305791438
u_g_inlet = -0.4200664713951405 [m/s], u_in_inlet = 92.48349208407186 [m/s]
----------------------------------------------------------------------------------------------
----------------------------------------------------------------------------------------------
Time iteration 265: delta_t = 1.9784052426034488e-08 [s], time = 5.259648771248823e-06 [s]
----------------------------------------------------------------------------------------------
P_inlet = 147.39477498558594 [bar], T_inlet = 597.009357089262 [K], V_inlet = 93.97720948032025 [m/s]
P_outlet = 149.69522764375975 [bar], T_outlet = 599.6514408687503 [K], Ma_outlet = 0.2004229960865505
u_g_inlet = -0.4188759573783039 [m/s], u_in_inlet = 92.45903700290121 [m/s]
----------------------------------------------------------------------------------------------
----------------------------------------------------------------------------------------------
Time iteration 266: delta_t = 1.9782116824017304e-08 [s], time = 5.279432823674857e-06 [s]
----------------------------------------------------------------------------------------------
P_inlet = 147.39591272008641 [bar], T_inlet = 597.010713877085 [K], V_inlet = 93.94879684510903 [m/s]
P_outlet = 149.68382293710567 [bar], T_outlet = 599.638388285831 [K], Ma_outlet = 0.20042720367165093
u_g_inlet = -0.41769171950467815 [m/s], u_in_inlet = 92.4346027757918 [m/s]
----------------------------------------------------------------------------------------------
----------------------------------------------------------------------------------------------
Time iteration 267: delta_t = 1.978020927059126e-08 [s], time = 5.299214940498875e-06 [s]
----------------------------------------------------------------------------------------------
P_inlet = 147.3970469925749 [bar], T_inlet = 597.0120668256011 [K], V_inlet = 93.92033840576892 [m/s]
P_outlet = 149.67212784187987 [bar], T_outlet = 599.6250026587711 [K], Ma_outlet = 0.2004314642683014
u_g_inlet = -0.4165138074017617 [m/s], u_in_inlet = 92.4101890359332 [m/s]
----------------------------------------------------------------------------------------------
----------------------------------------------------------------------------------------------
Time iteration 268: delta_t = 1.977833078773065e-08 [s], time = 5.318995149769466e-06 [s]
----------------------------------------------------------------------------------------------
P_inlet = 147.39817799964243 [bar], T_inlet = 597.013416157883 [K], V_inlet = 93.89183522277217 [m/s]
P_outlet = 149.66014017447193 [bar], T_outlet = 599.6112814355797 [K], Ma_outlet = 0.20043577626240702
u_g_inlet = -0.4153422744982151 [m/s], u_in_inlet = 92.3857954021334 [m/s]
----------------------------------------------------------------------------------------------
----------------------------------------------------------------------------------------------
Time iteration 269: delta_t = 1.9776482316139473e-08 [s], time = 5.338773480557197e-06 [s]
----------------------------------------------------------------------------------------------
P_inlet = 147.39930594230424 [bar], T_inlet = 597.014762102164 [K], V_inlet = 93.86328832663757 [m/s]
P_outlet = 149.6478579092525 [bar], T_outlet = 599.5972222432315 [K], Ma_outlet = 0.2004401379721722
u_g_inlet = -0.4141771781328042 [m/s], u_in_inlet = 92.36142147842334 [m/s]
----------------------------------------------------------------------------------------------
----------------------------------------------------------------------------------------------
Time iteration 270: delta_t = 1.9774664715726497e-08 [s], time = 5.358549962873336e-06 [s]
----------------------------------------------------------------------------------------------
P_inlet = 147.40043102523063 [bar], T_inlet = 597.0161048909526 [K], V_inlet = 93.83469871841385 [m/s]
P_outlet = 149.6352791824157 [bar], T_outlet = 599.5828228920795 [K], Ma_outlet = 0.20044454764968922
u_g_inlet = -0.41301857966319777 [m/s], u_in_inlet = 92.3370668536537 [m/s]
----------------------------------------------------------------------------------------------
----------------------------------------------------------------------------------------------
Time iteration 271: delta_t = 1.977287876623914e-08 [s], time = 5.378324627589063e-06 [s]
----------------------------------------------------------------------------------------------
P_inlet = 147.40155345602108 [bar], T_inlet = 597.0174447601989 [K], V_inlet = 93.80606737012454 [m/s]
P_outlet = 149.622402295641 [bar], T_outlet = 599.5680813800675 [K], Ma_outlet = 0.2004490034826324
u_g_inlet = -0.4118665445729672 [m/s], u_in_inlet = 92.31273110108361 [m/s]
----------------------------------------------------------------------------------------------
----------------------------------------------------------------------------------------------
Time iteration 272: delta_t = 1.9771125168234493e-08 [s], time = 5.398097506355302e-06 [s]
----------------------------------------------------------------------------------------------
P_inlet = 147.40267344451524 [bar], T_inlet = 597.0187819485002 [K], V_inlet = 93.77739522526336 [m/s]
P_outlet = 149.60922571956758 [bar], T_outlet = 599.5529958967315 [K], Ma_outlet = 0.2004535035960554
u_g_inlet = -0.4107211425768679 [m/s], u_in_inlet = 92.2884137779622 [m/s]
----------------------------------------------------------------------------------------------
----------------------------------------------------------------------------------------------
Time iteration 273: delta_t = 1.9769404544334655e-08 [s], time = 5.417868631523536e-06 [s]
----------------------------------------------------------------------------------------------
P_inlet = 147.4037912021398 [bar], T_inlet = 597.0201166963489 [K], V_inlet = 93.74868319931879 [m/s]
P_outlet = 149.59574809707547 [bar], T_outlet = 599.5375648269853 [K], Ma_outlet = 0.20045804605428816
u_g_inlet = -0.40958244772321734 [m/s], u_in_inlet = 92.26411442510283 [m/s]
----------------------------------------------------------------------------------------------
----------------------------------------------------------------------------------------------
Time iteration 274: delta_t = 1.9767717440748996e-08 [s], time = 5.437638036067871e-06 [s]
----------------------------------------------------------------------------------------------
P_inlet = 147.4049069412934 [bar], T_inlet = 597.0214492454259 [K], V_inlet = 93.7199321803104 [m/s]
P_outlet = 149.5819682463666 [bar], T_outlet = 599.521786754682 [K], Ma_outlet = 0.20046262886292882
u_g_inlet = -0.40845053855424446 [m/s], u_in_inlet = 92.23983256558132 [m/s]
----------------------------------------------------------------------------------------------
----------------------------------------------------------------------------------------------
Time iteration 275: delta_t = 1.9766064329038922e-08 [s], time = 5.45740575350862e-06 [s]
----------------------------------------------------------------------------------------------
P_inlet = 147.40602087476682 [bar], T_inlet = 597.0227798379316 [K], V_inlet = 93.6911430293636 [m/s]
P_outlet = 149.56788516384174 [bar], T_outlet = 599.5056604659474 [K], Ma_outlet = 0.20046724997092816
u_g_inlet = -0.40732549821288855 [m/s], u_in_inlet = 92.2155677036969 [m/s]
----------------------------------------------------------------------------------------------
----------------------------------------------------------------------------------------------
Time iteration 276: delta_t = 1.9764445608101235e-08 [s], time = 5.477171817837659e-06 [s]
----------------------------------------------------------------------------------------------
P_inlet = 147.40713321519877 [bar], T_inlet = 597.0241087159595 [K], V_inlet = 93.66231658129419 [m/s]
P_outlet = 149.553498026767 [bar], T_outlet = 599.4891849522769 [K], Ma_outlet = 0.20047190727276265
u_g_inlet = -0.40620741437409114 [m/s], u_in_inlet = 92.19131932651705 [m/s]
----------------------------------------------------------------------------------------------
----------------------------------------------------------------------------------------------
Time iteration 277: delta_t = 1.976286160634632e-08 [s], time = 5.49693626344576e-06 [s]
----------------------------------------------------------------------------------------------
P_inlet = 147.40824417456665 [bar], T_inlet = 597.0254361209097 [K], V_inlet = 93.63345364520939 [m/s]
P_outlet = 149.53880619572612 [bar], T_outlet = 599.4723594133924 [K], Ma_outlet = 0.20047659861068975
u_g_inlet = -0.4050963794409834 [m/s], u_in_inlet = 92.16708690280572 [m/s]
----------------------------------------------------------------------------------------------
----------------------------------------------------------------------------------------------
Time iteration 278: delta_t = 1.9761312584048e-08 [s], time = 5.516699125052106e-06 [s]
----------------------------------------------------------------------------------------------
P_inlet = 147.40935396371168 [bar], T_inlet = 597.0267622929402 [K], V_inlet = 93.6045550051214 [m/s]
P_outlet = 149.52380921685443 [bar], T_outlet = 599.4551832598545 [K], Ma_outlet = 0.20048132177708436
u_g_inlet = -0.4039924905822164 [m/s], u_in_inlet = 92.14286988262334 [m/s]
----------------------------------------------------------------------------------------------
----------------------------------------------------------------------------------------------
Time iteration 279: delta_t = 1.975979873584207e-08 [s], time = 5.5364604376361546e-06 [s]
----------------------------------------------------------------------------------------------
P_inlet = 147.4104627918967 [bar], T_inlet = 597.0280874704595 [K], V_inlet = 93.5756214205714 [m/s]
P_outlet = 149.5085068238498 [bar], T_outlet = 599.4376561154253 [K], Ma_outlet = 0.20048607451685033
u_g_inlet = -0.4028958498098405 [m/s], u_in_inlet = 92.11866769686638 [m/s]
----------------------------------------------------------------------------------------------
----------------------------------------------------------------------------------------------
Time iteration 280: delta_t = 1.9758320193351165e-08 [s], time = 5.556220236371997e-06 [s]
----------------------------------------------------------------------------------------------
P_inlet = 147.41157086639677 [bar], T_inlet = 597.0294118896516 [K], V_inlet = 93.54665362726115 [m/s]
P_outlet = 149.49289893975853 [bar], T_outlet = 599.4197778191772 [K], Ma_outlet = 0.20049085452990092
u_g_inlet = -0.40180656404926224 [m/s], u_in_inlet = 92.09447975680354 [m/s]
----------------------------------------------------------------------------------------------
----------------------------------------------------------------------------------------------
Time iteration 281: delta_t = 1.9756877027914394e-08 [s], time = 5.575978556565348e-06 [s]
----------------------------------------------------------------------------------------------
P_inlet = 147.41267839211972 [bar], T_inlet = 597.03073578404 [K], V_inlet = 93.51765233771759 [m/s]
P_outlet = 149.47698567853226 [bar], T_outlet = 599.4015484273459 [K], Ma_outlet = 0.2004956594737071
u_g_inlet = -0.4007247452018982 [m/s], u_in_inlet = 92.07030545361098 [m/s]
----------------------------------------------------------------------------------------------
----------------------------------------------------------------------------------------------
Time iteration 282: delta_t = 1.9755469253400674e-08 [s], time = 5.5957354335932625e-06 [s]
----------------------------------------------------------------------------------------------
P_inlet = 147.41378557125796 [bar], T_inlet = 597.032059384085 [K], V_inlet = 93.48861824204441 [m/s]
P_outlet = 149.46076734635432 [bar], T_outlet = 599.3829682149241 [K], Ma_outlet = 0.2005004869659062
u_g_inlet = -0.3996505101996279 [m/s], u_in_inlet = 92.04614415790748 [m/s]
----------------------------------------------------------------------------------------------
----------------------------------------------------------------------------------------------
Time iteration 283: delta_t = 1.9754096829085815e-08 [s], time = 5.615490902846663e-06 [s]
----------------------------------------------------------------------------------------------
P_inlet = 147.41489260296538 [bar], T_inlet = 597.0333829168112 [K], V_inlet = 93.4595520084332 [m/s]
P_outlet = 149.44424444273258 [bar], T_outlet = 599.3640376769922 [K], Ma_outlet = 0.20050533458696618
u_g_inlet = -0.39858398109823634 [m/s], u_in_inlet = 92.02199521850207 [m/s]
----------------------------------------------------------------------------------------------
----------------------------------------------------------------------------------------------
Time iteration 284: delta_t = 1.975275966257408e-08 [s], time = 5.635244999675749e-06 [s]
----------------------------------------------------------------------------------------------
P_inlet = 147.41599968308515 [bar], T_inlet = 597.0347066054924 [K], V_inlet = 93.4304542836359 [m/s]
P_outlet = 149.42741766135785 [bar], T_outlet = 599.3447575297864 [K], Ma_outlet = 0.20051019988290222
u_g_inlet = -0.39752528537898857 [m/s], u_in_inlet = 91.99785795739928 [m/s]
----------------------------------------------------------------------------------------------
----------------------------------------------------------------------------------------------
Time iteration 285: delta_t = 1.9751457612746254e-08 [s], time = 5.654997759338323e-06 [s]
----------------------------------------------------------------------------------------------
P_inlet = 147.41710700387506 [bar], T_inlet = 597.0360306693349 [K], V_inlet = 93.40132569375442 [m/s]
P_outlet = 149.41028789072743 [bar], T_outlet = 599.3251287115033 [K], Ma_outlet = 0.20051508036803978
u_g_inlet = -0.39647455551348115 [m/s], u_in_inlet = 91.97373167636431 [m/s]
----------------------------------------------------------------------------------------------
----------------------------------------------------------------------------------------------
Time iteration 286: delta_t = 1.9750190492717043e-08 [s], time = 5.674749216951069e-06 [s]
----------------------------------------------------------------------------------------------
P_inlet = 147.41821475377094 [bar], T_inlet = 597.0373553232032 [K], V_inlet = 93.37216684489097 [m/s]
P_outlet = 149.3928562145306 [bar], T_outlet = 599.3051523828337 [K], Ma_outlet = 0.20051997352781722
u_g_inlet = -0.3954319290896933 [m/s], u_in_inlet = 91.94961565465138 [m/s]
----------------------------------------------------------------------------------------------
----------------------------------------------------------------------------------------------
Time iteration 287: delta_t = 1.9748958072785922e-08 [s], time = 5.6944994074437855e-06 [s]
----------------------------------------------------------------------------------------------
P_inlet = 147.41932311717164 [bar], T_inlet = 597.0386807773717 [K], V_inlet = 93.34297832378016 [m/s]
P_outlet = 149.37512391179934 [bar], T_outlet = 599.2848299272362 [K], Ma_outlet = 0.20052487682162706
u_g_inlet = -0.3943975488247302 [m/s], u_in_inlet = 91.92550914854803 [m/s]
----------------------------------------------------------------------------------------------
----------------------------------------------------------------------------------------------
Time iteration 288: delta_t = 1.974776008336662e-08 [s], time = 5.714248365516572e-06 [s]
----------------------------------------------------------------------------------------------
P_inlet = 147.42043227425586 [bar], T_inlet = 597.0400072373106 [K], V_inlet = 93.3137606984148 [m/s]
P_outlet = 149.35709245682108 [bar], T_outlet = 599.264162950939 [K], Ma_outlet = 0.20052978768568652
u_g_inlet = -0.3933715625687802 [m/s], u_in_inlet = 91.90141139093123 [m/s]
----------------------------------------------------------------------------------------------
----------------------------------------------------------------------------------------------
Time iteration 289: delta_t = 1.9746596217882052e-08 [s], time = 5.733996125599938e-06 [s]
----------------------------------------------------------------------------------------------
P_inlet = 147.421542400818 [bar], T_inlet = 597.0413349034984 [K], V_inlet = 93.28451451866444 [m/s]
P_outlet = 149.33876351881685 [bar], T_outlet = 599.2431532826797 [K], Ma_outlet = 0.2005347035359349
u_g_inlet = -0.3923541232987187 [m/s], u_in_inlet = 91.87732159081504 [m/s]
----------------------------------------------------------------------------------------------
----------------------------------------------------------------------------------------------
Time iteration 290: delta_t = 1.9745466135612382e-08 [s], time = 5.75374272181782e-06 [s]
----------------------------------------------------------------------------------------------
P_inlet = 147.4226536681231 [bar], T_inlet = 597.0426639712507 [K], V_inlet = 93.25524031688587 [m/s]
P_outlet = 149.32013896138375 [bar], T_outlet = 599.2218029731789 [K], Ma_outlet = 0.2005396217709521
u_g_inlet = -0.39134538910053035 [m/s], u_in_inlet = 91.85323893287998 [m/s]
----------------------------------------------------------------------------------------------
----------------------------------------------------------------------------------------------
Time iteration 291: delta_t = 1.97443694644838e-08 [s], time = 5.7734881879534325e-06 [s]
----------------------------------------------------------------------------------------------
P_inlet = 147.42376624278504 [bar], T_inlet = 597.0439946305804 [K], V_inlet = 93.22593860852369 [m/s]
P_outlet = 149.30122084170452 [bar], T_outlet = 599.20011429435 [K], Ma_outlet = 0.2005445397748919
u_g_inlet = -0.39034552313959386 [m/s], u_in_inlet = 91.82916257701265 [m/s]
----------------------------------------------------------------------------------------------
----------------------------------------------------------------------------------------------
Time iteration 292: delta_t = 1.9743305803787797e-08 [s], time = 5.793232557417916e-06 [s]
----------------------------------------------------------------------------------------------
P_inlet = 147.42488028666443 [bar], T_inlet = 597.0453270660778 [K], V_inlet = 93.19660989270129 [m/s]
P_outlet = 149.28201140952584 [bar], T_outlet = 599.1780897382486 [K], Ma_outlet = 0.2005494549204273
u_g_inlet = -0.3893546936163737 [m/s], u_in_inlet = 91.8050916578913 [m/s]
----------------------------------------------------------------------------------------------
----------------------------------------------------------------------------------------------
Time iteration 293: delta_t = 1.9742274726823163e-08 [s], time = 5.8129758632217035e-06 [s]
----------------------------------------------------------------------------------------------
P_inlet = 147.42599595678485 [bar], T_inlet = 597.0466614568122 [K], V_inlet = 93.16725465280051 [m/s]
P_outlet = 149.262513105907 [bar], T_outlet = 599.1557320157617 [K], Ma_outlet = 0.2005543645717008
u_g_inlet = -0.38837307370651 [m/s], u_in_inlet = 91.78102528460994 [m/s]
----------------------------------------------------------------------------------------------
----------------------------------------------------------------------------------------------
Time iteration 294: delta_t = 1.974127578345283e-08 [s], time = 5.832718137948527e-06 [s]
----------------------------------------------------------------------------------------------
P_inlet = 147.42711340526589 [bar], T_inlet = 597.0479979762547 [K], V_inlet = 93.13787335703006 [m/s]
P_outlet = 149.24272856174275 [bar], T_outlet = 599.1330440550435 [K], Ma_outlet = 0.20055926608727584
u_g_inlet = -0.38740084148835663 [m/s], u_in_inlet = 91.75696254031666 [m/s]
----------------------------------------------------------------------------------------------
----------------------------------------------------------------------------------------------
Time iteration 295: delta_t = 1.9740308502568936e-08 [s], time = 5.85245941373198e-06 [s]
----------------------------------------------------------------------------------------------
P_inlet = 147.4282327792732 [bar], T_inlet = 597.049336792218 [K], V_inlet = 93.1084664589815 [m/s]
P_outlet = 149.22266059606207 [bar], T_outlet = 599.1100289996939 [K], Ma_outlet = 0.20056415682308332
u_g_inlet = -0.3864381798573541 [m/s], u_in_inlet = 91.7329024818683 [m/s]
----------------------------------------------------------------------------------------------
----------------------------------------------------------------------------------------------
Time iteration 296: delta_t = 1.9739372394460482e-08 [s], time = 5.872199722234549e-06 [s]
----------------------------------------------------------------------------------------------
P_inlet = 147.42935422098378 [bar], T_inlet = 597.0506780668154 [K], V_inlet = 93.07903439817892 [m/s]
P_outlet = 149.2023122141074 [bar], T_outlet = 599.0866902066914 [K], Ma_outlet = 0.20056903413536012
u_g_inlet = -0.3854852764271817 [m/s], u_in_inlet = 91.7088441395051 [m/s]
----------------------------------------------------------------------------------------------
----------------------------------------------------------------------------------------------
Time iteration 297: delta_t = 1.9738466953078985e-08 [s], time = 5.89193909462901e-06 [s]
----------------------------------------------------------------------------------------------
P_inlet = 147.43047786756688 [bar], T_inlet = 597.0520219564374 [K], V_inlet = 93.04957760059659 [m/s]
P_outlet = 149.18168660519802 [bar], T_outlet = 599.0630312440808 [K], Ma_outlet = 0.20057389538357331
u_g_inlet = -0.38454232341746836 [m/s], u_in_inlet = 91.68478651654634 [m/s]
----------------------------------------------------------------------------------------------
----------------------------------------------------------------------------------------------
Time iteration 298: delta_t = 1.9737591658198648e-08 [s], time = 5.911677561582089e-06 [s]
----------------------------------------------------------------------------------------------
P_inlet = 147.4316038511771 [bar], T_inlet = 597.0533686117424 [K], V_inlet = 93.02009647918162 [m/s]
P_outlet = 149.1607871403805 [bar], T_outlet = 599.0390558884162 [K], Ma_outlet = 0.20057873793332517
u_g_inlet = -0.3836095175275551 [m/s], u_in_inlet = 91.66072858910803 [m/s]
----------------------------------------------------------------------------------------------
----------------------------------------------------------------------------------------------
Time iteration 299: delta_t = 1.9736745977443756e-08 [s], time = 5.931415153240288e-06 [s]
----------------------------------------------------------------------------------------------
P_inlet = 147.43273229896084 [bar], T_inlet = 597.0547181776619 [K], V_inlet = 92.99059143435643 [m/s]
P_outlet = 149.13961736987306 [bar], T_outlet = 599.0147681219743 [K], Ma_outlet = 0.2005835591592363
u_g_inlet = -0.38268705979651735 [m/s], u_in_inlet = 91.63666930584604 [m/s]
----------------------------------------------------------------------------------------------
----------------------------------------------------------------------------------------------
Time iteration 300: delta_t = 1.973592936684195e-08 [s], time = 5.9511518992177315e-06 [s]
----------------------------------------------------------------------------------------------
P_inlet = 147.43386333307427 [bar], T_inlet = 597.056070793421 [K], V_inlet = 92.96106285451133 [m/s]
P_outlet = 149.11818102030603 [bar], T_outlet = 598.9901721297322 [K], Ma_outlet = 0.20058835644780018
u_g_inlet = -0.3817751554492391 [m/s], u_in_inlet = 91.61260758772399 [m/s]
----------------------------------------------------------------------------------------------
----------------------------------------------------------------------------------------------
Time iteration 301: delta_t = 1.973514127478323e-08 [s], time = 5.970887828584573e-06 [s]
----------------------------------------------------------------------------------------------
P_inlet = 147.43499707071223 [bar], T_inlet = 597.0574265925692 [K], V_inlet = 92.93151111648139 [m/s]
P_outlet = 149.0964819917666 [bar], T_outlet = 598.9652722961227 [K], Ma_outlet = 0.2005931272002057
u_g_inlet = -0.3808740137282617 [m/s], u_in_inlet = 91.58854232781044 [m/s]
----------------------------------------------------------------------------------------------
----------------------------------------------------------------------------------------------
Time iteration 302: delta_t = 1.9734381144368106e-08 [s], time = 5.990622969859356e-06 [s]
----------------------------------------------------------------------------------------------
P_inlet = 147.4361336241471 [bar], T_inlet = 597.0587857030243 [K], V_inlet = 92.90193658600593 [m/s]
P_outlet = 149.07452435465072 [bar], T_outlet = 598.9400732015717 [K], Ma_outlet = 0.20059786883512357
u_g_inlet = -0.37998384771165694 [m/s], u_in_inlet = 91.56447239110517 [m/s]
----------------------------------------------------------------------------------------------
----------------------------------------------------------------------------------------------
Time iteration 303: delta_t = 1.9733648413495333e-08 [s], time = 6.0103573510037245e-06 [s]
----------------------------------------------------------------------------------------------
P_inlet = 147.43727310077742 [bar], T_inlet = 597.0601482471268 [K], V_inlet = 92.87233961817374 [m/s]
P_outlet = 149.05231234632646 [bar], T_outlet = 598.9145796188175 [K], Ma_outlet = 0.20060257879145246
u_g_inlet = -0.37910487411663296 [m/s], u_in_inlet = 91.54039661439582 [m/s]
----------------------------------------------------------------------------------------------
----------------------------------------------------------------------------------------------
Time iteration 304: delta_t = 1.9732942516444806e-08 [s], time = 6.03009099941722e-06 [s]
----------------------------------------------------------------------------------------------
P_inlet = 147.4384156031847 [bar], T_inlet = 597.0615143417044 [K], V_inlet = 92.84272055785549 [m/s]
P_outlet = 149.0298503676189 [bar], T_outlet = 598.8887965090273 [K], Ma_outlet = 0.20060725453102082
u_g_inlet = -0.37823731308883746 [m/s], u_in_inlet = 91.51631380614936 [m/s]
----------------------------------------------------------------------------------------------
----------------------------------------------------------------------------------------------
Time iteration 305: delta_t = 1.9732262885282317e-08 [s], time = 6.0498239419336645e-06 [s]
----------------------------------------------------------------------------------------------
P_inlet = 147.4395612291978 [bar], T_inlet = 597.0628840981444 [K], V_inlet = 92.81307974012233 [m/s]
P_outlet = 149.0071429791212 [bar], T_outlet = 598.8627290177149 [K], Ma_outlet = 0.20061189354123957
u_g_inlet = -0.3773813879780416 [m/s], u_in_inlet = 91.49222274643654 [m/s]
----------------------------------------------------------------------------------------------
----------------------------------------------------------------------------------------------
Time iteration 306: delta_t = 1.9731608951163054e-08 [s], time = 6.0695562048189464e-06 [s]
----------------------------------------------------------------------------------------------
P_inlet = 147.44071007196422 [bar], T_inlet = 597.0642576224743 [K], V_inlet = 92.78341749065886 [m/s]
P_outlet = 148.98419489733743 [bar], T_outlet = 598.8363824704625 [K], Ma_outlet = 0.20061649333770326
u_g_inlet = -0.37653732542972546 [m/s], u_in_inlet = 91.46812218078313 [m/s]
----------------------------------------------------------------------------------------------
----------------------------------------------------------------------------------------------
Time iteration 307: delta_t = 1.9730980145530395e-08 [s], time = 6.08928781377011e-06 [s]
----------------------------------------------------------------------------------------------
P_inlet = 147.44186222002827 [bar], T_inlet = 597.0656350154512 [K], V_inlet = 92.75373412615146 [m/s]
P_outlet = 148.96101099066559 [bar], T_outlet = 598.8097623684632 [K], Ma_outlet = 0.2006210514667354
u_g_inlet = -0.3757053553548558 [m/s], u_in_inlet = 91.44401081811061 [m/s]
----------------------------------------------------------------------------------------------
----------------------------------------------------------------------------------------------
Time iteration 308: delta_t = 1.9730375901212e-08 [s], time = 6.10901879391564e-06 [s]
----------------------------------------------------------------------------------------------
P_inlet = 147.44301775741565 [bar], T_inlet = 597.0670163726579 [K], V_inlet = 92.72402995463351 [m/s]
P_outlet = 148.9375962752256 [bar], T_outlet = 598.7828743838809 [K], Ma_outlet = 0.20062556550787425
u_g_inlet = -0.37488571006285104 [m/s], u_in_inlet = 91.41988733698192 [m/s]
----------------------------------------------------------------------------------------------
----------------------------------------------------------------------------------------------
Time iteration 309: delta_t = 1.9729795653416524e-08 [s], time = 6.1287491698168526e-06 [s]
----------------------------------------------------------------------------------------------
P_inlet = 147.4441767637221 [bar], T_inlet = 597.0684017846032 [K], V_inlet = 92.69430527587596 [m/s]
P_outlet = 148.91395591054075 [bar], T_outlet = 598.7557243550409 [K], Ma_outlet = 0.20063003307629684
u_g_inlet = -0.3740786238378236 [m/s], u_in_inlet = 91.39575038745274 [m/s]
----------------------------------------------------------------------------------------------
----------------------------------------------------------------------------------------------
Time iteration 310: delta_t = 1.9729238840635043e-08 [s], time = 6.148478965470269e-06 [s]
----------------------------------------------------------------------------------------------
P_inlet = 147.44533931420565 [bar], T_inlet = 597.0697913368277 [K], V_inlet = 92.66456038173965 [m/s]
P_outlet = 148.89009519507968 [bar], T_outlet = 598.7283182814626 [K], Ma_outlet = 0.2006344518251768
u_g_inlet = -0.37328433267645267 [m/s], u_in_inlet = 91.37159859119002 [m/s]
----------------------------------------------------------------------------------------------
----------------------------------------------------------------------------------------------
Time iteration 311: delta_t = 1.972870490545165e-08 [s], time = 6.168208204310904e-06 [s]
----------------------------------------------------------------------------------------------
P_inlet = 147.44650547988456 [bar], T_inlet = 597.071185110015 [K], V_inlet = 92.63479555650595 [m/s]
P_outlet = 148.86601956166535 [bar], T_outlet = 598.7006623187327 [K], Ma_outlet = 0.2006388194479745
u_g_inlet = -0.3725030740089456 [m/s], u_in_inlet = 91.34743054162611 [m/s]
----------------------------------------------------------------------------------------------
----------------------------------------------------------------------------------------------
Time iteration 312: delta_t = 1.9728193295267822e-08 [s], time = 6.1879369092163555e-06 [s]
----------------------------------------------------------------------------------------------
P_inlet = 147.44767532763802 [bar], T_inlet = 597.0725831801067 [K], V_inlet = 92.60501107719884 [m/s]
P_outlet = 148.84173457276012 [bar], T_outlet = 598.6727627732378 [K], Ma_outlet = 0.20064313368065514
u_g_inlet = -0.37173508640519726 [m/s], u_in_inlet = 91.32324480415542 [m/s]
----------------------------------------------------------------------------------------------
----------------------------------------------------------------------------------------------
Time iteration 313: delta_t = 1.9727703462945312e-08 [s], time = 6.207665102511624e-06 [s]
----------------------------------------------------------------------------------------------
P_inlet = 147.44884892031004 [bar], T_inlet = 597.0739856184209 [K], V_inlet = 92.5752072139002 [m/s]
P_outlet = 148.8172459156326 [bar], T_outlet = 598.6446260967573 [K], Ma_outlet = 0.20064739230383377
u_g_inlet = -0.3709806092661987 [m/s], u_in_inlet = 91.29903991637502 [m/s]
----------------------------------------------------------------------------------------------
----------------------------------------------------------------------------------------------
Time iteration 314: delta_t = 1.9727234867372356e-08 [s], time = 6.227392805974569e-06 [s]
----------------------------------------------------------------------------------------------
P_inlet = 147.45002631681612 [bar], T_inlet = 597.0753924917749 [K], V_inlet = 92.54538423003167 [m/s]
P_outlet = 148.79255939741589 [bar], T_outlet = 598.6162588809277 [K], Ma_outlet = 0.20065159314484327
u_g_inlet = -0.3702398825012966 [m/s], u_in_inlet = 91.27481438837174 [m/s]
----------------------------------------------------------------------------------------------
----------------------------------------------------------------------------------------------
Time iteration 315: delta_t = 1.972678697395792e-08 [s], time = 6.247120040841941e-06 [s]
----------------------------------------------------------------------------------------------
P_inlet = 147.4512075722515 [bar], T_inlet = 597.0768038626074 [K], V_inlet = 92.5155423826488 [m/s]
P_outlet = 148.76768094006363 [bar], T_outlet = 598.5876678515888 [K], Ma_outlet = 0.20065573407972476
u_g_inlet = -0.3695131461919458 [m/s], u_in_inlet = 91.250566703056 [m/s]
----------------------------------------------------------------------------------------------
----------------------------------------------------------------------------------------------
Time iteration 316: delta_t = 1.972635925505859e-08 [s], time = 6.266846827815899e-06 [s]
----------------------------------------------------------------------------------------------
P_inlet = 147.45239273800127 [bar], T_inlet = 597.0782197891053 [K], V_inlet = 92.48568192271193 [m/s]
P_outlet = 148.74261657521228 [bar], T_outlet = 598.5588598630159 [K], Ma_outlet = 0.20065981303513633
u_g_inlet = -0.36880064024200454 [m/s], u_in_inlet = 91.22629531654327 [m/s]
----------------------------------------------------------------------------------------------
----------------------------------------------------------------------------------------------
Time iteration 317: delta_t = 1.9725951190283237e-08 [s], time = 6.286573187070958e-06 [s]
----------------------------------------------------------------------------------------------
P_inlet = 147.45358186185203 [bar], T_inlet = 597.0796403253316 [K], V_inlet = 92.45580309534623 [m/s]
P_outlet = 148.7173724389576 [bar], T_outlet = 598.5298418920522 [K], Ma_outlet = 0.20066382799018012
u_g_inlet = -0.36810260401311823 [m/s], u_in_inlet = 91.20199865858375 [m/s]
----------------------------------------------------------------------------------------------
----------------------------------------------------------------------------------------------
Time iteration 318: delta_t = 1.9725562266481257e-08 [s], time = 6.306299138261241e-06 [s]
----------------------------------------------------------------------------------------------
P_inlet = 147.454774988104 [bar], T_inlet = 597.0810655213528 [K], V_inlet = 92.42590614009065 [m/s]
P_outlet = 148.6919547665531 [bar], T_outlet = 598.5006210321463 [K], Ma_outlet = 0.2006677769781448
u_g_inlet = -0.3674192759645635 [m/s], u_in_inlet = 91.17767513303941 [m/s]
----------------------------------------------------------------------------------------------
----------------------------------------------------------------------------------------------
Time iteration 319: delta_t = 1.9725191978549812e-08 [s], time = 6.326024700527722e-06 [s]
----------------------------------------------------------------------------------------------
P_inlet = 147.45597215768456 [bar], T_inlet = 597.0824954233697 [K], V_inlet = 92.39599129113535 [m/s]
P_outlet = 148.6663698870385 [bar], T_outlet = 598.4712044873042 [K], Ma_outlet = 0.20067165808816242
u_g_inlet = -0.3667508932488713 [m/s], u_in_inlet = 91.15332311840695 [m/s]
----------------------------------------------------------------------------------------------
----------------------------------------------------------------------------------------------
Time iteration 320: delta_t = 1.9724839829524936e-08 [s], time = 6.345749892506272e-06 [s]
----------------------------------------------------------------------------------------------
P_inlet = 147.45717340826127 [bar], T_inlet = 597.0839300738461 [K], V_inlet = 92.3660587775479 [m/s]
P_outlet = 148.64062421780608 [bar], T_outlet = 598.441599565966 [K], Ma_outlet = 0.2006754694667778
u_g_inlet = -0.366097691355702 [m/s], u_in_inlet = 91.12894096841077 [m/s]
----------------------------------------------------------------------------------------------
----------------------------------------------------------------------------------------------
Time iteration 321: delta_t = 1.972450533073601e-08 [s], time = 6.365474732335797e-06 [s]
----------------------------------------------------------------------------------------------
P_inlet = 147.45837877435577 [bar], T_inlet = 597.0853695116396 [K], V_inlet = 92.33610882348862 [m/s]
P_outlet = 148.61472425911208 [bar], T_outlet = 598.411813674816 [K], Ma_outlet = 0.20067920931942998
u_g_inlet = -0.36545990369873943 [m/s], u_in_inlet = 91.10452701261069 [m/s]
----------------------------------------------------------------------------------------------
----------------------------------------------------------------------------------------------
Time iteration 322: delta_t = 1.9724188001904926e-08 [s], time = 6.385199237666533e-06 [s]
----------------------------------------------------------------------------------------------
P_inlet = 147.45958828745677 [bar], T_inlet = 597.0868137721309 [K], V_inlet = 92.30614164841509 [m/s]
P_outlet = 148.58867658854228 [bar], T_outlet = 598.3818543125317 [K], Ma_outlet = 0.200682875911844
u_g_inlet = -0.3648377612064168 [m/s], u_in_inlet = 91.08007955708005 [m/s]
----------------------------------------------------------------------------------------------
----------------------------------------------------------------------------------------------
Time iteration 323: delta_t = 1.97238873738101e-08 [s], time = 6.404923425668438e-06 [s]
----------------------------------------------------------------------------------------------
P_inlet = 147.46080197613344 [bar], T_inlet = 597.088262887354 [K], V_inlet = 92.27615746727696 [m/s]
P_outlet = 148.56248785543875 [bar], T_outlet = 598.3517290634859 [K], Ma_outlet = 0.20068646757133268
u_g_inlet = -0.36423149191152937 [m/s], u_in_inlet = 91.05559688512801 [m/s]
----------------------------------------------------------------------------------------------
----------------------------------------------------------------------------------------------
Time iteration 324: delta_t = 1.9723602990434637e-08 [s], time = 6.424647313042248e-06 [s]
----------------------------------------------------------------------------------------------
P_inlet = 147.4620198661473 [bar], T_inlet = 597.0897168861236 [K], V_inlet = 92.24615649069754 [m/s]
P_outlet = 148.53616477529343 [bar], T_outlet = 598.3214455914032 [K], Ma_outlet = 0.20068998268800792
u_g_inlet = -0.3636413205275394 [m/s], u_in_inlet = 91.03107725822103 [m/s]
----------------------------------------------------------------------------------------------
----------------------------------------------------------------------------------------------
Time iteration 325: delta_t = 1.9723334396586035e-08 [s], time = 6.444370916032682e-06 [s]
----------------------------------------------------------------------------------------------
P_inlet = 147.46324198056422 [bar], T_inlet = 597.091175794164 [K], V_inlet = 92.21613892514239 [m/s]
P_outlet = 148.50971412411528 [bar], T_outlet = 598.2910116329803 [K], Ma_outlet = 0.2006934197158999
u_g_inlet = -0.3630674680155641 [m/s], u_in_inlet = 91.00651891704133 [m/s]
----------------------------------------------------------------------------------------------
----------------------------------------------------------------------------------------------
Time iteration 326: delta_t = 1.9723081145660074e-08 [s], time = 6.4640942504292684e-06 [s]
----------------------------------------------------------------------------------------------
P_inlet = 147.4644683398649 [bar], T_inlet = 597.0926396342362 [K], V_inlet = 92.18610497309201 [m/s]
P_outlet = 148.48314273279306 [bar], T_outlet = 598.2604349914966 [K], Ma_outlet = 0.20069677717398512
u_g_inlet = -0.3625101511816293 [m/s], u_in_inlet = 90.98192008215214 [m/s]
----------------------------------------------------------------------------------------------
----------------------------------------------------------------------------------------------
Time iteration 327: delta_t = 1.9722842799562723e-08 [s], time = 6.483817331574929e-06 [s]
----------------------------------------------------------------------------------------------
P_inlet = 147.46569896205378 [bar], T_inlet = 597.0941084262618 [K], V_inlet = 92.15605483320111 [m/s]
P_outlet = 148.45645748144773 [bar], T_outlet = 598.229723530405 [K], Ma_outlet = 0.20070005364712112
u_g_inlet = -0.3619695822630476 [m/s], u_in_inlet = 90.95727895473962 [m/s]
----------------------------------------------------------------------------------------------
----------------------------------------------------------------------------------------------
Time iteration 328: delta_t = 1.9722618928645767e-08 [s], time = 6.503540174374491e-06 [s]
----------------------------------------------------------------------------------------------
P_inlet = 147.46693386276706 [bar], T_inlet = 597.0955821874481 [K], V_inlet = 92.12598870044641 [m/s]
P_outlet = 148.42966529378123 [bar], T_outlet = 598.1988851669134 [K], Ma_outlet = 0.20070324778688997
u_g_inlet = -0.3614459206819735 [m/s], u_in_inlet = 90.93259137042779 [m/s]
----------------------------------------------------------------------------------------------
----------------------------------------------------------------------------------------------
Time iteration 329: delta_t = 1.972240911163106e-08 [s], time = 6.523262793303137e-06 [s]
----------------------------------------------------------------------------------------------
P_inlet = 147.46817305537968 [bar], T_inlet = 597.0970609324089 [K], V_inlet = 92.09590676626551 [m/s]
P_outlet = 148.4027731314315 [bar], T_outlet = 598.1679278655654 [K], Ma_outlet = 0.20070635831234998
u_g_inlet = -0.3609393257447296 [m/s], u_in_inlet = 90.9078538793226 [m/s]
----------------------------------------------------------------------------------------------
----------------------------------------------------------------------------------------------
Time iteration 330: delta_t = 1.9722212935524426e-08 [s], time = 6.542985202414768e-06 [s]
----------------------------------------------------------------------------------------------
P_inlet = 147.46941655111019 [bar], T_inlet = 597.0985446732872 [K], V_inlet = 92.06580921868789 [m/s]
P_outlet = 148.3757879883419 [bar], T_outlet = 598.1368596318327 [K], Ma_outlet = 0.20070938401069596
u_g_inlet = -0.36044995489902015 [m/s], u_in_inlet = 90.88306277182447 [m/s]
----------------------------------------------------------------------------------------------
----------------------------------------------------------------------------------------------
Time iteration 331: delta_t = 1.9722029995519996e-08 [s], time = 6.562707415350292e-06 [s]
----------------------------------------------------------------------------------------------
P_inlet = 147.47066435912427 [bar], T_inlet = 597.1000334198718 [K], V_inlet = 92.03569624245762 [m/s]
P_outlet = 148.3487168851508 [bar], T_outlet = 598.1056885057224 [K], Ma_outlet = 0.20071232373782805
u_g_inlet = -0.3599779935208645 [m/s], u_in_inlet = 90.858216197393 [m/s]
----------------------------------------------------------------------------------------------
----------------------------------------------------------------------------------------------
Time iteration 332: delta_t = 1.972185989489626e-08 [s], time = 6.582429445345812e-06 [s]
----------------------------------------------------------------------------------------------
P_inlet = 147.47191648663681 [bar], T_inlet = 597.1015271797163 [K], V_inlet = 92.00556801914836 [m/s]
P_outlet = 148.321566863609 [bar], T_outlet = 598.0744225554092 [K], Ma_outlet = 0.20071517641882997
u_g_inlet = -0.35952361857831744 [m/s], u_in_inlet = 90.83331222174805 [m/s]
----------------------------------------------------------------------------------------------
----------------------------------------------------------------------------------------------
Time iteration 333: delta_t = 1.9721702244905393e-08 [s], time = 6.602151305240708e-06 [s]
----------------------------------------------------------------------------------------------
P_inlet = 147.4731729390118 [bar], T_inlet = 597.1030259582526 [K], V_inlet = 91.97542472727069 [m/s]
P_outlet = 148.29434498103132 [bar], T_outlet = 598.0430698709024 [K], Ma_outlet = 0.20071794104835752
u_g_inlet = -0.359087000711461 [m/s], u_in_inlet = 90.80834889970988 [m/s]
----------------------------------------------------------------------------------------------
----------------------------------------------------------------------------------------------
Time iteration 334: delta_t = 1.9721556664657364e-08 [s], time = 6.621873007485613e-06 [s]
----------------------------------------------------------------------------------------------
P_inlet = 147.47443371986054 [bar], T_inlet = 597.1045297589035 [K], V_inlet = 91.94526654237241 [m/s]
P_outlet = 148.2670583047889 [bar], T_outlet = 598.0116385577489 [K], Ma_outlet = 0.2007206166909379
u_g_inlet = -0.35866830376471837 [m/s], u_in_inlet = 90.78332427664925 [m/s]
----------------------------------------------------------------------------------------------
----------------------------------------------------------------------------------------------
Time iteration 335: delta_t = 1.9721422781000135e-08 [s], time = 6.641594564150271e-06 [s]
----------------------------------------------------------------------------------------------
P_inlet = 147.47569883113837 [bar], T_inlet = 597.106038583195 [K], V_inlet = 91.91509363713148 [m/s]
P_outlet = 148.23971390684866 [bar], T_outlet = 597.9801367307864 [K], Ma_outlet = 0.20072320248118086
u_g_inlet = -0.35826768431566103 [m/s], u_in_inlet = 90.75823638992074 [m/s]
----------------------------------------------------------------------------------------------
----------------------------------------------------------------------------------------------
Time iteration 336: delta_t = 1.9721300228397353e-08 [s], time = 6.661315986931271e-06 [s]
----------------------------------------------------------------------------------------------
P_inlet = 147.47696827323898 [bar], T_inlet = 597.1075524308633 [K], V_inlet = 91.88490618144216 [m/s]
P_outlet = 148.212318858366 [bar], T_outlet = 597.9485725079494 [K], Ma_outlet = 0.2007256976239029
u_g_inlet = -0.3578852912074514 [m/s], u_in_inlet = 90.73308327031368 [m/s]
----------------------------------------------------------------------------------------------
----------------------------------------------------------------------------------------------
Time iteration 337: delta_t = 1.9721188648804697e-08 [s], time = 6.681037287159668e-06 [s]
----------------------------------------------------------------------------------------------
P_inlet = 147.47824204508711 [bar], T_inlet = 597.1090712999621 [K], V_inlet = 91.85470434249474 [m/s]
P_outlet = 148.18488022433615 [bar], T_outlet = 597.9169540041364 [K], Ma_outlet = 0.20072810139416555
u_g_inlet = -0.35752126509189314 [m/s], u_in_inlet = 90.70786294352344 [m/s]
----------------------------------------------------------------------------------------------
----------------------------------------------------------------------------------------------
Time iteration 338: delta_t = 1.972108769154574e-08 [s], time = 6.700758475808472e-06 [s]
----------------------------------------------------------------------------------------------
P_inlet = 147.4795201442293 [bar], T_inlet = 597.1105951869665 [K], V_inlet = 91.82448828484856 [m/s]
P_outlet = 148.15740505831118 [bar], T_outlet = 597.8852893251433 [K], Ma_outlet = 0.20073041313722942
u_g_inlet = -0.3571757379888823 [m/s], u_in_inlet = 90.6825734316437 [m/s]
----------------------------------------------------------------------------------------------
----------------------------------------------------------------------------------------------
Time iteration 339: delta_t = 1.972099701318832e-08 [s], time = 6.720479563500018e-06 [s]
----------------------------------------------------------------------------------------------
P_inlet = 147.4808025669226 [bar], T_inlet = 597.1121240868756 [K], V_inlet = 91.79425817049899 [m/s]
P_outlet = 148.12990039718701 [bar], T_outlet = 597.8535865616734 [K], Ma_outlet = 0.2007326322684247
u_g_inlet = -0.3568488331137369 [m/s], u_in_inlet = 90.6572127642735 [m/s]
----------------------------------------------------------------------------------------------
----------------------------------------------------------------------------------------------
Time iteration 340: delta_t = 1.972091627742212e-08 [s], time = 6.740200560513206e-06 [s]
----------------------------------------------------------------------------------------------
P_inlet = 147.48208930822153 [bar], T_inlet = 597.1136579933114 [K], V_inlet = 91.76401415893845 [m/s]
P_outlet = 148.1023732560661 [bar], T_outlet = 597.821853783425 [K], Ma_outlet = 0.2007347582729407
u_g_inlet = -0.3565406642357053 [m/s], u_in_inlet = 90.6317789708644 [m/s]
----------------------------------------------------------------------------------------------
----------------------------------------------------------------------------------------------
Time iteration 341: delta_t = 1.972084515494014e-08 [s], time = 6.759921476790628e-06 [s]
----------------------------------------------------------------------------------------------
P_inlet = 147.48338036206306 [bar], T_inlet = 597.1151968986171 [K], V_inlet = 91.73375640721149 [m/s]
P_outlet = 148.07483062320168 [bar], T_outlet = 597.7900990332669 [K], Ma_outlet = 0.20073679070553532
u_g_inlet = -0.35625133664212 [m/s], u_in_inlet = 90.60627013255251 [m/s]
----------------------------------------------------------------------------------------------
----------------------------------------------------------------------------------------------
Time iteration 342: delta_t = 1.9720783323331837e-08 [s], time = 6.779642321945568e-06 [s]
----------------------------------------------------------------------------------------------
P_inlet = 147.48467572134942 [bar], T_inlet = 597.1167407939522 [K], V_inlet = 91.70348506996439 [m/s]
P_outlet = 148.04727945502725 [bar], T_outlet = 597.7583303215049 [K], Ma_outlet = 0.20073872919016617
u_g_inlet = -0.35598094405352615 [m/s], u_in_inlet = 90.5806842822913 [m/s]
----------------------------------------------------------------------------------------------
----------------------------------------------------------------------------------------------
Time iteration 343: delta_t = 1.9720730466942713e-08 [s], time = 6.7993631052689e-06 [s]
----------------------------------------------------------------------------------------------
P_inlet = 147.48597537802968 [bar], T_inlet = 597.1182896693865 [K], V_inlet = 91.67320029948918 [m/s]
P_outlet = 148.01972667127694 [bar], T_outlet = 597.7265556202454 [K], Ma_outlet = 0.20074057341954565
u_g_inlet = -0.35572956939584827 [m/s], u_in_inlet = 90.5550194475414 [m/s]
----------------------------------------------------------------------------------------------
----------------------------------------------------------------------------------------------
Time iteration 344: delta_t = 1.972068627676691e-08 [s], time = 6.8190838357358425e-06 [s]
----------------------------------------------------------------------------------------------
P_inlet = 147.4872793231788 [bar], T_inlet = 597.1198435139912 [K], V_inlet = 91.64290224576274 [m/s]
P_outlet = 147.9921791502011 [bar], T_outlet = 597.6947828578634 [K], Ma_outlet = 0.2007423231546216
u_g_inlet = -0.355497284736253 [m/s], u_in_inlet = 90.52927366182278 [m/s]
----------------------------------------------------------------------------------------------
----------------------------------------------------------------------------------------------
Time iteration 345: delta_t = 1.9720650450342602e-08 [s], time = 6.8388045220126095e-06 [s]
----------------------------------------------------------------------------------------------
P_inlet = 147.48858754707507 [bar], T_inlet = 597.1214023159272 [K], V_inlet = 91.61259105648045 [m/s]
P_outlet = 147.96464372388076 [bar], T_outlet = 597.6630199135751 [K], Ma_outlet = 0.2007439782239854
u_g_inlet = -0.35528415097076804 [m/s], u_in_inlet = 90.50344496595014 [m/s]
----------------------------------------------------------------------------------------------
----------------------------------------------------------------------------------------------
Time iteration 346: delta_t = 1.9720622691688723e-08 [s], time = 6.8585251724629525e-06 [s]
----------------------------------------------------------------------------------------------
P_inlet = 147.4899000392762 [bar], T_inlet = 597.1229660625334 [K], V_inlet = 91.58226687708515 [m/s]
P_outlet = 147.93712717364636 [bar], T_outlet = 597.6312746121285 [K], Ma_outlet = 0.2007455385232102
u_g_inlet = -0.3550902175436365 [m/s], u_in_inlet = 90.47753140965449 [m/s]
----------------------------------------------------------------------------------------------
----------------------------------------------------------------------------------------------
Time iteration 347: delta_t = 1.9720602707553617e-08 [s], time = 6.878245795154641e-06 [s]
----------------------------------------------------------------------------------------------
P_inlet = 147.49121678869295 [bar], T_inlet = 597.1245347404106 [K], V_inlet = 91.55192985079141 [m/s]
P_outlet = 147.90963622560236 [bar], T_outlet = 597.5995547186022 [K], Ma_outlet = 0.20074700401412
u_g_inlet = -0.35491552218815675 [m/s], u_in_inlet = 90.45153105320448 [m/s]
----------------------------------------------------------------------------------------------
----------------------------------------------------------------------------------------------
Time iteration 348: delta_t = 1.9720590185455167e-08 [s], time = 6.897966397862195e-06 [s]
----------------------------------------------------------------------------------------------
P_inlet = 147.49253778366162 [bar], T_inlet = 597.1261083355068 [K], V_inlet = 91.5215801186092 [m/s]
P_outlet = 147.88217754626788 [bar], T_outlet = 597.5678679333408 [K], Ma_outlet = 0.20074837472399404
u_g_inlet = -0.3547600906874431 [m/s], u_in_inlet = 90.42544196903609 [m/s]
----------------------------------------------------------------------------------------------
----------------------------------------------------------------------------------------------
Time iteration 349: delta_t = 1.9720584818352218e-08 [s], time = 6.9176869880476495e-06 [s]
----------------------------------------------------------------------------------------------
P_inlet = 147.49386301201346 [bar], T_inlet = 597.1276868331947 [K], V_inlet = 91.49121781938996 [m/s]
P_outlet = 147.85475773835316 [bar], T_outlet = 597.5362218870321 [K], Ma_outlet = 0.2007496507447057
u_g_inlet = -0.3546239366560144 [m/s], u_in_inlet = 90.39926224340026 [m/s]
----------------------------------------------------------------------------------------------
----------------------------------------------------------------------------------------------
Time iteration 350: delta_t = 1.9720586325196766e-08 [s], time = 6.937407572866002e-06 [s]
----------------------------------------------------------------------------------------------
P_inlet = 147.49519246114298 [bar], T_inlet = 597.1292702183521 [K], V_inlet = 91.46084308984827 [m/s]
P_outlet = 147.8273833366385 [bar], T_outlet = 597.5046241359023 [K], Ma_outlet = 0.20075083223180082
u_g_inlet = -0.35450706134246174 [m/s], u_in_inlet = 90.37298997800723 [m/s]
----------------------------------------------------------------------------------------------
----------------------------------------------------------------------------------------------
Time iteration 351: delta_t = 1.97205944478341e-08 [s], time = 6.957128159191199e-06 [s]
----------------------------------------------------------------------------------------------
P_inlet = 147.49652611807645 [bar], T_inlet = 597.1308584754397 [K], V_inlet = 91.43045606454594 [m/s]
P_outlet = 147.80006080394276 [bar], T_outlet = 597.4730821570063 [K], Ma_outlet = 0.20075191940351753
u_g_inlet = -0.3544094534528419 [m/s], u_in_inlet = 90.34662329163623 [m/s]
----------------------------------------------------------------------------------------------
----------------------------------------------------------------------------------------------
Time iteration 352: delta_t = 1.9720608932261312e-08 [s], time = 6.976848753639033e-06 [s]
----------------------------------------------------------------------------------------------
P_inlet = 147.49786396953886 [bar], T_inlet = 597.1324515885794 [K], V_inlet = 91.40005687586759 [m/s]
P_outlet = 147.77279652720858 [bar], T_outlet = 597.4416033436462 [K], Ma_outlet = 0.2007529125397493
u_g_inlet = -0.3543310889960109 [m/s], u_in_inlet = 90.32016032172558 [m/s]
----------------------------------------------------------------------------------------------
----------------------------------------------------------------------------------------------
Time iteration 353: delta_t = 1.9720629529235224e-08 [s], time = 6.996569362571295e-06 [s]
----------------------------------------------------------------------------------------------
P_inlet = 147.4992060020195 [bar], T_inlet = 597.1340495416284 [K], V_inlet = 91.3696456540152 [m/s]
P_outlet = 147.74559681373364 [bar], T_outlet = 597.4101950009547 [K], Ma_outlet = 0.20075381198095543
u_g_inlet = -0.3542719311505277 [m/s], u_in_inlet = 90.29359922596652 [m/s]
----------------------------------------------------------------------------------------------
----------------------------------------------------------------------------------------------
Time iteration 354: delta_t = 1.9720655994383346e-08 [s], time = 7.0162899921005294e-06 [s]
----------------------------------------------------------------------------------------------
P_inlet = 147.5005522018349 [bar], T_inlet = 597.1356523182536 [K], V_inlet = 91.33922252700496 [m/s]
P_outlet = 147.71846788753655 [bar], T_outlet = 597.3788643416278 [K], Ma_outlet = 0.2007546181270175
u_g_inlet = -0.35423193015383186 [m/s], u_in_inlet = 90.2669381838962 [m/s]
----------------------------------------------------------------------------------------------
----------------------------------------------------------------------------------------------
Time iteration 355: delta_t = 1.9720688088293713e-08 [s], time = 7.036010648094913e-06 [s]
----------------------------------------------------------------------------------------------
P_inlet = 147.5019025551909 [bar], T_inlet = 597.1372599020017 [K], V_inlet = 91.3087876206604 [m/s]
P_outlet = 147.69141588585111 [bar], T_outlet = 597.3476184817988 [K], Ma_outlet = 0.20075533143604618
u_g_inlet = -0.35421102321331294 [m/s], u_in_inlet = 90.2401753984744 [m/s]
----------------------------------------------------------------------------------------------
----------------------------------------------------------------------------------------------
Time iteration 356: delta_t = 1.972072557656461e-08 [s], time = 7.055731336183207e-06 [s]
----------------------------------------------------------------------------------------------
P_inlet = 147.50325704824365 [bar], T_inlet = 597.1388722763697 [K], V_inlet = 91.27834105860153 [m/s]
P_outlet = 147.66444685575365 [bar], T_outlet = 597.3164644370645 [K], Ma_outlet = 0.20075595242314273
u_g_inlet = -0.3542091344398524 [m/s], u_in_inlet = 90.21330909764163 [m/s]
----------------------------------------------------------------------------------------------
----------------------------------------------------------------------------------------------
Time iteration 357: delta_t = 1.9720768229817417e-08 [s], time = 7.0754520617597715e-06 [s]
----------------------------------------------------------------------------------------------
P_inlet = 147.50461566715916 [bar], T_inlet = 597.1404894248744 [K], V_inlet = 91.24788296223053 [m/s]
P_outlet = 147.63756675092165 [bar], T_outlet = 597.2854091186548 [K], Ma_outlet = 0.20075648165911456
u_g_inlet = -0.3542261748039374 [m/s], u_in_inlet = 90.1863375358556 [m/s]
----------------------------------------------------------------------------------------------
----------------------------------------------------------------------------------------------
Time iteration 358: delta_t = 1.9720815823678458e-08 [s], time = 7.095172829989589e-06 [s]
----------------------------------------------------------------------------------------------
P_inlet = 147.5059783981718 [bar], T_inlet = 597.1421113311193 [K], V_inlet = 91.2174134507139 [m/s]
P_outlet = 147.6107814285275 [bar], T_outlet = 597.2544593297564 [K], Ma_outlet = 0.2007569197691506
u_g_inlet = -0.3542620421141273 [m/s], u_in_inlet = 90.15925899560412 [m/s]
----------------------------------------------------------------------------------------------
----------------------------------------------------------------------------------------------
Time iteration 359: delta_t = 1.9720868138735827e-08 [s], time = 7.114893645813268e-06 [s]
----------------------------------------------------------------------------------------------
P_inlet = 147.50734522764216 [bar], T_inlet = 597.1437379788614 [K], V_inlet = 91.18693264096132 [m/s]
P_outlet = 147.58409664626825 [bar], T_outlet = 597.2236217619882 [K], Ma_outlet = 0.2007572674314569
u_g_inlet = -0.3543166210184874 [m/s], u_in_inlet = 90.1320717888912 [m/s]
----------------------------------------------------------------------------------------------
----------------------------------------------------------------------------------------------
Time iteration 360: delta_t = 1.97209249604765e-08 [s], time = 7.134614513952003e-06 [s]
----------------------------------------------------------------------------------------------
P_inlet = 147.50871614211377 [bar], T_inlet = 597.1453693520764 [K], V_inlet = 91.15644064760157 [m/s]
P_outlet = 147.5575180595307 [bar], T_outlet = 597.1929029920286 [K], Ma_outlet = 0.20075752537585548
u_g_inlet = -0.35438978302851154 [m/s], u_in_inlet = 90.10477425869423 [m/s]
----------------------------------------------------------------------------------------------
----------------------------------------------------------------------------------------------
Time iteration 361: delta_t = 1.9720986079207974e-08 [s], time = 7.154335438912479e-06 [s]
----------------------------------------------------------------------------------------------
P_inlet = 147.51009112836852 [bar], T_inlet = 597.1470054350236 [K], V_inlet = 91.12593758295525 [m/s]
P_outlet = 147.53105121869547 [bar], T_outlet = 597.1623094784017 [K], Ma_outlet = 0.20075769438235036
u_g_inlet = -0.35448138656491646 [m/s], u_in_inlet = 90.07736478038952 [m/s]
----------------------------------------------------------------------------------------------
----------------------------------------------------------------------------------------------
Time iteration 362: delta_t = 1.9721051289967507e-08 [s], time = 7.1740564249916875e-06 [s]
----------------------------------------------------------------------------------------------
P_inlet = 147.5114701734822 [bar], T_inlet = 597.1486462123089 [K], V_inlet = 91.09542355700466 [m/s]
P_outlet = 147.50470156657786 [bar], T_outlet = 597.1318475584155 [K], Ma_outlet = 0.20075777527966082
u_g_inlet = -0.35459127701752896 [m/s], u_in_inlet = 90.04984176314397 [m/s]
----------------------------------------------------------------------------------------------
----------------------------------------------------------------------------------------------
Time iteration 363: delta_t = 1.972112039242146e-08 [s], time = 7.193777476281655e-06 [s]
----------------------------------------------------------------------------------------------
P_inlet = 147.51285326487857 [bar], T_inlet = 597.1502916689478 [K], V_inlet = 91.06489867736096 [m/s]
P_outlet = 147.47847443600782 [bar], T_outlet = 597.1015234452593 [K], Ma_outlet = 0.20075776894372716
u_g_inlet = -0.3547192868417284 [m/s], u_in_inlet = 90.02220365127091 [m/s]
----------------------------------------------------------------------------------------------
----------------------------------------------------------------------------------------------
Time iteration 364: delta_t = 1.9721193190756168e-08 [s], time = 7.2134985966740765e-06 [s]
----------------------------------------------------------------------------------------------
P_inlet = 147.51424039038307 [bar], T_inlet = 597.1519417904276 [K], V_inlet = 91.03436304922845 [m/s]
P_outlet = 147.45237504765396 [bar], T_outlet = 597.0713432253796 [K], Ma_outlet = 0.20075767629713523
u_g_inlet = -0.3548652356998345 [m/s], u_in_inlet = 89.99444892554557 [m/s]
----------------------------------------------------------------------------------------------
----------------------------------------------------------------------------------------------
Time iteration 365: delta_t = 1.972126949356157e-08 [s], time = 7.233219789864833e-06 [s]
----------------------------------------------------------------------------------------------
P_inlet = 147.51563153827604 [bar], T_inlet = 597.1535965627686 [K], V_inlet = 91.00381677536656 [m/s]
P_outlet = 147.42640850786583 [bar], T_outlet = 597.0413128558737 [K], Ma_outlet = 0.20075749830728773
u_g_inlet = -0.35502893057440044 [m/s], u_in_inlet = 89.96657610448302 [m/s]
----------------------------------------------------------------------------------------------
----------------------------------------------------------------------------------------------
Time iteration 366: delta_t = 1.9721349113708274e-08 [s], time = 7.2529410593583945e-06 [s]
----------------------------------------------------------------------------------------------
P_inlet = 147.51702669734524 [bar], T_inlet = 597.1552559725847 [K], V_inlet = 90.97325995604898 [m/s]
P_outlet = 147.40057980648416 [bar], T_outlet = 597.0114381618466 [K], Ma_outlet = 0.20075723598319004
u_g_inlet = -0.35521016592596905 [m/s], u_in_inlet = 89.93858374557065 [m/s]
----------------------------------------------------------------------------------------------
----------------------------------------------------------------------------------------------
Time iteration 367: delta_t = 1.972143186821859e-08 [s], time = 7.272662408472103e-06 [s]
----------------------------------------------------------------------------------------------
P_inlet = 147.51842585693828 [bar], T_inlet = 597.156920007144 [K], V_inlet = 90.94269268902048 [m/s]
P_outlet = 147.37489381495558 [bar], T_outlet = 596.981724834114 [K], Ma_outlet = 0.20075689037416988
u_g_inlet = -0.35540872387242994 [m/s], u_in_inlet = 89.91047044645663 [m/s]
----------------------------------------------------------------------------------------------
----------------------------------------------------------------------------------------------
Time iteration 368: delta_t = 1.9721517578131837e-08 [s], time = 7.292383840340321e-06 [s]
----------------------------------------------------------------------------------------------
P_inlet = 147.51982900701427 [bar], T_inlet = 597.158588654429 [K], V_inlet = 90.91211506945149 [m/s]
P_outlet = 147.34935528471505 [bar], T_outlet = 596.9521784272149 [K], Ma_outlet = 0.2007564625689601
u_g_inlet = -0.35562437438957245 [m/s], u_in_inlet = 89.88223484609182 [m/s]
----------------------------------------------------------------------------------------------
----------------------------------------------------------------------------------------------
Time iteration 369: delta_t = 1.9721606068364065e-08 [s], time = 7.312105357918454e-06 [s]
----------------------------------------------------------------------------------------------
P_inlet = 147.5212361381954 [bar], T_inlet = 597.1602619031959 [K], V_inlet = 90.88152718989008 [m/s]
P_outlet = 147.32396884559375 [bar], T_outlet = 596.9228043574519 [K], Ma_outlet = 0.20075595369407823
u_g_inlet = -0.35585687553191764 [m/s], u_in_inlet = 89.85387562582295 [m/s]
----------------------------------------------------------------------------------------------
----------------------------------------------------------------------------------------------
Time iteration 370: delta_t = 1.9721697167562594e-08 [s], time = 7.3318269639868174e-06 [s]
----------------------------------------------------------------------------------------------
P_inlet = 147.52264724181856 [bar], T_inlet = 597.1619397430338 [K], V_inlet = 90.85092914021178 [m/s]
P_outlet = 147.29873900436317 [bar], T_outlet = 596.8936079010869 [K], Ma_outlet = 0.20075536491220003
u_g_inlet = -0.35610597367363434 [m/s], u_in_inlet = 89.825391510436 [m/s]
----------------------------------------------------------------------------------------------
----------------------------------------------------------------------------------------------
Time iteration 371: delta_t = 1.9721790707955182e-08 [s], time = 7.35154866115438e-06 [s]
----------------------------------------------------------------------------------------------
P_inlet = 147.52406230998653 [bar], T_inlet = 597.1636221644244 [K], V_inlet = 90.82032100756739 [m/s]
P_outlet = 147.27367014341337 [bar], T_outlet = 596.8645941926914 [K], Ma_outlet = 0.20075469742052524
u_g_inlet = -0.3563714037692333 [m/s], u_in_inlet = 89.7967812691474 [m/s]
----------------------------------------------------------------------------------------------
----------------------------------------------------------------------------------------------
Time iteration 372: delta_t = 1.972188652519426e-08 [s], time = 7.371270451862335e-06 [s]
----------------------------------------------------------------------------------------------
P_inlet = 147.5254813356191 [bar], T_inlet = 597.1653091588017 [K], V_inlet = 90.7897028763283 [m/s]
P_outlet = 147.24876651956558 [bar], T_outlet = 596.8357682236501 [K], Ma_outlet = 0.2007539524491347
u_g_inlet = -0.3566528896326144 [m/s], u_in_inlet = 89.76804371654237 [m/s]
----------------------------------------------------------------------------------------------
----------------------------------------------------------------------------------------------
Time iteration 373: delta_t = 1.97219844581962e-08 [s], time = 7.3909923383875294e-06 [s]
----------------------------------------------------------------------------------------------
P_inlet = 147.52690431250448 [bar], T_inlet = 597.1670007186101 [K], V_inlet = 90.75907482802998 [m/s]
P_outlet = 147.22403226301662 [bar], T_outlet = 596.8071348408189 [K], Ma_outlet = 0.2007531312593444
u_g_inlet = -0.3569501442348711 [m/s], u_in_inlet = 89.73917771345862 [m/s]
----------------------------------------------------------------------------------------------
----------------------------------------------------------------------------------------------
Time iteration 374: delta_t = 1.9722084348975897e-08 [s], time = 7.410714322845725e-06 [s]
----------------------------------------------------------------------------------------------
P_inlet = 147.52833123535055 [bar], T_inlet = 597.1686968373649 [K], V_inlet = 90.7284369413131 [m/s]
P_outlet = 147.19947137641486 [bar], T_outlet = 596.778698745331 [K], Ma_outlet = 0.2007522351420576
u_g_inlet = -0.3572628700195156 [m/s], u_in_inlet = 89.71018216781418 [m/s]
----------------------------------------------------------------------------------------------
----------------------------------------------------------------------------------------------
Time iteration 375: delta_t = 1.9722186042476792e-08 [s], time = 7.430436407194701e-06 [s]
----------------------------------------------------------------------------------------------
P_inlet = 147.52976209983643 [bar], T_inlet = 597.1703975097107 [K], V_inlet = 90.697789291863 [m/s]
P_outlet = 147.17508773406524 [bar], T_outlet = 596.750464491555 [K], Ma_outlet = 0.2007512654161148
u_g_inlet = -0.35759075923460465 [m/s], u_in_inlet = 89.68105603537875 [m/s]
----------------------------------------------------------------------------------------------
----------------------------------------------------------------------------------------------
Time iteration 376: delta_t = 1.9722289386396667e-08 [s], time = 7.450158593237178e-06 [s]
----------------------------------------------------------------------------------------------
P_inlet = 147.53119690266413 [bar], T_inlet = 597.1721027314829 [K], V_inlet = 90.6671319523468 [m/s]
P_outlet = 147.15088508126183 [bar], T_outlet = 596.7224364861995 [K], Ma_outlet = 0.20075022342664883
u_g_inlet = -0.3579334942809641 [m/s], u_in_inlet = 89.6517983204868 [m/s]
----------------------------------------------------------------------------------------------
----------------------------------------------------------------------------------------------
Time iteration 377: delta_t = 1.9722394231009363e-08 [s], time = 7.469880882623575e-06 [s]
----------------------------------------------------------------------------------------------
P_inlet = 147.53263564161082 [bar], T_inlet = 597.1738124997668 [K], V_inlet = 90.63646499234866 [m/s]
P_outlet = 147.12686703374652 [bar], T_outlet = 596.6946189875639 [K], Ma_outlet = 0.2007491105434415
u_g_inlet = -0.3582907480756134 [m/s], u_in_inlet = 89.62240807669252 [m/s]
----------------------------------------------------------------------------------------------
----------------------------------------------------------------------------------------------
Time iteration 378: delta_t = 1.972250042898284e-08 [s], time = 7.489603276854584e-06 [s]
----------------------------------------------------------------------------------------------
P_inlet = 147.53407831558107 [bar], T_inlet = 597.1755268129584 [K], V_inlet = 90.60578847830317 [m/s]
P_outlet = 147.10303707729122 [bar], T_outlet = 596.6670161049313 [K], Ma_outlet = 0.2007479281592883
u_g_inlet = -0.3586621844300047 [m/s], u_in_inlet = 89.5928844073651 [m/s]
----------------------------------------------------------------------------------------------
----------------------------------------------------------------------------------------------
Time iteration 379: delta_t = 1.9722607835193886e-08 [s], time = 7.509325777283567e-06 [s]
----------------------------------------------------------------------------------------------
P_inlet = 147.53552492465968 [bar], T_inlet = 597.1772456708253 [K], V_inlet = 90.5751024734267 [m/s]
P_outlet = 147.07939856740197 [bar], T_outlet = 596.6396317981068 [K], Ma_outlet = 0.20074667768837012
u_g_inlet = -0.35904745844158426 [m/s], u_in_inlet = 89.56322646622412 [m/s]
----------------------------------------------------------------------------------------------
----------------------------------------------------------------------------------------------
Time iteration 380: delta_t = 1.97227163065398e-08 [s], time = 7.529048385118761e-06 [s]
----------------------------------------------------------------------------------------------
P_inlet = 147.53697547016543 [bar], T_inlet = 597.1789690745701 [K], V_inlet = 90.54440703764679 [m/s]
P_outlet = 147.0559547291422 [bar], T_outlet = 596.6124698770899 [K], Ma_outlet = 0.20074536056463588
u_g_inlet = -0.35944621689829276 [m/s], u_in_inlet = 89.53343345781498 [m/s]
----------------------------------------------------------------------------------------------
----------------------------------------------------------------------------------------------
Time iteration 381: delta_t = 1.9722825701747485e-08 [s], time = 7.548771101425301e-06 [s]
----------------------------------------------------------------------------------------------
P_inlet = 147.53842995470455 [bar], T_inlet = 597.1806970268906 [K], V_inlet = 90.51370222752979 [m/s]
P_outlet = 147.0327086570742 [bar], T_outlet = 596.5855340018886 [K], Ma_outlet = 0.20074397824019674
u_g_inlet = -0.3598580986946902 [m/s], u_in_inlet = 89.50350463792311 [m/s]
----------------------------------------------------------------------------------------------
----------------------------------------------------------------------------------------------
Time iteration 382: delta_t = 1.9722935881180478e-08 [s], time = 7.568493927127048e-06 [s]
----------------------------------------------------------------------------------------------
P_inlet = 147.53988838222574 [bar], T_inlet = 597.1824295320444 [K], V_inlet = 90.48298809620651 [m/s]
P_outlet = 147.00966331531404 [bar], T_outlet = 596.5588276824636 [K], Ma_outlet = 0.2007425321837341
u_g_inlet = -0.3602827352592751 [m/s], u_in_inlet = 89.47343931392767 [m/s]
----------------------------------------------------------------------------------------------
----------------------------------------------------------------------------------------------
Time iteration 383: delta_t = 1.9723046706644177e-08 [s], time = 7.588216863008228e-06 [s]
----------------------------------------------------------------------------------------------
P_inlet = 147.5413507580752 [bar], T_inlet = 597.1841665959126 [K], V_inlet = 90.4522646932959 [m/s]
P_outlet = 146.98682153770002 [bar], T_outlet = 596.5323542788067 [K], Ma_outlet = 0.20074102387892312
u_g_inlet = -0.3607197501034967 [m/s], u_in_inlet = 89.44323685786746 [m/s]
----------------------------------------------------------------------------------------------
----------------------------------------------------------------------------------------------
Time iteration 384: delta_t = 1.972315804119e-08 [s], time = 7.607939909714872e-06 [s]
----------------------------------------------------------------------------------------------
P_inlet = 147.54281708905282 [bar], T_inlet = 597.1859082260653 [K], V_inlet = 90.421532064827 [m/s]
P_outlet = 146.96418602807057 [bar], T_outlet = 596.5061170011464 [K], Ma_outlet = 0.20073945482287348
u_g_inlet = -0.3611687602947798 [m/s], u_in_inlet = 89.41289670308818 [m/s]
----------------------------------------------------------------------------------------------
----------------------------------------------------------------------------------------------
Time iteration 385: delta_t = 1.9723269748918795e-08 [s], time = 7.627663067756062e-06 [s]
----------------------------------------------------------------------------------------------
P_inlet = 147.54428738346925 [bar], T_inlet = 597.1876544318259 [K], V_inlet = 90.39079025315891 [m/s]
P_outlet = 146.94175936064912 [bar], T_outlet = 596.4801189102812 [K], Ma_outlet = 0.20073782652458932
u_g_inlet = -0.36162937567347664 [m/s], u_in_inlet = 89.3824183435438 [m/s]
----------------------------------------------------------------------------------------------
----------------------------------------------------------------------------------------------
Time iteration 386: delta_t = 1.9723381694784148e-08 [s], time = 7.647386337504981e-06 [s]
----------------------------------------------------------------------------------------------
P_inlet = 147.54576165120326 [bar], T_inlet = 597.1894052243392 [K], V_inlet = 90.3600392968989 [m/s]
P_outlet = 146.9195439805336 [bar], T_outlet = 596.4543629180329 [K], Ma_outlet = 0.20073614050344807
u_g_inlet = -0.36210120293138126 [m/s], u_in_inlet = 89.35180129458062 [m/s]
----------------------------------------------------------------------------------------------
----------------------------------------------------------------------------------------------
Time iteration 387: delta_t = 1.9723493744396098e-08 [s], time = 7.667109719199766e-06 [s]
----------------------------------------------------------------------------------------------
P_inlet = 147.54723990376084 [bar], T_inlet = 597.19116061664 [K], V_inlet = 90.32927923081851 [m/s]
P_outlet = 146.89754220428787 [bar], T_outlet = 596.4288517878224 [K], Ma_outlet = 0.2007343982877032
u_g_inlet = -0.36258384359369056 [m/s], u_in_inlet = 89.32104512500617 [m/s]
----------------------------------------------------------------------------------------------
----------------------------------------------------------------------------------------------
Time iteration 388: delta_t = 1.9723605763901244e-08 [s], time = 7.686833212944162e-06 [s]
----------------------------------------------------------------------------------------------
P_inlet = 147.54872215433474 [bar], T_inlet = 597.19292062372 [K], V_inlet = 90.29851008576797 [m/s]
P_outlet = 146.87575622063176 [bar], T_outlet = 596.4035881353614 [K], Ma_outlet = 0.20073260141300775
u_g_inlet = -0.36307689435481366 [m/s], u_in_inlet = 89.2901494561302 [m/s]
----------------------------------------------------------------------------------------------
----------------------------------------------------------------------------------------------
Time iteration 389: delta_t = 1.9723717620348383e-08 [s], time = 7.706556818708064e-06 [s]
----------------------------------------------------------------------------------------------
P_inlet = 147.55020841786515 [bar], T_inlet = 597.1946852626004 [K], V_inlet = 90.26773188858834 [m/s]
P_outlet = 146.85418809122692 [bar], T_outlet = 596.3785744294561 [K], Ma_outlet = 0.20073075142096444
u_g_inlet = -0.363579947562757 [m/s], u_in_inlet = 89.25911396167702 [m/s]
----------------------------------------------------------------------------------------------
----------------------------------------------------------------------------------------------
Time iteration 390: delta_t = 1.9723829180618682e-08 [s], time = 7.726280536328412e-06 [s]
----------------------------------------------------------------------------------------------
P_inlet = 147.55169871110178 [bar], T_inlet = 597.1964545524019 [K], V_inlet = 90.23694466202129 [m/s]
P_outlet = 146.83283975155555 [bar], T_outlet = 596.3538129929234 [K], Ma_outlet = 0.20072884985770031
u_g_inlet = -0.36409259156797247 [m/s], u_in_inlet = 89.22793836764563 [m/s]
----------------------------------------------------------------------------------------------
----------------------------------------------------------------------------------------------
Time iteration 391: delta_t = 1.97239403113238e-08 [s], time = 7.746004365509031e-06 [s]
----------------------------------------------------------------------------------------------
P_inlet = 147.55319305266664 [bar], T_inlet = 597.1982285144188 [K], V_inlet = 90.20614842461747 [m/s]
P_outlet = 146.8117130118895 [bar], T_outlet = 596.3293060036112 [K], Ma_outlet = 0.2007268982724683
u_g_inlet = -0.3646144110899611 [m/s], u_in_inlet = 89.19662245206338 [m/s]
----------------------------------------------------------------------------------------------
----------------------------------------------------------------------------------------------
Time iteration 392: delta_t = 1.9724050878656523e-08 [s], time = 7.765728305820355e-06 [s]
----------------------------------------------------------------------------------------------
P_inlet = 147.55469146311813 [bar], T_inlet = 597.2000071721923 [K], V_inlet = 90.17534319064342 [m/s]
P_outlet = 146.7908095583469 [bar], T_outlet = 596.3050554955262 [K], Ma_outlet = 0.2007248982162779
u_g_inlet = -0.3651449878576436 [m/s], u_in_inlet = 89.16516604501463 [m/s]
----------------------------------------------------------------------------------------------
----------------------------------------------------------------------------------------------
Time iteration 393: delta_t = 1.9724160748240884e-08 [s], time = 7.785452356699012e-06 [s]
----------------------------------------------------------------------------------------------
P_inlet = 147.55619396501658 [bar], T_inlet = 597.2017905515866 [K], V_inlet = 90.1445289699863 [m/s]
P_outlet = 146.77013095403186 [bar], T_outlet = 596.281063360057 [K], Ma_outlet = 0.2007228512405536
u_g_inlet = -0.3656839013286469 [m/s], u_in_inlet = 89.1335690281147 [m/s]
----------------------------------------------------------------------------------------------
----------------------------------------------------------------------------------------------
Time iteration 394: delta_t = 1.972426978498051e-08 [s], time = 7.805176517447253e-06 [s]
----------------------------------------------------------------------------------------------
P_inlet = 147.55770058299078 [bar], T_inlet = 597.2035786808653 [K], V_inlet = 90.11370576805646 [m/s]
P_outlet = 146.74967864025652 [bar], T_outlet = 596.2573313472985 [K], Ma_outlet = 0.2007207588958244
u_g_inlet = -0.36623072918147603 [m/s], u_in_inlet = 89.10183133406692 [m/s]
----------------------------------------------------------------------------------------------
----------------------------------------------------------------------------------------------
Time iteration 395: delta_t = 1.9724377852906617e-08 [s], time = 7.824900787232233e-06 [s]
----------------------------------------------------------------------------------------------
P_inlet = 147.5592113438056 [bar], T_inlet = 597.2053715907717 [K], V_inlet = 90.08287358568815 [m/s]
P_outlet = 146.7294539378394 [bar], T_outlet = 596.2338610674669 [K], Ma_outlet = 0.2007186227304444
u_g_inlet = -0.3667850477279831 [m/s], u_in_inlet = 89.069952946284 [m/s]
----------------------------------------------------------------------------------------------
----------------------------------------------------------------------------------------------
Time iteration 396: delta_t = 1.972448481502599e-08 [s], time = 7.84462516508514e-06 [s]
----------------------------------------------------------------------------------------------
P_inlet = 147.56072627643158 [bar], T_inlet = 597.2071693146065 [K], V_inlet = 90.05203241903797 [m/s]
P_outlet = 146.7094580484788 [bar], T_outlet = 596.2106539924032 [K], Ma_outlet = 0.2007164442893443
u_g_inlet = -0.3673464323851769 [m/s], u_in_inlet = 89.03793389851513 [m/s]
----------------------------------------------------------------------------------------------
----------------------------------------------------------------------------------------------
Time iteration 397: delta_t = 1.972459053315592e-08 [s], time = 7.864349649900167e-06 [s]
----------------------------------------------------------------------------------------------
P_inlet = 147.56224541211515 [bar], T_inlet = 597.208971888311 [K], V_inlet = 90.02118225948142 [m/s]
P_outlet = 146.68969205619848 [bar], T_outlet = 596.1877114571644 [K], Ma_outlet = 0.2007142251128161
u_g_inlet = -0.3679144581603887 [m/s], u_in_inlet = 89.00577427433129 [m/s]
----------------------------------------------------------------------------------------------
----------------------------------------------------------------------------------------------
Time iteration 398: delta_t = 1.9724205116129393e-08 [s], time = 7.884074240433323e-06 [s]
----------------------------------------------------------------------------------------------
P_inlet = 147.5637687844507 [bar], T_inlet = 597.2107793505502 [K], V_inlet = 89.99032309350719 [m/s]
P_outlet = 146.67015692886065 [bar], T_outlet = 596.1650346616968 [K], Ma_outlet = 0.20071196673533204
u_g_inlet = -0.3684887001232211 [m/s], u_in_inlet = 88.97347420655969 [m/s]
----------------------------------------------------------------------------------------------
----------------------------------------------------------------------------------------------
Time iteration 399: delta_t = 1.9723189128302448e-08 [s], time = 7.903798445549452e-06 [s]
----------------------------------------------------------------------------------------------
P_inlet = 147.56529640530266 [bar], T_inlet = 597.2125917144955 [K], V_inlet = 89.9594554771187 [m/s]
P_outlet = 146.65085385303067 [bar], T_outlet = 596.1426250595973 [K], Ma_outlet = 0.20070967071821608
u_g_inlet = -0.3690687308703388 [m/s], u_in_inlet = 88.94103427707344 [m/s]
----------------------------------------------------------------------------------------------
Data output at time: t = 7.923521634677754e-06 [s]
RHEA: END SIMULATION
